ISO-10303-21;
HEADER;
/* Generated by software containing ST-Developer
 * from STEP Tools, Inc. (www.steptools.com) 
 */
/* OPTION: using custom renumber hook */

FILE_DESCRIPTION(
/* description */ ('STEP AP242 Edition 2',
'CAx-IF Rec.Pracs.---Representation and Presentation of Product Manufa
cturing Information (PMI)---4.0---2014-10-13',
'CAx-IF Rec.Pracs.---3D Tessellated Geometry---0.4---2014-09-14','2;1',
'CAx-IF Rec.Pracs.---User Defined Attributes---1.5---2016-08-15'),
/* implementation_level */ '2;1');

FILE_NAME(
/* name */ 'Hexarm - Leader - Link4 Leader',
/* time_stamp */ '2026-08-09T23:34:54Z',
/* author */ (''),
/* organization */ (''),
/* preprocessor_version */ 'ST-DEVELOPER v20',
/* originating_system */ 'ONSHAPE BY PTC INC, 1.219',
/* authorisation */ '  ');

FILE_SCHEMA (('AP242_MANAGED_MODEL_BASED_3D_ENGINEERING_MIM_LF { 1 0 10303 442 3 1 4 }'));
ENDSEC;

DATA;
#10=SHAPE_REPRESENTATION_RELATIONSHIP('','',#1881,#11);
#11=ADVANCED_BREP_SHAPE_REPRESENTATION('',(#1879),#3015);
#12=CYLINDRICAL_SURFACE('',#1911,0.001);
#13=CYLINDRICAL_SURFACE('',#1915,0.002);
#14=CYLINDRICAL_SURFACE('',#1916,0.001);
#15=CYLINDRICAL_SURFACE('',#1920,0.002);
#16=CYLINDRICAL_SURFACE('',#1941,0.001);
#17=CYLINDRICAL_SURFACE('',#1945,0.002);
#18=CYLINDRICAL_SURFACE('',#1946,0.001);
#19=CYLINDRICAL_SURFACE('',#1950,0.002);
#20=CYLINDRICAL_SURFACE('',#1967,0.0016);
#21=CYLINDRICAL_SURFACE('',#1970,0.0016);
#22=CYLINDRICAL_SURFACE('',#1973,0.0016);
#23=CYLINDRICAL_SURFACE('',#1976,0.0016);
#24=CYLINDRICAL_SURFACE('',#1979,0.0016);
#25=CYLINDRICAL_SURFACE('',#1982,0.003525000000003);
#26=CYLINDRICAL_SURFACE('',#1985,0.0016);
#27=CYLINDRICAL_SURFACE('',#1988,0.0016);
#28=CYLINDRICAL_SURFACE('',#1991,0.0016);
#29=CYLINDRICAL_SURFACE('',#1994,0.0016);
#30=CIRCLE('',#1887,0.002);
#31=CIRCLE('',#1888,0.002);
#32=CIRCLE('',#1897,0.001);
#33=CIRCLE('',#1899,0.001);
#34=CIRCLE('',#1903,0.002);
#35=CIRCLE('',#1904,0.002);
#36=CIRCLE('',#1912,0.001);
#37=CIRCLE('',#1914,0.002);
#38=CIRCLE('',#1917,0.001);
#39=CIRCLE('',#1919,0.002);
#40=CIRCLE('',#1935,0.001);
#41=CIRCLE('',#1937,0.001);
#42=CIRCLE('',#1942,0.001);
#43=CIRCLE('',#1944,0.002);
#44=CIRCLE('',#1947,0.001);
#45=CIRCLE('',#1949,0.002);
#46=CIRCLE('',#1968,0.0016);
#47=CIRCLE('',#1969,0.0016);
#48=CIRCLE('',#1971,0.0016);
#49=CIRCLE('',#1972,0.0016);
#50=CIRCLE('',#1974,0.0016);
#51=CIRCLE('',#1975,0.0016);
#52=CIRCLE('',#1977,0.0016);
#53=CIRCLE('',#1978,0.0016);
#54=CIRCLE('',#1980,0.0016);
#55=CIRCLE('',#1981,0.0016);
#56=CIRCLE('',#1983,0.003525000000003);
#57=CIRCLE('',#1984,0.003525000000003);
#58=CIRCLE('',#1986,0.0016);
#59=CIRCLE('',#1987,0.0016);
#60=CIRCLE('',#1989,0.0016);
#61=CIRCLE('',#1990,0.0016);
#62=CIRCLE('',#1992,0.0016);
#63=CIRCLE('',#1993,0.0016);
#64=CIRCLE('',#1995,0.0016);
#65=CIRCLE('',#1996,0.0016);
#66=ORIENTED_EDGE('',*,*,#558,.F.);
#67=ORIENTED_EDGE('',*,*,#559,.T.);
#68=ORIENTED_EDGE('',*,*,#560,.T.);
#69=ORIENTED_EDGE('',*,*,#561,.T.);
#70=ORIENTED_EDGE('',*,*,#562,.T.);
#71=ORIENTED_EDGE('',*,*,#563,.T.);
#72=ORIENTED_EDGE('',*,*,#564,.F.);
#73=ORIENTED_EDGE('',*,*,#565,.F.);
#74=ORIENTED_EDGE('',*,*,#566,.F.);
#75=ORIENTED_EDGE('',*,*,#567,.T.);
#76=ORIENTED_EDGE('',*,*,#568,.T.);
#77=ORIENTED_EDGE('',*,*,#569,.F.);
#78=ORIENTED_EDGE('',*,*,#570,.F.);
#79=ORIENTED_EDGE('',*,*,#571,.F.);
#80=ORIENTED_EDGE('',*,*,#572,.T.);
#81=ORIENTED_EDGE('',*,*,#573,.T.);
#82=ORIENTED_EDGE('',*,*,#574,.F.);
#83=ORIENTED_EDGE('',*,*,#575,.F.);
#84=ORIENTED_EDGE('',*,*,#576,.F.);
#85=ORIENTED_EDGE('',*,*,#577,.T.);
#86=ORIENTED_EDGE('',*,*,#578,.T.);
#87=ORIENTED_EDGE('',*,*,#579,.F.);
#88=ORIENTED_EDGE('',*,*,#580,.T.);
#89=ORIENTED_EDGE('',*,*,#559,.F.);
#90=ORIENTED_EDGE('',*,*,#581,.T.);
#91=ORIENTED_EDGE('',*,*,#582,.F.);
#92=ORIENTED_EDGE('',*,*,#583,.F.);
#93=ORIENTED_EDGE('',*,*,#584,.T.);
#94=ORIENTED_EDGE('',*,*,#585,.T.);
#95=ORIENTED_EDGE('',*,*,#586,.F.);
#96=ORIENTED_EDGE('',*,*,#587,.T.);
#97=ORIENTED_EDGE('',*,*,#588,.T.);
#98=ORIENTED_EDGE('',*,*,#589,.F.);
#99=ORIENTED_EDGE('',*,*,#590,.T.);
#100=ORIENTED_EDGE('',*,*,#591,.T.);
#101=ORIENTED_EDGE('',*,*,#592,.F.);
#102=ORIENTED_EDGE('',*,*,#593,.F.);
#103=ORIENTED_EDGE('',*,*,#594,.T.);
#104=ORIENTED_EDGE('',*,*,#595,.T.);
#105=ORIENTED_EDGE('',*,*,#596,.F.);
#106=ORIENTED_EDGE('',*,*,#597,.F.);
#107=ORIENTED_EDGE('',*,*,#598,.F.);
#108=ORIENTED_EDGE('',*,*,#599,.T.);
#109=ORIENTED_EDGE('',*,*,#600,.T.);
#110=ORIENTED_EDGE('',*,*,#601,.F.);
#111=ORIENTED_EDGE('',*,*,#602,.F.);
#112=ORIENTED_EDGE('',*,*,#603,.T.);
#113=ORIENTED_EDGE('',*,*,#583,.T.);
#114=ORIENTED_EDGE('',*,*,#604,.F.);
#115=ORIENTED_EDGE('',*,*,#605,.T.);
#116=ORIENTED_EDGE('',*,*,#606,.T.);
#117=ORIENTED_EDGE('',*,*,#586,.T.);
#118=ORIENTED_EDGE('',*,*,#607,.T.);
#119=ORIENTED_EDGE('',*,*,#608,.T.);
#120=ORIENTED_EDGE('',*,*,#609,.F.);
#121=ORIENTED_EDGE('',*,*,#610,.F.);
#122=ORIENTED_EDGE('',*,*,#611,.T.);
#123=ORIENTED_EDGE('',*,*,#612,.T.);
#124=ORIENTED_EDGE('',*,*,#613,.T.);
#125=ORIENTED_EDGE('',*,*,#614,.F.);
#126=ORIENTED_EDGE('',*,*,#615,.T.);
#127=ORIENTED_EDGE('',*,*,#616,.F.);
#128=ORIENTED_EDGE('',*,*,#617,.F.);
#129=ORIENTED_EDGE('',*,*,#618,.F.);
#130=ORIENTED_EDGE('',*,*,#613,.F.);
#131=ORIENTED_EDGE('',*,*,#619,.T.);
#132=ORIENTED_EDGE('',*,*,#616,.T.);
#133=ORIENTED_EDGE('',*,*,#620,.F.);
#134=ORIENTED_EDGE('',*,*,#621,.T.);
#135=ORIENTED_EDGE('',*,*,#622,.T.);
#136=ORIENTED_EDGE('',*,*,#623,.F.);
#137=ORIENTED_EDGE('',*,*,#624,.F.);
#138=ORIENTED_EDGE('',*,*,#625,.F.);
#139=ORIENTED_EDGE('',*,*,#626,.T.);
#140=ORIENTED_EDGE('',*,*,#589,.T.);
#141=ORIENTED_EDGE('',*,*,#627,.T.);
#142=ORIENTED_EDGE('',*,*,#628,.T.);
#143=ORIENTED_EDGE('',*,*,#629,.T.);
#144=ORIENTED_EDGE('',*,*,#630,.T.);
#145=ORIENTED_EDGE('',*,*,#631,.T.);
#146=ORIENTED_EDGE('',*,*,#632,.T.);
#147=ORIENTED_EDGE('',*,*,#633,.T.);
#148=ORIENTED_EDGE('',*,*,#634,.F.);
#149=ORIENTED_EDGE('',*,*,#635,.F.);
#150=ORIENTED_EDGE('',*,*,#570,.T.);
#151=ORIENTED_EDGE('',*,*,#636,.T.);
#152=ORIENTED_EDGE('',*,*,#637,.T.);
#153=ORIENTED_EDGE('',*,*,#638,.F.);
#154=ORIENTED_EDGE('',*,*,#574,.T.);
#155=ORIENTED_EDGE('',*,*,#639,.T.);
#156=ORIENTED_EDGE('',*,*,#640,.F.);
#157=ORIENTED_EDGE('',*,*,#641,.F.);
#158=ORIENTED_EDGE('',*,*,#567,.F.);
#159=ORIENTED_EDGE('',*,*,#642,.T.);
#160=ORIENTED_EDGE('',*,*,#631,.F.);
#161=ORIENTED_EDGE('',*,*,#643,.F.);
#162=ORIENTED_EDGE('',*,*,#644,.F.);
#163=ORIENTED_EDGE('',*,*,#645,.F.);
#164=ORIENTED_EDGE('',*,*,#646,.T.);
#165=ORIENTED_EDGE('',*,*,#647,.T.);
#166=ORIENTED_EDGE('',*,*,#648,.F.);
#167=ORIENTED_EDGE('',*,*,#649,.F.);
#168=ORIENTED_EDGE('',*,*,#650,.F.);
#169=ORIENTED_EDGE('',*,*,#651,.T.);
#170=ORIENTED_EDGE('',*,*,#652,.T.);
#171=ORIENTED_EDGE('',*,*,#636,.F.);
#172=ORIENTED_EDGE('',*,*,#653,.F.);
#173=ORIENTED_EDGE('',*,*,#654,.F.);
#174=ORIENTED_EDGE('',*,*,#655,.F.);
#175=ORIENTED_EDGE('',*,*,#647,.F.);
#176=ORIENTED_EDGE('',*,*,#656,.T.);
#177=ORIENTED_EDGE('',*,*,#657,.T.);
#178=ORIENTED_EDGE('',*,*,#637,.F.);
#179=ORIENTED_EDGE('',*,*,#652,.F.);
#180=ORIENTED_EDGE('',*,*,#658,.T.);
#181=ORIENTED_EDGE('',*,*,#659,.F.);
#182=ORIENTED_EDGE('',*,*,#575,.T.);
#183=ORIENTED_EDGE('',*,*,#638,.T.);
#184=ORIENTED_EDGE('',*,*,#657,.F.);
#185=ORIENTED_EDGE('',*,*,#660,.F.);
#186=ORIENTED_EDGE('',*,*,#579,.T.);
#187=ORIENTED_EDGE('',*,*,#661,.T.);
#188=ORIENTED_EDGE('',*,*,#662,.F.);
#189=ORIENTED_EDGE('',*,*,#663,.F.);
#190=ORIENTED_EDGE('',*,*,#664,.T.);
#191=ORIENTED_EDGE('',*,*,#568,.F.);
#192=ORIENTED_EDGE('',*,*,#641,.T.);
#193=ORIENTED_EDGE('',*,*,#630,.F.);
#194=ORIENTED_EDGE('',*,*,#665,.T.);
#195=ORIENTED_EDGE('',*,*,#620,.T.);
#196=ORIENTED_EDGE('',*,*,#666,.T.);
#197=ORIENTED_EDGE('',*,*,#667,.T.);
#198=ORIENTED_EDGE('',*,*,#668,.T.);
#199=ORIENTED_EDGE('',*,*,#669,.T.);
#200=ORIENTED_EDGE('',*,*,#670,.T.);
#201=ORIENTED_EDGE('',*,*,#648,.T.);
#202=ORIENTED_EDGE('',*,*,#655,.T.);
#203=ORIENTED_EDGE('',*,*,#671,.F.);
#204=ORIENTED_EDGE('',*,*,#672,.F.);
#205=ORIENTED_EDGE('',*,*,#658,.F.);
#206=ORIENTED_EDGE('',*,*,#651,.F.);
#207=ORIENTED_EDGE('',*,*,#623,.T.);
#208=ORIENTED_EDGE('',*,*,#673,.T.);
#209=ORIENTED_EDGE('',*,*,#558,.T.);
#210=ORIENTED_EDGE('',*,*,#660,.T.);
#211=ORIENTED_EDGE('',*,*,#656,.F.);
#212=ORIENTED_EDGE('',*,*,#646,.F.);
#213=ORIENTED_EDGE('',*,*,#561,.F.);
#214=ORIENTED_EDGE('',*,*,#674,.T.);
#215=ORIENTED_EDGE('',*,*,#625,.T.);
#216=ORIENTED_EDGE('',*,*,#675,.F.);
#217=ORIENTED_EDGE('',*,*,#653,.T.);
#218=ORIENTED_EDGE('',*,*,#569,.T.);
#219=ORIENTED_EDGE('',*,*,#664,.F.);
#220=ORIENTED_EDGE('',*,*,#676,.T.);
#221=ORIENTED_EDGE('',*,*,#645,.T.);
#222=ORIENTED_EDGE('',*,*,#677,.F.);
#223=ORIENTED_EDGE('',*,*,#666,.F.);
#224=ORIENTED_EDGE('',*,*,#624,.T.);
#225=ORIENTED_EDGE('',*,*,#678,.F.);
#226=ORIENTED_EDGE('',*,*,#649,.T.);
#227=ORIENTED_EDGE('',*,*,#678,.T.);
#228=ORIENTED_EDGE('',*,*,#679,.F.);
#229=ORIENTED_EDGE('',*,*,#679,.T.);
#230=ORIENTED_EDGE('',*,*,#668,.F.);
#231=ORIENTED_EDGE('',*,*,#680,.F.);
#232=ORIENTED_EDGE('',*,*,#643,.T.);
#233=ORIENTED_EDGE('',*,*,#680,.T.);
#234=ORIENTED_EDGE('',*,*,#681,.F.);
#235=ORIENTED_EDGE('',*,*,#681,.T.);
#236=ORIENTED_EDGE('',*,*,#667,.F.);
#237=ORIENTED_EDGE('',*,*,#669,.F.);
#238=ORIENTED_EDGE('',*,*,#654,.T.);
#239=ORIENTED_EDGE('',*,*,#672,.T.);
#240=ORIENTED_EDGE('',*,*,#682,.F.);
#241=ORIENTED_EDGE('',*,*,#663,.T.);
#242=ORIENTED_EDGE('',*,*,#677,.T.);
#243=ORIENTED_EDGE('',*,*,#644,.T.);
#244=ORIENTED_EDGE('',*,*,#670,.F.);
#245=ORIENTED_EDGE('',*,*,#682,.T.);
#246=ORIENTED_EDGE('',*,*,#671,.T.);
#247=ORIENTED_EDGE('',*,*,#650,.T.);
#248=ORIENTED_EDGE('',*,*,#676,.F.);
#249=ORIENTED_EDGE('',*,*,#683,.F.);
#250=ORIENTED_EDGE('',*,*,#684,.T.);
#251=ORIENTED_EDGE('',*,*,#577,.F.);
#252=ORIENTED_EDGE('',*,*,#685,.F.);
#253=ORIENTED_EDGE('',*,*,#686,.T.);
#254=ORIENTED_EDGE('',*,*,#661,.F.);
#255=ORIENTED_EDGE('',*,*,#578,.F.);
#256=ORIENTED_EDGE('',*,*,#684,.F.);
#257=ORIENTED_EDGE('',*,*,#683,.T.);
#258=ORIENTED_EDGE('',*,*,#687,.T.);
#259=ORIENTED_EDGE('',*,*,#662,.T.);
#260=ORIENTED_EDGE('',*,*,#686,.F.);
#261=ORIENTED_EDGE('',*,*,#685,.T.);
#262=ORIENTED_EDGE('',*,*,#576,.T.);
#263=ORIENTED_EDGE('',*,*,#659,.T.);
#264=ORIENTED_EDGE('',*,*,#687,.F.);
#265=ORIENTED_EDGE('',*,*,#571,.T.);
#266=ORIENTED_EDGE('',*,*,#635,.T.);
#267=ORIENTED_EDGE('',*,*,#688,.F.);
#268=ORIENTED_EDGE('',*,*,#689,.T.);
#269=ORIENTED_EDGE('',*,*,#639,.F.);
#270=ORIENTED_EDGE('',*,*,#573,.F.);
#271=ORIENTED_EDGE('',*,*,#690,.F.);
#272=ORIENTED_EDGE('',*,*,#691,.T.);
#273=ORIENTED_EDGE('',*,*,#688,.T.);
#274=ORIENTED_EDGE('',*,*,#640,.T.);
#275=ORIENTED_EDGE('',*,*,#691,.F.);
#276=ORIENTED_EDGE('',*,*,#692,.F.);
#277=ORIENTED_EDGE('',*,*,#572,.F.);
#278=ORIENTED_EDGE('',*,*,#689,.F.);
#279=ORIENTED_EDGE('',*,*,#692,.T.);
#280=ORIENTED_EDGE('',*,*,#690,.T.);
#281=ORIENTED_EDGE('',*,*,#693,.T.);
#282=ORIENTED_EDGE('',*,*,#694,.T.);
#283=ORIENTED_EDGE('',*,*,#587,.F.);
#284=ORIENTED_EDGE('',*,*,#609,.T.);
#285=ORIENTED_EDGE('',*,*,#695,.F.);
#286=ORIENTED_EDGE('',*,*,#592,.T.);
#287=ORIENTED_EDGE('',*,*,#696,.T.);
#288=ORIENTED_EDGE('',*,*,#697,.T.);
#289=ORIENTED_EDGE('',*,*,#698,.T.);
#290=ORIENTED_EDGE('',*,*,#699,.F.);
#291=ORIENTED_EDGE('',*,*,#596,.T.);
#292=ORIENTED_EDGE('',*,*,#700,.T.);
#293=ORIENTED_EDGE('',*,*,#701,.F.);
#294=ORIENTED_EDGE('',*,*,#622,.F.);
#295=ORIENTED_EDGE('',*,*,#702,.T.);
#296=ORIENTED_EDGE('',*,*,#628,.F.);
#297=ORIENTED_EDGE('',*,*,#703,.T.);
#298=ORIENTED_EDGE('',*,*,#693,.F.);
#299=ORIENTED_EDGE('',*,*,#608,.F.);
#300=ORIENTED_EDGE('',*,*,#704,.F.);
#301=ORIENTED_EDGE('',*,*,#705,.F.);
#302=ORIENTED_EDGE('',*,*,#590,.F.);
#303=ORIENTED_EDGE('',*,*,#706,.T.);
#304=ORIENTED_EDGE('',*,*,#707,.T.);
#305=ORIENTED_EDGE('',*,*,#708,.F.);
#306=ORIENTED_EDGE('',*,*,#611,.F.);
#307=ORIENTED_EDGE('',*,*,#709,.T.);
#308=ORIENTED_EDGE('',*,*,#710,.T.);
#309=ORIENTED_EDGE('',*,*,#711,.T.);
#310=ORIENTED_EDGE('',*,*,#712,.F.);
#311=ORIENTED_EDGE('',*,*,#697,.F.);
#312=ORIENTED_EDGE('',*,*,#713,.T.);
#313=ORIENTED_EDGE('',*,*,#614,.T.);
#314=ORIENTED_EDGE('',*,*,#714,.T.);
#315=ORIENTED_EDGE('',*,*,#619,.F.);
#316=ORIENTED_EDGE('',*,*,#612,.F.);
#317=ORIENTED_EDGE('',*,*,#711,.F.);
#318=ORIENTED_EDGE('',*,*,#715,.T.);
#319=ORIENTED_EDGE('',*,*,#716,.T.);
#320=ORIENTED_EDGE('',*,*,#698,.F.);
#321=ORIENTED_EDGE('',*,*,#714,.F.);
#322=ORIENTED_EDGE('',*,*,#617,.T.);
#323=ORIENTED_EDGE('',*,*,#717,.F.);
#324=ORIENTED_EDGE('',*,*,#597,.T.);
#325=ORIENTED_EDGE('',*,*,#699,.T.);
#326=ORIENTED_EDGE('',*,*,#716,.F.);
#327=ORIENTED_EDGE('',*,*,#718,.F.);
#328=ORIENTED_EDGE('',*,*,#601,.T.);
#329=ORIENTED_EDGE('',*,*,#719,.T.);
#330=ORIENTED_EDGE('',*,*,#720,.F.);
#331=ORIENTED_EDGE('',*,*,#602,.T.);
#332=ORIENTED_EDGE('',*,*,#718,.T.);
#333=ORIENTED_EDGE('',*,*,#715,.F.);
#334=ORIENTED_EDGE('',*,*,#710,.F.);
#335=ORIENTED_EDGE('',*,*,#721,.F.);
#336=ORIENTED_EDGE('',*,*,#722,.F.);
#337=ORIENTED_EDGE('',*,*,#712,.T.);
#338=ORIENTED_EDGE('',*,*,#722,.T.);
#339=ORIENTED_EDGE('',*,*,#723,.F.);
#340=ORIENTED_EDGE('',*,*,#723,.T.);
#341=ORIENTED_EDGE('',*,*,#606,.F.);
#342=ORIENTED_EDGE('',*,*,#724,.F.);
#343=ORIENTED_EDGE('',*,*,#708,.T.);
#344=ORIENTED_EDGE('',*,*,#724,.T.);
#345=ORIENTED_EDGE('',*,*,#725,.F.);
#346=ORIENTED_EDGE('',*,*,#725,.T.);
#347=ORIENTED_EDGE('',*,*,#605,.F.);
#348=ORIENTED_EDGE('',*,*,#726,.F.);
#349=ORIENTED_EDGE('',*,*,#727,.T.);
#350=ORIENTED_EDGE('',*,*,#599,.F.);
#351=ORIENTED_EDGE('',*,*,#728,.F.);
#352=ORIENTED_EDGE('',*,*,#729,.T.);
#353=ORIENTED_EDGE('',*,*,#719,.F.);
#354=ORIENTED_EDGE('',*,*,#600,.F.);
#355=ORIENTED_EDGE('',*,*,#727,.F.);
#356=ORIENTED_EDGE('',*,*,#726,.T.);
#357=ORIENTED_EDGE('',*,*,#730,.T.);
#358=ORIENTED_EDGE('',*,*,#720,.T.);
#359=ORIENTED_EDGE('',*,*,#729,.F.);
#360=ORIENTED_EDGE('',*,*,#728,.T.);
#361=ORIENTED_EDGE('',*,*,#598,.T.);
#362=ORIENTED_EDGE('',*,*,#717,.T.);
#363=ORIENTED_EDGE('',*,*,#730,.F.);
#364=ORIENTED_EDGE('',*,*,#593,.T.);
#365=ORIENTED_EDGE('',*,*,#695,.T.);
#366=ORIENTED_EDGE('',*,*,#731,.F.);
#367=ORIENTED_EDGE('',*,*,#732,.T.);
#368=ORIENTED_EDGE('',*,*,#700,.F.);
#369=ORIENTED_EDGE('',*,*,#595,.F.);
#370=ORIENTED_EDGE('',*,*,#733,.F.);
#371=ORIENTED_EDGE('',*,*,#734,.T.);
#372=ORIENTED_EDGE('',*,*,#731,.T.);
#373=ORIENTED_EDGE('',*,*,#701,.T.);
#374=ORIENTED_EDGE('',*,*,#734,.F.);
#375=ORIENTED_EDGE('',*,*,#735,.F.);
#376=ORIENTED_EDGE('',*,*,#594,.F.);
#377=ORIENTED_EDGE('',*,*,#732,.F.);
#378=ORIENTED_EDGE('',*,*,#735,.T.);
#379=ORIENTED_EDGE('',*,*,#733,.T.);
#380=ORIENTED_EDGE('',*,*,#582,.T.);
#381=ORIENTED_EDGE('',*,*,#736,.T.);
#382=ORIENTED_EDGE('',*,*,#706,.F.);
#383=ORIENTED_EDGE('',*,*,#604,.T.);
#384=ORIENTED_EDGE('',*,*,#591,.F.);
#385=ORIENTED_EDGE('',*,*,#705,.T.);
#386=ORIENTED_EDGE('',*,*,#737,.T.);
#387=ORIENTED_EDGE('',*,*,#696,.F.);
#388=ORIENTED_EDGE('',*,*,#721,.T.);
#389=ORIENTED_EDGE('',*,*,#738,.T.);
#390=ORIENTED_EDGE('',*,*,#584,.F.);
#391=ORIENTED_EDGE('',*,*,#603,.F.);
#392=ORIENTED_EDGE('',*,*,#610,.T.);
#393=ORIENTED_EDGE('',*,*,#618,.T.);
#394=ORIENTED_EDGE('',*,*,#615,.F.);
#395=ORIENTED_EDGE('',*,*,#713,.F.);
#396=ORIENTED_EDGE('',*,*,#737,.F.);
#397=ORIENTED_EDGE('',*,*,#704,.T.);
#398=ORIENTED_EDGE('',*,*,#607,.F.);
#399=ORIENTED_EDGE('',*,*,#585,.F.);
#400=ORIENTED_EDGE('',*,*,#738,.F.);
#401=ORIENTED_EDGE('',*,*,#709,.F.);
#402=ORIENTED_EDGE('',*,*,#703,.F.);
#403=ORIENTED_EDGE('',*,*,#627,.F.);
#404=ORIENTED_EDGE('',*,*,#588,.F.);
#405=ORIENTED_EDGE('',*,*,#694,.F.);
#406=ORIENTED_EDGE('',*,*,#707,.F.);
#407=ORIENTED_EDGE('',*,*,#736,.F.);
#408=ORIENTED_EDGE('',*,*,#581,.F.);
#409=ORIENTED_EDGE('',*,*,#673,.F.);
#410=ORIENTED_EDGE('',*,*,#626,.F.);
#411=ORIENTED_EDGE('',*,*,#674,.F.);
#412=ORIENTED_EDGE('',*,*,#560,.F.);
#413=ORIENTED_EDGE('',*,*,#580,.F.);
#414=ORIENTED_EDGE('',*,*,#629,.F.);
#415=ORIENTED_EDGE('',*,*,#702,.F.);
#416=ORIENTED_EDGE('',*,*,#621,.F.);
#417=ORIENTED_EDGE('',*,*,#665,.F.);
#418=ORIENTED_EDGE('',*,*,#739,.F.);
#419=ORIENTED_EDGE('',*,*,#740,.T.);
#420=ORIENTED_EDGE('',*,*,#741,.T.);
#421=ORIENTED_EDGE('',*,*,#742,.F.);
#422=ORIENTED_EDGE('',*,*,#743,.T.);
#423=ORIENTED_EDGE('',*,*,#744,.F.);
#424=ORIENTED_EDGE('',*,*,#745,.T.);
#425=ORIENTED_EDGE('',*,*,#746,.F.);
#426=ORIENTED_EDGE('',*,*,#747,.T.);
#427=ORIENTED_EDGE('',*,*,#748,.F.);
#428=ORIENTED_EDGE('',*,*,#749,.F.);
#429=ORIENTED_EDGE('',*,*,#750,.T.);
#430=ORIENTED_EDGE('',*,*,#751,.T.);
#431=ORIENTED_EDGE('',*,*,#752,.F.);
#432=ORIENTED_EDGE('',*,*,#753,.T.);
#433=ORIENTED_EDGE('',*,*,#754,.F.);
#434=ORIENTED_EDGE('',*,*,#755,.T.);
#435=ORIENTED_EDGE('',*,*,#756,.F.);
#436=ORIENTED_EDGE('',*,*,#757,.T.);
#437=ORIENTED_EDGE('',*,*,#758,.F.);
#438=ORIENTED_EDGE('',*,*,#759,.T.);
#439=ORIENTED_EDGE('',*,*,#760,.F.);
#440=ORIENTED_EDGE('',*,*,#761,.F.);
#441=ORIENTED_EDGE('',*,*,#762,.T.);
#442=ORIENTED_EDGE('',*,*,#757,.F.);
#443=ORIENTED_EDGE('',*,*,#755,.F.);
#444=ORIENTED_EDGE('',*,*,#753,.F.);
#445=ORIENTED_EDGE('',*,*,#751,.F.);
#446=ORIENTED_EDGE('',*,*,#763,.F.);
#447=ORIENTED_EDGE('',*,*,#764,.T.);
#448=ORIENTED_EDGE('',*,*,#765,.F.);
#449=ORIENTED_EDGE('',*,*,#766,.F.);
#450=ORIENTED_EDGE('',*,*,#759,.F.);
#451=ORIENTED_EDGE('',*,*,#749,.T.);
#452=ORIENTED_EDGE('',*,*,#766,.T.);
#453=ORIENTED_EDGE('',*,*,#767,.F.);
#454=ORIENTED_EDGE('',*,*,#768,.F.);
#455=ORIENTED_EDGE('',*,*,#760,.T.);
#456=ORIENTED_EDGE('',*,*,#769,.T.);
#457=ORIENTED_EDGE('',*,*,#770,.F.);
#458=ORIENTED_EDGE('',*,*,#771,.F.);
#459=ORIENTED_EDGE('',*,*,#772,.T.);
#460=ORIENTED_EDGE('',*,*,#773,.F.);
#461=ORIENTED_EDGE('',*,*,#774,.F.);
#462=ORIENTED_EDGE('',*,*,#775,.F.);
#463=ORIENTED_EDGE('',*,*,#764,.F.);
#464=ORIENTED_EDGE('',*,*,#776,.T.);
#465=ORIENTED_EDGE('',*,*,#777,.F.);
#466=ORIENTED_EDGE('',*,*,#778,.F.);
#467=ORIENTED_EDGE('',*,*,#770,.T.);
#468=ORIENTED_EDGE('',*,*,#779,.F.);
#469=ORIENTED_EDGE('',*,*,#780,.F.);
#470=ORIENTED_EDGE('',*,*,#781,.F.);
#471=ORIENTED_EDGE('',*,*,#782,.F.);
#472=ORIENTED_EDGE('',*,*,#747,.F.);
#473=ORIENTED_EDGE('',*,*,#745,.F.);
#474=ORIENTED_EDGE('',*,*,#743,.F.);
#475=ORIENTED_EDGE('',*,*,#741,.F.);
#476=ORIENTED_EDGE('',*,*,#783,.F.);
#477=ORIENTED_EDGE('',*,*,#782,.T.);
#478=ORIENTED_EDGE('',*,*,#784,.F.);
#479=ORIENTED_EDGE('',*,*,#776,.F.);
#480=ORIENTED_EDGE('',*,*,#769,.F.);
#481=ORIENTED_EDGE('',*,*,#739,.T.);
#482=ORIENTED_EDGE('',*,*,#563,.F.);
#483=ORIENTED_EDGE('',*,*,#785,.T.);
#484=ORIENTED_EDGE('',*,*,#773,.T.);
#485=ORIENTED_EDGE('',*,*,#763,.T.);
#486=ORIENTED_EDGE('',*,*,#762,.F.);
#487=ORIENTED_EDGE('',*,*,#786,.F.);
#488=ORIENTED_EDGE('',*,*,#787,.F.);
#489=ORIENTED_EDGE('',*,*,#772,.F.);
#490=ORIENTED_EDGE('',*,*,#788,.F.);
#491=ORIENTED_EDGE('',*,*,#789,.T.);
#492=ORIENTED_EDGE('',*,*,#790,.F.);
#493=ORIENTED_EDGE('',*,*,#779,.T.);
#494=ORIENTED_EDGE('',*,*,#783,.T.);
#495=ORIENTED_EDGE('',*,*,#791,.T.);
#496=ORIENTED_EDGE('',*,*,#774,.T.);
#497=ORIENTED_EDGE('',*,*,#785,.F.);
#498=ORIENTED_EDGE('',*,*,#792,.F.);
#499=ORIENTED_EDGE('',*,*,#780,.T.);
#500=ORIENTED_EDGE('',*,*,#793,.T.);
#501=ORIENTED_EDGE('',*,*,#784,.T.);
#502=ORIENTED_EDGE('',*,*,#781,.T.);
#503=ORIENTED_EDGE('',*,*,#794,.T.);
#504=ORIENTED_EDGE('',*,*,#795,.T.);
#505=ORIENTED_EDGE('',*,*,#796,.F.);
#506=ORIENTED_EDGE('',*,*,#777,.T.);
#507=ORIENTED_EDGE('',*,*,#797,.T.);
#508=ORIENTED_EDGE('',*,*,#798,.T.);
#509=ORIENTED_EDGE('',*,*,#799,.F.);
#510=ORIENTED_EDGE('',*,*,#633,.F.);
#511=ORIENTED_EDGE('',*,*,#642,.F.);
#512=ORIENTED_EDGE('',*,*,#566,.T.);
#513=ORIENTED_EDGE('',*,*,#793,.F.);
#514=ORIENTED_EDGE('',*,*,#790,.T.);
#515=ORIENTED_EDGE('',*,*,#797,.F.);
#516=ORIENTED_EDGE('',*,*,#632,.F.);
#517=ORIENTED_EDGE('',*,*,#562,.F.);
#518=ORIENTED_EDGE('',*,*,#675,.T.);
#519=ORIENTED_EDGE('',*,*,#634,.T.);
#520=ORIENTED_EDGE('',*,*,#799,.T.);
#521=ORIENTED_EDGE('',*,*,#794,.F.);
#522=ORIENTED_EDGE('',*,*,#792,.T.);
#523=ORIENTED_EDGE('',*,*,#791,.F.);
#524=ORIENTED_EDGE('',*,*,#565,.T.);
#525=ORIENTED_EDGE('',*,*,#800,.T.);
#526=ORIENTED_EDGE('',*,*,#801,.F.);
#527=ORIENTED_EDGE('',*,*,#767,.T.);
#528=ORIENTED_EDGE('',*,*,#765,.T.);
#529=ORIENTED_EDGE('',*,*,#775,.T.);
#530=ORIENTED_EDGE('',*,*,#800,.F.);
#531=ORIENTED_EDGE('',*,*,#564,.T.);
#532=ORIENTED_EDGE('',*,*,#787,.T.);
#533=ORIENTED_EDGE('',*,*,#802,.F.);
#534=ORIENTED_EDGE('',*,*,#758,.T.);
#535=ORIENTED_EDGE('',*,*,#756,.T.);
#536=ORIENTED_EDGE('',*,*,#754,.T.);
#537=ORIENTED_EDGE('',*,*,#752,.T.);
#538=ORIENTED_EDGE('',*,*,#768,.T.);
#539=ORIENTED_EDGE('',*,*,#801,.T.);
#540=ORIENTED_EDGE('',*,*,#802,.T.);
#541=ORIENTED_EDGE('',*,*,#786,.T.);
#542=ORIENTED_EDGE('',*,*,#761,.T.);
#543=ORIENTED_EDGE('',*,*,#750,.F.);
#544=ORIENTED_EDGE('',*,*,#796,.T.);
#545=ORIENTED_EDGE('',*,*,#803,.T.);
#546=ORIENTED_EDGE('',*,*,#788,.T.);
#547=ORIENTED_EDGE('',*,*,#771,.T.);
#548=ORIENTED_EDGE('',*,*,#778,.T.);
#549=ORIENTED_EDGE('',*,*,#748,.T.);
#550=ORIENTED_EDGE('',*,*,#746,.T.);
#551=ORIENTED_EDGE('',*,*,#744,.T.);
#552=ORIENTED_EDGE('',*,*,#742,.T.);
#553=ORIENTED_EDGE('',*,*,#740,.F.);
#554=ORIENTED_EDGE('',*,*,#789,.F.);
#555=ORIENTED_EDGE('',*,*,#803,.F.);
#556=ORIENTED_EDGE('',*,*,#795,.F.);
#557=ORIENTED_EDGE('',*,*,#798,.F.);
#558=EDGE_CURVE('',#804,#805,#976,.T.);
#559=EDGE_CURVE('',#804,#806,#977,.T.);
#560=EDGE_CURVE('',#806,#807,#978,.F.);
#561=EDGE_CURVE('',#807,#808,#979,.T.);
#562=EDGE_CURVE('',#808,#809,#980,.T.);
#563=EDGE_CURVE('',#809,#810,#981,.T.);
#564=EDGE_CURVE('',#811,#810,#982,.T.);
#565=EDGE_CURVE('',#812,#811,#983,.T.);
#566=EDGE_CURVE('',#813,#812,#984,.T.);
#567=EDGE_CURVE('',#813,#814,#985,.T.);
#568=EDGE_CURVE('',#814,#815,#986,.T.);
#569=EDGE_CURVE('',#816,#815,#987,.T.);
#570=EDGE_CURVE('',#817,#816,#988,.T.);
#571=EDGE_CURVE('',#818,#817,#989,.T.);
#572=EDGE_CURVE('',#818,#819,#990,.T.);
#573=EDGE_CURVE('',#819,#820,#991,.T.);
#574=EDGE_CURVE('',#821,#820,#992,.T.);
#575=EDGE_CURVE('',#822,#821,#993,.T.);
#576=EDGE_CURVE('',#823,#822,#994,.T.);
#577=EDGE_CURVE('',#823,#824,#995,.T.);
#578=EDGE_CURVE('',#824,#825,#996,.T.);
#579=EDGE_CURVE('',#805,#825,#997,.T.);
#580=EDGE_CURVE('',#826,#806,#998,.T.);
#581=EDGE_CURVE('',#804,#827,#999,.F.);
#582=EDGE_CURVE('',#828,#827,#1000,.T.);
#583=EDGE_CURVE('',#829,#828,#1001,.T.);
#584=EDGE_CURVE('',#829,#830,#1002,.T.);
#585=EDGE_CURVE('',#830,#831,#1003,.T.);
#586=EDGE_CURVE('',#832,#831,#1004,.T.);
#587=EDGE_CURVE('',#832,#833,#1005,.T.);
#588=EDGE_CURVE('',#833,#834,#1006,.F.);
#589=EDGE_CURVE('',#826,#834,#1007,.T.);
#590=EDGE_CURVE('',#835,#836,#1008,.T.);
#591=EDGE_CURVE('',#836,#837,#1009,.T.);
#592=EDGE_CURVE('',#838,#837,#1010,.T.);
#593=EDGE_CURVE('',#839,#838,#1011,.T.);
#594=EDGE_CURVE('',#839,#840,#1012,.T.);
#595=EDGE_CURVE('',#840,#841,#1013,.T.);
#596=EDGE_CURVE('',#842,#841,#1014,.T.);
#597=EDGE_CURVE('',#843,#842,#1015,.T.);
#598=EDGE_CURVE('',#844,#843,#1016,.T.);
#599=EDGE_CURVE('',#844,#845,#1017,.T.);
#600=EDGE_CURVE('',#845,#846,#1018,.T.);
#601=EDGE_CURVE('',#847,#846,#1019,.T.);
#602=EDGE_CURVE('',#848,#847,#1020,.T.);
#603=EDGE_CURVE('',#848,#829,#1021,.T.);
#604=EDGE_CURVE('',#835,#828,#1022,.T.);
#605=EDGE_CURVE('',#849,#849,#30,.T.);
#606=EDGE_CURVE('',#850,#850,#31,.T.);
#607=EDGE_CURVE('',#831,#851,#1023,.T.);
#608=EDGE_CURVE('',#851,#852,#1024,.T.);
#609=EDGE_CURVE('',#832,#852,#1025,.T.);
#610=EDGE_CURVE('',#853,#854,#1026,.T.);
#611=EDGE_CURVE('',#853,#855,#1027,.T.);
#612=EDGE_CURVE('',#855,#856,#1028,.T.);
#613=EDGE_CURVE('',#856,#854,#1029,.T.);
#614=EDGE_CURVE('',#857,#858,#1030,.T.);
#615=EDGE_CURVE('',#857,#859,#1031,.T.);
#616=EDGE_CURVE('',#860,#859,#1032,.T.);
#617=EDGE_CURVE('',#858,#860,#1033,.T.);
#618=EDGE_CURVE('',#854,#859,#1034,.T.);
#619=EDGE_CURVE('',#856,#860,#1035,.T.);
#620=EDGE_CURVE('',#861,#862,#1036,.T.);
#621=EDGE_CURVE('',#861,#863,#1037,.F.);
#622=EDGE_CURVE('',#863,#864,#1038,.T.);
#623=EDGE_CURVE('',#865,#864,#1039,.T.);
#624=EDGE_CURVE('',#862,#865,#1040,.T.);
#625=EDGE_CURVE('',#866,#867,#1041,.T.);
#626=EDGE_CURVE('',#866,#826,#1042,.F.);
#627=EDGE_CURVE('',#834,#868,#1043,.T.);
#628=EDGE_CURVE('',#868,#869,#1044,.T.);
#629=EDGE_CURVE('',#869,#870,#1045,.F.);
#630=EDGE_CURVE('',#870,#871,#1046,.T.);
#631=EDGE_CURVE('',#871,#872,#1047,.T.);
#632=EDGE_CURVE('',#872,#873,#1048,.T.);
#633=EDGE_CURVE('',#873,#874,#1049,.T.);
#634=EDGE_CURVE('',#867,#874,#1050,.T.);
#635=EDGE_CURVE('',#817,#875,#1051,.T.);
#636=EDGE_CURVE('',#816,#876,#1052,.T.);
#637=EDGE_CURVE('',#876,#877,#1053,.T.);
#638=EDGE_CURVE('',#821,#877,#1054,.T.);
#639=EDGE_CURVE('',#820,#878,#1055,.T.);
#640=EDGE_CURVE('',#875,#878,#1056,.T.);
#641=EDGE_CURVE('',#814,#871,#1057,.T.);
#642=EDGE_CURVE('',#813,#872,#1058,.T.);
#643=EDGE_CURVE('',#879,#879,#32,.F.);
#644=EDGE_CURVE('',#880,#881,#1059,.T.);
#645=EDGE_CURVE('',#865,#880,#1060,.T.);
#646=EDGE_CURVE('',#865,#882,#1061,.T.);
#647=EDGE_CURVE('',#882,#883,#1062,.T.);
#648=EDGE_CURVE('',#881,#883,#1063,.T.);
#649=EDGE_CURVE('',#884,#884,#33,.F.);
#650=EDGE_CURVE('',#885,#886,#1064,.T.);
#651=EDGE_CURVE('',#885,#887,#1065,.T.);
#652=EDGE_CURVE('',#887,#876,#1066,.T.);
#653=EDGE_CURVE('',#886,#816,#1067,.T.);
#654=EDGE_CURVE('',#888,#889,#1068,.T.);
#655=EDGE_CURVE('',#883,#888,#1069,.T.);
#656=EDGE_CURVE('',#882,#890,#1070,.T.);
#657=EDGE_CURVE('',#890,#877,#1071,.T.);
#658=EDGE_CURVE('',#887,#889,#1072,.T.);
#659=EDGE_CURVE('',#822,#891,#1073,.T.);
#660=EDGE_CURVE('',#805,#890,#1074,.T.);
#661=EDGE_CURVE('',#825,#892,#1075,.T.);
#662=EDGE_CURVE('',#891,#892,#1076,.T.);
#663=EDGE_CURVE('',#893,#894,#1077,.T.);
#664=EDGE_CURVE('',#893,#815,#1078,.T.);
#665=EDGE_CURVE('',#870,#861,#1079,.T.);
#666=EDGE_CURVE('',#862,#894,#1080,.T.);
#667=EDGE_CURVE('',#895,#895,#34,.T.);
#668=EDGE_CURVE('',#896,#896,#35,.T.);
#669=EDGE_CURVE('',#888,#897,#1081,.T.);
#670=EDGE_CURVE('',#897,#881,#1082,.T.);
#671=EDGE_CURVE('',#898,#885,#1083,.T.);
#672=EDGE_CURVE('',#889,#898,#1084,.T.);
#673=EDGE_CURVE('',#864,#804,#1085,.T.);
#674=EDGE_CURVE('',#807,#866,#1086,.T.);
#675=EDGE_CURVE('',#808,#867,#1087,.T.);
#676=EDGE_CURVE('',#893,#886,#1088,.T.);
#677=EDGE_CURVE('',#894,#880,#1089,.T.);
#678=EDGE_CURVE('',#899,#899,#36,.T.);
#679=EDGE_CURVE('',#900,#900,#37,.T.);
#680=EDGE_CURVE('',#901,#901,#38,.T.);
#681=EDGE_CURVE('',#902,#902,#39,.T.);
#682=EDGE_CURVE('',#897,#898,#1090,.T.);
#683=EDGE_CURVE('',#903,#904,#1091,.T.);
#684=EDGE_CURVE('',#903,#824,#1092,.T.);
#685=EDGE_CURVE('',#904,#823,#1093,.T.);
#686=EDGE_CURVE('',#903,#892,#1094,.T.);
#687=EDGE_CURVE('',#904,#891,#1095,.T.);
#688=EDGE_CURVE('',#905,#875,#1096,.T.);
#689=EDGE_CURVE('',#905,#818,#1097,.T.);
#690=EDGE_CURVE('',#906,#819,#1098,.T.);
#691=EDGE_CURVE('',#906,#878,#1099,.T.);
#692=EDGE_CURVE('',#905,#906,#1100,.T.);
#693=EDGE_CURVE('',#852,#907,#1101,.T.);
#694=EDGE_CURVE('',#907,#833,#1102,.T.);
#695=EDGE_CURVE('',#838,#908,#1103,.T.);
#696=EDGE_CURVE('',#837,#909,#1104,.T.);
#697=EDGE_CURVE('',#909,#910,#1105,.T.);
#698=EDGE_CURVE('',#910,#911,#1106,.T.);
#699=EDGE_CURVE('',#842,#911,#1107,.T.);
#700=EDGE_CURVE('',#841,#912,#1108,.T.);
#701=EDGE_CURVE('',#908,#912,#1109,.T.);
#702=EDGE_CURVE('',#863,#869,#1110,.T.);
#703=EDGE_CURVE('',#868,#907,#1111,.F.);
#704=EDGE_CURVE('',#913,#851,#1112,.T.);
#705=EDGE_CURVE('',#836,#913,#1113,.T.);
#706=EDGE_CURVE('',#835,#914,#1114,.T.);
#707=EDGE_CURVE('',#914,#864,#1115,.F.);
#708=EDGE_CURVE('',#915,#915,#40,.F.);
#709=EDGE_CURVE('',#853,#916,#1116,.T.);
#710=EDGE_CURVE('',#916,#917,#1117,.T.);
#711=EDGE_CURVE('',#917,#855,#1118,.T.);
#712=EDGE_CURVE('',#918,#918,#41,.F.);
#713=EDGE_CURVE('',#909,#857,#1119,.T.);
#714=EDGE_CURVE('',#858,#910,#1120,.T.);
#715=EDGE_CURVE('',#917,#919,#1121,.T.);
#716=EDGE_CURVE('',#919,#911,#1122,.T.);
#717=EDGE_CURVE('',#843,#920,#1123,.T.);
#718=EDGE_CURVE('',#847,#919,#1124,.T.);
#719=EDGE_CURVE('',#846,#921,#1125,.T.);
#720=EDGE_CURVE('',#920,#921,#1126,.T.);
#721=EDGE_CURVE('',#848,#916,#1127,.T.);
#722=EDGE_CURVE('',#922,#922,#42,.T.);
#723=EDGE_CURVE('',#923,#923,#43,.T.);
#724=EDGE_CURVE('',#924,#924,#44,.T.);
#725=EDGE_CURVE('',#925,#925,#45,.T.);
#726=EDGE_CURVE('',#926,#927,#1128,.T.);
#727=EDGE_CURVE('',#926,#845,#1129,.T.);
#728=EDGE_CURVE('',#927,#844,#1130,.T.);
#729=EDGE_CURVE('',#926,#921,#1131,.T.);
#730=EDGE_CURVE('',#927,#920,#1132,.T.);
#731=EDGE_CURVE('',#928,#908,#1133,.T.);
#732=EDGE_CURVE('',#928,#839,#1134,.T.);
#733=EDGE_CURVE('',#929,#840,#1135,.T.);
#734=EDGE_CURVE('',#929,#912,#1136,.T.);
#735=EDGE_CURVE('',#928,#929,#1137,.T.);
#736=EDGE_CURVE('',#827,#914,#1138,.F.);
#737=EDGE_CURVE('',#913,#909,#1139,.T.);
#738=EDGE_CURVE('',#916,#830,#1140,.T.);
#739=EDGE_CURVE('',#930,#930,#46,.T.);
#740=EDGE_CURVE('',#931,#931,#47,.T.);
#741=EDGE_CURVE('',#932,#932,#48,.F.);
#742=EDGE_CURVE('',#933,#933,#49,.T.);
#743=EDGE_CURVE('',#934,#934,#50,.F.);
#744=EDGE_CURVE('',#935,#935,#51,.T.);
#745=EDGE_CURVE('',#936,#936,#52,.F.);
#746=EDGE_CURVE('',#937,#937,#53,.T.);
#747=EDGE_CURVE('',#938,#938,#54,.F.);
#748=EDGE_CURVE('',#939,#939,#55,.T.);
#749=EDGE_CURVE('',#940,#940,#56,.T.);
#750=EDGE_CURVE('',#941,#941,#57,.T.);
#751=EDGE_CURVE('',#942,#942,#58,.F.);
#752=EDGE_CURVE('',#943,#943,#59,.T.);
#753=EDGE_CURVE('',#944,#944,#60,.F.);
#754=EDGE_CURVE('',#945,#945,#61,.T.);
#755=EDGE_CURVE('',#946,#946,#62,.F.);
#756=EDGE_CURVE('',#947,#947,#63,.T.);
#757=EDGE_CURVE('',#948,#948,#64,.F.);
#758=EDGE_CURVE('',#949,#949,#65,.T.);
#759=EDGE_CURVE('',#950,#951,#1141,.T.);
#760=EDGE_CURVE('',#952,#951,#1142,.T.);
#761=EDGE_CURVE('',#953,#952,#1143,.T.);
#762=EDGE_CURVE('',#953,#950,#1144,.T.);
#763=EDGE_CURVE('',#954,#950,#1145,.T.);
#764=EDGE_CURVE('',#954,#955,#1146,.T.);
#765=EDGE_CURVE('',#956,#955,#1147,.T.);
#766=EDGE_CURVE('',#951,#956,#1148,.T.);
#767=EDGE_CURVE('',#957,#956,#1149,.T.);
#768=EDGE_CURVE('',#952,#957,#1150,.T.);
#769=EDGE_CURVE('',#958,#959,#1151,.T.);
#770=EDGE_CURVE('',#960,#959,#1152,.T.);
#771=EDGE_CURVE('',#961,#960,#1153,.T.);
#772=EDGE_CURVE('',#961,#958,#1154,.T.);
#773=EDGE_CURVE('',#962,#954,#1155,.F.);
#774=EDGE_CURVE('',#963,#962,#1156,.T.);
#775=EDGE_CURVE('',#955,#963,#1157,.F.);
#776=EDGE_CURVE('',#959,#964,#1158,.T.);
#777=EDGE_CURVE('',#965,#964,#1159,.T.);
#778=EDGE_CURVE('',#960,#965,#1160,.T.);
#779=EDGE_CURVE('',#966,#967,#1161,.F.);
#780=EDGE_CURVE('',#968,#966,#1162,.T.);
#781=EDGE_CURVE('',#969,#968,#1163,.F.);
#782=EDGE_CURVE('',#967,#969,#1164,.T.);
#783=EDGE_CURVE('',#967,#958,#1165,.T.);
#784=EDGE_CURVE('',#964,#969,#1166,.T.);
#785=EDGE_CURVE('',#809,#962,#1167,.T.);
#786=EDGE_CURVE('',#970,#953,#1168,.T.);
#787=EDGE_CURVE('',#810,#970,#1169,.T.);
#788=EDGE_CURVE('',#971,#961,#1170,.T.);
#789=EDGE_CURVE('',#971,#972,#1171,.T.);
#790=EDGE_CURVE('',#966,#972,#1172,.T.);
#791=EDGE_CURVE('',#812,#963,#1173,.T.);
#792=EDGE_CURVE('',#968,#809,#1174,.T.);
#793=EDGE_CURVE('',#966,#812,#1175,.T.);
#794=EDGE_CURVE('',#968,#973,#1176,.T.);
#795=EDGE_CURVE('',#973,#974,#1177,.T.);
#796=EDGE_CURVE('',#965,#974,#1178,.T.);
#797=EDGE_CURVE('',#873,#972,#1179,.T.);
#798=EDGE_CURVE('',#972,#973,#1180,.T.);
#799=EDGE_CURVE('',#874,#973,#1181,.T.);
#800=EDGE_CURVE('',#811,#975,#1182,.T.);
#801=EDGE_CURVE('',#957,#975,#1183,.T.);
#802=EDGE_CURVE('',#975,#970,#1184,.T.);
#803=EDGE_CURVE('',#974,#971,#1185,.T.);
#804=VERTEX_POINT('',#2500);
#805=VERTEX_POINT('',#2501);
#806=VERTEX_POINT('',#2503);
#807=VERTEX_POINT('',#2505);
#808=VERTEX_POINT('',#2507);
#809=VERTEX_POINT('',#2509);
#810=VERTEX_POINT('',#2511);
#811=VERTEX_POINT('',#2513);
#812=VERTEX_POINT('',#2515);
#813=VERTEX_POINT('',#2517);
#814=VERTEX_POINT('',#2519);
#815=VERTEX_POINT('',#2521);
#816=VERTEX_POINT('',#2523);
#817=VERTEX_POINT('',#2525);
#818=VERTEX_POINT('',#2527);
#819=VERTEX_POINT('',#2529);
#820=VERTEX_POINT('',#2531);
#821=VERTEX_POINT('',#2533);
#822=VERTEX_POINT('',#2535);
#823=VERTEX_POINT('',#2537);
#824=VERTEX_POINT('',#2539);
#825=VERTEX_POINT('',#2541);
#826=VERTEX_POINT('',#2545);
#827=VERTEX_POINT('',#2547);
#828=VERTEX_POINT('',#2549);
#829=VERTEX_POINT('',#2551);
#830=VERTEX_POINT('',#2553);
#831=VERTEX_POINT('',#2555);
#832=VERTEX_POINT('',#2557);
#833=VERTEX_POINT('',#2559);
#834=VERTEX_POINT('',#2561);
#835=VERTEX_POINT('',#2565);
#836=VERTEX_POINT('',#2566);
#837=VERTEX_POINT('',#2568);
#838=VERTEX_POINT('',#2570);
#839=VERTEX_POINT('',#2572);
#840=VERTEX_POINT('',#2574);
#841=VERTEX_POINT('',#2576);
#842=VERTEX_POINT('',#2578);
#843=VERTEX_POINT('',#2580);
#844=VERTEX_POINT('',#2582);
#845=VERTEX_POINT('',#2584);
#846=VERTEX_POINT('',#2586);
#847=VERTEX_POINT('',#2588);
#848=VERTEX_POINT('',#2590);
#849=VERTEX_POINT('',#2595);
#850=VERTEX_POINT('',#2597);
#851=VERTEX_POINT('',#2599);
#852=VERTEX_POINT('',#2601);
#853=VERTEX_POINT('',#2605);
#854=VERTEX_POINT('',#2606);
#855=VERTEX_POINT('',#2608);
#856=VERTEX_POINT('',#2610);
#857=VERTEX_POINT('',#2614);
#858=VERTEX_POINT('',#2615);
#859=VERTEX_POINT('',#2617);
#860=VERTEX_POINT('',#2619);
#861=VERTEX_POINT('',#2626);
#862=VERTEX_POINT('',#2627);
#863=VERTEX_POINT('',#2629);
#864=VERTEX_POINT('',#2631);
#865=VERTEX_POINT('',#2633);
#866=VERTEX_POINT('',#2637);
#867=VERTEX_POINT('',#2638);
#868=VERTEX_POINT('',#2641);
#869=VERTEX_POINT('',#2643);
#870=VERTEX_POINT('',#2645);
#871=VERTEX_POINT('',#2647);
#872=VERTEX_POINT('',#2649);
#873=VERTEX_POINT('',#2651);
#874=VERTEX_POINT('',#2653);
#875=VERTEX_POINT('',#2657);
#876=VERTEX_POINT('',#2659);
#877=VERTEX_POINT('',#2661);
#878=VERTEX_POINT('',#2664);
#879=VERTEX_POINT('',#2671);
#880=VERTEX_POINT('',#2673);
#881=VERTEX_POINT('',#2674);
#882=VERTEX_POINT('',#2677);
#883=VERTEX_POINT('',#2679);
#884=VERTEX_POINT('',#2683);
#885=VERTEX_POINT('',#2685);
#886=VERTEX_POINT('',#2686);
#887=VERTEX_POINT('',#2688);
#888=VERTEX_POINT('',#2693);
#889=VERTEX_POINT('',#2694);
#890=VERTEX_POINT('',#2697);
#891=VERTEX_POINT('',#2702);
#892=VERTEX_POINT('',#2705);
#893=VERTEX_POINT('',#2709);
#894=VERTEX_POINT('',#2710);
#895=VERTEX_POINT('',#2715);
#896=VERTEX_POINT('',#2717);
#897=VERTEX_POINT('',#2720);
#898=VERTEX_POINT('',#2724);
#899=VERTEX_POINT('',#2737);
#900=VERTEX_POINT('',#2740);
#901=VERTEX_POINT('',#2744);
#902=VERTEX_POINT('',#2747);
#903=VERTEX_POINT('',#2754);
#904=VERTEX_POINT('',#2755);
#905=VERTEX_POINT('',#2765);
#906=VERTEX_POINT('',#2769);
#907=VERTEX_POINT('',#2776);
#908=VERTEX_POINT('',#2780);
#909=VERTEX_POINT('',#2782);
#910=VERTEX_POINT('',#2784);
#911=VERTEX_POINT('',#2786);
#912=VERTEX_POINT('',#2789);
#913=VERTEX_POINT('',#2795);
#914=VERTEX_POINT('',#2798);
#915=VERTEX_POINT('',#2802);
#916=VERTEX_POINT('',#2804);
#917=VERTEX_POINT('',#2806);
#918=VERTEX_POINT('',#2810);
#919=VERTEX_POINT('',#2815);
#920=VERTEX_POINT('',#2819);
#921=VERTEX_POINT('',#2822);
#922=VERTEX_POINT('',#2828);
#923=VERTEX_POINT('',#2831);
#924=VERTEX_POINT('',#2835);
#925=VERTEX_POINT('',#2838);
#926=VERTEX_POINT('',#2842);
#927=VERTEX_POINT('',#2843);
#928=VERTEX_POINT('',#2853);
#929=VERTEX_POINT('',#2857);
#930=VERTEX_POINT('',#2875);
#931=VERTEX_POINT('',#2877);
#932=VERTEX_POINT('',#2880);
#933=VERTEX_POINT('',#2882);
#934=VERTEX_POINT('',#2885);
#935=VERTEX_POINT('',#2887);
#936=VERTEX_POINT('',#2890);
#937=VERTEX_POINT('',#2892);
#938=VERTEX_POINT('',#2895);
#939=VERTEX_POINT('',#2897);
#940=VERTEX_POINT('',#2900);
#941=VERTEX_POINT('',#2902);
#942=VERTEX_POINT('',#2905);
#943=VERTEX_POINT('',#2907);
#944=VERTEX_POINT('',#2910);
#945=VERTEX_POINT('',#2912);
#946=VERTEX_POINT('',#2915);
#947=VERTEX_POINT('',#2917);
#948=VERTEX_POINT('',#2920);
#949=VERTEX_POINT('',#2922);
#950=VERTEX_POINT('',#2925);
#951=VERTEX_POINT('',#2926);
#952=VERTEX_POINT('',#2928);
#953=VERTEX_POINT('',#2930);
#954=VERTEX_POINT('',#2934);
#955=VERTEX_POINT('',#2936);
#956=VERTEX_POINT('',#2938);
#957=VERTEX_POINT('',#2942);
#958=VERTEX_POINT('',#2946);
#959=VERTEX_POINT('',#2947);
#960=VERTEX_POINT('',#2949);
#961=VERTEX_POINT('',#2951);
#962=VERTEX_POINT('',#2955);
#963=VERTEX_POINT('',#2957);
#964=VERTEX_POINT('',#2961);
#965=VERTEX_POINT('',#2963);
#966=VERTEX_POINT('',#2967);
#967=VERTEX_POINT('',#2968);
#968=VERTEX_POINT('',#2970);
#969=VERTEX_POINT('',#2972);
#970=VERTEX_POINT('',#2980);
#971=VERTEX_POINT('',#2984);
#972=VERTEX_POINT('',#2986);
#973=VERTEX_POINT('',#2994);
#974=VERTEX_POINT('',#2996);
#975=VERTEX_POINT('',#3006);
#976=LINE('',#2499,#1186);
#977=LINE('',#2502,#1187);
#978=LINE('',#2504,#1188);
#979=LINE('',#2506,#1189);
#980=LINE('',#2508,#1190);
#981=LINE('',#2510,#1191);
#982=LINE('',#2512,#1192);
#983=LINE('',#2514,#1193);
#984=LINE('',#2516,#1194);
#985=LINE('',#2518,#1195);
#986=LINE('',#2520,#1196);
#987=LINE('',#2522,#1197);
#988=LINE('',#2524,#1198);
#989=LINE('',#2526,#1199);
#990=LINE('',#2528,#1200);
#991=LINE('',#2530,#1201);
#992=LINE('',#2532,#1202);
#993=LINE('',#2534,#1203);
#994=LINE('',#2536,#1204);
#995=LINE('',#2538,#1205);
#996=LINE('',#2540,#1206);
#997=LINE('',#2542,#1207);
#998=LINE('',#2544,#1208);
#999=LINE('',#2546,#1209);
#1000=LINE('',#2548,#1210);
#1001=LINE('',#2550,#1211);
#1002=LINE('',#2552,#1212);
#1003=LINE('',#2554,#1213);
#1004=LINE('',#2556,#1214);
#1005=LINE('',#2558,#1215);
#1006=LINE('',#2560,#1216);
#1007=LINE('',#2562,#1217);
#1008=LINE('',#2564,#1218);
#1009=LINE('',#2567,#1219);
#1010=LINE('',#2569,#1220);
#1011=LINE('',#2571,#1221);
#1012=LINE('',#2573,#1222);
#1013=LINE('',#2575,#1223);
#1014=LINE('',#2577,#1224);
#1015=LINE('',#2579,#1225);
#1016=LINE('',#2581,#1226);
#1017=LINE('',#2583,#1227);
#1018=LINE('',#2585,#1228);
#1019=LINE('',#2587,#1229);
#1020=LINE('',#2589,#1230);
#1021=LINE('',#2591,#1231);
#1022=LINE('',#2592,#1232);
#1023=LINE('',#2598,#1233);
#1024=LINE('',#2600,#1234);
#1025=LINE('',#2602,#1235);
#1026=LINE('',#2604,#1236);
#1027=LINE('',#2607,#1237);
#1028=LINE('',#2609,#1238);
#1029=LINE('',#2611,#1239);
#1030=LINE('',#2613,#1240);
#1031=LINE('',#2616,#1241);
#1032=LINE('',#2618,#1242);
#1033=LINE('',#2620,#1243);
#1034=LINE('',#2622,#1244);
#1035=LINE('',#2623,#1245);
#1036=LINE('',#2625,#1246);
#1037=LINE('',#2628,#1247);
#1038=LINE('',#2630,#1248);
#1039=LINE('',#2632,#1249);
#1040=LINE('',#2634,#1250);
#1041=LINE('',#2636,#1251);
#1042=LINE('',#2639,#1252);
#1043=LINE('',#2640,#1253);
#1044=LINE('',#2642,#1254);
#1045=LINE('',#2644,#1255);
#1046=LINE('',#2646,#1256);
#1047=LINE('',#2648,#1257);
#1048=LINE('',#2650,#1258);
#1049=LINE('',#2652,#1259);
#1050=LINE('',#2654,#1260);
#1051=LINE('',#2656,#1261);
#1052=LINE('',#2658,#1262);
#1053=LINE('',#2660,#1263);
#1054=LINE('',#2662,#1264);
#1055=LINE('',#2663,#1265);
#1056=LINE('',#2665,#1266);
#1057=LINE('',#2667,#1267);
#1058=LINE('',#2668,#1268);
#1059=LINE('',#2672,#1269);
#1060=LINE('',#2675,#1270);
#1061=LINE('',#2676,#1271);
#1062=LINE('',#2678,#1272);
#1063=LINE('',#2680,#1273);
#1064=LINE('',#2684,#1274);
#1065=LINE('',#2687,#1275);
#1066=LINE('',#2689,#1276);
#1067=LINE('',#2690,#1277);
#1068=LINE('',#2692,#1278);
#1069=LINE('',#2695,#1279);
#1070=LINE('',#2696,#1280);
#1071=LINE('',#2698,#1281);
#1072=LINE('',#2699,#1282);
#1073=LINE('',#2701,#1283);
#1074=LINE('',#2703,#1284);
#1075=LINE('',#2704,#1285);
#1076=LINE('',#2706,#1286);
#1077=LINE('',#2708,#1287);
#1078=LINE('',#2711,#1288);
#1079=LINE('',#2712,#1289);
#1080=LINE('',#2713,#1290);
#1081=LINE('',#2719,#1291);
#1082=LINE('',#2721,#1292);
#1083=LINE('',#2723,#1293);
#1084=LINE('',#2725,#1294);
#1085=LINE('',#2727,#1295);
#1086=LINE('',#2729,#1296);
#1087=LINE('',#2730,#1297);
#1088=LINE('',#2732,#1298);
#1089=LINE('',#2734,#1299);
#1090=LINE('',#2750,#1300);
#1091=LINE('',#2753,#1301);
#1092=LINE('',#2756,#1302);
#1093=LINE('',#2757,#1303);
#1094=LINE('',#2759,#1304);
#1095=LINE('',#2761,#1305);
#1096=LINE('',#2764,#1306);
#1097=LINE('',#2766,#1307);
#1098=LINE('',#2768,#1308);
#1099=LINE('',#2770,#1309);
#1100=LINE('',#2772,#1310);
#1101=LINE('',#2775,#1311);
#1102=LINE('',#2777,#1312);
#1103=LINE('',#2779,#1313);
#1104=LINE('',#2781,#1314);
#1105=LINE('',#2783,#1315);
#1106=LINE('',#2785,#1316);
#1107=LINE('',#2787,#1317);
#1108=LINE('',#2788,#1318);
#1109=LINE('',#2790,#1319);
#1110=LINE('',#2792,#1320);
#1111=LINE('',#2793,#1321);
#1112=LINE('',#2794,#1322);
#1113=LINE('',#2796,#1323);
#1114=LINE('',#2797,#1324);
#1115=LINE('',#2799,#1325);
#1116=LINE('',#2803,#1326);
#1117=LINE('',#2805,#1327);
#1118=LINE('',#2807,#1328);
#1119=LINE('',#2811,#1329);
#1120=LINE('',#2812,#1330);
#1121=LINE('',#2814,#1331);
#1122=LINE('',#2816,#1332);
#1123=LINE('',#2818,#1333);
#1124=LINE('',#2820,#1334);
#1125=LINE('',#2821,#1335);
#1126=LINE('',#2823,#1336);
#1127=LINE('',#2825,#1337);
#1128=LINE('',#2841,#1338);
#1129=LINE('',#2844,#1339);
#1130=LINE('',#2845,#1340);
#1131=LINE('',#2847,#1341);
#1132=LINE('',#2849,#1342);
#1133=LINE('',#2852,#1343);
#1134=LINE('',#2854,#1344);
#1135=LINE('',#2856,#1345);
#1136=LINE('',#2858,#1346);
#1137=LINE('',#2860,#1347);
#1138=LINE('',#2863,#1348);
#1139=LINE('',#2865,#1349);
#1140=LINE('',#2867,#1350);
#1141=LINE('',#2924,#1351);
#1142=LINE('',#2927,#1352);
#1143=LINE('',#2929,#1353);
#1144=LINE('',#2931,#1354);
#1145=LINE('',#2933,#1355);
#1146=LINE('',#2935,#1356);
#1147=LINE('',#2937,#1357);
#1148=LINE('',#2939,#1358);
#1149=LINE('',#2941,#1359);
#1150=LINE('',#2943,#1360);
#1151=LINE('',#2945,#1361);
#1152=LINE('',#2948,#1362);
#1153=LINE('',#2950,#1363);
#1154=LINE('',#2952,#1364);
#1155=LINE('',#2954,#1365);
#1156=LINE('',#2956,#1366);
#1157=LINE('',#2958,#1367);
#1158=LINE('',#2960,#1368);
#1159=LINE('',#2962,#1369);
#1160=LINE('',#2964,#1370);
#1161=LINE('',#2966,#1371);
#1162=LINE('',#2969,#1372);
#1163=LINE('',#2971,#1373);
#1164=LINE('',#2973,#1374);
#1165=LINE('',#2975,#1375);
#1166=LINE('',#2976,#1376);
#1167=LINE('',#2978,#1377);
#1168=LINE('',#2979,#1378);
#1169=LINE('',#2981,#1379);
#1170=LINE('',#2983,#1380);
#1171=LINE('',#2985,#1381);
#1172=LINE('',#2987,#1382);
#1173=LINE('',#2989,#1383);
#1174=LINE('',#2990,#1384);
#1175=LINE('',#2991,#1385);
#1176=LINE('',#2993,#1386);
#1177=LINE('',#2995,#1387);
#1178=LINE('',#2997,#1388);
#1179=LINE('',#2999,#1389);
#1180=LINE('',#3000,#1390);
#1181=LINE('',#3001,#1391);
#1182=LINE('',#3005,#1392);
#1183=LINE('',#3007,#1393);
#1184=LINE('',#3009,#1394);
#1185=LINE('',#3012,#1395);
#1186=VECTOR('',#2021,1.);
#1187=VECTOR('',#2022,1.);
#1188=VECTOR('',#2023,1.);
#1189=VECTOR('',#2024,1.);
#1190=VECTOR('',#2025,1.);
#1191=VECTOR('',#2026,1.);
#1192=VECTOR('',#2027,1.);
#1193=VECTOR('',#2028,1.);
#1194=VECTOR('',#2029,1.);
#1195=VECTOR('',#2030,1.);
#1196=VECTOR('',#2031,1.);
#1197=VECTOR('',#2032,1.);
#1198=VECTOR('',#2033,1.);
#1199=VECTOR('',#2034,1.);
#1200=VECTOR('',#2035,1.);
#1201=VECTOR('',#2036,1.);
#1202=VECTOR('',#2037,1.);
#1203=VECTOR('',#2038,1.);
#1204=VECTOR('',#2039,1.);
#1205=VECTOR('',#2040,1.);
#1206=VECTOR('',#2041,1.);
#1207=VECTOR('',#2042,1.);
#1208=VECTOR('',#2045,1.);
#1209=VECTOR('',#2046,1.);
#1210=VECTOR('',#2047,1.);
#1211=VECTOR('',#2048,1.);
#1212=VECTOR('',#2049,1.);
#1213=VECTOR('',#2050,1.);
#1214=VECTOR('',#2051,1.);
#1215=VECTOR('',#2052,1.);
#1216=VECTOR('',#2053,1.);
#1217=VECTOR('',#2054,1.);
#1218=VECTOR('',#2057,1.);
#1219=VECTOR('',#2058,1.);
#1220=VECTOR('',#2059,1.);
#1221=VECTOR('',#2060,1.);
#1222=VECTOR('',#2061,1.);
#1223=VECTOR('',#2062,1.);
#1224=VECTOR('',#2063,1.);
#1225=VECTOR('',#2064,1.);
#1226=VECTOR('',#2065,1.);
#1227=VECTOR('',#2066,1.);
#1228=VECTOR('',#2067,1.);
#1229=VECTOR('',#2068,1.);
#1230=VECTOR('',#2069,1.);
#1231=VECTOR('',#2070,1.);
#1232=VECTOR('',#2071,1.);
#1233=VECTOR('',#2078,1.);
#1234=VECTOR('',#2079,1.);
#1235=VECTOR('',#2080,1.);
#1236=VECTOR('',#2083,1.);
#1237=VECTOR('',#2084,1.);
#1238=VECTOR('',#2085,1.);
#1239=VECTOR('',#2086,1.);
#1240=VECTOR('',#2089,1.);
#1241=VECTOR('',#2090,1.);
#1242=VECTOR('',#2091,1.);
#1243=VECTOR('',#2092,1.);
#1244=VECTOR('',#2095,1.);
#1245=VECTOR('',#2096,1.);
#1246=VECTOR('',#2099,1.);
#1247=VECTOR('',#2100,1.);
#1248=VECTOR('',#2101,1.);
#1249=VECTOR('',#2102,1.);
#1250=VECTOR('',#2103,1.);
#1251=VECTOR('',#2106,1.);
#1252=VECTOR('',#2107,1.);
#1253=VECTOR('',#2108,1.);
#1254=VECTOR('',#2109,1.);
#1255=VECTOR('',#2110,1.);
#1256=VECTOR('',#2111,1.);
#1257=VECTOR('',#2112,1.);
#1258=VECTOR('',#2113,1.);
#1259=VECTOR('',#2114,1.);
#1260=VECTOR('',#2115,1.);
#1261=VECTOR('',#2118,1.);
#1262=VECTOR('',#2119,1.);
#1263=VECTOR('',#2120,1.);
#1264=VECTOR('',#2121,1.);
#1265=VECTOR('',#2122,1.);
#1266=VECTOR('',#2123,1.);
#1267=VECTOR('',#2126,1.);
#1268=VECTOR('',#2127,1.);
#1269=VECTOR('',#2132,1.);
#1270=VECTOR('',#2133,1.);
#1271=VECTOR('',#2134,1.);
#1272=VECTOR('',#2135,1.);
#1273=VECTOR('',#2136,1.);
#1274=VECTOR('',#2141,1.);
#1275=VECTOR('',#2142,1.);
#1276=VECTOR('',#2143,1.);
#1277=VECTOR('',#2144,1.);
#1278=VECTOR('',#2147,1.);
#1279=VECTOR('',#2148,1.);
#1280=VECTOR('',#2149,1.);
#1281=VECTOR('',#2150,1.);
#1282=VECTOR('',#2151,1.);
#1283=VECTOR('',#2154,1.);
#1284=VECTOR('',#2155,1.);
#1285=VECTOR('',#2156,1.);
#1286=VECTOR('',#2157,1.);
#1287=VECTOR('',#2160,1.);
#1288=VECTOR('',#2161,1.);
#1289=VECTOR('',#2162,1.);
#1290=VECTOR('',#2163,1.);
#1291=VECTOR('',#2170,1.);
#1292=VECTOR('',#2171,1.);
#1293=VECTOR('',#2174,1.);
#1294=VECTOR('',#2175,1.);
#1295=VECTOR('',#2178,1.);
#1296=VECTOR('',#2181,1.);
#1297=VECTOR('',#2182,1.);
#1298=VECTOR('',#2185,1.);
#1299=VECTOR('',#2188,1.);
#1300=VECTOR('',#2211,1.);
#1301=VECTOR('',#2216,1.);
#1302=VECTOR('',#2217,1.);
#1303=VECTOR('',#2218,1.);
#1304=VECTOR('',#2221,1.);
#1305=VECTOR('',#2224,1.);
#1306=VECTOR('',#2229,1.);
#1307=VECTOR('',#2230,1.);
#1308=VECTOR('',#2233,1.);
#1309=VECTOR('',#2234,1.);
#1310=VECTOR('',#2237,1.);
#1311=VECTOR('',#2242,1.);
#1312=VECTOR('',#2243,1.);
#1313=VECTOR('',#2246,1.);
#1314=VECTOR('',#2247,1.);
#1315=VECTOR('',#2248,1.);
#1316=VECTOR('',#2249,1.);
#1317=VECTOR('',#2250,1.);
#1318=VECTOR('',#2251,1.);
#1319=VECTOR('',#2252,1.);
#1320=VECTOR('',#2255,1.);
#1321=VECTOR('',#2256,1.);
#1322=VECTOR('',#2257,1.);
#1323=VECTOR('',#2258,1.);
#1324=VECTOR('',#2259,1.);
#1325=VECTOR('',#2260,1.);
#1326=VECTOR('',#2265,1.);
#1327=VECTOR('',#2266,1.);
#1328=VECTOR('',#2267,1.);
#1329=VECTOR('',#2272,1.);
#1330=VECTOR('',#2273,1.);
#1331=VECTOR('',#2276,1.);
#1332=VECTOR('',#2277,1.);
#1333=VECTOR('',#2280,1.);
#1334=VECTOR('',#2281,1.);
#1335=VECTOR('',#2282,1.);
#1336=VECTOR('',#2283,1.);
#1337=VECTOR('',#2286,1.);
#1338=VECTOR('',#2309,1.);
#1339=VECTOR('',#2310,1.);
#1340=VECTOR('',#2311,1.);
#1341=VECTOR('',#2314,1.);
#1342=VECTOR('',#2317,1.);
#1343=VECTOR('',#2322,1.);
#1344=VECTOR('',#2323,1.);
#1345=VECTOR('',#2326,1.);
#1346=VECTOR('',#2327,1.);
#1347=VECTOR('',#2330,1.);
#1348=VECTOR('',#2335,1.);
#1349=VECTOR('',#2338,1.);
#1350=VECTOR('',#2341,1.);
#1351=VECTOR('',#2414,1.);
#1352=VECTOR('',#2415,1.);
#1353=VECTOR('',#2416,1.);
#1354=VECTOR('',#2417,1.);
#1355=VECTOR('',#2420,1.);
#1356=VECTOR('',#2421,1.);
#1357=VECTOR('',#2422,1.);
#1358=VECTOR('',#2423,1.);
#1359=VECTOR('',#2426,1.);
#1360=VECTOR('',#2427,1.);
#1361=VECTOR('',#2430,1.);
#1362=VECTOR('',#2431,1.);
#1363=VECTOR('',#2432,1.);
#1364=VECTOR('',#2433,1.);
#1365=VECTOR('',#2436,1.);
#1366=VECTOR('',#2437,1.);
#1367=VECTOR('',#2438,1.);
#1368=VECTOR('',#2441,1.);
#1369=VECTOR('',#2442,1.);
#1370=VECTOR('',#2443,1.);
#1371=VECTOR('',#2446,1.);
#1372=VECTOR('',#2447,1.);
#1373=VECTOR('',#2448,1.);
#1374=VECTOR('',#2449,1.);
#1375=VECTOR('',#2452,1.);
#1376=VECTOR('',#2453,1.);
#1377=VECTOR('',#2456,1.);
#1378=VECTOR('',#2457,1.);
#1379=VECTOR('',#2458,1.);
#1380=VECTOR('',#2461,1.);
#1381=VECTOR('',#2462,1.);
#1382=VECTOR('',#2463,1.);
#1383=VECTOR('',#2466,1.);
#1384=VECTOR('',#2467,1.);
#1385=VECTOR('',#2468,1.);
#1386=VECTOR('',#2471,1.);
#1387=VECTOR('',#2472,1.);
#1388=VECTOR('',#2473,1.);
#1389=VECTOR('',#2476,1.);
#1390=VECTOR('',#2477,1.);
#1391=VECTOR('',#2478,1.);
#1392=VECTOR('',#2485,1.);
#1393=VECTOR('',#2486,1.);
#1394=VECTOR('',#2489,1.);
#1395=VECTOR('',#2494,1.);
#1396=EDGE_LOOP('',(#66,#67,#68,#69,#70,#71,#72,#73,#74,#75,#76,#77,#78,
#79,#80,#81,#82,#83,#84,#85,#86,#87));
#1397=EDGE_LOOP('',(#88,#89,#90,#91,#92,#93,#94,#95,#96,#97,#98));
#1398=EDGE_LOOP('',(#99,#100,#101,#102,#103,#104,#105,#106,#107,#108,#109,
#110,#111,#112,#113,#114));
#1399=EDGE_LOOP('',(#115));
#1400=EDGE_LOOP('',(#116));
#1401=EDGE_LOOP('',(#117,#118,#119,#120));
#1402=EDGE_LOOP('',(#121,#122,#123,#124));
#1403=EDGE_LOOP('',(#125,#126,#127,#128));
#1404=EDGE_LOOP('',(#129,#130,#131,#132));
#1405=EDGE_LOOP('',(#133,#134,#135,#136,#137));
#1406=EDGE_LOOP('',(#138,#139,#140,#141,#142,#143,#144,#145,#146,#147,#148));
#1407=EDGE_LOOP('',(#149,#150,#151,#152,#153,#154,#155,#156));
#1408=EDGE_LOOP('',(#157,#158,#159,#160));
#1409=EDGE_LOOP('',(#161));
#1410=EDGE_LOOP('',(#162,#163,#164,#165,#166));
#1411=EDGE_LOOP('',(#167));
#1412=EDGE_LOOP('',(#168,#169,#170,#171,#172));
#1413=EDGE_LOOP('',(#173,#174,#175,#176,#177,#178,#179,#180));
#1414=EDGE_LOOP('',(#181,#182,#183,#184,#185,#186,#187,#188));
#1415=EDGE_LOOP('',(#189,#190,#191,#192,#193,#194,#195,#196));
#1416=EDGE_LOOP('',(#197));
#1417=EDGE_LOOP('',(#198));
#1418=EDGE_LOOP('',(#199,#200,#201,#202));
#1419=EDGE_LOOP('',(#203,#204,#205,#206));
#1420=EDGE_LOOP('',(#207,#208,#209,#210,#211,#212));
#1421=EDGE_LOOP('',(#213,#214,#215,#216));
#1422=EDGE_LOOP('',(#217,#218,#219,#220));
#1423=EDGE_LOOP('',(#221,#222,#223,#224));
#1424=EDGE_LOOP('',(#225));
#1425=EDGE_LOOP('',(#226));
#1426=EDGE_LOOP('',(#227));
#1427=EDGE_LOOP('',(#228));
#1428=EDGE_LOOP('',(#229));
#1429=EDGE_LOOP('',(#230));
#1430=EDGE_LOOP('',(#231));
#1431=EDGE_LOOP('',(#232));
#1432=EDGE_LOOP('',(#233));
#1433=EDGE_LOOP('',(#234));
#1434=EDGE_LOOP('',(#235));
#1435=EDGE_LOOP('',(#236));
#1436=EDGE_LOOP('',(#237,#238,#239,#240));
#1437=EDGE_LOOP('',(#241,#242,#243,#244,#245,#246,#247,#248));
#1438=EDGE_LOOP('',(#249,#250,#251,#252));
#1439=EDGE_LOOP('',(#253,#254,#255,#256));
#1440=EDGE_LOOP('',(#257,#258,#259,#260));
#1441=EDGE_LOOP('',(#261,#262,#263,#264));
#1442=EDGE_LOOP('',(#265,#266,#267,#268));
#1443=EDGE_LOOP('',(#269,#270,#271,#272));
#1444=EDGE_LOOP('',(#273,#274,#275,#276));
#1445=EDGE_LOOP('',(#277,#278,#279,#280));
#1446=EDGE_LOOP('',(#281,#282,#283,#284));
#1447=EDGE_LOOP('',(#285,#286,#287,#288,#289,#290,#291,#292,#293));
#1448=EDGE_LOOP('',(#294,#295,#296,#297,#298,#299,#300,#301,#302,#303,#304));
#1449=EDGE_LOOP('',(#305));
#1450=EDGE_LOOP('',(#306,#307,#308,#309));
#1451=EDGE_LOOP('',(#310));
#1452=EDGE_LOOP('',(#311,#312,#313,#314));
#1453=EDGE_LOOP('',(#315,#316,#317,#318,#319,#320,#321,#322));
#1454=EDGE_LOOP('',(#323,#324,#325,#326,#327,#328,#329,#330));
#1455=EDGE_LOOP('',(#331,#332,#333,#334,#335));
#1456=EDGE_LOOP('',(#336));
#1457=EDGE_LOOP('',(#337));
#1458=EDGE_LOOP('',(#338));
#1459=EDGE_LOOP('',(#339));
#1460=EDGE_LOOP('',(#340));
#1461=EDGE_LOOP('',(#341));
#1462=EDGE_LOOP('',(#342));
#1463=EDGE_LOOP('',(#343));
#1464=EDGE_LOOP('',(#344));
#1465=EDGE_LOOP('',(#345));
#1466=EDGE_LOOP('',(#346));
#1467=EDGE_LOOP('',(#347));
#1468=EDGE_LOOP('',(#348,#349,#350,#351));
#1469=EDGE_LOOP('',(#352,#353,#354,#355));
#1470=EDGE_LOOP('',(#356,#357,#358,#359));
#1471=EDGE_LOOP('',(#360,#361,#362,#363));
#1472=EDGE_LOOP('',(#364,#365,#366,#367));
#1473=EDGE_LOOP('',(#368,#369,#370,#371));
#1474=EDGE_LOOP('',(#372,#373,#374,#375));
#1475=EDGE_LOOP('',(#376,#377,#378,#379));
#1476=EDGE_LOOP('',(#380,#381,#382,#383));
#1477=EDGE_LOOP('',(#384,#385,#386,#387));
#1478=EDGE_LOOP('',(#388,#389,#390,#391));
#1479=EDGE_LOOP('',(#392,#393,#394,#395,#396,#397,#398,#399,#400,#401));
#1480=EDGE_LOOP('',(#402,#403,#404,#405));
#1481=EDGE_LOOP('',(#406,#407,#408,#409));
#1482=EDGE_LOOP('',(#410,#411,#412,#413));
#1483=EDGE_LOOP('',(#414,#415,#416,#417));
#1484=EDGE_LOOP('',(#418));
#1485=EDGE_LOOP('',(#419));
#1486=EDGE_LOOP('',(#420));
#1487=EDGE_LOOP('',(#421));
#1488=EDGE_LOOP('',(#422));
#1489=EDGE_LOOP('',(#423));
#1490=EDGE_LOOP('',(#424));
#1491=EDGE_LOOP('',(#425));
#1492=EDGE_LOOP('',(#426));
#1493=EDGE_LOOP('',(#427));
#1494=EDGE_LOOP('',(#428));
#1495=EDGE_LOOP('',(#429));
#1496=EDGE_LOOP('',(#430));
#1497=EDGE_LOOP('',(#431));
#1498=EDGE_LOOP('',(#432));
#1499=EDGE_LOOP('',(#433));
#1500=EDGE_LOOP('',(#434));
#1501=EDGE_LOOP('',(#435));
#1502=EDGE_LOOP('',(#436));
#1503=EDGE_LOOP('',(#437));
#1504=EDGE_LOOP('',(#438,#439,#440,#441));
#1505=EDGE_LOOP('',(#442));
#1506=EDGE_LOOP('',(#443));
#1507=EDGE_LOOP('',(#444));
#1508=EDGE_LOOP('',(#445));
#1509=EDGE_LOOP('',(#446,#447,#448,#449,#450));
#1510=EDGE_LOOP('',(#451));
#1511=EDGE_LOOP('',(#452,#453,#454,#455));
#1512=EDGE_LOOP('',(#456,#457,#458,#459));
#1513=EDGE_LOOP('',(#460,#461,#462,#463));
#1514=EDGE_LOOP('',(#464,#465,#466,#467));
#1515=EDGE_LOOP('',(#468,#469,#470,#471));
#1516=EDGE_LOOP('',(#472));
#1517=EDGE_LOOP('',(#473));
#1518=EDGE_LOOP('',(#474));
#1519=EDGE_LOOP('',(#475));
#1520=EDGE_LOOP('',(#476,#477,#478,#479,#480));
#1521=EDGE_LOOP('',(#481));
#1522=EDGE_LOOP('',(#482,#483,#484,#485,#486,#487,#488));
#1523=EDGE_LOOP('',(#489,#490,#491,#492,#493,#494));
#1524=EDGE_LOOP('',(#495,#496,#497,#498,#499,#500));
#1525=EDGE_LOOP('',(#501,#502,#503,#504,#505,#506));
#1526=EDGE_LOOP('',(#507,#508,#509,#510));
#1527=EDGE_LOOP('',(#511,#512,#513,#514,#515,#516));
#1528=EDGE_LOOP('',(#517,#518,#519,#520,#521,#522));
#1529=EDGE_LOOP('',(#523,#524,#525,#526,#527,#528,#529));
#1530=EDGE_LOOP('',(#530,#531,#532,#533));
#1531=EDGE_LOOP('',(#534));
#1532=EDGE_LOOP('',(#535));
#1533=EDGE_LOOP('',(#536));
#1534=EDGE_LOOP('',(#537));
#1535=EDGE_LOOP('',(#538,#539,#540,#541,#542));
#1536=EDGE_LOOP('',(#543));
#1537=EDGE_LOOP('',(#544,#545,#546,#547,#548));
#1538=EDGE_LOOP('',(#549));
#1539=EDGE_LOOP('',(#550));
#1540=EDGE_LOOP('',(#551));
#1541=EDGE_LOOP('',(#552));
#1542=EDGE_LOOP('',(#553));
#1543=EDGE_LOOP('',(#554,#555,#556,#557));
#1544=FACE_BOUND('',#1396,.T.);
#1545=FACE_BOUND('',#1397,.T.);
#1546=FACE_BOUND('',#1398,.T.);
#1547=FACE_BOUND('',#1399,.T.);
#1548=FACE_BOUND('',#1400,.T.);
#1549=FACE_BOUND('',#1401,.T.);
#1550=FACE_BOUND('',#1402,.T.);
#1551=FACE_BOUND('',#1403,.T.);
#1552=FACE_BOUND('',#1404,.T.);
#1553=FACE_BOUND('',#1405,.T.);
#1554=FACE_BOUND('',#1406,.T.);
#1555=FACE_BOUND('',#1407,.T.);
#1556=FACE_BOUND('',#1408,.T.);
#1557=FACE_BOUND('',#1409,.T.);
#1558=FACE_BOUND('',#1410,.T.);
#1559=FACE_BOUND('',#1411,.T.);
#1560=FACE_BOUND('',#1412,.T.);
#1561=FACE_BOUND('',#1413,.T.);
#1562=FACE_BOUND('',#1414,.T.);
#1563=FACE_BOUND('',#1415,.T.);
#1564=FACE_BOUND('',#1416,.T.);
#1565=FACE_BOUND('',#1417,.T.);
#1566=FACE_BOUND('',#1418,.T.);
#1567=FACE_BOUND('',#1419,.T.);
#1568=FACE_BOUND('',#1420,.T.);
#1569=FACE_BOUND('',#1421,.T.);
#1570=FACE_BOUND('',#1422,.T.);
#1571=FACE_BOUND('',#1423,.T.);
#1572=FACE_BOUND('',#1424,.T.);
#1573=FACE_BOUND('',#1425,.T.);
#1574=FACE_BOUND('',#1426,.T.);
#1575=FACE_BOUND('',#1427,.T.);
#1576=FACE_BOUND('',#1428,.T.);
#1577=FACE_BOUND('',#1429,.T.);
#1578=FACE_BOUND('',#1430,.T.);
#1579=FACE_BOUND('',#1431,.T.);
#1580=FACE_BOUND('',#1432,.T.);
#1581=FACE_BOUND('',#1433,.T.);
#1582=FACE_BOUND('',#1434,.T.);
#1583=FACE_BOUND('',#1435,.T.);
#1584=FACE_BOUND('',#1436,.T.);
#1585=FACE_BOUND('',#1437,.T.);
#1586=FACE_BOUND('',#1438,.T.);
#1587=FACE_BOUND('',#1439,.T.);
#1588=FACE_BOUND('',#1440,.T.);
#1589=FACE_BOUND('',#1441,.T.);
#1590=FACE_BOUND('',#1442,.T.);
#1591=FACE_BOUND('',#1443,.T.);
#1592=FACE_BOUND('',#1444,.T.);
#1593=FACE_BOUND('',#1445,.T.);
#1594=FACE_BOUND('',#1446,.T.);
#1595=FACE_BOUND('',#1447,.T.);
#1596=FACE_BOUND('',#1448,.T.);
#1597=FACE_BOUND('',#1449,.T.);
#1598=FACE_BOUND('',#1450,.T.);
#1599=FACE_BOUND('',#1451,.T.);
#1600=FACE_BOUND('',#1452,.T.);
#1601=FACE_BOUND('',#1453,.T.);
#1602=FACE_BOUND('',#1454,.T.);
#1603=FACE_BOUND('',#1455,.T.);
#1604=FACE_BOUND('',#1456,.T.);
#1605=FACE_BOUND('',#1457,.T.);
#1606=FACE_BOUND('',#1458,.T.);
#1607=FACE_BOUND('',#1459,.T.);
#1608=FACE_BOUND('',#1460,.T.);
#1609=FACE_BOUND('',#1461,.T.);
#1610=FACE_BOUND('',#1462,.T.);
#1611=FACE_BOUND('',#1463,.T.);
#1612=FACE_BOUND('',#1464,.T.);
#1613=FACE_BOUND('',#1465,.T.);
#1614=FACE_BOUND('',#1466,.T.);
#1615=FACE_BOUND('',#1467,.T.);
#1616=FACE_BOUND('',#1468,.T.);
#1617=FACE_BOUND('',#1469,.T.);
#1618=FACE_BOUND('',#1470,.T.);
#1619=FACE_BOUND('',#1471,.T.);
#1620=FACE_BOUND('',#1472,.T.);
#1621=FACE_BOUND('',#1473,.T.);
#1622=FACE_BOUND('',#1474,.T.);
#1623=FACE_BOUND('',#1475,.T.);
#1624=FACE_BOUND('',#1476,.T.);
#1625=FACE_BOUND('',#1477,.T.);
#1626=FACE_BOUND('',#1478,.T.);
#1627=FACE_BOUND('',#1479,.T.);
#1628=FACE_BOUND('',#1480,.T.);
#1629=FACE_BOUND('',#1481,.T.);
#1630=FACE_BOUND('',#1482,.T.);
#1631=FACE_BOUND('',#1483,.T.);
#1632=FACE_BOUND('',#1484,.T.);
#1633=FACE_BOUND('',#1485,.T.);
#1634=FACE_BOUND('',#1486,.T.);
#1635=FACE_BOUND('',#1487,.T.);
#1636=FACE_BOUND('',#1488,.T.);
#1637=FACE_BOUND('',#1489,.T.);
#1638=FACE_BOUND('',#1490,.T.);
#1639=FACE_BOUND('',#1491,.T.);
#1640=FACE_BOUND('',#1492,.T.);
#1641=FACE_BOUND('',#1493,.T.);
#1642=FACE_BOUND('',#1494,.T.);
#1643=FACE_BOUND('',#1495,.T.);
#1644=FACE_BOUND('',#1496,.T.);
#1645=FACE_BOUND('',#1497,.T.);
#1646=FACE_BOUND('',#1498,.T.);
#1647=FACE_BOUND('',#1499,.T.);
#1648=FACE_BOUND('',#1500,.T.);
#1649=FACE_BOUND('',#1501,.T.);
#1650=FACE_BOUND('',#1502,.T.);
#1651=FACE_BOUND('',#1503,.T.);
#1652=FACE_BOUND('',#1504,.T.);
#1653=FACE_BOUND('',#1505,.T.);
#1654=FACE_BOUND('',#1506,.T.);
#1655=FACE_BOUND('',#1507,.T.);
#1656=FACE_BOUND('',#1508,.T.);
#1657=FACE_BOUND('',#1509,.T.);
#1658=FACE_BOUND('',#1510,.T.);
#1659=FACE_BOUND('',#1511,.T.);
#1660=FACE_BOUND('',#1512,.T.);
#1661=FACE_BOUND('',#1513,.T.);
#1662=FACE_BOUND('',#1514,.T.);
#1663=FACE_BOUND('',#1515,.T.);
#1664=FACE_BOUND('',#1516,.T.);
#1665=FACE_BOUND('',#1517,.T.);
#1666=FACE_BOUND('',#1518,.T.);
#1667=FACE_BOUND('',#1519,.T.);
#1668=FACE_BOUND('',#1520,.T.);
#1669=FACE_BOUND('',#1521,.T.);
#1670=FACE_BOUND('',#1522,.T.);
#1671=FACE_BOUND('',#1523,.T.);
#1672=FACE_BOUND('',#1524,.T.);
#1673=FACE_BOUND('',#1525,.T.);
#1674=FACE_BOUND('',#1526,.T.);
#1675=FACE_BOUND('',#1527,.T.);
#1676=FACE_BOUND('',#1528,.T.);
#1677=FACE_BOUND('',#1529,.T.);
#1678=FACE_BOUND('',#1530,.T.);
#1679=FACE_BOUND('',#1531,.T.);
#1680=FACE_BOUND('',#1532,.T.);
#1681=FACE_BOUND('',#1533,.T.);
#1682=FACE_BOUND('',#1534,.T.);
#1683=FACE_BOUND('',#1535,.T.);
#1684=FACE_BOUND('',#1536,.T.);
#1685=FACE_BOUND('',#1537,.T.);
#1686=FACE_BOUND('',#1538,.T.);
#1687=FACE_BOUND('',#1539,.T.);
#1688=FACE_BOUND('',#1540,.T.);
#1689=FACE_BOUND('',#1541,.T.);
#1690=FACE_BOUND('',#1542,.T.);
#1691=FACE_BOUND('',#1543,.T.);
#1692=PLANE('',#1883);
#1693=PLANE('',#1884);
#1694=PLANE('',#1885);
#1695=PLANE('',#1886);
#1696=PLANE('',#1889);
#1697=PLANE('',#1890);
#1698=PLANE('',#1891);
#1699=PLANE('',#1892);
#1700=PLANE('',#1893);
#1701=PLANE('',#1894);
#1702=PLANE('',#1895);
#1703=PLANE('',#1896);
#1704=PLANE('',#1898);
#1705=PLANE('',#1900);
#1706=PLANE('',#1901);
#1707=PLANE('',#1902);
#1708=PLANE('',#1905);
#1709=PLANE('',#1906);
#1710=PLANE('',#1907);
#1711=PLANE('',#1908);
#1712=PLANE('',#1909);
#1713=PLANE('',#1910);
#1714=PLANE('',#1913);
#1715=PLANE('',#1918);
#1716=PLANE('',#1921);
#1717=PLANE('',#1922);
#1718=PLANE('',#1923);
#1719=PLANE('',#1924);
#1720=PLANE('',#1925);
#1721=PLANE('',#1926);
#1722=PLANE('',#1927);
#1723=PLANE('',#1928);
#1724=PLANE('',#1929);
#1725=PLANE('',#1930);
#1726=PLANE('',#1931);
#1727=PLANE('',#1932);
#1728=PLANE('',#1933);
#1729=PLANE('',#1934);
#1730=PLANE('',#1936);
#1731=PLANE('',#1938);
#1732=PLANE('',#1939);
#1733=PLANE('',#1940);
#1734=PLANE('',#1943);
#1735=PLANE('',#1948);
#1736=PLANE('',#1951);
#1737=PLANE('',#1952);
#1738=PLANE('',#1953);
#1739=PLANE('',#1954);
#1740=PLANE('',#1955);
#1741=PLANE('',#1956);
#1742=PLANE('',#1957);
#1743=PLANE('',#1958);
#1744=PLANE('',#1959);
#1745=PLANE('',#1960);
#1746=PLANE('',#1961);
#1747=PLANE('',#1962);
#1748=PLANE('',#1963);
#1749=PLANE('',#1964);
#1750=PLANE('',#1965);
#1751=PLANE('',#1966);
#1752=PLANE('',#1997);
#1753=PLANE('',#1998);
#1754=PLANE('',#1999);
#1755=PLANE('',#2000);
#1756=PLANE('',#2001);
#1757=PLANE('',#2002);
#1758=PLANE('',#2003);
#1759=PLANE('',#2004);
#1760=PLANE('',#2005);
#1761=PLANE('',#2006);
#1762=PLANE('',#2007);
#1763=PLANE('',#2008);
#1764=PLANE('',#2009);
#1765=PLANE('',#2010);
#1766=PLANE('',#2011);
#1767=PLANE('',#2012);
#1768=PLANE('',#2013);
#1769=PLANE('',#2014);
#1770=PLANE('',#2015);
#1771=PLANE('',#2016);
#1772=ADVANCED_FACE('',(#1544),#1692,.T.);
#1773=ADVANCED_FACE('',(#1545),#1693,.T.);
#1774=ADVANCED_FACE('',(#1546),#1694,.T.);
#1775=ADVANCED_FACE('',(#1547,#1548,#1549),#1695,.T.);
#1776=ADVANCED_FACE('',(#1550),#1696,.F.);
#1777=ADVANCED_FACE('',(#1551),#1697,.T.);
#1778=ADVANCED_FACE('',(#1552),#1698,.F.);
#1779=ADVANCED_FACE('',(#1553),#1699,.T.);
#1780=ADVANCED_FACE('',(#1554),#1700,.T.);
#1781=ADVANCED_FACE('',(#1555),#1701,.F.);
#1782=ADVANCED_FACE('',(#1556),#1702,.T.);
#1783=ADVANCED_FACE('',(#1557,#1558),#1703,.F.);
#1784=ADVANCED_FACE('',(#1559,#1560),#1704,.F.);
#1785=ADVANCED_FACE('',(#1561),#1705,.F.);
#1786=ADVANCED_FACE('',(#1562),#1706,.T.);
#1787=ADVANCED_FACE('',(#1563,#1564,#1565),#1707,.T.);
#1788=ADVANCED_FACE('',(#1566),#1708,.F.);
#1789=ADVANCED_FACE('',(#1567),#1709,.T.);
#1790=ADVANCED_FACE('',(#1568),#1710,.F.);
#1791=ADVANCED_FACE('',(#1569),#1711,.T.);
#1792=ADVANCED_FACE('',(#1570),#1712,.T.);
#1793=ADVANCED_FACE('',(#1571),#1713,.T.);
#1794=ADVANCED_FACE('',(#1572,#1573),#12,.F.);
#1795=ADVANCED_FACE('',(#1574,#1575),#1714,.T.);
#1796=ADVANCED_FACE('',(#1576,#1577),#13,.F.);
#1797=ADVANCED_FACE('',(#1578,#1579),#14,.F.);
#1798=ADVANCED_FACE('',(#1580,#1581),#1715,.T.);
#1799=ADVANCED_FACE('',(#1582,#1583),#15,.F.);
#1800=ADVANCED_FACE('',(#1584),#1716,.F.);
#1801=ADVANCED_FACE('',(#1585),#1717,.F.);
#1802=ADVANCED_FACE('',(#1586),#1718,.T.);
#1803=ADVANCED_FACE('',(#1587),#1719,.T.);
#1804=ADVANCED_FACE('',(#1588),#1720,.F.);
#1805=ADVANCED_FACE('',(#1589),#1721,.F.);
#1806=ADVANCED_FACE('',(#1590),#1722,.F.);
#1807=ADVANCED_FACE('',(#1591),#1723,.T.);
#1808=ADVANCED_FACE('',(#1592),#1724,.F.);
#1809=ADVANCED_FACE('',(#1593),#1725,.T.);
#1810=ADVANCED_FACE('',(#1594),#1726,.T.);
#1811=ADVANCED_FACE('',(#1595),#1727,.F.);
#1812=ADVANCED_FACE('',(#1596),#1728,.T.);
#1813=ADVANCED_FACE('',(#1597,#1598),#1729,.F.);
#1814=ADVANCED_FACE('',(#1599,#1600),#1730,.F.);
#1815=ADVANCED_FACE('',(#1601),#1731,.F.);
#1816=ADVANCED_FACE('',(#1602),#1732,.T.);
#1817=ADVANCED_FACE('',(#1603),#1733,.F.);
#1818=ADVANCED_FACE('',(#1604,#1605),#16,.F.);
#1819=ADVANCED_FACE('',(#1606,#1607),#1734,.T.);
#1820=ADVANCED_FACE('',(#1608,#1609),#17,.F.);
#1821=ADVANCED_FACE('',(#1610,#1611),#18,.F.);
#1822=ADVANCED_FACE('',(#1612,#1613),#1735,.T.);
#1823=ADVANCED_FACE('',(#1614,#1615),#19,.F.);
#1824=ADVANCED_FACE('',(#1616),#1736,.T.);
#1825=ADVANCED_FACE('',(#1617),#1737,.T.);
#1826=ADVANCED_FACE('',(#1618),#1738,.F.);
#1827=ADVANCED_FACE('',(#1619),#1739,.F.);
#1828=ADVANCED_FACE('',(#1620),#1740,.F.);
#1829=ADVANCED_FACE('',(#1621),#1741,.T.);
#1830=ADVANCED_FACE('',(#1622),#1742,.F.);
#1831=ADVANCED_FACE('',(#1623),#1743,.T.);
#1832=ADVANCED_FACE('',(#1624),#1744,.T.);
#1833=ADVANCED_FACE('',(#1625),#1745,.T.);
#1834=ADVANCED_FACE('',(#1626),#1746,.T.);
#1835=ADVANCED_FACE('',(#1627),#1747,.T.);
#1836=ADVANCED_FACE('',(#1628),#1748,.T.);
#1837=ADVANCED_FACE('',(#1629),#1749,.T.);
#1838=ADVANCED_FACE('',(#1630),#1750,.T.);
#1839=ADVANCED_FACE('',(#1631),#1751,.T.);
#1840=ADVANCED_FACE('',(#1632,#1633),#20,.F.);
#1841=ADVANCED_FACE('',(#1634,#1635),#21,.F.);
#1842=ADVANCED_FACE('',(#1636,#1637),#22,.F.);
#1843=ADVANCED_FACE('',(#1638,#1639),#23,.F.);
#1844=ADVANCED_FACE('',(#1640,#1641),#24,.F.);
#1845=ADVANCED_FACE('',(#1642,#1643),#25,.F.);
#1846=ADVANCED_FACE('',(#1644,#1645),#26,.F.);
#1847=ADVANCED_FACE('',(#1646,#1647),#27,.F.);
#1848=ADVANCED_FACE('',(#1648,#1649),#28,.F.);
#1849=ADVANCED_FACE('',(#1650,#1651),#29,.F.);
#1850=ADVANCED_FACE('',(#1652),#1752,.F.);
#1851=ADVANCED_FACE('',(#1653,#1654,#1655,#1656,#1657,#1658),#1753,.F.);
#1852=ADVANCED_FACE('',(#1659),#1754,.F.);
#1853=ADVANCED_FACE('',(#1660),#1755,.F.);
#1854=ADVANCED_FACE('',(#1661),#1756,.T.);
#1855=ADVANCED_FACE('',(#1662),#1757,.F.);
#1856=ADVANCED_FACE('',(#1663),#1758,.T.);
#1857=ADVANCED_FACE('',(#1664,#1665,#1666,#1667,#1668,#1669),#1759,.F.);
#1858=ADVANCED_FACE('',(#1670),#1760,.F.);
#1859=ADVANCED_FACE('',(#1671),#1761,.F.);
#1860=ADVANCED_FACE('',(#1672),#1762,.F.);
#1861=ADVANCED_FACE('',(#1673),#1763,.F.);
#1862=ADVANCED_FACE('',(#1674),#1764,.F.);
#1863=ADVANCED_FACE('',(#1675),#1765,.T.);
#1864=ADVANCED_FACE('',(#1676),#1766,.F.);
#1865=ADVANCED_FACE('',(#1677),#1767,.F.);
#1866=ADVANCED_FACE('',(#1678),#1768,.T.);
#1867=ADVANCED_FACE('',(#1679,#1680,#1681,#1682,#1683,#1684),#1769,.T.);
#1868=ADVANCED_FACE('',(#1685,#1686,#1687,#1688,#1689,#1690),#1770,.T.);
#1869=ADVANCED_FACE('',(#1691),#1771,.F.);
#1870=CLOSED_SHELL('',(#1772,#1773,#1774,#1775,#1776,#1777,#1778,#1779,
#1780,#1781,#1782,#1783,#1784,#1785,#1786,#1787,#1788,#1789,#1790,#1791,
#1792,#1793,#1794,#1795,#1796,#1797,#1798,#1799,#1800,#1801,#1802,#1803,
#1804,#1805,#1806,#1807,#1808,#1809,#1810,#1811,#1812,#1813,#1814,#1815,
#1816,#1817,#1818,#1819,#1820,#1821,#1822,#1823,#1824,#1825,#1826,#1827,
#1828,#1829,#1830,#1831,#1832,#1833,#1834,#1835,#1836,#1837,#1838,#1839,
#1840,#1841,#1842,#1843,#1844,#1845,#1846,#1847,#1848,#1849,#1850,#1851,
#1852,#1853,#1854,#1855,#1856,#1857,#1858,#1859,#1860,#1861,#1862,#1863,
#1864,#1865,#1866,#1867,#1868,#1869));
#1871=STYLED_ITEM('',(#1872),#1879);
#1872=PRESENTATION_STYLE_ASSIGNMENT((#1873));
#1873=SURFACE_STYLE_USAGE(.BOTH.,#1874);
#1874=SURFACE_SIDE_STYLE('',(#1875));
#1875=SURFACE_STYLE_FILL_AREA(#1876);
#1876=FILL_AREA_STYLE('',(#1877));
#1877=FILL_AREA_STYLE_COLOUR('',#1878);
#1878=COLOUR_RGB('',0.615686274509804,0.811764705882353,0.929411764705882);
#1879=MANIFOLD_SOLID_BREP('Link4 Leader',#1870);
#1880=SHAPE_DEFINITION_REPRESENTATION(#3020,#1881);
#1881=SHAPE_REPRESENTATION('Link4 Leader',(#1882),#3015);
#1882=AXIS2_PLACEMENT_3D('',#2497,#2017,#2018);
#1883=AXIS2_PLACEMENT_3D('',#2498,#2019,#2020);
#1884=AXIS2_PLACEMENT_3D('',#2543,#2043,#2044);
#1885=AXIS2_PLACEMENT_3D('',#2563,#2055,#2056);
#1886=AXIS2_PLACEMENT_3D('',#2593,#2072,#2073);
#1887=AXIS2_PLACEMENT_3D('',#2594,#2074,#2075);
#1888=AXIS2_PLACEMENT_3D('',#2596,#2076,#2077);
#1889=AXIS2_PLACEMENT_3D('',#2603,#2081,#2082);
#1890=AXIS2_PLACEMENT_3D('',#2612,#2087,#2088);
#1891=AXIS2_PLACEMENT_3D('',#2621,#2093,#2094);
#1892=AXIS2_PLACEMENT_3D('',#2624,#2097,#2098);
#1893=AXIS2_PLACEMENT_3D('',#2635,#2104,#2105);
#1894=AXIS2_PLACEMENT_3D('',#2655,#2116,#2117);
#1895=AXIS2_PLACEMENT_3D('',#2666,#2124,#2125);
#1896=AXIS2_PLACEMENT_3D('',#2669,#2128,#2129);
#1897=AXIS2_PLACEMENT_3D('',#2670,#2130,#2131);
#1898=AXIS2_PLACEMENT_3D('',#2681,#2137,#2138);
#1899=AXIS2_PLACEMENT_3D('',#2682,#2139,#2140);
#1900=AXIS2_PLACEMENT_3D('',#2691,#2145,#2146);
#1901=AXIS2_PLACEMENT_3D('',#2700,#2152,#2153);
#1902=AXIS2_PLACEMENT_3D('',#2707,#2158,#2159);
#1903=AXIS2_PLACEMENT_3D('',#2714,#2164,#2165);
#1904=AXIS2_PLACEMENT_3D('',#2716,#2166,#2167);
#1905=AXIS2_PLACEMENT_3D('',#2718,#2168,#2169);
#1906=AXIS2_PLACEMENT_3D('',#2722,#2172,#2173);
#1907=AXIS2_PLACEMENT_3D('',#2726,#2176,#2177);
#1908=AXIS2_PLACEMENT_3D('',#2728,#2179,#2180);
#1909=AXIS2_PLACEMENT_3D('',#2731,#2183,#2184);
#1910=AXIS2_PLACEMENT_3D('',#2733,#2186,#2187);
#1911=AXIS2_PLACEMENT_3D('',#2735,#2189,#2190);
#1912=AXIS2_PLACEMENT_3D('',#2736,#2191,#2192);
#1913=AXIS2_PLACEMENT_3D('',#2738,#2193,#2194);
#1914=AXIS2_PLACEMENT_3D('',#2739,#2195,#2196);
#1915=AXIS2_PLACEMENT_3D('',#2741,#2197,#2198);
#1916=AXIS2_PLACEMENT_3D('',#2742,#2199,#2200);
#1917=AXIS2_PLACEMENT_3D('',#2743,#2201,#2202);
#1918=AXIS2_PLACEMENT_3D('',#2745,#2203,#2204);
#1919=AXIS2_PLACEMENT_3D('',#2746,#2205,#2206);
#1920=AXIS2_PLACEMENT_3D('',#2748,#2207,#2208);
#1921=AXIS2_PLACEMENT_3D('',#2749,#2209,#2210);
#1922=AXIS2_PLACEMENT_3D('',#2751,#2212,#2213);
#1923=AXIS2_PLACEMENT_3D('',#2752,#2214,#2215);
#1924=AXIS2_PLACEMENT_3D('',#2758,#2219,#2220);
#1925=AXIS2_PLACEMENT_3D('',#2760,#2222,#2223);
#1926=AXIS2_PLACEMENT_3D('',#2762,#2225,#2226);
#1927=AXIS2_PLACEMENT_3D('',#2763,#2227,#2228);
#1928=AXIS2_PLACEMENT_3D('',#2767,#2231,#2232);
#1929=AXIS2_PLACEMENT_3D('',#2771,#2235,#2236);
#1930=AXIS2_PLACEMENT_3D('',#2773,#2238,#2239);
#1931=AXIS2_PLACEMENT_3D('',#2774,#2240,#2241);
#1932=AXIS2_PLACEMENT_3D('',#2778,#2244,#2245);
#1933=AXIS2_PLACEMENT_3D('',#2791,#2253,#2254);
#1934=AXIS2_PLACEMENT_3D('',#2800,#2261,#2262);
#1935=AXIS2_PLACEMENT_3D('',#2801,#2263,#2264);
#1936=AXIS2_PLACEMENT_3D('',#2808,#2268,#2269);
#1937=AXIS2_PLACEMENT_3D('',#2809,#2270,#2271);
#1938=AXIS2_PLACEMENT_3D('',#2813,#2274,#2275);
#1939=AXIS2_PLACEMENT_3D('',#2817,#2278,#2279);
#1940=AXIS2_PLACEMENT_3D('',#2824,#2284,#2285);
#1941=AXIS2_PLACEMENT_3D('',#2826,#2287,#2288);
#1942=AXIS2_PLACEMENT_3D('',#2827,#2289,#2290);
#1943=AXIS2_PLACEMENT_3D('',#2829,#2291,#2292);
#1944=AXIS2_PLACEMENT_3D('',#2830,#2293,#2294);
#1945=AXIS2_PLACEMENT_3D('',#2832,#2295,#2296);
#1946=AXIS2_PLACEMENT_3D('',#2833,#2297,#2298);
#1947=AXIS2_PLACEMENT_3D('',#2834,#2299,#2300);
#1948=AXIS2_PLACEMENT_3D('',#2836,#2301,#2302);
#1949=AXIS2_PLACEMENT_3D('',#2837,#2303,#2304);
#1950=AXIS2_PLACEMENT_3D('',#2839,#2305,#2306);
#1951=AXIS2_PLACEMENT_3D('',#2840,#2307,#2308);
#1952=AXIS2_PLACEMENT_3D('',#2846,#2312,#2313);
#1953=AXIS2_PLACEMENT_3D('',#2848,#2315,#2316);
#1954=AXIS2_PLACEMENT_3D('',#2850,#2318,#2319);
#1955=AXIS2_PLACEMENT_3D('',#2851,#2320,#2321);
#1956=AXIS2_PLACEMENT_3D('',#2855,#2324,#2325);
#1957=AXIS2_PLACEMENT_3D('',#2859,#2328,#2329);
#1958=AXIS2_PLACEMENT_3D('',#2861,#2331,#2332);
#1959=AXIS2_PLACEMENT_3D('',#2862,#2333,#2334);
#1960=AXIS2_PLACEMENT_3D('',#2864,#2336,#2337);
#1961=AXIS2_PLACEMENT_3D('',#2866,#2339,#2340);
#1962=AXIS2_PLACEMENT_3D('',#2868,#2342,#2343);
#1963=AXIS2_PLACEMENT_3D('',#2869,#2344,#2345);
#1964=AXIS2_PLACEMENT_3D('',#2870,#2346,#2347);
#1965=AXIS2_PLACEMENT_3D('',#2871,#2348,#2349);
#1966=AXIS2_PLACEMENT_3D('',#2872,#2350,#2351);
#1967=AXIS2_PLACEMENT_3D('',#2873,#2352,#2353);
#1968=AXIS2_PLACEMENT_3D('',#2874,#2354,#2355);
#1969=AXIS2_PLACEMENT_3D('',#2876,#2356,#2357);
#1970=AXIS2_PLACEMENT_3D('',#2878,#2358,#2359);
#1971=AXIS2_PLACEMENT_3D('',#2879,#2360,#2361);
#1972=AXIS2_PLACEMENT_3D('',#2881,#2362,#2363);
#1973=AXIS2_PLACEMENT_3D('',#2883,#2364,#2365);
#1974=AXIS2_PLACEMENT_3D('',#2884,#2366,#2367);
#1975=AXIS2_PLACEMENT_3D('',#2886,#2368,#2369);
#1976=AXIS2_PLACEMENT_3D('',#2888,#2370,#2371);
#1977=AXIS2_PLACEMENT_3D('',#2889,#2372,#2373);
#1978=AXIS2_PLACEMENT_3D('',#2891,#2374,#2375);
#1979=AXIS2_PLACEMENT_3D('',#2893,#2376,#2377);
#1980=AXIS2_PLACEMENT_3D('',#2894,#2378,#2379);
#1981=AXIS2_PLACEMENT_3D('',#2896,#2380,#2381);
#1982=AXIS2_PLACEMENT_3D('',#2898,#2382,#2383);
#1983=AXIS2_PLACEMENT_3D('',#2899,#2384,#2385);
#1984=AXIS2_PLACEMENT_3D('',#2901,#2386,#2387);
#1985=AXIS2_PLACEMENT_3D('',#2903,#2388,#2389);
#1986=AXIS2_PLACEMENT_3D('',#2904,#2390,#2391);
#1987=AXIS2_PLACEMENT_3D('',#2906,#2392,#2393);
#1988=AXIS2_PLACEMENT_3D('',#2908,#2394,#2395);
#1989=AXIS2_PLACEMENT_3D('',#2909,#2396,#2397);
#1990=AXIS2_PLACEMENT_3D('',#2911,#2398,#2399);
#1991=AXIS2_PLACEMENT_3D('',#2913,#2400,#2401);
#1992=AXIS2_PLACEMENT_3D('',#2914,#2402,#2403);
#1993=AXIS2_PLACEMENT_3D('',#2916,#2404,#2405);
#1994=AXIS2_PLACEMENT_3D('',#2918,#2406,#2407);
#1995=AXIS2_PLACEMENT_3D('',#2919,#2408,#2409);
#1996=AXIS2_PLACEMENT_3D('',#2921,#2410,#2411);
#1997=AXIS2_PLACEMENT_3D('',#2923,#2412,#2413);
#1998=AXIS2_PLACEMENT_3D('',#2932,#2418,#2419);
#1999=AXIS2_PLACEMENT_3D('',#2940,#2424,#2425);
#2000=AXIS2_PLACEMENT_3D('',#2944,#2428,#2429);
#2001=AXIS2_PLACEMENT_3D('',#2953,#2434,#2435);
#2002=AXIS2_PLACEMENT_3D('',#2959,#2439,#2440);
#2003=AXIS2_PLACEMENT_3D('',#2965,#2444,#2445);
#2004=AXIS2_PLACEMENT_3D('',#2974,#2450,#2451);
#2005=AXIS2_PLACEMENT_3D('',#2977,#2454,#2455);
#2006=AXIS2_PLACEMENT_3D('',#2982,#2459,#2460);
#2007=AXIS2_PLACEMENT_3D('',#2988,#2464,#2465);
#2008=AXIS2_PLACEMENT_3D('',#2992,#2469,#2470);
#2009=AXIS2_PLACEMENT_3D('',#2998,#2474,#2475);
#2010=AXIS2_PLACEMENT_3D('',#3002,#2479,#2480);
#2011=AXIS2_PLACEMENT_3D('',#3003,#2481,#2482);
#2012=AXIS2_PLACEMENT_3D('',#3004,#2483,#2484);
#2013=AXIS2_PLACEMENT_3D('',#3008,#2487,#2488);
#2014=AXIS2_PLACEMENT_3D('',#3010,#2490,#2491);
#2015=AXIS2_PLACEMENT_3D('',#3011,#2492,#2493);
#2016=AXIS2_PLACEMENT_3D('',#3013,#2495,#2496);
#2017=DIRECTION('',(0.,0.,1.));
#2018=DIRECTION('',(1.,0.,0.));
#2019=DIRECTION('',(-6.12323399573677E-17,0.,-1.));
#2020=DIRECTION('',(0.,1.,0.));
#2021=DIRECTION('',(1.,0.,-6.12323399573677E-17));
#2022=DIRECTION('',(6.12323399573677E-17,1.,-3.74939945665465E-33));
#2023=DIRECTION('',(-0.690344383286287,0.723480913684028,4.22714019650452E-17));
#2024=DIRECTION('',(1.,0.,-6.12323399573677E-17));
#2025=DIRECTION('',(0.70944142616151,-0.704764402368567,-4.34407585865613E-17));
#2026=DIRECTION('',(-1.,0.,6.12323399573677E-17));
#2027=DIRECTION('',(0.,1.,0.));
#2028=DIRECTION('',(-1.,1.70599211840595E-16,6.12323399573677E-17));
#2029=DIRECTION('',(0.710440604193053,0.703757165444026,-4.35019405954667E-17));
#2030=DIRECTION('',(-1.,0.,6.12323399573677E-17));
#2031=DIRECTION('',(0.,1.,0.));
#2032=DIRECTION('',(-1.,0.,6.12323399573677E-17));
#2033=DIRECTION('',(-1.,0.,6.12323399573677E-17));
#2034=DIRECTION('',(-9.91270557701033E-16,-1.,6.06978157788791E-32));
#2035=DIRECTION('',(1.,-1.38777878078145E-15,-6.12323399573677E-17));
#2036=DIRECTION('',(-9.91270557701033E-16,-1.,6.06978157788791E-32));
#2037=DIRECTION('',(-1.,0.,6.12323399573677E-17));
#2038=DIRECTION('',(0.,-1.,0.));
#2039=DIRECTION('',(-1.,0.,6.12323399573677E-17));
#2040=DIRECTION('',(0.,1.,0.));
#2041=DIRECTION('',(-1.,0.,6.12323399573677E-17));
#2042=DIRECTION('',(0.,-1.,0.));
#2043=DIRECTION('',(1.,-6.12323399573677E-17,0.));
#2044=DIRECTION('',(-6.12323399573677E-17,-1.,-6.12323399573677E-17));
#2045=DIRECTION('',(0.,0.,-1.));
#2046=DIRECTION('',(-1.00665346793286E-17,-0.164398987305357,0.986393923832144));
#2047=DIRECTION('',(-6.12323399573677E-17,-1.,-6.12323399573677E-17));
#2048=DIRECTION('',(3.74939945665465E-33,6.12323399573677E-17,-1.));
#2049=DIRECTION('',(2.29584502165847E-49,-1.,-6.12323399573677E-17));
#2050=DIRECTION('',(-3.74939945665465E-33,-6.12323399573677E-17,1.));
#2051=DIRECTION('',(6.12323399573677E-17,1.,6.12323399573677E-17));
#2052=DIRECTION('',(3.74939945665465E-33,6.12323399573677E-17,-1.));
#2053=DIRECTION('',(4.32978028117747E-17,0.707106781186548,0.707106781186548));
#2054=DIRECTION('',(-6.12323399573677E-17,-1.,3.74939945665465E-33));
#2055=DIRECTION('',(6.12323399573677E-17,1.,6.12323399573677E-17));
#2056=DIRECTION('',(1.,-6.12323399573677E-17,0.));
#2057=DIRECTION('',(-3.74939945665465E-33,-6.12323399573677E-17,1.));
#2058=DIRECTION('',(1.,-6.12323399573677E-17,0.));
#2059=DIRECTION('',(-3.74939945665465E-33,-6.12323399573677E-17,1.));
#2060=DIRECTION('',(-1.,6.12323399573676E-17,9.91270557701033E-16));
#2061=DIRECTION('',(-1.38777878078145E-15,6.12323399573678E-17,-1.));
#2062=DIRECTION('',(-1.,6.12323399573676E-17,9.91270557701033E-16));
#2063=DIRECTION('',(-3.74939945665465E-33,-6.12323399573677E-17,1.));
#2064=DIRECTION('',(-1.,6.12323399573677E-17,0.));
#2065=DIRECTION('',(-3.74939945665465E-33,-6.12323399573677E-17,1.));
#2066=DIRECTION('',(1.,-6.12323399573677E-17,0.));
#2067=DIRECTION('',(-3.74939945665465E-33,-6.12323399573677E-17,1.));
#2068=DIRECTION('',(-1.,6.12323399573677E-17,0.));
#2069=DIRECTION('',(3.74939945665465E-33,6.12323399573677E-17,-1.));
#2070=DIRECTION('',(1.,-6.12323399573677E-17,0.));
#2071=DIRECTION('',(1.,-6.12323399573677E-17,0.));
#2072=DIRECTION('',(-3.74939945665465E-33,-6.12323399573677E-17,1.));
#2073=DIRECTION('',(-6.12323399573677E-17,-1.,-6.12323399573677E-17));
#2074=DIRECTION('',(3.74939945665465E-33,6.12323399573677E-17,-1.));
#2075=DIRECTION('',(1.,-6.12323399573677E-17,0.));
#2076=DIRECTION('',(3.74939945665465E-33,6.12323399573677E-17,-1.));
#2077=DIRECTION('',(1.,-6.12323399573677E-17,0.));
#2078=DIRECTION('',(-1.,-1.20802470471922E-16,-1.11464173962813E-32));
#2079=DIRECTION('',(-6.12323399573677E-17,-1.,-6.12323399573677E-17));
#2080=DIRECTION('',(-1.,6.12323399573677E-17,0.));
#2081=DIRECTION('',(1.,-6.12323399573677E-17,0.));
#2082=DIRECTION('',(-6.12323399573677E-17,-1.,-6.12323399573677E-17));
#2083=DIRECTION('',(-3.74939945665465E-33,-6.12323399573677E-17,1.));
#2084=DIRECTION('',(-6.12323399573677E-17,-1.,-6.12323399573677E-17));
#2085=DIRECTION('',(-3.74939945665465E-33,-6.12323399573677E-17,1.));
#2086=DIRECTION('',(6.12323399573677E-17,1.,6.12323399573677E-17));
#2087=DIRECTION('',(1.,-6.12323399573677E-17,0.));
#2088=DIRECTION('',(-6.12323399573677E-17,-1.,-6.12323399573677E-17));
#2089=DIRECTION('',(-6.12323399573677E-17,-1.,-6.12323399573677E-17));
#2090=DIRECTION('',(-3.74939945665465E-33,-6.12323399573677E-17,1.));
#2091=DIRECTION('',(6.12323399573677E-17,1.,6.12323399573677E-17));
#2092=DIRECTION('',(-3.74939945665465E-33,-6.12323399573677E-17,1.));
#2093=DIRECTION('',(-3.74939945665465E-33,-6.12323399573677E-17,1.));
#2094=DIRECTION('',(-6.12323399573677E-17,-1.,-6.12323399573677E-17));
#2095=DIRECTION('',(-1.,-1.20802470471922E-16,-1.11464173962813E-32));
#2096=DIRECTION('',(-1.,6.12323399573677E-17,0.));
#2097=DIRECTION('',(-6.12323399573677E-17,0.,-1.));
#2098=DIRECTION('',(0.,1.,0.));
#2099=DIRECTION('',(0.,-1.,0.));
#2100=DIRECTION('',(-0.723480913684028,-0.690344383286287,4.43004292593674E-17));
#2101=DIRECTION('',(-6.12323399573677E-17,-1.,3.74939945665465E-33));
#2102=DIRECTION('',(1.,0.,-6.12323399573677E-17));
#2103=DIRECTION('',(1.,0.,-6.12323399573677E-17));
#2104=DIRECTION('',(6.12323399573677E-17,0.,1.));
#2105=DIRECTION('',(1.,0.,-6.12323399573677E-17));
#2106=DIRECTION('',(1.,0.,-6.12323399573677E-17));
#2107=DIRECTION('',(0.690344383286287,-0.723480913684028,-4.22714019650452E-17));
#2108=DIRECTION('',(-1.,6.12323399573677E-17,6.12323399573677E-17));
#2109=DIRECTION('',(6.12323399573677E-17,1.,-3.74939945665465E-33));
#2110=DIRECTION('',(0.723480913684028,0.690344383286287,-4.43004292593674E-17));
#2111=DIRECTION('',(0.,-1.,0.));
#2112=DIRECTION('',(1.,0.,-6.12323399573677E-17));
#2113=DIRECTION('',(0.710440604193053,0.703757165444026,-4.41922346007532E-17));
#2114=DIRECTION('',(-3.68953999296817E-16,1.,2.29504079546957E-32));
#2115=DIRECTION('',(0.70944142616151,-0.704764402368567,-4.41300817484004E-17));
#2116=DIRECTION('',(0.,-1.,0.));
#2117=DIRECTION('',(6.12323399573677E-17,0.,1.));
#2118=DIRECTION('',(6.12323399573677E-17,0.,1.));
#2119=DIRECTION('',(6.12323399573677E-17,0.,1.));
#2120=DIRECTION('',(1.,0.,-6.12323399573677E-17));
#2121=DIRECTION('',(6.12323399573677E-17,0.,1.));
#2122=DIRECTION('',(6.12323399573677E-17,0.,1.));
#2123=DIRECTION('',(1.,0.,-6.12323399573677E-17));
#2124=DIRECTION('',(0.,-1.,0.));
#2125=DIRECTION('',(6.12323399573677E-17,0.,1.));
#2126=DIRECTION('',(6.12323399573677E-17,0.,1.));
#2127=DIRECTION('',(6.12323399573677E-17,0.,1.));
#2128=DIRECTION('',(-1.,0.,6.12323399573677E-17));
#2129=DIRECTION('',(6.12323399573677E-17,0.,1.));
#2130=DIRECTION('',(-1.,0.,6.12323399573677E-17));
#2131=DIRECTION('',(0.,-1.,0.));
#2132=DIRECTION('',(0.,-1.,0.));
#2133=DIRECTION('',(-5.30287619362454E-17,-0.5,-0.866025403784439));
#2134=DIRECTION('',(6.12323399573677E-17,0.,1.));
#2135=DIRECTION('',(0.,-1.,0.));
#2136=DIRECTION('',(6.12323399573677E-17,0.,1.));
#2137=DIRECTION('',(-1.,0.,6.12323399573677E-17));
#2138=DIRECTION('',(6.12323399573677E-17,0.,1.));
#2139=DIRECTION('',(-1.,0.,6.12323399573677E-17));
#2140=DIRECTION('',(0.,-1.,0.));
#2141=DIRECTION('',(0.,-1.,0.));
#2142=DIRECTION('',(6.12323399573677E-17,0.,1.));
#2143=DIRECTION('',(0.,-1.,0.));
#2144=DIRECTION('',(5.30287619362454E-17,-0.5,0.866025403784439));
#2145=DIRECTION('',(6.12323399573677E-17,0.,1.));
#2146=DIRECTION('',(1.,0.,-6.12323399573677E-17));
#2147=DIRECTION('',(0.,-1.,0.));
#2148=DIRECTION('',(-1.,0.,6.12323399573677E-17));
#2149=DIRECTION('',(1.,0.,-6.12323399573677E-17));
#2150=DIRECTION('',(0.,-1.,0.));
#2151=DIRECTION('',(-1.,0.,6.12323399573677E-17));
#2152=DIRECTION('',(-1.,0.,6.12323399573677E-17));
#2153=DIRECTION('',(6.12323399573677E-17,0.,1.));
#2154=DIRECTION('',(6.12323399573677E-17,0.,1.));
#2155=DIRECTION('',(6.12323399573677E-17,0.,1.));
#2156=DIRECTION('',(6.12323399573677E-17,0.,1.));
#2157=DIRECTION('',(0.,1.,0.));
#2158=DIRECTION('',(-1.,0.,6.12323399573677E-17));
#2159=DIRECTION('',(6.12323399573677E-17,0.,1.));
#2160=DIRECTION('',(0.,1.,0.));
#2161=DIRECTION('',(5.30287619362454E-17,-0.5,0.866025403784439));
#2162=DIRECTION('',(-6.12323399573677E-17,0.,-1.));
#2163=DIRECTION('',(-5.30287619362454E-17,-0.5,-0.866025403784439));
#2164=DIRECTION('',(1.,0.,-6.12323399573677E-17));
#2165=DIRECTION('',(0.,1.,0.));
#2166=DIRECTION('',(1.,0.,-6.12323399573677E-17));
#2167=DIRECTION('',(0.,1.,0.));
#2168=DIRECTION('',(0.,1.,0.));
#2169=DIRECTION('',(6.12323399573677E-17,0.,1.));
#2170=DIRECTION('',(-6.12323399573677E-17,0.,-1.));
#2171=DIRECTION('',(1.,0.,-6.12323399573677E-17));
#2172=DIRECTION('',(0.,1.,0.));
#2173=DIRECTION('',(6.12323399573677E-17,0.,1.));
#2174=DIRECTION('',(1.,0.,-6.12323399573677E-17));
#2175=DIRECTION('',(-6.12323399573677E-17,0.,-1.));
#2176=DIRECTION('',(0.,1.,0.));
#2177=DIRECTION('',(6.12323399573677E-17,0.,1.));
#2178=DIRECTION('',(1.,0.,-6.12323399573677E-17));
#2179=DIRECTION('',(0.,1.,0.));
#2180=DIRECTION('',(6.12323399573677E-17,0.,1.));
#2181=DIRECTION('',(0.,0.,1.));
#2182=DIRECTION('',(6.12323399573677E-17,0.,1.));
#2183=DIRECTION('',(-3.06161699786838E-17,-0.866025403784439,-0.5));
#2184=DIRECTION('',(-5.30287619362454E-17,0.5,-0.866025403784439));
#2185=DIRECTION('',(1.,0.,-6.12323399573677E-17));
#2186=DIRECTION('',(-3.06161699786838E-17,0.866025403784439,-0.5));
#2187=DIRECTION('',(5.30287619362454E-17,0.5,0.866025403784439));
#2188=DIRECTION('',(1.,0.,-6.12323399573677E-17));
#2189=DIRECTION('',(1.,0.,-6.12323399573677E-17));
#2190=DIRECTION('',(0.,1.,0.));
#2191=DIRECTION('',(1.,0.,-6.12323399573677E-17));
#2192=DIRECTION('',(0.,1.,0.));
#2193=DIRECTION('',(-1.,0.,6.12323399573677E-17));
#2194=DIRECTION('',(0.,-1.,0.));
#2195=DIRECTION('',(1.,0.,-6.12323399573677E-17));
#2196=DIRECTION('',(0.,1.,0.));
#2197=DIRECTION('',(1.,0.,-6.12323399573677E-17));
#2198=DIRECTION('',(0.,1.,0.));
#2199=DIRECTION('',(1.,0.,-6.12323399573677E-17));
#2200=DIRECTION('',(0.,1.,0.));
#2201=DIRECTION('',(1.,0.,-6.12323399573677E-17));
#2202=DIRECTION('',(0.,1.,0.));
#2203=DIRECTION('',(-1.,0.,6.12323399573677E-17));
#2204=DIRECTION('',(0.,-1.,0.));
#2205=DIRECTION('',(1.,0.,-6.12323399573677E-17));
#2206=DIRECTION('',(0.,1.,0.));
#2207=DIRECTION('',(1.,0.,-6.12323399573677E-17));
#2208=DIRECTION('',(0.,1.,0.));
#2209=DIRECTION('',(-1.,0.,6.12323399573677E-17));
#2210=DIRECTION('',(6.12323399573677E-17,0.,1.));
#2211=DIRECTION('',(0.,-1.,0.));
#2212=DIRECTION('',(6.12323399573677E-17,0.,1.));
#2213=DIRECTION('',(0.,-1.,0.));
#2214=DIRECTION('',(-1.,0.,6.12323399573677E-17));
#2215=DIRECTION('',(6.12323399573677E-17,0.,1.));
#2216=DIRECTION('',(0.,-1.,0.));
#2217=DIRECTION('',(-6.12323399573677E-17,0.,-1.));
#2218=DIRECTION('',(-6.12323399573677E-17,0.,-1.));
#2219=DIRECTION('',(0.,-1.,0.));
#2220=DIRECTION('',(-6.12323399573677E-17,0.,-1.));
#2221=DIRECTION('',(-1.,0.,6.12323399573677E-17));
#2222=DIRECTION('',(6.12323399573677E-17,0.,1.));
#2223=DIRECTION('',(0.,-1.,0.));
#2224=DIRECTION('',(-1.,0.,6.12323399573677E-17));
#2225=DIRECTION('',(0.,-1.,0.));
#2226=DIRECTION('',(-6.12323399573677E-17,0.,-1.));
#2227=DIRECTION('',(1.,-9.91270557701033E-16,-6.12323399573677E-17));
#2228=DIRECTION('',(-9.91270557701033E-16,-1.,0.));
#2229=DIRECTION('',(-9.91270557701033E-16,-1.,6.06978157788791E-32));
#2230=DIRECTION('',(-6.12323399573677E-17,0.,-1.));
#2231=DIRECTION('',(1.,-9.91270557701033E-16,-6.12323399573677E-17));
#2232=DIRECTION('',(-9.91270557701033E-16,-1.,0.));
#2233=DIRECTION('',(-6.12323399573677E-17,0.,-1.));
#2234=DIRECTION('',(-9.91270557701033E-16,-1.,6.06978157788791E-32));
#2235=DIRECTION('',(-6.12323399573677E-17,0.,-1.));
#2236=DIRECTION('',(-1.,0.,6.12323399573677E-17));
#2237=DIRECTION('',(1.,-1.38777878078145E-15,-6.12323399573677E-17));
#2238=DIRECTION('',(1.38777878078145E-15,1.,-8.49769420904309E-32));
#2239=DIRECTION('',(1.,-1.38777878078145E-15,0.));
#2240=DIRECTION('',(-6.12323399573677E-17,-1.,-6.12323399573677E-17));
#2241=DIRECTION('',(3.74939945665465E-33,6.12323399573677E-17,-1.));
#2242=DIRECTION('',(3.74939945665465E-33,6.12323399573677E-17,-1.));
#2243=DIRECTION('',(1.,-6.12323399573677E-17,-6.12323399573677E-17));
#2244=DIRECTION('',(-1.,6.12323399573677E-17,0.));
#2245=DIRECTION('',(-6.12323399573677E-17,-1.,-6.12323399573677E-17));
#2246=DIRECTION('',(-6.12323399573677E-17,-1.,-6.12323399573677E-17));
#2247=DIRECTION('',(-6.12323399573677E-17,-1.,-6.12323399573677E-17));
#2248=DIRECTION('',(-6.12323399573677E-17,-1.,-6.12323399573677E-17));
#2249=DIRECTION('',(3.74939945665465E-33,6.12323399573677E-17,-1.));
#2250=DIRECTION('',(-6.12323399573677E-17,-1.,-6.12323399573677E-17));
#2251=DIRECTION('',(-6.12323399573677E-17,-1.,-6.12323399573677E-17));
#2252=DIRECTION('',(3.74939945665465E-33,6.12323399573677E-17,-1.));
#2253=DIRECTION('',(-1.,6.12323399573677E-17,0.));
#2254=DIRECTION('',(-6.12323399573677E-17,-1.,-6.12323399573677E-17));
#2255=DIRECTION('',(0.,0.,1.));
#2256=DIRECTION('',(-4.32978028117747E-17,-0.707106781186548,-0.707106781186548));
#2257=DIRECTION('',(-3.74939945665465E-33,-6.12323399573677E-17,1.));
#2258=DIRECTION('',(2.29584502165847E-49,-1.,-6.12323399573677E-17));
#2259=DIRECTION('',(-6.12323399573677E-17,-1.,-6.12323399573677E-17));
#2260=DIRECTION('',(1.00665346793286E-17,0.164398987305357,-0.986393923832144));
#2261=DIRECTION('',(-3.74939945665465E-33,-6.12323399573677E-17,1.));
#2262=DIRECTION('',(-6.12323399573677E-17,-1.,-6.12323399573677E-17));
#2263=DIRECTION('',(-3.74939945665465E-33,-6.12323399573677E-17,1.));
#2264=DIRECTION('',(-1.,6.12323399573677E-17,0.));
#2265=DIRECTION('',(1.,1.20802470471922E-16,1.11464173962813E-32));
#2266=DIRECTION('',(-6.12323399573677E-17,-1.,-6.12323399573677E-17));
#2267=DIRECTION('',(-1.,6.12323399573677E-17,0.));
#2268=DIRECTION('',(-3.74939945665465E-33,-6.12323399573677E-17,1.));
#2269=DIRECTION('',(-6.12323399573677E-17,-1.,-6.12323399573677E-17));
#2270=DIRECTION('',(-3.74939945665465E-33,-6.12323399573677E-17,1.));
#2271=DIRECTION('',(-1.,6.12323399573677E-17,0.));
#2272=DIRECTION('',(1.,1.20802470471922E-16,1.11464173962813E-32));
#2273=DIRECTION('',(-1.,6.12323399573677E-17,0.));
#2274=DIRECTION('',(-6.12323399573677E-17,-1.,-6.12323399573677E-17));
#2275=DIRECTION('',(3.74939945665465E-33,6.12323399573677E-17,-1.));
#2276=DIRECTION('',(3.74939945665465E-33,6.12323399573677E-17,-1.));
#2277=DIRECTION('',(-1.,6.12323399573677E-17,0.));
#2278=DIRECTION('',(-3.74939945665465E-33,-6.12323399573677E-17,1.));
#2279=DIRECTION('',(-6.12323399573677E-17,-1.,-6.12323399573677E-17));
#2280=DIRECTION('',(-6.12323399573677E-17,-1.,-6.12323399573677E-17));
#2281=DIRECTION('',(-6.12323399573677E-17,-1.,-6.12323399573677E-17));
#2282=DIRECTION('',(-6.12323399573677E-17,-1.,-6.12323399573677E-17));
#2283=DIRECTION('',(1.,-6.12323399573677E-17,0.));
#2284=DIRECTION('',(1.,-6.12323399573677E-17,0.));
#2285=DIRECTION('',(-6.12323399573677E-17,-1.,-6.12323399573677E-17));
#2286=DIRECTION('',(-6.12323399573677E-17,-1.,-6.12323399573677E-17));
#2287=DIRECTION('',(3.74939945665465E-33,6.12323399573677E-17,-1.));
#2288=DIRECTION('',(1.,-6.12323399573677E-17,0.));
#2289=DIRECTION('',(3.74939945665465E-33,6.12323399573677E-17,-1.));
#2290=DIRECTION('',(1.,-6.12323399573677E-17,0.));
#2291=DIRECTION('',(-3.74939945665465E-33,-6.12323399573677E-17,1.));
#2292=DIRECTION('',(-1.,6.12323399573677E-17,0.));
#2293=DIRECTION('',(3.74939945665465E-33,6.12323399573677E-17,-1.));
#2294=DIRECTION('',(1.,-6.12323399573677E-17,0.));
#2295=DIRECTION('',(3.74939945665465E-33,6.12323399573677E-17,-1.));
#2296=DIRECTION('',(1.,-6.12323399573677E-17,0.));
#2297=DIRECTION('',(3.74939945665465E-33,6.12323399573677E-17,-1.));
#2298=DIRECTION('',(1.,-6.12323399573677E-17,0.));
#2299=DIRECTION('',(3.74939945665465E-33,6.12323399573677E-17,-1.));
#2300=DIRECTION('',(1.,-6.12323399573677E-17,0.));
#2301=DIRECTION('',(-3.74939945665465E-33,-6.12323399573677E-17,1.));
#2302=DIRECTION('',(-1.,6.12323399573677E-17,0.));
#2303=DIRECTION('',(3.74939945665465E-33,6.12323399573677E-17,-1.));
#2304=DIRECTION('',(1.,-6.12323399573677E-17,0.));
#2305=DIRECTION('',(3.74939945665465E-33,6.12323399573677E-17,-1.));
#2306=DIRECTION('',(1.,-6.12323399573677E-17,0.));
#2307=DIRECTION('',(-3.74939945665465E-33,-6.12323399573677E-17,1.));
#2308=DIRECTION('',(-6.12323399573677E-17,-1.,-6.12323399573677E-17));
#2309=DIRECTION('',(-1.,6.12323399573677E-17,0.));
#2310=DIRECTION('',(6.12323399573677E-17,1.,6.12323399573677E-17));
#2311=DIRECTION('',(6.12323399573677E-17,1.,6.12323399573677E-17));
#2312=DIRECTION('',(-1.,6.12323399573677E-17,0.));
#2313=DIRECTION('',(6.12323399573677E-17,1.,6.12323399573677E-17));
#2314=DIRECTION('',(-3.74939945665465E-33,-6.12323399573677E-17,1.));
#2315=DIRECTION('',(-6.12323399573677E-17,-1.,-6.12323399573677E-17));
#2316=DIRECTION('',(-1.,6.12323399573677E-17,0.));
#2317=DIRECTION('',(-3.74939945665465E-33,-6.12323399573677E-17,1.));
#2318=DIRECTION('',(-1.,6.12323399573677E-17,0.));
#2319=DIRECTION('',(6.12323399573677E-17,1.,6.12323399573677E-17));
#2320=DIRECTION('',(-9.91270557701033E-16,6.12323399573677E-17,-1.));
#2321=DIRECTION('',(-1.,6.12323399573677E-17,9.91270557701033E-16));
#2322=DIRECTION('',(-1.,6.12323399573676E-17,9.91270557701033E-16));
#2323=DIRECTION('',(6.12323399573677E-17,1.,6.12323399573677E-17));
#2324=DIRECTION('',(-9.91270557701033E-16,6.12323399573677E-17,-1.));
#2325=DIRECTION('',(-1.,6.12323399573677E-17,9.91270557701033E-16));
#2326=DIRECTION('',(6.12323399573677E-17,1.,6.12323399573677E-17));
#2327=DIRECTION('',(-1.,6.12323399573676E-17,9.91270557701033E-16));
#2328=DIRECTION('',(6.12323399573677E-17,1.,6.12323399573677E-17));
#2329=DIRECTION('',(-3.74939945665465E-33,-6.12323399573677E-17,1.));
#2330=DIRECTION('',(-1.38777878078145E-15,6.12323399573678E-17,-1.));
#2331=DIRECTION('',(1.,-6.12323399573676E-17,-1.38777878078145E-15));
#2332=DIRECTION('',(-1.38777878078145E-15,8.49769420904309E-32,-1.));
#2333=DIRECTION('',(-1.52992547903134E-30,5.98822647555637E-17,-1.));
#2334=DIRECTION('',(6.12323399573677E-17,1.,5.98822647555637E-17));
#2335=DIRECTION('',(1.,-7.1437729950262E-17,-1.53420333208977E-30));
#2336=DIRECTION('',(-3.74939945665465E-33,-6.12323399573677E-17,1.));
#2337=DIRECTION('',(-6.12323399573677E-17,-1.,-6.12323399573677E-17));
#2338=DIRECTION('',(1.,1.20802470471922E-16,1.11464173962813E-32));
#2339=DIRECTION('',(-3.74939945665465E-33,-6.12323399573677E-17,1.));
#2340=DIRECTION('',(-6.12323399573677E-17,-1.,-6.12323399573677E-17));
#2341=DIRECTION('',(1.,1.20802470471922E-16,1.11464173962813E-32));
#2342=DIRECTION('',(-1.20802470471922E-16,1.,6.12323399573677E-17));
#2343=DIRECTION('',(1.,1.20802470471922E-16,0.));
#2344=DIRECTION('',(6.80919061883224E-33,-0.707106781186548,0.707106781186548));
#2345=DIRECTION('',(-1.,6.12323399573677E-17,6.12323399573677E-17));
#2346=DIRECTION('',(-7.04657427553002E-17,-0.986393923832144,-0.164398987305357));
#2347=DIRECTION('',(-1.,6.12323399573677E-17,6.12323399573677E-17));
#2348=DIRECTION('',(0.723480913684028,0.690344383286287,0.));
#2349=DIRECTION('',(0.,0.,1.));
#2350=DIRECTION('',(-0.690344383286287,0.723480913684028,0.));
#2351=DIRECTION('',(0.,0.,1.));
#2352=DIRECTION('',(-7.2338383994377E-15,-2.5729418595688E-14,-1.));
#2353=DIRECTION('',(-1.860219877442E-16,1.,-2.5729418595688E-14));
#2354=DIRECTION('',(7.23470618469216E-15,2.5729418595688E-14,1.));
#2355=DIRECTION('',(0.99999999800998,-6.30875559957674E-5,-7.31737998847597E-15));
#2356=DIRECTION('',(7.23470618469216E-15,2.5729418595688E-14,1.));
#2357=DIRECTION('',(0.99999999800998,-6.30875559957674E-5,-7.31737998847597E-15));
#2358=DIRECTION('',(-7.23470576117569E-15,-2.5729418595688E-14,-1.));
#2359=DIRECTION('',(-1.860219877442E-16,1.,-2.5729418595688E-14));
#2360=DIRECTION('',(7.23470576117569E-15,2.5729418595688E-14,1.));
#2361=DIRECTION('',(1.860219877442E-16,-1.,2.5729418595688E-14));
#2362=DIRECTION('',(-7.23470576117569E-15,-2.5729418595688E-14,-1.));
#2363=DIRECTION('',(-1.860219877442E-16,1.,-2.5729418595688E-14));
#2364=DIRECTION('',(-7.23470576117569E-15,-2.5729418595688E-14,-1.));
#2365=DIRECTION('',(-1.860219877442E-16,1.,-2.5729418595688E-14));
#2366=DIRECTION('',(7.23470576117569E-15,2.5729418595688E-14,1.));
#2367=DIRECTION('',(1.860219877442E-16,-1.,2.5729418595688E-14));
#2368=DIRECTION('',(-7.23470576117569E-15,-2.5729418595688E-14,-1.));
#2369=DIRECTION('',(-1.860219877442E-16,1.,-2.5729418595688E-14));
#2370=DIRECTION('',(-7.23470576117569E-15,-2.5729418595688E-14,-1.));
#2371=DIRECTION('',(-1.860219877442E-16,1.,-2.5729418595688E-14));
#2372=DIRECTION('',(7.23470576117569E-15,2.5729418595688E-14,1.));
#2373=DIRECTION('',(1.860219877442E-16,-1.,2.5729418595688E-14));
#2374=DIRECTION('',(-7.23470576117569E-15,-2.5729418595688E-14,-1.));
#2375=DIRECTION('',(-1.860219877442E-16,1.,-2.5729418595688E-14));
#2376=DIRECTION('',(-7.23470576117569E-15,-2.5729418595688E-14,-1.));
#2377=DIRECTION('',(-1.860219877442E-16,1.,-2.5729418595688E-14));
#2378=DIRECTION('',(7.23470576117569E-15,2.5729418595688E-14,1.));
#2379=DIRECTION('',(1.860219877442E-16,-1.,2.5729418595688E-14));
#2380=DIRECTION('',(-7.23470576117569E-15,-2.5729418595688E-14,-1.));
#2381=DIRECTION('',(-1.860219877442E-16,1.,-2.5729418595688E-14));
#2382=DIRECTION('',(6.07496264935521E-17,2.56739074444567E-14,1.));
#2383=DIRECTION('',(1.85615411929518E-16,-1.,2.56739074444567E-14));
#2384=DIRECTION('',(-5.98822647555637E-17,-2.56739074444567E-14,-1.));
#2385=DIRECTION('',(-1.85615411929518E-16,1.,-2.56739074444567E-14));
#2386=DIRECTION('',(-5.98822647555637E-17,-2.56739074444567E-14,-1.));
#2387=DIRECTION('',(-1.85615411929518E-16,1.,-2.56739074444567E-14));
#2388=DIRECTION('',(5.98822647555637E-17,2.56739074444567E-14,1.));
#2389=DIRECTION('',(1.85615411929518E-16,-1.,2.56739074444567E-14));
#2390=DIRECTION('',(-5.98822647555637E-17,-2.56739074444567E-14,-1.));
#2391=DIRECTION('',(-1.85615411929518E-16,1.,-2.56739074444567E-14));
#2392=DIRECTION('',(5.98822647555637E-17,2.56739074444567E-14,1.));
#2393=DIRECTION('',(1.85615411929518E-16,-1.,2.56739074444567E-14));
#2394=DIRECTION('',(5.98822647555637E-17,2.56739074444567E-14,1.));
#2395=DIRECTION('',(1.85615411929518E-16,-1.,2.56739074444567E-14));
#2396=DIRECTION('',(-5.98822647555637E-17,-2.56739074444567E-14,-1.));
#2397=DIRECTION('',(-1.85615411929518E-16,1.,-2.56739074444567E-14));
#2398=DIRECTION('',(5.98822647555637E-17,2.56739074444567E-14,1.));
#2399=DIRECTION('',(1.85615411929518E-16,-1.,2.56739074444567E-14));
#2400=DIRECTION('',(5.98822647555637E-17,2.56739074444567E-14,1.));
#2401=DIRECTION('',(1.85615411929518E-16,-1.,2.56739074444567E-14));
#2402=DIRECTION('',(-5.98822647555637E-17,-2.56739074444567E-14,-1.));
#2403=DIRECTION('',(-1.85615411929518E-16,1.,-2.56739074444567E-14));
#2404=DIRECTION('',(5.98822647555637E-17,2.56739074444567E-14,1.));
#2405=DIRECTION('',(1.85615411929518E-16,-1.,2.56739074444567E-14));
#2406=DIRECTION('',(5.98822647555637E-17,2.56739074444567E-14,1.));
#2407=DIRECTION('',(1.85615411929518E-16,-1.,2.56739074444567E-14));
#2408=DIRECTION('',(-5.98822647555637E-17,-2.56739074444567E-14,-1.));
#2409=DIRECTION('',(-1.85615411929518E-16,1.,-2.56739074444567E-14));
#2410=DIRECTION('',(5.98822647555637E-17,2.56739074444567E-14,1.));
#2411=DIRECTION('',(1.85615411929518E-16,-1.,2.56739074444567E-14));
#2412=DIRECTION('',(-0.866025403784437,-0.5,1.28924648734596E-14));
#2413=DIRECTION('',(-0.499912304107621,0.865873510043217,0.0187283957467794));
#2414=DIRECTION('',(0.5,-0.866025403784437,2.22009910455512E-14));
#2415=DIRECTION('',(6.07496264935521E-17,2.56739074444567E-14,1.));
#2416=DIRECTION('',(0.5,-0.866025403784437,2.22009910455512E-14));
#2417=DIRECTION('',(6.07496264935521E-17,2.56739074444567E-14,1.));
#2418=DIRECTION('',(-5.98822647555637E-17,-2.56739074444567E-14,-1.));
#2419=DIRECTION('',(-1.,-1.85615411929518E-16,6.15665897711788E-17));
#2420=DIRECTION('',(1.,2.33312176002587E-15,-6.13899834016763E-17));
#2421=DIRECTION('',(1.59701927818747E-30,-1.,2.56739074444567E-14));
#2422=DIRECTION('',(-1.,-3.61150454160353E-15,6.16347759234328E-17));
#2423=DIRECTION('',(-0.5,-0.86602540378444,2.22669105376383E-14));
#2424=DIRECTION('',(-0.86602540378444,0.5,-1.27849120179491E-14));
#2425=DIRECTION('',(0.499966926041627,0.865968118008135,0.01150180237768));
#2426=DIRECTION('',(6.07496264935521E-17,2.56739074444567E-14,1.));
#2427=DIRECTION('',(-0.5,-0.86602540378444,2.22669105376383E-14));
#2428=DIRECTION('',(-0.866025403784439,0.5,-6.5971533791398E-15));
#2429=DIRECTION('',(0.49996692604163,0.865968118008133,0.01150180237768));
#2430=DIRECTION('',(0.5,0.866025403784439,-2.58976867728577E-14));
#2431=DIRECTION('',(-7.2338383994377E-15,-2.5729418595688E-14,-1.));
#2432=DIRECTION('',(0.5,0.866025403784439,-2.58976867728577E-14));
#2433=DIRECTION('',(-7.2338383994377E-15,-2.5729418595688E-14,-1.));
#2434=DIRECTION('',(0.342020143325669,2.41255813722964E-14,0.939692620785908));
#2435=DIRECTION('',(-1.59701927818747E-30,1.,-2.56739074444567E-14));
#2436=DIRECTION('',(-0.939692620785908,8.96029025626185E-15,0.342020143325669));
#2437=DIRECTION('',(-1.59701927818747E-30,1.,-2.56739074444567E-14));
#2438=DIRECTION('',(0.939692620785908,-8.96029025626185E-15,-0.342020143325669));
#2439=DIRECTION('',(-0.866025403784439,-0.5,1.91305304930723E-14));
#2440=DIRECTION('',(-0.499912304107619,0.865873510043219,0.0187283957467794));
#2441=DIRECTION('',(-0.5,0.866025403784438,-1.86638898780345E-14));
#2442=DIRECTION('',(-7.2338383994377E-15,-2.5729418595688E-14,-1.));
#2443=DIRECTION('',(-0.5,0.866025403784438,-1.86638898780345E-14));
#2444=DIRECTION('',(0.342020143325671,-2.41777447914797E-14,-0.939692620785907));
#2445=DIRECTION('',(1.60047229284301E-30,-1.,2.5729418595688E-14));
#2446=DIRECTION('',(-0.939692620785907,-8.63966861530492E-15,-0.342020143325671));
#2447=DIRECTION('',(1.60047229284301E-30,-1.,2.5729418595688E-14));
#2448=DIRECTION('',(0.939692620785907,8.63966861530492E-15,0.342020143325671));
#2449=DIRECTION('',(-1.60047229284299E-30,1.,-2.5729418595688E-14));
#2450=DIRECTION('',(7.23470576117569E-15,2.5729418595688E-14,1.));
#2451=DIRECTION('',(1.,1.86076197852824E-16,-7.23595809938821E-15));
#2452=DIRECTION('',(1.,-1.70626316894906E-16,-7.23611098883518E-15));
#2453=DIRECTION('',(-1.,1.70626316894906E-16,7.23611098883518E-15));
#2454=DIRECTION('',(-1.70599211840594E-16,-1.,2.5729418595688E-14));
#2455=DIRECTION('',(-0.00722892899151623,-2.5725949148736E-14,-0.999973870951454));
#2456=DIRECTION('',(-5.98822647555637E-17,-2.56739074444567E-14,-1.));
#2457=DIRECTION('',(1.,2.33312176002587E-15,-6.13899834016763E-17));
#2458=DIRECTION('',(-5.98822647555637E-17,-2.56739074444567E-14,-1.));
#2459=DIRECTION('',(1.70599211840594E-16,1.,-2.5729418595688E-14));
#2460=DIRECTION('',(0.00722892899151623,2.5725949148736E-14,0.999973870951454));
#2461=DIRECTION('',(1.,-1.70626316894906E-16,-7.23611098883518E-15));
#2462=DIRECTION('',(-0.707106781186532,1.83140782245562E-14,0.707106781186563));
#2463=DIRECTION('',(6.22039820639877E-17,0.,1.));
#2464=DIRECTION('',(-1.,0.,6.22039820639877E-17));
#2465=DIRECTION('',(6.14197213848029E-17,-0.0174530903268859,0.99984768321882));
#2466=DIRECTION('',(-6.07492029770784E-17,-2.56704379975048E-14,-1.));
#2467=DIRECTION('',(-5.98822647555637E-17,-2.56739074444567E-14,-1.));
#2468=DIRECTION('',(-6.07492029770784E-17,-2.56704379975048E-14,-1.));
#2469=DIRECTION('',(-1.70599211840594E-16,-1.,2.5729418595688E-14));
#2470=DIRECTION('',(-0.00722892899151623,-2.5725949148736E-14,-0.999973870951454));
#2471=DIRECTION('',(6.22039820639877E-17,0.,1.));
#2472=DIRECTION('',(0.707106781186532,-1.83140782245562E-14,-0.707106781186563));
#2473=DIRECTION('',(-1.,1.70626316894906E-16,7.23611098883518E-15));
#2474=DIRECTION('',(-1.,-3.68953999296817E-16,7.23536898797339E-15));
#2475=DIRECTION('',(7.23986842698921E-15,-0.0174521785513119,0.99984769913413));
#2476=DIRECTION('',(-7.23470576117569E-15,-2.5729418595688E-14,-1.));
#2477=DIRECTION('',(-3.68953999297004E-16,1.,-2.5729418595688E-14));
#2478=DIRECTION('',(-7.23470576117569E-15,-2.5729418595688E-14,-1.));
#2479=DIRECTION('',(0.703757165444025,-0.710440604193053,-4.3776498096683E-17));
#2480=DIRECTION('',(-0.710440604193053,-0.703757165444026,0.));
#2481=DIRECTION('',(-0.704764402368567,-0.70944142616151,4.38391522442713E-17));
#2482=DIRECTION('',(-0.70944142616151,0.704764402368567,0.));
#2483=DIRECTION('',(1.70599211840594E-16,1.,-2.5729418595688E-14));
#2484=DIRECTION('',(0.00722892899151623,2.5725949148736E-14,0.999973870951454));
#2485=DIRECTION('',(-6.07492029770784E-17,-2.56704379975048E-14,-1.));
#2486=DIRECTION('',(-1.,-3.61150454160353E-15,6.16347759234328E-17));
#2487=DIRECTION('',(-1.,0.,6.22039820639877E-17));
#2488=DIRECTION('',(6.14197213848029E-17,-0.0174530903268859,0.99984768321882));
#2489=DIRECTION('',(-2.71050543121376E-20,1.,-2.56739074444567E-14));
#2490=DIRECTION('',(-5.98822647555637E-17,-2.56739074444567E-14,-1.));
#2491=DIRECTION('',(-1.,-1.85615411929518E-16,6.15665897711788E-17));
#2492=DIRECTION('',(7.23470576117569E-15,2.5729418595688E-14,1.));
#2493=DIRECTION('',(1.,1.86076197852824E-16,-7.23595809938821E-15));
#2494=DIRECTION('',(3.68953999297004E-16,-1.,2.5729418595688E-14));
#2495=DIRECTION('',(-0.707106781186563,-1.84543362398467E-14,-0.707106781186532));
#2496=DIRECTION('',(-3.68953999297004E-16,1.,-2.5729418595688E-14));
#2497=CARTESIAN_POINT('',(0.,0.,0.));
#2498=CARTESIAN_POINT('',(-0.0579284500258176,-0.0625965881111583,0.0507156946522876));
#2499=CARTESIAN_POINT('',(-0.0579284500258176,-0.0358765881111583,0.0507156946522876));
#2500=CARTESIAN_POINT('',(-0.0435684500258178,-0.0358765881111583,0.0507156946522876));
#2501=CARTESIAN_POINT('',(-0.0425284500258176,-0.0358765881111583,0.0507156946522876));
#2502=CARTESIAN_POINT('',(-0.0435684500258178,-0.0181215881111584,0.0507156946522876));
#2503=CARTESIAN_POINT('',(-0.0435684500258178,-0.0286365881111583,0.0507156946522876));
#2504=CARTESIAN_POINT('',(-0.0435684500258178,-0.0286365881111583,0.0507156946522876));
#2505=CARTESIAN_POINT('',(-0.0385684500258178,-0.0338765881111583,0.0507156946522876));
#2506=CARTESIAN_POINT('',(-0.0579284500258176,-0.0338765881111583,0.0507156946522876));
#2507=CARTESIAN_POINT('',(-0.0383284500258178,-0.033876588111158,0.0507156946522864));
#2508=CARTESIAN_POINT('',(-0.0358284500258177,-0.0363601067512442,0.0507156946522864));
#2509=CARTESIAN_POINT('',(-0.0333284500258178,-0.0388436253913308,0.0507156946522864));
#2510=CARTESIAN_POINT('',(-0.0283284500258178,-0.0388436253913304,0.0507156946522864));
#2511=CARTESIAN_POINT('',(-0.0383284500258176,-0.038843625391331,0.0507156946522876));
#2512=CARTESIAN_POINT('',(-0.0383284500258176,-0.0625965881111583,0.0507156946522876));
#2513=CARTESIAN_POINT('',(-0.0383284500258176,-0.0576436253913252,0.0507156946522876));
#2514=CARTESIAN_POINT('',(-0.0114742649650559,-0.0576436253913308,0.0507156946522864));
#2515=CARTESIAN_POINT('',(-0.0333284500258178,-0.0576436253913248,0.0507156946522864));
#2516=CARTESIAN_POINT('',(-0.0358284500258177,-0.0601201067512441,0.0507156946522864));
#2517=CARTESIAN_POINT('',(-0.0383284500258176,-0.0625965881111583,0.0507156946522876));
#2518=CARTESIAN_POINT('',(-0.0579284500258176,-0.0625965881111583,0.0507156946522876));
#2519=CARTESIAN_POINT('',(-0.0775284500258176,-0.0625965881111583,0.0507156946522876));
#2520=CARTESIAN_POINT('',(-0.0775284500258176,-0.0625965881111583,0.0507156946522876));
#2521=CARTESIAN_POINT('',(-0.0775284500258176,-0.0605965881111583,0.0507156946522876));
#2522=CARTESIAN_POINT('',(-0.0579284500258176,-0.0605965881111583,0.0507156946522876));
#2523=CARTESIAN_POINT('',(-0.0747284500258176,-0.0605965881111583,0.0507156946522876));
#2524=CARTESIAN_POINT('',(-0.0579284500258176,-0.0605965881111583,0.0507156946522876));
#2525=CARTESIAN_POINT('',(-0.0636284500258176,-0.0605965881111583,0.0507156946522876));
#2526=CARTESIAN_POINT('',(-0.0636284500258176,-0.0674854309434575,0.0507156946522876));
#2527=CARTESIAN_POINT('',(-0.0636284500258176,-0.0604854309434575,0.0507156946522876));
#2528=CARTESIAN_POINT('',(-0.0586284500258176,-0.0604854309434575,0.0507156946522876));
#2529=CARTESIAN_POINT('',(-0.0536284500258176,-0.0604854309434575,0.0507156946522876));
#2530=CARTESIAN_POINT('',(-0.0536284500258176,-0.0674854309434576,0.0507156946522876));
#2531=CARTESIAN_POINT('',(-0.0536284500258176,-0.0605965881111583,0.0507156946522876));
#2532=CARTESIAN_POINT('',(-0.0579284500258176,-0.0605965881111583,0.0507156946522876));
#2533=CARTESIAN_POINT('',(-0.0425284500258176,-0.0605965881111583,0.0507156946522876));
#2534=CARTESIAN_POINT('',(-0.0425284500258176,-0.0482365881111583,0.0507156946522876));
#2535=CARTESIAN_POINT('',(-0.0425284500258176,-0.0575865881111583,0.0507156946522876));
#2536=CARTESIAN_POINT('',(-0.0405264500258176,-0.0575865881111583,0.0507156946522876));
#2537=CARTESIAN_POINT('',(-0.0405284500258176,-0.0575865881111583,0.0507156946522876));
#2538=CARTESIAN_POINT('',(-0.0405284500258176,-0.0482365881111583,0.0507156946522876));
#2539=CARTESIAN_POINT('',(-0.0405284500258176,-0.0388865881111583,0.0507156946522876));
#2540=CARTESIAN_POINT('',(-0.0405264500258176,-0.0388865881111583,0.0507156946522876));
#2541=CARTESIAN_POINT('',(-0.0425284500258176,-0.0388865881111583,0.0507156946522876));
#2542=CARTESIAN_POINT('',(-0.0425284500258176,-0.0482365881111583,0.0507156946522876));
#2543=CARTESIAN_POINT('',(-0.0435684500258178,-0.0181215881111584,0.0585931946522876));
#2544=CARTESIAN_POINT('',(-0.0435684500258178,-0.0286365881111583,0.0507156946522876));
#2545=CARTESIAN_POINT('',(-0.0435684500258178,-0.0286365881111583,0.0664706946522876));
#2546=CARTESIAN_POINT('',(-0.0435684500258178,-0.0358765881111583,0.0507156946522876));
#2547=CARTESIAN_POINT('',(-0.0435684500258178,-0.0339228381111583,0.0389931946522876));
#2548=CARTESIAN_POINT('',(-0.0435684500258178,-0.00916658811115834,0.0389931946522876));
#2549=CARTESIAN_POINT('',(-0.0435684500258178,-0.0181215881111584,0.0389931946522876));
#2550=CARTESIAN_POINT('',(-0.0435684500258178,-0.0181215881111584,0.0585931946522876));
#2551=CARTESIAN_POINT('',(-0.0435684500258178,-0.0181215881111584,0.0753931946522876));
#2552=CARTESIAN_POINT('',(-0.0435684500258178,-0.0170012300525504,0.0753931946522876));
#2553=CARTESIAN_POINT('',(-0.0435684500258178,-0.0225665881111583,0.0753931946522876));
#2554=CARTESIAN_POINT('',(-0.0435684500258178,-0.0225665881111583,0.0753911946522876));
#2555=CARTESIAN_POINT('',(-0.0435684500258178,-0.0225665881111583,0.0781931946522876));
#2556=CARTESIAN_POINT('',(-0.0435684500258178,-0.0171215881111583,0.0781931946522876));
#2557=CARTESIAN_POINT('',(-0.0435684500258178,-0.0338765881111583,0.0781931946522876));
#2558=CARTESIAN_POINT('',(-0.0435684500258178,-0.0338765881111583,0.0585931946522876));
#2559=CARTESIAN_POINT('',(-0.0435684500258178,-0.0338765881111583,0.0714706946522876));
#2560=CARTESIAN_POINT('',(-0.0435684500258178,-0.0338765881111583,0.0714706946522876));
#2561=CARTESIAN_POINT('',(-0.0435684500258178,-0.0388765881111583,0.0664706946522876));
#2562=CARTESIAN_POINT('',(-0.0435684500258178,-0.0181215881111584,0.0664706946522876));
#2563=CARTESIAN_POINT('',(-0.0722884500258178,-0.0181215881111584,0.0585931946522876));
#2564=CARTESIAN_POINT('',(-0.0722884500258178,-0.0181215881111584,0.0585931946522876));
#2565=CARTESIAN_POINT('',(-0.0722884500258178,-0.0181215881111584,0.0389931946522876));
#2566=CARTESIAN_POINT('',(-0.0722884500258178,-0.0181215881111584,0.0753931946522876));
#2567=CARTESIAN_POINT('',(-0.0722884500258178,-0.0181215881111584,0.0753931946522876));
#2568=CARTESIAN_POINT('',(-0.0702884500258178,-0.0181215881111584,0.0753931946522876));
#2569=CARTESIAN_POINT('',(-0.0702884500258178,-0.0181215881111584,0.0585931946522876));
#2570=CARTESIAN_POINT('',(-0.0702884500258178,-0.0181215881111584,0.0642931946522876));
#2571=CARTESIAN_POINT('',(-0.077177292858117,-0.0181215881111584,0.0642931946522876));
#2572=CARTESIAN_POINT('',(-0.070177292858117,-0.0181215881111584,0.0642931946522876));
#2573=CARTESIAN_POINT('',(-0.070177292858117,-0.0181215881111584,0.0592931946522876));
#2574=CARTESIAN_POINT('',(-0.070177292858117,-0.0181215881111584,0.0542931946522876));
#2575=CARTESIAN_POINT('',(-0.0771772928581171,-0.0181215881111584,0.0542931946522876));
#2576=CARTESIAN_POINT('',(-0.0702884500258178,-0.0181215881111584,0.0542931946522876));
#2577=CARTESIAN_POINT('',(-0.0702884500258178,-0.0181215881111584,0.0585931946522876));
#2578=CARTESIAN_POINT('',(-0.0702884500258178,-0.0181215881111584,0.0431931946522876));
#2579=CARTESIAN_POINT('',(-0.0579284500258178,-0.0181215881111584,0.0431931946522876));
#2580=CARTESIAN_POINT('',(-0.0672784500258178,-0.0181215881111584,0.0431931946522876));
#2581=CARTESIAN_POINT('',(-0.0672784500258178,-0.0181215881111584,0.0411911946522876));
#2582=CARTESIAN_POINT('',(-0.0672784500258178,-0.0181215881111584,0.0411931946522876));
#2583=CARTESIAN_POINT('',(-0.0579284500258178,-0.0181215881111584,0.0411931946522876));
#2584=CARTESIAN_POINT('',(-0.0485784500258178,-0.0181215881111584,0.0411931946522876));
#2585=CARTESIAN_POINT('',(-0.0485784500258178,-0.0181215881111584,0.0411911946522876));
#2586=CARTESIAN_POINT('',(-0.0485784500258178,-0.0181215881111584,0.0431931946522876));
#2587=CARTESIAN_POINT('',(-0.0579284500258178,-0.0181215881111584,0.0431931946522876));
#2588=CARTESIAN_POINT('',(-0.0455684500258178,-0.0181215881111584,0.0431931946522876));
#2589=CARTESIAN_POINT('',(-0.0455684500258178,-0.0181215881111584,0.0585931946522876));
#2590=CARTESIAN_POINT('',(-0.0455684500258178,-0.0181215881111584,0.0753931946522876));
#2591=CARTESIAN_POINT('',(-0.0722884500258178,-0.0181215881111584,0.0753931946522876));
#2592=CARTESIAN_POINT('',(-0.0722884500258178,-0.0181215881111584,0.0389931946522876));
#2593=CARTESIAN_POINT('',(-0.0579284500258178,-0.0171215881111583,0.0781931946522876));
#2594=CARTESIAN_POINT('',(-0.0476784500258178,-0.0255665881111583,0.0781931946522876));
#2595=CARTESIAN_POINT('',(-0.0456784500258178,-0.0255665881111583,0.0781931946522876));
#2596=CARTESIAN_POINT('',(-0.0681784500258178,-0.0255665881111583,0.0781931946522876));
#2597=CARTESIAN_POINT('',(-0.0661784500258178,-0.0255665881111583,0.0781931946522876));
#2598=CARTESIAN_POINT('',(-0.0579284500258178,-0.0225665881111583,0.0781931946522876));
#2599=CARTESIAN_POINT('',(-0.0722884500258178,-0.0225665881111583,0.0781931946522876));
#2600=CARTESIAN_POINT('',(-0.0722884500258178,-0.0171215881111583,0.0781931946522876));
#2601=CARTESIAN_POINT('',(-0.0722884500258178,-0.0338765881111583,0.0781931946522876));
#2602=CARTESIAN_POINT('',(-0.0579284500258178,-0.0338765881111583,0.0781931946522876));
#2603=CARTESIAN_POINT('',(-0.0502684500258178,-0.0171215881111583,0.0753911946522876));
#2604=CARTESIAN_POINT('',(-0.0502684500258178,-0.0225665881111583,0.0753911946522876));
#2605=CARTESIAN_POINT('',(-0.0502684500258178,-0.0225665881111583,0.0753931946522876));
#2606=CARTESIAN_POINT('',(-0.0502684500258178,-0.0225665881111583,0.0765931946522876));
#2607=CARTESIAN_POINT('',(-0.0502684500258178,-0.0171215881111583,0.0753931946522876));
#2608=CARTESIAN_POINT('',(-0.0502684500258178,-0.0318765881111583,0.0753931946522876));
#2609=CARTESIAN_POINT('',(-0.0502684500258178,-0.0318765881111583,0.0753911946522876));
#2610=CARTESIAN_POINT('',(-0.0502684500258178,-0.0318765881111583,0.0765931946522876));
#2611=CARTESIAN_POINT('',(-0.0502684500258178,-0.0171215881111583,0.0765931946522876));
#2612=CARTESIAN_POINT('',(-0.0655884500258178,-0.0171215881111583,0.0753911946522876));
#2613=CARTESIAN_POINT('',(-0.0655884500258178,-0.0171215881111583,0.0753931946522876));
#2614=CARTESIAN_POINT('',(-0.0655884500258178,-0.0225665881111583,0.0753931946522876));
#2615=CARTESIAN_POINT('',(-0.0655884500258178,-0.0318765881111583,0.0753931946522876));
#2616=CARTESIAN_POINT('',(-0.0655884500258178,-0.0225665881111583,0.0753911946522876));
#2617=CARTESIAN_POINT('',(-0.0655884500258178,-0.0225665881111583,0.0765931946522876));
#2618=CARTESIAN_POINT('',(-0.0655884500258178,-0.0171215881111583,0.0765931946522876));
#2619=CARTESIAN_POINT('',(-0.0655884500258178,-0.0318765881111583,0.0765931946522876));
#2620=CARTESIAN_POINT('',(-0.0655884500258178,-0.0318765881111583,0.0753911946522876));
#2621=CARTESIAN_POINT('',(-0.0579284500258178,-0.0171215881111583,0.0765931946522876));
#2622=CARTESIAN_POINT('',(-0.0579284500258178,-0.0225665881111583,0.0765931946522876));
#2623=CARTESIAN_POINT('',(-0.0579284500258178,-0.0318765881111583,0.0765931946522876));
#2624=CARTESIAN_POINT('',(-0.0579284500258176,-0.0625965881111583,0.0507156946522876));
#2625=CARTESIAN_POINT('',(-0.0775284500258176,-0.0338765881111583,0.0507156946522876));
#2626=CARTESIAN_POINT('',(-0.0775284500258176,-0.0338765881111583,0.0507156946522876));
#2627=CARTESIAN_POINT('',(-0.0775284500258176,-0.0358765881111583,0.0507156946522876));
#2628=CARTESIAN_POINT('',(-0.0775284500258178,-0.0338765881111583,0.0507156946522876));
#2629=CARTESIAN_POINT('',(-0.0722884500258178,-0.0288765881111583,0.0507156946522876));
#2630=CARTESIAN_POINT('',(-0.0722884500258178,-0.0181215881111584,0.0507156946522876));
#2631=CARTESIAN_POINT('',(-0.0722884500258177,-0.0358765881111583,0.0507156946522876));
#2632=CARTESIAN_POINT('',(-0.0579284500258176,-0.0358765881111583,0.0507156946522876));
#2633=CARTESIAN_POINT('',(-0.0747284500258176,-0.0358765881111583,0.0507156946522876));
#2634=CARTESIAN_POINT('',(-0.0579284500258176,-0.0358765881111583,0.0507156946522876));
#2635=CARTESIAN_POINT('',(-0.0579284500258176,-0.0482365881111583,0.0664706946522876));
#2636=CARTESIAN_POINT('',(-0.0579284500258176,-0.0338765881111583,0.0664706946522876));
#2637=CARTESIAN_POINT('',(-0.0385684500258178,-0.0338765881111583,0.0664706946522876));
#2638=CARTESIAN_POINT('',(-0.0383284500258176,-0.0338765881111583,0.0664706946522876));
#2639=CARTESIAN_POINT('',(-0.0435684500258178,-0.0286365881111583,0.0664706946522876));
#2640=CARTESIAN_POINT('',(-0.0722884500258176,-0.0388765881111583,0.0664706946522876));
#2641=CARTESIAN_POINT('',(-0.0722884500258178,-0.0388765881111583,0.0664706946522876));
#2642=CARTESIAN_POINT('',(-0.0722884500258178,-0.0181215881111584,0.0664706946522876));
#2643=CARTESIAN_POINT('',(-0.0722884500258178,-0.0288765881111583,0.0664706946522876));
#2644=CARTESIAN_POINT('',(-0.0775284500258178,-0.0338765881111583,0.0664706946522876));
#2645=CARTESIAN_POINT('',(-0.0775284500258176,-0.0338765881111583,0.0664706946522876));
#2646=CARTESIAN_POINT('',(-0.0775284500258176,-0.0482365881111583,0.0664706946522876));
#2647=CARTESIAN_POINT('',(-0.0775284500258176,-0.0625965881111583,0.0664706946522876));
#2648=CARTESIAN_POINT('',(-0.0755284500258176,-0.0625965881111583,0.0664706946522876));
#2649=CARTESIAN_POINT('',(-0.0383284500258176,-0.0625965881111579,0.0664706946522876));
#2650=CARTESIAN_POINT('',(-0.0358284500258177,-0.0601201067512441,0.0664706946522864));
#2651=CARTESIAN_POINT('',(-0.0333284500258177,-0.0576436253913302,0.0664706946522864));
#2652=CARTESIAN_POINT('',(-0.0333284500258178,-0.0482436253913162,0.0664706946522864));
#2653=CARTESIAN_POINT('',(-0.0333284500258178,-0.0388436253913304,0.0664706946522864));
#2654=CARTESIAN_POINT('',(-0.0358284500258177,-0.0363601067512442,0.0664706946522864));
#2655=CARTESIAN_POINT('',(-0.0579284500258176,-0.0605965881111583,0.0507156946522876));
#2656=CARTESIAN_POINT('',(-0.0636284500258176,-0.0605965881111583,0.0507156946522876));
#2657=CARTESIAN_POINT('',(-0.0636284500258176,-0.0605965881111583,0.0527156946522876));
#2658=CARTESIAN_POINT('',(-0.0747284500258176,-0.0605965881111583,0.0497156946522876));
#2659=CARTESIAN_POINT('',(-0.0747284500258176,-0.0605965881111583,0.0644706946522876));
#2660=CARTESIAN_POINT('',(-0.0755284500258176,-0.0605965881111583,0.0644706946522876));
#2661=CARTESIAN_POINT('',(-0.0425284500258176,-0.0605965881111583,0.0644706946522876));
#2662=CARTESIAN_POINT('',(-0.0425284500258176,-0.0605965881111583,0.0417606946522876));
#2663=CARTESIAN_POINT('',(-0.0536284500258176,-0.0605965881111583,0.0507156946522876));
#2664=CARTESIAN_POINT('',(-0.0536284500258176,-0.0605965881111583,0.0527156946522876));
#2665=CARTESIAN_POINT('',(-0.0579284500258176,-0.0605965881111583,0.0527156946522876));
#2666=CARTESIAN_POINT('',(-0.0579284500258176,-0.0625965881111583,0.0507156946522876));
#2667=CARTESIAN_POINT('',(-0.0775284500258176,-0.0625965881111583,0.0497156946522876));
#2668=CARTESIAN_POINT('',(-0.0383284500258176,-0.0625965881111583,0.0417606946522876));
#2669=CARTESIAN_POINT('',(-0.0747284500258176,-0.0482365881111583,0.0497156946522876));
#2670=CARTESIAN_POINT('',(-0.0747284500258176,-0.0379865881111583,0.0581606946522876));
#2671=CARTESIAN_POINT('',(-0.0747284500258176,-0.0389865881111583,0.0581606946522876));
#2672=CARTESIAN_POINT('',(-0.0747284500258176,-0.0482365881111583,0.0440299785350717));
#2673=CARTESIAN_POINT('',(-0.0747284500258176,-0.0397365881111583,0.0440299785350717));
#2674=CARTESIAN_POINT('',(-0.0747284500258176,-0.0405765881111583,0.0440299785350717));
#2675=CARTESIAN_POINT('',(-0.0747284500258176,-0.0393996008130505,0.0446136576568998));
#2676=CARTESIAN_POINT('',(-0.0747284500258176,-0.0358765881111583,0.0497156946522876));
#2677=CARTESIAN_POINT('',(-0.0747284500258176,-0.0358765881111583,0.0644706946522876));
#2678=CARTESIAN_POINT('',(-0.0747284500258176,-0.0482365881111583,0.0644706946522876));
#2679=CARTESIAN_POINT('',(-0.0747284500258176,-0.0405765881111583,0.0644706946522876));
#2680=CARTESIAN_POINT('',(-0.0747284500258176,-0.0405765881111583,0.0497156946522876));
#2681=CARTESIAN_POINT('',(-0.0747284500258176,-0.0482365881111583,0.0497156946522876));
#2682=CARTESIAN_POINT('',(-0.0747284500258176,-0.0584865881111583,0.0581606946522876));
#2683=CARTESIAN_POINT('',(-0.0747284500258176,-0.0594865881111583,0.0581606946522876));
#2684=CARTESIAN_POINT('',(-0.0747284500258176,-0.0482365881111583,0.0440299785350717));
#2685=CARTESIAN_POINT('',(-0.0747284500258176,-0.0558965881111583,0.0440299785350717));
#2686=CARTESIAN_POINT('',(-0.0747284500258176,-0.0567365881111583,0.0440299785350717));
#2687=CARTESIAN_POINT('',(-0.0747284500258176,-0.0558965881111583,0.0497156946522876));
#2688=CARTESIAN_POINT('',(-0.0747284500258176,-0.0558965881111583,0.0644706946522876));
#2689=CARTESIAN_POINT('',(-0.0747284500258176,-0.0482365881111583,0.0644706946522876));
#2690=CARTESIAN_POINT('',(-0.0747284500258176,-0.0570735754092661,0.0446136576568998));
#2691=CARTESIAN_POINT('',(-0.0579284500258176,-0.0482365881111583,0.0644706946522876));
#2692=CARTESIAN_POINT('',(-0.0759284500258176,-0.0482365881111583,0.0644706946522876));
#2693=CARTESIAN_POINT('',(-0.0759284500258176,-0.0405765881111583,0.0644706946522876));
#2694=CARTESIAN_POINT('',(-0.0759284500258176,-0.0558965881111583,0.0644706946522876));
#2695=CARTESIAN_POINT('',(-0.0747264500258176,-0.0405765881111583,0.0644706946522876));
#2696=CARTESIAN_POINT('',(-0.0755284500258176,-0.0358765881111583,0.0644706946522876));
#2697=CARTESIAN_POINT('',(-0.0425284500258176,-0.0358765881111583,0.0644706946522876));
#2698=CARTESIAN_POINT('',(-0.0425284500258176,-0.0482365881111583,0.0644706946522876));
#2699=CARTESIAN_POINT('',(-0.0747264500258176,-0.0558965881111583,0.0644706946522876));
#2700=CARTESIAN_POINT('',(-0.0425284500258176,-0.0482365881111583,0.0417606946522876));
#2701=CARTESIAN_POINT('',(-0.0425284500258176,-0.0575865881111583,0.0550931946522876));
#2702=CARTESIAN_POINT('',(-0.0425284500258176,-0.0575865881111583,0.0594706946522876));
#2703=CARTESIAN_POINT('',(-0.0425284500258176,-0.0358765881111583,0.0417606946522876));
#2704=CARTESIAN_POINT('',(-0.0425284500258176,-0.0388865881111583,0.0550931946522876));
#2705=CARTESIAN_POINT('',(-0.0425284500258176,-0.0388865881111583,0.0594706946522876));
#2706=CARTESIAN_POINT('',(-0.0425284500258176,-0.0482365881111583,0.0594706946522876));
#2707=CARTESIAN_POINT('',(-0.0775284500258176,-0.0482365881111583,0.0497156946522876));
#2708=CARTESIAN_POINT('',(-0.0775284500258176,-0.0482365881111583,0.0440299785350717));
#2709=CARTESIAN_POINT('',(-0.0775284500258176,-0.0567365881111583,0.0440299785350717));
#2710=CARTESIAN_POINT('',(-0.0775284500258176,-0.0397365881111583,0.0440299785350717));
#2711=CARTESIAN_POINT('',(-0.0775284500258176,-0.0570735754092661,0.0446136576568998));
#2712=CARTESIAN_POINT('',(-0.0775284500258176,-0.0338765881111583,0.0497156946522876));
#2713=CARTESIAN_POINT('',(-0.0775284500258176,-0.0393996008130505,0.0446136576568998));
#2714=CARTESIAN_POINT('',(-0.0775284500258176,-0.0379865881111583,0.0581606946522876));
#2715=CARTESIAN_POINT('',(-0.0775284500258176,-0.0359865881111583,0.0581606946522876));
#2716=CARTESIAN_POINT('',(-0.0775284500258176,-0.0584865881111583,0.0581606946522876));
#2717=CARTESIAN_POINT('',(-0.0775284500258176,-0.0564865881111583,0.0581606946522876));
#2718=CARTESIAN_POINT('',(-0.0747264500258176,-0.0405765881111583,0.0497156946522876));
#2719=CARTESIAN_POINT('',(-0.0759284500258176,-0.0405765881111583,0.0497156946522876));
#2720=CARTESIAN_POINT('',(-0.0759284500258176,-0.0405765881111583,0.0440299785350717));
#2721=CARTESIAN_POINT('',(-0.0747264500258176,-0.0405765881111583,0.0440299785350717));
#2722=CARTESIAN_POINT('',(-0.0747264500258176,-0.0558965881111583,0.0497156946522876));
#2723=CARTESIAN_POINT('',(-0.0747264500258176,-0.0558965881111583,0.0440299785350717));
#2724=CARTESIAN_POINT('',(-0.0759284500258176,-0.0558965881111583,0.0440299785350717));
#2725=CARTESIAN_POINT('',(-0.0759284500258176,-0.0558965881111583,0.0497156946522876));
#2726=CARTESIAN_POINT('',(-0.0579284500258176,-0.0358765881111583,0.0507156946522876));
#2727=CARTESIAN_POINT('',(-0.0579284500258176,-0.0358765881111583,0.0507156946522876));
#2728=CARTESIAN_POINT('',(-0.0579284500258176,-0.0338765881111583,0.0507156946522876));
#2729=CARTESIAN_POINT('',(-0.0385684500258178,-0.0338765881111583,0.0664706946522876));
#2730=CARTESIAN_POINT('',(-0.0383284500258178,-0.033876588111158,0.0417606946522864));
#2731=CARTESIAN_POINT('',(-0.228028533742942,-0.0575065881111583,0.0453636576568998));
#2732=CARTESIAN_POINT('',(-0.228028533742942,-0.0567365881111583,0.0440299785350717));
#2733=CARTESIAN_POINT('',(-0.228028533742942,-0.0389665881111583,0.0453636576568998));
#2734=CARTESIAN_POINT('',(-0.228028533742942,-0.0397365881111583,0.0440299785350717));
#2735=CARTESIAN_POINT('',(-0.0775284500258176,-0.0584865881111583,0.0581606946522876));
#2736=CARTESIAN_POINT('',(-0.0759284500258176,-0.0584865881111583,0.0581606946522876));
#2737=CARTESIAN_POINT('',(-0.0759284500258176,-0.0574865881111583,0.0581606946522876));
#2738=CARTESIAN_POINT('',(-0.0759284500258176,-0.0584865881111583,0.0601606946522876));
#2739=CARTESIAN_POINT('',(-0.0759284500258176,-0.0584865881111583,0.0581606946522876));
#2740=CARTESIAN_POINT('',(-0.0759284500258176,-0.0564865881111583,0.0581606946522876));
#2741=CARTESIAN_POINT('',(-0.0775284500258176,-0.0584865881111583,0.0581606946522876));
#2742=CARTESIAN_POINT('',(-0.0775284500258176,-0.0379865881111583,0.0581606946522876));
#2743=CARTESIAN_POINT('',(-0.0759284500258176,-0.0379865881111583,0.0581606946522876));
#2744=CARTESIAN_POINT('',(-0.0759284500258176,-0.0369865881111583,0.0581606946522876));
#2745=CARTESIAN_POINT('',(-0.0759284500258176,-0.0379865881111583,0.0601606946522876));
#2746=CARTESIAN_POINT('',(-0.0759284500258176,-0.0379865881111583,0.0581606946522876));
#2747=CARTESIAN_POINT('',(-0.0759284500258176,-0.0359865881111583,0.0581606946522876));
#2748=CARTESIAN_POINT('',(-0.0775284500258176,-0.0379865881111583,0.0581606946522876));
#2749=CARTESIAN_POINT('',(-0.0759284500258176,-0.0482365881111583,0.0497156946522876));
#2750=CARTESIAN_POINT('',(-0.0759284500258176,-0.0482365881111583,0.0440299785350717));
#2751=CARTESIAN_POINT('',(0.19031709618297,-0.0482365881111583,0.0440299785350717));
#2752=CARTESIAN_POINT('',(-0.0405284500258176,-0.0482365881111583,0.0417606946522876));
#2753=CARTESIAN_POINT('',(-0.0405284500258176,-0.0482365881111583,0.0594706946522876));
#2754=CARTESIAN_POINT('',(-0.0405284500258176,-0.0388865881111583,0.0594706946522876));
#2755=CARTESIAN_POINT('',(-0.0405284500258176,-0.0575865881111583,0.0594706946522876));
#2756=CARTESIAN_POINT('',(-0.0405284500258176,-0.0388865881111583,0.0550931946522876));
#2757=CARTESIAN_POINT('',(-0.0405284500258176,-0.0575865881111583,0.0550931946522876));
#2758=CARTESIAN_POINT('',(-0.0405264500258176,-0.0388865881111583,0.0550931946522876));
#2759=CARTESIAN_POINT('',(-0.0405264500258176,-0.0388865881111583,0.0594706946522876));
#2760=CARTESIAN_POINT('',(-0.0405264500258176,-0.0482365881111583,0.0594706946522876));
#2761=CARTESIAN_POINT('',(-0.0405264500258176,-0.0575865881111583,0.0594706946522876));
#2762=CARTESIAN_POINT('',(-0.0405264500258176,-0.0575865881111583,0.0550931946522876));
#2763=CARTESIAN_POINT('',(-0.0636284500258176,-0.0674854309434575,0.0527156946522876));
#2764=CARTESIAN_POINT('',(-0.0636284500258176,-0.0674854309434575,0.0527156946522876));
#2765=CARTESIAN_POINT('',(-0.0636284500258176,-0.0604854309434575,0.0527156946522876));
#2766=CARTESIAN_POINT('',(-0.0636284500258176,-0.0604854309434575,0.0527156946522876));
#2767=CARTESIAN_POINT('',(-0.0536284500258176,-0.0674854309434576,0.0527156946522876));
#2768=CARTESIAN_POINT('',(-0.0536284500258176,-0.0604854309434575,0.0527156946522876));
#2769=CARTESIAN_POINT('',(-0.0536284500258176,-0.0604854309434575,0.0527156946522876));
#2770=CARTESIAN_POINT('',(-0.0536284500258176,-0.0674854309434576,0.0527156946522876));
#2771=CARTESIAN_POINT('',(-0.0579284500258176,-0.0481810095273079,0.0527156946522876));
#2772=CARTESIAN_POINT('',(-0.0586284500258176,-0.0604854309434575,0.0527156946522876));
#2773=CARTESIAN_POINT('',(-0.0586284500258176,-0.0604854309434575,0.0527156946522876));
#2774=CARTESIAN_POINT('',(-0.0579284500258178,-0.0338765881111583,0.0585931946522876));
#2775=CARTESIAN_POINT('',(-0.0722884500258178,-0.0338765881111583,0.0761931946522876));
#2776=CARTESIAN_POINT('',(-0.0722884500258178,-0.0338765881111583,0.0714706946522876));
#2777=CARTESIAN_POINT('',(-0.0435684500258178,-0.0338765881111583,0.0714706946522876));
#2778=CARTESIAN_POINT('',(-0.0702884500258178,-0.0181215881111584,0.0585931946522876));
#2779=CARTESIAN_POINT('',(-0.0702884500258178,-0.0181215881111584,0.0642931946522876));
#2780=CARTESIAN_POINT('',(-0.0702884500258178,-0.0201215881111584,0.0642931946522876));
#2781=CARTESIAN_POINT('',(-0.0702884500258178,-0.0171215881111583,0.0753931946522876));
#2782=CARTESIAN_POINT('',(-0.0702884500258178,-0.0225665881111583,0.0753931946522876));
#2783=CARTESIAN_POINT('',(-0.0702884500258178,-0.0171215881111583,0.0753931946522876));
#2784=CARTESIAN_POINT('',(-0.0702884500258178,-0.0318765881111583,0.0753931946522876));
#2785=CARTESIAN_POINT('',(-0.0702884500258178,-0.0318765881111583,0.0761931946522876));
#2786=CARTESIAN_POINT('',(-0.0702884500258178,-0.0318765881111583,0.0431931946522876));
#2787=CARTESIAN_POINT('',(-0.0702884500258178,-0.00916658811115834,0.0431931946522876));
#2788=CARTESIAN_POINT('',(-0.0702884500258178,-0.0181215881111584,0.0542931946522876));
#2789=CARTESIAN_POINT('',(-0.0702884500258178,-0.0201215881111584,0.0542931946522876));
#2790=CARTESIAN_POINT('',(-0.0702884500258178,-0.0201215881111584,0.0585931946522876));
#2791=CARTESIAN_POINT('',(-0.0722884500258178,-0.0181215881111584,0.0585931946522876));
#2792=CARTESIAN_POINT('',(-0.0722884500258178,-0.0288765881111583,0.0664706946522876));
#2793=CARTESIAN_POINT('',(-0.0722884500258178,-0.0338765881111583,0.0714706946522876));
#2794=CARTESIAN_POINT('',(-0.0722884500258178,-0.0225665881111583,0.0753911946522876));
#2795=CARTESIAN_POINT('',(-0.0722884500258178,-0.0225665881111583,0.0753931946522876));
#2796=CARTESIAN_POINT('',(-0.0722884500258178,-0.0170012300525504,0.0753931946522876));
#2797=CARTESIAN_POINT('',(-0.0722884500258178,-0.00916658811115834,0.0389931946522876));
#2798=CARTESIAN_POINT('',(-0.0722884500258178,-0.0339228381111583,0.0389931946522876));
#2799=CARTESIAN_POINT('',(-0.0722884500258178,-0.0358765881111583,0.0507156946522876));
#2800=CARTESIAN_POINT('',(-0.0579284500258178,-0.0171215881111583,0.0753931946522876));
#2801=CARTESIAN_POINT('',(-0.0476784500258178,-0.0255665881111583,0.0753931946522876));
#2802=CARTESIAN_POINT('',(-0.0486784500258178,-0.0255665881111583,0.0753931946522876));
#2803=CARTESIAN_POINT('',(-0.0579284500258178,-0.0225665881111583,0.0753931946522876));
#2804=CARTESIAN_POINT('',(-0.0455684500258178,-0.0225665881111583,0.0753931946522876));
#2805=CARTESIAN_POINT('',(-0.0455684500258178,-0.0171215881111583,0.0753931946522876));
#2806=CARTESIAN_POINT('',(-0.0455684500258178,-0.0318765881111583,0.0753931946522876));
#2807=CARTESIAN_POINT('',(-0.0579284500258178,-0.0318765881111583,0.0753931946522876));
#2808=CARTESIAN_POINT('',(-0.0579284500258178,-0.0171215881111583,0.0753931946522876));
#2809=CARTESIAN_POINT('',(-0.0681784500258178,-0.0255665881111583,0.0753931946522876));
#2810=CARTESIAN_POINT('',(-0.0691784500258178,-0.0255665881111583,0.0753931946522876));
#2811=CARTESIAN_POINT('',(-0.0579284500258178,-0.0225665881111583,0.0753931946522876));
#2812=CARTESIAN_POINT('',(-0.0579284500258178,-0.0318765881111583,0.0753931946522876));
#2813=CARTESIAN_POINT('',(-0.0579284500258178,-0.0318765881111583,0.0585931946522876));
#2814=CARTESIAN_POINT('',(-0.0455684500258178,-0.0318765881111583,0.0761931946522876));
#2815=CARTESIAN_POINT('',(-0.0455684500258178,-0.0318765881111583,0.0431931946522876));
#2816=CARTESIAN_POINT('',(-0.0579284500258178,-0.0318765881111583,0.0431931946522876));
#2817=CARTESIAN_POINT('',(-0.0579284500258178,-0.00916658811115834,0.0431931946522876));
#2818=CARTESIAN_POINT('',(-0.0672784500258178,-0.0224990881111583,0.0431931946522876));
#2819=CARTESIAN_POINT('',(-0.0672784500258178,-0.0268765881111583,0.0431931946522876));
#2820=CARTESIAN_POINT('',(-0.0455684500258178,-0.00916658811115834,0.0431931946522876));
#2821=CARTESIAN_POINT('',(-0.0485784500258178,-0.0224990881111583,0.0431931946522876));
#2822=CARTESIAN_POINT('',(-0.0485784500258178,-0.0268765881111583,0.0431931946522876));
#2823=CARTESIAN_POINT('',(-0.0579284500258178,-0.0268765881111583,0.0431931946522876));
#2824=CARTESIAN_POINT('',(-0.0455684500258178,-0.0181215881111584,0.0585931946522876));
#2825=CARTESIAN_POINT('',(-0.0455684500258178,-0.0171215881111583,0.0753931946522876));
#2826=CARTESIAN_POINT('',(-0.0681784500258178,-0.0255665881111583,0.0781931946522876));
#2827=CARTESIAN_POINT('',(-0.0681784500258178,-0.0255665881111583,0.0765931946522876));
#2828=CARTESIAN_POINT('',(-0.0671784500258178,-0.0255665881111583,0.0765931946522876));
#2829=CARTESIAN_POINT('',(-0.0681784500258178,-0.0275665881111583,0.0765931946522876));
#2830=CARTESIAN_POINT('',(-0.0681784500258178,-0.0255665881111583,0.0765931946522876));
#2831=CARTESIAN_POINT('',(-0.0661784500258178,-0.0255665881111583,0.0765931946522876));
#2832=CARTESIAN_POINT('',(-0.0681784500258178,-0.0255665881111583,0.0781931946522876));
#2833=CARTESIAN_POINT('',(-0.0476784500258178,-0.0255665881111583,0.0781931946522876));
#2834=CARTESIAN_POINT('',(-0.0476784500258178,-0.0255665881111583,0.0765931946522876));
#2835=CARTESIAN_POINT('',(-0.0466784500258178,-0.0255665881111583,0.0765931946522876));
#2836=CARTESIAN_POINT('',(-0.0476784500258178,-0.0275665881111583,0.0765931946522876));
#2837=CARTESIAN_POINT('',(-0.0476784500258178,-0.0255665881111583,0.0765931946522876));
#2838=CARTESIAN_POINT('',(-0.0456784500258178,-0.0255665881111583,0.0765931946522876));
#2839=CARTESIAN_POINT('',(-0.0476784500258178,-0.0255665881111583,0.0781931946522876));
#2840=CARTESIAN_POINT('',(-0.0579284500258178,-0.00916658811115834,0.0411931946522876));
#2841=CARTESIAN_POINT('',(-0.0579284500258178,-0.0268765881111583,0.0411931946522876));
#2842=CARTESIAN_POINT('',(-0.0485784500258178,-0.0268765881111583,0.0411931946522876));
#2843=CARTESIAN_POINT('',(-0.0672784500258178,-0.0268765881111583,0.0411931946522876));
#2844=CARTESIAN_POINT('',(-0.0485784500258178,-0.0224990881111583,0.0411931946522876));
#2845=CARTESIAN_POINT('',(-0.0672784500258178,-0.0224990881111583,0.0411931946522876));
#2846=CARTESIAN_POINT('',(-0.0485784500258178,-0.0224990881111583,0.0411911946522876));
#2847=CARTESIAN_POINT('',(-0.0485784500258178,-0.0268765881111583,0.0411911946522876));
#2848=CARTESIAN_POINT('',(-0.0579284500258178,-0.0268765881111583,0.0411911946522876));
#2849=CARTESIAN_POINT('',(-0.0672784500258178,-0.0268765881111583,0.0411911946522876));
#2850=CARTESIAN_POINT('',(-0.0672784500258178,-0.0224990881111583,0.0411911946522876));
#2851=CARTESIAN_POINT('',(-0.077177292858117,-0.0201215881111584,0.0642931946522876));
#2852=CARTESIAN_POINT('',(-0.077177292858117,-0.0201215881111584,0.0642931946522876));
#2853=CARTESIAN_POINT('',(-0.070177292858117,-0.0201215881111584,0.0642931946522876));
#2854=CARTESIAN_POINT('',(-0.070177292858117,-0.0201215881111584,0.0642931946522876));
#2855=CARTESIAN_POINT('',(-0.0771772928581171,-0.0201215881111584,0.0542931946522876));
#2856=CARTESIAN_POINT('',(-0.070177292858117,-0.0201215881111584,0.0542931946522876));
#2857=CARTESIAN_POINT('',(-0.070177292858117,-0.0201215881111584,0.0542931946522876));
#2858=CARTESIAN_POINT('',(-0.0771772928581171,-0.0201215881111584,0.0542931946522876));
#2859=CARTESIAN_POINT('',(-0.0578728714419674,-0.0201215881111584,0.0585931946522876));
#2860=CARTESIAN_POINT('',(-0.070177292858117,-0.0201215881111584,0.0592931946522876));
#2861=CARTESIAN_POINT('',(-0.070177292858117,-0.0201215881111584,0.0592931946522876));
#2862=CARTESIAN_POINT('',(-0.0579284500258102,-0.313996365290529,0.0389931946522876));
#2863=CARTESIAN_POINT('',(-0.0579284500258176,-0.0339228381111583,0.0389931946522876));
#2864=CARTESIAN_POINT('',(-0.0579284500258178,-0.0171215881111583,0.0753931946522876));
#2865=CARTESIAN_POINT('',(-0.0579284500258178,-0.0225665881111583,0.0753931946522876));
#2866=CARTESIAN_POINT('',(-0.0579284500258178,-0.0171215881111583,0.0753931946522876));
#2867=CARTESIAN_POINT('',(-0.0579284500258178,-0.0225665881111583,0.0753931946522876));
#2868=CARTESIAN_POINT('',(-0.0579284500258178,-0.0225665881111583,0.0753911946522876));
#2869=CARTESIAN_POINT('',(-0.0579284500258178,-0.0338765881111583,0.0714706946522876));
#2870=CARTESIAN_POINT('',(-0.0579284500258176,-0.0358765881111583,0.0507156946522876));
#2871=CARTESIAN_POINT('',(-0.0435684500258178,-0.0286365881111583,0.0585931946522876));
#2872=CARTESIAN_POINT('',(-0.0775284500258178,-0.0338765881111583,0.0507156946522876));
#2873=CARTESIAN_POINT('',(-0.0114742649650559,-0.0482436253913274,0.0629190019962993));
#2874=CARTESIAN_POINT('',(-0.0114742649650559,-0.0482436253913275,0.0609190019962993));
#2875=CARTESIAN_POINT('',(-0.00987426496823995,-0.0482437263314171,0.0609190019962993));
#2876=CARTESIAN_POINT('',(-0.0114742649650559,-0.0482436253913274,0.0639190019962993));
#2877=CARTESIAN_POINT('',(-0.00987426496823993,-0.048243726331417,0.0639190019962993));
#2878=CARTESIAN_POINT('',(-0.0114738233520458,-0.0412436235321576,0.0629190019962991));
#2879=CARTESIAN_POINT('',(-0.0114738233520458,-0.0412436235321577,0.0609190019962991));
#2880=CARTESIAN_POINT('',(-0.0114738233520458,-0.0428436235321576,0.0609190019962991));
#2881=CARTESIAN_POINT('',(-0.0114738233520458,-0.0412436235321575,0.0639190019962991));
#2882=CARTESIAN_POINT('',(-0.0114738233520458,-0.0396436235321576,0.063919001996299));
#2883=CARTESIAN_POINT('',(-0.00447426310588605,-0.0482440670043376,0.0629190019962993));
#2884=CARTESIAN_POINT('',(-0.00447426310588607,-0.0482440670043376,0.0609190019962993));
#2885=CARTESIAN_POINT('',(-0.00447426310588607,-0.0498440670043376,0.0609190019962993));
#2886=CARTESIAN_POINT('',(-0.00447426310588604,-0.0482440670043376,0.0639190019962993));
#2887=CARTESIAN_POINT('',(-0.00447426310588604,-0.0466440670043376,0.0639190019962993));
#2888=CARTESIAN_POINT('',(-0.011474706578066,-0.0552436272504973,0.0629190019962995));
#2889=CARTESIAN_POINT('',(-0.0114747065780661,-0.0552436272504974,0.0609190019962995));
#2890=CARTESIAN_POINT('',(-0.0114747065780661,-0.0568436272504974,0.0609190019962995));
#2891=CARTESIAN_POINT('',(-0.011474706578066,-0.0552436272504973,0.0639190019962995));
#2892=CARTESIAN_POINT('',(-0.011474706578066,-0.0536436272504973,0.0639190019962994));
#2893=CARTESIAN_POINT('',(-0.0184742668242258,-0.0482431837783173,0.0629190019962994));
#2894=CARTESIAN_POINT('',(-0.0184742668242258,-0.0482431837783174,0.0609190019962994));
#2895=CARTESIAN_POINT('',(-0.0184742668242258,-0.0498431837783174,0.0609190019962994));
#2896=CARTESIAN_POINT('',(-0.0184742668242258,-0.0482431837783173,0.0639190019962994));
#2897=CARTESIAN_POINT('',(-0.0184742668242258,-0.0466431837783173,0.0639190019962994));
#2898=CARTESIAN_POINT('',(-0.0114742649650563,-0.0482436253913285,0.021869001996299));
#2899=CARTESIAN_POINT('',(-0.0114742649650563,-0.0482436253913285,0.023869001996299));
#2900=CARTESIAN_POINT('',(-0.0114742649650563,-0.0447186253913255,0.0238690019962989));
#2901=CARTESIAN_POINT('',(-0.0114742649650563,-0.0482436253913285,0.020869001996299));
#2902=CARTESIAN_POINT('',(-0.0114742649650563,-0.0447186253913255,0.0208690019962989));
#2903=CARTESIAN_POINT('',(-0.00447426685208641,-0.0482440670041023,0.021869001996299));
#2904=CARTESIAN_POINT('',(-0.00447426685208641,-0.0482440670041022,0.023869001996299));
#2905=CARTESIAN_POINT('',(-0.00447426685208641,-0.0466440670041022,0.023869001996299));
#2906=CARTESIAN_POINT('',(-0.00447426685208641,-0.0482440670041023,0.020869001996299));
#2907=CARTESIAN_POINT('',(-0.00447426685208641,-0.0498440670041023,0.020869001996299));
#2908=CARTESIAN_POINT('',(-0.0114747065778301,-0.0552436235042983,0.0218690019962991));
#2909=CARTESIAN_POINT('',(-0.0114747065778301,-0.0552436235042983,0.0238690019962991));
#2910=CARTESIAN_POINT('',(-0.0114747065778301,-0.0536436235042983,0.0238690019962991));
#2911=CARTESIAN_POINT('',(-0.0114747065778301,-0.0552436235042984,0.0208690019962991));
#2912=CARTESIAN_POINT('',(-0.0114747065778301,-0.0568436235042984,0.0208690019962992));
#2913=CARTESIAN_POINT('',(-0.0114738233522825,-0.0412436272783587,0.0218690019962988));
#2914=CARTESIAN_POINT('',(-0.0114738233522825,-0.0412436272783586,0.0238690019962988));
#2915=CARTESIAN_POINT('',(-0.0114738233522825,-0.0396436272783586,0.0238690019962988));
#2916=CARTESIAN_POINT('',(-0.0114738233522825,-0.0412436272783587,0.0208690019962988));
#2917=CARTESIAN_POINT('',(-0.0114738233522825,-0.0428436272783587,0.0208690019962988));
#2918=CARTESIAN_POINT('',(-0.0184742630780261,-0.0482431837785547,0.021869001996299));
#2919=CARTESIAN_POINT('',(-0.0184742630780261,-0.0482431837785546,0.023869001996299));
#2920=CARTESIAN_POINT('',(-0.0184742630780261,-0.0466431837785546,0.023869001996299));
#2921=CARTESIAN_POINT('',(-0.0184742630780261,-0.0482431837785547,0.020869001996299));
#2922=CARTESIAN_POINT('',(-0.0184742630780261,-0.0498431837785547,0.020869001996299));
#2923=CARTESIAN_POINT('',(-0.00333362616948517,-0.04354362539133,0.0218690019962989));
#2924=CARTESIAN_POINT('',(-0.00333362616948516,-0.04354362539133,0.0238690019962988));
#2925=CARTESIAN_POINT('',(-0.00604717243467556,-0.0388436253913314,0.0238690019962987));
#2926=CARTESIAN_POINT('',(-0.000620079904294763,-0.0482436253913284,0.023869001996299));
#2927=CARTESIAN_POINT('',(-0.000620079904294763,-0.0482436253913285,0.021869001996299));
#2928=CARTESIAN_POINT('',(-0.000620079904294763,-0.0482436253913285,0.020869001996299));
#2929=CARTESIAN_POINT('',(-0.00333362616948517,-0.04354362539133,0.0208690019962989));
#2930=CARTESIAN_POINT('',(-0.00604717243467557,-0.0388436253913315,0.0208690019962987));
#2931=CARTESIAN_POINT('',(-0.00604717243467557,-0.0388436253913315,0.0218690019962988));
#2932=CARTESIAN_POINT('',(-0.0114742649650563,-0.0482436253913285,0.023869001996299));
#2933=CARTESIAN_POINT('',(-0.0114742649650563,-0.0388436253913315,0.0238690019962987));
#2934=CARTESIAN_POINT('',(-0.0253284500258178,-0.0388436253913315,0.0238690019962987));
#2935=CARTESIAN_POINT('',(-0.0253284500258178,-0.0576436253913255,0.0238690019962992));
#2936=CARTESIAN_POINT('',(-0.0253284500258178,-0.0576436253913255,0.0238690019962992));
#2937=CARTESIAN_POINT('',(-0.0114742649650563,-0.0576436253913255,0.0238690019962992));
#2938=CARTESIAN_POINT('',(-0.00604717243467549,-0.0576436253913255,0.0238690019962992));
#2939=CARTESIAN_POINT('',(-0.00333362616948513,-0.0529436253913269,0.0238690019962991));
#2940=CARTESIAN_POINT('',(-0.00333362616948513,-0.052943625391327,0.0218690019962991));
#2941=CARTESIAN_POINT('',(-0.0060471724346755,-0.0576436253913255,0.0218690019962993));
#2942=CARTESIAN_POINT('',(-0.0060471724346755,-0.0576436253913256,0.0208690019962992));
#2943=CARTESIAN_POINT('',(-0.00333362616948513,-0.052943625391327,0.0208690019962991));
#2944=CARTESIAN_POINT('',(-0.00333362616947959,-0.0529436253913289,0.0629190019962994));
#2945=CARTESIAN_POINT('',(-0.0033336261694796,-0.052943625391329,0.0609190019962994));
#2946=CARTESIAN_POINT('',(-0.00604717243467172,-0.0576436253913305,0.0609190019962995));
#2947=CARTESIAN_POINT('',(-0.000620079904287495,-0.0482436253913275,0.0609190019962992));
#2948=CARTESIAN_POINT('',(-0.000620079904287481,-0.0482436253913274,0.0629190019962992));
#2949=CARTESIAN_POINT('',(-0.000620079904287474,-0.0482436253913274,0.0639190019962992));
#2950=CARTESIAN_POINT('',(-0.00333362616947958,-0.0529436253913289,0.0639190019962994));
#2951=CARTESIAN_POINT('',(-0.00604717243467169,-0.0576436253913304,0.0639190019962995));
#2952=CARTESIAN_POINT('',(-0.0060471724346717,-0.0576436253913304,0.0629190019962995));
#2953=CARTESIAN_POINT('',(-0.0253284500258178,-0.0482436253913285,0.023869001996299));
#2954=CARTESIAN_POINT('',(-0.0256453248346974,-0.0388436253913254,0.0239843349947197));
#2955=CARTESIAN_POINT('',(-0.0333284500258178,-0.0388436253913314,0.0267807638704284));
#2956=CARTESIAN_POINT('',(-0.0333284500258178,-0.0388436253913314,0.0267807638704284));
#2957=CARTESIAN_POINT('',(-0.0333284500258178,-0.0576436253913254,0.0267807638704288));
#2958=CARTESIAN_POINT('',(-0.0256453248346974,-0.0576436253913314,0.0239843349947202));
#2959=CARTESIAN_POINT('',(-0.00333362616947959,-0.0435436253913259,0.0629190019962991));
#2960=CARTESIAN_POINT('',(-0.0033336261694796,-0.043543625391326,0.0609190019962991));
#2961=CARTESIAN_POINT('',(-0.00604717243467172,-0.0388436253913245,0.060919001996299));
#2962=CARTESIAN_POINT('',(-0.0060471724346717,-0.0388436253913244,0.062919001996299));
#2963=CARTESIAN_POINT('',(-0.00604717243467169,-0.0388436253913244,0.063919001996299));
#2964=CARTESIAN_POINT('',(-0.00333362616947958,-0.0435436253913259,0.0639190019962991));
#2965=CARTESIAN_POINT('',(-0.0253284500258243,-0.0482436253913275,0.0609190019962994));
#2966=CARTESIAN_POINT('',(-0.0124521091458818,-0.0576436253913304,0.0656056068028638));
#2967=CARTESIAN_POINT('',(-0.0333284500258177,-0.0576436253913302,0.0580072401221724));
#2968=CARTESIAN_POINT('',(-0.0253284500258243,-0.0576436253913305,0.0609190019962996));
#2969=CARTESIAN_POINT('',(-0.0333284500258178,-0.0576436253913302,0.0580072401221724));
#2970=CARTESIAN_POINT('',(-0.0333284500258178,-0.0388436253913306,0.0580072401221719));
#2971=CARTESIAN_POINT('',(-0.0124521091458818,-0.0388436253913243,0.0656056068028634));
#2972=CARTESIAN_POINT('',(-0.0253284500258243,-0.0388436253913245,0.0609190019962992));
#2973=CARTESIAN_POINT('',(-0.0253284500258243,-0.0388436253913245,0.0609190019962992));
#2974=CARTESIAN_POINT('',(-0.0114742649650559,-0.0482436253913275,0.0609190019962993));
#2975=CARTESIAN_POINT('',(-0.0114742649650559,-0.0576436253913305,0.0609190019962995));
#2976=CARTESIAN_POINT('',(-0.0114742649650559,-0.0388436253913245,0.0609190019962991));
#2977=CARTESIAN_POINT('',(-0.0114742649650559,-0.0388436253913244,0.0629190019962991));
#2978=CARTESIAN_POINT('',(-0.0333284500258178,-0.0388436253913315,0.0238710019962988));
#2979=CARTESIAN_POINT('',(-0.0114742649650563,-0.0388436253913316,0.0208690019962987));
#2980=CARTESIAN_POINT('',(-0.0383284500258178,-0.0388436253913316,0.0208690019962987));
#2981=CARTESIAN_POINT('',(-0.0383284500258178,-0.0388436253913315,0.0238710019962988));
#2982=CARTESIAN_POINT('',(-0.0114742649650559,-0.0576436253913304,0.0629190019962996));
#2983=CARTESIAN_POINT('',(-0.0114742649650559,-0.0576436253913304,0.0639190019962996));
#2984=CARTESIAN_POINT('',(-0.0308284500258178,-0.0576436253913304,0.0639190019962997));
#2985=CARTESIAN_POINT('',(-0.0206513574954372,-0.0576436253913307,0.0537419094659187));
#2986=CARTESIAN_POINT('',(-0.0333284500258178,-0.0576436253913304,0.0664190019962999));
#2987=CARTESIAN_POINT('',(-0.0333284500258177,-0.0576436253913302,0.0507136946522864));
#2988=CARTESIAN_POINT('',(-0.0333284500258178,-0.048243625391325,0.0423940019962993));
#2989=CARTESIAN_POINT('',(-0.0333284500258178,-0.0576436253913255,0.0238710019962993));
#2990=CARTESIAN_POINT('',(-0.0333284500258178,-0.0388436253913315,0.0238710019962988));
#2991=CARTESIAN_POINT('',(-0.0333284500258178,-0.0576436253913255,0.0238710019962993));
#2992=CARTESIAN_POINT('',(-0.0114742649650559,-0.0388436253913244,0.0629190019962991));
#2993=CARTESIAN_POINT('',(-0.0333284500258178,-0.0388436253913304,0.0507136946522864));
#2994=CARTESIAN_POINT('',(-0.0333284500258178,-0.0388436253913304,0.0664190019962993));
#2995=CARTESIAN_POINT('',(-0.0206513574954372,-0.0388436253913246,0.0537419094659182));
#2996=CARTESIAN_POINT('',(-0.0308284500258178,-0.0388436253913244,0.0639190019962992));
#2997=CARTESIAN_POINT('',(-0.0114742649650559,-0.0388436253913244,0.0639190019962991));
#2998=CARTESIAN_POINT('',(-0.0333284500258154,-0.0482436253913162,0.384623514803252));
#2999=CARTESIAN_POINT('',(-0.0333284500258154,-0.0576436253913222,0.384623514803252));
#3000=CARTESIAN_POINT('',(-0.0333284500258178,-0.0482436253913244,0.0664190019962995));
#3001=CARTESIAN_POINT('',(-0.0333284500258154,-0.0388436253913161,0.384623514803252));
#3002=CARTESIAN_POINT('',(-0.0358284500258177,-0.0601201067512441,0.0507136946522864));
#3003=CARTESIAN_POINT('',(-0.0358284500258177,-0.0363601067512442,0.0507136946522864));
#3004=CARTESIAN_POINT('',(-0.0114742649650559,-0.0576436253913304,0.0629190019962996));
#3005=CARTESIAN_POINT('',(-0.0383284500258178,-0.0576436253913255,0.0238710019962993));
#3006=CARTESIAN_POINT('',(-0.0383284500258178,-0.0576436253913256,0.0208690019962992));
#3007=CARTESIAN_POINT('',(-0.0114742649650563,-0.0576436253913255,0.0208690019962992));
#3008=CARTESIAN_POINT('',(-0.0383284500258178,-0.048243625391325,0.0423940019962993));
#3009=CARTESIAN_POINT('',(-0.0383284500258178,-0.052943625391327,0.0208690019962991));
#3010=CARTESIAN_POINT('',(-0.0114742649650563,-0.0482436253913285,0.020869001996299));
#3011=CARTESIAN_POINT('',(-0.0114742649650559,-0.0482436253913274,0.0639190019962993));
#3012=CARTESIAN_POINT('',(-0.0308284500258178,-0.0482436253913274,0.0639190019962994));
#3013=CARTESIAN_POINT('',(-0.0333284500258178,-0.0482436253913244,0.0664190019962995));
#3014=MECHANICAL_DESIGN_GEOMETRIC_PRESENTATION_REPRESENTATION('',(#1871),
#3015);
#3015=(
GEOMETRIC_REPRESENTATION_CONTEXT(3)
GLOBAL_UNCERTAINTY_ASSIGNED_CONTEXT((#3016))
GLOBAL_UNIT_ASSIGNED_CONTEXT((#3019,#3018,#3017))
REPRESENTATION_CONTEXT('Link4 Leader','TOP_LEVEL_ASSEMBLY_PART')
);
#3016=UNCERTAINTY_MEASURE_WITH_UNIT(LENGTH_MEASURE(1.E-8),#3019,
'DISTANCE_ACCURACY_VALUE','Maximum Tolerance applied to model');
#3017=(
NAMED_UNIT(*)
SI_UNIT($,.STERADIAN.)
SOLID_ANGLE_UNIT()
);
#3018=(
NAMED_UNIT(*)
PLANE_ANGLE_UNIT()
SI_UNIT($,.RADIAN.)
);
#3019=(
LENGTH_UNIT()
NAMED_UNIT(*)
SI_UNIT($,.METRE.)
);
#3020=PRODUCT_DEFINITION_SHAPE('','',#3021);
#3021=PRODUCT_DEFINITION('','',#3023,#3022);
#3022=PRODUCT_DEFINITION_CONTEXT('',#3029,'design');
#3023=PRODUCT_DEFINITION_FORMATION_WITH_SPECIFIED_SOURCE('','',#3025,
 .NOT_KNOWN.);
#3024=PRODUCT_RELATED_PRODUCT_CATEGORY('','',(#3025));
#3025=PRODUCT('Link4 Leader','Link4 Leader','Link4 Leader',(#3027));
#3026=PRODUCT_CATEGORY('','');
#3027=PRODUCT_CONTEXT('',#3029,'mechanical');
#3028=APPLICATION_PROTOCOL_DEFINITION('international standard',
'ap242_managed_model_based_3d_engineering',2020,#3029);
#3029=APPLICATION_CONTEXT('managed model based 3d engineering');
ENDSEC;
END-ISO-10303-21;
