ISO-10303-21;
HEADER;
/* Generated by software containing ST-Developer
 * from STEP Tools, Inc. (www.steptools.com) 
 */
/* OPTION: using custom renumber hook */

FILE_DESCRIPTION(
/* description */ ('STEP AP242 Edition 2',
'CAx-IF Rec.Pracs.---Representation and Presentation of Product Manufa
cturing Information (PMI)---4.0---2014-10-13',
'CAx-IF Rec.Pracs.---3D Tessellated Geometry---0.4---2014-09-14','2;1',
'CAx-IF Rec.Pracs.---User Defined Attributes---1.5---2016-08-15'),
/* implementation_level */ '2;1');

FILE_NAME(
/* name */ 'Hexarm - Leader - Link3',
/* time_stamp */ '2026-08-09T23:34:54Z',
/* author */ (''),
/* organization */ (''),
/* preprocessor_version */ 'ST-DEVELOPER v20',
/* originating_system */ 'ONSHAPE BY PTC INC, 1.219',
/* authorisation */ '  ');

FILE_SCHEMA (('AP242_MANAGED_MODEL_BASED_3D_ENGINEERING_MIM_LF { 1 0 10303 442 3 1 4 }'));
ENDSEC;

DATA;
#10=SHAPE_REPRESENTATION_RELATIONSHIP('','',#2708,#11);
#11=ADVANCED_BREP_SHAPE_REPRESENTATION('',(#2706),#6752);
#12=CYLINDRICAL_SURFACE('',#2730,0.003525000000003);
#13=CYLINDRICAL_SURFACE('',#2749,0.001);
#14=CYLINDRICAL_SURFACE('',#2753,0.002);
#15=CYLINDRICAL_SURFACE('',#2754,0.001);
#16=CYLINDRICAL_SURFACE('',#2758,0.002);
#17=CYLINDRICAL_SURFACE('',#2759,0.001);
#18=CYLINDRICAL_SURFACE('',#2763,0.002);
#19=CYLINDRICAL_SURFACE('',#2764,0.001);
#20=CYLINDRICAL_SURFACE('',#2768,0.002);
#21=CYLINDRICAL_SURFACE('',#2798,0.122309628640033);
#22=CYLINDRICAL_SURFACE('',#2799,0.122309628640033);
#23=CYLINDRICAL_SURFACE('',#2800,0.122399801496626);
#24=CYLINDRICAL_SURFACE('',#2801,0.122399801496626);
#25=CYLINDRICAL_SURFACE('',#2804,0.0015);
#26=CYLINDRICAL_SURFACE('',#2808,0.0027);
#27=CYLINDRICAL_SURFACE('',#2809,0.0015);
#28=CYLINDRICAL_SURFACE('',#2813,0.0027);
#29=CYLINDRICAL_SURFACE('',#2814,0.0015);
#30=CYLINDRICAL_SURFACE('',#2818,0.0027);
#31=CYLINDRICAL_SURFACE('',#2819,0.0015);
#32=CYLINDRICAL_SURFACE('',#2823,0.0027);
#33=CYLINDRICAL_SURFACE('',#2824,0.0015);
#34=CYLINDRICAL_SURFACE('',#2828,0.0027);
#35=CYLINDRICAL_SURFACE('',#2829,0.0015);
#36=CYLINDRICAL_SURFACE('',#2833,0.0027);
#37=CYLINDRICAL_SURFACE('',#2834,0.0015);
#38=CYLINDRICAL_SURFACE('',#2838,0.0027);
#39=CYLINDRICAL_SURFACE('',#2839,0.0015);
#40=CYLINDRICAL_SURFACE('',#2843,0.0027);
#41=B_SPLINE_CURVE_WITH_KNOTS('',3,(#3388,#3389,#3390,#3391,#3392),
 .UNSPECIFIED.,.F.,.F.,(4,1,4),(0.,0.497728104754356,1.),.UNSPECIFIED.);
#42=B_SPLINE_CURVE_WITH_KNOTS('',3,(#3396,#3397,#3398,#3399,#3400),
 .UNSPECIFIED.,.F.,.F.,(4,1,4),(0.,0.497728104754356,1.),.UNSPECIFIED.);
#43=B_SPLINE_CURVE_WITH_KNOTS('',3,(#3421,#3422,#3423,#3424),
 .UNSPECIFIED.,.F.,.F.,(4,4),(0.0146961089648393,0.0181568154552168),
 .UNSPECIFIED.);
#44=B_SPLINE_CURVE_WITH_KNOTS('',3,(#3426,#3427,#3428,#3429,#3430,#3431),
 .UNSPECIFIED.,.F.,.F.,(4,1,1,4),(0.,0.00351575072039959,0.00703150144079918,
0.0140630028815984),.UNSPECIFIED.);
#45=B_SPLINE_CURVE_WITH_KNOTS('',3,(#3433,#3434,#3435,#3436),
 .UNSPECIFIED.,.F.,.F.,(4,4),(0.0148196551053054,0.0178318560485747),
 .UNSPECIFIED.);
#46=B_SPLINE_CURVE_WITH_KNOTS('',3,(#3438,#3439,#3440,#3441),
 .UNSPECIFIED.,.F.,.F.,(4,4),(0.,0.00360898604299685),.UNSPECIFIED.);
#47=B_SPLINE_CURVE_WITH_KNOTS('',3,(#3443,#3444,#3445,#3446),
 .UNSPECIFIED.,.F.,.F.,(4,4),(0.,0.00294316263500598),.UNSPECIFIED.);
#48=B_SPLINE_CURVE_WITH_KNOTS('',3,(#3448,#3449,#3450,#3451,#3452,#3453),
 .UNSPECIFIED.,.F.,.F.,(4,1,1,4),(0.0176591042775025,0.0242518857872777,
0.0275482765421653,0.0308446672970529),.UNSPECIFIED.);
#49=B_SPLINE_CURVE_WITH_KNOTS('',3,(#3455,#3456,#3457,#3458),
 .UNSPECIFIED.,.F.,.F.,(4,4),(0.,0.00349609436812798),.UNSPECIFIED.);
#50=B_SPLINE_CURVE_WITH_KNOTS('',3,(#3479,#3480,#3481,#3482,#3483,#3484),
 .UNSPECIFIED.,.F.,.F.,(4,1,1,4),(0.,0.00351575123056425,0.0070315024611285,
0.014063004922257),.UNSPECIFIED.);
#51=B_SPLINE_CURVE_WITH_KNOTS('',3,(#3487,#3488,#3489,#3490),
 .UNSPECIFIED.,.F.,.F.,(4,4),(0.010433571626933,0.0138942520109439),
 .UNSPECIFIED.);
#52=B_SPLINE_CURVE_WITH_KNOTS('',3,(#3492,#3493,#3494,#3495,#3496),
 .UNSPECIFIED.,.F.,.F.,(4,1,4),(0.,0.497728104754356,1.),.UNSPECIFIED.);
#53=B_SPLINE_CURVE_WITH_KNOTS('',3,(#3498,#3499,#3500,#3501),
 .UNSPECIFIED.,.F.,.F.,(4,4),(0.0153039056318659,0.018799999999994),
 .UNSPECIFIED.);
#54=B_SPLINE_CURVE_WITH_KNOTS('',3,(#3503,#3504,#3505,#3506,#3507,#3508),
 .UNSPECIFIED.,.F.,.F.,(4,1,1,4),(0.0176591064989824,0.0242518868175025,
0.0275482769767625,0.0308446671360226),.UNSPECIFIED.);
#55=B_SPLINE_CURVE_WITH_KNOTS('',3,(#3510,#3511,#3512,#3513),
 .UNSPECIFIED.,.F.,.F.,(4,4),(0.0147509738933688,0.017693728474562),
 .UNSPECIFIED.);
#56=B_SPLINE_CURVE_WITH_KNOTS('',3,(#3515,#3516,#3517,#3518),
 .UNSPECIFIED.,.F.,.F.,(4,4),(0.,0.00360895829149436),.UNSPECIFIED.);
#57=B_SPLINE_CURVE_WITH_KNOTS('',3,(#3520,#3521,#3522,#3523),
 .UNSPECIFIED.,.F.,.F.,(4,4),(0.,0.00301184384586781),.UNSPECIFIED.);
#58=B_SPLINE_CURVE_WITH_KNOTS('',3,(#3543,#3544,#3545,#3546,#3547),
 .UNSPECIFIED.,.F.,.F.,(4,1,4),(0.,0.497728104754356,1.),.UNSPECIFIED.);
#59=B_SPLINE_CURVE_WITH_KNOTS('',3,(#3570,#3571,#3572,#3573,#3574),
 .UNSPECIFIED.,.F.,.F.,(4,1,4),(0.,0.509474929386568,1.),.UNSPECIFIED.);
#60=B_SPLINE_CURVE_WITH_KNOTS('',3,(#3576,#3577,#3578,#3579),
 .UNSPECIFIED.,.F.,.F.,(4,4),(0.,0.00361973996759463),.UNSPECIFIED.);
#61=B_SPLINE_CURVE_WITH_KNOTS('',3,(#3581,#3582,#3583,#3584,#3585),
 .UNSPECIFIED.,.F.,.F.,(4,1,4),(0.,0.509474929386568,1.),.UNSPECIFIED.);
#62=B_SPLINE_CURVE_WITH_KNOTS('',3,(#3598,#3599,#3600,#3601,#3602),
 .UNSPECIFIED.,.F.,.F.,(4,1,4),(0.,0.509474929386568,1.),.UNSPECIFIED.);
#63=B_SPLINE_CURVE_WITH_KNOTS('',3,(#3605,#3606,#3607,#3608),
 .UNSPECIFIED.,.F.,.F.,(4,4),(0.0223869592851655,0.0258441708553242),
 .UNSPECIFIED.);
#64=B_SPLINE_CURVE_WITH_KNOTS('',3,(#3610,#3611,#3612,#3613,#3614,#3615),
 .UNSPECIFIED.,.F.,.F.,(4,1,1,4),(0.000116425813801973,0.00715346998965707,
0.0106719920775846,0.0141905141655122),.UNSPECIFIED.);
#65=B_SPLINE_CURVE_WITH_KNOTS('',3,(#3617,#3618,#3619,#3620),
 .UNSPECIFIED.,.F.,.F.,(4,4),(0.0148078112607075,0.0178074451599105),
 .UNSPECIFIED.);
#66=B_SPLINE_CURVE_WITH_KNOTS('',3,(#3633,#3634,#3635,#3636,#3637,#3638),
 .UNSPECIFIED.,.F.,.F.,(4,1,1,4),(0.00011642550478593,0.00715346876210789,
0.0106719903907689,0.0141905120194299),.UNSPECIFIED.);
#67=B_SPLINE_CURVE_WITH_KNOTS('',3,(#3641,#3642,#3643,#3644),
 .UNSPECIFIED.,.F.,.F.,(4,4),(0.0240168709467683,0.0274741111787191),
 .UNSPECIFIED.);
#68=B_SPLINE_CURVE_WITH_KNOTS('',3,(#3645,#3646,#3647,#3648),
 .UNSPECIFIED.,.F.,.F.,(4,4),(0.,0.0030000000012289),.UNSPECIFIED.);
#69=B_SPLINE_CURVE_WITH_KNOTS('',3,(#3665,#3666,#3667,#3668,#3669),
 .UNSPECIFIED.,.F.,.F.,(4,1,4),(0.,0.509474929386568,1.),.UNSPECIFIED.);
#70=B_SPLINE_CURVE_WITH_KNOTS('',3,(#3673,#3674,#3675,#3676),
 .UNSPECIFIED.,.F.,.F.,(4,4),(0.,0.00361977885910862),.UNSPECIFIED.);
#71=B_SPLINE_CURVE_WITH_KNOTS('',3,(#3737,#3738,#3739,#3740),
 .UNSPECIFIED.,.F.,.F.,(4,4),(0.0087120411331813,0.00871545891918182),
 .UNSPECIFIED.);
#72=B_SPLINE_CURVE_WITH_KNOTS('',3,(#3743,#3744,#3745,#3746),
 .UNSPECIFIED.,.F.,.F.,(4,4),(0.,0.00420646788492736),.UNSPECIFIED.);
#73=B_SPLINE_CURVE_WITH_KNOTS('',3,(#3748,#3749,#3750,#3751),
 .UNSPECIFIED.,.F.,.F.,(4,4),(1.26842980563424E-14,0.0033327189606458),
 .UNSPECIFIED.);
#74=B_SPLINE_CURVE_WITH_KNOTS('',3,(#3753,#3754,#3755,#3756,#3757),
 .UNSPECIFIED.,.F.,.F.,(4,1,4),(1.93219306960034E-17,0.00495265080006657,
0.00990530160013313),.UNSPECIFIED.);
#75=B_SPLINE_CURVE_WITH_KNOTS('',3,(#3759,#3760,#3761,#3762),
 .UNSPECIFIED.,.F.,.F.,(4,4),(0.,0.00300000000123127),.UNSPECIFIED.);
#76=B_SPLINE_CURVE_WITH_KNOTS('',3,(#3764,#3765,#3766,#3767),
 .UNSPECIFIED.,.F.,.F.,(4,4),(0.,0.00361388469798407),.UNSPECIFIED.);
#77=B_SPLINE_CURVE_WITH_KNOTS('',3,(#3769,#3770,#3771,#3772),
 .UNSPECIFIED.,.F.,.F.,(4,4),(0.,0.0029302867606063),.UNSPECIFIED.);
#78=B_SPLINE_CURVE_WITH_KNOTS('',3,(#3774,#3775,#3776,#3777,#3778,#3779,
#3780,#3781,#3782,#3783,#3784),.UNSPECIFIED.,.F.,.F.,(4,1,1,1,1,1,1,1,4),
(4.17776736080521E-17,0.00336566336143966,0.00673132672287929,0.0100969900843189,
0.0134626534457585,0.0168283168071982,0.0201939801686378,0.0235596435300774,
0.026925306891517),.UNSPECIFIED.);
#79=B_SPLINE_CURVE_WITH_KNOTS('',3,(#3786,#3787,#3788,#3789),
 .UNSPECIFIED.,.F.,.F.,(4,4),(5.55111512312578E-17,0.00585293338335162),
 .UNSPECIFIED.);
#80=B_SPLINE_CURVE_WITH_KNOTS('',3,(#3791,#3792,#3793,#3794,#3795),
 .UNSPECIFIED.,.F.,.F.,(4,1,4),(0.,0.493874133175434,1.),.UNSPECIFIED.);
#81=B_SPLINE_CURVE_WITH_KNOTS('',3,(#3844,#3845,#3846,#3847),
 .UNSPECIFIED.,.F.,.F.,(4,4),(2.22044604925031E-16,0.00649419472697848),
 .UNSPECIFIED.);
#82=B_SPLINE_CURVE_WITH_KNOTS('',3,(#3850,#3851,#3852,#3853,#3854),
 .UNSPECIFIED.,.F.,.F.,(4,1,4),(4.33680868994202E-18,0.0050089870530914,
0.0100179741061828),.UNSPECIFIED.);
#83=B_SPLINE_CURVE_WITH_KNOTS('',3,(#3856,#3857,#3858,#3859),
 .UNSPECIFIED.,.F.,.F.,(4,4),(1.38777878078145E-16,0.00474208538351191),
 .UNSPECIFIED.);
#84=B_SPLINE_CURVE_WITH_KNOTS('',3,(#3861,#3862,#3863,#3864,#3865),
 .UNSPECIFIED.,.F.,.F.,(4,1,4),(0.,0.497728104754356,1.),.UNSPECIFIED.);
#85=B_SPLINE_CURVE_WITH_KNOTS('',3,(#3878,#3879,#3880,#3881),
 .UNSPECIFIED.,.F.,.F.,(4,4),(0.,0.00352032388361806),.UNSPECIFIED.);
#86=B_SPLINE_CURVE_WITH_KNOTS('',3,(#3884,#3885,#3886,#3887,#3888,#3889),
 .UNSPECIFIED.,.F.,.F.,(4,1,1,4),(0.,0.00333946250573381,0.00667892501146762,
0.0133578500229352),.UNSPECIFIED.);
#87=B_SPLINE_CURVE_WITH_KNOTS('',3,(#3891,#3892,#3893,#3894),
 .UNSPECIFIED.,.F.,.F.,(4,4),(0.0176704421017623,0.0235313278468728),
 .UNSPECIFIED.);
#88=B_SPLINE_CURVE_WITH_KNOTS('',3,(#3896,#3897,#3898,#3899,#3900),
 .UNSPECIFIED.,.F.,.F.,(4,1,4),(0.,0.497728104754356,1.),.UNSPECIFIED.);
#89=B_SPLINE_CURVE_WITH_KNOTS('',3,(#3911,#3912,#3913,#3914),
 .UNSPECIFIED.,.F.,.F.,(4,4),(0.0148196551053054,0.0178318560485746),
 .UNSPECIFIED.);
#90=B_SPLINE_CURVE_WITH_KNOTS('',3,(#3917,#3918,#3919,#3920,#3921),
 .UNSPECIFIED.,.F.,.F.,(4,1,4),(6.18105577829256E-5,0.00501041852989921,
0.00995902650201549),.UNSPECIFIED.);
#91=B_SPLINE_CURVE_WITH_KNOTS('',3,(#3922,#3923,#3924,#3925,#3926),
 .UNSPECIFIED.,.F.,.F.,(4,1,4),(0.,0.505893978933828,1.),.UNSPECIFIED.);
#92=B_SPLINE_CURVE_WITH_KNOTS('',3,(#3937,#3938,#3939,#3940),
 .UNSPECIFIED.,.F.,.F.,(4,4),(0.0182973341182908,0.0247846496383492),
 .UNSPECIFIED.);
#93=B_SPLINE_CURVE_WITH_KNOTS('',3,(#3943,#3944,#3945,#3946,#3947),
 .UNSPECIFIED.,.F.,.F.,(4,1,4),(6.20061883309967E-5,0.00499948739636168,
0.00993696860439236),.UNSPECIFIED.);
#94=B_SPLINE_CURVE_WITH_KNOTS('',3,(#3949,#3950,#3951,#3952),
 .UNSPECIFIED.,.F.,.F.,(4,4),(0.,0.00791892252748285),.UNSPECIFIED.);
#95=B_SPLINE_CURVE_WITH_KNOTS('',3,(#3954,#3955,#3956,#3957,#3958),
 .UNSPECIFIED.,.F.,.F.,(4,1,4),(0.,0.493874133175434,1.),.UNSPECIFIED.);
#96=B_SPLINE_CURVE_WITH_KNOTS('',3,(#4019,#4020,#4021,#4022),
 .UNSPECIFIED.,.F.,.F.,(4,4),(0.,0.00923130033423448),.UNSPECIFIED.);
#97=B_SPLINE_CURVE_WITH_KNOTS('',3,(#4023,#4024,#4025,#4026),
 .UNSPECIFIED.,.F.,.F.,(4,4),(0.,0.00360549523871112),.UNSPECIFIED.);
#98=B_SPLINE_CURVE_WITH_KNOTS('',3,(#4027,#4028,#4029,#4030,#4031,#4032,
#4033,#4034,#4035,#4036,#4037,#4038),.UNSPECIFIED.,.F.,.F.,(4,1,1,1,1,1,
1,1,1,4),(0.,0.00326676866703303,0.00653353733406606,0.00980030600109908,
0.0114336903346156,0.0130670746681321,0.0163338433351651,0.0196006120021982,
0.0228673806692312,0.0261341493362642),.UNSPECIFIED.);
#99=B_SPLINE_CURVE_WITH_KNOTS('',3,(#4039,#4040,#4041,#4042,#4043),
 .UNSPECIFIED.,.F.,.F.,(4,1,4),(0.,0.505893978933828,1.),.UNSPECIFIED.);
#100=B_SPLINE_CURVE_WITH_KNOTS('',3,(#4045,#4046,#4047,#4048),
 .UNSPECIFIED.,.F.,.F.,(4,4),(0.,0.00715710833812691),.UNSPECIFIED.);
#101=B_SPLINE_CURVE_WITH_KNOTS('',3,(#4099,#4100,#4101,#4102),
 .UNSPECIFIED.,.F.,.F.,(4,4),(0.0153281530287866,0.0188484769124016),
 .UNSPECIFIED.);
#102=B_SPLINE_CURVE_WITH_KNOTS('',3,(#4105,#4106,#4107,#4108),
 .UNSPECIFIED.,.F.,.F.,(4,4),(1.60658648295397E-12,0.00017751956316596),
 .UNSPECIFIED.);
#103=B_SPLINE_CURVE_WITH_KNOTS('',3,(#4110,#4111,#4112,#4113),
 .UNSPECIFIED.,.F.,.F.,(4,4),(1.37588462592597E-6,0.00349609436812778),
 .UNSPECIFIED.);
#104=B_SPLINE_CURVE_WITH_KNOTS('',3,(#4114,#4115,#4116,#4117,#4118),
 .UNSPECIFIED.,.F.,.F.,(4,1,4),(0.,0.497728104754356,1.),.UNSPECIFIED.);
#105=B_SPLINE_CURVE_WITH_KNOTS('',3,(#4129,#4130,#4131,#4132,#4133),
 .UNSPECIFIED.,.F.,.F.,(4,1,4),(6.1530287629801E-5,0.00496528497501659,
0.00986903966240339),.UNSPECIFIED.);
#106=B_SPLINE_CURVE_WITH_KNOTS('',3,(#4135,#4136,#4137,#4138),
 .UNSPECIFIED.,.F.,.F.,(4,4),(0.0147673211728317,0.0177272267869647),
 .UNSPECIFIED.);
#107=B_SPLINE_CURVE_WITH_KNOTS('',3,(#4140,#4141,#4142,#4143,#4144),
 .UNSPECIFIED.,.F.,.F.,(4,1,4),(0.,0.509474929386568,1.),.UNSPECIFIED.);
#108=B_SPLINE_CURVE_WITH_KNOTS('',3,(#4157,#4158,#4159,#4160,#4161,#4162),
 .UNSPECIFIED.,.F.,.F.,(4,1,1,4),(0.,0.00328023742964118,0.00656047485928236,
0.0131209497185647),.UNSPECIFIED.);
#109=B_SPLINE_CURVE_WITH_KNOTS('',3,(#4163,#4164,#4165,#4166,#4167),
 .UNSPECIFIED.,.F.,.F.,(4,1,4),(0.,0.509474929386568,1.),.UNSPECIFIED.);
#110=B_SPLINE_CURVE_WITH_KNOTS('',3,(#4327,#4328,#4329,#4330),
 .UNSPECIFIED.,.F.,.F.,(4,4),(0.,0.00305830948106215),.UNSPECIFIED.);
#111=B_SPLINE_CURVE_WITH_KNOTS('',3,(#4332,#4333,#4334,#4335),
 .UNSPECIFIED.,.F.,.F.,(4,4),(0.00781701346036504,0.00782153186408805),
 .UNSPECIFIED.);
#112=B_SPLINE_CURVE_WITH_KNOTS('',3,(#4337,#4338,#4339,#4340,#4341),
 .UNSPECIFIED.,.F.,.F.,(4,1,4),(0.,0.493874133175434,1.),.UNSPECIFIED.);
#113=B_SPLINE_CURVE_WITH_KNOTS('',3,(#4343,#4344,#4345,#4346),
 .UNSPECIFIED.,.F.,.F.,(4,4),(2.77555756156289E-17,0.00648731553770746),
 .UNSPECIFIED.);
#114=B_SPLINE_CURVE_WITH_KNOTS('',3,(#4348,#4349,#4350,#4351,#4352,#4353,
#4354),.UNSPECIFIED.,.F.,.F.,(4,1,1,1,4),(3.46944695195361E-18,0.00440802144380105,
0.00881604288760209,0.0132240643314031,0.0176320857752042),
 .UNSPECIFIED.);
#115=B_SPLINE_CURVE_WITH_KNOTS('',3,(#4356,#4357,#4358,#4359),
 .UNSPECIFIED.,.F.,.F.,(4,4),(0.,0.0118078112637385),.UNSPECIFIED.);
#116=B_SPLINE_CURVE_WITH_KNOTS('',3,(#4361,#4362,#4363,#4364,#4365,#4366,
#4367),.UNSPECIFIED.,.F.,.F.,(4,1,1,1,4),(3.46944695195361E-18,0.00440801985243377,
0.00881603970486754,0.0132240595573013,0.0176320794097351),
 .UNSPECIFIED.);
#117=B_SPLINE_CURVE_WITH_KNOTS('',3,(#4369,#4370,#4371,#4372),
 .UNSPECIFIED.,.F.,.F.,(4,4),(0.,0.00648952290182878),.UNSPECIFIED.);
#118=B_SPLINE_CURVE_WITH_KNOTS('',3,(#4374,#4375,#4376,#4377,#4378),
 .UNSPECIFIED.,.F.,.F.,(4,1,4),(0.,0.493874133175434,1.),.UNSPECIFIED.);
#119=B_SPLINE_CURVE_WITH_KNOTS('',3,(#4380,#4381,#4382,#4383),
 .UNSPECIFIED.,.F.,.F.,(4,4),(0.00781249172547078,0.00781701346036474),
 .UNSPECIFIED.);
#120=B_SPLINE_CURVE_WITH_KNOTS('',3,(#4385,#4386,#4387,#4388),
 .UNSPECIFIED.,.F.,.F.,(4,4),(0.,0.00306395654577972),.UNSPECIFIED.);
#121=B_SPLINE_CURVE_WITH_KNOTS('',3,(#4389,#4390,#4391,#4392,#4393,#4394),
 .UNSPECIFIED.,.F.,.F.,(4,1,1,4),(6.93889390390723E-18,0.0052268730410463,
0.00784030956156945,0.0104537460820926),.UNSPECIFIED.);
#122=B_SPLINE_CURVE_WITH_KNOTS('',3,(#4397,#4398,#4399,#4400),
 .UNSPECIFIED.,.F.,.F.,(4,4),(0.,0.0031052633954901),.UNSPECIFIED.);
#123=B_SPLINE_CURVE_WITH_KNOTS('',3,(#4401,#4402,#4403,#4404,#4405,#4406,
#4407),.UNSPECIFIED.,.F.,.F.,(4,1,1,1,4),(0.,0.00413938256307039,0.00827876512614078,
0.0124181476892112,0.0165575302522816),.UNSPECIFIED.);
#124=B_SPLINE_CURVE_WITH_KNOTS('',3,(#4409,#4410,#4411,#4412),
 .UNSPECIFIED.,.F.,.F.,(4,4),(2.77555756156289E-17,0.0118078112637418),
 .UNSPECIFIED.);
#125=B_SPLINE_CURVE_WITH_KNOTS('',3,(#4414,#4415,#4416,#4417,#4418,#4419,
#4420),.UNSPECIFIED.,.F.,.F.,(4,1,1,1,4),(0.,0.00413938310247225,0.00827876620494451,
0.0124181493074168,0.016557532409889),.UNSPECIFIED.);
#126=B_SPLINE_CURVE_WITH_KNOTS('',3,(#4421,#4422,#4423,#4424),
 .UNSPECIFIED.,.F.,.F.,(4,4),(0.,0.00310555159909157),.UNSPECIFIED.);
#127=B_SPLINE_CURVE_WITH_KNOTS('',3,(#4426,#4427,#4428,#4429,#4430,#4431),
 .UNSPECIFIED.,.F.,.F.,(4,1,1,4),(4.04975273105316E-17,0.00522687216303646,
0.00784030824455467,0.0104537443260729),.UNSPECIFIED.);
#128=B_SPLINE_CURVE_WITH_KNOTS('',3,(#4433,#4434,#4435,#4436),
 .UNSPECIFIED.,.F.,.F.,(4,4),(0.,0.0118078112637425),.UNSPECIFIED.);
#129=B_SPLINE_CURVE_WITH_KNOTS('',3,(#4458,#4459,#4460,#4461),
 .UNSPECIFIED.,.F.,.F.,(4,4),(3.46944695195361E-17,0.00352201908173297),
 .UNSPECIFIED.);
#130=B_SPLINE_CURVE_WITH_KNOTS('',3,(#4522,#4523,#4524,#4525),
 .UNSPECIFIED.,.F.,.F.,(4,4),(0.00871804876767442,0.00872146907348364),
 .UNSPECIFIED.);
#131=B_SPLINE_CURVE_WITH_KNOTS('',3,(#4528,#4529,#4530,#4531,#4532),
 .UNSPECIFIED.,.F.,.F.,(4,1,4),(0.,0.493874133175434,1.),.UNSPECIFIED.);
#132=B_SPLINE_CURVE_WITH_KNOTS('',3,(#4534,#4535,#4536,#4537),
 .UNSPECIFIED.,.F.,.F.,(4,4),(0.,0.0058546725878739),.UNSPECIFIED.);
#133=B_SPLINE_CURVE_WITH_KNOTS('',3,(#4539,#4540,#4541,#4542,#4543,#4544,
#4545,#4546,#4547,#4548,#4549),.UNSPECIFIED.,.F.,.F.,(4,1,1,1,1,1,1,1,4),
(3.36822372752406E-17,0.00336560882572569,0.00673121765145134,0.010096826477177,
0.0134624353029026,0.0168280441286283,0.0201936529543539,0.0235592617800796,
0.0269248706058052),.UNSPECIFIED.);
#134=B_SPLINE_CURVE_WITH_KNOTS('',3,(#4551,#4552,#4553,#4554),
 .UNSPECIFIED.,.F.,.F.,(4,4),(0.,0.00292986920966646),.UNSPECIFIED.);
#135=B_SPLINE_CURVE_WITH_KNOTS('',3,(#4556,#4557,#4558,#4559),
 .UNSPECIFIED.,.F.,.F.,(4,4),(3.80454560207725E-17,0.0036139139950274),
 .UNSPECIFIED.);
#136=B_SPLINE_CURVE_WITH_KNOTS('',3,(#4561,#4562,#4563,#4564),
 .UNSPECIFIED.,.F.,.F.,(4,4),(0.,0.0029996339016633),.UNSPECIFIED.);
#137=B_SPLINE_CURVE_WITH_KNOTS('',3,(#4566,#4567,#4568,#4569,#4570),
 .UNSPECIFIED.,.F.,.F.,(4,1,4),(5.76648802964689E-17,0.00495265136435158,
0.00990530272870309),.UNSPECIFIED.);
#138=B_SPLINE_CURVE_WITH_KNOTS('',3,(#4572,#4573,#4574,#4575),
 .UNSPECIFIED.,.F.,.F.,(4,4),(0.,0.0033325983964419),.UNSPECIFIED.);
#139=B_SPLINE_CURVE_WITH_KNOTS('',3,(#4577,#4578,#4579,#4580),
 .UNSPECIFIED.,.F.,.F.,(4,4),(0.,0.00420079218241713),.UNSPECIFIED.);
#140=B_SPLINE_CURVE_WITH_KNOTS('',3,(#4602,#4603,#4604,#4605),
 .UNSPECIFIED.,.F.,.F.,(4,4),(1.73472347597681E-18,0.00352208293096988),
 .UNSPECIFIED.);
#141=B_SPLINE_CURVE_WITH_KNOTS('',3,(#4654,#4655,#4656,#4657,#4658),
 .UNSPECIFIED.,.F.,.F.,(4,1,4),(5.20417042793042E-18,0.00500898550123039,
0.0100179710024608),.UNSPECIFIED.);
#142=B_SPLINE_CURVE_WITH_KNOTS('',3,(#4661,#4662,#4663,#4664),
 .UNSPECIFIED.,.F.,.F.,(4,4),(0.,0.00649640721070548),.UNSPECIFIED.);
#143=B_SPLINE_CURVE_WITH_KNOTS('',3,(#4666,#4667,#4668,#4669,#4670),
 .UNSPECIFIED.,.F.,.F.,(4,1,4),(0.,0.497728104754356,1.),.UNSPECIFIED.);
#144=B_SPLINE_CURVE_WITH_KNOTS('',3,(#4672,#4673,#4674,#4675),
 .UNSPECIFIED.,.F.,.F.,(4,4),(0.,0.00474300485125139),.UNSPECIFIED.);
#145=B_SPLINE_CURVE_WITH_KNOTS('',3,(#4688,#4689,#4690,#4691,#4692,#4693),
 .UNSPECIFIED.,.F.,.F.,(4,1,1,4),(0.,0.00333946108647404,0.00667892217294807,
0.0133578443458961),.UNSPECIFIED.);
#146=B_SPLINE_CURVE_WITH_KNOTS('',3,(#4696,#4697,#4698,#4699),
 .UNSPECIFIED.,.F.,.F.,(4,4),(0.,0.00352034176504177),.UNSPECIFIED.);
#147=B_SPLINE_CURVE_WITH_KNOTS('',3,(#4701,#4702,#4703,#4704,#4705),
 .UNSPECIFIED.,.F.,.F.,(4,1,4),(0.,0.497728104754356,1.),.UNSPECIFIED.);
#148=B_SPLINE_CURVE_WITH_KNOTS('',3,(#4707,#4708,#4709,#4710),
 .UNSPECIFIED.,.F.,.F.,(4,4),(0.,0.00586263086549536),.UNSPECIFIED.);
#149=B_SPLINE_CURVE_WITH_KNOTS('',3,(#4727,#4728,#4729,#4730,#4731),
 .UNSPECIFIED.,.F.,.F.,(4,1,4),(0.,0.00353527925536491,0.00707055851072983),
 .UNSPECIFIED.);
#150=B_SPLINE_CURVE_WITH_KNOTS('',3,(#4732,#4733,#4734,#4735),
 .UNSPECIFIED.,.F.,.F.,(4,4),(0.,0.00360559602236495),.UNSPECIFIED.);
#151=B_SPLINE_CURVE_WITH_KNOTS('',3,(#4746,#4747,#4748,#4749,#4750),
 .UNSPECIFIED.,.F.,.F.,(4,1,4),(6.18107194262688E-5,0.00501041918293152,
0.00995902764643678),.UNSPECIFIED.);
#152=B_SPLINE_CURVE_WITH_KNOTS('',3,(#4752,#4753,#4754,#4755),
 .UNSPECIFIED.,.F.,.F.,(4,4),(0.,0.00301184384586781),.UNSPECIFIED.);
#153=B_SPLINE_CURVE_WITH_KNOTS('',3,(#4757,#4758,#4759,#4760,#4761),
 .UNSPECIFIED.,.F.,.F.,(4,1,4),(0.,0.505893978933828,1.),.UNSPECIFIED.);
#154=B_SPLINE_CURVE_WITH_KNOTS('',3,(#4792,#4793,#4794,#4795,#4796),
 .UNSPECIFIED.,.F.,.F.,(4,1,4),(0.,0.505893978933828,1.),.UNSPECIFIED.);
#155=B_SPLINE_CURVE_WITH_KNOTS('',3,(#4798,#4799,#4800,#4801),
 .UNSPECIFIED.,.F.,.F.,(4,4),(0.,0.0036169030526346),.UNSPECIFIED.);
#156=B_SPLINE_CURVE_WITH_KNOTS('',3,(#4814,#4815,#4816,#4817),
 .UNSPECIFIED.,.F.,.F.,(4,4),(0.,0.00306483346862433),.UNSPECIFIED.);
#157=B_SPLINE_CURVE_WITH_KNOTS('',3,(#4819,#4820,#4821,#4822),
 .UNSPECIFIED.,.F.,.F.,(4,4),(0.,0.00305912647581617),.UNSPECIFIED.);
#158=B_SPLINE_CURVE_WITH_KNOTS('',3,(#4824,#4825,#4826,#4827),
 .UNSPECIFIED.,.F.,.F.,(4,4),(0.0158100247013811,0.0158111261304656),
 .UNSPECIFIED.);
#159=B_SPLINE_CURVE_WITH_KNOTS('',3,(#4829,#4830,#4831,#4832,#4833),
 .UNSPECIFIED.,.F.,.F.,(4,1,4),(0.,0.505893978933828,1.),.UNSPECIFIED.);
#160=B_SPLINE_CURVE_WITH_KNOTS('',3,(#4835,#4836,#4837,#4838),
 .UNSPECIFIED.,.F.,.F.,(4,4),(0.0149235607755186,0.0180390296059338),
 .UNSPECIFIED.);
#161=B_SPLINE_CURVE_WITH_KNOTS('',3,(#4840,#4841,#4842,#4843,#4844),
 .UNSPECIFIED.,.F.,.F.,(4,1,4),(0.,0.00522670061176531,0.0104534012235306),
 .UNSPECIFIED.);
#162=B_SPLINE_CURVE_WITH_KNOTS('',3,(#4846,#4847,#4848,#4849),
 .UNSPECIFIED.,.F.,.F.,(4,4),(2.77555756156289E-17,0.0118078112637382),
 .UNSPECIFIED.);
#163=B_SPLINE_CURVE_WITH_KNOTS('',3,(#4851,#4852,#4853,#4854,#4855),
 .UNSPECIFIED.,.F.,.F.,(4,1,4),(0.,0.00522669980205301,0.010453399604106),
 .UNSPECIFIED.);
#164=B_SPLINE_CURVE_WITH_KNOTS('',3,(#4857,#4858,#4859,#4860),
 .UNSPECIFIED.,.F.,.F.,(4,4),(0.,0.00311574951450621),.UNSPECIFIED.);
#165=B_SPLINE_CURVE_WITH_KNOTS('',3,(#4861,#4862,#4863,#4864),
 .UNSPECIFIED.,.F.,.F.,(4,4),(0.0158089240836586,0.0158100247013811),
 .UNSPECIFIED.);
#166=B_SPLINE_CURVE_WITH_KNOTS('',3,(#4882,#4883,#4884,#4885),
 .UNSPECIFIED.,.F.,.F.,(4,4),(0.,0.00361687014355571),.UNSPECIFIED.);
#167=B_SPLINE_CURVE_WITH_KNOTS('',3,(#4908,#4909,#4910,#4911),
 .UNSPECIFIED.,.F.,.F.,(4,4),(3.18452898611616E-17,0.00354248117728583),
 .UNSPECIFIED.);
#168=B_SPLINE_CURVE_WITH_KNOTS('',3,(#4914,#4915,#4916,#4917,#4918),
 .UNSPECIFIED.,.F.,.F.,(4,1,4),(0.,0.493874133175434,1.),.UNSPECIFIED.);
#169=B_SPLINE_CURVE_WITH_KNOTS('',3,(#4919,#4920,#4921,#4922),
 .UNSPECIFIED.,.F.,.F.,(4,4),(6.54613941668034E-17,0.00724178975476376),
 .UNSPECIFIED.);
#170=B_SPLINE_CURVE_WITH_KNOTS('',3,(#4924,#4925,#4926,#4927,#4928),
 .UNSPECIFIED.,.F.,.F.,(4,1,4),(0.,0.493874133175434,1.),.UNSPECIFIED.);
#171=B_SPLINE_CURVE_WITH_KNOTS('',3,(#4977,#4978,#4979,#4980,#4981),
 .UNSPECIFIED.,.F.,.F.,(4,1,4),(8.67361737988404E-18,0.00494531652670368,
0.00989063305340735),.UNSPECIFIED.);
#172=B_SPLINE_CURVE_WITH_KNOTS('',3,(#4984,#4985,#4986,#4987),
 .UNSPECIFIED.,.F.,.F.,(4,4),(2.77555756156289E-17,0.00648952291462586),
 .UNSPECIFIED.);
#173=B_SPLINE_CURVE_WITH_KNOTS('',3,(#4988,#4989,#4990,#4991),
 .UNSPECIFIED.,.F.,.F.,(4,4),(2.77555756156289E-17,0.00792218645744643),
 .UNSPECIFIED.);
#174=B_SPLINE_CURVE_WITH_KNOTS('',3,(#5008,#5009,#5010,#5011),
 .UNSPECIFIED.,.F.,.F.,(4,4),(0.,0.00354245437142951),.UNSPECIFIED.);
#175=B_SPLINE_CURVE_WITH_KNOTS('',3,(#5013,#5014,#5015,#5016,#5017),
 .UNSPECIFIED.,.F.,.F.,(4,1,4),(0.,0.493874133175434,1.),.UNSPECIFIED.);
#176=B_SPLINE_CURVE_WITH_KNOTS('',3,(#5130,#5131,#5132,#5133,#5134),
 .UNSPECIFIED.,.F.,.F.,(4,1,4),(2.16840434497101E-18,0.00513031219390613,
0.0102606243878123),.UNSPECIFIED.);
#177=B_SPLINE_CURVE_WITH_KNOTS('',3,(#5137,#5138,#5139,#5140),
 .UNSPECIFIED.,.F.,.F.,(4,4),(0.,0.0118078112637386),.UNSPECIFIED.);
#178=B_SPLINE_CURVE_WITH_KNOTS('',3,(#5142,#5143,#5144,#5145,#5146),
 .UNSPECIFIED.,.F.,.F.,(4,1,4),(4.33680868994202E-19,0.00513030859504015,
0.0102606171900803),.UNSPECIFIED.);
#179=B_SPLINE_CURVE_WITH_KNOTS('',3,(#5148,#5149,#5150,#5151),
 .UNSPECIFIED.,.F.,.F.,(4,4),(1.38777878078145E-16,0.00708984316222031),
 .UNSPECIFIED.);
#180=B_SPLINE_CURVE_WITH_KNOTS('',3,(#5152,#5153,#5154,#5155),
 .UNSPECIFIED.,.F.,.F.,(4,4),(0.,0.00709249519003514),.UNSPECIFIED.);
#181=B_SPLINE_CURVE_WITH_KNOTS('',3,(#5176,#5177,#5178,#5179,#5180),
 .UNSPECIFIED.,.F.,.F.,(4,1,4),(0.,0.505893978933828,1.),.UNSPECIFIED.);
#182=B_SPLINE_CURVE_WITH_KNOTS('',3,(#5181,#5182,#5183,#5184,#5185),
 .UNSPECIFIED.,.F.,.F.,(4,1,4),(0.,0.505893978933828,1.),.UNSPECIFIED.);
#183=B_SPLINE_CURVE_WITH_KNOTS('',3,(#5326,#5327,#5328,#5329,#5330,#5331,
#5332,#5333,#5334,#5335,#5336,#5337,#5338),.UNSPECIFIED.,.F.,.F.,(4,1,1,
1,1,1,1,1,1,1,4),(4.30896372346162E-17,0.0041299052432422,0.00825981048648437,
0.0123897157297265,0.0144546683513476,0.0165196209729687,0.0185845735945898,
0.0206495262162109,0.024779431459453,0.0289093367026952,0.0330392419459373),
 .UNSPECIFIED.);
#184=B_SPLINE_CURVE_WITH_KNOTS('',3,(#5342,#5343,#5344,#5345,#5346),
 .UNSPECIFIED.,.F.,.F.,(4,1,4),(0.,0.505893978933828,1.),.UNSPECIFIED.);
#185=B_SPLINE_CURVE_WITH_KNOTS('',3,(#5347,#5348,#5349,#5350,#5351,#5352,
#5353,#5354,#5355,#5356,#5357,#5358,#5359),.UNSPECIFIED.,.F.,.F.,(4,1,1,
1,1,1,1,1,1,1,4),(0.,0.004129906227097,0.008259812454194,0.012389718681291,
0.0144546717948395,0.016519624908388,0.0185845780219365,0.020649531135485,
0.024779437362582,0.028909343589679,0.033039249816776),.UNSPECIFIED.);
#186=B_SPLINE_CURVE_WITH_KNOTS('',3,(#5361,#5362,#5363,#5364),
 .UNSPECIFIED.,.F.,.F.,(4,4),(0.,0.0064941947196174),.UNSPECIFIED.);
#187=B_SPLINE_CURVE_WITH_KNOTS('',3,(#5366,#5367,#5368,#5369),
 .UNSPECIFIED.,.F.,.F.,(4,4),(0.,0.00362585665160092),.UNSPECIFIED.);
#188=B_SPLINE_CURVE_WITH_KNOTS('',3,(#5371,#5372,#5373,#5374),
 .UNSPECIFIED.,.F.,.F.,(4,4),(0.,0.00709495441615093),.UNSPECIFIED.);
#189=B_SPLINE_CURVE_WITH_KNOTS('',3,(#5376,#5377,#5378,#5379,#5380),
 .UNSPECIFIED.,.F.,.F.,(4,1,4),(1.73472347597681E-18,0.0048711236598847,
0.00974224731976939),.UNSPECIFIED.);
#190=B_SPLINE_CURVE_WITH_KNOTS('',3,(#5382,#5383,#5384,#5385),
 .UNSPECIFIED.,.F.,.F.,(4,4),(2.77555756156289E-17,0.0118078112637385),
 .UNSPECIFIED.);
#191=B_SPLINE_CURVE_WITH_KNOTS('',3,(#5387,#5388,#5389,#5390,#5391),
 .UNSPECIFIED.,.F.,.F.,(4,1,4),(0.,0.00487112715377101,0.00974225430754202),
 .UNSPECIFIED.);
#192=B_SPLINE_CURVE_WITH_KNOTS('',3,(#5393,#5394,#5395,#5396),
 .UNSPECIFIED.,.F.,.F.,(4,4),(1.38777878078145E-16,0.00709761025709237),
 .UNSPECIFIED.);
#193=B_SPLINE_CURVE_WITH_KNOTS('',3,(#5398,#5399,#5400,#5401),
 .UNSPECIFIED.,.F.,.F.,(4,4),(1.73472347597681E-18,0.00362597837635133),
 .UNSPECIFIED.);
#194=B_SPLINE_CURVE_WITH_KNOTS('',3,(#5403,#5404,#5405,#5406),
 .UNSPECIFIED.,.F.,.F.,(4,4),(5.55111512312578E-17,0.00649640720580346),
 .UNSPECIFIED.);
#195=B_SPLINE_CURVE_WITH_KNOTS('',3,(#5488,#5489,#5490,#5491),
 .UNSPECIFIED.,.F.,.F.,(4,4),(7.37257477290143E-18,0.00923130134122891),
 .UNSPECIFIED.);
#196=B_SPLINE_CURVE_WITH_KNOTS('',3,(#5492,#5493,#5494,#5495,#5496,#5497,
#5498,#5499,#5500,#5501,#5502,#5503),.UNSPECIFIED.,.F.,.F.,(4,1,1,1,1,1,
1,1,1,4),(0.,0.00326667348026624,0.00653334696053247,0.00980002044079871,
0.0114333571809318,0.0130666939210649,0.0163333674013312,0.0196000408815974,
0.0228667143618637,0.0261333878421299),.UNSPECIFIED.);
#197=B_SPLINE_CURVE_WITH_KNOTS('',3,(#5526,#5527,#5528,#5529,#5530),
 .UNSPECIFIED.,.F.,.F.,(4,1,4),(0.00708568759750996,0.0120071665074127,
0.0169286454173154),.UNSPECIFIED.);
#198=B_SPLINE_CURVE_WITH_KNOTS('',3,(#5532,#5533,#5534,#5535),
 .UNSPECIFIED.,.F.,.F.,(4,4),(0.,0.00295950991354289),.UNSPECIFIED.);
#199=B_SPLINE_CURVE_WITH_KNOTS('',3,(#5537,#5538,#5539,#5540,#5541),
 .UNSPECIFIED.,.F.,.F.,(4,1,4),(0.,0.00346403466206752,0.00692806932413504),
 .UNSPECIFIED.);
#200=B_SPLINE_CURVE_WITH_KNOTS('',3,(#5542,#5543,#5544,#5545,#5546),
 .UNSPECIFIED.,.F.,.F.,(4,1,4),(0.,0.497728104754356,1.),.UNSPECIFIED.);
#201=B_SPLINE_CURVE_WITH_KNOTS('',3,(#5547,#5548,#5549,#5550,#5551),
 .UNSPECIFIED.,.F.,.F.,(4,1,4),(0.,0.497728104754356,1.),.UNSPECIFIED.);
#202=B_SPLINE_CURVE_WITH_KNOTS('',3,(#5552,#5553,#5554,#5555,#5556),
 .UNSPECIFIED.,.F.,.F.,(4,1,4),(0.,0.00349565647523628,0.00699131295047255),
 .UNSPECIFIED.);
#203=B_SPLINE_CURVE_WITH_KNOTS('',3,(#5557,#5558,#5559,#5560,#5561),
 .UNSPECIFIED.,.F.,.F.,(4,1,4),(0.00708568967065389,0.012007168557996,0.0169286474453381),
 .UNSPECIFIED.);
#204=B_SPLINE_CURVE_WITH_KNOTS('',3,(#5562,#5563,#5564,#5565,#5566),
 .UNSPECIFIED.,.F.,.F.,(4,1,4),(0.0205365923526378,0.0257651831870236,0.0309937740214093),
 .UNSPECIFIED.);
#205=B_SPLINE_CURVE_WITH_KNOTS('',3,(#5568,#5569,#5570,#5571),
 .UNSPECIFIED.,.F.,.F.,(4,4),(5.55111512312578E-17,0.0118078112637383),
 .UNSPECIFIED.);
#206=B_SPLINE_CURVE_WITH_KNOTS('',3,(#5573,#5574,#5575,#5576,#5577),
 .UNSPECIFIED.,.F.,.F.,(4,1,4),(0.0205365906362728,0.0257651823117554,0.030993773987238),
 .UNSPECIFIED.);
#207=B_SPLINE_CURVE_WITH_KNOTS('',3,(#5594,#5595,#5596,#5597,#5598),
 .UNSPECIFIED.,.F.,.F.,(4,1,4),(0.,0.00350444623271292,0.00700889246542583),
 .UNSPECIFIED.);
#208=B_SPLINE_CURVE_WITH_KNOTS('',3,(#5809,#5810,#5811,#5812,#5813,#5814),
 .UNSPECIFIED.,.F.,.F.,(4,1,1,4),(0.,0.00697593936906921,0.0104639090536038,
0.0139518787381384),.UNSPECIFIED.);
#209=B_SPLINE_CURVE_WITH_KNOTS('',3,(#5816,#5817,#5818,#5819,#5820),
 .UNSPECIFIED.,.F.,.F.,(4,1,4),(0.,0.497728104754356,1.),.UNSPECIFIED.);
#210=B_SPLINE_CURVE_WITH_KNOTS('',3,(#5821,#5822,#5823,#5824,#5825),
 .UNSPECIFIED.,.F.,.F.,(4,1,4),(0.,0.497728104754356,1.),.UNSPECIFIED.);
#211=B_SPLINE_CURVE_WITH_KNOTS('',3,(#5826,#5827,#5828,#5829,#5830,#5831),
 .UNSPECIFIED.,.F.,.F.,(4,1,1,4),(8.67361737988404E-18,0.00697593567544066,
0.010463903513161,0.0139518713508813),.UNSPECIFIED.);
#212=B_SPLINE_CURVE_WITH_KNOTS('',3,(#5833,#5834,#5835,#5836),
 .UNSPECIFIED.,.F.,.F.,(4,4),(2.77555756156289E-17,0.0118078112637385),
 .UNSPECIFIED.);
#213=B_SPLINE_CURVE_WITH_KNOTS('',3,(#5853,#5854,#5855,#5856,#5857),
 .UNSPECIFIED.,.F.,.F.,(4,1,4),(0.,0.497728104754356,1.),.UNSPECIFIED.);
#214=B_SPLINE_CURVE_WITH_KNOTS('',3,(#5970,#5971,#5972,#5973,#5974),
 .UNSPECIFIED.,.F.,.F.,(4,1,4),(3.46944695195361E-18,0.0050502218675426,
0.0101004437350852),.UNSPECIFIED.);
#215=B_SPLINE_CURVE_WITH_KNOTS('',3,(#5976,#5977,#5978,#5979),
 .UNSPECIFIED.,.F.,.F.,(4,4),(0.,0.0118078112637386),.UNSPECIFIED.);
#216=B_SPLINE_CURVE_WITH_KNOTS('',3,(#5981,#5982,#5983,#5984,#5985),
 .UNSPECIFIED.,.F.,.F.,(4,1,4),(1.73472347597681E-18,0.00505021828160846,
0.0101004365632169),.UNSPECIFIED.);
#217=B_SPLINE_CURVE_WITH_KNOTS('',3,(#5986,#5987,#5988,#5989,#5990),
 .UNSPECIFIED.,.F.,.F.,(4,1,4),(0.,0.497728104754356,1.),.UNSPECIFIED.);
#218=B_SPLINE_CURVE_WITH_KNOTS('',3,(#6023,#6024,#6025,#6026,#6027),
 .UNSPECIFIED.,.F.,.F.,(4,1,4),(0.,0.509474929386568,1.),.UNSPECIFIED.);
#219=B_SPLINE_CURVE_WITH_KNOTS('',3,(#6028,#6029,#6030,#6031,#6032),
 .UNSPECIFIED.,.F.,.F.,(4,1,4),(0.,0.509474929386568,1.),.UNSPECIFIED.);
#220=B_SPLINE_CURVE_WITH_KNOTS('',3,(#6145,#6146,#6147,#6148),
 .UNSPECIFIED.,.F.,.F.,(4,4),(0.,0.000177515579723623),.UNSPECIFIED.);
#221=B_SPLINE_CURVE_WITH_KNOTS('',3,(#6149,#6150,#6151,#6152,#6153),
 .UNSPECIFIED.,.F.,.F.,(4,1,4),(0.,0.509474929386568,1.),.UNSPECIFIED.);
#222=B_SPLINE_CURVE_WITH_KNOTS('',3,(#6154,#6155,#6156,#6157),
 .UNSPECIFIED.,.F.,.F.,(4,4),(0.,0.000177515675477692),.UNSPECIFIED.);
#223=B_SPLINE_CURVE_WITH_KNOTS('',3,(#6158,#6159,#6160,#6161),
 .UNSPECIFIED.,.F.,.F.,(4,4),(0.,0.00934294543082775),.UNSPECIFIED.);
#224=B_SPLINE_CURVE_WITH_KNOTS('',3,(#6162,#6163,#6164,#6165,#6166),
 .UNSPECIFIED.,.F.,.F.,(4,1,4),(2.96429677516722E-17,0.00479357992692933,
0.00958715985385863),.UNSPECIFIED.);
#225=B_SPLINE_CURVE_WITH_KNOTS('',3,(#6168,#6169,#6170,#6171),
 .UNSPECIFIED.,.F.,.F.,(4,4),(2.77555756156289E-17,0.0118078112637386),
 .UNSPECIFIED.);
#226=B_SPLINE_CURVE_WITH_KNOTS('',3,(#6173,#6174,#6175,#6176,#6177),
 .UNSPECIFIED.,.F.,.F.,(4,1,4),(2.96429677516722E-17,0.00479358340623787,
0.0095871668124757),.UNSPECIFIED.);
#227=B_SPLINE_CURVE_WITH_KNOTS('',3,(#6178,#6179,#6180,#6181),
 .UNSPECIFIED.,.F.,.F.,(4,4),(2.16840434497101E-18,0.00934294311930401),
 .UNSPECIFIED.);
#228=B_SPLINE_CURVE_WITH_KNOTS('',3,(#6322,#6323,#6324,#6325,#6326,#6327),
 .UNSPECIFIED.,.F.,.F.,(4,1,1,4),(0.0165260842392056,0.0229159534794774,
0.0261108880996132,0.0293058227197491),.UNSPECIFIED.);
#229=B_SPLINE_CURVE_WITH_KNOTS('',3,(#6329,#6330,#6331,#6332,#6333),
 .UNSPECIFIED.,.F.,.F.,(4,1,4),(2.96429677516722E-17,0.00653874059853102,
0.013077481197062),.UNSPECIFIED.);
#230=B_SPLINE_CURVE_WITH_KNOTS('',3,(#6335,#6336,#6337,#6338),
 .UNSPECIFIED.,.F.,.F.,(4,4),(4.9960036108132E-16,0.0118078112637381),
 .UNSPECIFIED.);
#231=B_SPLINE_CURVE_WITH_KNOTS('',3,(#6340,#6341,#6342,#6343,#6344),
 .UNSPECIFIED.,.F.,.F.,(4,1,4),(0.,0.00653873703710048,0.013077474074201),
 .UNSPECIFIED.);
#232=B_SPLINE_CURVE_WITH_KNOTS('',3,(#6345,#6346,#6347,#6348,#6349,#6350),
 .UNSPECIFIED.,.F.,.F.,(4,1,1,4),(0.0165260775814131,0.0229159497195393,
0.0261108857886024,0.0293058218576655),.UNSPECIFIED.);
#233=B_SPLINE_CURVE_WITH_KNOTS('',3,(#6351,#6352,#6353,#6354),
 .UNSPECIFIED.,.F.,.F.,(4,4),(1.35053983724746E-14,0.000179165605467383),
 .UNSPECIFIED.);
#234=B_SPLINE_CURVE_WITH_KNOTS('',3,(#6355,#6356,#6357,#6358,#6359),
 .UNSPECIFIED.,.F.,.F.,(4,1,4),(0.,0.509474929386568,1.),.UNSPECIFIED.);
#235=B_SPLINE_CURVE_WITH_KNOTS('',3,(#6360,#6361,#6362,#6363),
 .UNSPECIFIED.,.F.,.F.,(4,4),(0.,0.000179167908560433),.UNSPECIFIED.);
#236=B_SPLINE_CURVE_WITH_KNOTS('',3,(#6365,#6366,#6367,#6368),
 .UNSPECIFIED.,.F.,.F.,(4,4),(0.,0.0035203417650452),.UNSPECIFIED.);
#237=B_SPLINE_CURVE_WITH_KNOTS('',3,(#6425,#6426,#6427,#6428,#6429),
 .UNSPECIFIED.,.F.,.F.,(4,1,4),(0.,0.497728104754356,1.),.UNSPECIFIED.);
#238=B_SPLINE_CURVE_WITH_KNOTS('',3,(#6480,#6481,#6482,#6483),
 .UNSPECIFIED.,.F.,.F.,(4,4),(1.73186985678952E-12,0.000177519769327354),
 .UNSPECIFIED.);
#239=B_SPLINE_CURVE_WITH_KNOTS('',3,(#6485,#6486,#6487,#6488),
 .UNSPECIFIED.,.F.,.F.,(4,4),(5.55111512312578E-17,0.00349515864376013),
 .UNSPECIFIED.);
#240=B_SPLINE_CURVE_WITH_KNOTS('',3,(#6509,#6510,#6511,#6512,#6513),
 .UNSPECIFIED.,.F.,.F.,(4,1,4),(0.,0.509474929386568,1.),.UNSPECIFIED.);
#241=B_SPLINE_CURVE_WITH_KNOTS('',3,(#6514,#6515,#6516,#6517,#6518),
 .UNSPECIFIED.,.F.,.F.,(4,1,4),(0.,0.509474929386568,1.),.UNSPECIFIED.);
#242=B_SPLINE_CURVE_WITH_KNOTS('',3,(#6529,#6530,#6531,#6532,#6533),
 .UNSPECIFIED.,.F.,.F.,(4,1,4),(6.15299907658583E-5,0.00496528472367814,
0.00986903945659043),.UNSPECIFIED.);
#243=B_SPLINE_CURVE_WITH_KNOTS('',3,(#6566,#6567,#6568,#6569,#6570,#6571),
 .UNSPECIFIED.,.F.,.F.,(4,1,1,4),(0.,0.00328023687053711,0.00656047374107422,
0.0131209474821484),.UNSPECIFIED.);
#244=B_SPLINE_CURVE_WITH_KNOTS('',3,(#6584,#6585,#6586,#6587,#6588),
 .UNSPECIFIED.,.F.,.F.,(4,1,4),(0.,0.00523024319876992,0.0104604863975398),
 .UNSPECIFIED.);
#245=B_SPLINE_CURVE_WITH_KNOTS('',3,(#6590,#6591,#6592,#6593),
 .UNSPECIFIED.,.F.,.F.,(4,4),(2.77555756156289E-17,0.0118078112637382),
 .UNSPECIFIED.);
#246=B_SPLINE_CURVE_WITH_KNOTS('',3,(#6595,#6596,#6597,#6598,#6599),
 .UNSPECIFIED.,.F.,.F.,(4,1,4),(0.,0.00523024240869776,0.0104604848173955),
 .UNSPECIFIED.);
#247=B_SPLINE_CURVE_WITH_KNOTS('',3,(#6600,#6601,#6602,#6603,#6604),
 .UNSPECIFIED.,.F.,.F.,(4,1,4),(0.,0.509474929386568,1.),.UNSPECIFIED.);
#248=B_SPLINE_CURVE_WITH_KNOTS('',3,(#6605,#6606,#6607,#6608,#6609),
 .UNSPECIFIED.,.F.,.F.,(4,1,4),(0.,0.509474929386568,1.),.UNSPECIFIED.);
#249=B_SPLINE_SURFACE_WITH_KNOTS('',3,3,((#3367,#3368,#3369,#3370),(#3371,
#3372,#3373,#3374),(#3375,#3376,#3377,#3378),(#3379,#3380,#3381,#3382)),
 .UNSPECIFIED.,.F.,.F.,.F.,(4,4),(4,4),(-0.00600709675482598,1.),(0.0516387212588486,
0.497728104754551),.UNSPECIFIED.);
#250=B_SPLINE_SURFACE_WITH_KNOTS('',3,1,((#3401,#3402),(#3403,#3404),(#3405,
#3406),(#3407,#3408),(#3409,#3410),(#3411,#3412),(#3413,#3414),(#3415,#3416),
(#3417,#3418),(#3419,#3420)),.SURF_OF_LINEAR_EXTRUSION.,.F.,.F.,.F.,(4,
1,1,1,1,1,1,4),(2,2),(-0.000767372252542547,0.125074889148824,0.25091715055019,
0.502601673352923,0.628443934754289,0.754286196155656,0.880128457557022,
1.00597071895839),(0.,1.),.UNSPECIFIED.);
#251=B_SPLINE_SURFACE_WITH_KNOTS('',3,1,((#3459,#3460),(#3461,#3462),(#3463,
#3464),(#3465,#3466),(#3467,#3468),(#3469,#3470),(#3471,#3472),(#3473,#3474),
(#3475,#3476),(#3477,#3478)),.SURF_OF_LINEAR_EXTRUSION.,.F.,.F.,.F.,(4,
1,1,1,1,1,1,4),(2,2),(-0.000767296712350095,0.125074949671665,0.250917196055679,
0.502601688823708,0.628443935207723,0.754286181591738,0.880128427975752,
1.00597067435977),(0.,1.),.UNSPECIFIED.);
#252=B_SPLINE_SURFACE_WITH_KNOTS('',3,3,((#3524,#3525,#3526,#3527),(#3528,
#3529,#3530,#3531),(#3532,#3533,#3534,#3535),(#3536,#3537,#3538,#3539)),
 .UNSPECIFIED.,.F.,.F.,.F.,(4,4),(4,4),(0.,1.00600492112562),(0.051638714118448,
0.497728104754419),.UNSPECIFIED.);
#253=B_SPLINE_SURFACE_WITH_KNOTS('',3,3,((#3551,#3552,#3553,#3554),(#3555,
#3556,#3557,#3558),(#3559,#3560,#3561,#3562),(#3563,#3564,#3565,#3566)),
 .SURF_OF_LINEAR_EXTRUSION.,.F.,.F.,.F.,(4,4),(4,4),(0.,1.),(0.0535104730627015,
0.258130727504753),.PIECEWISE_BEZIER_KNOTS.);
#254=B_SPLINE_SURFACE_WITH_KNOTS('',3,1,((#3586,#3587),(#3588,#3589),(#3590,
#3591),(#3592,#3593),(#3594,#3595),(#3596,#3597)),
 .SURF_OF_LINEAR_EXTRUSION.,.F.,.F.,.F.,(4,1,1,4),(2,2),(-0.00093322389087057,
0.249169151381919,0.499271526654709,0.999476277200288),(0.,1.),
 .UNSPECIFIED.);
#255=B_SPLINE_SURFACE_WITH_KNOTS('',3,1,((#3621,#3622),(#3623,#3624),(#3625,
#3626),(#3627,#3628),(#3629,#3630),(#3631,#3632)),
 .SURF_OF_LINEAR_EXTRUSION.,.F.,.F.,.F.,(4,1,1,4),(2,2),(-0.000933065760161317,
0.249169240891376,0.499271547542914,0.999476160845989),(0.,1.),
 .UNSPECIFIED.);
#256=B_SPLINE_SURFACE_WITH_KNOTS('',3,3,((#3649,#3650,#3651,#3652),(#3653,
#3654,#3655,#3656),(#3657,#3658,#3659,#3660),(#3661,#3662,#3663,#3664)),
 .SURF_OF_LINEAR_EXTRUSION.,.F.,.F.,.F.,(4,4),(4,4),(0.,1.),(0.053510464408369,
0.258130722903491),.PIECEWISE_BEZIER_KNOTS.);
#257=B_SPLINE_SURFACE_WITH_KNOTS('',3,3,((#3677,#3678,#3679,#3680,#3681),
(#3682,#3683,#3684,#3685,#3686),(#3687,#3688,#3689,#3690,#3691),(#3692,
#3693,#3694,#3695,#3696),(#3697,#3698,#3699,#3700,#3701),(#3702,#3703,#3704,
#3705,#3706),(#3707,#3708,#3709,#3710,#3711),(#3712,#3713,#3714,#3715,#3716),
(#3717,#3718,#3719,#3720,#3721),(#3722,#3723,#3724,#3725,#3726),(#3727,
#3728,#3729,#3730,#3731),(#3732,#3733,#3734,#3735,#3736)),.UNSPECIFIED.,
 .F.,.F.,.F.,(4,2,2,2,2,4),(4,1,4),(0.,0.0625,0.125,0.1875,0.25,0.250391089484657),
(0.0510491044468517,0.493874133175434,0.706477809412545),.UNSPECIFIED.);
#258=B_SPLINE_SURFACE_WITH_KNOTS('',3,3,((#3796,#3797,#3798,#3799),(#3800,
#3801,#3802,#3803),(#3804,#3805,#3806,#3807),(#3808,#3809,#3810,#3811),
(#3812,#3813,#3814,#3815),(#3816,#3817,#3818,#3819),(#3820,#3821,#3822,
#3823),(#3824,#3825,#3826,#3827),(#3828,#3829,#3830,#3831),(#3832,#3833,
#3834,#3835),(#3836,#3837,#3838,#3839),(#3840,#3841,#3842,#3843)),
 .UNSPECIFIED.,.F.,.F.,.F.,(4,2,2,2,2,4),(4,4),(0.736549275344181,0.75,
0.8125,0.875,0.9375,1.),(0.618532181919775,0.754020839843755),
 .UNSPECIFIED.);
#259=B_SPLINE_SURFACE_WITH_KNOTS('',3,1,((#3866,#3867),(#3868,#3869),(#3870,
#3871),(#3872,#3873),(#3874,#3875),(#3876,#3877)),
 .SURF_OF_LINEAR_EXTRUSION.,.F.,.F.,.F.,(4,1,1,4),(2,2),(0.00100437158918298,
0.503487185298439,0.754728592153068,1.0059699990077),(0.,1.),
 .UNSPECIFIED.);
#260=B_SPLINE_SURFACE_WITH_KNOTS('',3,1,((#3901,#3902),(#3903,#3904),(#3905,
#3906),(#3907,#3908),(#3909,#3910)),.SURF_OF_LINEAR_EXTRUSION.,.F.,.F.,
 .F.,(4,1,4),(2,2),(-0.000488142098472339,0.499637812484716,0.999763767067904),
(0.,1.),.UNSPECIFIED.);
#261=B_SPLINE_SURFACE_WITH_KNOTS('',3,1,((#3927,#3928),(#3929,#3930),(#3931,
#3932),(#3933,#3934),(#3935,#3936)),.SURF_OF_LINEAR_EXTRUSION.,.F.,.F.,
 .F.,(4,1,4),(2,2),(0.000254859742535377,0.500409704765249,1.00056454978796),
(0.,1.),.UNSPECIFIED.);
#262=B_SPLINE_SURFACE_WITH_KNOTS('',3,3,((#3959,#3960,#3961,#3962,#3963),
(#3964,#3965,#3966,#3967,#3968),(#3969,#3970,#3971,#3972,#3973),(#3974,
#3975,#3976,#3977,#3978),(#3979,#3980,#3981,#3982,#3983),(#3984,#3985,#3986,
#3987,#3988),(#3989,#3990,#3991,#3992,#3993),(#3994,#3995,#3996,#3997,#3998),
(#3999,#4000,#4001,#4002,#4003),(#4004,#4005,#4006,#4007,#4008),(#4009,
#4010,#4011,#4012,#4013),(#4014,#4015,#4016,#4017,#4018)),.UNSPECIFIED.,
 .F.,.F.,.F.,(4,2,2,2,2,4),(4,1,4),(0.711743772407144,0.75,0.8125,0.875,
0.9375,1.),(0.297436537857037,0.505893978933828,1.),.UNSPECIFIED.);
#263=B_SPLINE_SURFACE_WITH_KNOTS('',3,3,((#4049,#4050,#4051,#4052,#4053),
(#4054,#4055,#4056,#4057,#4058),(#4059,#4060,#4061,#4062,#4063),(#4064,
#4065,#4066,#4067,#4068),(#4069,#4070,#4071,#4072,#4073),(#4074,#4075,#4076,
#4077,#4078),(#4079,#4080,#4081,#4082,#4083),(#4084,#4085,#4086,#4087,#4088),
(#4089,#4090,#4091,#4092,#4093),(#4094,#4095,#4096,#4097,#4098)),
 .UNSPECIFIED.,.F.,.F.,.F.,(4,2,2,2,4),(4,1,4),(0.81210969005266,0.8125,
0.875,0.9375,1.),(0.497528449415555,0.497728104754356,0.50099422489311),
 .UNSPECIFIED.);
#264=B_SPLINE_SURFACE_WITH_KNOTS('',3,1,((#4119,#4120),(#4121,#4122),(#4123,
#4124),(#4125,#4126),(#4127,#4128)),.SURF_OF_LINEAR_EXTRUSION.,.F.,.F.,
 .F.,(4,1,4),(2,2),(0.000257095352870449,0.500389753697607,1.00052241204234),
(0.,1.),.UNSPECIFIED.);
#265=B_SPLINE_SURFACE_WITH_KNOTS('',3,1,((#4145,#4146),(#4147,#4148),(#4149,
#4150),(#4151,#4152),(#4153,#4154),(#4155,#4156)),
 .SURF_OF_LINEAR_EXTRUSION.,.F.,.F.,.F.,(4,1,1,4),(2,2),(-0.00596061605930366,
0.245299678219795,0.496559972498894,0.999080561057092),(0.,1.),
 .UNSPECIFIED.);
#266=B_SPLINE_SURFACE_WITH_KNOTS('',3,3,((#4187,#4188,#4189,#4190,#4191),
(#4192,#4193,#4194,#4195,#4196),(#4197,#4198,#4199,#4200,#4201),(#4202,
#4203,#4204,#4205,#4206),(#4207,#4208,#4209,#4210,#4211),(#4212,#4213,#4214,
#4215,#4216),(#4217,#4218,#4219,#4220,#4221),(#4222,#4223,#4224,#4225,#4226),
(#4227,#4228,#4229,#4230,#4231),(#4232,#4233,#4234,#4235,#4236),(#4237,
#4238,#4239,#4240,#4241),(#4242,#4243,#4244,#4245,#4246),(#4247,#4248,#4249,
#4250,#4251),(#4252,#4253,#4254,#4255,#4256),(#4257,#4258,#4259,#4260,#4261),
(#4262,#4263,#4264,#4265,#4266),(#4267,#4268,#4269,#4270,#4271),(#4272,
#4273,#4274,#4275,#4276),(#4277,#4278,#4279,#4280,#4281),(#4282,#4283,#4284,
#4285,#4286),(#4287,#4288,#4289,#4290,#4291),(#4292,#4293,#4294,#4295,#4296),
(#4297,#4298,#4299,#4300,#4301),(#4302,#4303,#4304,#4305,#4306),(#4307,
#4308,#4309,#4310,#4311),(#4312,#4313,#4314,#4315,#4316),(#4317,#4318,#4319,
#4320,#4321),(#4322,#4323,#4324,#4325,#4326)),.UNSPECIFIED.,.F.,.F.,.F.,
(4,2,2,2,2,2,2,2,2,2,2,2,2,4),(4,1,4),(0.,0.0625,0.125,0.1875,0.25,0.375,
0.4375,0.5,0.625,0.75,0.8125,0.875,0.9375,1.),(0.,0.493874133175434,0.755568224553371),
 .UNSPECIFIED.);
#267=B_SPLINE_SURFACE_WITH_KNOTS('',3,3,((#4437,#4438,#4439,#4440,#4441),
(#4442,#4443,#4444,#4445,#4446),(#4447,#4448,#4449,#4450,#4451),(#4452,
#4453,#4454,#4455,#4456)),.SURF_OF_LINEAR_EXTRUSION.,.F.,.F.,.F.,(4,4),
(4,1,4),(0.,1.),(0.0510491045137693,0.493874133175434,0.755261912809674),
 .UNSPECIFIED.);
#268=B_SPLINE_SURFACE_WITH_KNOTS('',3,3,((#4462,#4463,#4464,#4465,#4466),
(#4467,#4468,#4469,#4470,#4471),(#4472,#4473,#4474,#4475,#4476),(#4477,
#4478,#4479,#4480,#4481),(#4482,#4483,#4484,#4485,#4486),(#4487,#4488,#4489,
#4490,#4491),(#4492,#4493,#4494,#4495,#4496),(#4497,#4498,#4499,#4500,#4501),
(#4502,#4503,#4504,#4505,#4506),(#4507,#4508,#4509,#4510,#4511),(#4512,
#4513,#4514,#4515,#4516),(#4517,#4518,#4519,#4520,#4521)),.UNSPECIFIED.,
 .F.,.F.,.F.,(4,2,2,2,2,4),(4,1,4),(0.749534503738176,0.75,0.8125,0.875,
0.9375,1.),(0.0510490977367703,0.493874133175434,0.706477802828162),
 .UNSPECIFIED.);
#269=B_SPLINE_SURFACE_WITH_KNOTS('',3,3,((#4581,#4582,#4583,#4584,#4585),
(#4586,#4587,#4588,#4589,#4590),(#4591,#4592,#4593,#4594,#4595),(#4596,
#4597,#4598,#4599,#4600)),.SURF_OF_LINEAR_EXTRUSION.,.F.,.F.,.F.,(4,4),
(4,1,4),(0.,1.),(0.0510490978037332,0.493874133175434,0.75526190491773),
 .UNSPECIFIED.);
#270=B_SPLINE_SURFACE_WITH_KNOTS('',3,3,((#4606,#4607,#4608,#4609),(#4610,
#4611,#4612,#4613),(#4614,#4615,#4616,#4617),(#4618,#4619,#4620,#4621),
(#4622,#4623,#4624,#4625),(#4626,#4627,#4628,#4629),(#4630,#4631,#4632,
#4633),(#4634,#4635,#4636,#4637),(#4638,#4639,#4640,#4641),(#4642,#4643,
#4644,#4645),(#4646,#4647,#4648,#4649),(#4650,#4651,#4652,#4653)),
 .UNSPECIFIED.,.F.,.F.,.F.,(4,2,2,2,2,4),(4,4),(0.,0.0625,0.125,0.1875,
0.25,0.263540480417506),(0.61853218097249,0.754020837075224),
 .UNSPECIFIED.);
#271=B_SPLINE_SURFACE_WITH_KNOTS('',3,1,((#4676,#4677),(#4678,#4679),(#4680,
#4681),(#4682,#4683),(#4684,#4685),(#4686,#4687)),
 .SURF_OF_LINEAR_EXTRUSION.,.F.,.F.,.F.,(4,1,1,4),(2,2),(0.00100432675252201,
0.503487162051619,0.754728579701168,1.00596999735072),(0.,1.),
 .UNSPECIFIED.);
#272=B_SPLINE_SURFACE_WITH_KNOTS('',3,3,((#4711,#4712,#4713,#4714),(#4715,
#4716,#4717,#4718),(#4719,#4720,#4721,#4722),(#4723,#4724,#4725,#4726)),
 .SURF_OF_LINEAR_EXTRUSION.,.F.,.F.,.F.,(4,4),(4,4),(0.,1.),(0.499460141499027,
0.7547309975015),.PIECEWISE_BEZIER_KNOTS.);
#273=B_SPLINE_SURFACE_WITH_KNOTS('',3,1,((#4736,#4737),(#4738,#4739),(#4740,
#4741),(#4742,#4743),(#4744,#4745)),.SURF_OF_LINEAR_EXTRUSION.,.F.,.F.,
 .F.,(4,1,4),(2,2),(-0.000490548685941956,0.499637808656054,0.99976616599805),
(0.,1.),.UNSPECIFIED.);
#274=B_SPLINE_SURFACE_WITH_KNOTS('',3,3,((#4762,#4763,#4764,#4765),(#4766,
#4767,#4768,#4769),(#4770,#4771,#4772,#4773),(#4774,#4775,#4776,#4777),
(#4778,#4779,#4780,#4781),(#4782,#4783,#4784,#4785),(#4786,#4787,#4788,
#4789)),.SURF_OF_LINEAR_EXTRUSION.,.F.,.F.,.F.,(4,3,4),(4,4),(0.,1.,1.00600013560309),
(0.0529272119382756,0.25540332087169),.PIECEWISE_BEZIER_KNOTS.);
#275=B_SPLINE_SURFACE_WITH_KNOTS('',3,1,((#4802,#4803),(#4804,#4805),(#4806,
#4807),(#4808,#4809),(#4810,#4811),(#4812,#4813)),
 .SURF_OF_LINEAR_EXTRUSION.,.F.,.F.,.F.,(4,1,1,4),(2,2),(0.000866733170932467,
0.503413119572797,0.754686312773729,1.00595950597466),(0.,1.),
 .UNSPECIFIED.);
#276=B_SPLINE_SURFACE_WITH_KNOTS('',3,3,((#4865,#4866,#4867,#4868),(#4869,
#4870,#4871,#4872),(#4873,#4874,#4875,#4876),(#4877,#4878,#4879,#4880)),
 .SURF_OF_LINEAR_EXTRUSION.,.F.,.F.,.F.,(4,4),(4,4),(0.,1.),(0.0529272037807901,
0.255403318508895),.PIECEWISE_BEZIER_KNOTS.);
#277=B_SPLINE_SURFACE_WITH_KNOTS('',3,3,((#4892,#4893,#4894,#4895),(#4896,
#4897,#4898,#4899),(#4900,#4901,#4902,#4903),(#4904,#4905,#4906,#4907)),
 .SURF_OF_LINEAR_EXTRUSION.,.F.,.F.,.F.,(4,4),(4,4),(0.,1.),(0.749568199504552,
1.),.PIECEWISE_BEZIER_KNOTS.);
#278=B_SPLINE_SURFACE_WITH_KNOTS('',3,3,((#4929,#4930,#4931,#4932),(#4933,
#4934,#4935,#4936),(#4937,#4938,#4939,#4940),(#4941,#4942,#4943,#4944),
(#4945,#4946,#4947,#4948),(#4949,#4950,#4951,#4952),(#4953,#4954,#4955,
#4956),(#4957,#4958,#4959,#4960),(#4961,#4962,#4963,#4964),(#4965,#4966,
#4967,#4968),(#4969,#4970,#4971,#4972),(#4973,#4974,#4975,#4976)),
 .UNSPECIFIED.,.F.,.F.,.F.,(4,2,2,2,2,4),(4,4),(0.711752950248495,0.75,
0.8125,0.875,0.9375,1.),(0.750280193570635,0.88210943234202),
 .UNSPECIFIED.);
#279=B_SPLINE_SURFACE_WITH_KNOTS('',3,3,((#4992,#4993,#4994,#4995),(#4996,
#4997,#4998,#4999),(#5000,#5001,#5002,#5003),(#5004,#5005,#5006,#5007)),
 .SURF_OF_LINEAR_EXTRUSION.,.F.,.F.,.F.,(4,4),(4,4),(0.,1.),(0.749568207436757,
1.),.PIECEWISE_BEZIER_KNOTS.);
#280=B_SPLINE_SURFACE_WITH_KNOTS('',3,3,((#5018,#5019,#5020,#5021),(#5022,
#5023,#5024,#5025),(#5026,#5027,#5028,#5029),(#5030,#5031,#5032,#5033),
(#5034,#5035,#5036,#5037),(#5038,#5039,#5040,#5041),(#5042,#5043,#5044,
#5045),(#5046,#5047,#5048,#5049),(#5050,#5051,#5052,#5053),(#5054,#5055,
#5056,#5057),(#5058,#5059,#5060,#5061),(#5062,#5063,#5064,#5065),(#5066,
#5067,#5068,#5069),(#5070,#5071,#5072,#5073),(#5074,#5075,#5076,#5077),
(#5078,#5079,#5080,#5081),(#5082,#5083,#5084,#5085),(#5086,#5087,#5088,
#5089),(#5090,#5091,#5092,#5093),(#5094,#5095,#5096,#5097),(#5098,#5099,
#5100,#5101),(#5102,#5103,#5104,#5105),(#5106,#5107,#5108,#5109),(#5110,
#5111,#5112,#5113),(#5114,#5115,#5116,#5117),(#5118,#5119,#5120,#5121),
(#5122,#5123,#5124,#5125),(#5126,#5127,#5128,#5129)),.UNSPECIFIED.,.F.,
 .F.,.F.,(4,2,2,2,2,2,2,2,2,2,2,2,2,4),(4,4),(0.,0.0625,0.125,0.1875,0.25,
0.375,0.4375,0.5,0.625,0.75,0.8125,0.875,0.9375,1.),(0.798752860833089,
1.),.UNSPECIFIED.);
#281=B_SPLINE_SURFACE_WITH_KNOTS('',3,3,((#5156,#5157,#5158,#5159,#5160),
(#5161,#5162,#5163,#5164,#5165),(#5166,#5167,#5168,#5169,#5170),(#5171,
#5172,#5173,#5174,#5175)),.SURF_OF_LINEAR_EXTRUSION.,.F.,.F.,.F.,(4,4),
(4,1,4),(0.,1.),(0.24972088173151,0.505893978933828,1.),.UNSPECIFIED.);
#282=B_SPLINE_SURFACE_WITH_KNOTS('',3,3,((#5186,#5187,#5188,#5189,#5190),
(#5191,#5192,#5193,#5194,#5195),(#5196,#5197,#5198,#5199,#5200),(#5201,
#5202,#5203,#5204,#5205),(#5206,#5207,#5208,#5209,#5210),(#5211,#5212,#5213,
#5214,#5215),(#5216,#5217,#5218,#5219,#5220),(#5221,#5222,#5223,#5224,#5225),
(#5226,#5227,#5228,#5229,#5230),(#5231,#5232,#5233,#5234,#5235),(#5236,
#5237,#5238,#5239,#5240),(#5241,#5242,#5243,#5244,#5245),(#5246,#5247,#5248,
#5249,#5250),(#5251,#5252,#5253,#5254,#5255),(#5256,#5257,#5258,#5259,#5260),
(#5261,#5262,#5263,#5264,#5265),(#5266,#5267,#5268,#5269,#5270),(#5271,
#5272,#5273,#5274,#5275),(#5276,#5277,#5278,#5279,#5280),(#5281,#5282,#5283,
#5284,#5285),(#5286,#5287,#5288,#5289,#5290),(#5291,#5292,#5293,#5294,#5295),
(#5296,#5297,#5298,#5299,#5300),(#5301,#5302,#5303,#5304,#5305),(#5306,
#5307,#5308,#5309,#5310),(#5311,#5312,#5313,#5314,#5315),(#5316,#5317,#5318,
#5319,#5320),(#5321,#5322,#5323,#5324,#5325)),.UNSPECIFIED.,.F.,.F.,.F.,
(4,2,2,2,2,2,2,2,2,2,2,2,2,4),(4,1,4),(0.,0.0625,0.125,0.1875,0.25,0.375,
0.5,0.5625,0.625,0.75,0.8125,0.875,0.9375,1.),(0.249720838886691,0.505893978933828,
1.),.UNSPECIFIED.);
#283=B_SPLINE_SURFACE_WITH_KNOTS('',3,3,((#5407,#5408,#5409,#5410,#5411),
(#5412,#5413,#5414,#5415,#5416),(#5417,#5418,#5419,#5420,#5421),(#5422,
#5423,#5424,#5425,#5426)),.SURF_OF_LINEAR_EXTRUSION.,.F.,.F.,.F.,(4,4),
(4,1,4),(0.,1.),(0.249720884143251,0.505893978933828,1.),.UNSPECIFIED.);
#284=B_SPLINE_SURFACE_WITH_KNOTS('',3,3,((#5428,#5429,#5430,#5431,#5432),
(#5433,#5434,#5435,#5436,#5437),(#5438,#5439,#5440,#5441,#5442),(#5443,
#5444,#5445,#5446,#5447),(#5448,#5449,#5450,#5451,#5452),(#5453,#5454,#5455,
#5456,#5457),(#5458,#5459,#5460,#5461,#5462),(#5463,#5464,#5465,#5466,#5467),
(#5468,#5469,#5470,#5471,#5472),(#5473,#5474,#5475,#5476,#5477),(#5478,
#5479,#5480,#5481,#5482),(#5483,#5484,#5485,#5486,#5487)),.UNSPECIFIED.,
 .F.,.F.,.F.,(4,2,2,2,2,4),(4,1,4),(0.,0.0625,0.125,0.1875,0.25,0.288375137049241),
(0.297436535648406,0.505893978933828,1.),.UNSPECIFIED.);
#285=B_SPLINE_SURFACE_WITH_KNOTS('',3,1,((#5504,#5505),(#5506,#5507),(#5508,
#5509),(#5510,#5511),(#5512,#5513),(#5514,#5515),(#5516,#5517),(#5518,#5519),
(#5520,#5521),(#5522,#5523),(#5524,#5525)),.SURF_OF_LINEAR_EXTRUSION.,.F.,
 .F.,.F.,(4,1,1,1,1,1,1,1,4),(2,2),(-0.00105865273534636,0.124820017280884,
0.250698687297114,0.376577357313344,0.502456027329574,0.628334697345804,
0.754213367362034,0.880092037378264,1.00597070739449),(0.,1.),
 .UNSPECIFIED.);
#286=B_SPLINE_SURFACE_WITH_KNOTS('',3,3,((#5578,#5579,#5580,#5581),(#5582,
#5583,#5584,#5585),(#5586,#5587,#5588,#5589),(#5590,#5591,#5592,#5593)),
 .SURF_OF_LINEAR_EXTRUSION.,.F.,.F.,.F.,(4,4),(4,4),(0.,1.),(0.499460141404902,
0.754731001850175),.PIECEWISE_BEZIER_KNOTS.);
#287=B_SPLINE_SURFACE_WITH_KNOTS('',3,3,((#5697,#5698,#5699,#5700),(#5701,
#5702,#5703,#5704),(#5705,#5706,#5707,#5708),(#5709,#5710,#5711,#5712),
(#5713,#5714,#5715,#5716),(#5717,#5718,#5719,#5720),(#5721,#5722,#5723,
#5724),(#5725,#5726,#5727,#5728),(#5729,#5730,#5731,#5732),(#5733,#5734,
#5735,#5736),(#5737,#5738,#5739,#5740),(#5741,#5742,#5743,#5744),(#5745,
#5746,#5747,#5748),(#5749,#5750,#5751,#5752),(#5753,#5754,#5755,#5756),
(#5757,#5758,#5759,#5760),(#5761,#5762,#5763,#5764),(#5765,#5766,#5767,
#5768),(#5769,#5770,#5771,#5772),(#5773,#5774,#5775,#5776),(#5777,#5778,
#5779,#5780),(#5781,#5782,#5783,#5784),(#5785,#5786,#5787,#5788),(#5789,
#5790,#5791,#5792),(#5793,#5794,#5795,#5796),(#5797,#5798,#5799,#5800),
(#5801,#5802,#5803,#5804),(#5805,#5806,#5807,#5808)),.UNSPECIFIED.,.F.,
 .F.,.F.,(4,2,2,2,2,2,2,2,2,2,2,2,2,4),(4,4),(0.,0.0625,0.125,0.1875,0.25,
0.375,0.5,0.5625,0.625,0.75,0.8125,0.875,0.9375,1.),(0.751736816343894,
1.),.UNSPECIFIED.);
#288=B_SPLINE_SURFACE_WITH_KNOTS('',3,3,((#5837,#5838,#5839,#5840),(#5841,
#5842,#5843,#5844),(#5845,#5846,#5847,#5848),(#5849,#5850,#5851,#5852)),
 .SURF_OF_LINEAR_EXTRUSION.,.F.,.F.,.F.,(4,4),(4,4),(0.,1.),(0.751736843480201,
1.),.PIECEWISE_BEZIER_KNOTS.);
#289=B_SPLINE_SURFACE_WITH_KNOTS('',3,3,((#5858,#5859,#5860,#5861),(#5862,
#5863,#5864,#5865),(#5866,#5867,#5868,#5869),(#5870,#5871,#5872,#5873),
(#5874,#5875,#5876,#5877),(#5878,#5879,#5880,#5881),(#5882,#5883,#5884,
#5885),(#5886,#5887,#5888,#5889),(#5890,#5891,#5892,#5893),(#5894,#5895,
#5896,#5897),(#5898,#5899,#5900,#5901),(#5902,#5903,#5904,#5905),(#5906,
#5907,#5908,#5909),(#5910,#5911,#5912,#5913),(#5914,#5915,#5916,#5917),
(#5918,#5919,#5920,#5921),(#5922,#5923,#5924,#5925),(#5926,#5927,#5928,
#5929),(#5930,#5931,#5932,#5933),(#5934,#5935,#5936,#5937),(#5938,#5939,
#5940,#5941),(#5942,#5943,#5944,#5945),(#5946,#5947,#5948,#5949),(#5950,
#5951,#5952,#5953),(#5954,#5955,#5956,#5957),(#5958,#5959,#5960,#5961),
(#5962,#5963,#5964,#5965),(#5966,#5967,#5968,#5969)),.UNSPECIFIED.,.F.,
 .F.,.F.,(4,2,2,2,2,2,2,2,2,2,2,2,2,4),(4,4),(0.,0.0625,0.125,0.1875,0.25,
0.375,0.4375,0.5,0.625,0.75,0.8125,0.875,0.9375,1.),(0.800490500406221,
1.),.UNSPECIFIED.);
#290=B_SPLINE_SURFACE_WITH_KNOTS('',3,3,((#5991,#5992,#5993,#5994),(#5995,
#5996,#5997,#5998),(#5999,#6000,#6001,#6002),(#6003,#6004,#6005,#6006)),
 .SURF_OF_LINEAR_EXTRUSION.,.F.,.F.,.F.,(4,4),(4,4),(0.,1.),(0.751736839131932,
1.),.PIECEWISE_BEZIER_KNOTS.);
#291=B_SPLINE_SURFACE_WITH_KNOTS('',3,3,((#6007,#6008,#6009,#6010),(#6011,
#6012,#6013,#6014),(#6015,#6016,#6017,#6018),(#6019,#6020,#6021,#6022)),
 .UNSPECIFIED.,.F.,.F.,.F.,(4,4),(4,4),(0.,1.00600492112563),(0.506409999107065,
1.),.UNSPECIFIED.);
#292=B_SPLINE_SURFACE_WITH_KNOTS('',3,3,((#6033,#6034,#6035,#6036),(#6037,
#6038,#6039,#6040),(#6041,#6042,#6043,#6044),(#6045,#6046,#6047,#6048),
(#6049,#6050,#6051,#6052),(#6053,#6054,#6055,#6056),(#6057,#6058,#6059,
#6060),(#6061,#6062,#6063,#6064),(#6065,#6066,#6067,#6068),(#6069,#6070,
#6071,#6072),(#6073,#6074,#6075,#6076),(#6077,#6078,#6079,#6080),(#6081,
#6082,#6083,#6084),(#6085,#6086,#6087,#6088),(#6089,#6090,#6091,#6092),
(#6093,#6094,#6095,#6096),(#6097,#6098,#6099,#6100),(#6101,#6102,#6103,
#6104),(#6105,#6106,#6107,#6108),(#6109,#6110,#6111,#6112),(#6113,#6114,
#6115,#6116),(#6117,#6118,#6119,#6120),(#6121,#6122,#6123,#6124),(#6125,
#6126,#6127,#6128),(#6129,#6130,#6131,#6132),(#6133,#6134,#6135,#6136),
(#6137,#6138,#6139,#6140),(#6141,#6142,#6143,#6144)),.UNSPECIFIED.,.F.,
 .F.,.F.,(4,2,2,2,2,2,2,2,2,2,2,2,2,4),(4,4),(0.,0.0625,0.125,0.1875,0.25,
0.375,0.5,0.5625,0.625,0.75,0.8125,0.875,0.9375,1.),(0.509474929386568,
1.),.UNSPECIFIED.);
#293=B_SPLINE_SURFACE_WITH_KNOTS('',3,3,((#6182,#6183,#6184,#6185,#6186),
(#6187,#6188,#6189,#6190,#6191),(#6192,#6193,#6194,#6195,#6196),(#6197,
#6198,#6199,#6200,#6201),(#6202,#6203,#6204,#6205,#6206),(#6207,#6208,#6209,
#6210,#6211),(#6212,#6213,#6214,#6215,#6216),(#6217,#6218,#6219,#6220,#6221),
(#6222,#6223,#6224,#6225,#6226),(#6227,#6228,#6229,#6230,#6231),(#6232,
#6233,#6234,#6235,#6236),(#6237,#6238,#6239,#6240,#6241),(#6242,#6243,#6244,
#6245,#6246),(#6247,#6248,#6249,#6250,#6251),(#6252,#6253,#6254,#6255,#6256),
(#6257,#6258,#6259,#6260,#6261),(#6262,#6263,#6264,#6265,#6266),(#6267,
#6268,#6269,#6270,#6271),(#6272,#6273,#6274,#6275,#6276),(#6277,#6278,#6279,
#6280,#6281),(#6282,#6283,#6284,#6285,#6286),(#6287,#6288,#6289,#6290,#6291),
(#6292,#6293,#6294,#6295,#6296),(#6297,#6298,#6299,#6300,#6301),(#6302,
#6303,#6304,#6305,#6306),(#6307,#6308,#6309,#6310,#6311),(#6312,#6313,#6314,
#6315,#6316),(#6317,#6318,#6319,#6320,#6321)),.UNSPECIFIED.,.F.,.F.,.F.,
(4,2,2,2,2,2,2,2,2,2,2,2,2,4),(4,1,4),(0.,0.0625,0.125,0.1875,0.25,0.375,
0.4375,0.5,0.625,0.75,0.8125,0.875,0.9375,1.),(0.506352509984259,0.509474929386568,
1.),.UNSPECIFIED.);
#294=B_SPLINE_SURFACE_WITH_KNOTS('',3,3,((#6369,#6370,#6371,#6372),(#6373,
#6374,#6375,#6376),(#6377,#6378,#6379,#6380),(#6381,#6382,#6383,#6384)),
 .UNSPECIFIED.,.F.,.F.,.F.,(4,4),(4,4),(-0.00600709675487018,1.),(0.506352509984259,
1.),.UNSPECIFIED.);
#295=B_SPLINE_SURFACE_WITH_KNOTS('',3,3,((#6385,#6386,#6387,#6388,#6389),
(#6390,#6391,#6392,#6393,#6394),(#6395,#6396,#6397,#6398,#6399),(#6400,
#6401,#6402,#6403,#6404)),.SURF_OF_LINEAR_EXTRUSION.,.F.,.F.,.F.,(4,4),
(4,1,4),(0.,0.000221187177382286),(0.497528449846423,0.497728104754356,
0.500994152650924),.UNSPECIFIED.);
#296=B_SPLINE_SURFACE_WITH_KNOTS('',3,3,((#6405,#6406,#6407,#6408,#6409),
(#6410,#6411,#6412,#6413,#6414),(#6415,#6416,#6417,#6418,#6419),(#6420,
#6421,#6422,#6423,#6424)),.SURF_OF_LINEAR_EXTRUSION.,.F.,.F.,.F.,(4,4),
(4,1,4),(0.999778812774025,1.),(0.497586233692502,0.497728104754356,0.500993808082381),
 .UNSPECIFIED.);
#297=B_SPLINE_SURFACE_WITH_KNOTS('',3,3,((#6430,#6431,#6432,#6433,#6434),
(#6435,#6436,#6437,#6438,#6439),(#6440,#6441,#6442,#6443,#6444),(#6445,
#6446,#6447,#6448,#6449),(#6450,#6451,#6452,#6453,#6454),(#6455,#6456,#6457,
#6458,#6459),(#6460,#6461,#6462,#6463,#6464),(#6465,#6466,#6467,#6468,#6469),
(#6470,#6471,#6472,#6473,#6474),(#6475,#6476,#6477,#6478,#6479)),
 .UNSPECIFIED.,.F.,.F.,.F.,(4,2,2,2,4),(4,1,4),(0.,0.0625,0.125,0.1875,
0.1878912657368),(0.497586233228623,0.497728104754356,0.500993885859411),
 .UNSPECIFIED.);
#298=B_SPLINE_SURFACE_WITH_KNOTS('',3,3,((#6489,#6490,#6491,#6492,#6493),
(#6494,#6495,#6496,#6497,#6498),(#6499,#6500,#6501,#6502,#6503),(#6504,
#6505,#6506,#6507,#6508)),.SURF_OF_LINEAR_EXTRUSION.,.F.,.F.,.F.,(4,4),
(4,1,4),(0.,1.),(0.255395662434829,0.509474929386568,0.51086853716458),
 .UNSPECIFIED.);
#299=B_SPLINE_SURFACE_WITH_KNOTS('',3,1,((#6519,#6520),(#6521,#6522),(#6523,
#6524),(#6525,#6526),(#6527,#6528)),.SURF_OF_LINEAR_EXTRUSION.,.F.,.F.,
 .F.,(4,1,4),(2,2),(0.000268469693425551,0.500390269679914,1.0005120696664),
(0.,1.),.UNSPECIFIED.);
#300=B_SPLINE_SURFACE_WITH_KNOTS('',3,3,((#6534,#6535,#6536,#6537,#6538),
(#6539,#6540,#6541,#6542,#6543),(#6544,#6545,#6546,#6547,#6548),(#6549,
#6550,#6551,#6552,#6553)),.SURF_OF_LINEAR_EXTRUSION.,.F.,.F.,.F.,(4,4),
(4,1,4),(0.,1.),(0.255396009965491,0.509474929386568,0.51081104801402),
 .UNSPECIFIED.);
#301=B_SPLINE_SURFACE_WITH_KNOTS('',3,1,((#6554,#6555),(#6556,#6557),(#6558,
#6559),(#6560,#6561),(#6562,#6563),(#6564,#6565)),
 .SURF_OF_LINEAR_EXTRUSION.,.F.,.F.,.F.,(4,1,1,4),(2,2),(-0.00595885509353745,
0.245301242625512,0.496561340344562,0.999081535782661),(0.,1.),
 .UNSPECIFIED.);
#302=B_SPLINE_SURFACE_WITH_KNOTS('',3,1,((#6572,#6573),(#6574,#6575),(#6576,
#6577),(#6578,#6579),(#6580,#6581),(#6582,#6583)),
 .SURF_OF_LINEAR_EXTRUSION.,.F.,.F.,.F.,(4,1,1,4),(2,2),(0.000871906404041651,
0.503415699766511,0.754687596447745,1.00595949312898),(0.,1.),
 .UNSPECIFIED.);
#303=LINE('',#3255,#440);
#304=LINE('',#3258,#441);
#305=LINE('',#3260,#442);
#306=LINE('',#3262,#443);
#307=LINE('',#3266,#444);
#308=LINE('',#3269,#445);
#309=LINE('',#3271,#446);
#310=LINE('',#3273,#447);
#311=LINE('',#3275,#448);
#312=LINE('',#3278,#449);
#313=LINE('',#3280,#450);
#314=LINE('',#3281,#451);
#315=LINE('',#3283,#452);
#316=LINE('',#3285,#453);
#317=LINE('',#3287,#454);
#318=LINE('',#3289,#455);
#319=LINE('',#3291,#456);
#320=LINE('',#3293,#457);
#321=LINE('',#3294,#458);
#322=LINE('',#3296,#459);
#323=LINE('',#3298,#460);
#324=LINE('',#3300,#461);
#325=LINE('',#3302,#462);
#326=LINE('',#3304,#463);
#327=LINE('',#3306,#464);
#328=LINE('',#3308,#465);
#329=LINE('',#3310,#466);
#330=LINE('',#3313,#467);
#331=LINE('',#3315,#468);
#332=LINE('',#3317,#469);
#333=LINE('',#3319,#470);
#334=LINE('',#3322,#471);
#335=LINE('',#3324,#472);
#336=LINE('',#3326,#473);
#337=LINE('',#3338,#474);
#338=LINE('',#3341,#475);
#339=LINE('',#3343,#476);
#340=LINE('',#3345,#477);
#341=LINE('',#3347,#478);
#342=LINE('',#3357,#479);
#343=LINE('',#3360,#480);
#344=LINE('',#3362,#481);
#345=LINE('',#3364,#482);
#346=LINE('',#3366,#483);
#347=LINE('',#3383,#484);
#348=LINE('',#3386,#485);
#349=LINE('',#3394,#486);
#350=LINE('',#3540,#487);
#351=LINE('',#3549,#488);
#352=LINE('',#3550,#489);
#353=LINE('',#3567,#490);
#354=LINE('',#3672,#491);
#355=LINE('',#4169,#492);
#356=LINE('',#4172,#493);
#357=LINE('',#4174,#494);
#358=LINE('',#4176,#495);
#359=LINE('',#4177,#496);
#360=LINE('',#4179,#497);
#361=LINE('',#4181,#498);
#362=LINE('',#4183,#499);
#363=LINE('',#4185,#500);
#364=LINE('',#4186,#501);
#365=LINE('',#4457,#502);
#366=LINE('',#4601,#503);
#367=LINE('',#4790,#504);
#368=LINE('',#4881,#505);
#369=LINE('',#4890,#506);
#370=LINE('',#4891,#507);
#371=LINE('',#5340,#508);
#372=LINE('',#5427,#509);
#373=LINE('',#5600,#510);
#374=LINE('',#5602,#511);
#375=LINE('',#5604,#512);
#376=LINE('',#5607,#513);
#377=LINE('',#5608,#514);
#378=LINE('',#5610,#515);
#379=LINE('',#5612,#516);
#380=LINE('',#5613,#517);
#381=LINE('',#5615,#518);
#382=LINE('',#5617,#519);
#383=LINE('',#5618,#520);
#384=LINE('',#5619,#521);
#385=LINE('',#5621,#522);
#386=LINE('',#5627,#523);
#387=LINE('',#5629,#524);
#388=LINE('',#5635,#525);
#389=LINE('',#5637,#526);
#390=LINE('',#5639,#527);
#391=LINE('',#5640,#528);
#392=LINE('',#5646,#529);
#393=LINE('',#5648,#530);
#394=LINE('',#5652,#531);
#395=LINE('',#5653,#532);
#396=LINE('',#5683,#533);
#397=LINE('',#5685,#534);
#398=LINE('',#5687,#535);
#399=LINE('',#5690,#536);
#400=LINE('',#5691,#537);
#401=LINE('',#5693,#538);
#402=LINE('',#5695,#539);
#403=LINE('',#6611,#540);
#404=LINE('',#6612,#541);
#405=LINE('',#6614,#542);
#406=LINE('',#6615,#543);
#407=LINE('',#6617,#544);
#408=LINE('',#6618,#545);
#409=LINE('',#6620,#546);
#410=LINE('',#6623,#547);
#411=LINE('',#6625,#548);
#412=LINE('',#6627,#549);
#413=LINE('',#6628,#550);
#414=LINE('',#6629,#551);
#415=LINE('',#6630,#552);
#416=LINE('',#6631,#553);
#417=LINE('',#6632,#554);
#418=LINE('',#6633,#555);
#419=LINE('',#6634,#556);
#420=LINE('',#6635,#557);
#421=LINE('',#6637,#558);
#422=LINE('',#6638,#559);
#423=LINE('',#6640,#560);
#424=LINE('',#6642,#561);
#425=LINE('',#6645,#562);
#426=LINE('',#6647,#563);
#427=LINE('',#6649,#564);
#428=LINE('',#6650,#565);
#429=LINE('',#6652,#566);
#430=LINE('',#6654,#567);
#431=LINE('',#6656,#568);
#432=LINE('',#6658,#569);
#433=LINE('',#6660,#570);
#434=LINE('',#6662,#571);
#435=LINE('',#6663,#572);
#436=LINE('',#6665,#573);
#437=LINE('',#6667,#574);
#438=LINE('',#6669,#575);
#439=LINE('',#6693,#576);
#440=VECTOR('',#2850,1.);
#441=VECTOR('',#2851,1.);
#442=VECTOR('',#2852,1.);
#443=VECTOR('',#2853,1.);
#444=VECTOR('',#2858,1.);
#445=VECTOR('',#2859,1.);
#446=VECTOR('',#2860,1.);
#447=VECTOR('',#2861,1.);
#448=VECTOR('',#2864,1.);
#449=VECTOR('',#2865,1.);
#450=VECTOR('',#2866,1.);
#451=VECTOR('',#2867,1.);
#452=VECTOR('',#2868,1.);
#453=VECTOR('',#2869,1.);
#454=VECTOR('',#2870,1.);
#455=VECTOR('',#2871,1.);
#456=VECTOR('',#2872,1.);
#457=VECTOR('',#2873,1.);
#458=VECTOR('',#2874,1.);
#459=VECTOR('',#2875,1.);
#460=VECTOR('',#2876,1.);
#461=VECTOR('',#2877,1.);
#462=VECTOR('',#2878,1.);
#463=VECTOR('',#2879,1.);
#464=VECTOR('',#2880,1.);
#465=VECTOR('',#2881,1.);
#466=VECTOR('',#2884,1.);
#467=VECTOR('',#2885,1.);
#468=VECTOR('',#2886,1.);
#469=VECTOR('',#2887,1.);
#470=VECTOR('',#2890,1.);
#471=VECTOR('',#2891,1.);
#472=VECTOR('',#2892,1.);
#473=VECTOR('',#2893,1.);
#474=VECTOR('',#2906,1.);
#475=VECTOR('',#2907,1.);
#476=VECTOR('',#2908,1.);
#477=VECTOR('',#2909,1.);
#478=VECTOR('',#2910,1.);
#479=VECTOR('',#2921,1.);
#480=VECTOR('',#2922,1.);
#481=VECTOR('',#2923,1.);
#482=VECTOR('',#2924,1.);
#483=VECTOR('',#2925,1.);
#484=VECTOR('',#2926,1.);
#485=VECTOR('',#2927,1.);
#486=VECTOR('',#2928,1.);
#487=VECTOR('',#2929,1.);
#488=VECTOR('',#2930,1.);
#489=VECTOR('',#2931,1.);
#490=VECTOR('',#2932,1.);
#491=VECTOR('',#2933,1.);
#492=VECTOR('',#2936,1.);
#493=VECTOR('',#2937,1.);
#494=VECTOR('',#2938,1.);
#495=VECTOR('',#2939,1.);
#496=VECTOR('',#2940,1.);
#497=VECTOR('',#2941,1.);
#498=VECTOR('',#2942,1.);
#499=VECTOR('',#2945,1.);
#500=VECTOR('',#2946,1.);
#501=VECTOR('',#2947,1.);
#502=VECTOR('',#2948,1.);
#503=VECTOR('',#2949,1.);
#504=VECTOR('',#2950,1.);
#505=VECTOR('',#2951,1.);
#506=VECTOR('',#2958,1.);
#507=VECTOR('',#2959,1.);
#508=VECTOR('',#2960,1.);
#509=VECTOR('',#2961,1.);
#510=VECTOR('',#2964,1.);
#511=VECTOR('',#2965,1.);
#512=VECTOR('',#2968,1.);
#513=VECTOR('',#2969,1.);
#514=VECTOR('',#2970,1.);
#515=VECTOR('',#2971,1.);
#516=VECTOR('',#2972,1.);
#517=VECTOR('',#2973,1.);
#518=VECTOR('',#2976,1.);
#519=VECTOR('',#2977,1.);
#520=VECTOR('',#2978,1.);
#521=VECTOR('',#2979,1.);
#522=VECTOR('',#2980,1.);
#523=VECTOR('',#2987,1.);
#524=VECTOR('',#2988,1.);
#525=VECTOR('',#2995,1.);
#526=VECTOR('',#2996,1.);
#527=VECTOR('',#2997,1.);
#528=VECTOR('',#2998,1.);
#529=VECTOR('',#3005,1.);
#530=VECTOR('',#3008,1.);
#531=VECTOR('',#3015,1.);
#532=VECTOR('',#3016,1.);
#533=VECTOR('',#3059,1.);
#534=VECTOR('',#3060,1.);
#535=VECTOR('',#3063,1.);
#536=VECTOR('',#3064,1.);
#537=VECTOR('',#3065,1.);
#538=VECTOR('',#3068,1.);
#539=VECTOR('',#3071,1.);
#540=VECTOR('',#3076,1.);
#541=VECTOR('',#3077,1.);
#542=VECTOR('',#3080,1.);
#543=VECTOR('',#3081,1.);
#544=VECTOR('',#3084,1.);
#545=VECTOR('',#3085,1.);
#546=VECTOR('',#3088,1.);
#547=VECTOR('',#3089,1.);
#548=VECTOR('',#3090,1.);
#549=VECTOR('',#3091,1.);
#550=VECTOR('',#3092,1.);
#551=VECTOR('',#3093,1.);
#552=VECTOR('',#3094,1.);
#553=VECTOR('',#3095,1.);
#554=VECTOR('',#3096,1.);
#555=VECTOR('',#3097,1.);
#556=VECTOR('',#3098,1.);
#557=VECTOR('',#3099,1.);
#558=VECTOR('',#3102,1.);
#559=VECTOR('',#3103,1.);
#560=VECTOR('',#3106,1.);
#561=VECTOR('',#3109,1.);
#562=VECTOR('',#3114,1.);
#563=VECTOR('',#3115,1.);
#564=VECTOR('',#3116,1.);
#565=VECTOR('',#3117,1.);
#566=VECTOR('',#3120,1.);
#567=VECTOR('',#3121,1.);
#568=VECTOR('',#3124,1.);
#569=VECTOR('',#3125,1.);
#570=VECTOR('',#3128,1.);
#571=VECTOR('',#3129,1.);
#572=VECTOR('',#3130,1.);
#573=VECTOR('',#3133,1.);
#574=VECTOR('',#3134,1.);
#575=VECTOR('',#3137,1.);
#576=VECTOR('',#3168,1.);
#577=ORIENTED_EDGE('',*,*,#1367,.F.);
#578=ORIENTED_EDGE('',*,*,#1368,.F.);
#579=ORIENTED_EDGE('',*,*,#1369,.T.);
#580=ORIENTED_EDGE('',*,*,#1370,.T.);
#581=ORIENTED_EDGE('',*,*,#1371,.F.);
#582=ORIENTED_EDGE('',*,*,#1372,.F.);
#583=ORIENTED_EDGE('',*,*,#1373,.F.);
#584=ORIENTED_EDGE('',*,*,#1374,.T.);
#585=ORIENTED_EDGE('',*,*,#1375,.T.);
#586=ORIENTED_EDGE('',*,*,#1376,.F.);
#587=ORIENTED_EDGE('',*,*,#1377,.F.);
#588=ORIENTED_EDGE('',*,*,#1378,.F.);
#589=ORIENTED_EDGE('',*,*,#1379,.T.);
#590=ORIENTED_EDGE('',*,*,#1373,.T.);
#591=ORIENTED_EDGE('',*,*,#1380,.F.);
#592=ORIENTED_EDGE('',*,*,#1381,.F.);
#593=ORIENTED_EDGE('',*,*,#1382,.F.);
#594=ORIENTED_EDGE('',*,*,#1383,.T.);
#595=ORIENTED_EDGE('',*,*,#1384,.T.);
#596=ORIENTED_EDGE('',*,*,#1385,.F.);
#597=ORIENTED_EDGE('',*,*,#1386,.F.);
#598=ORIENTED_EDGE('',*,*,#1368,.T.);
#599=ORIENTED_EDGE('',*,*,#1387,.F.);
#600=ORIENTED_EDGE('',*,*,#1388,.F.);
#601=ORIENTED_EDGE('',*,*,#1389,.T.);
#602=ORIENTED_EDGE('',*,*,#1390,.T.);
#603=ORIENTED_EDGE('',*,*,#1391,.T.);
#604=ORIENTED_EDGE('',*,*,#1392,.F.);
#605=ORIENTED_EDGE('',*,*,#1393,.T.);
#606=ORIENTED_EDGE('',*,*,#1394,.T.);
#607=ORIENTED_EDGE('',*,*,#1395,.F.);
#608=ORIENTED_EDGE('',*,*,#1396,.F.);
#609=ORIENTED_EDGE('',*,*,#1397,.F.);
#610=ORIENTED_EDGE('',*,*,#1398,.T.);
#611=ORIENTED_EDGE('',*,*,#1399,.F.);
#612=ORIENTED_EDGE('',*,*,#1400,.F.);
#613=ORIENTED_EDGE('',*,*,#1401,.F.);
#614=ORIENTED_EDGE('',*,*,#1402,.T.);
#615=ORIENTED_EDGE('',*,*,#1403,.F.);
#616=ORIENTED_EDGE('',*,*,#1404,.F.);
#617=ORIENTED_EDGE('',*,*,#1405,.F.);
#618=ORIENTED_EDGE('',*,*,#1406,.F.);
#619=ORIENTED_EDGE('',*,*,#1407,.T.);
#620=ORIENTED_EDGE('',*,*,#1408,.T.);
#621=ORIENTED_EDGE('',*,*,#1409,.F.);
#622=ORIENTED_EDGE('',*,*,#1410,.F.);
#623=ORIENTED_EDGE('',*,*,#1411,.F.);
#624=ORIENTED_EDGE('',*,*,#1412,.F.);
#625=ORIENTED_EDGE('',*,*,#1413,.F.);
#626=ORIENTED_EDGE('',*,*,#1414,.F.);
#627=ORIENTED_EDGE('',*,*,#1415,.F.);
#628=ORIENTED_EDGE('',*,*,#1416,.F.);
#629=ORIENTED_EDGE('',*,*,#1417,.F.);
#630=ORIENTED_EDGE('',*,*,#1418,.T.);
#631=ORIENTED_EDGE('',*,*,#1419,.F.);
#632=ORIENTED_EDGE('',*,*,#1420,.F.);
#633=ORIENTED_EDGE('',*,*,#1421,.F.);
#634=ORIENTED_EDGE('',*,*,#1422,.T.);
#635=ORIENTED_EDGE('',*,*,#1423,.T.);
#636=ORIENTED_EDGE('',*,*,#1424,.T.);
#637=ORIENTED_EDGE('',*,*,#1425,.F.);
#638=ORIENTED_EDGE('',*,*,#1426,.F.);
#639=ORIENTED_EDGE('',*,*,#1424,.F.);
#640=ORIENTED_EDGE('',*,*,#1427,.T.);
#641=ORIENTED_EDGE('',*,*,#1428,.T.);
#642=ORIENTED_EDGE('',*,*,#1429,.T.);
#643=ORIENTED_EDGE('',*,*,#1430,.T.);
#644=ORIENTED_EDGE('',*,*,#1431,.T.);
#645=ORIENTED_EDGE('',*,*,#1432,.T.);
#646=ORIENTED_EDGE('',*,*,#1433,.F.);
#647=ORIENTED_EDGE('',*,*,#1434,.F.);
#648=ORIENTED_EDGE('',*,*,#1435,.T.);
#649=ORIENTED_EDGE('',*,*,#1436,.T.);
#650=ORIENTED_EDGE('',*,*,#1437,.F.);
#651=ORIENTED_EDGE('',*,*,#1438,.F.);
#652=ORIENTED_EDGE('',*,*,#1439,.T.);
#653=ORIENTED_EDGE('',*,*,#1440,.T.);
#654=ORIENTED_EDGE('',*,*,#1441,.T.);
#655=ORIENTED_EDGE('',*,*,#1442,.T.);
#656=ORIENTED_EDGE('',*,*,#1443,.T.);
#657=ORIENTED_EDGE('',*,*,#1444,.F.);
#658=ORIENTED_EDGE('',*,*,#1436,.F.);
#659=ORIENTED_EDGE('',*,*,#1445,.T.);
#660=ORIENTED_EDGE('',*,*,#1446,.T.);
#661=ORIENTED_EDGE('',*,*,#1447,.T.);
#662=ORIENTED_EDGE('',*,*,#1448,.T.);
#663=ORIENTED_EDGE('',*,*,#1449,.F.);
#664=ORIENTED_EDGE('',*,*,#1450,.F.);
#665=ORIENTED_EDGE('',*,*,#1451,.T.);
#666=ORIENTED_EDGE('',*,*,#1452,.F.);
#667=ORIENTED_EDGE('',*,*,#1453,.T.);
#668=ORIENTED_EDGE('',*,*,#1454,.T.);
#669=ORIENTED_EDGE('',*,*,#1455,.T.);
#670=ORIENTED_EDGE('',*,*,#1449,.T.);
#671=ORIENTED_EDGE('',*,*,#1456,.T.);
#672=ORIENTED_EDGE('',*,*,#1457,.F.);
#673=ORIENTED_EDGE('',*,*,#1458,.T.);
#674=ORIENTED_EDGE('',*,*,#1450,.T.);
#675=ORIENTED_EDGE('',*,*,#1459,.T.);
#676=ORIENTED_EDGE('',*,*,#1460,.F.);
#677=ORIENTED_EDGE('',*,*,#1461,.F.);
#678=ORIENTED_EDGE('',*,*,#1462,.F.);
#679=ORIENTED_EDGE('',*,*,#1463,.T.);
#680=ORIENTED_EDGE('',*,*,#1464,.F.);
#681=ORIENTED_EDGE('',*,*,#1465,.F.);
#682=ORIENTED_EDGE('',*,*,#1466,.F.);
#683=ORIENTED_EDGE('',*,*,#1467,.T.);
#684=ORIENTED_EDGE('',*,*,#1468,.F.);
#685=ORIENTED_EDGE('',*,*,#1469,.F.);
#686=ORIENTED_EDGE('',*,*,#1470,.T.);
#687=ORIENTED_EDGE('',*,*,#1471,.T.);
#688=ORIENTED_EDGE('',*,*,#1472,.F.);
#689=ORIENTED_EDGE('',*,*,#1473,.T.);
#690=ORIENTED_EDGE('',*,*,#1474,.F.);
#691=ORIENTED_EDGE('',*,*,#1475,.T.);
#692=ORIENTED_EDGE('',*,*,#1476,.T.);
#693=ORIENTED_EDGE('',*,*,#1477,.F.);
#694=ORIENTED_EDGE('',*,*,#1478,.F.);
#695=ORIENTED_EDGE('',*,*,#1479,.T.);
#696=ORIENTED_EDGE('',*,*,#1462,.T.);
#697=ORIENTED_EDGE('',*,*,#1480,.T.);
#698=ORIENTED_EDGE('',*,*,#1481,.F.);
#699=ORIENTED_EDGE('',*,*,#1482,.T.);
#700=ORIENTED_EDGE('',*,*,#1483,.F.);
#701=ORIENTED_EDGE('',*,*,#1484,.F.);
#702=ORIENTED_EDGE('',*,*,#1483,.T.);
#703=ORIENTED_EDGE('',*,*,#1485,.T.);
#704=ORIENTED_EDGE('',*,*,#1470,.F.);
#705=ORIENTED_EDGE('',*,*,#1486,.F.);
#706=ORIENTED_EDGE('',*,*,#1476,.F.);
#707=ORIENTED_EDGE('',*,*,#1487,.T.);
#708=ORIENTED_EDGE('',*,*,#1431,.F.);
#709=ORIENTED_EDGE('',*,*,#1488,.T.);
#710=ORIENTED_EDGE('',*,*,#1489,.T.);
#711=ORIENTED_EDGE('',*,*,#1490,.F.);
#712=ORIENTED_EDGE('',*,*,#1491,.T.);
#713=ORIENTED_EDGE('',*,*,#1492,.F.);
#714=ORIENTED_EDGE('',*,*,#1493,.T.);
#715=ORIENTED_EDGE('',*,*,#1464,.T.);
#716=ORIENTED_EDGE('',*,*,#1494,.T.);
#717=ORIENTED_EDGE('',*,*,#1495,.T.);
#718=ORIENTED_EDGE('',*,*,#1496,.F.);
#719=ORIENTED_EDGE('',*,*,#1492,.T.);
#720=ORIENTED_EDGE('',*,*,#1497,.T.);
#721=ORIENTED_EDGE('',*,*,#1466,.T.);
#722=ORIENTED_EDGE('',*,*,#1498,.T.);
#723=ORIENTED_EDGE('',*,*,#1499,.T.);
#724=ORIENTED_EDGE('',*,*,#1500,.F.);
#725=ORIENTED_EDGE('',*,*,#1501,.F.);
#726=ORIENTED_EDGE('',*,*,#1502,.F.);
#727=ORIENTED_EDGE('',*,*,#1393,.F.);
#728=ORIENTED_EDGE('',*,*,#1503,.T.);
#729=ORIENTED_EDGE('',*,*,#1504,.T.);
#730=ORIENTED_EDGE('',*,*,#1505,.F.);
#731=ORIENTED_EDGE('',*,*,#1506,.F.);
#732=ORIENTED_EDGE('',*,*,#1507,.T.);
#733=ORIENTED_EDGE('',*,*,#1500,.T.);
#734=ORIENTED_EDGE('',*,*,#1508,.T.);
#735=ORIENTED_EDGE('',*,*,#1509,.F.);
#736=ORIENTED_EDGE('',*,*,#1510,.F.);
#737=ORIENTED_EDGE('',*,*,#1511,.T.);
#738=ORIENTED_EDGE('',*,*,#1512,.F.);
#739=ORIENTED_EDGE('',*,*,#1513,.T.);
#740=ORIENTED_EDGE('',*,*,#1514,.F.);
#741=ORIENTED_EDGE('',*,*,#1515,.F.);
#742=ORIENTED_EDGE('',*,*,#1516,.F.);
#743=ORIENTED_EDGE('',*,*,#1517,.F.);
#744=ORIENTED_EDGE('',*,*,#1518,.F.);
#745=ORIENTED_EDGE('',*,*,#1519,.F.);
#746=ORIENTED_EDGE('',*,*,#1397,.T.);
#747=ORIENTED_EDGE('',*,*,#1520,.F.);
#748=ORIENTED_EDGE('',*,*,#1521,.F.);
#749=ORIENTED_EDGE('',*,*,#1459,.F.);
#750=ORIENTED_EDGE('',*,*,#1453,.F.);
#751=ORIENTED_EDGE('',*,*,#1522,.F.);
#752=ORIENTED_EDGE('',*,*,#1523,.F.);
#753=ORIENTED_EDGE('',*,*,#1524,.T.);
#754=ORIENTED_EDGE('',*,*,#1456,.F.);
#755=ORIENTED_EDGE('',*,*,#1448,.F.);
#756=ORIENTED_EDGE('',*,*,#1525,.F.);
#757=ORIENTED_EDGE('',*,*,#1526,.T.);
#758=ORIENTED_EDGE('',*,*,#1527,.F.);
#759=ORIENTED_EDGE('',*,*,#1528,.F.);
#760=ORIENTED_EDGE('',*,*,#1469,.T.);
#761=ORIENTED_EDGE('',*,*,#1529,.F.);
#762=ORIENTED_EDGE('',*,*,#1511,.F.);
#763=ORIENTED_EDGE('',*,*,#1530,.F.);
#764=ORIENTED_EDGE('',*,*,#1531,.T.);
#765=ORIENTED_EDGE('',*,*,#1532,.F.);
#766=ORIENTED_EDGE('',*,*,#1533,.F.);
#767=ORIENTED_EDGE('',*,*,#1534,.F.);
#768=ORIENTED_EDGE('',*,*,#1535,.F.);
#769=ORIENTED_EDGE('',*,*,#1536,.F.);
#770=ORIENTED_EDGE('',*,*,#1537,.F.);
#771=ORIENTED_EDGE('',*,*,#1538,.F.);
#772=ORIENTED_EDGE('',*,*,#1539,.F.);
#773=ORIENTED_EDGE('',*,*,#1540,.F.);
#774=ORIENTED_EDGE('',*,*,#1517,.T.);
#775=ORIENTED_EDGE('',*,*,#1541,.F.);
#776=ORIENTED_EDGE('',*,*,#1531,.F.);
#777=ORIENTED_EDGE('',*,*,#1542,.F.);
#778=ORIENTED_EDGE('',*,*,#1543,.T.);
#779=ORIENTED_EDGE('',*,*,#1544,.F.);
#780=ORIENTED_EDGE('',*,*,#1545,.F.);
#781=ORIENTED_EDGE('',*,*,#1546,.F.);
#782=ORIENTED_EDGE('',*,*,#1547,.F.);
#783=ORIENTED_EDGE('',*,*,#1548,.T.);
#784=ORIENTED_EDGE('',*,*,#1549,.T.);
#785=ORIENTED_EDGE('',*,*,#1550,.F.);
#786=ORIENTED_EDGE('',*,*,#1544,.T.);
#787=ORIENTED_EDGE('',*,*,#1551,.T.);
#788=ORIENTED_EDGE('',*,*,#1548,.F.);
#789=ORIENTED_EDGE('',*,*,#1552,.F.);
#790=ORIENTED_EDGE('',*,*,#1553,.F.);
#791=ORIENTED_EDGE('',*,*,#1554,.F.);
#792=ORIENTED_EDGE('',*,*,#1538,.T.);
#793=ORIENTED_EDGE('',*,*,#1555,.F.);
#794=ORIENTED_EDGE('',*,*,#1556,.T.);
#795=ORIENTED_EDGE('',*,*,#1557,.F.);
#796=ORIENTED_EDGE('',*,*,#1480,.F.);
#797=ORIENTED_EDGE('',*,*,#1461,.T.);
#798=ORIENTED_EDGE('',*,*,#1558,.F.);
#799=ORIENTED_EDGE('',*,*,#1399,.T.);
#800=ORIENTED_EDGE('',*,*,#1559,.F.);
#801=ORIENTED_EDGE('',*,*,#1560,.F.);
#802=ORIENTED_EDGE('',*,*,#1561,.T.);
#803=ORIENTED_EDGE('',*,*,#1562,.F.);
#804=ORIENTED_EDGE('',*,*,#1563,.F.);
#805=ORIENTED_EDGE('',*,*,#1564,.F.);
#806=ORIENTED_EDGE('',*,*,#1565,.T.);
#807=ORIENTED_EDGE('',*,*,#1566,.F.);
#808=ORIENTED_EDGE('',*,*,#1556,.F.);
#809=ORIENTED_EDGE('',*,*,#1567,.F.);
#810=ORIENTED_EDGE('',*,*,#1568,.F.);
#811=ORIENTED_EDGE('',*,*,#1539,.T.);
#812=ORIENTED_EDGE('',*,*,#1554,.T.);
#813=ORIENTED_EDGE('',*,*,#1569,.F.);
#814=ORIENTED_EDGE('',*,*,#1561,.F.);
#815=ORIENTED_EDGE('',*,*,#1407,.F.);
#816=ORIENTED_EDGE('',*,*,#1570,.T.);
#817=ORIENTED_EDGE('',*,*,#1418,.F.);
#818=ORIENTED_EDGE('',*,*,#1571,.F.);
#819=ORIENTED_EDGE('',*,*,#1408,.F.);
#820=ORIENTED_EDGE('',*,*,#1572,.T.);
#821=ORIENTED_EDGE('',*,*,#1573,.F.);
#822=ORIENTED_EDGE('',*,*,#1574,.T.);
#823=ORIENTED_EDGE('',*,*,#1575,.F.);
#824=ORIENTED_EDGE('',*,*,#1576,.F.);
#825=ORIENTED_EDGE('',*,*,#1577,.F.);
#826=ORIENTED_EDGE('',*,*,#1578,.F.);
#827=ORIENTED_EDGE('',*,*,#1576,.T.);
#828=ORIENTED_EDGE('',*,*,#1579,.F.);
#829=ORIENTED_EDGE('',*,*,#1580,.F.);
#830=ORIENTED_EDGE('',*,*,#1484,.T.);
#831=ORIENTED_EDGE('',*,*,#1489,.F.);
#832=ORIENTED_EDGE('',*,*,#1581,.F.);
#833=ORIENTED_EDGE('',*,*,#1582,.F.);
#834=ORIENTED_EDGE('',*,*,#1583,.T.);
#835=ORIENTED_EDGE('',*,*,#1584,.T.);
#836=ORIENTED_EDGE('',*,*,#1585,.F.);
#837=ORIENTED_EDGE('',*,*,#1581,.T.);
#838=ORIENTED_EDGE('',*,*,#1508,.F.);
#839=ORIENTED_EDGE('',*,*,#1574,.F.);
#840=ORIENTED_EDGE('',*,*,#1586,.F.);
#841=ORIENTED_EDGE('',*,*,#1440,.F.);
#842=ORIENTED_EDGE('',*,*,#1587,.T.);
#843=ORIENTED_EDGE('',*,*,#1499,.F.);
#844=ORIENTED_EDGE('',*,*,#1588,.F.);
#845=ORIENTED_EDGE('',*,*,#1589,.F.);
#846=ORIENTED_EDGE('',*,*,#1441,.F.);
#847=ORIENTED_EDGE('',*,*,#1588,.T.);
#848=ORIENTED_EDGE('',*,*,#1590,.F.);
#849=ORIENTED_EDGE('',*,*,#1591,.F.);
#850=ORIENTED_EDGE('',*,*,#1429,.F.);
#851=ORIENTED_EDGE('',*,*,#1592,.T.);
#852=ORIENTED_EDGE('',*,*,#1593,.F.);
#853=ORIENTED_EDGE('',*,*,#1594,.F.);
#854=ORIENTED_EDGE('',*,*,#1595,.F.);
#855=ORIENTED_EDGE('',*,*,#1596,.T.);
#856=ORIENTED_EDGE('',*,*,#1597,.T.);
#857=ORIENTED_EDGE('',*,*,#1598,.F.);
#858=ORIENTED_EDGE('',*,*,#1599,.F.);
#859=ORIENTED_EDGE('',*,*,#1600,.F.);
#860=ORIENTED_EDGE('',*,*,#1601,.F.);
#861=ORIENTED_EDGE('',*,*,#1430,.F.);
#862=ORIENTED_EDGE('',*,*,#1591,.T.);
#863=ORIENTED_EDGE('',*,*,#1602,.F.);
#864=ORIENTED_EDGE('',*,*,#1488,.F.);
#865=ORIENTED_EDGE('',*,*,#1603,.F.);
#866=ORIENTED_EDGE('',*,*,#1579,.T.);
#867=ORIENTED_EDGE('',*,*,#1575,.T.);
#868=ORIENTED_EDGE('',*,*,#1587,.F.);
#869=ORIENTED_EDGE('',*,*,#1439,.F.);
#870=ORIENTED_EDGE('',*,*,#1604,.F.);
#871=ORIENTED_EDGE('',*,*,#1549,.F.);
#872=ORIENTED_EDGE('',*,*,#1551,.F.);
#873=ORIENTED_EDGE('',*,*,#1543,.F.);
#874=ORIENTED_EDGE('',*,*,#1605,.F.);
#875=ORIENTED_EDGE('',*,*,#1606,.F.);
#876=ORIENTED_EDGE('',*,*,#1607,.F.);
#877=ORIENTED_EDGE('',*,*,#1443,.F.);
#878=ORIENTED_EDGE('',*,*,#1608,.F.);
#879=ORIENTED_EDGE('',*,*,#1401,.T.);
#880=ORIENTED_EDGE('',*,*,#1609,.T.);
#881=ORIENTED_EDGE('',*,*,#1426,.T.);
#882=ORIENTED_EDGE('',*,*,#1610,.F.);
#883=ORIENTED_EDGE('',*,*,#1495,.F.);
#884=ORIENTED_EDGE('',*,*,#1611,.T.);
#885=ORIENTED_EDGE('',*,*,#1478,.T.);
#886=ORIENTED_EDGE('',*,*,#1557,.T.);
#887=ORIENTED_EDGE('',*,*,#1566,.T.);
#888=ORIENTED_EDGE('',*,*,#1612,.T.);
#889=ORIENTED_EDGE('',*,*,#1613,.F.);
#890=ORIENTED_EDGE('',*,*,#1614,.F.);
#891=ORIENTED_EDGE('',*,*,#1562,.T.);
#892=ORIENTED_EDGE('',*,*,#1569,.T.);
#893=ORIENTED_EDGE('',*,*,#1553,.T.);
#894=ORIENTED_EDGE('',*,*,#1615,.F.);
#895=ORIENTED_EDGE('',*,*,#1477,.T.);
#896=ORIENTED_EDGE('',*,*,#1486,.T.);
#897=ORIENTED_EDGE('',*,*,#1473,.F.);
#898=ORIENTED_EDGE('',*,*,#1616,.F.);
#899=ORIENTED_EDGE('',*,*,#1590,.T.);
#900=ORIENTED_EDGE('',*,*,#1505,.T.);
#901=ORIENTED_EDGE('',*,*,#1617,.T.);
#902=ORIENTED_EDGE('',*,*,#1618,.F.);
#903=ORIENTED_EDGE('',*,*,#1619,.F.);
#904=ORIENTED_EDGE('',*,*,#1370,.F.);
#905=ORIENTED_EDGE('',*,*,#1620,.T.);
#906=ORIENTED_EDGE('',*,*,#1621,.T.);
#907=ORIENTED_EDGE('',*,*,#1622,.F.);
#908=ORIENTED_EDGE('',*,*,#1375,.F.);
#909=ORIENTED_EDGE('',*,*,#1623,.T.);
#910=ORIENTED_EDGE('',*,*,#1624,.F.);
#911=ORIENTED_EDGE('',*,*,#1381,.T.);
#912=ORIENTED_EDGE('',*,*,#1625,.T.);
#913=ORIENTED_EDGE('',*,*,#1621,.F.);
#914=ORIENTED_EDGE('',*,*,#1626,.F.);
#915=ORIENTED_EDGE('',*,*,#1385,.T.);
#916=ORIENTED_EDGE('',*,*,#1627,.T.);
#917=ORIENTED_EDGE('',*,*,#1628,.F.);
#918=ORIENTED_EDGE('',*,*,#1629,.T.);
#919=ORIENTED_EDGE('',*,*,#1630,.T.);
#920=ORIENTED_EDGE('',*,*,#1392,.T.);
#921=ORIENTED_EDGE('',*,*,#1631,.T.);
#922=ORIENTED_EDGE('',*,*,#1632,.F.);
#923=ORIENTED_EDGE('',*,*,#1503,.F.);
#924=ORIENTED_EDGE('',*,*,#1633,.T.);
#925=ORIENTED_EDGE('',*,*,#1634,.T.);
#926=ORIENTED_EDGE('',*,*,#1635,.F.);
#927=ORIENTED_EDGE('',*,*,#1394,.F.);
#928=ORIENTED_EDGE('',*,*,#1502,.T.);
#929=ORIENTED_EDGE('',*,*,#1636,.F.);
#930=ORIENTED_EDGE('',*,*,#1637,.T.);
#931=ORIENTED_EDGE('',*,*,#1390,.F.);
#932=ORIENTED_EDGE('',*,*,#1638,.T.);
#933=ORIENTED_EDGE('',*,*,#1639,.T.);
#934=ORIENTED_EDGE('',*,*,#1640,.T.);
#935=ORIENTED_EDGE('',*,*,#1641,.T.);
#936=ORIENTED_EDGE('',*,*,#1387,.T.);
#937=ORIENTED_EDGE('',*,*,#1371,.T.);
#938=ORIENTED_EDGE('',*,*,#1619,.T.);
#939=ORIENTED_EDGE('',*,*,#1379,.F.);
#940=ORIENTED_EDGE('',*,*,#1642,.F.);
#941=ORIENTED_EDGE('',*,*,#1623,.F.);
#942=ORIENTED_EDGE('',*,*,#1374,.F.);
#943=ORIENTED_EDGE('',*,*,#1380,.T.);
#944=ORIENTED_EDGE('',*,*,#1376,.T.);
#945=ORIENTED_EDGE('',*,*,#1622,.T.);
#946=ORIENTED_EDGE('',*,*,#1625,.F.);
#947=ORIENTED_EDGE('',*,*,#1386,.T.);
#948=ORIENTED_EDGE('',*,*,#1626,.T.);
#949=ORIENTED_EDGE('',*,*,#1620,.F.);
#950=ORIENTED_EDGE('',*,*,#1369,.F.);
#951=ORIENTED_EDGE('',*,*,#1616,.T.);
#952=ORIENTED_EDGE('',*,*,#1643,.T.);
#953=ORIENTED_EDGE('',*,*,#1631,.F.);
#954=ORIENTED_EDGE('',*,*,#1391,.F.);
#955=ORIENTED_EDGE('',*,*,#1637,.F.);
#956=ORIENTED_EDGE('',*,*,#1644,.T.);
#957=ORIENTED_EDGE('',*,*,#1506,.T.);
#958=ORIENTED_EDGE('',*,*,#1602,.T.);
#959=ORIENTED_EDGE('',*,*,#1645,.F.);
#960=ORIENTED_EDGE('',*,*,#1372,.T.);
#961=ORIENTED_EDGE('',*,*,#1645,.T.);
#962=ORIENTED_EDGE('',*,*,#1646,.F.);
#963=ORIENTED_EDGE('',*,*,#1646,.T.);
#964=ORIENTED_EDGE('',*,*,#1640,.F.);
#965=ORIENTED_EDGE('',*,*,#1647,.F.);
#966=ORIENTED_EDGE('',*,*,#1367,.T.);
#967=ORIENTED_EDGE('',*,*,#1647,.T.);
#968=ORIENTED_EDGE('',*,*,#1648,.F.);
#969=ORIENTED_EDGE('',*,*,#1648,.T.);
#970=ORIENTED_EDGE('',*,*,#1639,.F.);
#971=ORIENTED_EDGE('',*,*,#1630,.F.);
#972=ORIENTED_EDGE('',*,*,#1649,.F.);
#973=ORIENTED_EDGE('',*,*,#1649,.T.);
#974=ORIENTED_EDGE('',*,*,#1650,.F.);
#975=ORIENTED_EDGE('',*,*,#1650,.T.);
#976=ORIENTED_EDGE('',*,*,#1634,.F.);
#977=ORIENTED_EDGE('',*,*,#1629,.F.);
#978=ORIENTED_EDGE('',*,*,#1651,.F.);
#979=ORIENTED_EDGE('',*,*,#1651,.T.);
#980=ORIENTED_EDGE('',*,*,#1652,.F.);
#981=ORIENTED_EDGE('',*,*,#1652,.T.);
#982=ORIENTED_EDGE('',*,*,#1633,.F.);
#983=ORIENTED_EDGE('',*,*,#1653,.F.);
#984=ORIENTED_EDGE('',*,*,#1654,.T.);
#985=ORIENTED_EDGE('',*,*,#1388,.T.);
#986=ORIENTED_EDGE('',*,*,#1641,.F.);
#987=ORIENTED_EDGE('',*,*,#1618,.T.);
#988=ORIENTED_EDGE('',*,*,#1642,.T.);
#989=ORIENTED_EDGE('',*,*,#1378,.T.);
#990=ORIENTED_EDGE('',*,*,#1655,.F.);
#991=ORIENTED_EDGE('',*,*,#1656,.T.);
#992=ORIENTED_EDGE('',*,*,#1383,.F.);
#993=ORIENTED_EDGE('',*,*,#1657,.F.);
#994=ORIENTED_EDGE('',*,*,#1658,.T.);
#995=ORIENTED_EDGE('',*,*,#1627,.F.);
#996=ORIENTED_EDGE('',*,*,#1384,.F.);
#997=ORIENTED_EDGE('',*,*,#1656,.F.);
#998=ORIENTED_EDGE('',*,*,#1655,.T.);
#999=ORIENTED_EDGE('',*,*,#1659,.T.);
#1000=ORIENTED_EDGE('',*,*,#1628,.T.);
#1001=ORIENTED_EDGE('',*,*,#1658,.F.);
#1002=ORIENTED_EDGE('',*,*,#1657,.T.);
#1003=ORIENTED_EDGE('',*,*,#1382,.T.);
#1004=ORIENTED_EDGE('',*,*,#1624,.T.);
#1005=ORIENTED_EDGE('',*,*,#1659,.F.);
#1006=ORIENTED_EDGE('',*,*,#1660,.F.);
#1007=ORIENTED_EDGE('',*,*,#1601,.T.);
#1008=ORIENTED_EDGE('',*,*,#1661,.T.);
#1009=ORIENTED_EDGE('',*,*,#1632,.T.);
#1010=ORIENTED_EDGE('',*,*,#1662,.F.);
#1011=ORIENTED_EDGE('',*,*,#1593,.T.);
#1012=ORIENTED_EDGE('',*,*,#1663,.T.);
#1013=ORIENTED_EDGE('',*,*,#1664,.T.);
#1014=ORIENTED_EDGE('',*,*,#1665,.F.);
#1015=ORIENTED_EDGE('',*,*,#1594,.T.);
#1016=ORIENTED_EDGE('',*,*,#1662,.T.);
#1017=ORIENTED_EDGE('',*,*,#1643,.F.);
#1018=ORIENTED_EDGE('',*,*,#1666,.F.);
#1019=ORIENTED_EDGE('',*,*,#1667,.T.);
#1020=ORIENTED_EDGE('',*,*,#1668,.T.);
#1021=ORIENTED_EDGE('',*,*,#1595,.T.);
#1022=ORIENTED_EDGE('',*,*,#1665,.T.);
#1023=ORIENTED_EDGE('',*,*,#1617,.F.);
#1024=ORIENTED_EDGE('',*,*,#1669,.F.);
#1025=ORIENTED_EDGE('',*,*,#1599,.T.);
#1026=ORIENTED_EDGE('',*,*,#1661,.F.);
#1027=ORIENTED_EDGE('',*,*,#1600,.T.);
#1028=ORIENTED_EDGE('',*,*,#1669,.T.);
#1029=ORIENTED_EDGE('',*,*,#1504,.F.);
#1030=ORIENTED_EDGE('',*,*,#1670,.F.);
#1031=ORIENTED_EDGE('',*,*,#1444,.T.);
#1032=ORIENTED_EDGE('',*,*,#1671,.T.);
#1033=ORIENTED_EDGE('',*,*,#1501,.T.);
#1034=ORIENTED_EDGE('',*,*,#1672,.F.);
#1035=ORIENTED_EDGE('',*,*,#1437,.T.);
#1036=ORIENTED_EDGE('',*,*,#1670,.T.);
#1037=ORIENTED_EDGE('',*,*,#1507,.F.);
#1038=ORIENTED_EDGE('',*,*,#1673,.F.);
#1039=ORIENTED_EDGE('',*,*,#1433,.T.);
#1040=ORIENTED_EDGE('',*,*,#1674,.T.);
#1041=ORIENTED_EDGE('',*,*,#1474,.T.);
#1042=ORIENTED_EDGE('',*,*,#1615,.T.);
#1043=ORIENTED_EDGE('',*,*,#1472,.T.);
#1044=ORIENTED_EDGE('',*,*,#1675,.T.);
#1045=ORIENTED_EDGE('',*,*,#1481,.T.);
#1046=ORIENTED_EDGE('',*,*,#1580,.T.);
#1047=ORIENTED_EDGE('',*,*,#1585,.T.);
#1048=ORIENTED_EDGE('',*,*,#1676,.T.);
#1049=ORIENTED_EDGE('',*,*,#1677,.T.);
#1050=ORIENTED_EDGE('',*,*,#1678,.F.);
#1051=ORIENTED_EDGE('',*,*,#1586,.T.);
#1052=ORIENTED_EDGE('',*,*,#1573,.T.);
#1053=ORIENTED_EDGE('',*,*,#1578,.T.);
#1054=ORIENTED_EDGE('',*,*,#1679,.F.);
#1055=ORIENTED_EDGE('',*,*,#1545,.T.);
#1056=ORIENTED_EDGE('',*,*,#1550,.T.);
#1057=ORIENTED_EDGE('',*,*,#1547,.T.);
#1058=ORIENTED_EDGE('',*,*,#1680,.F.);
#1059=ORIENTED_EDGE('',*,*,#1532,.T.);
#1060=ORIENTED_EDGE('',*,*,#1541,.T.);
#1061=ORIENTED_EDGE('',*,*,#1516,.T.);
#1062=ORIENTED_EDGE('',*,*,#1681,.F.);
#1063=ORIENTED_EDGE('',*,*,#1682,.T.);
#1064=ORIENTED_EDGE('',*,*,#1683,.T.);
#1065=ORIENTED_EDGE('',*,*,#1512,.T.);
#1066=ORIENTED_EDGE('',*,*,#1529,.T.);
#1067=ORIENTED_EDGE('',*,*,#1468,.T.);
#1068=ORIENTED_EDGE('',*,*,#1684,.T.);
#1069=ORIENTED_EDGE('',*,*,#1490,.T.);
#1070=ORIENTED_EDGE('',*,*,#1685,.T.);
#1071=ORIENTED_EDGE('',*,*,#1686,.T.);
#1072=ORIENTED_EDGE('',*,*,#1636,.T.);
#1073=ORIENTED_EDGE('',*,*,#1671,.F.);
#1074=ORIENTED_EDGE('',*,*,#1687,.T.);
#1075=ORIENTED_EDGE('',*,*,#1688,.T.);
#1076=ORIENTED_EDGE('',*,*,#1686,.F.);
#1077=ORIENTED_EDGE('',*,*,#1425,.T.);
#1078=ORIENTED_EDGE('',*,*,#1673,.T.);
#1079=ORIENTED_EDGE('',*,*,#1644,.F.);
#1080=ORIENTED_EDGE('',*,*,#1685,.F.);
#1081=ORIENTED_EDGE('',*,*,#1493,.F.);
#1082=ORIENTED_EDGE('',*,*,#1687,.F.);
#1083=ORIENTED_EDGE('',*,*,#1689,.T.);
#1084=ORIENTED_EDGE('',*,*,#1690,.F.);
#1085=ORIENTED_EDGE('',*,*,#1688,.F.);
#1086=ORIENTED_EDGE('',*,*,#1689,.F.);
#1087=ORIENTED_EDGE('',*,*,#1691,.F.);
#1088=ORIENTED_EDGE('',*,*,#1692,.F.);
#1089=ORIENTED_EDGE('',*,*,#1535,.T.);
#1090=ORIENTED_EDGE('',*,*,#1693,.T.);
#1091=ORIENTED_EDGE('',*,*,#1607,.T.);
#1092=ORIENTED_EDGE('',*,*,#1694,.F.);
#1093=ORIENTED_EDGE('',*,*,#1536,.T.);
#1094=ORIENTED_EDGE('',*,*,#1692,.T.);
#1095=ORIENTED_EDGE('',*,*,#1606,.T.);
#1096=ORIENTED_EDGE('',*,*,#1498,.F.);
#1097=ORIENTED_EDGE('',*,*,#1465,.T.);
#1098=ORIENTED_EDGE('',*,*,#1496,.T.);
#1099=ORIENTED_EDGE('',*,*,#1610,.T.);
#1100=ORIENTED_EDGE('',*,*,#1695,.F.);
#1101=ORIENTED_EDGE('',*,*,#1691,.T.);
#1102=ORIENTED_EDGE('',*,*,#1693,.F.);
#1103=ORIENTED_EDGE('',*,*,#1534,.T.);
#1104=ORIENTED_EDGE('',*,*,#1696,.F.);
#1105=ORIENTED_EDGE('',*,*,#1697,.F.);
#1106=ORIENTED_EDGE('',*,*,#1698,.T.);
#1107=ORIENTED_EDGE('',*,*,#1525,.T.);
#1108=ORIENTED_EDGE('',*,*,#1447,.F.);
#1109=ORIENTED_EDGE('',*,*,#1699,.F.);
#1110=ORIENTED_EDGE('',*,*,#1395,.T.);
#1111=ORIENTED_EDGE('',*,*,#1700,.T.);
#1112=ORIENTED_EDGE('',*,*,#1457,.T.);
#1113=ORIENTED_EDGE('',*,*,#1521,.T.);
#1114=ORIENTED_EDGE('',*,*,#1701,.F.);
#1115=ORIENTED_EDGE('',*,*,#1597,.F.);
#1116=ORIENTED_EDGE('',*,*,#1702,.T.);
#1117=ORIENTED_EDGE('',*,*,#1583,.F.);
#1118=ORIENTED_EDGE('',*,*,#1703,.F.);
#1119=ORIENTED_EDGE('',*,*,#1664,.F.);
#1120=ORIENTED_EDGE('',*,*,#1704,.T.);
#1121=ORIENTED_EDGE('',*,*,#1667,.F.);
#1122=ORIENTED_EDGE('',*,*,#1527,.T.);
#1123=ORIENTED_EDGE('',*,*,#1705,.F.);
#1124=ORIENTED_EDGE('',*,*,#1564,.T.);
#1125=ORIENTED_EDGE('',*,*,#1706,.T.);
#1126=ORIENTED_EDGE('',*,*,#1707,.T.);
#1127=ORIENTED_EDGE('',*,*,#1708,.T.);
#1128=ORIENTED_EDGE('',*,*,#1709,.T.);
#1129=ORIENTED_EDGE('',*,*,#1710,.F.);
#1130=ORIENTED_EDGE('',*,*,#1711,.T.);
#1131=ORIENTED_EDGE('',*,*,#1613,.T.);
#1132=ORIENTED_EDGE('',*,*,#1712,.F.);
#1133=ORIENTED_EDGE('',*,*,#1427,.F.);
#1134=ORIENTED_EDGE('',*,*,#1423,.F.);
#1135=ORIENTED_EDGE('',*,*,#1422,.F.);
#1136=ORIENTED_EDGE('',*,*,#1713,.T.);
#1137=ORIENTED_EDGE('',*,*,#1567,.T.);
#1138=ORIENTED_EDGE('',*,*,#1555,.T.);
#1139=ORIENTED_EDGE('',*,*,#1460,.T.);
#1140=ORIENTED_EDGE('',*,*,#1528,.T.);
#1141=ORIENTED_EDGE('',*,*,#1510,.T.);
#1142=ORIENTED_EDGE('',*,*,#1714,.T.);
#1143=ORIENTED_EDGE('',*,*,#1446,.F.);
#1144=ORIENTED_EDGE('',*,*,#1455,.F.);
#1145=ORIENTED_EDGE('',*,*,#1715,.F.);
#1146=ORIENTED_EDGE('',*,*,#1697,.T.);
#1147=ORIENTED_EDGE('',*,*,#1716,.T.);
#1148=ORIENTED_EDGE('',*,*,#1451,.F.);
#1149=ORIENTED_EDGE('',*,*,#1458,.F.);
#1150=ORIENTED_EDGE('',*,*,#1717,.F.);
#1151=ORIENTED_EDGE('',*,*,#1518,.T.);
#1152=ORIENTED_EDGE('',*,*,#1540,.T.);
#1153=ORIENTED_EDGE('',*,*,#1530,.T.);
#1154=ORIENTED_EDGE('',*,*,#1568,.T.);
#1155=ORIENTED_EDGE('',*,*,#1560,.T.);
#1156=ORIENTED_EDGE('',*,*,#1718,.F.);
#1157=ORIENTED_EDGE('',*,*,#1442,.F.);
#1158=ORIENTED_EDGE('',*,*,#1445,.F.);
#1159=ORIENTED_EDGE('',*,*,#1435,.F.);
#1160=ORIENTED_EDGE('',*,*,#1719,.T.);
#1161=ORIENTED_EDGE('',*,*,#1682,.F.);
#1162=ORIENTED_EDGE('',*,*,#1720,.F.);
#1163=ORIENTED_EDGE('',*,*,#1677,.F.);
#1164=ORIENTED_EDGE('',*,*,#1563,.T.);
#1165=ORIENTED_EDGE('',*,*,#1614,.T.);
#1166=ORIENTED_EDGE('',*,*,#1711,.F.);
#1167=ORIENTED_EDGE('',*,*,#1434,.T.);
#1168=ORIENTED_EDGE('',*,*,#1589,.T.);
#1169=ORIENTED_EDGE('',*,*,#1660,.T.);
#1170=ORIENTED_EDGE('',*,*,#1703,.T.);
#1171=ORIENTED_EDGE('',*,*,#1666,.T.);
#1172=ORIENTED_EDGE('',*,*,#1598,.T.);
#1173=ORIENTED_EDGE('',*,*,#1701,.T.);
#1174=ORIENTED_EDGE('',*,*,#1582,.T.);
#1175=ORIENTED_EDGE('',*,*,#1678,.T.);
#1176=ORIENTED_EDGE('',*,*,#1720,.T.);
#1177=ORIENTED_EDGE('',*,*,#1681,.T.);
#1178=ORIENTED_EDGE('',*,*,#1515,.T.);
#1179=ORIENTED_EDGE('',*,*,#1721,.T.);
#1180=ORIENTED_EDGE('',*,*,#1522,.T.);
#1181=ORIENTED_EDGE('',*,*,#1452,.T.);
#1182=ORIENTED_EDGE('',*,*,#1716,.F.);
#1183=ORIENTED_EDGE('',*,*,#1696,.T.);
#1184=ORIENTED_EDGE('',*,*,#1520,.T.);
#1185=ORIENTED_EDGE('',*,*,#1706,.F.);
#1186=ORIENTED_EDGE('',*,*,#1546,.T.);
#1187=ORIENTED_EDGE('',*,*,#1604,.T.);
#1188=ORIENTED_EDGE('',*,*,#1438,.T.);
#1189=ORIENTED_EDGE('',*,*,#1672,.T.);
#1190=ORIENTED_EDGE('',*,*,#1603,.T.);
#1191=ORIENTED_EDGE('',*,*,#1542,.T.);
#1192=ORIENTED_EDGE('',*,*,#1679,.T.);
#1193=ORIENTED_EDGE('',*,*,#1577,.T.);
#1194=ORIENTED_EDGE('',*,*,#1537,.T.);
#1195=ORIENTED_EDGE('',*,*,#1694,.T.);
#1196=ORIENTED_EDGE('',*,*,#1605,.T.);
#1197=ORIENTED_EDGE('',*,*,#1552,.T.);
#1198=ORIENTED_EDGE('',*,*,#1533,.T.);
#1199=ORIENTED_EDGE('',*,*,#1680,.T.);
#1200=ORIENTED_EDGE('',*,*,#1690,.T.);
#1201=ORIENTED_EDGE('',*,*,#1695,.T.);
#1202=ORIENTED_EDGE('',*,*,#1674,.F.);
#1203=ORIENTED_EDGE('',*,*,#1432,.F.);
#1204=ORIENTED_EDGE('',*,*,#1487,.F.);
#1205=ORIENTED_EDGE('',*,*,#1475,.F.);
#1206=ORIENTED_EDGE('',*,*,#1482,.F.);
#1207=ORIENTED_EDGE('',*,*,#1675,.F.);
#1208=ORIENTED_EDGE('',*,*,#1471,.F.);
#1209=ORIENTED_EDGE('',*,*,#1485,.F.);
#1210=ORIENTED_EDGE('',*,*,#1479,.F.);
#1211=ORIENTED_EDGE('',*,*,#1611,.F.);
#1212=ORIENTED_EDGE('',*,*,#1494,.F.);
#1213=ORIENTED_EDGE('',*,*,#1463,.F.);
#1214=ORIENTED_EDGE('',*,*,#1497,.F.);
#1215=ORIENTED_EDGE('',*,*,#1491,.F.);
#1216=ORIENTED_EDGE('',*,*,#1684,.F.);
#1217=ORIENTED_EDGE('',*,*,#1467,.F.);
#1218=ORIENTED_EDGE('',*,*,#1705,.T.);
#1219=ORIENTED_EDGE('',*,*,#1526,.F.);
#1220=ORIENTED_EDGE('',*,*,#1698,.F.);
#1221=ORIENTED_EDGE('',*,*,#1715,.T.);
#1222=ORIENTED_EDGE('',*,*,#1454,.F.);
#1223=ORIENTED_EDGE('',*,*,#1524,.F.);
#1224=ORIENTED_EDGE('',*,*,#1722,.F.);
#1225=ORIENTED_EDGE('',*,*,#1513,.F.);
#1226=ORIENTED_EDGE('',*,*,#1683,.F.);
#1227=ORIENTED_EDGE('',*,*,#1719,.F.);
#1228=ORIENTED_EDGE('',*,*,#1676,.F.);
#1229=ORIENTED_EDGE('',*,*,#1584,.F.);
#1230=ORIENTED_EDGE('',*,*,#1702,.F.);
#1231=ORIENTED_EDGE('',*,*,#1596,.F.);
#1232=ORIENTED_EDGE('',*,*,#1668,.F.);
#1233=ORIENTED_EDGE('',*,*,#1704,.F.);
#1234=ORIENTED_EDGE('',*,*,#1663,.F.);
#1235=ORIENTED_EDGE('',*,*,#1592,.F.);
#1236=ORIENTED_EDGE('',*,*,#1428,.F.);
#1237=ORIENTED_EDGE('',*,*,#1712,.T.);
#1238=ORIENTED_EDGE('',*,*,#1612,.F.);
#1239=ORIENTED_EDGE('',*,*,#1565,.F.);
#1240=ORIENTED_EDGE('',*,*,#1523,.T.);
#1241=ORIENTED_EDGE('',*,*,#1721,.F.);
#1242=ORIENTED_EDGE('',*,*,#1514,.T.);
#1243=ORIENTED_EDGE('',*,*,#1722,.T.);
#1244=ORIENTED_EDGE('',*,*,#1723,.T.);
#1245=ORIENTED_EDGE('',*,*,#1710,.T.);
#1246=ORIENTED_EDGE('',*,*,#1724,.T.);
#1247=ORIENTED_EDGE('',*,*,#1725,.F.);
#1248=ORIENTED_EDGE('',*,*,#1419,.T.);
#1249=ORIENTED_EDGE('',*,*,#1572,.F.);
#1250=ORIENTED_EDGE('',*,*,#1412,.T.);
#1251=ORIENTED_EDGE('',*,*,#1726,.T.);
#1252=ORIENTED_EDGE('',*,*,#1727,.F.);
#1253=ORIENTED_EDGE('',*,*,#1420,.T.);
#1254=ORIENTED_EDGE('',*,*,#1725,.T.);
#1255=ORIENTED_EDGE('',*,*,#1728,.T.);
#1256=ORIENTED_EDGE('',*,*,#1729,.F.);
#1257=ORIENTED_EDGE('',*,*,#1421,.T.);
#1258=ORIENTED_EDGE('',*,*,#1727,.T.);
#1259=ORIENTED_EDGE('',*,*,#1730,.T.);
#1260=ORIENTED_EDGE('',*,*,#1708,.F.);
#1261=ORIENTED_EDGE('',*,*,#1731,.T.);
#1262=ORIENTED_EDGE('',*,*,#1732,.F.);
#1263=ORIENTED_EDGE('',*,*,#1409,.T.);
#1264=ORIENTED_EDGE('',*,*,#1571,.T.);
#1265=ORIENTED_EDGE('',*,*,#1417,.T.);
#1266=ORIENTED_EDGE('',*,*,#1729,.T.);
#1267=ORIENTED_EDGE('',*,*,#1733,.T.);
#1268=ORIENTED_EDGE('',*,*,#1734,.F.);
#1269=ORIENTED_EDGE('',*,*,#1410,.T.);
#1270=ORIENTED_EDGE('',*,*,#1732,.T.);
#1271=ORIENTED_EDGE('',*,*,#1735,.T.);
#1272=ORIENTED_EDGE('',*,*,#1726,.F.);
#1273=ORIENTED_EDGE('',*,*,#1411,.T.);
#1274=ORIENTED_EDGE('',*,*,#1734,.T.);
#1275=ORIENTED_EDGE('',*,*,#1736,.T.);
#1276=ORIENTED_EDGE('',*,*,#1737,.T.);
#1277=ORIENTED_EDGE('',*,*,#1738,.T.);
#1278=ORIENTED_EDGE('',*,*,#1739,.T.);
#1279=ORIENTED_EDGE('',*,*,#1740,.T.);
#1280=ORIENTED_EDGE('',*,*,#1570,.F.);
#1281=ORIENTED_EDGE('',*,*,#1707,.F.);
#1282=ORIENTED_EDGE('',*,*,#1723,.F.);
#1283=ORIENTED_EDGE('',*,*,#1736,.F.);
#1284=ORIENTED_EDGE('',*,*,#1735,.F.);
#1285=ORIENTED_EDGE('',*,*,#1731,.F.);
#1286=ORIENTED_EDGE('',*,*,#1741,.T.);
#1287=ORIENTED_EDGE('',*,*,#1742,.T.);
#1288=ORIENTED_EDGE('',*,*,#1743,.T.);
#1289=ORIENTED_EDGE('',*,*,#1744,.T.);
#1290=ORIENTED_EDGE('',*,*,#1709,.F.);
#1291=ORIENTED_EDGE('',*,*,#1733,.F.);
#1292=ORIENTED_EDGE('',*,*,#1730,.F.);
#1293=ORIENTED_EDGE('',*,*,#1728,.F.);
#1294=ORIENTED_EDGE('',*,*,#1724,.F.);
#1295=ORIENTED_EDGE('',*,*,#1398,.F.);
#1296=ORIENTED_EDGE('',*,*,#1519,.T.);
#1297=ORIENTED_EDGE('',*,*,#1717,.T.);
#1298=ORIENTED_EDGE('',*,*,#1700,.F.);
#1299=ORIENTED_EDGE('',*,*,#1718,.T.);
#1300=ORIENTED_EDGE('',*,*,#1559,.T.);
#1301=ORIENTED_EDGE('',*,*,#1402,.F.);
#1302=ORIENTED_EDGE('',*,*,#1608,.T.);
#1303=ORIENTED_EDGE('',*,*,#1714,.F.);
#1304=ORIENTED_EDGE('',*,*,#1509,.T.);
#1305=ORIENTED_EDGE('',*,*,#1396,.T.);
#1306=ORIENTED_EDGE('',*,*,#1699,.T.);
#1307=ORIENTED_EDGE('',*,*,#1400,.T.);
#1308=ORIENTED_EDGE('',*,*,#1558,.T.);
#1309=ORIENTED_EDGE('',*,*,#1713,.F.);
#1310=ORIENTED_EDGE('',*,*,#1609,.F.);
#1311=ORIENTED_EDGE('',*,*,#1745,.T.);
#1312=ORIENTED_EDGE('',*,*,#1638,.F.);
#1313=ORIENTED_EDGE('',*,*,#1389,.F.);
#1314=ORIENTED_EDGE('',*,*,#1654,.F.);
#1315=ORIENTED_EDGE('',*,*,#1653,.T.);
#1316=ORIENTED_EDGE('',*,*,#1377,.T.);
#1317=ORIENTED_EDGE('',*,*,#1635,.T.);
#1318=ORIENTED_EDGE('',*,*,#1745,.F.);
#1319=ORIENTED_EDGE('',*,*,#1416,.T.);
#1320=ORIENTED_EDGE('',*,*,#1746,.F.);
#1321=ORIENTED_EDGE('',*,*,#1746,.T.);
#1322=ORIENTED_EDGE('',*,*,#1747,.F.);
#1323=ORIENTED_EDGE('',*,*,#1747,.T.);
#1324=ORIENTED_EDGE('',*,*,#1744,.F.);
#1325=ORIENTED_EDGE('',*,*,#1415,.T.);
#1326=ORIENTED_EDGE('',*,*,#1748,.F.);
#1327=ORIENTED_EDGE('',*,*,#1748,.T.);
#1328=ORIENTED_EDGE('',*,*,#1749,.F.);
#1329=ORIENTED_EDGE('',*,*,#1749,.T.);
#1330=ORIENTED_EDGE('',*,*,#1743,.F.);
#1331=ORIENTED_EDGE('',*,*,#1414,.T.);
#1332=ORIENTED_EDGE('',*,*,#1750,.F.);
#1333=ORIENTED_EDGE('',*,*,#1750,.T.);
#1334=ORIENTED_EDGE('',*,*,#1751,.F.);
#1335=ORIENTED_EDGE('',*,*,#1751,.T.);
#1336=ORIENTED_EDGE('',*,*,#1742,.F.);
#1337=ORIENTED_EDGE('',*,*,#1413,.T.);
#1338=ORIENTED_EDGE('',*,*,#1752,.F.);
#1339=ORIENTED_EDGE('',*,*,#1752,.T.);
#1340=ORIENTED_EDGE('',*,*,#1753,.F.);
#1341=ORIENTED_EDGE('',*,*,#1753,.T.);
#1342=ORIENTED_EDGE('',*,*,#1741,.F.);
#1343=ORIENTED_EDGE('',*,*,#1406,.T.);
#1344=ORIENTED_EDGE('',*,*,#1754,.F.);
#1345=ORIENTED_EDGE('',*,*,#1754,.T.);
#1346=ORIENTED_EDGE('',*,*,#1755,.F.);
#1347=ORIENTED_EDGE('',*,*,#1755,.T.);
#1348=ORIENTED_EDGE('',*,*,#1740,.F.);
#1349=ORIENTED_EDGE('',*,*,#1405,.T.);
#1350=ORIENTED_EDGE('',*,*,#1756,.F.);
#1351=ORIENTED_EDGE('',*,*,#1756,.T.);
#1352=ORIENTED_EDGE('',*,*,#1757,.F.);
#1353=ORIENTED_EDGE('',*,*,#1757,.T.);
#1354=ORIENTED_EDGE('',*,*,#1739,.F.);
#1355=ORIENTED_EDGE('',*,*,#1404,.T.);
#1356=ORIENTED_EDGE('',*,*,#1758,.F.);
#1357=ORIENTED_EDGE('',*,*,#1758,.T.);
#1358=ORIENTED_EDGE('',*,*,#1759,.F.);
#1359=ORIENTED_EDGE('',*,*,#1759,.T.);
#1360=ORIENTED_EDGE('',*,*,#1738,.F.);
#1361=ORIENTED_EDGE('',*,*,#1403,.T.);
#1362=ORIENTED_EDGE('',*,*,#1760,.F.);
#1363=ORIENTED_EDGE('',*,*,#1760,.T.);
#1364=ORIENTED_EDGE('',*,*,#1761,.F.);
#1365=ORIENTED_EDGE('',*,*,#1761,.T.);
#1366=ORIENTED_EDGE('',*,*,#1737,.F.);
#1367=EDGE_CURVE('',#1762,#1762,#2032,.F.);
#1368=EDGE_CURVE('',#1763,#1764,#303,.T.);
#1369=EDGE_CURVE('',#1763,#1765,#304,.T.);
#1370=EDGE_CURVE('',#1765,#1766,#305,.T.);
#1371=EDGE_CURVE('',#1764,#1766,#306,.T.);
#1372=EDGE_CURVE('',#1767,#1767,#2033,.F.);
#1373=EDGE_CURVE('',#1768,#1769,#307,.T.);
#1374=EDGE_CURVE('',#1768,#1770,#308,.T.);
#1375=EDGE_CURVE('',#1770,#1771,#309,.T.);
#1376=EDGE_CURVE('',#1769,#1771,#310,.T.);
#1377=EDGE_CURVE('',#1772,#1773,#311,.T.);
#1378=EDGE_CURVE('',#1774,#1772,#312,.T.);
#1379=EDGE_CURVE('',#1774,#1768,#313,.T.);
#1380=EDGE_CURVE('',#1775,#1769,#314,.T.);
#1381=EDGE_CURVE('',#1776,#1775,#315,.T.);
#1382=EDGE_CURVE('',#1777,#1776,#316,.T.);
#1383=EDGE_CURVE('',#1777,#1778,#317,.T.);
#1384=EDGE_CURVE('',#1778,#1779,#318,.T.);
#1385=EDGE_CURVE('',#1780,#1779,#319,.T.);
#1386=EDGE_CURVE('',#1763,#1780,#320,.T.);
#1387=EDGE_CURVE('',#1781,#1764,#321,.T.);
#1388=EDGE_CURVE('',#1782,#1781,#322,.T.);
#1389=EDGE_CURVE('',#1782,#1783,#323,.T.);
#1390=EDGE_CURVE('',#1783,#1784,#324,.T.);
#1391=EDGE_CURVE('',#1784,#1785,#325,.T.);
#1392=EDGE_CURVE('',#1786,#1785,#326,.T.);
#1393=EDGE_CURVE('',#1786,#1787,#327,.T.);
#1394=EDGE_CURVE('',#1787,#1773,#328,.T.);
#1395=EDGE_CURVE('',#1788,#1789,#329,.F.);
#1396=EDGE_CURVE('',#1790,#1788,#330,.T.);
#1397=EDGE_CURVE('',#1791,#1790,#331,.T.);
#1398=EDGE_CURVE('',#1791,#1789,#332,.T.);
#1399=EDGE_CURVE('',#1792,#1793,#333,.F.);
#1400=EDGE_CURVE('',#1794,#1792,#334,.T.);
#1401=EDGE_CURVE('',#1795,#1794,#335,.T.);
#1402=EDGE_CURVE('',#1795,#1793,#336,.T.);
#1403=EDGE_CURVE('',#1796,#1796,#2034,.T.);
#1404=EDGE_CURVE('',#1797,#1797,#2035,.T.);
#1405=EDGE_CURVE('',#1798,#1798,#2036,.T.);
#1406=EDGE_CURVE('',#1799,#1799,#2037,.T.);
#1407=EDGE_CURVE('',#1800,#1800,#2038,.T.);
#1408=EDGE_CURVE('',#1801,#1802,#337,.T.);
#1409=EDGE_CURVE('',#1803,#1802,#338,.T.);
#1410=EDGE_CURVE('',#1804,#1803,#339,.T.);
#1411=EDGE_CURVE('',#1805,#1804,#340,.T.);
#1412=EDGE_CURVE('',#1801,#1805,#341,.T.);
#1413=EDGE_CURVE('',#1806,#1806,#2039,.T.);
#1414=EDGE_CURVE('',#1807,#1807,#2040,.T.);
#1415=EDGE_CURVE('',#1808,#1808,#2041,.T.);
#1416=EDGE_CURVE('',#1809,#1809,#2042,.T.);
#1417=EDGE_CURVE('',#1810,#1811,#342,.T.);
#1418=EDGE_CURVE('',#1810,#1812,#343,.T.);
#1419=EDGE_CURVE('',#1813,#1812,#344,.T.);
#1420=EDGE_CURVE('',#1814,#1813,#345,.T.);
#1421=EDGE_CURVE('',#1811,#1814,#346,.T.);
#1422=EDGE_CURVE('',#1815,#1816,#347,.T.);
#1423=EDGE_CURVE('',#1816,#1817,#348,.T.);
#1424=EDGE_CURVE('',#1817,#1818,#41,.T.);
#1425=EDGE_CURVE('',#1819,#1818,#349,.T.);
#1426=EDGE_CURVE('',#1815,#1819,#42,.T.);
#1427=EDGE_CURVE('',#1817,#1820,#43,.T.);
#1428=EDGE_CURVE('',#1820,#1821,#44,.T.);
#1429=EDGE_CURVE('',#1821,#1822,#45,.T.);
#1430=EDGE_CURVE('',#1822,#1823,#46,.T.);
#1431=EDGE_CURVE('',#1823,#1824,#47,.T.);
#1432=EDGE_CURVE('',#1824,#1825,#48,.T.);
#1433=EDGE_CURVE('',#1818,#1825,#49,.T.);
#1434=EDGE_CURVE('',#1826,#1827,#50,.T.);
#1435=EDGE_CURVE('',#1826,#1828,#51,.F.);
#1436=EDGE_CURVE('',#1828,#1829,#52,.T.);
#1437=EDGE_CURVE('',#1830,#1829,#53,.T.);
#1438=EDGE_CURVE('',#1831,#1830,#54,.T.);
#1439=EDGE_CURVE('',#1831,#1832,#55,.T.);
#1440=EDGE_CURVE('',#1832,#1833,#56,.T.);
#1441=EDGE_CURVE('',#1833,#1827,#57,.T.);
#1442=EDGE_CURVE('',#1834,#1835,#350,.T.);
#1443=EDGE_CURVE('',#1835,#1836,#58,.T.);
#1444=EDGE_CURVE('',#1829,#1836,#351,.T.);
#1445=EDGE_CURVE('',#1828,#1834,#352,.T.);
#1446=EDGE_CURVE('',#1837,#1838,#353,.T.);
#1447=EDGE_CURVE('',#1838,#1839,#59,.T.);
#1448=EDGE_CURVE('',#1839,#1840,#60,.T.);
#1449=EDGE_CURVE('',#1837,#1840,#61,.T.);
#1450=EDGE_CURVE('',#1841,#1842,#62,.T.);
#1451=EDGE_CURVE('',#1841,#1843,#63,.T.);
#1452=EDGE_CURVE('',#1844,#1843,#64,.T.);
#1453=EDGE_CURVE('',#1844,#1842,#65,.T.);
#1454=EDGE_CURVE('',#1845,#1846,#66,.T.);
#1455=EDGE_CURVE('',#1846,#1837,#67,.T.);
#1456=EDGE_CURVE('',#1840,#1845,#68,.T.);
#1457=EDGE_CURVE('',#1847,#1848,#69,.T.);
#1458=EDGE_CURVE('',#1847,#1841,#354,.T.);
#1459=EDGE_CURVE('',#1842,#1848,#70,.T.);
#1460=EDGE_CURVE('',#1849,#1850,#71,.F.);
#1461=EDGE_CURVE('',#1851,#1849,#72,.T.);
#1462=EDGE_CURVE('',#1852,#1851,#73,.T.);
#1463=EDGE_CURVE('',#1852,#1853,#74,.T.);
#1464=EDGE_CURVE('',#1854,#1853,#75,.T.);
#1465=EDGE_CURVE('',#1855,#1854,#76,.T.);
#1466=EDGE_CURVE('',#1856,#1855,#77,.T.);
#1467=EDGE_CURVE('',#1856,#1857,#78,.T.);
#1468=EDGE_CURVE('',#1858,#1857,#79,.T.);
#1469=EDGE_CURVE('',#1850,#1858,#80,.T.);
#1470=EDGE_CURVE('',#1859,#1860,#81,.T.);
#1471=EDGE_CURVE('',#1860,#1861,#82,.T.);
#1472=EDGE_CURVE('',#1862,#1861,#83,.T.);
#1473=EDGE_CURVE('',#1862,#1859,#84,.T.);
#1474=EDGE_CURVE('',#1863,#1864,#85,.T.);
#1475=EDGE_CURVE('',#1863,#1865,#86,.T.);
#1476=EDGE_CURVE('',#1865,#1866,#87,.T.);
#1477=EDGE_CURVE('',#1864,#1866,#88,.T.);
#1478=EDGE_CURVE('',#1867,#1868,#89,.T.);
#1479=EDGE_CURVE('',#1867,#1852,#90,.T.);
#1480=EDGE_CURVE('',#1851,#1868,#91,.T.);
#1481=EDGE_CURVE('',#1869,#1870,#92,.T.);
#1482=EDGE_CURVE('',#1869,#1871,#93,.T.);
#1483=EDGE_CURVE('',#1872,#1871,#94,.T.);
#1484=EDGE_CURVE('',#1870,#1872,#95,.T.);
#1485=EDGE_CURVE('',#1871,#1860,#96,.T.);
#1486=EDGE_CURVE('',#1866,#1859,#97,.T.);
#1487=EDGE_CURVE('',#1865,#1824,#98,.T.);
#1488=EDGE_CURVE('',#1823,#1873,#99,.T.);
#1489=EDGE_CURVE('',#1873,#1872,#100,.T.);
#1490=EDGE_CURVE('',#1874,#1875,#101,.T.);
#1491=EDGE_CURVE('',#1874,#1876,#102,.T.);
#1492=EDGE_CURVE('',#1819,#1876,#103,.T.);
#1493=EDGE_CURVE('',#1819,#1875,#104,.T.);
#1494=EDGE_CURVE('',#1853,#1877,#105,.T.);
#1495=EDGE_CURVE('',#1877,#1878,#106,.T.);
#1496=EDGE_CURVE('',#1854,#1878,#107,.T.);
#1497=EDGE_CURVE('',#1876,#1856,#108,.T.);
#1498=EDGE_CURVE('',#1855,#1819,#109,.T.);
#1499=EDGE_CURVE('',#1879,#1880,#355,.F.);
#1500=EDGE_CURVE('',#1881,#1880,#356,.T.);
#1501=EDGE_CURVE('',#1882,#1881,#357,.T.);
#1502=EDGE_CURVE('',#1787,#1882,#358,.T.);
#1503=EDGE_CURVE('',#1786,#1883,#359,.T.);
#1504=EDGE_CURVE('',#1883,#1884,#360,.F.);
#1505=EDGE_CURVE('',#1879,#1884,#361,.T.);
#1506=EDGE_CURVE('',#1885,#1873,#362,.T.);
#1507=EDGE_CURVE('',#1885,#1881,#363,.T.);
#1508=EDGE_CURVE('',#1880,#1873,#364,.F.);
#1509=EDGE_CURVE('',#1886,#1790,#110,.T.);
#1510=EDGE_CURVE('',#1887,#1886,#111,.T.);
#1511=EDGE_CURVE('',#1887,#1888,#112,.T.);
#1512=EDGE_CURVE('',#1889,#1888,#113,.T.);
#1513=EDGE_CURVE('',#1889,#1890,#114,.T.);
#1514=EDGE_CURVE('',#1891,#1890,#115,.T.);
#1515=EDGE_CURVE('',#1892,#1891,#116,.T.);
#1516=EDGE_CURVE('',#1893,#1892,#117,.T.);
#1517=EDGE_CURVE('',#1894,#1893,#118,.T.);
#1518=EDGE_CURVE('',#1895,#1894,#119,.F.);
#1519=EDGE_CURVE('',#1791,#1895,#120,.T.);
#1520=EDGE_CURVE('',#1896,#1897,#121,.T.);
#1521=EDGE_CURVE('',#1848,#1896,#122,.T.);
#1522=EDGE_CURVE('',#1898,#1844,#123,.T.);
#1523=EDGE_CURVE('',#1899,#1898,#124,.T.);
#1524=EDGE_CURVE('',#1899,#1845,#125,.T.);
#1525=EDGE_CURVE('',#1900,#1839,#126,.T.);
#1526=EDGE_CURVE('',#1900,#1901,#127,.T.);
#1527=EDGE_CURVE('',#1897,#1901,#128,.T.);
#1528=EDGE_CURVE('',#1850,#1887,#365,.F.);
#1529=EDGE_CURVE('',#1888,#1858,#129,.T.);
#1530=EDGE_CURVE('',#1902,#1903,#130,.T.);
#1531=EDGE_CURVE('',#1902,#1904,#131,.T.);
#1532=EDGE_CURVE('',#1905,#1904,#132,.T.);
#1533=EDGE_CURVE('',#1906,#1905,#133,.T.);
#1534=EDGE_CURVE('',#1907,#1906,#134,.T.);
#1535=EDGE_CURVE('',#1908,#1907,#135,.T.);
#1536=EDGE_CURVE('',#1909,#1908,#136,.T.);
#1537=EDGE_CURVE('',#1910,#1909,#137,.T.);
#1538=EDGE_CURVE('',#1911,#1910,#138,.T.);
#1539=EDGE_CURVE('',#1903,#1911,#139,.T.);
#1540=EDGE_CURVE('',#1894,#1902,#366,.F.);
#1541=EDGE_CURVE('',#1904,#1893,#140,.T.);
#1542=EDGE_CURVE('',#1912,#1913,#141,.T.);
#1543=EDGE_CURVE('',#1912,#1914,#142,.T.);
#1544=EDGE_CURVE('',#1915,#1914,#143,.T.);
#1545=EDGE_CURVE('',#1913,#1915,#144,.T.);
#1546=EDGE_CURVE('',#1916,#1917,#145,.T.);
#1547=EDGE_CURVE('',#1918,#1916,#146,.T.);
#1548=EDGE_CURVE('',#1918,#1919,#147,.T.);
#1549=EDGE_CURVE('',#1919,#1917,#148,.T.);
#1550=EDGE_CURVE('',#1915,#1918,#149,.T.);
#1551=EDGE_CURVE('',#1914,#1919,#150,.T.);
#1552=EDGE_CURVE('',#1920,#1910,#151,.T.);
#1553=EDGE_CURVE('',#1921,#1920,#152,.T.);
#1554=EDGE_CURVE('',#1911,#1921,#153,.T.);
#1555=EDGE_CURVE('',#1922,#1849,#367,.F.);
#1556=EDGE_CURVE('',#1922,#1923,#154,.T.);
#1557=EDGE_CURVE('',#1868,#1923,#155,.T.);
#1558=EDGE_CURVE('',#1792,#1924,#156,.T.);
#1559=EDGE_CURVE('',#1925,#1793,#157,.T.);
#1560=EDGE_CURVE('',#1926,#1925,#158,.T.);
#1561=EDGE_CURVE('',#1926,#1927,#159,.T.);
#1562=EDGE_CURVE('',#1928,#1927,#160,.T.);
#1563=EDGE_CURVE('',#1929,#1928,#161,.T.);
#1564=EDGE_CURVE('',#1930,#1929,#162,.T.);
#1565=EDGE_CURVE('',#1930,#1931,#163,.T.);
#1566=EDGE_CURVE('',#1923,#1931,#164,.T.);
#1567=EDGE_CURVE('',#1924,#1922,#165,.F.);
#1568=EDGE_CURVE('',#1903,#1926,#368,.F.);
#1569=EDGE_CURVE('',#1927,#1921,#166,.T.);
#1570=EDGE_CURVE('',#1932,#1932,#2043,.T.);
#1571=EDGE_CURVE('',#1802,#1810,#369,.T.);
#1572=EDGE_CURVE('',#1801,#1812,#370,.T.);
#1573=EDGE_CURVE('',#1933,#1934,#167,.T.);
#1574=EDGE_CURVE('',#1933,#1880,#168,.T.);
#1575=EDGE_CURVE('',#1935,#1880,#169,.T.);
#1576=EDGE_CURVE('',#1934,#1935,#170,.T.);
#1577=EDGE_CURVE('',#1936,#1937,#171,.T.);
#1578=EDGE_CURVE('',#1934,#1936,#172,.T.);
#1579=EDGE_CURVE('',#1937,#1935,#173,.T.);
#1580=EDGE_CURVE('',#1870,#1938,#174,.T.);
#1581=EDGE_CURVE('',#1938,#1873,#175,.T.);
#1582=EDGE_CURVE('',#1939,#1940,#176,.T.);
#1583=EDGE_CURVE('',#1939,#1941,#177,.T.);
#1584=EDGE_CURVE('',#1941,#1942,#178,.T.);
#1585=EDGE_CURVE('',#1938,#1942,#179,.T.);
#1586=EDGE_CURVE('',#1940,#1933,#180,.T.);
#1587=EDGE_CURVE('',#1832,#1880,#181,.T.);
#1588=EDGE_CURVE('',#1833,#1879,#182,.T.);
#1589=EDGE_CURVE('',#1827,#1943,#183,.T.);
#1590=EDGE_CURVE('',#1944,#1879,#371,.T.);
#1591=EDGE_CURVE('',#1822,#1944,#184,.T.);
#1592=EDGE_CURVE('',#1821,#1945,#185,.T.);
#1593=EDGE_CURVE('',#1946,#1945,#186,.T.);
#1594=EDGE_CURVE('',#1947,#1946,#187,.T.);
#1595=EDGE_CURVE('',#1948,#1947,#188,.T.);
#1596=EDGE_CURVE('',#1948,#1949,#189,.T.);
#1597=EDGE_CURVE('',#1949,#1950,#190,.T.);
#1598=EDGE_CURVE('',#1951,#1950,#191,.T.);
#1599=EDGE_CURVE('',#1952,#1951,#192,.T.);
#1600=EDGE_CURVE('',#1953,#1952,#193,.T.);
#1601=EDGE_CURVE('',#1943,#1953,#194,.T.);
#1602=EDGE_CURVE('',#1873,#1944,#372,.T.);
#1603=EDGE_CURVE('',#1937,#1912,#195,.T.);
#1604=EDGE_CURVE('',#1917,#1831,#196,.T.);
#1605=EDGE_CURVE('',#1954,#1920,#197,.T.);
#1606=EDGE_CURVE('',#1955,#1954,#198,.T.);
#1607=EDGE_CURVE('',#1836,#1955,#199,.T.);
#1608=EDGE_CURVE('',#1795,#1835,#200,.T.);
#1609=EDGE_CURVE('',#1794,#1815,#201,.T.);
#1610=EDGE_CURVE('',#1878,#1819,#202,.T.);
#1611=EDGE_CURVE('',#1877,#1867,#203,.T.);
#1612=EDGE_CURVE('',#1931,#1956,#204,.T.);
#1613=EDGE_CURVE('',#1957,#1956,#205,.T.);
#1614=EDGE_CURVE('',#1928,#1957,#206,.T.);
#1615=EDGE_CURVE('',#1864,#1862,#207,.T.);
#1616=EDGE_CURVE('',#1944,#1958,#373,.T.);
#1617=EDGE_CURVE('',#1884,#1958,#374,.F.);
#1618=EDGE_CURVE('',#1959,#1960,#375,.T.);
#1619=EDGE_CURVE('',#1766,#1959,#376,.T.);
#1620=EDGE_CURVE('',#1765,#1961,#377,.T.);
#1621=EDGE_CURVE('',#1961,#1962,#378,.T.);
#1622=EDGE_CURVE('',#1771,#1962,#379,.T.);
#1623=EDGE_CURVE('',#1770,#1960,#380,.T.);
#1624=EDGE_CURVE('',#1776,#1963,#381,.T.);
#1625=EDGE_CURVE('',#1775,#1962,#382,.T.);
#1626=EDGE_CURVE('',#1780,#1961,#383,.T.);
#1627=EDGE_CURVE('',#1779,#1964,#384,.T.);
#1628=EDGE_CURVE('',#1963,#1964,#385,.T.);
#1629=EDGE_CURVE('',#1965,#1965,#2044,.F.);
#1630=EDGE_CURVE('',#1966,#1966,#2045,.F.);
#1631=EDGE_CURVE('',#1785,#1967,#386,.T.);
#1632=EDGE_CURVE('',#1883,#1967,#387,.T.);
#1633=EDGE_CURVE('',#1968,#1968,#2046,.T.);
#1634=EDGE_CURVE('',#1969,#1969,#2047,.T.);
#1635=EDGE_CURVE('',#1773,#1970,#388,.T.);
#1636=EDGE_CURVE('',#1971,#1882,#389,.T.);
#1637=EDGE_CURVE('',#1971,#1784,#390,.T.);
#1638=EDGE_CURVE('',#1783,#1970,#391,.T.);
#1639=EDGE_CURVE('',#1972,#1972,#2048,.T.);
#1640=EDGE_CURVE('',#1973,#1973,#2049,.T.);
#1641=EDGE_CURVE('',#1959,#1781,#392,.T.);
#1642=EDGE_CURVE('',#1960,#1774,#393,.T.);
#1643=EDGE_CURVE('',#1958,#1967,#394,.T.);
#1644=EDGE_CURVE('',#1971,#1885,#395,.T.);
#1645=EDGE_CURVE('',#1974,#1974,#2050,.T.);
#1646=EDGE_CURVE('',#1975,#1975,#2051,.T.);
#1647=EDGE_CURVE('',#1976,#1976,#2052,.T.);
#1648=EDGE_CURVE('',#1977,#1977,#2053,.T.);
#1649=EDGE_CURVE('',#1978,#1978,#2054,.T.);
#1650=EDGE_CURVE('',#1979,#1979,#2055,.T.);
#1651=EDGE_CURVE('',#1980,#1980,#2056,.T.);
#1652=EDGE_CURVE('',#1981,#1981,#2057,.T.);
#1653=EDGE_CURVE('',#1982,#1772,#396,.T.);
#1654=EDGE_CURVE('',#1982,#1782,#397,.T.);
#1655=EDGE_CURVE('',#1983,#1984,#398,.T.);
#1656=EDGE_CURVE('',#1983,#1778,#399,.T.);
#1657=EDGE_CURVE('',#1984,#1777,#400,.T.);
#1658=EDGE_CURVE('',#1983,#1964,#401,.T.);
#1659=EDGE_CURVE('',#1984,#1963,#402,.T.);
#1660=EDGE_CURVE('',#1943,#1985,#208,.T.);
#1661=EDGE_CURVE('',#1953,#1883,#209,.T.);
#1662=EDGE_CURVE('',#1946,#1967,#210,.T.);
#1663=EDGE_CURVE('',#1945,#1986,#211,.T.);
#1664=EDGE_CURVE('',#1986,#1985,#212,.T.);
#1665=EDGE_CURVE('',#1947,#1958,#213,.T.);
#1666=EDGE_CURVE('',#1987,#1951,#214,.T.);
#1667=EDGE_CURVE('',#1987,#1988,#215,.T.);
#1668=EDGE_CURVE('',#1988,#1948,#216,.T.);
#1669=EDGE_CURVE('',#1952,#1884,#217,.T.);
#1670=EDGE_CURVE('',#1829,#1881,#218,.T.);
#1671=EDGE_CURVE('',#1836,#1882,#219,.T.);
#1672=EDGE_CURVE('',#1830,#1916,#220,.T.);
#1673=EDGE_CURVE('',#1818,#1885,#221,.T.);
#1674=EDGE_CURVE('',#1825,#1863,#222,.T.);
#1675=EDGE_CURVE('',#1861,#1869,#223,.T.);
#1676=EDGE_CURVE('',#1942,#1989,#224,.T.);
#1677=EDGE_CURVE('',#1989,#1990,#225,.T.);
#1678=EDGE_CURVE('',#1940,#1990,#226,.T.);
#1679=EDGE_CURVE('',#1913,#1936,#227,.T.);
#1680=EDGE_CURVE('',#1905,#1991,#228,.T.);
#1681=EDGE_CURVE('',#1992,#1892,#229,.T.);
#1682=EDGE_CURVE('',#1992,#1993,#230,.T.);
#1683=EDGE_CURVE('',#1993,#1889,#231,.T.);
#1684=EDGE_CURVE('',#1857,#1874,#232,.T.);
#1685=EDGE_CURVE('',#1875,#1819,#233,.T.);
#1686=EDGE_CURVE('',#1819,#1971,#234,.T.);
#1687=EDGE_CURVE('',#1836,#1994,#235,.T.);
#1688=EDGE_CURVE('',#1994,#1991,#236,.T.);
#1689=EDGE_CURVE('',#1836,#1994,#237,.T.);
#1690=EDGE_CURVE('',#1991,#1995,#238,.T.);
#1691=EDGE_CURVE('',#1995,#1836,#239,.T.);
#1692=EDGE_CURVE('',#1908,#1955,#240,.T.);
#1693=EDGE_CURVE('',#1907,#1836,#241,.T.);
#1694=EDGE_CURVE('',#1909,#1954,#242,.T.);
#1695=EDGE_CURVE('',#1995,#1906,#243,.T.);
#1696=EDGE_CURVE('',#1996,#1896,#244,.T.);
#1697=EDGE_CURVE('',#1997,#1996,#245,.T.);
#1698=EDGE_CURVE('',#1997,#1900,#246,.T.);
#1699=EDGE_CURVE('',#1788,#1838,#247,.T.);
#1700=EDGE_CURVE('',#1789,#1847,#248,.T.);
#1701=EDGE_CURVE('',#1950,#1939,#403,.T.);
#1702=EDGE_CURVE('',#1949,#1941,#404,.T.);
#1703=EDGE_CURVE('',#1985,#1987,#405,.T.);
#1704=EDGE_CURVE('',#1986,#1988,#406,.T.);
#1705=EDGE_CURVE('',#1930,#1901,#407,.T.);
#1706=EDGE_CURVE('',#1929,#1897,#408,.T.);
#1707=EDGE_CURVE('',#1998,#1999,#409,.T.);
#1708=EDGE_CURVE('',#1999,#2000,#410,.T.);
#1709=EDGE_CURVE('',#2000,#2001,#411,.T.);
#1710=EDGE_CURVE('',#1998,#2001,#412,.T.);
#1711=EDGE_CURVE('',#1826,#1957,#413,.T.);
#1712=EDGE_CURVE('',#1820,#1956,#414,.T.);
#1713=EDGE_CURVE('',#1815,#1924,#415,.T.);
#1714=EDGE_CURVE('',#1886,#1838,#416,.T.);
#1715=EDGE_CURVE('',#1997,#1846,#417,.T.);
#1716=EDGE_CURVE('',#1996,#1843,#418,.T.);
#1717=EDGE_CURVE('',#1895,#1847,#419,.T.);
#1718=EDGE_CURVE('',#1835,#1925,#420,.T.);
#1719=EDGE_CURVE('',#1989,#1993,#421,.T.);
#1720=EDGE_CURVE('',#1990,#1992,#422,.T.);
#1721=EDGE_CURVE('',#1891,#1898,#423,.T.);
#1722=EDGE_CURVE('',#1890,#1899,#424,.T.);
#1723=EDGE_CURVE('',#2002,#1998,#425,.T.);
#1724=EDGE_CURVE('',#2001,#2003,#426,.T.);
#1725=EDGE_CURVE('',#1813,#2003,#427,.T.);
#1726=EDGE_CURVE('',#1805,#2002,#428,.T.);
#1727=EDGE_CURVE('',#1814,#2004,#429,.T.);
#1728=EDGE_CURVE('',#2003,#2004,#430,.T.);
#1729=EDGE_CURVE('',#1811,#2005,#431,.T.);
#1730=EDGE_CURVE('',#2004,#2005,#432,.T.);
#1731=EDGE_CURVE('',#1999,#2006,#433,.T.);
#1732=EDGE_CURVE('',#1803,#2006,#434,.T.);
#1733=EDGE_CURVE('',#2005,#2000,#435,.T.);
#1734=EDGE_CURVE('',#1804,#2007,#436,.T.);
#1735=EDGE_CURVE('',#2006,#2007,#437,.T.);
#1736=EDGE_CURVE('',#2007,#2002,#438,.T.);
#1737=EDGE_CURVE('',#2008,#2008,#2058,.T.);
#1738=EDGE_CURVE('',#2009,#2009,#2059,.T.);
#1739=EDGE_CURVE('',#2010,#2010,#2060,.T.);
#1740=EDGE_CURVE('',#2011,#2011,#2061,.T.);
#1741=EDGE_CURVE('',#2012,#2012,#2062,.T.);
#1742=EDGE_CURVE('',#2013,#2013,#2063,.T.);
#1743=EDGE_CURVE('',#2014,#2014,#2064,.T.);
#1744=EDGE_CURVE('',#2015,#2015,#2065,.T.);
#1745=EDGE_CURVE('',#1982,#1970,#439,.T.);
#1746=EDGE_CURVE('',#2016,#2016,#2066,.T.);
#1747=EDGE_CURVE('',#2017,#2017,#2067,.T.);
#1748=EDGE_CURVE('',#2018,#2018,#2068,.T.);
#1749=EDGE_CURVE('',#2019,#2019,#2069,.T.);
#1750=EDGE_CURVE('',#2020,#2020,#2070,.T.);
#1751=EDGE_CURVE('',#2021,#2021,#2071,.T.);
#1752=EDGE_CURVE('',#2022,#2022,#2072,.T.);
#1753=EDGE_CURVE('',#2023,#2023,#2073,.T.);
#1754=EDGE_CURVE('',#2024,#2024,#2074,.T.);
#1755=EDGE_CURVE('',#2025,#2025,#2075,.T.);
#1756=EDGE_CURVE('',#2026,#2026,#2076,.T.);
#1757=EDGE_CURVE('',#2027,#2027,#2077,.T.);
#1758=EDGE_CURVE('',#2028,#2028,#2078,.T.);
#1759=EDGE_CURVE('',#2029,#2029,#2079,.T.);
#1760=EDGE_CURVE('',#2030,#2030,#2080,.T.);
#1761=EDGE_CURVE('',#2031,#2031,#2081,.T.);
#1762=VERTEX_POINT('',#3254);
#1763=VERTEX_POINT('',#3256);
#1764=VERTEX_POINT('',#3257);
#1765=VERTEX_POINT('',#3259);
#1766=VERTEX_POINT('',#3261);
#1767=VERTEX_POINT('',#3265);
#1768=VERTEX_POINT('',#3267);
#1769=VERTEX_POINT('',#3268);
#1770=VERTEX_POINT('',#3270);
#1771=VERTEX_POINT('',#3272);
#1772=VERTEX_POINT('',#3276);
#1773=VERTEX_POINT('',#3277);
#1774=VERTEX_POINT('',#3279);
#1775=VERTEX_POINT('',#3282);
#1776=VERTEX_POINT('',#3284);
#1777=VERTEX_POINT('',#3286);
#1778=VERTEX_POINT('',#3288);
#1779=VERTEX_POINT('',#3290);
#1780=VERTEX_POINT('',#3292);
#1781=VERTEX_POINT('',#3295);
#1782=VERTEX_POINT('',#3297);
#1783=VERTEX_POINT('',#3299);
#1784=VERTEX_POINT('',#3301);
#1785=VERTEX_POINT('',#3303);
#1786=VERTEX_POINT('',#3305);
#1787=VERTEX_POINT('',#3307);
#1788=VERTEX_POINT('',#3311);
#1789=VERTEX_POINT('',#3312);
#1790=VERTEX_POINT('',#3314);
#1791=VERTEX_POINT('',#3316);
#1792=VERTEX_POINT('',#3320);
#1793=VERTEX_POINT('',#3321);
#1794=VERTEX_POINT('',#3323);
#1795=VERTEX_POINT('',#3325);
#1796=VERTEX_POINT('',#3329);
#1797=VERTEX_POINT('',#3331);
#1798=VERTEX_POINT('',#3333);
#1799=VERTEX_POINT('',#3335);
#1800=VERTEX_POINT('',#3337);
#1801=VERTEX_POINT('',#3339);
#1802=VERTEX_POINT('',#3340);
#1803=VERTEX_POINT('',#3342);
#1804=VERTEX_POINT('',#3344);
#1805=VERTEX_POINT('',#3346);
#1806=VERTEX_POINT('',#3350);
#1807=VERTEX_POINT('',#3352);
#1808=VERTEX_POINT('',#3354);
#1809=VERTEX_POINT('',#3356);
#1810=VERTEX_POINT('',#3358);
#1811=VERTEX_POINT('',#3359);
#1812=VERTEX_POINT('',#3361);
#1813=VERTEX_POINT('',#3363);
#1814=VERTEX_POINT('',#3365);
#1815=VERTEX_POINT('',#3384);
#1816=VERTEX_POINT('',#3385);
#1817=VERTEX_POINT('',#3387);
#1818=VERTEX_POINT('',#3393);
#1819=VERTEX_POINT('',#3395);
#1820=VERTEX_POINT('',#3425);
#1821=VERTEX_POINT('',#3432);
#1822=VERTEX_POINT('',#3437);
#1823=VERTEX_POINT('',#3442);
#1824=VERTEX_POINT('',#3447);
#1825=VERTEX_POINT('',#3454);
#1826=VERTEX_POINT('',#3485);
#1827=VERTEX_POINT('',#3486);
#1828=VERTEX_POINT('',#3491);
#1829=VERTEX_POINT('',#3497);
#1830=VERTEX_POINT('',#3502);
#1831=VERTEX_POINT('',#3509);
#1832=VERTEX_POINT('',#3514);
#1833=VERTEX_POINT('',#3519);
#1834=VERTEX_POINT('',#3541);
#1835=VERTEX_POINT('',#3542);
#1836=VERTEX_POINT('',#3548);
#1837=VERTEX_POINT('',#3568);
#1838=VERTEX_POINT('',#3569);
#1839=VERTEX_POINT('',#3575);
#1840=VERTEX_POINT('',#3580);
#1841=VERTEX_POINT('',#3603);
#1842=VERTEX_POINT('',#3604);
#1843=VERTEX_POINT('',#3609);
#1844=VERTEX_POINT('',#3616);
#1845=VERTEX_POINT('',#3639);
#1846=VERTEX_POINT('',#3640);
#1847=VERTEX_POINT('',#3670);
#1848=VERTEX_POINT('',#3671);
#1849=VERTEX_POINT('',#3741);
#1850=VERTEX_POINT('',#3742);
#1851=VERTEX_POINT('',#3747);
#1852=VERTEX_POINT('',#3752);
#1853=VERTEX_POINT('',#3758);
#1854=VERTEX_POINT('',#3763);
#1855=VERTEX_POINT('',#3768);
#1856=VERTEX_POINT('',#3773);
#1857=VERTEX_POINT('',#3785);
#1858=VERTEX_POINT('',#3790);
#1859=VERTEX_POINT('',#3848);
#1860=VERTEX_POINT('',#3849);
#1861=VERTEX_POINT('',#3855);
#1862=VERTEX_POINT('',#3860);
#1863=VERTEX_POINT('',#3882);
#1864=VERTEX_POINT('',#3883);
#1865=VERTEX_POINT('',#3890);
#1866=VERTEX_POINT('',#3895);
#1867=VERTEX_POINT('',#3915);
#1868=VERTEX_POINT('',#3916);
#1869=VERTEX_POINT('',#3941);
#1870=VERTEX_POINT('',#3942);
#1871=VERTEX_POINT('',#3948);
#1872=VERTEX_POINT('',#3953);
#1873=VERTEX_POINT('',#4044);
#1874=VERTEX_POINT('',#4103);
#1875=VERTEX_POINT('',#4104);
#1876=VERTEX_POINT('',#4109);
#1877=VERTEX_POINT('',#4134);
#1878=VERTEX_POINT('',#4139);
#1879=VERTEX_POINT('',#4170);
#1880=VERTEX_POINT('',#4171);
#1881=VERTEX_POINT('',#4173);
#1882=VERTEX_POINT('',#4175);
#1883=VERTEX_POINT('',#4178);
#1884=VERTEX_POINT('',#4180);
#1885=VERTEX_POINT('',#4184);
#1886=VERTEX_POINT('',#4331);
#1887=VERTEX_POINT('',#4336);
#1888=VERTEX_POINT('',#4342);
#1889=VERTEX_POINT('',#4347);
#1890=VERTEX_POINT('',#4355);
#1891=VERTEX_POINT('',#4360);
#1892=VERTEX_POINT('',#4368);
#1893=VERTEX_POINT('',#4373);
#1894=VERTEX_POINT('',#4379);
#1895=VERTEX_POINT('',#4384);
#1896=VERTEX_POINT('',#4395);
#1897=VERTEX_POINT('',#4396);
#1898=VERTEX_POINT('',#4408);
#1899=VERTEX_POINT('',#4413);
#1900=VERTEX_POINT('',#4425);
#1901=VERTEX_POINT('',#4432);
#1902=VERTEX_POINT('',#4526);
#1903=VERTEX_POINT('',#4527);
#1904=VERTEX_POINT('',#4533);
#1905=VERTEX_POINT('',#4538);
#1906=VERTEX_POINT('',#4550);
#1907=VERTEX_POINT('',#4555);
#1908=VERTEX_POINT('',#4560);
#1909=VERTEX_POINT('',#4565);
#1910=VERTEX_POINT('',#4571);
#1911=VERTEX_POINT('',#4576);
#1912=VERTEX_POINT('',#4659);
#1913=VERTEX_POINT('',#4660);
#1914=VERTEX_POINT('',#4665);
#1915=VERTEX_POINT('',#4671);
#1916=VERTEX_POINT('',#4694);
#1917=VERTEX_POINT('',#4695);
#1918=VERTEX_POINT('',#4700);
#1919=VERTEX_POINT('',#4706);
#1920=VERTEX_POINT('',#4751);
#1921=VERTEX_POINT('',#4756);
#1922=VERTEX_POINT('',#4791);
#1923=VERTEX_POINT('',#4797);
#1924=VERTEX_POINT('',#4818);
#1925=VERTEX_POINT('',#4823);
#1926=VERTEX_POINT('',#4828);
#1927=VERTEX_POINT('',#4834);
#1928=VERTEX_POINT('',#4839);
#1929=VERTEX_POINT('',#4845);
#1930=VERTEX_POINT('',#4850);
#1931=VERTEX_POINT('',#4856);
#1932=VERTEX_POINT('',#4888);
#1933=VERTEX_POINT('',#4912);
#1934=VERTEX_POINT('',#4913);
#1935=VERTEX_POINT('',#4923);
#1936=VERTEX_POINT('',#4982);
#1937=VERTEX_POINT('',#4983);
#1938=VERTEX_POINT('',#5012);
#1939=VERTEX_POINT('',#5135);
#1940=VERTEX_POINT('',#5136);
#1941=VERTEX_POINT('',#5141);
#1942=VERTEX_POINT('',#5147);
#1943=VERTEX_POINT('',#5339);
#1944=VERTEX_POINT('',#5341);
#1945=VERTEX_POINT('',#5360);
#1946=VERTEX_POINT('',#5365);
#1947=VERTEX_POINT('',#5370);
#1948=VERTEX_POINT('',#5375);
#1949=VERTEX_POINT('',#5381);
#1950=VERTEX_POINT('',#5386);
#1951=VERTEX_POINT('',#5392);
#1952=VERTEX_POINT('',#5397);
#1953=VERTEX_POINT('',#5402);
#1954=VERTEX_POINT('',#5531);
#1955=VERTEX_POINT('',#5536);
#1956=VERTEX_POINT('',#5567);
#1957=VERTEX_POINT('',#5572);
#1958=VERTEX_POINT('',#5601);
#1959=VERTEX_POINT('',#5605);
#1960=VERTEX_POINT('',#5606);
#1961=VERTEX_POINT('',#5609);
#1962=VERTEX_POINT('',#5611);
#1963=VERTEX_POINT('',#5616);
#1964=VERTEX_POINT('',#5620);
#1965=VERTEX_POINT('',#5623);
#1966=VERTEX_POINT('',#5625);
#1967=VERTEX_POINT('',#5628);
#1968=VERTEX_POINT('',#5631);
#1969=VERTEX_POINT('',#5633);
#1970=VERTEX_POINT('',#5636);
#1971=VERTEX_POINT('',#5638);
#1972=VERTEX_POINT('',#5642);
#1973=VERTEX_POINT('',#5644);
#1974=VERTEX_POINT('',#5656);
#1975=VERTEX_POINT('',#5659);
#1976=VERTEX_POINT('',#5663);
#1977=VERTEX_POINT('',#5666);
#1978=VERTEX_POINT('',#5670);
#1979=VERTEX_POINT('',#5673);
#1980=VERTEX_POINT('',#5677);
#1981=VERTEX_POINT('',#5680);
#1982=VERTEX_POINT('',#5684);
#1983=VERTEX_POINT('',#5688);
#1984=VERTEX_POINT('',#5689);
#1985=VERTEX_POINT('',#5815);
#1986=VERTEX_POINT('',#5832);
#1987=VERTEX_POINT('',#5975);
#1988=VERTEX_POINT('',#5980);
#1989=VERTEX_POINT('',#6167);
#1990=VERTEX_POINT('',#6172);
#1991=VERTEX_POINT('',#6328);
#1992=VERTEX_POINT('',#6334);
#1993=VERTEX_POINT('',#6339);
#1994=VERTEX_POINT('',#6364);
#1995=VERTEX_POINT('',#6484);
#1996=VERTEX_POINT('',#6589);
#1997=VERTEX_POINT('',#6594);
#1998=VERTEX_POINT('',#6621);
#1999=VERTEX_POINT('',#6622);
#2000=VERTEX_POINT('',#6624);
#2001=VERTEX_POINT('',#6626);
#2002=VERTEX_POINT('',#6646);
#2003=VERTEX_POINT('',#6648);
#2004=VERTEX_POINT('',#6653);
#2005=VERTEX_POINT('',#6657);
#2006=VERTEX_POINT('',#6661);
#2007=VERTEX_POINT('',#6666);
#2008=VERTEX_POINT('',#6672);
#2009=VERTEX_POINT('',#6674);
#2010=VERTEX_POINT('',#6676);
#2011=VERTEX_POINT('',#6678);
#2012=VERTEX_POINT('',#6681);
#2013=VERTEX_POINT('',#6683);
#2014=VERTEX_POINT('',#6685);
#2015=VERTEX_POINT('',#6687);
#2016=VERTEX_POINT('',#6697);
#2017=VERTEX_POINT('',#6700);
#2018=VERTEX_POINT('',#6704);
#2019=VERTEX_POINT('',#6707);
#2020=VERTEX_POINT('',#6711);
#2021=VERTEX_POINT('',#6714);
#2022=VERTEX_POINT('',#6718);
#2023=VERTEX_POINT('',#6721);
#2024=VERTEX_POINT('',#6725);
#2025=VERTEX_POINT('',#6728);
#2026=VERTEX_POINT('',#6732);
#2027=VERTEX_POINT('',#6735);
#2028=VERTEX_POINT('',#6739);
#2029=VERTEX_POINT('',#6742);
#2030=VERTEX_POINT('',#6746);
#2031=VERTEX_POINT('',#6749);
#2032=CIRCLE('',#2711,0.001);
#2033=CIRCLE('',#2713,0.001);
#2034=CIRCLE('',#2718,0.0015);
#2035=CIRCLE('',#2719,0.0015);
#2036=CIRCLE('',#2720,0.0015);
#2037=CIRCLE('',#2721,0.0015);
#2038=CIRCLE('',#2722,0.003525000000003);
#2039=CIRCLE('',#2724,0.0015);
#2040=CIRCLE('',#2725,0.0015);
#2041=CIRCLE('',#2726,0.0015);
#2042=CIRCLE('',#2727,0.0015);
#2043=CIRCLE('',#2731,0.003525000000003);
#2044=CIRCLE('',#2736,0.001);
#2045=CIRCLE('',#2737,0.001);
#2046=CIRCLE('',#2739,0.002);
#2047=CIRCLE('',#2740,0.002);
#2048=CIRCLE('',#2742,0.002);
#2049=CIRCLE('',#2743,0.002);
#2050=CIRCLE('',#2750,0.001);
#2051=CIRCLE('',#2752,0.002);
#2052=CIRCLE('',#2755,0.001);
#2053=CIRCLE('',#2757,0.002);
#2054=CIRCLE('',#2760,0.001);
#2055=CIRCLE('',#2762,0.002);
#2056=CIRCLE('',#2765,0.001);
#2057=CIRCLE('',#2767,0.002);
#2058=CIRCLE('',#2789,0.0027);
#2059=CIRCLE('',#2790,0.0027);
#2060=CIRCLE('',#2791,0.0027);
#2061=CIRCLE('',#2792,0.0027);
#2062=CIRCLE('',#2794,0.0027);
#2063=CIRCLE('',#2795,0.0027);
#2064=CIRCLE('',#2796,0.0027);
#2065=CIRCLE('',#2797,0.0027);
#2066=CIRCLE('',#2805,0.0015);
#2067=CIRCLE('',#2807,0.0027);
#2068=CIRCLE('',#2810,0.0015);
#2069=CIRCLE('',#2812,0.0027);
#2070=CIRCLE('',#2815,0.0015);
#2071=CIRCLE('',#2817,0.0027);
#2072=CIRCLE('',#2820,0.0015);
#2073=CIRCLE('',#2822,0.0027);
#2074=CIRCLE('',#2825,0.0015);
#2075=CIRCLE('',#2827,0.0027);
#2076=CIRCLE('',#2830,0.0015);
#2077=CIRCLE('',#2832,0.0027);
#2078=CIRCLE('',#2835,0.0015);
#2079=CIRCLE('',#2837,0.0027);
#2080=CIRCLE('',#2840,0.0015);
#2081=CIRCLE('',#2842,0.0027);
#2082=EDGE_LOOP('',(#577));
#2083=EDGE_LOOP('',(#578,#579,#580,#581));
#2084=EDGE_LOOP('',(#582));
#2085=EDGE_LOOP('',(#583,#584,#585,#586));
#2086=EDGE_LOOP('',(#587,#588,#589,#590,#591,#592,#593,#594,#595,#596,#597,
#598,#599,#600,#601,#602,#603,#604,#605,#606));
#2087=EDGE_LOOP('',(#607,#608,#609,#610));
#2088=EDGE_LOOP('',(#611,#612,#613,#614));
#2089=EDGE_LOOP('',(#615));
#2090=EDGE_LOOP('',(#616));
#2091=EDGE_LOOP('',(#617));
#2092=EDGE_LOOP('',(#618));
#2093=EDGE_LOOP('',(#619));
#2094=EDGE_LOOP('',(#620,#621,#622,#623,#624));
#2095=EDGE_LOOP('',(#625));
#2096=EDGE_LOOP('',(#626));
#2097=EDGE_LOOP('',(#627));
#2098=EDGE_LOOP('',(#628));
#2099=EDGE_LOOP('',(#629,#630,#631,#632,#633));
#2100=EDGE_LOOP('',(#634,#635,#636,#637,#638));
#2101=EDGE_LOOP('',(#639,#640,#641,#642,#643,#644,#645,#646));
#2102=EDGE_LOOP('',(#647,#648,#649,#650,#651,#652,#653,#654));
#2103=EDGE_LOOP('',(#655,#656,#657,#658,#659));
#2104=EDGE_LOOP('',(#660,#661,#662,#663));
#2105=EDGE_LOOP('',(#664,#665,#666,#667));
#2106=EDGE_LOOP('',(#668,#669,#670,#671));
#2107=EDGE_LOOP('',(#672,#673,#674,#675));
#2108=EDGE_LOOP('',(#676,#677,#678,#679,#680,#681,#682,#683,#684,#685));
#2109=EDGE_LOOP('',(#686,#687,#688,#689));
#2110=EDGE_LOOP('',(#690,#691,#692,#693));
#2111=EDGE_LOOP('',(#694,#695,#696,#697));
#2112=EDGE_LOOP('',(#698,#699,#700,#701));
#2113=EDGE_LOOP('',(#702,#703,#704,#705,#706,#707,#708,#709,#710));
#2114=EDGE_LOOP('',(#711,#712,#713,#714));
#2115=EDGE_LOOP('',(#715,#716,#717,#718));
#2116=EDGE_LOOP('',(#719,#720,#721,#722));
#2117=EDGE_LOOP('',(#723,#724,#725,#726,#727,#728,#729,#730));
#2118=EDGE_LOOP('',(#731,#732,#733,#734));
#2119=EDGE_LOOP('',(#735,#736,#737,#738,#739,#740,#741,#742,#743,#744,#745,
#746));
#2120=EDGE_LOOP('',(#747,#748,#749,#750,#751,#752,#753,#754,#755,#756,#757,
#758));
#2121=EDGE_LOOP('',(#759,#760,#761,#762));
#2122=EDGE_LOOP('',(#763,#764,#765,#766,#767,#768,#769,#770,#771,#772));
#2123=EDGE_LOOP('',(#773,#774,#775,#776));
#2124=EDGE_LOOP('',(#777,#778,#779,#780));
#2125=EDGE_LOOP('',(#781,#782,#783,#784));
#2126=EDGE_LOOP('',(#785,#786,#787,#788));
#2127=EDGE_LOOP('',(#789,#790,#791,#792));
#2128=EDGE_LOOP('',(#793,#794,#795,#796,#797));
#2129=EDGE_LOOP('',(#798,#799,#800,#801,#802,#803,#804,#805,#806,#807,#808,
#809));
#2130=EDGE_LOOP('',(#810,#811,#812,#813,#814));
#2131=EDGE_LOOP('',(#815));
#2132=EDGE_LOOP('',(#816));
#2133=EDGE_LOOP('',(#817,#818,#819,#820));
#2134=EDGE_LOOP('',(#821,#822,#823,#824));
#2135=EDGE_LOOP('',(#825,#826,#827,#828));
#2136=EDGE_LOOP('',(#829,#830,#831,#832));
#2137=EDGE_LOOP('',(#833,#834,#835,#836,#837,#838,#839,#840));
#2138=EDGE_LOOP('',(#841,#842,#843,#844));
#2139=EDGE_LOOP('',(#845,#846,#847,#848,#849,#850,#851,#852,#853,#854,#855,
#856,#857,#858,#859,#860));
#2140=EDGE_LOOP('',(#861,#862,#863,#864));
#2141=EDGE_LOOP('',(#865,#866,#867,#868,#869,#870,#871,#872,#873));
#2142=EDGE_LOOP('',(#874,#875,#876,#877,#878,#879,#880,#881,#882,#883,#884,
#885,#886,#887,#888,#889,#890,#891,#892,#893));
#2143=EDGE_LOOP('',(#894,#895,#896,#897));
#2144=EDGE_LOOP('',(#898,#899,#900,#901));
#2145=EDGE_LOOP('',(#902,#903,#904,#905,#906,#907,#908,#909));
#2146=EDGE_LOOP('',(#910,#911,#912,#913,#914,#915,#916,#917));
#2147=EDGE_LOOP('',(#918));
#2148=EDGE_LOOP('',(#919));
#2149=EDGE_LOOP('',(#920,#921,#922,#923));
#2150=EDGE_LOOP('',(#924));
#2151=EDGE_LOOP('',(#925));
#2152=EDGE_LOOP('',(#926,#927,#928,#929,#930,#931,#932));
#2153=EDGE_LOOP('',(#933));
#2154=EDGE_LOOP('',(#934));
#2155=EDGE_LOOP('',(#935,#936,#937,#938));
#2156=EDGE_LOOP('',(#939,#940,#941,#942));
#2157=EDGE_LOOP('',(#943,#944,#945,#946));
#2158=EDGE_LOOP('',(#947,#948,#949,#950));
#2159=EDGE_LOOP('',(#951,#952,#953,#954,#955,#956,#957,#958));
#2160=EDGE_LOOP('',(#959));
#2161=EDGE_LOOP('',(#960));
#2162=EDGE_LOOP('',(#961));
#2163=EDGE_LOOP('',(#962));
#2164=EDGE_LOOP('',(#963));
#2165=EDGE_LOOP('',(#964));
#2166=EDGE_LOOP('',(#965));
#2167=EDGE_LOOP('',(#966));
#2168=EDGE_LOOP('',(#967));
#2169=EDGE_LOOP('',(#968));
#2170=EDGE_LOOP('',(#969));
#2171=EDGE_LOOP('',(#970));
#2172=EDGE_LOOP('',(#971));
#2173=EDGE_LOOP('',(#972));
#2174=EDGE_LOOP('',(#973));
#2175=EDGE_LOOP('',(#974));
#2176=EDGE_LOOP('',(#975));
#2177=EDGE_LOOP('',(#976));
#2178=EDGE_LOOP('',(#977));
#2179=EDGE_LOOP('',(#978));
#2180=EDGE_LOOP('',(#979));
#2181=EDGE_LOOP('',(#980));
#2182=EDGE_LOOP('',(#981));
#2183=EDGE_LOOP('',(#982));
#2184=EDGE_LOOP('',(#983,#984,#985,#986,#987,#988,#989));
#2185=EDGE_LOOP('',(#990,#991,#992,#993));
#2186=EDGE_LOOP('',(#994,#995,#996,#997));
#2187=EDGE_LOOP('',(#998,#999,#1000,#1001));
#2188=EDGE_LOOP('',(#1002,#1003,#1004,#1005));
#2189=EDGE_LOOP('',(#1006,#1007,#1008,#1009,#1010,#1011,#1012,#1013));
#2190=EDGE_LOOP('',(#1014,#1015,#1016,#1017));
#2191=EDGE_LOOP('',(#1018,#1019,#1020,#1021,#1022,#1023,#1024,#1025));
#2192=EDGE_LOOP('',(#1026,#1027,#1028,#1029));
#2193=EDGE_LOOP('',(#1030,#1031,#1032,#1033));
#2194=EDGE_LOOP('',(#1034,#1035,#1036,#1037,#1038,#1039,#1040,#1041,#1042,
#1043,#1044,#1045,#1046,#1047,#1048,#1049,#1050,#1051,#1052,#1053,#1054,
#1055,#1056,#1057));
#2195=EDGE_LOOP('',(#1058,#1059,#1060,#1061,#1062,#1063,#1064,#1065,#1066,
#1067,#1068,#1069,#1070,#1071,#1072,#1073,#1074,#1075));
#2196=EDGE_LOOP('',(#1076,#1077,#1078,#1079));
#2197=EDGE_LOOP('',(#1080,#1081));
#2198=EDGE_LOOP('',(#1082,#1083));
#2199=EDGE_LOOP('',(#1084,#1085,#1086,#1087));
#2200=EDGE_LOOP('',(#1088,#1089,#1090,#1091));
#2201=EDGE_LOOP('',(#1092,#1093,#1094,#1095));
#2202=EDGE_LOOP('',(#1096,#1097,#1098,#1099));
#2203=EDGE_LOOP('',(#1100,#1101,#1102,#1103));
#2204=EDGE_LOOP('',(#1104,#1105,#1106,#1107,#1108,#1109,#1110,#1111,#1112,
#1113));
#2205=EDGE_LOOP('',(#1114,#1115,#1116,#1117));
#2206=EDGE_LOOP('',(#1118,#1119,#1120,#1121));
#2207=EDGE_LOOP('',(#1122,#1123,#1124,#1125));
#2208=EDGE_LOOP('',(#1126,#1127,#1128,#1129));
#2209=EDGE_LOOP('',(#1130,#1131,#1132,#1133,#1134,#1135,#1136,#1137,#1138,
#1139,#1140,#1141,#1142,#1143,#1144,#1145,#1146,#1147,#1148,#1149,#1150,
#1151,#1152,#1153,#1154,#1155,#1156,#1157,#1158,#1159));
#2210=EDGE_LOOP('',(#1160,#1161,#1162,#1163));
#2211=EDGE_LOOP('',(#1164,#1165,#1166,#1167,#1168,#1169,#1170,#1171,#1172,
#1173,#1174,#1175,#1176,#1177,#1178,#1179,#1180,#1181,#1182,#1183,#1184,
#1185));
#2212=EDGE_LOOP('',(#1186,#1187,#1188,#1189));
#2213=EDGE_LOOP('',(#1190,#1191,#1192,#1193));
#2214=EDGE_LOOP('',(#1194,#1195,#1196,#1197));
#2215=EDGE_LOOP('',(#1198,#1199,#1200,#1201));
#2216=EDGE_LOOP('',(#1202,#1203,#1204,#1205));
#2217=EDGE_LOOP('',(#1206,#1207,#1208,#1209));
#2218=EDGE_LOOP('',(#1210,#1211,#1212,#1213));
#2219=EDGE_LOOP('',(#1214,#1215,#1216,#1217));
#2220=EDGE_LOOP('',(#1218,#1219,#1220,#1221,#1222,#1223,#1224,#1225,#1226,
#1227,#1228,#1229,#1230,#1231,#1232,#1233,#1234,#1235,#1236,#1237,#1238,
#1239));
#2221=EDGE_LOOP('',(#1240,#1241,#1242,#1243));
#2222=EDGE_LOOP('',(#1244,#1245,#1246,#1247,#1248,#1249,#1250,#1251));
#2223=EDGE_LOOP('',(#1252,#1253,#1254,#1255));
#2224=EDGE_LOOP('',(#1256,#1257,#1258,#1259));
#2225=EDGE_LOOP('',(#1260,#1261,#1262,#1263,#1264,#1265,#1266,#1267));
#2226=EDGE_LOOP('',(#1268,#1269,#1270,#1271));
#2227=EDGE_LOOP('',(#1272,#1273,#1274,#1275));
#2228=EDGE_LOOP('',(#1276));
#2229=EDGE_LOOP('',(#1277));
#2230=EDGE_LOOP('',(#1278));
#2231=EDGE_LOOP('',(#1279));
#2232=EDGE_LOOP('',(#1280));
#2233=EDGE_LOOP('',(#1281,#1282,#1283,#1284,#1285));
#2234=EDGE_LOOP('',(#1286));
#2235=EDGE_LOOP('',(#1287));
#2236=EDGE_LOOP('',(#1288));
#2237=EDGE_LOOP('',(#1289));
#2238=EDGE_LOOP('',(#1290,#1291,#1292,#1293,#1294));
#2239=EDGE_LOOP('',(#1295,#1296,#1297,#1298));
#2240=EDGE_LOOP('',(#1299,#1300,#1301,#1302));
#2241=EDGE_LOOP('',(#1303,#1304,#1305,#1306));
#2242=EDGE_LOOP('',(#1307,#1308,#1309,#1310));
#2243=EDGE_LOOP('',(#1311,#1312,#1313,#1314));
#2244=EDGE_LOOP('',(#1315,#1316,#1317,#1318));
#2245=EDGE_LOOP('',(#1319));
#2246=EDGE_LOOP('',(#1320));
#2247=EDGE_LOOP('',(#1321));
#2248=EDGE_LOOP('',(#1322));
#2249=EDGE_LOOP('',(#1323));
#2250=EDGE_LOOP('',(#1324));
#2251=EDGE_LOOP('',(#1325));
#2252=EDGE_LOOP('',(#1326));
#2253=EDGE_LOOP('',(#1327));
#2254=EDGE_LOOP('',(#1328));
#2255=EDGE_LOOP('',(#1329));
#2256=EDGE_LOOP('',(#1330));
#2257=EDGE_LOOP('',(#1331));
#2258=EDGE_LOOP('',(#1332));
#2259=EDGE_LOOP('',(#1333));
#2260=EDGE_LOOP('',(#1334));
#2261=EDGE_LOOP('',(#1335));
#2262=EDGE_LOOP('',(#1336));
#2263=EDGE_LOOP('',(#1337));
#2264=EDGE_LOOP('',(#1338));
#2265=EDGE_LOOP('',(#1339));
#2266=EDGE_LOOP('',(#1340));
#2267=EDGE_LOOP('',(#1341));
#2268=EDGE_LOOP('',(#1342));
#2269=EDGE_LOOP('',(#1343));
#2270=EDGE_LOOP('',(#1344));
#2271=EDGE_LOOP('',(#1345));
#2272=EDGE_LOOP('',(#1346));
#2273=EDGE_LOOP('',(#1347));
#2274=EDGE_LOOP('',(#1348));
#2275=EDGE_LOOP('',(#1349));
#2276=EDGE_LOOP('',(#1350));
#2277=EDGE_LOOP('',(#1351));
#2278=EDGE_LOOP('',(#1352));
#2279=EDGE_LOOP('',(#1353));
#2280=EDGE_LOOP('',(#1354));
#2281=EDGE_LOOP('',(#1355));
#2282=EDGE_LOOP('',(#1356));
#2283=EDGE_LOOP('',(#1357));
#2284=EDGE_LOOP('',(#1358));
#2285=EDGE_LOOP('',(#1359));
#2286=EDGE_LOOP('',(#1360));
#2287=EDGE_LOOP('',(#1361));
#2288=EDGE_LOOP('',(#1362));
#2289=EDGE_LOOP('',(#1363));
#2290=EDGE_LOOP('',(#1364));
#2291=EDGE_LOOP('',(#1365));
#2292=EDGE_LOOP('',(#1366));
#2293=FACE_BOUND('',#2082,.T.);
#2294=FACE_BOUND('',#2083,.T.);
#2295=FACE_BOUND('',#2084,.T.);
#2296=FACE_BOUND('',#2085,.T.);
#2297=FACE_BOUND('',#2086,.T.);
#2298=FACE_BOUND('',#2087,.T.);
#2299=FACE_BOUND('',#2088,.T.);
#2300=FACE_BOUND('',#2089,.T.);
#2301=FACE_BOUND('',#2090,.T.);
#2302=FACE_BOUND('',#2091,.T.);
#2303=FACE_BOUND('',#2092,.T.);
#2304=FACE_BOUND('',#2093,.T.);
#2305=FACE_BOUND('',#2094,.T.);
#2306=FACE_BOUND('',#2095,.T.);
#2307=FACE_BOUND('',#2096,.T.);
#2308=FACE_BOUND('',#2097,.T.);
#2309=FACE_BOUND('',#2098,.T.);
#2310=FACE_BOUND('',#2099,.T.);
#2311=FACE_BOUND('',#2100,.T.);
#2312=FACE_BOUND('',#2101,.T.);
#2313=FACE_BOUND('',#2102,.T.);
#2314=FACE_BOUND('',#2103,.T.);
#2315=FACE_BOUND('',#2104,.T.);
#2316=FACE_BOUND('',#2105,.T.);
#2317=FACE_BOUND('',#2106,.T.);
#2318=FACE_BOUND('',#2107,.T.);
#2319=FACE_BOUND('',#2108,.T.);
#2320=FACE_BOUND('',#2109,.T.);
#2321=FACE_BOUND('',#2110,.T.);
#2322=FACE_BOUND('',#2111,.T.);
#2323=FACE_BOUND('',#2112,.T.);
#2324=FACE_BOUND('',#2113,.T.);
#2325=FACE_BOUND('',#2114,.T.);
#2326=FACE_BOUND('',#2115,.T.);
#2327=FACE_BOUND('',#2116,.T.);
#2328=FACE_BOUND('',#2117,.T.);
#2329=FACE_BOUND('',#2118,.T.);
#2330=FACE_BOUND('',#2119,.T.);
#2331=FACE_BOUND('',#2120,.T.);
#2332=FACE_BOUND('',#2121,.T.);
#2333=FACE_BOUND('',#2122,.T.);
#2334=FACE_BOUND('',#2123,.T.);
#2335=FACE_BOUND('',#2124,.T.);
#2336=FACE_BOUND('',#2125,.T.);
#2337=FACE_BOUND('',#2126,.T.);
#2338=FACE_BOUND('',#2127,.T.);
#2339=FACE_BOUND('',#2128,.T.);
#2340=FACE_BOUND('',#2129,.T.);
#2341=FACE_BOUND('',#2130,.T.);
#2342=FACE_BOUND('',#2131,.T.);
#2343=FACE_BOUND('',#2132,.T.);
#2344=FACE_BOUND('',#2133,.T.);
#2345=FACE_BOUND('',#2134,.T.);
#2346=FACE_BOUND('',#2135,.T.);
#2347=FACE_BOUND('',#2136,.T.);
#2348=FACE_BOUND('',#2137,.T.);
#2349=FACE_BOUND('',#2138,.T.);
#2350=FACE_BOUND('',#2139,.T.);
#2351=FACE_BOUND('',#2140,.T.);
#2352=FACE_BOUND('',#2141,.T.);
#2353=FACE_BOUND('',#2142,.T.);
#2354=FACE_BOUND('',#2143,.T.);
#2355=FACE_BOUND('',#2144,.T.);
#2356=FACE_BOUND('',#2145,.T.);
#2357=FACE_BOUND('',#2146,.T.);
#2358=FACE_BOUND('',#2147,.T.);
#2359=FACE_BOUND('',#2148,.T.);
#2360=FACE_BOUND('',#2149,.T.);
#2361=FACE_BOUND('',#2150,.T.);
#2362=FACE_BOUND('',#2151,.T.);
#2363=FACE_BOUND('',#2152,.T.);
#2364=FACE_BOUND('',#2153,.T.);
#2365=FACE_BOUND('',#2154,.T.);
#2366=FACE_BOUND('',#2155,.T.);
#2367=FACE_BOUND('',#2156,.T.);
#2368=FACE_BOUND('',#2157,.T.);
#2369=FACE_BOUND('',#2158,.T.);
#2370=FACE_BOUND('',#2159,.T.);
#2371=FACE_BOUND('',#2160,.T.);
#2372=FACE_BOUND('',#2161,.T.);
#2373=FACE_BOUND('',#2162,.T.);
#2374=FACE_BOUND('',#2163,.T.);
#2375=FACE_BOUND('',#2164,.T.);
#2376=FACE_BOUND('',#2165,.T.);
#2377=FACE_BOUND('',#2166,.T.);
#2378=FACE_BOUND('',#2167,.T.);
#2379=FACE_BOUND('',#2168,.T.);
#2380=FACE_BOUND('',#2169,.T.);
#2381=FACE_BOUND('',#2170,.T.);
#2382=FACE_BOUND('',#2171,.T.);
#2383=FACE_BOUND('',#2172,.T.);
#2384=FACE_BOUND('',#2173,.T.);
#2385=FACE_BOUND('',#2174,.T.);
#2386=FACE_BOUND('',#2175,.T.);
#2387=FACE_BOUND('',#2176,.T.);
#2388=FACE_BOUND('',#2177,.T.);
#2389=FACE_BOUND('',#2178,.T.);
#2390=FACE_BOUND('',#2179,.T.);
#2391=FACE_BOUND('',#2180,.T.);
#2392=FACE_BOUND('',#2181,.T.);
#2393=FACE_BOUND('',#2182,.T.);
#2394=FACE_BOUND('',#2183,.T.);
#2395=FACE_BOUND('',#2184,.T.);
#2396=FACE_BOUND('',#2185,.T.);
#2397=FACE_BOUND('',#2186,.T.);
#2398=FACE_BOUND('',#2187,.T.);
#2399=FACE_BOUND('',#2188,.T.);
#2400=FACE_BOUND('',#2189,.T.);
#2401=FACE_BOUND('',#2190,.T.);
#2402=FACE_BOUND('',#2191,.T.);
#2403=FACE_BOUND('',#2192,.T.);
#2404=FACE_BOUND('',#2193,.T.);
#2405=FACE_BOUND('',#2194,.T.);
#2406=FACE_BOUND('',#2195,.T.);
#2407=FACE_BOUND('',#2196,.T.);
#2408=FACE_BOUND('',#2197,.T.);
#2409=FACE_BOUND('',#2198,.T.);
#2410=FACE_BOUND('',#2199,.T.);
#2411=FACE_BOUND('',#2200,.T.);
#2412=FACE_BOUND('',#2201,.T.);
#2413=FACE_BOUND('',#2202,.T.);
#2414=FACE_BOUND('',#2203,.T.);
#2415=FACE_BOUND('',#2204,.T.);
#2416=FACE_BOUND('',#2205,.T.);
#2417=FACE_BOUND('',#2206,.T.);
#2418=FACE_BOUND('',#2207,.T.);
#2419=FACE_BOUND('',#2208,.T.);
#2420=FACE_BOUND('',#2209,.T.);
#2421=FACE_BOUND('',#2210,.T.);
#2422=FACE_BOUND('',#2211,.T.);
#2423=FACE_BOUND('',#2212,.T.);
#2424=FACE_BOUND('',#2213,.T.);
#2425=FACE_BOUND('',#2214,.T.);
#2426=FACE_BOUND('',#2215,.T.);
#2427=FACE_BOUND('',#2216,.T.);
#2428=FACE_BOUND('',#2217,.T.);
#2429=FACE_BOUND('',#2218,.T.);
#2430=FACE_BOUND('',#2219,.T.);
#2431=FACE_BOUND('',#2220,.T.);
#2432=FACE_BOUND('',#2221,.T.);
#2433=FACE_BOUND('',#2222,.T.);
#2434=FACE_BOUND('',#2223,.T.);
#2435=FACE_BOUND('',#2224,.T.);
#2436=FACE_BOUND('',#2225,.T.);
#2437=FACE_BOUND('',#2226,.T.);
#2438=FACE_BOUND('',#2227,.T.);
#2439=FACE_BOUND('',#2228,.T.);
#2440=FACE_BOUND('',#2229,.T.);
#2441=FACE_BOUND('',#2230,.T.);
#2442=FACE_BOUND('',#2231,.T.);
#2443=FACE_BOUND('',#2232,.T.);
#2444=FACE_BOUND('',#2233,.T.);
#2445=FACE_BOUND('',#2234,.T.);
#2446=FACE_BOUND('',#2235,.T.);
#2447=FACE_BOUND('',#2236,.T.);
#2448=FACE_BOUND('',#2237,.T.);
#2449=FACE_BOUND('',#2238,.T.);
#2450=FACE_BOUND('',#2239,.T.);
#2451=FACE_BOUND('',#2240,.T.);
#2452=FACE_BOUND('',#2241,.T.);
#2453=FACE_BOUND('',#2242,.T.);
#2454=FACE_BOUND('',#2243,.T.);
#2455=FACE_BOUND('',#2244,.T.);
#2456=FACE_BOUND('',#2245,.T.);
#2457=FACE_BOUND('',#2246,.T.);
#2458=FACE_BOUND('',#2247,.T.);
#2459=FACE_BOUND('',#2248,.T.);
#2460=FACE_BOUND('',#2249,.T.);
#2461=FACE_BOUND('',#2250,.T.);
#2462=FACE_BOUND('',#2251,.T.);
#2463=FACE_BOUND('',#2252,.T.);
#2464=FACE_BOUND('',#2253,.T.);
#2465=FACE_BOUND('',#2254,.T.);
#2466=FACE_BOUND('',#2255,.T.);
#2467=FACE_BOUND('',#2256,.T.);
#2468=FACE_BOUND('',#2257,.T.);
#2469=FACE_BOUND('',#2258,.T.);
#2470=FACE_BOUND('',#2259,.T.);
#2471=FACE_BOUND('',#2260,.T.);
#2472=FACE_BOUND('',#2261,.T.);
#2473=FACE_BOUND('',#2262,.T.);
#2474=FACE_BOUND('',#2263,.T.);
#2475=FACE_BOUND('',#2264,.T.);
#2476=FACE_BOUND('',#2265,.T.);
#2477=FACE_BOUND('',#2266,.T.);
#2478=FACE_BOUND('',#2267,.T.);
#2479=FACE_BOUND('',#2268,.T.);
#2480=FACE_BOUND('',#2269,.T.);
#2481=FACE_BOUND('',#2270,.T.);
#2482=FACE_BOUND('',#2271,.T.);
#2483=FACE_BOUND('',#2272,.T.);
#2484=FACE_BOUND('',#2273,.T.);
#2485=FACE_BOUND('',#2274,.T.);
#2486=FACE_BOUND('',#2275,.T.);
#2487=FACE_BOUND('',#2276,.T.);
#2488=FACE_BOUND('',#2277,.T.);
#2489=FACE_BOUND('',#2278,.T.);
#2490=FACE_BOUND('',#2279,.T.);
#2491=FACE_BOUND('',#2280,.T.);
#2492=FACE_BOUND('',#2281,.T.);
#2493=FACE_BOUND('',#2282,.T.);
#2494=FACE_BOUND('',#2283,.T.);
#2495=FACE_BOUND('',#2284,.T.);
#2496=FACE_BOUND('',#2285,.T.);
#2497=FACE_BOUND('',#2286,.T.);
#2498=FACE_BOUND('',#2287,.T.);
#2499=FACE_BOUND('',#2288,.T.);
#2500=FACE_BOUND('',#2289,.T.);
#2501=FACE_BOUND('',#2290,.T.);
#2502=FACE_BOUND('',#2291,.T.);
#2503=FACE_BOUND('',#2292,.T.);
#2504=PLANE('',#2710);
#2505=PLANE('',#2712);
#2506=PLANE('',#2714);
#2507=PLANE('',#2715);
#2508=PLANE('',#2716);
#2509=PLANE('',#2717);
#2510=PLANE('',#2723);
#2511=PLANE('',#2728);
#2512=PLANE('',#2729);
#2513=PLANE('',#2732);
#2514=PLANE('',#2733);
#2515=PLANE('',#2734);
#2516=PLANE('',#2735);
#2517=PLANE('',#2738);
#2518=PLANE('',#2741);
#2519=PLANE('',#2744);
#2520=PLANE('',#2745);
#2521=PLANE('',#2746);
#2522=PLANE('',#2747);
#2523=PLANE('',#2748);
#2524=PLANE('',#2751);
#2525=PLANE('',#2756);
#2526=PLANE('',#2761);
#2527=PLANE('',#2766);
#2528=PLANE('',#2769);
#2529=PLANE('',#2770);
#2530=PLANE('',#2771);
#2531=PLANE('',#2772);
#2532=PLANE('',#2773);
#2533=PLANE('',#2774);
#2534=PLANE('',#2775);
#2535=PLANE('',#2776);
#2536=PLANE('',#2777);
#2537=PLANE('',#2778);
#2538=PLANE('',#2779);
#2539=PLANE('',#2780);
#2540=PLANE('',#2781);
#2541=PLANE('',#2782);
#2542=PLANE('',#2783);
#2543=PLANE('',#2784);
#2544=PLANE('',#2785);
#2545=PLANE('',#2786);
#2546=PLANE('',#2787);
#2547=PLANE('',#2788);
#2548=PLANE('',#2793);
#2549=PLANE('',#2802);
#2550=PLANE('',#2803);
#2551=PLANE('',#2806);
#2552=PLANE('',#2811);
#2553=PLANE('',#2816);
#2554=PLANE('',#2821);
#2555=PLANE('',#2826);
#2556=PLANE('',#2831);
#2557=PLANE('',#2836);
#2558=PLANE('',#2841);
#2559=ADVANCED_FACE('',(#2293,#2294),#2504,.F.);
#2560=ADVANCED_FACE('',(#2295,#2296),#2505,.F.);
#2561=ADVANCED_FACE('',(#2297),#2506,.T.);
#2562=ADVANCED_FACE('',(#2298),#2507,.T.);
#2563=ADVANCED_FACE('',(#2299),#2508,.T.);
#2564=ADVANCED_FACE('',(#2300,#2301,#2302,#2303,#2304,#2305),#2509,.F.);
#2565=ADVANCED_FACE('',(#2306,#2307,#2308,#2309,#2310),#2510,.F.);
#2566=ADVANCED_FACE('',(#2311),#249,.T.);
#2567=ADVANCED_FACE('',(#2312),#250,.T.);
#2568=ADVANCED_FACE('',(#2313),#251,.T.);
#2569=ADVANCED_FACE('',(#2314),#252,.T.);
#2570=ADVANCED_FACE('',(#2315),#253,.T.);
#2571=ADVANCED_FACE('',(#2316),#254,.T.);
#2572=ADVANCED_FACE('',(#2317),#255,.T.);
#2573=ADVANCED_FACE('',(#2318),#256,.T.);
#2574=ADVANCED_FACE('',(#2319),#257,.T.);
#2575=ADVANCED_FACE('',(#2320),#258,.T.);
#2576=ADVANCED_FACE('',(#2321),#259,.T.);
#2577=ADVANCED_FACE('',(#2322),#260,.T.);
#2578=ADVANCED_FACE('',(#2323),#261,.T.);
#2579=ADVANCED_FACE('',(#2324),#262,.T.);
#2580=ADVANCED_FACE('',(#2325),#263,.T.);
#2581=ADVANCED_FACE('',(#2326),#264,.T.);
#2582=ADVANCED_FACE('',(#2327),#265,.T.);
#2583=ADVANCED_FACE('',(#2328),#2511,.T.);
#2584=ADVANCED_FACE('',(#2329),#2512,.T.);
#2585=ADVANCED_FACE('',(#2330,#2331),#266,.T.);
#2586=ADVANCED_FACE('',(#2332),#267,.T.);
#2587=ADVANCED_FACE('',(#2333),#268,.T.);
#2588=ADVANCED_FACE('',(#2334),#269,.T.);
#2589=ADVANCED_FACE('',(#2335),#270,.T.);
#2590=ADVANCED_FACE('',(#2336),#271,.T.);
#2591=ADVANCED_FACE('',(#2337),#272,.T.);
#2592=ADVANCED_FACE('',(#2338),#273,.T.);
#2593=ADVANCED_FACE('',(#2339),#274,.T.);
#2594=ADVANCED_FACE('',(#2340),#275,.T.);
#2595=ADVANCED_FACE('',(#2341),#276,.T.);
#2596=ADVANCED_FACE('',(#2342,#2343),#12,.F.);
#2597=ADVANCED_FACE('',(#2344),#2513,.F.);
#2598=ADVANCED_FACE('',(#2345),#277,.T.);
#2599=ADVANCED_FACE('',(#2346),#278,.T.);
#2600=ADVANCED_FACE('',(#2347),#279,.T.);
#2601=ADVANCED_FACE('',(#2348),#280,.T.);
#2602=ADVANCED_FACE('',(#2349),#281,.T.);
#2603=ADVANCED_FACE('',(#2350),#282,.T.);
#2604=ADVANCED_FACE('',(#2351),#283,.T.);
#2605=ADVANCED_FACE('',(#2352),#284,.T.);
#2606=ADVANCED_FACE('',(#2353),#285,.T.);
#2607=ADVANCED_FACE('',(#2354),#286,.T.);
#2608=ADVANCED_FACE('',(#2355),#2514,.T.);
#2609=ADVANCED_FACE('',(#2356),#2515,.F.);
#2610=ADVANCED_FACE('',(#2357,#2358,#2359),#2516,.T.);
#2611=ADVANCED_FACE('',(#2360,#2361,#2362),#2517,.T.);
#2612=ADVANCED_FACE('',(#2363,#2364,#2365),#2518,.T.);
#2613=ADVANCED_FACE('',(#2366),#2519,.F.);
#2614=ADVANCED_FACE('',(#2367),#2520,.T.);
#2615=ADVANCED_FACE('',(#2368),#2521,.F.);
#2616=ADVANCED_FACE('',(#2369),#2522,.F.);
#2617=ADVANCED_FACE('',(#2370),#2523,.T.);
#2618=ADVANCED_FACE('',(#2371,#2372),#13,.F.);
#2619=ADVANCED_FACE('',(#2373,#2374),#2524,.T.);
#2620=ADVANCED_FACE('',(#2375,#2376),#14,.F.);
#2621=ADVANCED_FACE('',(#2377,#2378),#15,.F.);
#2622=ADVANCED_FACE('',(#2379,#2380),#2525,.T.);
#2623=ADVANCED_FACE('',(#2381,#2382),#16,.F.);
#2624=ADVANCED_FACE('',(#2383,#2384),#17,.F.);
#2625=ADVANCED_FACE('',(#2385,#2386),#2526,.T.);
#2626=ADVANCED_FACE('',(#2387,#2388),#18,.F.);
#2627=ADVANCED_FACE('',(#2389,#2390),#19,.F.);
#2628=ADVANCED_FACE('',(#2391,#2392),#2527,.T.);
#2629=ADVANCED_FACE('',(#2393,#2394),#20,.F.);
#2630=ADVANCED_FACE('',(#2395),#2528,.F.);
#2631=ADVANCED_FACE('',(#2396),#2529,.T.);
#2632=ADVANCED_FACE('',(#2397),#2530,.T.);
#2633=ADVANCED_FACE('',(#2398),#2531,.F.);
#2634=ADVANCED_FACE('',(#2399),#2532,.F.);
#2635=ADVANCED_FACE('',(#2400),#287,.T.);
#2636=ADVANCED_FACE('',(#2401),#288,.T.);
#2637=ADVANCED_FACE('',(#2402),#289,.T.);
#2638=ADVANCED_FACE('',(#2403),#290,.T.);
#2639=ADVANCED_FACE('',(#2404),#291,.T.);
#2640=ADVANCED_FACE('',(#2405),#292,.T.);
#2641=ADVANCED_FACE('',(#2406),#293,.T.);
#2642=ADVANCED_FACE('',(#2407),#294,.T.);
#2643=ADVANCED_FACE('',(#2408),#295,.T.);
#2644=ADVANCED_FACE('',(#2409),#296,.T.);
#2645=ADVANCED_FACE('',(#2410),#297,.T.);
#2646=ADVANCED_FACE('',(#2411),#298,.T.);
#2647=ADVANCED_FACE('',(#2412),#299,.T.);
#2648=ADVANCED_FACE('',(#2413),#300,.T.);
#2649=ADVANCED_FACE('',(#2414),#301,.T.);
#2650=ADVANCED_FACE('',(#2415),#302,.T.);
#2651=ADVANCED_FACE('',(#2416),#2533,.T.);
#2652=ADVANCED_FACE('',(#2417),#2534,.T.);
#2653=ADVANCED_FACE('',(#2418),#2535,.F.);
#2654=ADVANCED_FACE('',(#2419,#2420),#2536,.F.);
#2655=ADVANCED_FACE('',(#2421),#2537,.T.);
#2656=ADVANCED_FACE('',(#2422,#2423,#2424,#2425,#2426),#2538,.F.);
#2657=ADVANCED_FACE('',(#2427,#2428,#2429,#2430,#2431),#2539,.T.);
#2658=ADVANCED_FACE('',(#2432),#2540,.F.);
#2659=ADVANCED_FACE('',(#2433),#2541,.F.);
#2660=ADVANCED_FACE('',(#2434),#2542,.F.);
#2661=ADVANCED_FACE('',(#2435),#2543,.F.);
#2662=ADVANCED_FACE('',(#2436),#2544,.F.);
#2663=ADVANCED_FACE('',(#2437),#2545,.F.);
#2664=ADVANCED_FACE('',(#2438),#2546,.F.);
#2665=ADVANCED_FACE('',(#2439,#2440,#2441,#2442,#2443,#2444),#2547,.T.);
#2666=ADVANCED_FACE('',(#2445,#2446,#2447,#2448,#2449),#2548,.T.);
#2667=ADVANCED_FACE('',(#2450),#21,.F.);
#2668=ADVANCED_FACE('',(#2451),#22,.F.);
#2669=ADVANCED_FACE('',(#2452),#23,.F.);
#2670=ADVANCED_FACE('',(#2453),#24,.F.);
#2671=ADVANCED_FACE('',(#2454),#2549,.T.);
#2672=ADVANCED_FACE('',(#2455),#2550,.F.);
#2673=ADVANCED_FACE('',(#2456,#2457),#25,.F.);
#2674=ADVANCED_FACE('',(#2458,#2459),#2551,.T.);
#2675=ADVANCED_FACE('',(#2460,#2461),#26,.F.);
#2676=ADVANCED_FACE('',(#2462,#2463),#27,.F.);
#2677=ADVANCED_FACE('',(#2464,#2465),#2552,.T.);
#2678=ADVANCED_FACE('',(#2466,#2467),#28,.F.);
#2679=ADVANCED_FACE('',(#2468,#2469),#29,.F.);
#2680=ADVANCED_FACE('',(#2470,#2471),#2553,.T.);
#2681=ADVANCED_FACE('',(#2472,#2473),#30,.F.);
#2682=ADVANCED_FACE('',(#2474,#2475),#31,.F.);
#2683=ADVANCED_FACE('',(#2476,#2477),#2554,.T.);
#2684=ADVANCED_FACE('',(#2478,#2479),#32,.F.);
#2685=ADVANCED_FACE('',(#2480,#2481),#33,.F.);
#2686=ADVANCED_FACE('',(#2482,#2483),#2555,.T.);
#2687=ADVANCED_FACE('',(#2484,#2485),#34,.F.);
#2688=ADVANCED_FACE('',(#2486,#2487),#35,.F.);
#2689=ADVANCED_FACE('',(#2488,#2489),#2556,.T.);
#2690=ADVANCED_FACE('',(#2490,#2491),#36,.F.);
#2691=ADVANCED_FACE('',(#2492,#2493),#37,.F.);
#2692=ADVANCED_FACE('',(#2494,#2495),#2557,.T.);
#2693=ADVANCED_FACE('',(#2496,#2497),#38,.F.);
#2694=ADVANCED_FACE('',(#2498,#2499),#39,.F.);
#2695=ADVANCED_FACE('',(#2500,#2501),#2558,.T.);
#2696=ADVANCED_FACE('',(#2502,#2503),#40,.F.);
#2697=CLOSED_SHELL('',(#2559,#2560,#2561,#2562,#2563,#2564,#2565,#2566,
#2567,#2568,#2569,#2570,#2571,#2572,#2573,#2574,#2575,#2576,#2577,#2578,
#2579,#2580,#2581,#2582,#2583,#2584,#2585,#2586,#2587,#2588,#2589,#2590,
#2591,#2592,#2593,#2594,#2595,#2596,#2597,#2598,#2599,#2600,#2601,#2602,
#2603,#2604,#2605,#2606,#2607,#2608,#2609,#2610,#2611,#2612,#2613,#2614,
#2615,#2616,#2617,#2618,#2619,#2620,#2621,#2622,#2623,#2624,#2625,#2626,
#2627,#2628,#2629,#2630,#2631,#2632,#2633,#2634,#2635,#2636,#2637,#2638,
#2639,#2640,#2641,#2642,#2643,#2644,#2645,#2646,#2647,#2648,#2649,#2650,
#2651,#2652,#2653,#2654,#2655,#2656,#2657,#2658,#2659,#2660,#2661,#2662,
#2663,#2664,#2665,#2666,#2667,#2668,#2669,#2670,#2671,#2672,#2673,#2674,
#2675,#2676,#2677,#2678,#2679,#2680,#2681,#2682,#2683,#2684,#2685,#2686,
#2687,#2688,#2689,#2690,#2691,#2692,#2693,#2694,#2695,#2696));
#2698=STYLED_ITEM('',(#2699),#2706);
#2699=PRESENTATION_STYLE_ASSIGNMENT((#2700));
#2700=SURFACE_STYLE_USAGE(.BOTH.,#2701);
#2701=SURFACE_SIDE_STYLE('',(#2702));
#2702=SURFACE_STYLE_FILL_AREA(#2703);
#2703=FILL_AREA_STYLE('',(#2704));
#2704=FILL_AREA_STYLE_COLOUR('',#2705);
#2705=COLOUR_RGB('',0.0941176470588235,0.580392156862745,0.545098039215686);
#2706=MANIFOLD_SOLID_BREP('Link3',#2697);
#2707=SHAPE_DEFINITION_REPRESENTATION(#6757,#2708);
#2708=SHAPE_REPRESENTATION('Link3',(#2709),#6752);
#2709=AXIS2_PLACEMENT_3D('',#3251,#2844,#2845);
#2710=AXIS2_PLACEMENT_3D('',#3252,#2846,#2847);
#2711=AXIS2_PLACEMENT_3D('',#3253,#2848,#2849);
#2712=AXIS2_PLACEMENT_3D('',#3263,#2854,#2855);
#2713=AXIS2_PLACEMENT_3D('',#3264,#2856,#2857);
#2714=AXIS2_PLACEMENT_3D('',#3274,#2862,#2863);
#2715=AXIS2_PLACEMENT_3D('',#3309,#2882,#2883);
#2716=AXIS2_PLACEMENT_3D('',#3318,#2888,#2889);
#2717=AXIS2_PLACEMENT_3D('',#3327,#2894,#2895);
#2718=AXIS2_PLACEMENT_3D('',#3328,#2896,#2897);
#2719=AXIS2_PLACEMENT_3D('',#3330,#2898,#2899);
#2720=AXIS2_PLACEMENT_3D('',#3332,#2900,#2901);
#2721=AXIS2_PLACEMENT_3D('',#3334,#2902,#2903);
#2722=AXIS2_PLACEMENT_3D('',#3336,#2904,#2905);
#2723=AXIS2_PLACEMENT_3D('',#3348,#2911,#2912);
#2724=AXIS2_PLACEMENT_3D('',#3349,#2913,#2914);
#2725=AXIS2_PLACEMENT_3D('',#3351,#2915,#2916);
#2726=AXIS2_PLACEMENT_3D('',#3353,#2917,#2918);
#2727=AXIS2_PLACEMENT_3D('',#3355,#2919,#2920);
#2728=AXIS2_PLACEMENT_3D('',#4168,#2934,#2935);
#2729=AXIS2_PLACEMENT_3D('',#4182,#2943,#2944);
#2730=AXIS2_PLACEMENT_3D('',#4886,#2952,#2953);
#2731=AXIS2_PLACEMENT_3D('',#4887,#2954,#2955);
#2732=AXIS2_PLACEMENT_3D('',#4889,#2956,#2957);
#2733=AXIS2_PLACEMENT_3D('',#5599,#2962,#2963);
#2734=AXIS2_PLACEMENT_3D('',#5603,#2966,#2967);
#2735=AXIS2_PLACEMENT_3D('',#5614,#2974,#2975);
#2736=AXIS2_PLACEMENT_3D('',#5622,#2981,#2982);
#2737=AXIS2_PLACEMENT_3D('',#5624,#2983,#2984);
#2738=AXIS2_PLACEMENT_3D('',#5626,#2985,#2986);
#2739=AXIS2_PLACEMENT_3D('',#5630,#2989,#2990);
#2740=AXIS2_PLACEMENT_3D('',#5632,#2991,#2992);
#2741=AXIS2_PLACEMENT_3D('',#5634,#2993,#2994);
#2742=AXIS2_PLACEMENT_3D('',#5641,#2999,#3000);
#2743=AXIS2_PLACEMENT_3D('',#5643,#3001,#3002);
#2744=AXIS2_PLACEMENT_3D('',#5645,#3003,#3004);
#2745=AXIS2_PLACEMENT_3D('',#5647,#3006,#3007);
#2746=AXIS2_PLACEMENT_3D('',#5649,#3009,#3010);
#2747=AXIS2_PLACEMENT_3D('',#5650,#3011,#3012);
#2748=AXIS2_PLACEMENT_3D('',#5651,#3013,#3014);
#2749=AXIS2_PLACEMENT_3D('',#5654,#3017,#3018);
#2750=AXIS2_PLACEMENT_3D('',#5655,#3019,#3020);
#2751=AXIS2_PLACEMENT_3D('',#5657,#3021,#3022);
#2752=AXIS2_PLACEMENT_3D('',#5658,#3023,#3024);
#2753=AXIS2_PLACEMENT_3D('',#5660,#3025,#3026);
#2754=AXIS2_PLACEMENT_3D('',#5661,#3027,#3028);
#2755=AXIS2_PLACEMENT_3D('',#5662,#3029,#3030);
#2756=AXIS2_PLACEMENT_3D('',#5664,#3031,#3032);
#2757=AXIS2_PLACEMENT_3D('',#5665,#3033,#3034);
#2758=AXIS2_PLACEMENT_3D('',#5667,#3035,#3036);
#2759=AXIS2_PLACEMENT_3D('',#5668,#3037,#3038);
#2760=AXIS2_PLACEMENT_3D('',#5669,#3039,#3040);
#2761=AXIS2_PLACEMENT_3D('',#5671,#3041,#3042);
#2762=AXIS2_PLACEMENT_3D('',#5672,#3043,#3044);
#2763=AXIS2_PLACEMENT_3D('',#5674,#3045,#3046);
#2764=AXIS2_PLACEMENT_3D('',#5675,#3047,#3048);
#2765=AXIS2_PLACEMENT_3D('',#5676,#3049,#3050);
#2766=AXIS2_PLACEMENT_3D('',#5678,#3051,#3052);
#2767=AXIS2_PLACEMENT_3D('',#5679,#3053,#3054);
#2768=AXIS2_PLACEMENT_3D('',#5681,#3055,#3056);
#2769=AXIS2_PLACEMENT_3D('',#5682,#3057,#3058);
#2770=AXIS2_PLACEMENT_3D('',#5686,#3061,#3062);
#2771=AXIS2_PLACEMENT_3D('',#5692,#3066,#3067);
#2772=AXIS2_PLACEMENT_3D('',#5694,#3069,#3070);
#2773=AXIS2_PLACEMENT_3D('',#5696,#3072,#3073);
#2774=AXIS2_PLACEMENT_3D('',#6610,#3074,#3075);
#2775=AXIS2_PLACEMENT_3D('',#6613,#3078,#3079);
#2776=AXIS2_PLACEMENT_3D('',#6616,#3082,#3083);
#2777=AXIS2_PLACEMENT_3D('',#6619,#3086,#3087);
#2778=AXIS2_PLACEMENT_3D('',#6636,#3100,#3101);
#2779=AXIS2_PLACEMENT_3D('',#6639,#3104,#3105);
#2780=AXIS2_PLACEMENT_3D('',#6641,#3107,#3108);
#2781=AXIS2_PLACEMENT_3D('',#6643,#3110,#3111);
#2782=AXIS2_PLACEMENT_3D('',#6644,#3112,#3113);
#2783=AXIS2_PLACEMENT_3D('',#6651,#3118,#3119);
#2784=AXIS2_PLACEMENT_3D('',#6655,#3122,#3123);
#2785=AXIS2_PLACEMENT_3D('',#6659,#3126,#3127);
#2786=AXIS2_PLACEMENT_3D('',#6664,#3131,#3132);
#2787=AXIS2_PLACEMENT_3D('',#6668,#3135,#3136);
#2788=AXIS2_PLACEMENT_3D('',#6670,#3138,#3139);
#2789=AXIS2_PLACEMENT_3D('',#6671,#3140,#3141);
#2790=AXIS2_PLACEMENT_3D('',#6673,#3142,#3143);
#2791=AXIS2_PLACEMENT_3D('',#6675,#3144,#3145);
#2792=AXIS2_PLACEMENT_3D('',#6677,#3146,#3147);
#2793=AXIS2_PLACEMENT_3D('',#6679,#3148,#3149);
#2794=AXIS2_PLACEMENT_3D('',#6680,#3150,#3151);
#2795=AXIS2_PLACEMENT_3D('',#6682,#3152,#3153);
#2796=AXIS2_PLACEMENT_3D('',#6684,#3154,#3155);
#2797=AXIS2_PLACEMENT_3D('',#6686,#3156,#3157);
#2798=AXIS2_PLACEMENT_3D('',#6688,#3158,#3159);
#2799=AXIS2_PLACEMENT_3D('',#6689,#3160,#3161);
#2800=AXIS2_PLACEMENT_3D('',#6690,#3162,#3163);
#2801=AXIS2_PLACEMENT_3D('',#6691,#3164,#3165);
#2802=AXIS2_PLACEMENT_3D('',#6692,#3166,#3167);
#2803=AXIS2_PLACEMENT_3D('',#6694,#3169,#3170);
#2804=AXIS2_PLACEMENT_3D('',#6695,#3171,#3172);
#2805=AXIS2_PLACEMENT_3D('',#6696,#3173,#3174);
#2806=AXIS2_PLACEMENT_3D('',#6698,#3175,#3176);
#2807=AXIS2_PLACEMENT_3D('',#6699,#3177,#3178);
#2808=AXIS2_PLACEMENT_3D('',#6701,#3179,#3180);
#2809=AXIS2_PLACEMENT_3D('',#6702,#3181,#3182);
#2810=AXIS2_PLACEMENT_3D('',#6703,#3183,#3184);
#2811=AXIS2_PLACEMENT_3D('',#6705,#3185,#3186);
#2812=AXIS2_PLACEMENT_3D('',#6706,#3187,#3188);
#2813=AXIS2_PLACEMENT_3D('',#6708,#3189,#3190);
#2814=AXIS2_PLACEMENT_3D('',#6709,#3191,#3192);
#2815=AXIS2_PLACEMENT_3D('',#6710,#3193,#3194);
#2816=AXIS2_PLACEMENT_3D('',#6712,#3195,#3196);
#2817=AXIS2_PLACEMENT_3D('',#6713,#3197,#3198);
#2818=AXIS2_PLACEMENT_3D('',#6715,#3199,#3200);
#2819=AXIS2_PLACEMENT_3D('',#6716,#3201,#3202);
#2820=AXIS2_PLACEMENT_3D('',#6717,#3203,#3204);
#2821=AXIS2_PLACEMENT_3D('',#6719,#3205,#3206);
#2822=AXIS2_PLACEMENT_3D('',#6720,#3207,#3208);
#2823=AXIS2_PLACEMENT_3D('',#6722,#3209,#3210);
#2824=AXIS2_PLACEMENT_3D('',#6723,#3211,#3212);
#2825=AXIS2_PLACEMENT_3D('',#6724,#3213,#3214);
#2826=AXIS2_PLACEMENT_3D('',#6726,#3215,#3216);
#2827=AXIS2_PLACEMENT_3D('',#6727,#3217,#3218);
#2828=AXIS2_PLACEMENT_3D('',#6729,#3219,#3220);
#2829=AXIS2_PLACEMENT_3D('',#6730,#3221,#3222);
#2830=AXIS2_PLACEMENT_3D('',#6731,#3223,#3224);
#2831=AXIS2_PLACEMENT_3D('',#6733,#3225,#3226);
#2832=AXIS2_PLACEMENT_3D('',#6734,#3227,#3228);
#2833=AXIS2_PLACEMENT_3D('',#6736,#3229,#3230);
#2834=AXIS2_PLACEMENT_3D('',#6737,#3231,#3232);
#2835=AXIS2_PLACEMENT_3D('',#6738,#3233,#3234);
#2836=AXIS2_PLACEMENT_3D('',#6740,#3235,#3236);
#2837=AXIS2_PLACEMENT_3D('',#6741,#3237,#3238);
#2838=AXIS2_PLACEMENT_3D('',#6743,#3239,#3240);
#2839=AXIS2_PLACEMENT_3D('',#6744,#3241,#3242);
#2840=AXIS2_PLACEMENT_3D('',#6745,#3243,#3244);
#2841=AXIS2_PLACEMENT_3D('',#6747,#3245,#3246);
#2842=AXIS2_PLACEMENT_3D('',#6748,#3247,#3248);
#2843=AXIS2_PLACEMENT_3D('',#6750,#3249,#3250);
#2844=DIRECTION('',(0.,0.,1.));
#2845=DIRECTION('',(1.,0.,0.));
#2846=DIRECTION('',(-1.,1.47636040508617E-15,3.69090101271543E-16));
#2847=DIRECTION('',(-3.69090101271543E-16,5.44910011426552E-31,-1.));
#2848=DIRECTION('',(-1.,1.47636040508617E-15,3.69090101271543E-16));
#2849=DIRECTION('',(1.47636040508617E-15,1.,0.));
#2850=DIRECTION('',(1.47636040508617E-15,1.,-2.68928080071315E-32));
#2851=DIRECTION('',(-3.69090101271543E-16,5.44910011426552E-31,-1.));
#2852=DIRECTION('',(1.47636040508617E-15,1.,0.));
#2853=DIRECTION('',(-3.69090101271543E-16,5.44910011426552E-31,-1.));
#2854=DIRECTION('',(-1.,1.47636040508617E-15,3.69090101271543E-16));
#2855=DIRECTION('',(-3.69090101271543E-16,5.44910011426552E-31,-1.));
#2856=DIRECTION('',(-1.,1.47636040508617E-15,3.69090101271543E-16));
#2857=DIRECTION('',(1.47636040508617E-15,1.,0.));
#2858=DIRECTION('',(1.47636040508617E-15,1.,-2.68928080071315E-32));
#2859=DIRECTION('',(-3.69090101271543E-16,5.44910011426552E-31,-1.));
#2860=DIRECTION('',(1.47636040508617E-15,1.,0.));
#2861=DIRECTION('',(-3.69090101271543E-16,5.44910011426552E-31,-1.));
#2862=DIRECTION('',(3.69090101271543E-16,-5.44910011426552E-31,1.));
#2863=DIRECTION('',(-1.47636040508617E-15,-1.,0.));
#2864=DIRECTION('',(-1.,1.47636040508617E-15,3.69090101271543E-16));
#2865=DIRECTION('',(-1.47636040508617E-15,-1.,2.68928080071315E-32));
#2866=DIRECTION('',(1.,-1.47636040508617E-15,-3.69090101271543E-16));
#2867=DIRECTION('',(-1.,1.47636040508617E-15,3.69090101271543E-16));
#2868=DIRECTION('',(1.47636040508617E-15,1.,0.));
#2869=DIRECTION('',(-1.,1.47636040508617E-15,3.69090101271543E-16));
#2870=DIRECTION('',(-1.47636040508617E-15,-1.,0.));
#2871=DIRECTION('',(-1.,1.47636040508617E-15,3.69090101271543E-16));
#2872=DIRECTION('',(1.47636040508617E-15,1.,0.));
#2873=DIRECTION('',(1.,-1.47636040508617E-15,-3.69090101271543E-16));
#2874=DIRECTION('',(1.,-1.47636040508617E-15,-3.69090101271543E-16));
#2875=DIRECTION('',(-1.47636040508617E-15,-1.,2.68928080071315E-32));
#2876=DIRECTION('',(-1.,1.47636040508617E-15,3.69090101271543E-16));
#2877=DIRECTION('',(-1.47636040508617E-15,-1.,0.));
#2878=DIRECTION('',(1.,-1.47636040508617E-15,-3.69090101271543E-16));
#2879=DIRECTION('',(-1.47636040508617E-15,-1.,0.));
#2880=DIRECTION('',(-1.,1.47636040508617E-15,3.69090101271543E-16));
#2881=DIRECTION('',(-1.47636040508617E-15,-1.,0.));
#2882=DIRECTION('',(7.25345120933303E-15,-1.25494379198958E-16,1.));
#2883=DIRECTION('',(-0.999847683218819,0.0174530903269131,7.25336389420782E-15));
#2884=DIRECTION('',(-9.10267356565182E-31,-1.,-1.25494379198958E-16));
#2885=DIRECTION('',(-1.,1.46645513243442E-15,7.83668267651513E-17));
#2886=DIRECTION('',(-9.10267356565182E-31,-1.,-1.25494379198958E-16));
#2887=DIRECTION('',(-1.,1.46645513243442E-15,7.83668267651513E-17));
#2888=DIRECTION('',(7.25345120933303E-15,-1.25494379198958E-16,1.));
#2889=DIRECTION('',(-0.999847683218819,0.0174530903269131,7.25336389420782E-15));
#2890=DIRECTION('',(-9.10267356565182E-31,-1.,-1.25494379198958E-16));
#2891=DIRECTION('',(-1.,1.46645513243442E-15,7.83668267651513E-17));
#2892=DIRECTION('',(-7.3818020254356E-16,-1.,-1.25494379198953E-16));
#2893=DIRECTION('',(-1.,1.46645513243442E-15,7.83668267651513E-17));
#2894=DIRECTION('',(1.,-1.52196628366567E-15,-7.2531898996688E-15));
#2895=DIRECTION('',(7.25408860162584E-15,6.01210327305601E-17,1.));
#2896=DIRECTION('',(-1.,1.52196628366567E-15,7.2531898996688E-15));
#2897=DIRECTION('',(7.2531898996688E-15,0.,1.));
#2898=DIRECTION('',(-1.,1.52196628366567E-15,7.2531898996688E-15));
#2899=DIRECTION('',(7.2531898996688E-15,0.,1.));
#2900=DIRECTION('',(-1.,1.52196628366567E-15,7.2531898996688E-15));
#2901=DIRECTION('',(7.2531898996688E-15,0.,1.));
#2902=DIRECTION('',(-1.,1.52196628366567E-15,7.2531898996688E-15));
#2903=DIRECTION('',(7.2531898996688E-15,0.,1.));
#2904=DIRECTION('',(1.,-1.52196628366567E-15,-7.2531898996688E-15));
#2905=DIRECTION('',(-1.52543573061763E-15,-1.,6.00397175676336E-17));
#2906=DIRECTION('',(1.52543573061763E-15,1.,1.2552148425326E-16));
#2907=DIRECTION('',(7.2531898996688E-15,8.8495657955942E-32,1.));
#2908=DIRECTION('',(4.94465641519228E-15,0.866025403784438,0.5));
#2909=DIRECTION('',(-2.30853348447653E-15,0.866025403784439,-0.5));
#2910=DIRECTION('',(-7.2531898996688E-15,-8.84956579559658E-32,-1.));
#2911=DIRECTION('',(-1.,1.46645513243442E-15,7.83668267651514E-17));
#2912=DIRECTION('',(-7.96970920088143E-17,-6.05547135995641E-17,-1.));
#2913=DIRECTION('',(1.,-1.46645513243442E-15,-7.83668267651513E-17));
#2914=DIRECTION('',(-1.46645513243442E-15,-1.,0.));
#2915=DIRECTION('',(1.,-1.46645513243442E-15,-7.83668267651513E-17));
#2916=DIRECTION('',(-1.46645513243442E-15,-1.,0.));
#2917=DIRECTION('',(1.,-1.46645513243442E-15,-7.83668267651513E-17));
#2918=DIRECTION('',(-1.46645513243442E-15,-1.,0.));
#2919=DIRECTION('',(1.,-1.46645513243442E-15,-7.83668267651513E-17));
#2920=DIRECTION('',(-1.46645513243442E-15,-1.,0.));
#2921=DIRECTION('',(-7.83668267651513E-17,1.14921435322355E-31,-1.));
#2922=DIRECTION('',(-1.46992457938637E-15,-1.,-1.20181788553769E-16));
#2923=DIRECTION('',(7.83668267651513E-17,-1.14921435322355E-31,1.));
#2924=DIRECTION('',(-1.2308039848157E-15,-0.866025403784439,0.5));
#2925=DIRECTION('',(-1.30917081158085E-15,-0.866025403784438,-0.5));
#2926=DIRECTION('',(1.,0.,-8.32667268468874E-15));
#2927=DIRECTION('',(1.,0.,-8.32667268468874E-15));
#2928=DIRECTION('',(1.,0.,-5.5511151231257E-15));
#2929=DIRECTION('',(-1.,0.,8.32667268468872E-15));
#2930=DIRECTION('',(-1.,0.,5.55111512312573E-15));
#2931=DIRECTION('',(-1.,0.,8.32667268468872E-15));
#2932=DIRECTION('',(1.,0.,-5.5511151231257E-15));
#2933=DIRECTION('',(-1.,0.,5.55111512312573E-15));
#2934=DIRECTION('',(1.47636040508617E-15,1.,0.));
#2935=DIRECTION('',(-3.69090101271543E-16,5.44910011426552E-31,-1.));
#2936=DIRECTION('',(1.,-1.47636040508617E-15,-3.69090101271543E-16));
#2937=DIRECTION('',(1.,-1.47636040508617E-15,-3.69090101271543E-16));
#2938=DIRECTION('',(1.,-1.47636040508617E-15,-3.69090101271543E-16));
#2939=DIRECTION('',(-3.69090101271543E-16,5.44910011426552E-31,-1.));
#2940=DIRECTION('',(-3.69090101271543E-16,5.44910011426552E-31,-1.));
#2941=DIRECTION('',(1.,-1.47636040508617E-15,-3.69090101271543E-16));
#2942=DIRECTION('',(1.,-1.47636040508617E-15,-3.69090101271543E-16));
#2943=DIRECTION('',(-3.69090101271543E-16,5.44910011426552E-31,-1.));
#2944=DIRECTION('',(1.,-1.47636040508617E-15,-3.69090101271543E-16));
#2945=DIRECTION('',(1.,-1.47636040508617E-15,-3.69090101271543E-16));
#2946=DIRECTION('',(2.41604940943845E-16,1.,4.55736019305883E-31));
#2947=DIRECTION('',(2.01120891301304E-46,1.,5.44910011426552E-31));
#2948=DIRECTION('',(1.,0.,-8.32667268468867E-15));
#2949=DIRECTION('',(-1.,0.,8.32667268468867E-15));
#2950=DIRECTION('',(1.,0.,-8.32667268468867E-15));
#2951=DIRECTION('',(-1.,0.,8.32667268468867E-15));
#2952=DIRECTION('',(-1.,1.52196628366567E-15,7.25232253793082E-15));
#2953=DIRECTION('',(1.52543573061763E-15,1.,-6.00397175676336E-17));
#2954=DIRECTION('',(1.,-1.52196628366567E-15,-7.2531898996688E-15));
#2955=DIRECTION('',(-1.52543573061763E-15,-1.,6.00397175676336E-17));
#2956=DIRECTION('',(7.25345120933303E-15,-1.25494379198958E-16,1.));
#2957=DIRECTION('',(-0.999847683218819,0.0174530903269131,7.25336389420782E-15));
#2958=DIRECTION('',(-1.,1.52196628366567E-15,7.25232296144729E-15));
#2959=DIRECTION('',(-1.,1.46645513243442E-15,7.2531898996688E-15));
#2960=DIRECTION('',(2.01120891301304E-46,1.,5.44910011426552E-31));
#2961=DIRECTION('',(1.,-1.47636040508617E-15,-3.69090101271543E-16));
#2962=DIRECTION('',(-3.69090101271543E-16,5.44910011426552E-31,-1.));
#2963=DIRECTION('',(1.,-1.47636040508617E-15,-3.69090101271543E-16));
#2964=DIRECTION('',(1.,-1.47636040508617E-15,-3.69090101271543E-16));
#2965=DIRECTION('',(-2.41604940943845E-16,1.,6.34084003547221E-31));
#2966=DIRECTION('',(-3.69090101271543E-16,5.44910011426552E-31,-1.));
#2967=DIRECTION('',(1.,-1.47636040508617E-15,-3.69090101271543E-16));
#2968=DIRECTION('',(1.47636040508617E-15,1.,0.));
#2969=DIRECTION('',(-1.,1.47636040508617E-15,3.69090101271543E-16));
#2970=DIRECTION('',(1.,-1.47636040508617E-15,-3.69090101271543E-16));
#2971=DIRECTION('',(1.47636040508617E-15,1.,0.));
#2972=DIRECTION('',(1.,-1.47636040508617E-15,-3.69090101271543E-16));
#2973=DIRECTION('',(-1.,1.47636040508617E-15,3.69090101271543E-16));
#2974=DIRECTION('',(-1.,1.47636040508617E-15,3.69090101271543E-16));
#2975=DIRECTION('',(-3.69090101271543E-16,5.44910011426552E-31,-1.));
#2976=DIRECTION('',(-3.69090101271543E-16,5.44910011426552E-31,-1.));
#2977=DIRECTION('',(-3.69090101271543E-16,5.44910011426552E-31,-1.));
#2978=DIRECTION('',(-3.69090101271543E-16,5.44910011426552E-31,-1.));
#2979=DIRECTION('',(-3.69090101271543E-16,5.44910011426552E-31,-1.));
#2980=DIRECTION('',(-1.47636040508617E-15,-1.,0.));
#2981=DIRECTION('',(-1.,1.47636040508617E-15,3.69090101271543E-16));
#2982=DIRECTION('',(1.47636040508617E-15,1.,0.));
#2983=DIRECTION('',(-1.,1.47636040508617E-15,3.69090101271543E-16));
#2984=DIRECTION('',(1.47636040508617E-15,1.,0.));
#2985=DIRECTION('',(1.,-1.47636040508617E-15,-3.69090101271543E-16));
#2986=DIRECTION('',(3.69090101271543E-16,-5.44910011426552E-31,1.));
#2987=DIRECTION('',(-3.69090101271543E-16,5.44910011426552E-31,-1.));
#2988=DIRECTION('',(-1.47636040508617E-15,-1.,0.));
#2989=DIRECTION('',(-1.,1.47636040508617E-15,3.69090101271543E-16));
#2990=DIRECTION('',(1.47636040508617E-15,1.,0.));
#2991=DIRECTION('',(-1.,1.47636040508617E-15,3.69090101271543E-16));
#2992=DIRECTION('',(1.47636040508617E-15,1.,0.));
#2993=DIRECTION('',(-1.,1.47636040508617E-15,3.69090101271543E-16));
#2994=DIRECTION('',(-3.69090101271543E-16,5.44910011426552E-31,-1.));
#2995=DIRECTION('',(-1.30493056738968E-15,-0.707106781186543,-0.707106781186552));
#2996=DIRECTION('',(1.47636040508617E-15,1.,0.));
#2997=DIRECTION('',(3.69090101271543E-16,-5.44910011426552E-31,1.));
#2998=DIRECTION('',(7.84082508303547E-16,0.707715832513938,-0.706497204813369));
#2999=DIRECTION('',(1.,-1.47636040508617E-15,-3.69090101271543E-16));
#3000=DIRECTION('',(-1.47636040508617E-15,-1.,0.));
#3001=DIRECTION('',(1.,-1.47636040508617E-15,-3.69090101271543E-16));
#3002=DIRECTION('',(-1.47636040508617E-15,-1.,0.));
#3003=DIRECTION('',(-1.47636040508617E-15,-1.,0.));
#3004=DIRECTION('',(-3.69090101271543E-16,5.44910011426552E-31,-1.));
#3005=DIRECTION('',(3.69090101271543E-16,-5.44910011426552E-31,1.));
#3006=DIRECTION('',(-1.47636040508617E-15,-1.,0.));
#3007=DIRECTION('',(-3.69090101271543E-16,5.44910011426552E-31,-1.));
#3008=DIRECTION('',(3.69090101271543E-16,-5.44910011426552E-31,1.));
#3009=DIRECTION('',(1.47636040508617E-15,1.,0.));
#3010=DIRECTION('',(-3.69090101271543E-16,5.44910011426552E-31,-1.));
#3011=DIRECTION('',(-1.47636040508617E-15,-1.,0.));
#3012=DIRECTION('',(-3.69090101271543E-16,5.44910011426552E-31,-1.));
#3013=DIRECTION('',(-1.47636040508617E-15,-1.,0.));
#3014=DIRECTION('',(-3.69090101271543E-16,5.44910011426552E-31,-1.));
#3015=DIRECTION('',(1.,-1.47636040508617E-15,-3.69090101271543E-16));
#3016=DIRECTION('',(1.,-1.47636040508617E-15,-3.69090101271543E-16));
#3017=DIRECTION('',(1.,-1.47636040508617E-15,-3.69090101271543E-16));
#3018=DIRECTION('',(-1.47636040508617E-15,-1.,0.));
#3019=DIRECTION('',(1.,-1.47636040508617E-15,-3.69090101271543E-16));
#3020=DIRECTION('',(-1.47636040508617E-15,-1.,0.));
#3021=DIRECTION('',(-1.,1.47636040508617E-15,3.69090101271543E-16));
#3022=DIRECTION('',(1.47636040508617E-15,1.,0.));
#3023=DIRECTION('',(1.,-1.47636040508617E-15,-3.69090101271543E-16));
#3024=DIRECTION('',(-1.47636040508617E-15,-1.,0.));
#3025=DIRECTION('',(1.,-1.47636040508617E-15,-3.69090101271543E-16));
#3026=DIRECTION('',(-1.47636040508617E-15,-1.,0.));
#3027=DIRECTION('',(1.,-1.47636040508617E-15,-3.69090101271543E-16));
#3028=DIRECTION('',(-1.47636040508617E-15,-1.,0.));
#3029=DIRECTION('',(1.,-1.47636040508617E-15,-3.69090101271543E-16));
#3030=DIRECTION('',(-1.47636040508617E-15,-1.,0.));
#3031=DIRECTION('',(-1.,1.47636040508617E-15,3.69090101271543E-16));
#3032=DIRECTION('',(1.47636040508617E-15,1.,0.));
#3033=DIRECTION('',(1.,-1.47636040508617E-15,-3.69090101271543E-16));
#3034=DIRECTION('',(-1.47636040508617E-15,-1.,0.));
#3035=DIRECTION('',(1.,-1.47636040508617E-15,-3.69090101271543E-16));
#3036=DIRECTION('',(-1.47636040508617E-15,-1.,0.));
#3037=DIRECTION('',(-1.,1.47636040508617E-15,3.69090101271543E-16));
#3038=DIRECTION('',(1.47636040508617E-15,1.,0.));
#3039=DIRECTION('',(-1.,1.47636040508617E-15,3.69090101271543E-16));
#3040=DIRECTION('',(1.47636040508617E-15,1.,0.));
#3041=DIRECTION('',(1.,-1.47636040508617E-15,-3.69090101271543E-16));
#3042=DIRECTION('',(-1.47636040508617E-15,-1.,0.));
#3043=DIRECTION('',(-1.,1.47636040508617E-15,3.69090101271543E-16));
#3044=DIRECTION('',(1.47636040508617E-15,1.,0.));
#3045=DIRECTION('',(-1.,1.47636040508617E-15,3.69090101271543E-16));
#3046=DIRECTION('',(1.47636040508617E-15,1.,0.));
#3047=DIRECTION('',(-1.,1.47636040508617E-15,3.69090101271543E-16));
#3048=DIRECTION('',(1.47636040508617E-15,1.,0.));
#3049=DIRECTION('',(-1.,1.47636040508617E-15,3.69090101271543E-16));
#3050=DIRECTION('',(1.47636040508617E-15,1.,0.));
#3051=DIRECTION('',(1.,-1.47636040508617E-15,-3.69090101271543E-16));
#3052=DIRECTION('',(-1.47636040508617E-15,-1.,0.));
#3053=DIRECTION('',(-1.,1.47636040508617E-15,3.69090101271543E-16));
#3054=DIRECTION('',(1.47636040508617E-15,1.,0.));
#3055=DIRECTION('',(-1.,1.47636040508617E-15,3.69090101271543E-16));
#3056=DIRECTION('',(1.47636040508617E-15,1.,0.));
#3057=DIRECTION('',(-1.,1.47636040508617E-15,3.69090101271543E-16));
#3058=DIRECTION('',(-3.69090101271543E-16,5.44910011426552E-31,-1.));
#3059=DIRECTION('',(1.30493056738968E-15,0.707106781186543,0.707106781186552));
#3060=DIRECTION('',(-7.84082508303547E-16,-0.707715832513938,0.706497204813369));
#3061=DIRECTION('',(-1.,1.47636040508617E-15,3.69090101271543E-16));
#3062=DIRECTION('',(-3.69090101271543E-16,5.44910011426552E-31,-1.));
#3063=DIRECTION('',(1.47636040508617E-15,1.,0.));
#3064=DIRECTION('',(3.69090101271543E-16,-5.44910011426552E-31,1.));
#3065=DIRECTION('',(3.69090101271543E-16,-5.44910011426552E-31,1.));
#3066=DIRECTION('',(1.47636040508617E-15,1.,0.));
#3067=DIRECTION('',(3.69090101271543E-16,-5.44910011426552E-31,1.));
#3068=DIRECTION('',(-1.,1.47636040508617E-15,3.69090101271543E-16));
#3069=DIRECTION('',(-3.69090101271543E-16,5.44910011426552E-31,-1.));
#3070=DIRECTION('',(1.47636040508617E-15,1.,0.));
#3071=DIRECTION('',(-1.,1.47636040508617E-15,3.69090101271543E-16));
#3072=DIRECTION('',(1.47636040508617E-15,1.,0.));
#3073=DIRECTION('',(3.69090101271543E-16,-5.44910011426552E-31,1.));
#3074=DIRECTION('',(-7.83668267651513E-17,1.15131222112942E-31,-1.));
#3075=DIRECTION('',(-1.,0.,7.83668267651513E-17));
#3076=DIRECTION('',(-1.,1.46645513243442E-15,7.83668267651513E-17));
#3077=DIRECTION('',(-1.,1.46645513243442E-15,7.83668267651513E-17));
#3078=DIRECTION('',(-7.83668267651513E-17,1.15131222112942E-31,-1.));
#3079=DIRECTION('',(-1.,0.,7.83668267651513E-17));
#3080=DIRECTION('',(-1.,1.46645513243442E-15,7.83668267651513E-17));
#3081=DIRECTION('',(-1.,1.46645513243442E-15,7.83668267651513E-17));
#3082=DIRECTION('',(-7.83668267651513E-17,1.15131222112942E-31,-1.));
#3083=DIRECTION('',(-1.,0.,7.83668267651513E-17));
#3084=DIRECTION('',(-1.,1.46645513243442E-15,7.83668267651513E-17));
#3085=DIRECTION('',(-1.,1.46645513243442E-15,7.83668267651513E-17));
#3086=DIRECTION('',(-7.83668267651513E-17,1.15131222112942E-31,-1.));
#3087=DIRECTION('',(-1.,0.,7.83668267651513E-17));
#3088=DIRECTION('',(1.5219662836657E-15,1.,3.3575293083414E-15));
#3089=DIRECTION('',(-1.,1.46645513243442E-15,7.83668267651513E-17));
#3090=DIRECTION('',(-1.46645513243442E-15,-1.,-3.3575293083414E-15));
#3091=DIRECTION('',(-1.,1.46645513243442E-15,7.83668267651513E-17));
#3092=DIRECTION('',(-1.,1.46645513243442E-15,7.83668267651513E-17));
#3093=DIRECTION('',(-1.,1.46645513243442E-15,7.83668267651513E-17));
#3094=DIRECTION('',(-1.,1.46645513243442E-15,7.83668267651513E-17));
#3095=DIRECTION('',(-1.,1.46645513243442E-15,7.83668267651513E-17));
#3096=DIRECTION('',(-1.,1.46645513243442E-15,7.83668267651513E-17));
#3097=DIRECTION('',(-1.,1.46645513243442E-15,7.83668267651513E-17));
#3098=DIRECTION('',(-1.,1.46645513243442E-15,7.83668267651513E-17));
#3099=DIRECTION('',(-1.,1.46645513243442E-15,7.83668267651513E-17));
#3100=DIRECTION('',(-7.83668267651513E-17,1.15131222112942E-31,-1.));
#3101=DIRECTION('',(-1.,0.,7.83668267651513E-17));
#3102=DIRECTION('',(-1.,1.46645513243442E-15,7.83668267651513E-17));
#3103=DIRECTION('',(-1.,1.46645513243442E-15,7.83668267651513E-17));
#3104=DIRECTION('',(1.46645513243442E-15,1.,-2.04179354694343E-31));
#3105=DIRECTION('',(1.,-1.46645513243442E-15,0.));
#3106=DIRECTION('',(-7.83668267651513E-17,-8.92579193719881E-32,-1.));
#3107=DIRECTION('',(1.46645513243442E-15,1.,-2.04179354694343E-31));
#3108=DIRECTION('',(1.,-1.46645513243442E-15,0.));
#3109=DIRECTION('',(-7.83668267651513E-17,-8.92579193719881E-32,-1.));
#3110=DIRECTION('',(-1.,1.46645513243442E-15,7.83668267651513E-17));
#3111=DIRECTION('',(7.83668267651513E-17,-1.14921435322355E-31,1.));
#3112=DIRECTION('',(1.46645513243442E-15,1.,0.));
#3113=DIRECTION('',(1.,-1.46645513243442E-15,0.));
#3114=DIRECTION('',(7.2531898996688E-15,8.84956579559646E-32,1.));
#3115=DIRECTION('',(-7.83668267651513E-17,1.14921435322355E-31,-1.));
#3116=DIRECTION('',(-1.,1.46645513243442E-15,7.83668267651513E-17));
#3117=DIRECTION('',(1.,-1.52196628366567E-15,-7.2531898996688E-15));
#3118=DIRECTION('',(8.01095229009803E-16,0.5,0.866025403784439));
#3119=DIRECTION('',(0.,-0.866025403784439,0.5));
#3120=DIRECTION('',(-1.,1.46645513243442E-15,7.83668267651513E-17));
#3121=DIRECTION('',(1.2308039848157E-15,0.866025403784439,-0.5));
#3122=DIRECTION('',(-6.65359903424615E-16,-0.5,0.866025403784438));
#3123=DIRECTION('',(0.,-0.866025403784438,-0.5));
#3124=DIRECTION('',(-1.,1.46645513243442E-15,7.83668267651513E-17));
#3125=DIRECTION('',(1.30917081158085E-15,0.866025403784438,0.5));
#3126=DIRECTION('',(-1.46645513243442E-15,-1.,0.));
#3127=DIRECTION('',(-1.,1.46645513243442E-15,0.));
#3128=DIRECTION('',(-7.2531898996688E-15,-8.84956579559406E-32,-1.));
#3129=DIRECTION('',(1.,-1.52196628366567E-15,-7.2531898996688E-15));
#3130=DIRECTION('',(7.83668267651513E-17,-1.14921435322355E-31,1.));
#3131=DIRECTION('',(5.52046356975304E-15,-0.5,0.866025403784438));
#3132=DIRECTION('',(0.,-0.866025403784438,-0.5));
#3133=DIRECTION('',(1.,-1.52196628366567E-15,-7.2531898996688E-15));
#3134=DIRECTION('',(-4.94465641519228E-15,-0.866025403784438,-0.5));
#3135=DIRECTION('',(7.04242985341873E-15,0.5,0.866025403784439));
#3136=DIRECTION('',(0.,-0.866025403784439,0.5));
#3137=DIRECTION('',(2.30853348447653E-15,-0.866025403784439,0.5));
#3138=DIRECTION('',(1.,-1.52196628366567E-15,-7.2531898996688E-15));
#3139=DIRECTION('',(7.25408860162584E-15,6.01210327305601E-17,1.));
#3140=DIRECTION('',(-1.,1.52196628366567E-15,7.2531898996688E-15));
#3141=DIRECTION('',(7.2531898996688E-15,0.,1.));
#3142=DIRECTION('',(-1.,1.52196628366567E-15,7.2531898996688E-15));
#3143=DIRECTION('',(7.2531898996688E-15,0.,1.));
#3144=DIRECTION('',(-1.,1.52196628366567E-15,7.2531898996688E-15));
#3145=DIRECTION('',(7.2531898996688E-15,0.,1.));
#3146=DIRECTION('',(-1.,1.52196628366567E-15,7.2531898996688E-15));
#3147=DIRECTION('',(7.2531898996688E-15,0.,1.));
#3148=DIRECTION('',(-1.,1.46645513243442E-15,7.83668267651514E-17));
#3149=DIRECTION('',(-7.96970920088143E-17,-6.05547135995641E-17,-1.));
#3150=DIRECTION('',(1.,-1.46645513243442E-15,-7.83668267651513E-17));
#3151=DIRECTION('',(-1.46645513243442E-15,-1.,0.));
#3152=DIRECTION('',(1.,-1.46645513243442E-15,-7.83668267651513E-17));
#3153=DIRECTION('',(-1.46645513243442E-15,-1.,0.));
#3154=DIRECTION('',(1.,-1.46645513243442E-15,-7.83668267651513E-17));
#3155=DIRECTION('',(-1.46645513243442E-15,-1.,0.));
#3156=DIRECTION('',(1.,-1.46645513243442E-15,-7.83668267651513E-17));
#3157=DIRECTION('',(-1.46645513243442E-15,-1.,0.));
#3158=DIRECTION('',(-1.,1.46645513243442E-15,7.83668267651513E-17));
#3159=DIRECTION('',(1.47503711241374E-15,0.999914482699655,0.0130777401519134));
#3160=DIRECTION('',(-1.,1.46645513243442E-15,7.83668267651513E-17));
#3161=DIRECTION('',(1.47503711241374E-15,0.999914482699655,0.0130777401519134));
#3162=DIRECTION('',(-1.,1.46645513243442E-15,7.83668267651513E-17));
#3163=DIRECTION('',(-1.47395044145326E-15,-0.99991460871938,0.0130681012227649));
#3164=DIRECTION('',(-1.,1.46645513243442E-15,7.83668267651513E-17));
#3165=DIRECTION('',(-1.47395044145326E-15,-0.99991460871938,0.0130681012227649));
#3166=DIRECTION('',(1.30425540778456E-15,0.706497204813369,0.707715832513938));
#3167=DIRECTION('',(0.,-0.707715832513938,0.706497204813369));
#3168=DIRECTION('',(-1.,1.47636040508617E-15,3.69090101271543E-16));
#3169=DIRECTION('',(7.82958340433822E-16,0.707106781186552,-0.707106781186543));
#3170=DIRECTION('',(0.,0.707106781186543,0.707106781186552));
#3171=DIRECTION('',(1.,-1.46645513243442E-15,-7.83668267651513E-17));
#3172=DIRECTION('',(-1.46645513243442E-15,-1.,0.));
#3173=DIRECTION('',(1.,-1.46645513243442E-15,-7.83668267651513E-17));
#3174=DIRECTION('',(-1.46645513243442E-15,-1.,0.));
#3175=DIRECTION('',(-1.,1.46645513243442E-15,7.83668267651513E-17));
#3176=DIRECTION('',(1.46645513243442E-15,1.,0.));
#3177=DIRECTION('',(1.,-1.46645513243442E-15,-7.83668267651513E-17));
#3178=DIRECTION('',(-1.46645513243442E-15,-1.,0.));
#3179=DIRECTION('',(1.,-1.46645513243442E-15,-7.83668267651513E-17));
#3180=DIRECTION('',(-1.46645513243442E-15,-1.,0.));
#3181=DIRECTION('',(1.,-1.46645513243442E-15,-7.83668267651513E-17));
#3182=DIRECTION('',(-1.46645513243442E-15,-1.,0.));
#3183=DIRECTION('',(1.,-1.46645513243442E-15,-7.83668267651513E-17));
#3184=DIRECTION('',(-1.46645513243442E-15,-1.,0.));
#3185=DIRECTION('',(-1.,1.46645513243442E-15,7.83668267651513E-17));
#3186=DIRECTION('',(1.46645513243442E-15,1.,0.));
#3187=DIRECTION('',(1.,-1.46645513243442E-15,-7.83668267651513E-17));
#3188=DIRECTION('',(-1.46645513243442E-15,-1.,0.));
#3189=DIRECTION('',(1.,-1.46645513243442E-15,-7.83668267651513E-17));
#3190=DIRECTION('',(-1.46645513243442E-15,-1.,0.));
#3191=DIRECTION('',(1.,-1.46645513243442E-15,-7.83668267651513E-17));
#3192=DIRECTION('',(-1.46645513243442E-15,-1.,0.));
#3193=DIRECTION('',(1.,-1.46645513243442E-15,-7.83668267651513E-17));
#3194=DIRECTION('',(-1.46645513243442E-15,-1.,0.));
#3195=DIRECTION('',(-1.,1.46645513243442E-15,7.83668267651513E-17));
#3196=DIRECTION('',(1.46645513243442E-15,1.,0.));
#3197=DIRECTION('',(1.,-1.46645513243442E-15,-7.83668267651513E-17));
#3198=DIRECTION('',(-1.46645513243442E-15,-1.,0.));
#3199=DIRECTION('',(1.,-1.46645513243442E-15,-7.83668267651513E-17));
#3200=DIRECTION('',(-1.46645513243442E-15,-1.,0.));
#3201=DIRECTION('',(1.,-1.46645513243442E-15,-7.83668267651513E-17));
#3202=DIRECTION('',(-1.46645513243442E-15,-1.,0.));
#3203=DIRECTION('',(1.,-1.46645513243442E-15,-7.83668267651513E-17));
#3204=DIRECTION('',(-1.46645513243442E-15,-1.,0.));
#3205=DIRECTION('',(-1.,1.46645513243442E-15,7.83668267651513E-17));
#3206=DIRECTION('',(1.46645513243442E-15,1.,0.));
#3207=DIRECTION('',(1.,-1.46645513243442E-15,-7.83668267651513E-17));
#3208=DIRECTION('',(-1.46645513243442E-15,-1.,0.));
#3209=DIRECTION('',(1.,-1.46645513243442E-15,-7.83668267651513E-17));
#3210=DIRECTION('',(-1.46645513243442E-15,-1.,0.));
#3211=DIRECTION('',(-1.,1.52196628366567E-15,7.2531898996688E-15));
#3212=DIRECTION('',(7.2531898996688E-15,0.,1.));
#3213=DIRECTION('',(-1.,1.52196628366567E-15,7.2531898996688E-15));
#3214=DIRECTION('',(7.2531898996688E-15,0.,1.));
#3215=DIRECTION('',(1.,-1.52196628366567E-15,-7.2531898996688E-15));
#3216=DIRECTION('',(-7.2531898996688E-15,0.,-1.));
#3217=DIRECTION('',(-1.,1.52196628366567E-15,7.2531898996688E-15));
#3218=DIRECTION('',(7.2531898996688E-15,0.,1.));
#3219=DIRECTION('',(-1.,1.52196628366567E-15,7.2531898996688E-15));
#3220=DIRECTION('',(7.2531898996688E-15,0.,1.));
#3221=DIRECTION('',(-1.,1.52196628366567E-15,7.2531898996688E-15));
#3222=DIRECTION('',(7.2531898996688E-15,0.,1.));
#3223=DIRECTION('',(-1.,1.52196628366567E-15,7.2531898996688E-15));
#3224=DIRECTION('',(7.2531898996688E-15,0.,1.));
#3225=DIRECTION('',(1.,-1.52196628366567E-15,-7.2531898996688E-15));
#3226=DIRECTION('',(-7.2531898996688E-15,0.,-1.));
#3227=DIRECTION('',(-1.,1.52196628366567E-15,7.2531898996688E-15));
#3228=DIRECTION('',(7.2531898996688E-15,0.,1.));
#3229=DIRECTION('',(-1.,1.52196628366567E-15,7.2531898996688E-15));
#3230=DIRECTION('',(7.2531898996688E-15,0.,1.));
#3231=DIRECTION('',(-1.,1.52196628366567E-15,7.2531898996688E-15));
#3232=DIRECTION('',(7.2531898996688E-15,0.,1.));
#3233=DIRECTION('',(-1.,1.52196628366567E-15,7.2531898996688E-15));
#3234=DIRECTION('',(7.2531898996688E-15,0.,1.));
#3235=DIRECTION('',(1.,-1.52196628366567E-15,-7.2531898996688E-15));
#3236=DIRECTION('',(-7.2531898996688E-15,0.,-1.));
#3237=DIRECTION('',(-1.,1.52196628366567E-15,7.2531898996688E-15));
#3238=DIRECTION('',(7.2531898996688E-15,0.,1.));
#3239=DIRECTION('',(-1.,1.52196628366567E-15,7.2531898996688E-15));
#3240=DIRECTION('',(7.2531898996688E-15,0.,1.));
#3241=DIRECTION('',(-1.,1.52196628366567E-15,7.2531898996688E-15));
#3242=DIRECTION('',(7.2531898996688E-15,0.,1.));
#3243=DIRECTION('',(-1.,1.52196628366567E-15,7.2531898996688E-15));
#3244=DIRECTION('',(7.2531898996688E-15,0.,1.));
#3245=DIRECTION('',(1.,-1.52196628366567E-15,-7.2531898996688E-15));
#3246=DIRECTION('',(-7.2531898996688E-15,0.,-1.));
#3247=DIRECTION('',(-1.,1.52196628366567E-15,7.2531898996688E-15));
#3248=DIRECTION('',(7.2531898996688E-15,0.,1.));
#3249=DIRECTION('',(-1.,1.52196628366567E-15,7.2531898996688E-15));
#3250=DIRECTION('',(7.2531898996688E-15,0.,1.));
#3251=CARTESIAN_POINT('',(0.,0.,0.));
#3252=CARTESIAN_POINT('',(-0.0175768295187265,0.196291709768279,0.190750830878937));
#3253=CARTESIAN_POINT('',(-0.0175768295187265,0.186041709768278,0.182305830878938));
#3254=CARTESIAN_POINT('',(-0.0175768295187265,0.187041709768278,0.182305830878938));
#3255=CARTESIAN_POINT('',(-0.0175768295187265,0.196291709768279,0.189750830878937));
#3256=CARTESIAN_POINT('',(-0.0175768295187265,0.183931709768278,0.189750830878937));
#3257=CARTESIAN_POINT('',(-0.0175768295187265,0.188631709768279,0.189750830878937));
#3258=CARTESIAN_POINT('',(-0.0175768295187265,0.183931709768278,0.190750830878937));
#3259=CARTESIAN_POINT('',(-0.0175768295187265,0.183931709768278,0.175995830878937));
#3260=CARTESIAN_POINT('',(-0.0175768295187265,0.196291709768279,0.175995830878937));
#3261=CARTESIAN_POINT('',(-0.0175768295187265,0.188631709768279,0.175995830878937));
#3262=CARTESIAN_POINT('',(-0.0175768295187265,0.188631709768279,0.190750830878937));
#3263=CARTESIAN_POINT('',(-0.0175768295187265,0.196291709768279,0.190750830878937));
#3264=CARTESIAN_POINT('',(-0.0175768295187265,0.206541709768278,0.182305830878938));
#3265=CARTESIAN_POINT('',(-0.0175768295187265,0.207541709768278,0.182305830878938));
#3266=CARTESIAN_POINT('',(-0.0175768295187265,0.196291709768279,0.189750830878937));
#3267=CARTESIAN_POINT('',(-0.0175768295187265,0.203951709768279,0.189750830878937));
#3268=CARTESIAN_POINT('',(-0.0175768295187265,0.208651709768278,0.189750830878937));
#3269=CARTESIAN_POINT('',(-0.0175768295187265,0.203951709768279,0.190750830878937));
#3270=CARTESIAN_POINT('',(-0.0175768295187265,0.203951709768279,0.175995830878937));
#3271=CARTESIAN_POINT('',(-0.0175768295187265,0.196291709768279,0.175995830878937));
#3272=CARTESIAN_POINT('',(-0.0175768295187265,0.208651709768278,0.175995830878937));
#3273=CARTESIAN_POINT('',(-0.0175768295187265,0.208651709768278,0.190750830878937));
#3274=CARTESIAN_POINT('',(-0.000776829518726489,0.210651709768278,0.189750830878937));
#3275=CARTESIAN_POINT('',(0.0222751704812725,0.198413030111838,0.189750830878937));
#3276=CARTESIAN_POINT('',(-0.0187768295187265,0.198413030111838,0.189750830878937));
#3277=CARTESIAN_POINT('',(-0.0203768295187265,0.198413030111838,0.189750830878937));
#3278=CARTESIAN_POINT('',(-0.0187768295187265,0.196291709768279,0.189750830878937));
#3279=CARTESIAN_POINT('',(-0.0187768295187265,0.203951709768279,0.189750830878937));
#3280=CARTESIAN_POINT('',(-0.0175748295187265,0.203951709768279,0.189750830878937));
#3281=CARTESIAN_POINT('',(-0.000776829518726492,0.208651709768278,0.189750830878937));
#3282=CARTESIAN_POINT('',(0.0146231704812735,0.208651709768278,0.189750830878937));
#3283=CARTESIAN_POINT('',(0.0146231704812735,0.196291709768279,0.189750830878937));
#3284=CARTESIAN_POINT('',(0.0146231704812735,0.205641709768279,0.189750830878937));
#3285=CARTESIAN_POINT('',(0.0166251704812735,0.205641709768279,0.189750830878937));
#3286=CARTESIAN_POINT('',(0.0166231704812735,0.205641709768279,0.189750830878937));
#3287=CARTESIAN_POINT('',(0.0166231704812735,0.196291709768279,0.189750830878937));
#3288=CARTESIAN_POINT('',(0.0166231704812735,0.186941709768279,0.189750830878937));
#3289=CARTESIAN_POINT('',(0.0166251704812735,0.186941709768279,0.189750830878937));
#3290=CARTESIAN_POINT('',(0.0146231704812735,0.186941709768279,0.189750830878937));
#3291=CARTESIAN_POINT('',(0.0146231704812735,0.196291709768279,0.189750830878937));
#3292=CARTESIAN_POINT('',(0.0146231704812735,0.183931709768278,0.189750830878937));
#3293=CARTESIAN_POINT('',(-0.00077682951872653,0.183931709768278,0.189750830878937));
#3294=CARTESIAN_POINT('',(-0.0175748295187265,0.188631709768279,0.189750830878937));
#3295=CARTESIAN_POINT('',(-0.0187768295187265,0.188631709768279,0.189750830878937));
#3296=CARTESIAN_POINT('',(-0.0187768295187265,0.196291709768279,0.189750830878937));
#3297=CARTESIAN_POINT('',(-0.0187768295187265,0.194166730387267,0.189750830878937));
#3298=CARTESIAN_POINT('',(0.0222751704812725,0.194166730387267,0.189750830878937));
#3299=CARTESIAN_POINT('',(-0.0203768295187265,0.194166730387267,0.189750830878937));
#3300=CARTESIAN_POINT('',(-0.0203768295187265,0.210651709768278,0.189750830878937));
#3301=CARTESIAN_POINT('',(-0.0203768295187266,0.181931709768278,0.189750830878937));
#3302=CARTESIAN_POINT('',(-0.00077682951872653,0.181931709768278,0.189750830878937));
#3303=CARTESIAN_POINT('',(0.0188231704812735,0.181931709768278,0.189750830878937));
#3304=CARTESIAN_POINT('',(0.0188231704812735,0.210651709768278,0.189750830878937));
#3305=CARTESIAN_POINT('',(0.0188231704812735,0.210651709768278,0.189750830878937));
#3306=CARTESIAN_POINT('',(-0.000776829518726489,0.210651709768278,0.189750830878937));
#3307=CARTESIAN_POINT('',(-0.0203768295187265,0.210651709768278,0.189750830878937));
#3308=CARTESIAN_POINT('',(-0.0203768295187265,0.210651709768278,0.189750830878937));
#3309=CARTESIAN_POINT('',(-0.00225182951872788,0.196289880249549,0.118159369234539));
#3310=CARTESIAN_POINT('',(-0.0177768295187279,0.196289880249552,0.118159369234539));
#3311=CARTESIAN_POINT('',(-0.0177768295187279,0.186889880249555,0.118159369234539));
#3312=CARTESIAN_POINT('',(-0.0177768295187279,0.205689880249549,0.118159369234539));
#3313=CARTESIAN_POINT('',(0.0222751704812723,0.186889703563469,0.118159369378045));
#3314=CARTESIAN_POINT('',(-0.00475182951872773,0.186889880249555,0.118159369234539));
#3315=CARTESIAN_POINT('',(-0.00475182951872773,0.196289880249552,0.118159369234539));
#3316=CARTESIAN_POINT('',(-0.00475182951872772,0.205689880249549,0.118159369234539));
#3317=CARTESIAN_POINT('',(-0.00475182951872772,0.20569005706683,0.118159369234571));
#3318=CARTESIAN_POINT('',(-0.00225182951872788,0.196289880249549,0.118159369234539));
#3319=CARTESIAN_POINT('',(0.000248170481272273,0.196289880249552,0.118159369234539));
#3320=CARTESIAN_POINT('',(0.000248170481272275,0.186889880249555,0.118159369234539));
#3321=CARTESIAN_POINT('',(0.000248170481272285,0.205689880249549,0.118159369234539));
#3322=CARTESIAN_POINT('',(0.0222751704812723,0.186889703563469,0.118159369378045));
#3323=CARTESIAN_POINT('',(0.0132731704812725,0.186889880249555,0.118159369234539));
#3324=CARTESIAN_POINT('',(0.0132731704812725,0.196289880249552,0.118159369234539));
#3325=CARTESIAN_POINT('',(0.0132731704812725,0.205689880249549,0.118159369234539));
#3326=CARTESIAN_POINT('',(0.0132731704812725,0.205690057066798,0.118159369234539));
#3327=CARTESIAN_POINT('',(0.0162731704812723,0.196289880249552,0.0913051841737773));
#3328=CARTESIAN_POINT('',(0.0162731704812723,0.196289438636778,0.0983051822867472));
#3329=CARTESIAN_POINT('',(0.0162731704812723,0.196289438636778,0.0998051822867472));
#3330=CARTESIAN_POINT('',(0.0162731704812723,0.189289882136582,0.0913047425610035));
#3331=CARTESIAN_POINT('',(0.0162731704812723,0.189289882136582,0.0928047425610035));
#3332=CARTESIAN_POINT('',(0.0162731704812722,0.196290321862326,0.0843051860608075));
#3333=CARTESIAN_POINT('',(0.0162731704812722,0.196290321862326,0.0858051860608075));
#3334=CARTESIAN_POINT('',(0.0162731704812723,0.203289878362522,0.0913056257865511));
#3335=CARTESIAN_POINT('',(0.0162731704812723,0.203289878362522,0.0928056257865511));
#3336=CARTESIAN_POINT('',(0.0162731704812723,0.196289880249552,0.0913051841737773));
#3337=CARTESIAN_POINT('',(0.0162731704812722,0.192764880249549,0.0913051841737773));
#3338=CARTESIAN_POINT('',(0.0162731704812724,0.200989880249551,0.113159369234539));
#3339=CARTESIAN_POINT('',(0.0162731704812724,0.183889880249549,0.113159369234542));
#3340=CARTESIAN_POINT('',(0.0162731704812724,0.208689880249555,0.113159369234539));
#3341=CARTESIAN_POINT('',(0.0162731704812724,0.208689880249555,0.102652705035181));
#3342=CARTESIAN_POINT('',(0.0162731704812724,0.208689880249555,0.0841460408358238));
#3343=CARTESIAN_POINT('',(0.0162731704812722,0.202489880249553,0.0805664691668473));
#3344=CARTESIAN_POINT('',(0.0162731704812722,0.196289880249552,0.0769868974978707));
#3345=CARTESIAN_POINT('',(0.0162731704812722,0.190089880249551,0.0805664691668473));
#3346=CARTESIAN_POINT('',(0.0162731704812722,0.183889880249549,0.0841460408358238));
#3347=CARTESIAN_POINT('',(0.0162731704812723,0.183889880249549,0.102652705035181));
#3348=CARTESIAN_POINT('',(-0.0207768295187281,0.196289880249552,0.0913051841737773));
#3349=CARTESIAN_POINT('',(-0.0207768295187281,0.196289438636542,0.0983051860329471));
#3350=CARTESIAN_POINT('',(-0.0207768295187281,0.194789438636542,0.0983051860329471));
#3351=CARTESIAN_POINT('',(-0.0207768295187281,0.203289882108722,0.0913056257867874));
#3352=CARTESIAN_POINT('',(-0.0207768295187281,0.201789882108722,0.0913056257867874));
#3353=CARTESIAN_POINT('',(-0.0207768295187281,0.189289878390382,0.0913047425607671));
#3354=CARTESIAN_POINT('',(-0.0207768295187281,0.187789878390382,0.0913047425607671));
#3355=CARTESIAN_POINT('',(-0.0207768295187281,0.196290321862562,0.0843051823146074));
#3356=CARTESIAN_POINT('',(-0.0207768295187281,0.194790321862562,0.0843051823146074));
#3357=CARTESIAN_POINT('',(-0.0207768295187281,0.208689880249555,0.102652705035182));
#3358=CARTESIAN_POINT('',(-0.0207768295187281,0.208689880249555,0.113159369234539));
#3359=CARTESIAN_POINT('',(-0.0207768295187281,0.208689880249555,0.0841460408358241));
#3360=CARTESIAN_POINT('',(-0.020776829518728,0.191589880249551,0.113159369234546));
#3361=CARTESIAN_POINT('',(-0.0207768295187281,0.183889880249549,0.113159369234542));
#3362=CARTESIAN_POINT('',(-0.0207768295187281,0.183889880249549,0.102652705035182));
#3363=CARTESIAN_POINT('',(-0.0207768295187281,0.183889880249549,0.0841460408358241));
#3364=CARTESIAN_POINT('',(-0.0207768295187281,0.190089880249551,0.0805664691668476));
#3365=CARTESIAN_POINT('',(-0.0207768295187281,0.196289880249552,0.076986897497871));
#3366=CARTESIAN_POINT('',(-0.0207768295187281,0.202489880249553,0.0805664691668476));
#3367=CARTESIAN_POINT('',(0.012699773552857,0.186925268127307,0.121159369234538));
#3368=CARTESIAN_POINT('',(0.00968694467305914,0.187117274743395,0.129750632176201));
#3369=CARTESIAN_POINT('',(-0.00483035723370821,0.187985769416554,0.137945335812991));
#3370=CARTESIAN_POINT('',(-0.00478186500250158,0.186889880249554,0.146077600056749));
#3371=CARTESIAN_POINT('',(0.0143764520474484,0.186925268127307,0.121159369234538));
#3372=CARTESIAN_POINT('',(0.0113636231676505,0.187117274743395,0.129750632176201));
#3373=CARTESIAN_POINT('',(-0.00315367873911684,0.187985769416554,0.137945335812991));
#3374=CARTESIAN_POINT('',(-0.00310518650791022,0.186889880249554,0.146077600056749));
#3375=CARTESIAN_POINT('',(0.0160531305420397,0.186925268127307,0.121159369234538));
#3376=CARTESIAN_POINT('',(0.0130403016622419,0.187117274743395,0.129750632176201));
#3377=CARTESIAN_POINT('',(-0.00147700024452545,0.187985769416554,0.137945335812991));
#3378=CARTESIAN_POINT('',(-0.00142850801331883,0.186889880249554,0.146077600056749));
#3379=CARTESIAN_POINT('',(0.0177298090366311,0.186925268127307,0.121159369234538));
#3380=CARTESIAN_POINT('',(0.0147169801568333,0.187117274743395,0.129750632176201));
#3381=CARTESIAN_POINT('',(0.00019967825006594,0.187985769416554,0.137945335812991));
#3382=CARTESIAN_POINT('',(0.000248170481272541,0.186889880249554,0.146077600056749));
#3383=CARTESIAN_POINT('',(0.0152298090366308,0.186925268127307,0.121159369234539));
#3384=CARTESIAN_POINT('',(0.012729801188484,0.186926731190075,0.12115939161421));
#3385=CARTESIAN_POINT('',(0.0162731704812725,0.186925268127307,0.121159369234539));
#3386=CARTESIAN_POINT('',(0.0152298090366309,0.186925268127307,0.121159369234539));
#3387=CARTESIAN_POINT('',(0.0177298090366313,0.186925268127307,0.121159369234538));
#3388=CARTESIAN_POINT('',(0.0182731704812724,0.186889880249555,0.118159369234539));
#3389=CARTESIAN_POINT('',(0.0182731704812725,0.186889880249555,0.127852579219215));
#3390=CARTESIAN_POINT('',(-0.0180500860427342,0.189346538505825,0.146238875424392));
#3391=CARTESIAN_POINT('',(0.0188231704812735,0.181931709768278,0.164311399115446));
#3392=CARTESIAN_POINT('',(0.0188231704812735,0.181931709768278,0.173995830878937));
#3393=CARTESIAN_POINT('',(0.000248170481272532,0.186889880249554,0.146077600056748));
#3394=CARTESIAN_POINT('',(-0.00225182951872723,0.186889880249554,0.146077600056748));
#3395=CARTESIAN_POINT('',(-0.00475186479086874,0.186891256134168,0.146067812157181));
#3396=CARTESIAN_POINT('',(0.0132731704812725,0.186889880249555,0.118159369234539));
#3397=CARTESIAN_POINT('',(0.0132731704812725,0.186889880249555,0.127852579219215));
#3398=CARTESIAN_POINT('',(-0.0230500860427343,0.189346538505825,0.146238875424392));
#3399=CARTESIAN_POINT('',(0.0138231704812736,0.181931709768278,0.164311399115446));
#3400=CARTESIAN_POINT('',(0.0138231704812736,0.181931709768278,0.173995830878937));
#3401=CARTESIAN_POINT('',(0.0177904169439895,0.190407814725752,0.120981802056036));
#3402=CARTESIAN_POINT('',(0.0177904497360634,0.186869767228269,0.120981703234493));
#3403=CARTESIAN_POINT('',(0.0173744357789991,0.1904077758654,0.122235060068669));
#3404=CARTESIAN_POINT('',(0.017374468571073,0.186869728367917,0.122234961247127));
#3405=CARTESIAN_POINT('',(0.0161370085756342,0.190407700375164,0.124527173802502));
#3406=CARTESIAN_POINT('',(0.0161370413677081,0.186869652877681,0.124527074980959));
#3407=CARTESIAN_POINT('',(0.0128992605864255,0.190407554875082,0.128662038845708));
#3408=CARTESIAN_POINT('',(0.0128992933784994,0.186869507377599,0.128661940024166));
#3409=CARTESIAN_POINT('',(0.00921881468430899,0.190407417781864,0.132349016878058));
#3410=CARTESIAN_POINT('',(0.00921884747638288,0.186869370284382,0.132348918056516));
#3411=CARTESIAN_POINT('',(0.00560284263468115,0.190407279155149,0.136112292297094));
#3412=CARTESIAN_POINT('',(0.00560287542675504,0.186869231657667,0.136112193475552));
#3413=CARTESIAN_POINT('',(0.00305906910956306,0.190407172532213,0.139085544861352));
#3414=CARTESIAN_POINT('',(0.00305910190163695,0.18686912503473,0.139085446039809));
#3415=CARTESIAN_POINT('',(0.000917381064459917,0.190407061013409,0.142367505685301));
#3416=CARTESIAN_POINT('',(0.000917413856533808,0.186869013515927,0.142367406863759));
#3417=CARTESIAN_POINT('',(0.000212110293175413,0.190406982524781,0.144943555374841));
#3418=CARTESIAN_POINT('',(0.000212143085249304,0.186868935027299,0.144943456553298));
#3419=CARTESIAN_POINT('',(0.00025164532715239,0.190406945962099,0.146265705784071));
#3420=CARTESIAN_POINT('',(0.000251678119226281,0.186868898464616,0.146265606962529));
#3421=CARTESIAN_POINT('',(0.0177298149612015,0.186925268127304,0.121159369234539));
#3422=CARTESIAN_POINT('',(0.0177298155675386,0.18807883695743,0.121159369234539));
#3423=CARTESIAN_POINT('',(0.017729816173712,0.189232405787556,0.121159369234539));
#3424=CARTESIAN_POINT('',(0.0177298167797217,0.190385974617682,0.121159369234539));
#3425=CARTESIAN_POINT('',(0.0177298138460612,0.190385974617683,0.121159369234539));
#3426=CARTESIAN_POINT('',(0.0177298138460612,0.190385974617683,0.121159369234539));
#3427=CARTESIAN_POINT('',(0.0173359537946775,0.190385974617683,0.122282495934685));
#3428=CARTESIAN_POINT('',(0.016231624002787,0.190385974617683,0.12434997394611));
#3429=CARTESIAN_POINT('',(0.0133659963543287,0.190385974617683,0.128119485685487));
#3430=CARTESIAN_POINT('',(0.0109054942957245,0.190385974617683,0.130641160012779));
#3431=CARTESIAN_POINT('',(0.00926447840956588,0.190385974617683,0.13232616390715));
#3432=CARTESIAN_POINT('',(0.00926447840956581,0.190385974617683,0.13232616390715));
#3433=CARTESIAN_POINT('',(0.00926447840956585,0.190385974617683,0.13232616390715));
#3434=CARTESIAN_POINT('',(0.00926447907971694,0.189381907636146,0.132326147138888));
#3435=CARTESIAN_POINT('',(0.00926448137083889,0.188377840654816,0.132326078156919));
#3436=CARTESIAN_POINT('',(0.00926448069292457,0.187373773673218,0.132326076748161));
#3437=CARTESIAN_POINT('',(0.00926448069292461,0.187373773673218,0.132326076748162));
#3438=CARTESIAN_POINT('',(0.00926448069292461,0.187373773673218,0.132326076748161));
#3439=CARTESIAN_POINT('',(0.00842540950544227,0.187403394534262,0.133187635946576));
#3440=CARTESIAN_POINT('',(0.0075846538670868,0.187427466110257,0.13404782441837));
#3441=CARTESIAN_POINT('',(0.00675833865416873,0.18744281198415,0.134922001948535));
#3442=CARTESIAN_POINT('',(0.00675833865416876,0.18744281198415,0.134922001948535));
#3443=CARTESIAN_POINT('',(0.00675833865416877,0.18744281198415,0.134922001948535));
#3444=CARTESIAN_POINT('',(0.00675833943349975,0.18842386619612,0.134922003457482));
#3445=CARTESIAN_POINT('',(0.00675833721544419,0.189404920406177,0.134922077504434));
#3446=CARTESIAN_POINT('',(0.00675833652027698,0.190385974617683,0.134922096604955));
#3447=CARTESIAN_POINT('',(0.00675833652027699,0.190385974617683,0.134922096604955));
#3448=CARTESIAN_POINT('',(0.00675833652027701,0.190385974617683,0.134922096604955));
#3449=CARTESIAN_POINT('',(0.0052439649044085,0.190385974617683,0.136524187120091));
#3450=CARTESIAN_POINT('',(0.00302121828020524,0.190385974617683,0.138982886473175));
#3451=CARTESIAN_POINT('',(0.000780096901522729,0.190385974617683,0.142801576393978));
#3452=CARTESIAN_POINT('',(0.000241532735308917,0.190385974617683,0.144964459219457));
#3453=CARTESIAN_POINT('',(0.000248170481272543,0.190385974617683,0.146077600056749));
#3454=CARTESIAN_POINT('',(0.000248170481268172,0.190385974617683,0.146077600056598));
#3455=CARTESIAN_POINT('',(0.000248170481272478,0.186889880249555,0.146077600056738));
#3456=CARTESIAN_POINT('',(0.000248170481272479,0.188055245038931,0.146077600056738));
#3457=CARTESIAN_POINT('',(0.000248170481272456,0.189220609828307,0.146077600056737));
#3458=CARTESIAN_POINT('',(0.000248170481272479,0.190385974617683,0.146077600056738));
#3459=CARTESIAN_POINT('',(0.0177904478036479,0.205710019938156,0.120981705527131));
#3460=CARTESIAN_POINT('',(0.017790417116095,0.20217197244051,0.120981802060177));
#3461=CARTESIAN_POINT('',(0.0173744664549169,0.205710057740428,0.122234963232398));
#3462=CARTESIAN_POINT('',(0.017374435767364,0.202172010242782,0.122235059765444));
#3463=CARTESIAN_POINT('',(0.0161370404407476,0.205710131012008,0.124527077307713));
#3464=CARTESIAN_POINT('',(0.0161370097531947,0.202172083514362,0.124527173840759));
#3465=CARTESIAN_POINT('',(0.0128992928225475,0.205710271911658,0.128661942189938));
#3466=CARTESIAN_POINT('',(0.0128992621349946,0.202172224414012,0.128662038722984));
#3467=CARTESIAN_POINT('',(0.00921884785995015,0.20571040443082,0.132348920441842));
#3468=CARTESIAN_POINT('',(0.00921881717239723,0.202172356933174,0.132349016974888));
#3469=CARTESIAN_POINT('',(0.00560287617258266,0.205710538472471,0.136112195516607));
#3470=CARTESIAN_POINT('',(0.00560284548502975,0.202172490974825,0.136112292049653));
#3471=CARTESIAN_POINT('',(0.00305910251018276,0.205710641659124,0.139085447697013));
#3472=CARTESIAN_POINT('',(0.00305907182262985,0.202172594161478,0.139085544230059));
#3473=CARTESIAN_POINT('',(0.00091741398984072,0.205710749781114,0.142367407296831));
#3474=CARTESIAN_POINT('',(0.000917383302287802,0.202172702283468,0.142367503829877));
#3475=CARTESIAN_POINT('',(0.000212141913829942,0.20571082618398,0.144943456659743));
#3476=CARTESIAN_POINT('',(0.000212111226277024,0.202172778686334,0.144943553192789));
#3477=CARTESIAN_POINT('',(0.000251676784804731,0.205710861914978,0.146265606970107));
#3478=CARTESIAN_POINT('',(0.000251646097251813,0.202172814417332,0.146265703503153));
#3479=CARTESIAN_POINT('',(0.0177298139647305,0.202193785881421,0.121159369234539));
#3480=CARTESIAN_POINT('',(0.0173359539422592,0.202193785881421,0.122282496125509));
#3481=CARTESIAN_POINT('',(0.0162316241785244,0.202193785881421,0.124349974536888));
#3482=CARTESIAN_POINT('',(0.0133659964962811,0.202193785881421,0.128119487108396));
#3483=CARTESIAN_POINT('',(0.0109054943156143,0.202193785881421,0.130641162012763));
#3484=CARTESIAN_POINT('',(0.00926447829969515,0.202193785881421,0.132326166246915));
#3485=CARTESIAN_POINT('',(0.0177298139647305,0.202193785881422,0.121159369234539));
#3486=CARTESIAN_POINT('',(0.00926447829969509,0.202193785881421,0.132326166246915));
#3487=CARTESIAN_POINT('',(0.0177298138663891,0.205654466265434,0.121159369234539));
#3488=CARTESIAN_POINT('',(0.0177298148972325,0.20450090613743,0.121159369234539));
#3489=CARTESIAN_POINT('',(0.0177298159279198,0.203347346009427,0.121159369234539));
#3490=CARTESIAN_POINT('',(0.0177298169584509,0.202193785881424,0.121159369234539));
#3491=CARTESIAN_POINT('',(0.0177298091813071,0.205654466265429,0.121159369234539));
#3492=CARTESIAN_POINT('',(0.0182731704812725,0.205689880249549,0.118159369234539));
#3493=CARTESIAN_POINT('',(0.0182731704812725,0.205689880249549,0.12785258016342));
#3494=CARTESIAN_POINT('',(-0.0180500860427343,0.203231409025249,0.146238886723568));
#3495=CARTESIAN_POINT('',(0.0188231704812735,0.210651709768278,0.164311375349271));
#3496=CARTESIAN_POINT('',(0.0188231704812735,0.210651709768278,0.173995830878937));
#3497=CARTESIAN_POINT('',(0.000248170481272498,0.20568988024955,0.146077600056741));
#3498=CARTESIAN_POINT('',(0.000248170481272458,0.202193785881421,0.146077600056737));
#3499=CARTESIAN_POINT('',(0.000248170481272459,0.203359150670797,0.146077600056737));
#3500=CARTESIAN_POINT('',(0.000248170481272475,0.204524515460173,0.146077600056738));
#3501=CARTESIAN_POINT('',(0.000248170481272476,0.205689880249549,0.146077600056738));
#3502=CARTESIAN_POINT('',(0.000248170481272477,0.202193785881421,0.146077600056738));
#3503=CARTESIAN_POINT('',(0.00675833640756048,0.202193785881421,0.134922099180511));
#3504=CARTESIAN_POINT('',(0.00524396511106245,0.202193785881421,0.136524189441318));
#3505=CARTESIAN_POINT('',(0.00302121886273064,0.202193785881421,0.138982888276657));
#3506=CARTESIAN_POINT('',(0.000780097246870046,0.202193785881421,0.142801577123128));
#3507=CARTESIAN_POINT('',(0.000241532732813816,0.202193785881422,0.144964459413106));
#3508=CARTESIAN_POINT('',(0.000248170481272538,0.202193785881422,0.146077600056748));
#3509=CARTESIAN_POINT('',(0.00675833640756046,0.202193785881421,0.134922099180511));
#3510=CARTESIAN_POINT('',(0.00675833640756046,0.202193785881421,0.134922099180511));
#3511=CARTESIAN_POINT('',(0.00675833709132586,0.203174704075689,0.134922080353615));
#3512=CARTESIAN_POINT('',(0.00675833930257703,0.204155622269724,0.134922006490084));
#3513=CARTESIAN_POINT('',(0.00675833852419926,0.205136540464065,0.134922004982247));
#3514=CARTESIAN_POINT('',(0.00675833852419926,0.205136540464065,0.134922004982247));
#3515=CARTESIAN_POINT('',(0.00675833852419928,0.205136540464065,0.134922004982247));
#3516=CARTESIAN_POINT('',(0.00758465443120491,0.205151897676838,0.134047826667011));
#3517=CARTESIAN_POINT('',(0.00842540930147956,0.205175987002419,0.133187638913536));
#3518=CARTESIAN_POINT('',(0.00926448056538867,0.205205629726076,0.132326079516562));
#3519=CARTESIAN_POINT('',(0.00926448056538871,0.205205629726076,0.132326079516562));
#3520=CARTESIAN_POINT('',(0.00926448056538867,0.205205629726076,0.132326079516562));
#3521=CARTESIAN_POINT('',(0.00926448124247217,0.204201681777199,0.132326080924379));
#3522=CARTESIAN_POINT('',(0.00926447895827407,0.203197733829935,0.132326149736));
#3523=CARTESIAN_POINT('',(0.00926447829969508,0.202193785881421,0.132326166246915));
#3524=CARTESIAN_POINT('',(0.0177298091813071,0.205654466265429,0.121159369234539));
#3525=CARTESIAN_POINT('',(0.0147169806215812,0.205462317970633,0.129750633806383));
#3526=CARTESIAN_POINT('',(0.000199678249298285,0.204593182319205,0.137945341148304));
#3527=CARTESIAN_POINT('',(0.000248170481272486,0.205689880249549,0.146077600056742));
#3528=CARTESIAN_POINT('',(0.0160531343127644,0.205654466265429,0.121159369234539));
#3529=CARTESIAN_POINT('',(0.0130403057530385,0.205462317970633,0.129750633806383));
#3530=CARTESIAN_POINT('',(-0.0014769966192444,0.204593182319205,0.137945341148304));
#3531=CARTESIAN_POINT('',(-0.0014285043872702,0.205689880249549,0.146077600056742));
#3532=CARTESIAN_POINT('',(0.0143764594442217,0.205654466265429,0.121159369234539));
#3533=CARTESIAN_POINT('',(0.0113636308844958,0.205462317970633,0.129750633806383));
#3534=CARTESIAN_POINT('',(-0.00315367148778711,0.204593182319205,0.137945341148304));
#3535=CARTESIAN_POINT('',(-0.0031051792558129,0.205689880249549,0.146077600056742));
#3536=CARTESIAN_POINT('',(0.012699784575679,0.205654466265429,0.121159369234539));
#3537=CARTESIAN_POINT('',(0.00968695601595309,0.205462317970633,0.129750633806383));
#3538=CARTESIAN_POINT('',(-0.0048303463563298,0.204593182319205,0.137945341148304));
#3539=CARTESIAN_POINT('',(-0.00478185412435559,0.205689880249549,0.146077600056742));
#3540=CARTESIAN_POINT('',(0.015229809181307,0.205654466265429,0.121159369234539));
#3541=CARTESIAN_POINT('',(0.0162731704812723,0.205654466265429,0.121159369234539));
#3542=CARTESIAN_POINT('',(0.0127298013222511,0.205653001954228,0.121159391645324));
#3543=CARTESIAN_POINT('',(0.0132731704812725,0.205689880249549,0.118159369234539));
#3544=CARTESIAN_POINT('',(0.0132731704812725,0.205689880249549,0.12785258016342));
#3545=CARTESIAN_POINT('',(-0.0230500860427343,0.203231409025249,0.146238886723568));
#3546=CARTESIAN_POINT('',(0.0138231704812735,0.210651709768278,0.164311375349271));
#3547=CARTESIAN_POINT('',(0.0138231704812736,0.210651709768278,0.173995830878937));
#3548=CARTESIAN_POINT('',(-0.00475185397760234,0.205688944525181,0.146070951145818));
#3549=CARTESIAN_POINT('',(-0.00225182951872742,0.20568988024955,0.146077600056742));
#3550=CARTESIAN_POINT('',(0.0152298091813071,0.205654466265429,0.121159369234539));
#3551=CARTESIAN_POINT('',(-0.0222305687983744,0.186928734385741,0.121159369234539));
#3552=CARTESIAN_POINT('',(-0.0208899636477234,0.18702197258599,0.124962459089304));
#3553=CARTESIAN_POINT('',(-0.017284261584383,0.187260141289175,0.128690666355902));
#3554=CARTESIAN_POINT('',(-0.0136932325567236,0.187388279028579,0.132399114817785));
#3555=CARTESIAN_POINT('',(-0.0205639021317077,0.186928734385741,0.121159369234539));
#3556=CARTESIAN_POINT('',(-0.0192232969810567,0.18702197258599,0.124962459089304));
#3557=CARTESIAN_POINT('',(-0.0156175949177162,0.187260141289175,0.128690666355902));
#3558=CARTESIAN_POINT('',(-0.0120265658900568,0.187388279028579,0.132399114817785));
#3559=CARTESIAN_POINT('',(-0.018897235465041,0.186928734385741,0.121159369234539));
#3560=CARTESIAN_POINT('',(-0.01755663031439,0.18702197258599,0.124962459089304));
#3561=CARTESIAN_POINT('',(-0.0139509282510496,0.187260141289175,0.128690666355901));
#3562=CARTESIAN_POINT('',(-0.0103598992233902,0.187388279028579,0.132399114817785));
#3563=CARTESIAN_POINT('',(-0.0172305687983743,0.186928734385741,0.121159369234539));
#3564=CARTESIAN_POINT('',(-0.0158899636477233,0.18702197258599,0.124962459089304));
#3565=CARTESIAN_POINT('',(-0.0122842615843829,0.187260141289175,0.128690666355901));
#3566=CARTESIAN_POINT('',(-0.00869323255672351,0.187388279028579,0.132399114817785));
#3567=CARTESIAN_POINT('',(-0.0197305687983743,0.186928734385741,0.121159369234539));
#3568=CARTESIAN_POINT('',(-0.0222305687983743,0.186928734385736,0.121159369234539));
#3569=CARTESIAN_POINT('',(-0.0172305687983743,0.186928734385741,0.121159369234539));
#3570=CARTESIAN_POINT('',(-0.0177768295187279,0.186889880249555,0.118159369234539));
#3571=CARTESIAN_POINT('',(-0.0177768295187278,0.186889880249555,0.12773541673661));
#3572=CARTESIAN_POINT('',(0.0170397624424993,0.189464736976731,0.14544473692636));
#3573=CARTESIAN_POINT('',(-0.0153768295187265,0.181931709768278,0.164299336152923));
#3574=CARTESIAN_POINT('',(-0.0153768295187265,0.181931709768278,0.173995830878937));
#3575=CARTESIAN_POINT('',(-0.0112520465932184,0.18728042301946,0.129722436999729));
#3576=CARTESIAN_POINT('',(-0.0112520465932183,0.18728042301946,0.129722436999729));
#3577=CARTESIAN_POINT('',(-0.0120748894655167,0.187319820930378,0.13060406683465));
#3578=CARTESIAN_POINT('',(-0.0129154294633915,0.187355831129861,0.131469102018115));
#3579=CARTESIAN_POINT('',(-0.0137574866433641,0.187385974617683,0.132332758748896));
#3580=CARTESIAN_POINT('',(-0.0137574866433641,0.187385974617683,0.132332758748896));
#3581=CARTESIAN_POINT('',(-0.022776829518728,0.186889880249549,0.118159369234539));
#3582=CARTESIAN_POINT('',(-0.0227768295187279,0.186889880249549,0.12773541673661));
#3583=CARTESIAN_POINT('',(0.0120397624424993,0.189464736976734,0.14544473692636));
#3584=CARTESIAN_POINT('',(-0.0203768295187266,0.181931709768278,0.164299336152923));
#3585=CARTESIAN_POINT('',(-0.0203768295187266,0.181931709768278,0.173995830878937));
#3586=CARTESIAN_POINT('',(-0.0222586877286575,0.202172601898071,0.12107863102627));
#3587=CARTESIAN_POINT('',(-0.0222587247934605,0.205671740534348,0.12107852281041));
#3588=CARTESIAN_POINT('',(-0.0218675861332375,0.202172641206211,0.12221569661333));
#3589=CARTESIAN_POINT('',(-0.0218676231980405,0.205671779842488,0.12221558839747));
#3590=CARTESIAN_POINT('',(-0.0207549205230367,0.202172717702403,0.124308088902943));
#3591=CARTESIAN_POINT('',(-0.0207549575878397,0.20567185633868,0.124307980687083));
#3592=CARTESIAN_POINT('',(-0.0178570267465273,0.202172866214497,0.12811764653601));
#3593=CARTESIAN_POINT('',(-0.0178570638113303,0.205672004850774,0.128117538320151));
#3594=CARTESIAN_POINT('',(-0.0153579366518952,0.202172971932303,0.130680052583154));
#3595=CARTESIAN_POINT('',(-0.0153579737166982,0.205672110568579,0.130679944367295));
#3596=CARTESIAN_POINT('',(-0.0136984277370322,0.202173042511617,0.132393825733269));
#3597=CARTESIAN_POINT('',(-0.0136984648018352,0.205672181147894,0.132393717517409));
#3598=CARTESIAN_POINT('',(-0.022776829518728,0.205689880249555,0.118159369234539));
#3599=CARTESIAN_POINT('',(-0.0227768295187279,0.205689880249555,0.127735417836851));
#3600=CARTESIAN_POINT('',(0.0120397624424993,0.203113123326071,0.14544474944393));
#3601=CARTESIAN_POINT('',(-0.0203768295187265,0.210651709768278,0.164299311029047));
#3602=CARTESIAN_POINT('',(-0.0203768295187265,0.210651709768278,0.173995830878937));
#3603=CARTESIAN_POINT('',(-0.0222305689684753,0.205650997451579,0.121159369234539));
#3604=CARTESIAN_POINT('',(-0.0137574868868957,0.205193419781803,0.132332761522274));
#3605=CARTESIAN_POINT('',(-0.0222305723789671,0.20565099745158,0.121159369234539));
#3606=CARTESIAN_POINT('',(-0.0222305727346224,0.20449859359486,0.121159369234539));
#3607=CARTESIAN_POINT('',(-0.0222305730900768,0.203346189738141,0.121159369234539));
#3608=CARTESIAN_POINT('',(-0.0222305734453305,0.202193785881421,0.121159369234539));
#3609=CARTESIAN_POINT('',(-0.0222305744412987,0.202193785881422,0.121159369234539));
#3610=CARTESIAN_POINT('',(-0.0137574915047939,0.202193785881421,0.132332847963127));
#3611=CARTESIAN_POINT('',(-0.0153927739980581,0.202193785881421,0.130644023681126));
#3612=CARTESIAN_POINT('',(-0.0178493622911498,0.202193785881421,0.128117683732079));
#3613=CARTESIAN_POINT('',(-0.0207067257171619,0.202193785881422,0.124379580481628));
#3614=CARTESIAN_POINT('',(-0.0218351322247181,0.202193785881422,0.122281190494978));
#3615=CARTESIAN_POINT('',(-0.0222305744412988,0.202193785881422,0.121159369234539));
#3616=CARTESIAN_POINT('',(-0.0137574915047938,0.202193785881422,0.132332847963127));
#3617=CARTESIAN_POINT('',(-0.0137574915047938,0.202193785881422,0.132332847963127));
#3618=CARTESIAN_POINT('',(-0.0137574905220013,0.203193663848262,0.132332831211725));
#3619=CARTESIAN_POINT('',(-0.013757484879608,0.204193541814914,0.132332764328216));
#3620=CARTESIAN_POINT('',(-0.0137574868868958,0.205193419781807,0.132332761522274));
#3621=CARTESIAN_POINT('',(-0.0222587224339994,0.186907991137922,0.121078525601253));
#3622=CARTESIAN_POINT('',(-0.0222586880453694,0.190407143759914,0.121078631199033));
#3623=CARTESIAN_POINT('',(-0.0218676206217676,0.186907952979827,0.122215590617068));
#3624=CARTESIAN_POINT('',(-0.0218675862331376,0.190407105601819,0.122215696214848));
#3625=CARTESIAN_POINT('',(-0.0207549555334522,0.186907878900485,0.124307982095333));
#3626=CARTESIAN_POINT('',(-0.0207549211448221,0.190407031522477,0.124308087693114));
#3627=CARTESIAN_POINT('',(-0.0178570620634212,0.186907735455696,0.128117537772554));
#3628=CARTESIAN_POINT('',(-0.0178570276747911,0.190406888077688,0.128117643370335));
#3629=CARTESIAN_POINT('',(-0.0153579726802517,0.186907633566875,0.130679942704756));
#3630=CARTESIAN_POINT('',(-0.0153579382916217,0.190406786188866,0.130680048302536));
#3631=CARTESIAN_POINT('',(-0.0136984642346254,0.186907565539323,0.132393715114949));
#3632=CARTESIAN_POINT('',(-0.0136984298459954,0.190406718161315,0.13239382071273));
#3633=CARTESIAN_POINT('',(-0.0137574912948738,0.190385974617683,0.132332845618965));
#3634=CARTESIAN_POINT('',(-0.0153927736868961,0.190385974617683,0.130644021671716));
#3635=CARTESIAN_POINT('',(-0.0178493619315832,0.190385974617682,0.128117682307934));
#3636=CARTESIAN_POINT('',(-0.0207067254357346,0.190385974617683,0.124379579911767));
#3637=CARTESIAN_POINT('',(-0.0218351320364081,0.190385974617683,0.1222811903149));
#3638=CARTESIAN_POINT('',(-0.0222305743017405,0.190385974617683,0.121159369234539));
#3639=CARTESIAN_POINT('',(-0.0137574912948738,0.190385974617683,0.132332845618965));
#3640=CARTESIAN_POINT('',(-0.0222305743017405,0.190385974617683,0.121159369234539));
#3641=CARTESIAN_POINT('',(-0.0222305737905667,0.190385974617684,0.121159369234539));
#3642=CARTESIAN_POINT('',(-0.0222305728578522,0.189233561207034,0.121159369234539));
#3643=CARTESIAN_POINT('',(-0.0222305719249464,0.188081147796384,0.121159369234539));
#3644=CARTESIAN_POINT('',(-0.0222305709918495,0.186928734385734,0.121159369234539));
#3645=CARTESIAN_POINT('',(-0.0137574866433641,0.18738597461768,0.132332758748896));
#3646=CARTESIAN_POINT('',(-0.0137574846344025,0.188385974618315,0.132332761556657));
#3647=CARTESIAN_POINT('',(-0.0137574902901427,0.189385974617394,0.132332828610711));
#3648=CARTESIAN_POINT('',(-0.0137574912948738,0.190385974617683,0.132332845618965));
#3649=CARTESIAN_POINT('',(-0.0172305689684754,0.205650997451573,0.121159369234539));
#3650=CARTESIAN_POINT('',(-0.0158899639828728,0.20555769045369,0.124962459933468));
#3651=CARTESIAN_POINT('',(-0.0122842618984257,0.205319345980322,0.1286906685041));
#3652=CARTESIAN_POINT('',(-0.00869323279897617,0.205191113670161,0.132399117602626));
#3653=CARTESIAN_POINT('',(-0.0188972356351421,0.205650997451573,0.121159369234539));
#3654=CARTESIAN_POINT('',(-0.0175566306495394,0.20555769045369,0.124962459933468));
#3655=CARTESIAN_POINT('',(-0.0139509285650924,0.205319345980322,0.1286906685041));
#3656=CARTESIAN_POINT('',(-0.0103598994656428,0.205191113670161,0.132399117602626));
#3657=CARTESIAN_POINT('',(-0.0205639023018088,0.205650997451573,0.121159369234539));
#3658=CARTESIAN_POINT('',(-0.0192232973162062,0.20555769045369,0.124962459933468));
#3659=CARTESIAN_POINT('',(-0.0156175952317591,0.205319345980322,0.1286906685041));
#3660=CARTESIAN_POINT('',(-0.0120265661323095,0.205191113670161,0.132399117602626));
#3661=CARTESIAN_POINT('',(-0.0222305689684754,0.205650997451573,0.121159369234539));
#3662=CARTESIAN_POINT('',(-0.0208899639828728,0.20555769045369,0.124962459933468));
#3663=CARTESIAN_POINT('',(-0.0172842618984258,0.205319345980322,0.1286906685041));
#3664=CARTESIAN_POINT('',(-0.0136932327989762,0.205191113670161,0.132399117602626));
#3665=CARTESIAN_POINT('',(-0.0177768295187279,0.205689880249549,0.118159369234539));
#3666=CARTESIAN_POINT('',(-0.0177768295187278,0.205689880249549,0.127735417836851));
#3667=CARTESIAN_POINT('',(0.0170397624424993,0.203113123326074,0.14544474944393));
#3668=CARTESIAN_POINT('',(-0.0153768295187265,0.210651709768278,0.164299311029047));
#3669=CARTESIAN_POINT('',(-0.0153768295187265,0.210651709768278,0.173995830878937));
#3670=CARTESIAN_POINT('',(-0.0172305689684754,0.205650997451574,0.121159369234539));
#3671=CARTESIAN_POINT('',(-0.0112520467952085,0.205299049276052,0.129722439313186));
#3672=CARTESIAN_POINT('',(-0.0197305689684754,0.205650997451574,0.121159369234539));
#3673=CARTESIAN_POINT('',(-0.0137574868868958,0.205193419781803,0.132332761522274));
#3674=CARTESIAN_POINT('',(-0.0129154298414832,0.205223585510687,0.131469104813513));
#3675=CARTESIAN_POINT('',(-0.0120748889611688,0.205259622325165,0.130604068550214));
#3676=CARTESIAN_POINT('',(-0.0112520467952086,0.205299049276052,0.129722439313186));
#3677=CARTESIAN_POINT('',(-0.000293711780546239,0.186924215981933,0.121159369230628));
#3678=CARTESIAN_POINT('',(-0.00331098093681387,0.187111334086326,0.12978625739093));
#3679=CARTESIAN_POINT('',(-0.024904141479494,0.188369089304386,0.141957885296743));
#3680=CARTESIAN_POINT('',(-0.0142675021720009,0.185418475285627,0.153788621938936));
#3681=CARTESIAN_POINT('',(-0.010285511458488,0.184481330380883,0.157654415246969));
#3682=CARTESIAN_POINT('',(-0.000293711780546239,0.187314451465185,0.121159369673822));
#3683=CARTESIAN_POINT('',(-0.00331098093681387,0.187493770105027,0.129786258884737));
#3684=CARTESIAN_POINT('',(-0.024904141479494,0.188699099518169,0.141957885504346));
#3685=CARTESIAN_POINT('',(-0.0142675021720009,0.185871473114737,0.153788621395265));
#3686=CARTESIAN_POINT('',(-0.010285511458488,0.184973390322597,0.157654414603755));
#3687=CARTESIAN_POINT('',(-0.000293711780546239,0.187704686948438,0.1211593712582));
#3688=CARTESIAN_POINT('',(-0.00331098093681387,0.187876206123728,0.129786266512496));
#3689=CARTESIAN_POINT('',(-0.024904141479494,0.189029109731953,0.141957917904019));
#3690=CARTESIAN_POINT('',(-0.0142675021720009,0.186324470943848,0.15378858852638));
#3691=CARTESIAN_POINT('',(-0.010285511458488,0.185465450264311,0.157654369220534));
#3692=CARTESIAN_POINT('',(-0.000293711780546239,0.188485157914942,0.12115937487695));
#3693=CARTESIAN_POINT('',(-0.00331098093681387,0.18864107816113,0.129786283844949));
#3694=CARTESIAN_POINT('',(-0.024904141479494,0.18968913015952,0.141957990666937));
#3695=CARTESIAN_POINT('',(-0.0142675021720009,0.187230466602069,0.153788514663127));
#3696=CARTESIAN_POINT('',(-0.010285511458488,0.186449570147739,0.157654267249982));
#3697=CARTESIAN_POINT('',(-0.000293711780546239,0.188875393398195,0.121159376916333));
#3698=CARTESIAN_POINT('',(-0.00331098093681387,0.189023514179831,0.129786293581958));
#3699=CARTESIAN_POINT('',(-0.024904141479494,0.190019140373303,0.141958031246025));
#3700=CARTESIAN_POINT('',(-0.0142675021720009,0.187683464431179,0.153788473454054));
#3701=CARTESIAN_POINT('',(-0.010285511458488,0.186941630089453,0.157654210364824));
#3702=CARTESIAN_POINT('',(-0.000293711780546239,0.189655864364699,0.12115938028612));
#3703=CARTESIAN_POINT('',(-0.00331098093681387,0.189788386217233,0.129786309285157));
#3704=CARTESIAN_POINT('',(-0.024904141479494,0.19067916080087,0.141958092957842));
#3705=CARTESIAN_POINT('',(-0.0142675021720009,0.188589460089401,0.153788410577786));
#3706=CARTESIAN_POINT('',(-0.010285511458488,0.187925749972881,0.157654123636703));
#3707=CARTESIAN_POINT('',(-0.000293711780546239,0.190046099847951,0.121159381628376));
#3708=CARTESIAN_POINT('',(-0.00331098093681387,0.190170822235934,0.129786315327786));
#3709=CARTESIAN_POINT('',(-0.024904141479494,0.191009171014654,0.141958114601148));
#3710=CARTESIAN_POINT('',(-0.0142675021720009,0.189042457918511,0.153788388402707));
#3711=CARTESIAN_POINT('',(-0.010285511458488,0.188417809914596,0.157654093089234));
#3712=CARTESIAN_POINT('',(-0.000293711780546239,0.190826570814456,0.121159382945191));
#3713=CARTESIAN_POINT('',(-0.00331098093681387,0.190935694273336,0.129786321020938));
#3714=CARTESIAN_POINT('',(-0.024904141479494,0.19166919144222,0.141958132582773));
#3715=CARTESIAN_POINT('',(-0.0142675021720009,0.189948453576732,0.153788369824185));
#3716=CARTESIAN_POINT('',(-0.010285511458488,0.189401929798023,0.157654067545774));
#3717=CARTESIAN_POINT('',(-0.000293711780546239,0.191216806297708,0.121159382935259));
#3718=CARTESIAN_POINT('',(-0.00331098093681387,0.191318130292037,0.129786320771489));
#3719=CARTESIAN_POINT('',(-0.024904141479494,0.191999201656004,0.141958129589239));
#3720=CARTESIAN_POINT('',(-0.0142675021720009,0.190401451405843,0.153788372756121));
#3721=CARTESIAN_POINT('',(-0.010285511458488,0.189893989739738,0.15765407162786));
#3722=CARTESIAN_POINT('',(-0.000293711780546239,0.191609483652865,0.12115938203953));
#3723=CARTESIAN_POINT('',(-0.00331098093681387,0.191702959378025,0.129786316848636));
#3724=CARTESIAN_POINT('',(-0.024904141479494,0.192331276886178,0.141958116662465));
#3725=CARTESIAN_POINT('',(-0.0142675021720009,0.190857283837954,0.153788386072838));
#3726=CARTESIAN_POINT('',(-0.010285511458488,0.190389128712956,0.15765408994931));
#3727=CARTESIAN_POINT('',(-0.000293711780546239,0.191611925524769,0.121159382033945));
#3728=CARTESIAN_POINT('',(-0.00331098093681387,0.191705352445313,0.129786316824166));
#3729=CARTESIAN_POINT('',(-0.024904141479494,0.192333341902569,0.141958116581729));
#3730=CARTESIAN_POINT('',(-0.0142675021720009,0.190860118440954,0.153788386156002));
#3731=CARTESIAN_POINT('',(-0.010285511458488,0.19039220774446,0.157654090063732));
#3732=CARTESIAN_POINT('',(-0.000293711780546239,0.191614367396674,0.121159382028345));
#3733=CARTESIAN_POINT('',(-0.00331098093681387,0.1917077455126,0.12978631679962));
#3734=CARTESIAN_POINT('',(-0.024904141479494,0.19233540691896,0.141958116500643));
#3735=CARTESIAN_POINT('',(-0.0142675021720009,0.190862953043955,0.15378838623952));
#3736=CARTESIAN_POINT('',(-0.010285511458488,0.190395286775965,0.157654090178642));
#3737=CARTESIAN_POINT('',(-0.000293711781914033,0.186924215982018,0.121159369234539));
#3738=CARTESIAN_POINT('',(-0.0002937117814615,0.186925355244018,0.121159369234539));
#3739=CARTESIAN_POINT('',(-0.000293711781005567,0.186926494506018,0.121159369234539));
#3740=CARTESIAN_POINT('',(-0.000293711780546238,0.186927633768019,0.121159369234539));
#3741=CARTESIAN_POINT('',(-0.000293711780546263,0.186927633768019,0.121159369234539));
#3742=CARTESIAN_POINT('',(-0.000293711781914131,0.186924215982018,0.121159369234539));
#3743=CARTESIAN_POINT('',(-0.0022441847845462,0.187053255657224,0.124870109008845));
#3744=CARTESIAN_POINT('',(-0.00145409772806931,0.187005035558433,0.123712079593771));
#3745=CARTESIAN_POINT('',(-0.000756931485783209,0.186959193270866,0.122483793539423));
#3746=CARTESIAN_POINT('',(-0.000293711780546239,0.186927633768018,0.121159369234539));
#3747=CARTESIAN_POINT('',(-0.00224418478454625,0.187053255657223,0.124870109008845));
#3748=CARTESIAN_POINT('',(-0.00224418426708272,0.190385974617691,0.124870146369475));
#3749=CARTESIAN_POINT('',(-0.00224418421623253,0.189275068297484,0.12487014026423));
#3750=CARTESIAN_POINT('',(-0.00224419066985872,0.188164161977386,0.124870120176461));
#3751=CARTESIAN_POINT('',(-0.00224418942561893,0.18705325565717,0.124870115811255));
#3752=CARTESIAN_POINT('',(-0.00224418636359996,0.190385974617683,0.124870147805048));
#3753=CARTESIAN_POINT('',(-0.00224418636359996,0.190385974617683,0.124870147805048));
#3754=CARTESIAN_POINT('',(-0.00318121491479805,0.190385974617683,0.126243558270973));
#3755=CARTESIAN_POINT('',(-0.00530144567866451,0.190385974617683,0.128775523374115));
#3756=CARTESIAN_POINT('',(-0.00760326178075979,0.190385974617683,0.131149004145127));
#3757=CARTESIAN_POINT('',(-0.00875749129487376,0.190385974617683,0.132332845618965));
#3758=CARTESIAN_POINT('',(-0.00875749129487376,0.190385974617683,0.132332845618965));
#3759=CARTESIAN_POINT('',(-0.008757486643364,0.187385974617683,0.132332758748896));
#3760=CARTESIAN_POINT('',(-0.00875748463440226,0.188385974618406,0.132332761556656));
#3761=CARTESIAN_POINT('',(-0.00875749029014274,0.189385974617311,0.132332828610711));
#3762=CARTESIAN_POINT('',(-0.00875749129487369,0.190385974617683,0.132332845618965));
#3763=CARTESIAN_POINT('',(-0.00875748664336404,0.187385974617683,0.132332758748896));
#3764=CARTESIAN_POINT('',(-0.0112692717391059,0.187455687858651,0.134930067223315));
#3765=CARTESIAN_POINT('',(-0.0104408229126761,0.18744038167577,0.134055645958261));
#3766=CARTESIAN_POINT('',(-0.00959817922667494,0.187416069256443,0.13319501587984));
#3767=CARTESIAN_POINT('',(-0.00875748664336399,0.187385974617683,0.132332758748896));
#3768=CARTESIAN_POINT('',(-0.0112692717391059,0.187455687858651,0.134930067223315));
#3769=CARTESIAN_POINT('',(-0.0112692760733622,0.190385974617683,0.134930161567188));
#3770=CARTESIAN_POINT('',(-0.0112692749685446,0.189409212364242,0.134930142300797));
#3771=CARTESIAN_POINT('',(-0.0112692696885629,0.188432450112527,0.134930070112026));
#3772=CARTESIAN_POINT('',(-0.0112692717391059,0.18745568785865,0.134930067223315));
#3773=CARTESIAN_POINT('',(-0.0112692760733622,0.190385974617683,0.134930161567188));
#3774=CARTESIAN_POINT('',(-0.0112692760733622,0.190385974617683,0.134930161567188));
#3775=CARTESIAN_POINT('',(-0.0120416572803518,0.190385974617683,0.13574540532016));
#3776=CARTESIAN_POINT('',(-0.0135599023939768,0.190385974617683,0.137394499849563));
#3777=CARTESIAN_POINT('',(-0.0156558955523484,0.190385974617683,0.140051117048573));
#3778=CARTESIAN_POINT('',(-0.0173307863355407,0.190385974617683,0.142930658145091));
#3779=CARTESIAN_POINT('',(-0.0180686659171291,0.190385974617683,0.146337509844981));
#3780=CARTESIAN_POINT('',(-0.0170053456761554,0.190385974617683,0.149669674669012));
#3781=CARTESIAN_POINT('',(-0.0151421124603651,0.190385974617683,0.152483746228806));
#3782=CARTESIAN_POINT('',(-0.0129093562659321,0.190385974617683,0.155052448604613));
#3783=CARTESIAN_POINT('',(-0.0113141474584519,0.190385974617683,0.15665111342319));
#3784=CARTESIAN_POINT('',(-0.0105046035777601,0.190385974617683,0.157440882431848));
#3785=CARTESIAN_POINT('',(-0.0105046035777603,0.190385974617683,0.157440882431849));
#3786=CARTESIAN_POINT('',(-0.0105046034826196,0.184533041247001,0.157441203874877));
#3787=CARTESIAN_POINT('',(-0.010504607876524,0.186484019046042,0.157441197049155));
#3788=CARTESIAN_POINT('',(-0.01050460424232,0.188434996823025,0.157440812338568));
#3789=CARTESIAN_POINT('',(-0.0105046035777603,0.190385974617683,0.157440882431848));
#3790=CARTESIAN_POINT('',(-0.0105046034826195,0.184533041247002,0.157441203874878));
#3791=CARTESIAN_POINT('',(0.000248170481272275,0.186889880249555,0.118159369234539));
#3792=CARTESIAN_POINT('',(0.000248170481272345,0.186889880249555,0.127888176338721));
#3793=CARTESIAN_POINT('',(-0.0365268890334945,0.189308954544196,0.146499168915409));
#3794=CARTESIAN_POINT('',(0.00172317048127355,0.181931709768278,0.164316628558347));
#3795=CARTESIAN_POINT('',(0.00172317048127356,0.181931709768278,0.173995830878937));
#3796=CARTESIAN_POINT('',(-0.00202242376396899,0.191258225448781,0.152680051423275));
#3797=CARTESIAN_POINT('',(-0.000188746235067641,0.19099386339363,0.155150390691397));
#3798=CARTESIAN_POINT('',(0.00234130520082027,0.190695240027653,0.157626983429722));
#3799=CARTESIAN_POINT('',(0.00484173840406241,0.190420042510832,0.160123332876309));
#3800=CARTESIAN_POINT('',(-0.00202242376396899,0.191162846395243,0.152680048553646));
#3801=CARTESIAN_POINT('',(-0.000188746235067641,0.190893469689729,0.155150386653276));
#3802=CARTESIAN_POINT('',(0.00234130520082027,0.19058918177492,0.157626978270456));
#3803=CARTESIAN_POINT('',(0.00484173840406241,0.190308764071235,0.160123327163591));
#3804=CARTESIAN_POINT('',(-0.00202242376396899,0.191067467341705,0.152680045970788));
#3805=CARTESIAN_POINT('',(-0.000188746235067641,0.190793075985828,0.155150383019315));
#3806=CARTESIAN_POINT('',(0.00234130520082027,0.190483123522188,0.157626973628477));
#3807=CARTESIAN_POINT('',(0.00484173840406241,0.190197485631639,0.160123322024291));
#3808=CARTESIAN_POINT('',(-0.00202242376396899,0.19052890095078,0.152680033261757));
#3809=CARTESIAN_POINT('',(-0.000188746235067641,0.190226193921309,0.15515036514268));
#3810=CARTESIAN_POINT('',(0.00234130520082027,0.18988425607401,0.15762695079961));
#3811=CARTESIAN_POINT('',(0.00484173840406241,0.189569141929557,0.16012329675421));
#3812=CARTESIAN_POINT('',(-0.00202242376396897,0.190085713613394,0.152680030903852));
#3813=CARTESIAN_POINT('',(-0.000188746235067624,0.189759705560691,0.155150361817264));
#3814=CARTESIAN_POINT('',(0.00234130520082028,0.189391446878565,0.157626946539925));
#3815=CARTESIAN_POINT('',(0.00484173840406243,0.189052076667071,0.160123292029881));
#3816=CARTESIAN_POINT('',(-0.00202242376396897,0.189199338938621,0.152680045527573));
#3817=CARTESIAN_POINT('',(-0.000188746235067624,0.188826728839455,0.155150382397853));
#3818=CARTESIAN_POINT('',(0.00234130520082028,0.188405828487675,0.15762697283779));
#3819=CARTESIAN_POINT('',(0.00484173840406243,0.188017946142099,0.160123321151103));
#3820=CARTESIAN_POINT('',(-0.00202242376396897,0.188756151601235,0.152680063034445));
#3821=CARTESIAN_POINT('',(-0.000188746235067624,0.188360240478837,0.155150407045876));
#3822=CARTESIAN_POINT('',(0.00234130520082028,0.18791301929223,0.157627004347682));
#3823=CARTESIAN_POINT('',(0.00484173840406243,0.187500880879614,0.16012335605417));
#3824=CARTESIAN_POINT('',(-0.00202242376396897,0.187869776926462,0.15268011281733));
#3825=CARTESIAN_POINT('',(-0.000188746235067624,0.187427263757601,0.155150477143396));
#3826=CARTESIAN_POINT('',(0.00234130520082028,0.186927400901339,0.157627093971744));
#3827=CARTESIAN_POINT('',(0.00484173840406243,0.186466750354642,0.160123455337727));
#3828=CARTESIAN_POINT('',(-0.00202242376396897,0.187426589589076,0.152680145555449));
#3829=CARTESIAN_POINT('',(-0.000188746235067624,0.186960775396982,0.155150523228972));
#3830=CARTESIAN_POINT('',(0.00234130520082028,0.186434591705894,0.157627152877459));
#3831=CARTESIAN_POINT('',(0.00484173840406243,0.185949685092156,0.160123520579899));
#3832=CARTESIAN_POINT('',(-0.00202242376396897,0.186540214914303,0.152680204178818));
#3833=CARTESIAN_POINT('',(-0.000188746235067624,0.186027798675747,0.155150605772423));
#3834=CARTESIAN_POINT('',(0.00234130520082028,0.185448973315004,0.157627258411383));
#3835=CARTESIAN_POINT('',(0.00484173840406243,0.184915554567185,0.160123637485928));
#3836=CARTESIAN_POINT('',(-0.00202242376396897,0.186097027576917,0.152680230233748));
#3837=CARTESIAN_POINT('',(-0.000188746235067624,0.185561310315128,0.155150642470007));
#3838=CARTESIAN_POINT('',(0.00234130520082028,0.184956164119559,0.157627305347244));
#3839=CARTESIAN_POINT('',(0.00484173840406243,0.184398489304699,0.160123689491413));
#3840=CARTESIAN_POINT('',(-0.00202242376396897,0.185653840239531,0.152680230525583));
#3841=CARTESIAN_POINT('',(-0.000188746235067624,0.185094821954511,0.155150642873552));
#3842=CARTESIAN_POINT('',(0.00234130520082028,0.184463354924114,0.157627305852226));
#3843=CARTESIAN_POINT('',(0.00484173840406243,0.183881424042214,0.160123690043153));
#3844=CARTESIAN_POINT('',(0.00479726081672932,0.183891779907934,0.160079289523688));
#3845=CARTESIAN_POINT('',(0.00479725830629602,0.186056511489869,0.160079284709564));
#3846=CARTESIAN_POINT('',(0.00479726122409792,0.188221243043137,0.160078823006819));
#3847=CARTESIAN_POINT('',(0.00479726132364742,0.190385974617683,0.160078931509564));
#3848=CARTESIAN_POINT('',(0.00479726081672929,0.183891779907933,0.160079289523688));
#3849=CARTESIAN_POINT('',(0.00479726132364735,0.190385974617683,0.160078931509564));
#3850=CARTESIAN_POINT('',(0.00479726132364734,0.190385974617683,0.160078931509564));
#3851=CARTESIAN_POINT('',(0.00361553380666127,0.190385974617683,0.158899391672033));
#3852=CARTESIAN_POINT('',(0.00124202533947347,0.190385974617683,0.156550052529365));
#3853=CARTESIAN_POINT('',(-0.000991100505376607,0.190385974617683,0.154063365483222));
#3854=CARTESIAN_POINT('',(-0.0019897353238184,0.190385974617683,0.152723974620344));
#3855=CARTESIAN_POINT('',(-0.00198973532381851,0.190385974617683,0.152723974620344));
#3856=CARTESIAN_POINT('',(-0.001989734436503,0.185643889239406,0.152724172972109));
#3857=CARTESIAN_POINT('',(-0.00198973586153149,0.187224584369064,0.152724170013795));
#3858=CARTESIAN_POINT('',(-0.00198973562616201,0.188805279488891,0.152723963144373));
#3859=CARTESIAN_POINT('',(-0.00198973532381851,0.190385974617683,0.152723974620344));
#3860=CARTESIAN_POINT('',(-0.00198973443650306,0.185643889239406,0.152724172972109));
#3861=CARTESIAN_POINT('',(0.0132731704812725,0.186889880249555,0.118159369234539));
#3862=CARTESIAN_POINT('',(0.0132731704812725,0.186889880249555,0.127852579219215));
#3863=CARTESIAN_POINT('',(-0.0230500860427343,0.189346538505825,0.146238875424392));
#3864=CARTESIAN_POINT('',(0.0138231704812736,0.181931709768278,0.164311399115446));
#3865=CARTESIAN_POINT('',(0.0138231704812736,0.181931709768278,0.173995830878937));
#3866=CARTESIAN_POINT('',(0.00721353473148973,0.184489922674661,0.157485740607287));
#3867=CARTESIAN_POINT('',(0.00721351568184013,0.190422301233654,0.157485142586839));
#3868=CARTESIAN_POINT('',(0.00563034399642448,0.184489754499835,0.155867870991729));
#3869=CARTESIAN_POINT('',(0.00563032494677488,0.190422133058828,0.15586727297128));
#3870=CARTESIAN_POINT('',(0.00329902425713528,0.184489497333505,0.15339098895447));
#3871=CARTESIAN_POINT('',(0.00329900520748568,0.190421875892497,0.153390390934021));
#3872=CARTESIAN_POINT('',(0.000890521838619578,0.184489099457366,0.149520779616614));
#3873=CARTESIAN_POINT('',(0.000890502788969982,0.190421478016359,0.149520181596165));
#3874=CARTESIAN_POINT('',(0.000273103235906334,0.184488875279042,0.147316590544889));
#3875=CARTESIAN_POINT('',(0.000273084186256738,0.190421253838035,0.14731599252444));
#3876=CARTESIAN_POINT('',(0.000249412849176815,0.184488760030248,0.146174074113003));
#3877=CARTESIAN_POINT('',(0.000249393799527219,0.19042113858924,0.146173476092554));
#3878=CARTESIAN_POINT('',(0.000251531927949672,0.190385974617699,0.146255086614329));
#3879=CARTESIAN_POINT('',(0.000251531924544343,0.189212533323159,0.146255086634905));
#3880=CARTESIAN_POINT('',(0.000251531890713167,0.18803909202862,0.146255085604902));
#3881=CARTESIAN_POINT('',(0.000251531889894203,0.186865650734081,0.14625508551503));
#3882=CARTESIAN_POINT('',(0.000251531908539128,0.190385974617699,0.14625508390332));
#3883=CARTESIAN_POINT('',(0.000251531907189025,0.18686565073408,0.146255087931112));
#3884=CARTESIAN_POINT('',(0.000251531907189027,0.190385974617683,0.146255087973855));
#3885=CARTESIAN_POINT('',(0.000287635367999471,0.190385974617683,0.147388230208344));
#3886=CARTESIAN_POINT('',(0.000917144855548481,0.190385974617683,0.149563410506185));
#3887=CARTESIAN_POINT('',(0.00328483945291055,0.190385974617683,0.153364864947602));
#3888=CARTESIAN_POINT('',(0.00559257575763143,0.190385974617683,0.155826627279868));
#3889=CARTESIAN_POINT('',(0.00715712785373747,0.190385974617683,0.157427662884561));
#3890=CARTESIAN_POINT('',(0.00715712785373742,0.190385974617683,0.157427662884562));
#3891=CARTESIAN_POINT('',(0.00715712785373748,0.190385974617683,0.157427662884562));
#3892=CARTESIAN_POINT('',(0.00715712748286605,0.188432346032868,0.157427592815977));
#3893=CARTESIAN_POINT('',(0.00715712543253209,0.186478717459553,0.157427979686375));
#3894=CARTESIAN_POINT('',(0.00715712791916907,0.184525088876614,0.157427984151209));
#3895=CARTESIAN_POINT('',(0.00715712791916904,0.184525088876614,0.157427984151209));
#3896=CARTESIAN_POINT('',(0.0182731704812724,0.186889880249555,0.118159369234539));
#3897=CARTESIAN_POINT('',(0.0182731704812725,0.186889880249555,0.127852579219215));
#3898=CARTESIAN_POINT('',(-0.0180500860427342,0.189346538505825,0.146238875424392));
#3899=CARTESIAN_POINT('',(0.0188231704812735,0.181931709768278,0.164311399115446));
#3900=CARTESIAN_POINT('',(0.0188231704812735,0.181931709768278,0.173995830878937));
#3901=CARTESIAN_POINT('',(-0.00227787548422855,0.18703325940789,0.124820846999183));
#3902=CARTESIAN_POINT('',(-0.00227776873524733,0.190406569718475,0.124821021482903));
#3903=CARTESIAN_POINT('',(-0.00133533760701061,0.187033158087065,0.1262030512439));
#3904=CARTESIAN_POINT('',(-0.00133523085802939,0.19040646839765,0.126203225727621));
#3905=CARTESIAN_POINT('',(0.000814778866781566,0.187032957387957,0.128767601012145));
#3906=CARTESIAN_POINT('',(0.00081488561576278,0.190406267698541,0.128767775495866));
#3907=CARTESIAN_POINT('',(0.00314168898858803,0.187032759536377,0.131169131464259));
#3908=CARTESIAN_POINT('',(0.00314179573756925,0.190406069846962,0.131169305947979));
#3909=CARTESIAN_POINT('',(0.00430587641317294,0.187032660645986,0.132368739972035));
#3910=CARTESIAN_POINT('',(0.00430598316215415,0.190405970956571,0.132368914455756));
#3911=CARTESIAN_POINT('',(0.00426447840956583,0.190385974617683,0.132326163907151));
#3912=CARTESIAN_POINT('',(0.00426447907971693,0.189381907636146,0.132326147138888));
#3913=CARTESIAN_POINT('',(0.0042644813708388,0.188377840654816,0.13232607815692));
#3914=CARTESIAN_POINT('',(0.00426448069292462,0.187373773673218,0.132326076748162));
#3915=CARTESIAN_POINT('',(0.00426447840956583,0.190385974617683,0.13232616390715));
#3916=CARTESIAN_POINT('',(0.00426448069292459,0.187373773673218,0.132326076748161));
#3917=CARTESIAN_POINT('',(0.00426447840956575,0.190385974617683,0.13232616390715));
#3918=CARTESIAN_POINT('',(0.0031141014013519,0.190385974617683,0.131140722567334));
#3919=CARTESIAN_POINT('',(0.000816622385279826,0.190385974617683,0.128766982828983));
#3920=CARTESIAN_POINT('',(-0.00130513795862327,0.190385974617683,0.126239948889192));
#3921=CARTESIAN_POINT('',(-0.00224418636359995,0.190385974617683,0.124870147805048));
#3922=CARTESIAN_POINT('',(-0.00475182951872773,0.186889880249555,0.118159369234539));
#3923=CARTESIAN_POINT('',(-0.00475182951872766,0.186889880249555,0.12777258608237));
#3924=CARTESIAN_POINT('',(0.0305480858967098,0.189428109380616,0.145687053409771));
#3925=CARTESIAN_POINT('',(-0.00327682951872645,0.181931709768278,0.164302386440507));
#3926=CARTESIAN_POINT('',(-0.00327682951872644,0.181931709768278,0.173995830878937));
#3927=CARTESIAN_POINT('',(-0.00778008597603512,0.190433488048718,0.160049114282351));
#3928=CARTESIAN_POINT('',(-0.00777931533395112,0.182418204954749,0.160049857874954));
#3929=CARTESIAN_POINT('',(-0.00657144312063442,0.190433710895911,0.161198604125568));
#3930=CARTESIAN_POINT('',(-0.00657067247855043,0.182418427801943,0.161199347718171));
#3931=CARTESIAN_POINT('',(-0.00416187735931477,0.190434156683321,0.163506514635326));
#3932=CARTESIAN_POINT('',(-0.00416110671723078,0.182418873589352,0.163507258227929));
#3933=CARTESIAN_POINT('',(-0.00192583254809208,0.190434601865653,0.16598783342507));
#3934=CARTESIAN_POINT('',(-0.00192506190600808,0.182419318771685,0.165988577017673));
#3935=CARTESIAN_POINT('',(-0.000937322903686919,0.190434821681544,0.167332789596128));
#3936=CARTESIAN_POINT('',(-0.000936552261602923,0.182419538587575,0.16733353318873));
#3937=CARTESIAN_POINT('',(-0.007736598870597,0.190385974617683,0.160090397680292));
#3938=CARTESIAN_POINT('',(-0.00773659902600115,0.188223536102727,0.160090289175785));
#3939=CARTESIAN_POINT('',(-0.00773660430736092,0.186061097601937,0.160090748744845));
#3940=CARTESIAN_POINT('',(-0.0077365998499792,0.183898659089863,0.160090755857961));
#3941=CARTESIAN_POINT('',(-0.00773659887059703,0.190385974617683,0.160090397680292));
#3942=CARTESIAN_POINT('',(-0.00773659984997917,0.183898659089863,0.160090755857961));
#3943=CARTESIAN_POINT('',(-0.00773659887059689,0.190385974617683,0.160090397680292));
#3944=CARTESIAN_POINT('',(-0.00654224211393678,0.190385974617683,0.161226532793395));
#3945=CARTESIAN_POINT('',(-0.00416317269230172,0.190385974617683,0.163507864665326));
#3946=CARTESIAN_POINT('',(-0.00195734923653826,0.190385974617683,0.165951979473943));
#3947=CARTESIAN_POINT('',(-0.000972491325961757,0.190385974617683,0.167284960944917));
#3948=CARTESIAN_POINT('',(-0.00097249132596168,0.190385974617683,0.167284960944916));
#3949=CARTESIAN_POINT('',(-0.000972492502161128,0.182467052095906,0.167285261487857));
#3950=CARTESIAN_POINT('',(-0.00097249312676836,0.185106692940359,0.167285258133824));
#3951=CARTESIAN_POINT('',(-0.000972490752530808,0.187746333767802,0.167284814359597));
#3952=CARTESIAN_POINT('',(-0.000972491325961643,0.190385974617683,0.167284960944917));
#3953=CARTESIAN_POINT('',(-0.000972492502161128,0.182467052095906,0.167285261487857));
#3954=CARTESIAN_POINT('',(0.000248170481272275,0.186889880249555,0.118159369234539));
#3955=CARTESIAN_POINT('',(0.000248170481272345,0.186889880249555,0.127888176338721));
#3956=CARTESIAN_POINT('',(-0.0365268890334945,0.189308954544196,0.146499168915409));
#3957=CARTESIAN_POINT('',(0.00172317048127355,0.181931709768278,0.164316628558347));
#3958=CARTESIAN_POINT('',(0.00172317048127356,0.181931709768278,0.173995830878937));
#3959=CARTESIAN_POINT('',(0.00654253974315191,0.192541350431472,0.134693048817343));
#3960=CARTESIAN_POINT('',(0.0101317700516673,0.192572448624075,0.138491516669793));
#3961=CARTESIAN_POINT('',(0.0204873201622353,0.192439688607733,0.151223965351771));
#3962=CARTESIAN_POINT('',(-0.00327682951872645,0.190210428624745,0.164301720379421));
#3963=CARTESIAN_POINT('',(-0.00327682951872644,0.190210428624745,0.173995830878937));
#3964=CARTESIAN_POINT('',(0.00654253974315191,0.192315610830253,0.134693054561719));
#3965=CARTESIAN_POINT('',(0.0101317700516673,0.192348583515856,0.138491522835891));
#3966=CARTESIAN_POINT('',(0.0204873201622353,0.192207821178466,0.15122396741361));
#3967=CARTESIAN_POINT('',(-0.00327682951872645,0.189844189005923,0.164301675962046));
#3968=CARTESIAN_POINT('',(-0.00327682951872644,0.189844189005923,0.173995830878937));
#3969=CARTESIAN_POINT('',(0.00654253974315191,0.192089871229035,0.134693059465819));
#3970=CARTESIAN_POINT('',(0.0101317700516673,0.192124718407637,0.138491528083756));
#3971=CARTESIAN_POINT('',(0.0204873201622353,0.1919759537492,0.151223969119156));
#3972=CARTESIAN_POINT('',(-0.00327682951872645,0.189477949387101,0.164301638392623));
#3973=CARTESIAN_POINT('',(-0.00327682951872644,0.189477949387101,0.173995830878937));
#3974=CARTESIAN_POINT('',(0.00654253974315191,0.191495336114932,0.134693068747183));
#3975=CARTESIAN_POINT('',(0.0101317700516673,0.191535120184992,0.138491537940508));
#3976=CARTESIAN_POINT('',(0.0204873201622353,0.191365279646067,0.151223972094153));
#3977=CARTESIAN_POINT('',(-0.00327682951872645,0.188513376434945,0.16430156891111));
#3978=CARTESIAN_POINT('',(-0.00327682951872644,0.188513376434945,0.173995830878937));
#3979=CARTESIAN_POINT('',(0.00654253974315191,0.191126540602047,0.134693069922271));
#3980=CARTESIAN_POINT('',(0.0101317700516673,0.191169387070567,0.138491539236529));
#3981=CARTESIAN_POINT('',(0.0204873201622353,0.190986472972199,0.151223972632471));
#3982=CARTESIAN_POINT('',(-0.00327682951872645,0.187915043101612,0.164301559077723));
#3983=CARTESIAN_POINT('',(-0.00327682951872644,0.187915043101612,0.173995830878937));
#3984=CARTESIAN_POINT('',(0.00654253974315191,0.190388949576277,0.134693062011325));
#3985=CARTESIAN_POINT('',(0.0101317700516673,0.190437920841716,0.138491530775464));
#3986=CARTESIAN_POINT('',(0.0204873201622353,0.190228859624465,0.151223969896068));
#3987=CARTESIAN_POINT('',(-0.00327682951872645,0.186718376434945,0.164301619586758));
#3988=CARTESIAN_POINT('',(-0.00327682951872644,0.186718376434945,0.173995830878937));
#3989=CARTESIAN_POINT('',(0.00654253974315191,0.190020154063392,0.134693052680174));
#3990=CARTESIAN_POINT('',(0.0101317700516673,0.190072187727291,0.138491520740443));
#3991=CARTESIAN_POINT('',(0.0204873201622353,0.189850052950598,0.151223966483523));
#3992=CARTESIAN_POINT('',(-0.00327682951872645,0.186120043101611,0.164301692144078));
#3993=CARTESIAN_POINT('',(-0.00327682951872644,0.186120043101611,0.173995830878937));
#3994=CARTESIAN_POINT('',(0.00654253974315191,0.189282563037623,0.134693026257719));
#3995=CARTESIAN_POINT('',(0.0101317700516673,0.18934072149844,0.138491492279971));
#3996=CARTESIAN_POINT('',(0.0204873201622353,0.189092439602864,0.151223956669438));
#3997=CARTESIAN_POINT('',(-0.00327682951872645,0.184923376434945,0.164301898568346));
#3998=CARTESIAN_POINT('',(-0.00327682951872644,0.184923376434945,0.173995830878937));
#3999=CARTESIAN_POINT('',(0.00654253974315191,0.188913767524738,0.134693008719743));
#4000=CARTESIAN_POINT('',(0.0101317700516673,0.188974988384015,0.138491473456766));
#4001=CARTESIAN_POINT('',(0.0204873201622353,0.188713632928997,0.151223950382286));
#4002=CARTESIAN_POINT('',(-0.00327682951872645,0.184325043101611,0.16430203412773));
#4003=CARTESIAN_POINT('',(-0.00327682951872644,0.184325043101611,0.173995830878937));
#4004=CARTESIAN_POINT('',(0.00654253974315191,0.188176176498968,0.134692977579212));
#4005=CARTESIAN_POINT('',(0.0101317700516673,0.188243522155164,0.138491439926097));
#4006=CARTESIAN_POINT('',(0.0204873201622353,0.187956019581263,0.151223938855419));
#4007=CARTESIAN_POINT('',(-0.00327682951872645,0.183128376434945,0.164302277157523));
#4008=CARTESIAN_POINT('',(-0.00327682951872644,0.183128376434945,0.173995830878937));
#4009=CARTESIAN_POINT('',(0.00654253974315191,0.187807380986083,0.134692963897471));
#4010=CARTESIAN_POINT('',(0.0101317700516673,0.187877789040738,0.138491425128845));
#4011=CARTESIAN_POINT('',(0.0204873201622353,0.187577212907396,0.151223933571181));
#4012=CARTESIAN_POINT('',(-0.00327682951872645,0.182530043101611,0.164302385343457));
#4013=CARTESIAN_POINT('',(-0.00327682951872644,0.182530043101611,0.173995830878937));
#4014=CARTESIAN_POINT('',(0.00654253974315191,0.187438585473198,0.134692963640801));
#4015=CARTESIAN_POINT('',(0.0101317700516673,0.187512055926313,0.138491424894508));
#4016=CARTESIAN_POINT('',(0.0204873201622353,0.18719840623353,0.151223933617489));
#4017=CARTESIAN_POINT('',(-0.00327682951872645,0.181931709768278,0.164302386440507));
#4018=CARTESIAN_POINT('',(-0.00327682951872644,0.181931709768278,0.173995830878937));
#4019=CARTESIAN_POINT('',(-0.000972491325961561,0.190385974617683,0.167284960944917));
#4020=CARTESIAN_POINT('',(0.000678147390530338,0.190385974617683,0.164664674926338));
#4021=CARTESIAN_POINT('',(0.00274163284221375,0.190385974617683,0.162374948693231));
#4022=CARTESIAN_POINT('',(0.00479726132364743,0.190385974617683,0.160078931509564));
#4023=CARTESIAN_POINT('',(0.00715712791916906,0.184525088876614,0.157427984151209));
#4024=CARTESIAN_POINT('',(0.00637923477369607,0.184309368229398,0.158318365590057));
#4025=CARTESIAN_POINT('',(0.00558707031245799,0.184097649379654,0.159197111135048));
#4026=CARTESIAN_POINT('',(0.00479726081672932,0.183891779907934,0.160079289523688));
#4027=CARTESIAN_POINT('',(0.00715712785373742,0.190385974617683,0.157427662884562));
#4028=CARTESIAN_POINT('',(0.00787762101965494,0.190385974617683,0.156602997331573));
#4029=CARTESIAN_POINT('',(0.00929406918064469,0.190385974617683,0.154933344304531));
#4030=CARTESIAN_POINT('',(0.0112235009119938,0.190385974617683,0.152310389414391));
#4031=CARTESIAN_POINT('',(0.0125424980984523,0.190385974617683,0.149867627179587));
#4032=CARTESIAN_POINT('',(0.0131710820796894,0.190385974617683,0.147755803954084));
#4033=CARTESIAN_POINT('',(0.0133935432939238,0.190385974617683,0.145528041182138));
#4034=CARTESIAN_POINT('',(0.0127035407486356,0.190385974617683,0.142823637709134));
#4035=CARTESIAN_POINT('',(0.0110416572061993,0.190385974617683,0.139960642978432));
#4036=CARTESIAN_POINT('',(0.00899539878800217,0.190385974617683,0.137353409264675));
#4037=CARTESIAN_POINT('',(0.00751331868169585,0.190385974617683,0.135725796872059));
#4038=CARTESIAN_POINT('',(0.00675833652027696,0.190385974617683,0.134922096604955));
#4039=CARTESIAN_POINT('',(-0.00475182951872773,0.186889880249555,0.118159369234539));
#4040=CARTESIAN_POINT('',(-0.00475182951872766,0.186889880249555,0.12777258608237));
#4041=CARTESIAN_POINT('',(0.0305480858967098,0.189428109380616,0.145687053409771));
#4042=CARTESIAN_POINT('',(-0.00327682951872645,0.181931709768278,0.164302386440507));
#4043=CARTESIAN_POINT('',(-0.00327682951872644,0.181931709768278,0.173995830878937));
#4044=CARTESIAN_POINT('',(-0.00327682951872644,0.181931709768278,0.173995830878937));
#4045=CARTESIAN_POINT('',(-0.00327682951872644,0.181931709768278,0.173995830878937));
#4046=CARTESIAN_POINT('',(-0.00327682951872645,0.181931709768278,0.17157408151773));
#4047=CARTESIAN_POINT('',(-0.00224833384488734,0.182164290092215,0.169310528996108));
#4048=CARTESIAN_POINT('',(-0.000972492502161175,0.182467052095906,0.167285261487858));
#4049=CARTESIAN_POINT('',(-0.00475188587844543,0.190423135646563,0.146066681042913));
#4050=CARTESIAN_POINT('',(-0.00475187000809258,0.190422830035374,0.146070320726777));
#4051=CARTESIAN_POINT('',(-0.00475154390941218,0.190417520734009,0.146133501022846));
#4052=CARTESIAN_POINT('',(-0.00475033860352048,0.190412137433926,0.146196677531545));
#4053=CARTESIAN_POINT('',(-0.00474843207570467,0.19040699960129,0.146256211412778));
#4054=CARTESIAN_POINT('',(-0.00475188587844543,0.190420690086942,0.146066681042855));
#4055=CARTESIAN_POINT('',(-0.00475187000809258,0.190420384348283,0.146070320726738));
#4056=CARTESIAN_POINT('',(-0.00475154390941218,0.190415072832421,0.146133501023143));
#4057=CARTESIAN_POINT('',(-0.00475033860352048,0.190409687286977,0.146196677532182));
#4058=CARTESIAN_POINT('',(-0.00474843207570467,0.190404547311362,0.146256211413739));
#4059=CARTESIAN_POINT('',(-0.00475188587844543,0.190418244527322,0.146066681042796));
#4060=CARTESIAN_POINT('',(-0.00475187000809258,0.190417938661193,0.146070320726699));
#4061=CARTESIAN_POINT('',(-0.00475154390941218,0.190412624930834,0.146133501023442));
#4062=CARTESIAN_POINT('',(-0.00475033860352048,0.190407237140027,0.146196677532824));
#4063=CARTESIAN_POINT('',(-0.00474843207570467,0.190402095021434,0.146256211414707));
#4064=CARTESIAN_POINT('',(-0.00475188587844543,0.19002419358508,0.146066681033297));
#4065=CARTESIAN_POINT('',(-0.00475187000809258,0.190023867179862,0.146070320720364));
#4066=CARTESIAN_POINT('',(-0.00475154390941218,0.190018196629404,0.146133501072072));
#4067=CARTESIAN_POINT('',(-0.00475033860352048,0.190012447045297,0.146196677637119));
#4068=CARTESIAN_POINT('',(-0.00474843207570467,0.190006959630436,0.146256211572064));
#4069=CARTESIAN_POINT('',(-0.00475188587844543,0.189632588202457,0.146066681010752));
#4070=CARTESIAN_POINT('',(-0.00475187000809258,0.18963224138562,0.146070320705328));
#4071=CARTESIAN_POINT('',(-0.00475154390941218,0.189626216229562,0.146133501187489));
#4072=CARTESIAN_POINT('',(-0.00475033860352048,0.189620107097517,0.146196677884668));
#4073=CARTESIAN_POINT('',(-0.00474843207570467,0.189614276529367,0.146256211945578));
#4074=CARTESIAN_POINT('',(-0.00475188587844543,0.188849377437213,0.146066680946687));
#4075=CARTESIAN_POINT('',(-0.00475187000809258,0.188848989797137,0.146070320662603));
#4076=CARTESIAN_POINT('',(-0.00475154390941218,0.188842255429878,0.146133501515457));
#4077=CARTESIAN_POINT('',(-0.00475033860352048,0.188835427201956,0.14619667858811));
#4078=CARTESIAN_POINT('',(-0.00474843207570467,0.188828910327228,0.146256213006983));
#4079=CARTESIAN_POINT('',(-0.00475188587844543,0.188457772054591,0.146066680904488));
#4080=CARTESIAN_POINT('',(-0.00475187000809258,0.188457364002895,0.14607032063446));
#4081=CARTESIAN_POINT('',(-0.00475154390941218,0.188450275030035,0.146133501731487));
#4082=CARTESIAN_POINT('',(-0.00475033860352048,0.188443087254176,0.146196679051443));
#4083=CARTESIAN_POINT('',(-0.00474843207570467,0.188436227226158,0.146256213706069));
#4084=CARTESIAN_POINT('',(-0.00475188587844543,0.187674561289346,0.146066680829036));
#4085=CARTESIAN_POINT('',(-0.00475187000809258,0.187674112414412,0.146070320584139));
#4086=CARTESIAN_POINT('',(-0.00475154390941218,0.187666314230351,0.146133502117757));
#4087=CARTESIAN_POINT('',(-0.00475033860352048,0.187658407358616,0.14619667987993));
#4088=CARTESIAN_POINT('',(-0.00474843207570467,0.18765086102402,0.146256214956147));
#4089=CARTESIAN_POINT('',(-0.00475188587844543,0.187282955906724,0.146066680795568));
#4090=CARTESIAN_POINT('',(-0.00475187000809258,0.18728248662017,0.146070320561819));
#4091=CARTESIAN_POINT('',(-0.00475154390941218,0.187274333830509,0.14613350228909));
#4092=CARTESIAN_POINT('',(-0.00475033860352048,0.187266067410836,0.146196680247433));
#4093=CARTESIAN_POINT('',(-0.00474843207570467,0.18725817792295,0.146256215510684));
#4094=CARTESIAN_POINT('',(-0.00475188587844543,0.186891350524102,0.146066680795149));
#4095=CARTESIAN_POINT('',(-0.00475187000809258,0.186890860825928,0.14607032056154));
#4096=CARTESIAN_POINT('',(-0.00475154390941218,0.186882353430667,0.146133502291233));
#4097=CARTESIAN_POINT('',(-0.00475033860352048,0.186873727463056,0.146196680252017));
#4098=CARTESIAN_POINT('',(-0.00474843207570467,0.186865494821881,0.146256215517586));
#4099=CARTESIAN_POINT('',(-0.00474846809146088,0.190385974617681,0.146255083903319));
#4100=CARTESIAN_POINT('',(-0.00474846809161685,0.189212533323144,0.146255084377795));
#4101=CARTESIAN_POINT('',(-0.00474846809277122,0.188039092028607,0.146255087911869));
#4102=CARTESIAN_POINT('',(-0.00474846809280844,0.186865650734069,0.146255087931192));
#4103=CARTESIAN_POINT('',(-0.00474846809203999,0.190385974617683,0.146255087791856));
#4104=CARTESIAN_POINT('',(-0.00474846809280885,0.186865650734071,0.146255087931179));
#4105=CARTESIAN_POINT('',(-0.00474846809203999,0.190385974617683,0.146255087791856));
#4106=CARTESIAN_POINT('',(-0.00475035263004675,0.190385974617683,0.146195939684539));
#4107=CARTESIAN_POINT('',(-0.00475147664095586,0.190385974617683,0.146136777172051));
#4108=CARTESIAN_POINT('',(-0.00475182951872752,0.190385974617683,0.146077600056738));
#4109=CARTESIAN_POINT('',(-0.00475182951872753,0.190385974617683,0.146077600056738));
#4110=CARTESIAN_POINT('',(-0.00475182951872033,0.186891256134181,0.146077600057943));
#4111=CARTESIAN_POINT('',(-0.00475182951872965,0.188056162295348,0.146077600056381));
#4112=CARTESIAN_POINT('',(-0.00475182951873017,0.189221068456516,0.146077600056294));
#4113=CARTESIAN_POINT('',(-0.00475182951872189,0.190385974617683,0.146077600057681));
#4114=CARTESIAN_POINT('',(0.0132731704812725,0.186889880249555,0.118159369234539));
#4115=CARTESIAN_POINT('',(0.0132731704812725,0.186889880249555,0.127852579219215));
#4116=CARTESIAN_POINT('',(-0.0230500860427343,0.189346538505825,0.146238875424392));
#4117=CARTESIAN_POINT('',(0.0138231704812736,0.181931709768278,0.164311399115446));
#4118=CARTESIAN_POINT('',(0.0138231704812736,0.181931709768278,0.173995830878937));
#4119=CARTESIAN_POINT('',(-0.00879862674008345,0.19040397100538,0.132290318620099));
#4120=CARTESIAN_POINT('',(-0.00879849669207927,0.187367971020321,0.132290450707404));
#4121=CARTESIAN_POINT('',(-0.00764642267979613,0.190404072133024,0.133480301448745));
#4122=CARTESIAN_POINT('',(-0.00764629263179195,0.187368072147964,0.13348043353605));
#4123=CARTESIAN_POINT('',(-0.00533833821599156,0.190404274458927,0.135858104399407));
#4124=CARTESIAN_POINT('',(-0.00533820816798738,0.187368274473868,0.135858236486711));
#4125=CARTESIAN_POINT('',(-0.00319342283580189,0.190404476259896,0.138384714598852));
#4126=CARTESIAN_POINT('',(-0.00319329278779772,0.187368476274836,0.138384846686157));
#4127=CARTESIAN_POINT('',(-0.00224754450380436,0.190404576019625,0.139746396931889));
#4128=CARTESIAN_POINT('',(-0.00224741445580018,0.187368576034566,0.139746529019194));
#4129=CARTESIAN_POINT('',(-0.00875749129487368,0.190385974617683,0.132332845618965));
#4130=CARTESIAN_POINT('',(-0.0076190997283003,0.190385974617683,0.133508509802934));
#4131=CARTESIAN_POINT('',(-0.00534046333694531,0.190385974617683,0.13585820961956));
#4132=CARTESIAN_POINT('',(-0.00322288180215792,0.190385974617683,0.138349436448774));
#4133=CARTESIAN_POINT('',(-0.00228125662164328,0.190385974617683,0.139698009164593));
#4134=CARTESIAN_POINT('',(-0.00228125662164326,0.190385974617683,0.139698009164593));
#4135=CARTESIAN_POINT('',(-0.00228125662164322,0.190385974617683,0.139698009164593));
#4136=CARTESIAN_POINT('',(-0.00228125608267261,0.189399339412522,0.139697991982414));
#4137=CARTESIAN_POINT('',(-0.00228125433983664,0.188412704207567,0.139697924035592));
#4138=CARTESIAN_POINT('',(-0.00228125496447865,0.187426069002342,0.139697922617563));
#4139=CARTESIAN_POINT('',(-0.00228125496447863,0.187426069002342,0.139697922617563));
#4140=CARTESIAN_POINT('',(-0.0177768295187279,0.186889880249555,0.118159369234539));
#4141=CARTESIAN_POINT('',(-0.0177768295187278,0.186889880249555,0.12773541673661));
#4142=CARTESIAN_POINT('',(0.0170397624424993,0.189464736976731,0.14544473692636));
#4143=CARTESIAN_POINT('',(-0.0153768295187265,0.181931709768278,0.164299336152923));
#4144=CARTESIAN_POINT('',(-0.0153768295187265,0.181931709768278,0.173995830878937));
#4145=CARTESIAN_POINT('',(-0.00474977629270428,0.190406942000124,0.14615771929603));
#4146=CARTESIAN_POINT('',(-0.00474977755659212,0.186870286452372,0.146157678228036));
#4147=CARTESIAN_POINT('',(-0.00477305916588207,0.190406955091376,0.145031055503719));
#4148=CARTESIAN_POINT('',(-0.00477306042976992,0.186870299543624,0.145031014435725));
#4149=CARTESIAN_POINT('',(-0.00533473948337347,0.19040698064606,0.142847646815199));
#4150=CARTESIAN_POINT('',(-0.00533474074726131,0.186870325098309,0.142847605747205));
#4151=CARTESIAN_POINT('',(-0.00756649658304259,0.190407026122568,0.13900002631078));
#4152=CARTESIAN_POINT('',(-0.00756649784693044,0.186870370574817,0.138999985242786));
#4153=CARTESIAN_POINT('',(-0.00980137914459913,0.190407056003464,0.136495550646477));
#4154=CARTESIAN_POINT('',(-0.00980138040848698,0.186870400455712,0.136495509578483));
#4155=CARTESIAN_POINT('',(-0.0113234078353172,0.19040707539609,0.134872355578588));
#4156=CARTESIAN_POINT('',(-0.011323409099205,0.186870419848338,0.134872314510594));
#4157=CARTESIAN_POINT('',(-0.00475182951872753,0.190385974617683,0.146077600056738));
#4158=CARTESIAN_POINT('',(-0.00478608631321189,0.190385974617683,0.144964506980117));
#4159=CARTESIAN_POINT('',(-0.00535118536897358,0.190385974617683,0.142821633866184));
#4160=CARTESIAN_POINT('',(-0.00756298110124607,0.190385974617683,0.139008703603582));
#4161=CARTESIAN_POINT('',(-0.00976581546062753,0.190385974617683,0.136536066262171));
#4162=CARTESIAN_POINT('',(-0.0112692760733623,0.190385974617683,0.134930161567188));
#4163=CARTESIAN_POINT('',(-0.022776829518728,0.186889880249549,0.118159369234539));
#4164=CARTESIAN_POINT('',(-0.0227768295187279,0.186889880249549,0.12773541673661));
#4165=CARTESIAN_POINT('',(0.0120397624424993,0.189464736976734,0.14544473692636));
#4166=CARTESIAN_POINT('',(-0.0203768295187266,0.181931709768278,0.164299336152923));
#4167=CARTESIAN_POINT('',(-0.0203768295187266,0.181931709768278,0.173995830878937));
#4168=CARTESIAN_POINT('',(-0.000776829518726489,0.210651709768278,0.189750830878937));
#4169=CARTESIAN_POINT('',(-0.0183768295187265,0.210651709768278,0.173995830878937));
#4170=CARTESIAN_POINT('',(0.00172317048127356,0.210651709768278,0.173995830878937));
#4171=CARTESIAN_POINT('',(-0.00327682951872644,0.210651709768278,0.173995830878937));
#4172=CARTESIAN_POINT('',(-0.0183768295187265,0.210651709768278,0.173995830878937));
#4173=CARTESIAN_POINT('',(-0.0153768295187265,0.210651709768278,0.173995830878937));
#4174=CARTESIAN_POINT('',(-0.0183768295187265,0.210651709768278,0.173995830878937));
#4175=CARTESIAN_POINT('',(-0.0203768295187265,0.210651709768278,0.173995830878937));
#4176=CARTESIAN_POINT('',(-0.0203768295187265,0.210651709768278,0.190750830878937));
#4177=CARTESIAN_POINT('',(0.0188231704812735,0.210651709768278,0.198705830878938));
#4178=CARTESIAN_POINT('',(0.0188231704812735,0.210651709768278,0.173995830878937));
#4179=CARTESIAN_POINT('',(-0.0183768295187265,0.210651709768278,0.173995830878937));
#4180=CARTESIAN_POINT('',(0.0138231704812736,0.210651709768278,0.173995830878937));
#4181=CARTESIAN_POINT('',(-0.0183768295187265,0.210651709768278,0.173995830878937));
#4182=CARTESIAN_POINT('',(-0.000776829518726523,0.196291709768279,0.173995830878937));
#4183=CARTESIAN_POINT('',(-0.0183768295187266,0.181931709768278,0.173995830878937));
#4184=CARTESIAN_POINT('',(-0.0153768295187265,0.181931709768278,0.173995830878937));
#4185=CARTESIAN_POINT('',(-0.0153768295187265,0.196291709768279,0.173995830878937));
#4186=CARTESIAN_POINT('',(-0.00327682951872644,0.196291709768279,0.173995830878937));
#4187=CARTESIAN_POINT('',(-0.00475182951872773,0.205689880249549,0.118159369234539));
#4188=CARTESIAN_POINT('',(-0.00475182951872766,0.205689880249549,0.127888177237098));
#4189=CARTESIAN_POINT('',(-0.0325378959441446,0.203860755715289,0.141950059434612));
#4190=CARTESIAN_POINT('',(-0.017493371687429,0.207628313752566,0.155558901605831));
#4191=CARTESIAN_POINT('',(-0.0124773239519255,0.208740954740569,0.16033755340499));
#4192=CARTESIAN_POINT('',(-0.00475182951872773,0.205298213582882,0.118159369234539));
#4193=CARTESIAN_POINT('',(-0.00475182951872766,0.205298213582882,0.127888178934507));
#4194=CARTESIAN_POINT('',(-0.0325378959441446,0.203545274469541,0.141950059601274));
#4195=CARTESIAN_POINT('',(-0.017493371687429,0.207155908803959,0.155558900952624));
#4196=CARTESIAN_POINT('',(-0.0124773239519255,0.208222206844604,0.160337552716961));
#4197=CARTESIAN_POINT('',(-0.00475182951872773,0.204906546916216,0.118159369234539));
#4198=CARTESIAN_POINT('',(-0.00475182951872766,0.204906546916216,0.127888182150233));
#4199=CARTESIAN_POINT('',(-0.0325378959441446,0.203229793223794,0.141950099398791));
#4200=CARTESIAN_POINT('',(-0.017493371687429,0.206683503855352,0.155558857873907));
#4201=CARTESIAN_POINT('',(-0.0124773239519255,0.207703458948638,0.160337500360604));
#4202=CARTESIAN_POINT('',(-0.00475182951872773,0.204123213582883,0.118159369234539));
#4203=CARTESIAN_POINT('',(-0.00475182951872766,0.204123213582883,0.127888189596046));
#4204=CARTESIAN_POINT('',(-0.0325378959441446,0.2025988307323,0.141950188663699));
#4205=CARTESIAN_POINT('',(-0.017493371687429,0.205738693958138,0.155558761183922));
#4206=CARTESIAN_POINT('',(-0.0124773239519255,0.206665963156708,0.160337382861644));
#4207=CARTESIAN_POINT('',(-0.00475182951872773,0.203731546916217,0.118159369234539));
#4208=CARTESIAN_POINT('',(-0.00475182951872766,0.203731546916217,0.127888193826134));
#4209=CARTESIAN_POINT('',(-0.0325378959441446,0.202283349486552,0.141950238397796));
#4210=CARTESIAN_POINT('',(-0.017493371687429,0.205266289009531,0.155558707290008));
#4211=CARTESIAN_POINT('',(-0.0124773239519255,0.206147215260742,0.16033731737417));
#4212=CARTESIAN_POINT('',(-0.00475182951872773,0.202948213582884,0.118159369234539));
#4213=CARTESIAN_POINT('',(-0.00475182951872766,0.202948213582884,0.1278882012784));
#4214=CARTESIAN_POINT('',(-0.0325378959441446,0.201652386995058,0.141950313790746));
#4215=CARTESIAN_POINT('',(-0.017493371687429,0.204321479112317,0.15555862529916));
#4216=CARTESIAN_POINT('',(-0.0124773239519255,0.205109719468812,0.160337217810892));
#4217=CARTESIAN_POINT('',(-0.00475182951872773,0.202556546916217,0.118159369234539));
#4218=CARTESIAN_POINT('',(-0.00475182951872766,0.202556546916217,0.127888204500578));
#4219=CARTESIAN_POINT('',(-0.0325378959441446,0.20133690574931,0.141950340080489));
#4220=CARTESIAN_POINT('',(-0.017493371687429,0.20384907416371,0.155558596533635));
#4221=CARTESIAN_POINT('',(-0.0124773239519255,0.204590971572846,0.160337182919301));
#4222=CARTESIAN_POINT('',(-0.00475182951872773,0.201773213582883,0.118159369234539));
#4223=CARTESIAN_POINT('',(-0.00475182951872766,0.201773213582883,0.127888207914753));
#4224=CARTESIAN_POINT('',(-0.0325378959441446,0.200705943257816,0.141950361469266));
#4225=CARTESIAN_POINT('',(-0.017493371687429,0.202904264266496,0.155558572908051));
#4226=CARTESIAN_POINT('',(-0.0124773239519255,0.203553475780916,0.160337154311577));
#4227=CARTESIAN_POINT('',(-0.00475182951872773,0.201381546916217,0.118159369234539));
#4228=CARTESIAN_POINT('',(-0.00475182951872766,0.201381546916217,0.127888208106749));
#4229=CARTESIAN_POINT('',(-0.0325378959441446,0.200390462012069,0.141950357393886));
#4230=CARTESIAN_POINT('',(-0.017493371687429,0.202431859317889,0.155558577173069));
#4231=CARTESIAN_POINT('',(-0.0124773239519255,0.20303472788495,0.1603371595279));
#4232=CARTESIAN_POINT('',(-0.00475182951872773,0.200206546916218,0.118159369234539));
#4233=CARTESIAN_POINT('',(-0.00475182951872766,0.200206546916218,0.12788820110406));
#4234=CARTESIAN_POINT('',(-0.0325378959441446,0.199444018274827,0.141950308945262));
#4235=CARTESIAN_POINT('',(-0.017493371687429,0.201014644472068,0.155558630483161));
#4236=CARTESIAN_POINT('',(-0.0124773239519255,0.201478484197054,0.160337224124998));
#4237=CARTESIAN_POINT('',(-0.00475182951872773,0.199423213582885,0.118159369234539));
#4238=CARTESIAN_POINT('',(-0.00475182951872766,0.199423213582885,0.12788819413685));
#4239=CARTESIAN_POINT('',(-0.0325378959441446,0.198813055783332,0.141950232195589));
#4240=CARTESIAN_POINT('',(-0.017493371687429,0.200069834574854,0.155558713775619));
#4241=CARTESIAN_POINT('',(-0.0124773239519255,0.200440988405124,0.16033732530759));
#4242=CARTESIAN_POINT('',(-0.00475182951872773,0.198248213582885,0.118159369234539));
#4243=CARTESIAN_POINT('',(-0.00475182951872766,0.198248213582885,0.127888185227501));
#4244=CARTESIAN_POINT('',(-0.0325378959441446,0.197866612046091,0.141950134961766));
#4245=CARTESIAN_POINT('',(-0.017493371687429,0.198652619729033,0.155558819321665));
#4246=CARTESIAN_POINT('',(-0.0124773239519255,0.198884744717228,0.16033745351837));
#4247=CARTESIAN_POINT('',(-0.00475182951872773,0.197856546916218,0.118159369234539));
#4248=CARTESIAN_POINT('',(-0.00475182951872766,0.197856546916219,0.127888182514629));
#4249=CARTESIAN_POINT('',(-0.0325378959441446,0.197551130800343,0.141950106356861));
#4250=CARTESIAN_POINT('',(-0.017493371687429,0.198180214780426,0.155558850397708));
#4251=CARTESIAN_POINT('',(-0.0124773239519255,0.198365996821262,0.160337491261858));
#4252=CARTESIAN_POINT('',(-0.00475182951872773,0.197073213582885,0.118159369234539));
#4253=CARTESIAN_POINT('',(-0.00475182951872766,0.197073213582885,0.127888178434305));
#4254=CARTESIAN_POINT('',(-0.0325378959441446,0.196920168308849,0.141950066459111));
#4255=CARTESIAN_POINT('',(-0.017493371687429,0.197235404883212,0.155558893825404));
#4256=CARTESIAN_POINT('',(-0.0124773239519255,0.197328501029332,0.160337543988511));
#4257=CARTESIAN_POINT('',(-0.00475182951872773,0.196681546916219,0.118159369234539));
#4258=CARTESIAN_POINT('',(-0.00475182951872766,0.196681546916219,0.127888177066853));
#4259=CARTESIAN_POINT('',(-0.0325378959441446,0.196604687063101,0.141950055566148));
#4260=CARTESIAN_POINT('',(-0.017493371687429,0.196762999934605,0.155558905753277));
#4261=CARTESIAN_POINT('',(-0.0124773239519255,0.196809753133366,0.160337558454597));
#4262=CARTESIAN_POINT('',(-0.00475182951872773,0.195506546916219,0.118159369234539));
#4263=CARTESIAN_POINT('',(-0.00475182951872766,0.195506546916219,0.127888176230024));
#4264=CARTESIAN_POINT('',(-0.0325378959441446,0.19565824332586,0.141950054455221));
#4265=CARTESIAN_POINT('',(-0.017493371687429,0.195345785088784,0.155558907165552));
#4266=CARTESIAN_POINT('',(-0.0124773239519255,0.19525350944547,0.160337560124064));
#4267=CARTESIAN_POINT('',(-0.00475182951872773,0.194723213582886,0.118159369234539));
#4268=CARTESIAN_POINT('',(-0.00475182951872766,0.194723213582886,0.12788818102965));
#4269=CARTESIAN_POINT('',(-0.0325378959441446,0.195027280834365,0.141950100457137));
#4270=CARTESIAN_POINT('',(-0.017493371687429,0.194400975191569,0.155558857066944));
#4271=CARTESIAN_POINT('',(-0.0124773239519255,0.194216013653539,0.160337499304031));
#4272=CARTESIAN_POINT('',(-0.00475182951872773,0.19315654691622,0.118159369234539));
#4273=CARTESIAN_POINT('',(-0.00475182951872766,0.19315654691622,0.127888193199962));
#4274=CARTESIAN_POINT('',(-0.0325378959441446,0.193765355851376,0.141950228278275));
#4275=CARTESIAN_POINT('',(-0.017493371687429,0.192511355397141,0.155558718190086));
#4276=CARTESIAN_POINT('',(-0.0124773239519255,0.192141022069678,0.160337330633781));
#4277=CARTESIAN_POINT('',(-0.00475182951872773,0.192373213582887,0.118159369234539));
#4278=CARTESIAN_POINT('',(-0.00475182951872766,0.192373213582887,0.12788820057065));
#4279=CARTESIAN_POINT('',(-0.0325378959441446,0.193134393359882,0.141950303912074));
#4280=CARTESIAN_POINT('',(-0.017493371687429,0.191566545499927,0.155558635966902));
#4281=CARTESIAN_POINT('',(-0.0124773239519255,0.191103526277747,0.160337230781777));
#4282=CARTESIAN_POINT('',(-0.00475182951872773,0.191198213582887,0.118159369234539));
#4283=CARTESIAN_POINT('',(-0.00475182951872766,0.191198213582887,0.127888207447006));
#4284=CARTESIAN_POINT('',(-0.0325378959441446,0.19218794962264,0.141950351168723));
#4285=CARTESIAN_POINT('',(-0.017493371687429,0.190149330654106,0.155558583955487));
#4286=CARTESIAN_POINT('',(-0.0124773239519255,0.189547282589851,0.16033716776116));
#4287=CARTESIAN_POINT('',(-0.00475182951872773,0.190806546916221,0.118159369234539));
#4288=CARTESIAN_POINT('',(-0.00475182951872766,0.190806546916221,0.127888207216407));
#4289=CARTESIAN_POINT('',(-0.0325378959441446,0.191872468376893,0.141950354879874));
#4290=CARTESIAN_POINT('',(-0.017493371687429,0.189676925705499,0.155558580087303));
#4291=CARTESIAN_POINT('',(-0.0124773239519255,0.189028534693886,0.160337163026559));
#4292=CARTESIAN_POINT('',(-0.00475182951872773,0.190023213582888,0.118159369234539));
#4293=CARTESIAN_POINT('',(-0.00475182951872766,0.190023213582888,0.127888203733801));
#4294=CARTESIAN_POINT('',(-0.0325378959441446,0.191241505885398,0.141950332845357));
#4295=CARTESIAN_POINT('',(-0.017493371687429,0.188732115808285,0.15555860441643));
#4296=CARTESIAN_POINT('',(-0.0124773239519255,0.187991038901955,0.160337192488322));
#4297=CARTESIAN_POINT('',(-0.00475182951872773,0.189631546916221,0.118159369234539));
#4298=CARTESIAN_POINT('',(-0.00475182951872766,0.189631546916221,0.127888200481794));
#4299=CARTESIAN_POINT('',(-0.0325378959441446,0.190926024639651,0.1419503062741));
#4300=CARTESIAN_POINT('',(-0.017493371687429,0.188259710859678,0.155558633488668));
#4301=CARTESIAN_POINT('',(-0.0124773239519255,0.18747229100599,0.160337227752236));
#4302=CARTESIAN_POINT('',(-0.00475182951872773,0.188848213582888,0.118159369234539));
#4303=CARTESIAN_POINT('',(-0.00475182951872766,0.188848213582888,0.127888192980398));
#4304=CARTESIAN_POINT('',(-0.0325378959441446,0.190295062148156,0.141950230417394));
#4305=CARTESIAN_POINT('',(-0.017493371687429,0.187314900962464,0.15555871598478));
#4306=CARTESIAN_POINT('',(-0.0124773239519255,0.186434795214059,0.160337327928861));
#4307=CARTESIAN_POINT('',(-0.00475182951872773,0.188456546916221,0.118159369234539));
#4308=CARTESIAN_POINT('',(-0.00475182951872766,0.188456546916221,0.127888188731009));
#4309=CARTESIAN_POINT('',(-0.0325378959441446,0.189979580902409,0.141950180501054));
#4310=CARTESIAN_POINT('',(-0.017493371687429,0.186842496013857,0.155558770077247));
#4311=CARTESIAN_POINT('',(-0.0124773239519255,0.185916047318094,0.160337393657363));
#4312=CARTESIAN_POINT('',(-0.00475182951872773,0.187673213582888,0.118159369234539));
#4313=CARTESIAN_POINT('',(-0.00475182951872766,0.187673213582888,0.127888181258875));
#4314=CARTESIAN_POINT('',(-0.0325378959441446,0.189348618410914,0.141950090987573));
#4315=CARTESIAN_POINT('',(-0.017493371687429,0.185897686116643,0.155558867038051));
#4316=CARTESIAN_POINT('',(-0.0124773239519255,0.184878551526163,0.160337511485073));
#4317=CARTESIAN_POINT('',(-0.00475182951872773,0.187281546916222,0.118159369234539));
#4318=CARTESIAN_POINT('',(-0.00475182951872766,0.187281546916222,0.12788817803613));
#4319=CARTESIAN_POINT('',(-0.0325378959441446,0.189033137165167,0.141950051123727));
#4320=CARTESIAN_POINT('',(-0.017493371687429,0.185425281168036,0.155558910189031));
#4321=CARTESIAN_POINT('',(-0.0124773239519255,0.184359803630198,0.160337563929152));
#4322=CARTESIAN_POINT('',(-0.00475182951872773,0.186889880249555,0.118159369234539));
#4323=CARTESIAN_POINT('',(-0.00475182951872766,0.186889880249555,0.127888176338721));
#4324=CARTESIAN_POINT('',(-0.0325378959441446,0.18871765591942,0.141950050957065));
#4325=CARTESIAN_POINT('',(-0.017493371687429,0.184952876219429,0.155558910842239));
#4326=CARTESIAN_POINT('',(-0.0124773239519255,0.183841055734233,0.160337564617182));
#4327=CARTESIAN_POINT('',(-0.00529371178010146,0.186928734385741,0.121159369234539));
#4328=CARTESIAN_POINT('',(-0.00495636032655085,0.186905087170854,0.120194823771532));
#4329=CARTESIAN_POINT('',(-0.00475182951872772,0.186889880249555,0.119182024497818));
#4330=CARTESIAN_POINT('',(-0.00475182951872773,0.186889880249555,0.118159369234539));
#4331=CARTESIAN_POINT('',(-0.00529371178010146,0.186928734385741,0.121159369234539));
#4332=CARTESIAN_POINT('',(-0.00529371178191403,0.186924215982018,0.121159369234539));
#4333=CARTESIAN_POINT('',(-0.00529371178131577,0.186925722116592,0.121159369234539));
#4334=CARTESIAN_POINT('',(-0.00529371178071158,0.186927228251167,0.121159369234539));
#4335=CARTESIAN_POINT('',(-0.00529371178010144,0.186928734385741,0.121159369234539));
#4336=CARTESIAN_POINT('',(-0.00529371178191416,0.186924215982018,0.121159369234539));
#4337=CARTESIAN_POINT('',(-0.00475182951872773,0.186889880249555,0.118159369234539));
#4338=CARTESIAN_POINT('',(-0.00475182951872766,0.186889880249555,0.127888176338721));
#4339=CARTESIAN_POINT('',(-0.0415268890334945,0.189308954544196,0.146499168915409));
#4340=CARTESIAN_POINT('',(-0.00327682951872645,0.181931709768278,0.164316628558347));
#4341=CARTESIAN_POINT('',(-0.00327682951872644,0.181931709768278,0.173995830878937));
#4342=CARTESIAN_POINT('',(-0.0127365998499792,0.183898659089863,0.160090755857961));
#4343=CARTESIAN_POINT('',(-0.012736598870597,0.190385974617683,0.160090397680292));
#4344=CARTESIAN_POINT('',(-0.0127365990260011,0.188223536095827,0.160090289175785));
#4345=CARTESIAN_POINT('',(-0.0127366043073611,0.186061097605337,0.160090748744845));
#4346=CARTESIAN_POINT('',(-0.0127365998499793,0.183898659089864,0.160090755857961));
#4347=CARTESIAN_POINT('',(-0.012736598870597,0.190385974617683,0.160090397680292));
#4348=CARTESIAN_POINT('',(-0.012736598870597,0.190385974617683,0.160090397680292));
#4349=CARTESIAN_POINT('',(-0.0138014426596631,0.190385974617683,0.159077462129853));
#4350=CARTESIAN_POINT('',(-0.0159381226132653,0.190385974617683,0.157061495243623));
#4351=CARTESIAN_POINT('',(-0.0190137058342106,0.190385974617683,0.153889971175248));
#4352=CARTESIAN_POINT('',(-0.0216987947798912,0.190385974617683,0.15040036667917));
#4353=CARTESIAN_POINT('',(-0.0227541476537604,0.190385974617683,0.147564554204608));
#4354=CARTESIAN_POINT('',(-0.0227768295187281,0.190385974617683,0.146077600056719));
#4355=CARTESIAN_POINT('',(-0.0227768295187281,0.190385974617683,0.146077600056719));
#4356=CARTESIAN_POINT('',(-0.0227768295187281,0.202193785881422,0.146077600056718));
#4357=CARTESIAN_POINT('',(-0.0227768295187281,0.198257848793509,0.146077600056718));
#4358=CARTESIAN_POINT('',(-0.0227768295187281,0.194321911705596,0.146077600056717));
#4359=CARTESIAN_POINT('',(-0.0227768295187281,0.190385974617683,0.146077600056717));
#4360=CARTESIAN_POINT('',(-0.0227768295187281,0.202193785881422,0.146077600056718));
#4361=CARTESIAN_POINT('',(-0.0127365991601683,0.202193785881421,0.160090390183205));
#4362=CARTESIAN_POINT('',(-0.0138014426418882,0.202193785881421,0.159077455084442));
#4363=CARTESIAN_POINT('',(-0.0159381221054037,0.202193785881421,0.157061489222619));
#4364=CARTESIAN_POINT('',(-0.0190137050175229,0.202193785881421,0.153889967114196));
#4365=CARTESIAN_POINT('',(-0.0216987943025609,0.202193785881421,0.150400364908502));
#4366=CARTESIAN_POINT('',(-0.0227541476499442,0.202193785881421,0.147564553663486));
#4367=CARTESIAN_POINT('',(-0.0227768295187281,0.202193785881421,0.146077600056718));
#4368=CARTESIAN_POINT('',(-0.0127365991601683,0.202193785881422,0.160090390183205));
#4369=CARTESIAN_POINT('',(-0.0127366003038459,0.208683308773587,0.160090744319757));
#4370=CARTESIAN_POINT('',(-0.0127366047574301,0.206520134470144,0.160090737209281));
#4371=CARTESIAN_POINT('',(-0.0127365994053559,0.204356960191313,0.160090279124556));
#4372=CARTESIAN_POINT('',(-0.0127365991601684,0.202193785881422,0.160090390183205));
#4373=CARTESIAN_POINT('',(-0.0127366003038459,0.208683308773587,0.160090744319757));
#4374=CARTESIAN_POINT('',(-0.00475182951872773,0.205689880249549,0.118159369234539));
#4375=CARTESIAN_POINT('',(-0.00475182951872766,0.205689880249549,0.127888177237098));
#4376=CARTESIAN_POINT('',(-0.0415268890334945,0.203269020723142,0.146499179844872));
#4377=CARTESIAN_POINT('',(-0.00327682951872645,0.210651709768278,0.164316605213654));
#4378=CARTESIAN_POINT('',(-0.00327682951872644,0.210651709768278,0.173995830878937));
#4379=CARTESIAN_POINT('',(-0.00529371164475392,0.205655519186467,0.121159369234539));
#4380=CARTESIAN_POINT('',(-0.00529371164475389,0.205655519186467,0.121159369234539));
#4381=CARTESIAN_POINT('',(-0.00529371164415519,0.205654011941503,0.121159369234539));
#4382=CARTESIAN_POINT('',(-0.00529371164355055,0.205652504696538,0.121159369234539));
#4383=CARTESIAN_POINT('',(-0.00529371164293999,0.205650997451574,0.121159369234539));
#4384=CARTESIAN_POINT('',(-0.00529371164294002,0.205650997451574,0.121159369234539));
#4385=CARTESIAN_POINT('',(-0.00475182951872773,0.205689880249549,0.118159369234539));
#4386=CARTESIAN_POINT('',(-0.00475182951872772,0.205689880249549,0.11918183558973));
#4387=CARTESIAN_POINT('',(-0.00495638735479182,0.205674660210824,0.12019490117041));
#4388=CARTESIAN_POINT('',(-0.00529371164294004,0.205650997451574,0.121159369234539));
#4389=CARTESIAN_POINT('',(-0.0112520509906607,0.202193785881421,0.129722512262051));
#4390=CARTESIAN_POINT('',(-0.0100574276020461,0.202193785881422,0.128442532939423));
#4391=CARTESIAN_POINT('',(-0.00832128319081568,0.202193785881421,0.126480412507802));
#4392=CARTESIAN_POINT('',(-0.00636206536384326,0.202193785881421,0.123591013246187));
#4393=CARTESIAN_POINT('',(-0.00558565753675009,0.202193785881421,0.121994113337125));
#4394=CARTESIAN_POINT('',(-0.00529370713407782,0.202193785881421,0.121159369234539));
#4395=CARTESIAN_POINT('',(-0.0112520509906607,0.202193785881422,0.129722512262051));
#4396=CARTESIAN_POINT('',(-0.00529370713407784,0.202193785881422,0.121159369234539));
#4397=CARTESIAN_POINT('',(-0.0112520467952085,0.205299049276052,0.129722439313186));
#4398=CARTESIAN_POINT('',(-0.011252045163213,0.204263961477324,0.129722441785999));
#4399=CARTESIAN_POINT('',(-0.0112520503073802,0.203228873679894,0.12972249906558));
#4400=CARTESIAN_POINT('',(-0.0112520509906607,0.202193785881421,0.129722512262051));
#4401=CARTESIAN_POINT('',(-0.0227768295187281,0.202193785881421,0.145874092765454));
#4402=CARTESIAN_POINT('',(-0.0227555109854339,0.202193785881421,0.144468987959711));
#4403=CARTESIAN_POINT('',(-0.0218401502415889,0.202193785881421,0.141798881266854));
#4404=CARTESIAN_POINT('',(-0.0194367096513663,0.202193785881422,0.138398607666115));
#4405=CARTESIAN_POINT('',(-0.0166623702444259,0.202193785881421,0.135302168677441));
#4406=CARTESIAN_POINT('',(-0.0147243159242354,0.202193785881421,0.133324476548757));
#4407=CARTESIAN_POINT('',(-0.0137574915047938,0.202193785881421,0.132332847963127));
#4408=CARTESIAN_POINT('',(-0.0227768295187281,0.202193785881422,0.145874092765454));
#4409=CARTESIAN_POINT('',(-0.0227768295187281,0.190385974617683,0.145874092658473));
#4410=CARTESIAN_POINT('',(-0.0227768295187281,0.1943219117056,0.145874094599012));
#4411=CARTESIAN_POINT('',(-0.0227768295187281,0.198257848793505,0.145874094656486));
#4412=CARTESIAN_POINT('',(-0.0227768295187281,0.202193785881422,0.145874092765457));
#4413=CARTESIAN_POINT('',(-0.0227768295187281,0.190385974617683,0.145874092658473));
#4414=CARTESIAN_POINT('',(-0.0227768295187281,0.190385974617683,0.145874092658473));
#4415=CARTESIAN_POINT('',(-0.0227555109937537,0.190385974617683,0.144468987671534));
#4416=CARTESIAN_POINT('',(-0.021840150794184,0.190385974617683,0.141798880431334));
#4417=CARTESIAN_POINT('',(-0.0194367103066376,0.190385974617683,0.138398606061692));
#4418=CARTESIAN_POINT('',(-0.0166623705709992,0.190385974617683,0.135302166586756));
#4419=CARTESIAN_POINT('',(-0.0147243159035932,0.190385974617683,0.133324474281838));
#4420=CARTESIAN_POINT('',(-0.0137574912948738,0.190385974617683,0.132332845618965));
#4421=CARTESIAN_POINT('',(-0.0112520508183693,0.190385974617683,0.129722510319886));
#4422=CARTESIAN_POINT('',(-0.0112520501159363,0.189350790751348,0.129722496899411));
#4423=CARTESIAN_POINT('',(-0.0112520449600994,0.188315606886057,0.129722439473815));
#4424=CARTESIAN_POINT('',(-0.0112520465932184,0.18728042301946,0.129722436999729));
#4425=CARTESIAN_POINT('',(-0.0112520508183693,0.190385974617683,0.129722510319886));
#4426=CARTESIAN_POINT('',(-0.0112520508183693,0.190385974617683,0.129722510319886));
#4427=CARTESIAN_POINT('',(-0.0100574275321522,0.190385974617683,0.128442531306375));
#4428=CARTESIAN_POINT('',(-0.008321283237839,0.190385974617683,0.126480411359315));
#4429=CARTESIAN_POINT('',(-0.00636206548371036,0.190385974617683,0.123591012755253));
#4430=CARTESIAN_POINT('',(-0.0055856576604286,0.190385974617683,0.121994113175871));
#4431=CARTESIAN_POINT('',(-0.00529370724657108,0.190385974617683,0.121159369234539));
#4432=CARTESIAN_POINT('',(-0.00529370724657108,0.190385974617683,0.121159369234539));
#4433=CARTESIAN_POINT('',(-0.00529370713407783,0.202193785881422,0.121159369234539));
#4434=CARTESIAN_POINT('',(-0.00529370465818949,0.198257848793504,0.121159369234539));
#4435=CARTESIAN_POINT('',(-0.00529370471868071,0.1943219117056,0.121159369234539));
#4436=CARTESIAN_POINT('',(-0.00529370724657108,0.190385974617683,0.121159369234539));
#4437=CARTESIAN_POINT('',(-0.00529371178191411,0.186924215982018,0.121159369234539));
#4438=CARTESIAN_POINT('',(-0.00831098094122308,0.187111334086583,0.129786257393415));
#4439=CARTESIAN_POINT('',(-0.031511338368693,0.18846270507056,0.142863829681784));
#4440=CARTESIAN_POINT('',(-0.0175055629229658,0.184955927827355,0.155547876546213));
#4441=CARTESIAN_POINT('',(-0.0124949385267385,0.183844960664984,0.160320784707326));
#4442=CARTESIAN_POINT('',(-0.00362704511524744,0.186924215982018,0.121159369234539));
#4443=CARTESIAN_POINT('',(-0.00664431427455641,0.187111334086583,0.129786257393415));
#4444=CARTESIAN_POINT('',(-0.0298446717020263,0.18846270507056,0.142863829681784));
#4445=CARTESIAN_POINT('',(-0.0158388962562991,0.184955927827355,0.155547876546213));
#4446=CARTESIAN_POINT('',(-0.0108282718600718,0.183844960664984,0.160320784707326));
#4447=CARTESIAN_POINT('',(-0.00196037844858077,0.186924215982018,0.121159369234539));
#4448=CARTESIAN_POINT('',(-0.00497764760788974,0.187111334086583,0.129786257393415));
#4449=CARTESIAN_POINT('',(-0.0281780050353596,0.18846270507056,0.142863829681784));
#4450=CARTESIAN_POINT('',(-0.0141722295896324,0.184955927827355,0.155547876546213));
#4451=CARTESIAN_POINT('',(-0.00916160519340515,0.183844960664984,0.160320784707326));
#4452=CARTESIAN_POINT('',(-0.000293711781914103,0.186924215982018,0.121159369234539));
#4453=CARTESIAN_POINT('',(-0.00331098094122308,0.187111334086583,0.129786257393415));
#4454=CARTESIAN_POINT('',(-0.026511338368693,0.18846270507056,0.142863829681784));
#4455=CARTESIAN_POINT('',(-0.0125055629229658,0.184955927827355,0.155547876546213));
#4456=CARTESIAN_POINT('',(-0.00749493852673849,0.183844960664984,0.160320784707326));
#4457=CARTESIAN_POINT('',(-0.00279371178191405,0.186924215982018,0.121159369234539));
#4458=CARTESIAN_POINT('',(-0.0127365998499793,0.183898659089864,0.160090755857961));
#4459=CARTESIAN_POINT('',(-0.0119894641930893,0.184105078517377,0.159209010758676));
#4460=CARTESIAN_POINT('',(-0.0112399839863913,0.184317253856542,0.158330561210993));
#4461=CARTESIAN_POINT('',(-0.0105046034826195,0.184533041247001,0.157441203874877));
#4462=CARTESIAN_POINT('',(-0.000293711643385154,0.200963974031646,0.121159381902175));
#4463=CARTESIAN_POINT('',(-0.00331098049468533,0.200870485690647,0.129786317776806));
#4464=CARTESIAN_POINT('',(-0.0249041413714656,0.200242083302808,0.141958120946598));
#4465=CARTESIAN_POINT('',(-0.0142675023857105,0.201716275401774,0.153788381216355));
#4466=CARTESIAN_POINT('',(-0.0102855118284574,0.20218449374004,0.157654083221109));
#4467=CARTESIAN_POINT('',(-0.000293711643385154,0.200966880482188,0.121159381908982));
#4468=CARTESIAN_POINT('',(-0.00331098049468533,0.200873334051248,0.129786317806677));
#4469=CARTESIAN_POINT('',(-0.0249041413714656,0.200244541199137,0.141958121045684));
#4470=CARTESIAN_POINT('',(-0.0142675023857105,0.201719649302493,0.153788381114326));
#4471=CARTESIAN_POINT('',(-0.0102855118284574,0.202188158573028,0.157654083080721));
#4472=CARTESIAN_POINT('',(-0.000293711643385154,0.200969786932729,0.121159381915768));
#4473=CARTESIAN_POINT('',(-0.00331098049468533,0.20087618241185,0.129786317836445));
#4474=CARTESIAN_POINT('',(-0.0249041413714656,0.200246999095465,0.141958121144271));
#4475=CARTESIAN_POINT('',(-0.0142675023857105,0.201723023203212,0.153788381012799));
#4476=CARTESIAN_POINT('',(-0.0102855118284574,0.202191823406016,0.157654082941026));
#4477=CARTESIAN_POINT('',(-0.000293711643385154,0.201362928866878,0.121159382831075));
#4478=CARTESIAN_POINT('',(-0.00331098049468533,0.201261466792225,0.129786321849269));
#4479=CARTESIAN_POINT('',(-0.0249041413714656,0.200579467204845,0.141958134412104));
#4480=CARTESIAN_POINT('',(-0.0142675023857105,0.20217939493057,0.153788367347854));
#4481=CARTESIAN_POINT('',(-0.0102855118284574,0.202687548177089,0.157654064139485));
#4482=CARTESIAN_POINT('',(-0.000293711643385154,0.201753164350485,0.121159382857856));
#4483=CARTESIAN_POINT('',(-0.00331098049468533,0.201643902812,0.12978632217636));
#4484=CARTESIAN_POINT('',(-0.0249041413714656,0.200909477417896,0.141958137702062));
#4485=CARTESIAN_POINT('',(-0.0142675023857105,0.202632392757209,0.153788364113392));
#4486=CARTESIAN_POINT('',(-0.0102855118284574,0.203179608115174,0.157654059640274));
#4487=CARTESIAN_POINT('',(-0.000293711643385154,0.202533635317698,0.121159381570913));
#4488=CARTESIAN_POINT('',(-0.00331098049468533,0.202408774851549,0.129786316620855));
#4489=CARTESIAN_POINT('',(-0.0249041413714656,0.201569497843998,0.141958120245961));
#4490=CARTESIAN_POINT('',(-0.0142675023857105,0.203538388410488,0.153788382155567));
#4491=CARTESIAN_POINT('',(-0.0102855118284574,0.204163727991344,0.157654084444218));
#4492=CARTESIAN_POINT('',(-0.000293711643385154,0.202923870801305,0.121159380241679));
#4493=CARTESIAN_POINT('',(-0.00331098049468533,0.202791210871323,0.129786310638231));
#4494=CARTESIAN_POINT('',(-0.0249041413714656,0.201899508057049,0.141958098831761));
#4495=CARTESIAN_POINT('',(-0.0142675023857105,0.203991386237128,0.153788404096823));
#4496=CARTESIAN_POINT('',(-0.0102855118284574,0.204655787929429,0.157654114669291));
#4497=CARTESIAN_POINT('',(-0.000293711643385154,0.203704341768519,0.121159376893342));
#4498=CARTESIAN_POINT('',(-0.00331098049468533,0.203556082910872,0.129786295033875));
#4499=CARTESIAN_POINT('',(-0.0249041413714656,0.202559528483151,0.141958037497363));
#4500=CARTESIAN_POINT('',(-0.0142675023857105,0.204897381890406,0.153788466587901));
#4501=CARTESIAN_POINT('',(-0.0102855118284574,0.205639907805598,0.15765420086631));
#4502=CARTESIAN_POINT('',(-0.000293711643385154,0.204094577252125,0.121159374862387));
#4503=CARTESIAN_POINT('',(-0.00331098049468533,0.203938518930646,0.129786285335704));
#4504=CARTESIAN_POINT('',(-0.0249041413714656,0.202889538696202,0.14195799706659));
#4505=CARTESIAN_POINT('',(-0.0142675023857105,0.205350379717046,0.153788507645606));
#4506=CARTESIAN_POINT('',(-0.0102855118284574,0.206131967743683,0.15765425754276));
#4507=CARTESIAN_POINT('',(-0.000293711643385154,0.204875048219339,0.121159371255131));
#4508=CARTESIAN_POINT('',(-0.00331098049468533,0.204703390970195,0.129786268056219));
#4509=CARTESIAN_POINT('',(-0.0249041413714656,0.203549559122304,0.141957924505968));
#4510=CARTESIAN_POINT('',(-0.0142675023857105,0.206256375370325,0.153788581302399));
#4511=CARTESIAN_POINT('',(-0.0102855118284574,0.207116087619852,0.157654359228645));
#4512=CARTESIAN_POINT('',(-0.000293711643385154,0.205265283702946,0.121159369673819));
#4513=CARTESIAN_POINT('',(-0.00331098049468533,0.205085826989969,0.129786260442591));
#4514=CARTESIAN_POINT('',(-0.0249041413714656,0.203879569335355,0.141957892160274));
#4515=CARTESIAN_POINT('',(-0.0142675023857105,0.206709373196964,0.153788614116192));
#4516=CARTESIAN_POINT('',(-0.0102855118284574,0.207608147557937,0.157654404535905));
#4517=CARTESIAN_POINT('',(-0.000293711643385154,0.205655519186552,0.121159369230626));
#4518=CARTESIAN_POINT('',(-0.00331098049468533,0.205468263009744,0.129786258948783));
#4519=CARTESIAN_POINT('',(-0.0249041413714656,0.204209579548406,0.141957891952672));
#4520=CARTESIAN_POINT('',(-0.0142675023857105,0.207162371023604,0.153788614659863));
#4521=CARTESIAN_POINT('',(-0.0102855118284574,0.208100207496022,0.157654405179119));
#4522=CARTESIAN_POINT('',(-0.000293711644753892,0.205655519186467,0.121159369234539));
#4523=CARTESIAN_POINT('',(-0.000293711644301026,0.205654379084531,0.121159369234539));
#4524=CARTESIAN_POINT('',(-0.000293711643844759,0.205653238982594,0.121159369234539));
#4525=CARTESIAN_POINT('',(-0.000293711643385105,0.205652098880658,0.121159369234539));
#4526=CARTESIAN_POINT('',(-0.000293711644754016,0.205655519186467,0.121159369234539));
#4527=CARTESIAN_POINT('',(-0.000293711643385159,0.205652098880658,0.121159369234539));
#4528=CARTESIAN_POINT('',(0.000248170481272273,0.205689880249549,0.118159369234539));
#4529=CARTESIAN_POINT('',(0.000248170481272344,0.205689880249549,0.127888177237098));
#4530=CARTESIAN_POINT('',(-0.0365268890334945,0.203269020723142,0.146499179844872));
#4531=CARTESIAN_POINT('',(0.00172317048127355,0.210651709768278,0.164316605213654));
#4532=CARTESIAN_POINT('',(0.00172317048127356,0.210651709768278,0.173995830878937));
#4533=CARTESIAN_POINT('',(-0.0105046038943569,0.208048458457848,0.157441193913501));
#4534=CARTESIAN_POINT('',(-0.0105046038507237,0.202193785881422,0.157440875633673));
#4535=CARTESIAN_POINT('',(-0.0105046045914745,0.204145343410669,0.15744080353393));
#4536=CARTESIAN_POINT('',(-0.010504608284276,0.206096900922155,0.157441187090917));
#4537=CARTESIAN_POINT('',(-0.0105046038943569,0.208048458457848,0.157441193913501));
#4538=CARTESIAN_POINT('',(-0.0105046038507237,0.202193785881422,0.157440875633674));
#4539=CARTESIAN_POINT('',(-0.0112692762886349,0.202193785881421,0.134930164145972));
#4540=CARTESIAN_POINT('',(-0.0120416458074836,0.202193785881421,0.135745395606328));
#4541=CARTESIAN_POINT('',(-0.013559861548932,0.202193785881421,0.13739445506112));
#4542=CARTESIAN_POINT('',(-0.015655851796574,0.202193785881422,0.140051063589655));
#4543=CARTESIAN_POINT('',(-0.0173306738913418,0.202193785881421,0.142930444540158));
#4544=CARTESIAN_POINT('',(-0.0180686905448422,0.202193785881421,0.146337225424975));
#4545=CARTESIAN_POINT('',(-0.0170054378716127,0.202193785881421,0.149669526390411));
#4546=CARTESIAN_POINT('',(-0.0151421719531078,0.202193785881421,0.152483665794856));
#4547=CARTESIAN_POINT('',(-0.0129094109655658,0.202193785881421,0.155052387330238));
#4548=CARTESIAN_POINT('',(-0.011314161921559,0.202193785881421,0.156651093059839));
#4549=CARTESIAN_POINT('',(-0.0105046038507237,0.202193785881421,0.157440875633673));
#4550=CARTESIAN_POINT('',(-0.0112692762886348,0.202193785881422,0.134930164145972));
#4551=CARTESIAN_POINT('',(-0.0112692719872042,0.205123655089622,0.134930070260599));
#4552=CARTESIAN_POINT('',(-0.0112692699385475,0.204147032019363,0.134930073147194));
#4553=CARTESIAN_POINT('',(-0.0112692752054147,0.203170408951252,0.134930145152439));
#4554=CARTESIAN_POINT('',(-0.0112692762886349,0.202193785881421,0.134930164145972));
#4555=CARTESIAN_POINT('',(-0.0112692719872042,0.205123655089622,0.134930070260599));
#4556=CARTESIAN_POINT('',(-0.00875748688689566,0.205193419781803,0.132332761522274));
#4557=CARTESIAN_POINT('',(-0.0095981790972561,0.205163302946572,0.133195018386505));
#4558=CARTESIAN_POINT('',(-0.0104408235174253,0.205138972563576,0.134055649319011));
#4559=CARTESIAN_POINT('',(-0.0112692719872042,0.20512365508962,0.134930070260599));
#4560=CARTESIAN_POINT('',(-0.00875748688689571,0.205193419781803,0.132332761522274));
#4561=CARTESIAN_POINT('',(-0.00875749150479378,0.202193785881422,0.132332847963127));
#4562=CARTESIAN_POINT('',(-0.0087574905220013,0.203193663848588,0.132332831211725));
#4563=CARTESIAN_POINT('',(-0.00875748487960806,0.204193541814292,0.132332764328216));
#4564=CARTESIAN_POINT('',(-0.00875748688689573,0.205193419781804,0.132332761522274));
#4565=CARTESIAN_POINT('',(-0.00875749150479379,0.202193785881422,0.132332847963127));
#4566=CARTESIAN_POINT('',(-0.00224418641521555,0.202193785881421,0.124870148789415));
#4567=CARTESIAN_POINT('',(-0.00318121496653041,0.202193785881421,0.126243559484429));
#4568=CARTESIAN_POINT('',(-0.00530144574456176,0.202193785881421,0.128775525067518));
#4569=CARTESIAN_POINT('',(-0.0076032619276932,0.202193785881421,0.131149006285138));
#4570=CARTESIAN_POINT('',(-0.00875749150479377,0.202193785881421,0.132332847963127));
#4571=CARTESIAN_POINT('',(-0.00224418641521552,0.202193785881422,0.124870148789415));
#4572=CARTESIAN_POINT('',(-0.00224418484649472,0.205526384277638,0.12487011019881));
#4573=CARTESIAN_POINT('',(-0.00224418415973736,0.204415518145433,0.124870111733258));
#4574=CARTESIAN_POINT('',(-0.00224418636727587,0.203304652013573,0.124870142804973));
#4575=CARTESIAN_POINT('',(-0.00224418641521553,0.202193785881422,0.124870148789415));
#4576=CARTESIAN_POINT('',(-0.00224418484649471,0.205526384277639,0.12487011019881));
#4577=CARTESIAN_POINT('',(-0.000293711643385164,0.205652098880658,0.121159369234539));
#4578=CARTESIAN_POINT('',(-0.000757438219121292,0.205620481529699,0.122485243142251));
#4579=CARTESIAN_POINT('',(-0.00145369118066338,0.205574664793862,0.12371148458669));
#4580=CARTESIAN_POINT('',(-0.00224418484649471,0.205526384277639,0.12487011019881));
#4581=CARTESIAN_POINT('',(-0.000293711644753945,0.205655519186467,0.121159369234539));
#4582=CARTESIAN_POINT('',(-0.00331098049909753,0.205468263009486,0.12978625895127));
#4583=CARTESIAN_POINT('',(-0.0265113382421451,0.204115894694843,0.142863836692712));
#4584=CARTESIAN_POINT('',(-0.0125055632368845,0.207625259813954,0.15554786703987));
#4585=CARTESIAN_POINT('',(-0.00749493898058794,0.208737046827349,0.160320773069772));
#4586=CARTESIAN_POINT('',(-0.00196037831142061,0.205655519186467,0.121159369234539));
#4587=CARTESIAN_POINT('',(-0.0049776471657642,0.205468263009486,0.12978625895127));
#4588=CARTESIAN_POINT('',(-0.0281780049088118,0.204115894694843,0.142863836692712));
#4589=CARTESIAN_POINT('',(-0.0141722299035512,0.207625259813954,0.15554786703987));
#4590=CARTESIAN_POINT('',(-0.00916160564725461,0.208737046827349,0.160320773069772));
#4591=CARTESIAN_POINT('',(-0.00362704497808729,0.205655519186467,0.121159369234539));
#4592=CARTESIAN_POINT('',(-0.00664431383243087,0.205468263009486,0.12978625895127));
#4593=CARTESIAN_POINT('',(-0.0298446715754784,0.204115894694843,0.142863836692712));
#4594=CARTESIAN_POINT('',(-0.0158388965702178,0.207625259813954,0.15554786703987));
#4595=CARTESIAN_POINT('',(-0.0108282723139213,0.208737046827349,0.160320773069772));
#4596=CARTESIAN_POINT('',(-0.00529371164475395,0.205655519186467,0.121159369234539));
#4597=CARTESIAN_POINT('',(-0.00831098049909754,0.205468263009486,0.12978625895127));
#4598=CARTESIAN_POINT('',(-0.0315113382421451,0.204115894694843,0.142863836692712));
#4599=CARTESIAN_POINT('',(-0.0175055632368845,0.207625259813954,0.15554786703987));
#4600=CARTESIAN_POINT('',(-0.012494938980588,0.208737046827349,0.160320773069772));
#4601=CARTESIAN_POINT('',(-0.00279371164475392,0.205655519186467,0.121159369234539));
#4602=CARTESIAN_POINT('',(-0.0105046038943569,0.208048458457848,0.157441193913501));
#4603=CARTESIAN_POINT('',(-0.0112399843602257,0.208264405073646,0.158330550529726));
#4604=CARTESIAN_POINT('',(-0.0119894636930482,0.20847673674853,0.159208998494141));
#4605=CARTESIAN_POINT('',(-0.012736600303846,0.208683308773588,0.160090744319757));
#4606=CARTESIAN_POINT('',(-0.00202242380243008,0.206926832422342,0.152680224780084));
#4607=CARTESIAN_POINT('',(-0.000188746307914697,0.207486263243909,0.155150634772404));
#4608=CARTESIAN_POINT('',(0.0023413050799417,0.208118196275581,0.157627295486096));
#4609=CARTESIAN_POINT('',(0.00484173825078328,0.20870055660583,0.160123678539287));
#4610=CARTESIAN_POINT('',(-0.00202242380243008,0.206483645085444,0.15268022448825));
#4611=CARTESIAN_POINT('',(-0.000188746307914697,0.207019774884135,0.15515063436886));
#4612=CARTESIAN_POINT('',(0.0023413050799417,0.207625387081381,0.157627294981115));
#4613=CARTESIAN_POINT('',(0.00484173825078328,0.208183491344831,0.160123677987549));
#4614=CARTESIAN_POINT('',(-0.00202242380243008,0.206040457748546,0.152680198477865));
#4615=CARTESIAN_POINT('',(-0.000188746307914697,0.206553286524361,0.155150597733992));
#4616=CARTESIAN_POINT('',(0.0023413050799417,0.207132577887181,0.157627248125428));
#4617=CARTESIAN_POINT('',(0.00484173825078328,0.207666426083832,0.16012362607087));
#4618=CARTESIAN_POINT('',(-0.00202242380243008,0.205154083074751,0.152680140021438));
#4619=CARTESIAN_POINT('',(-0.000188746307914697,0.205620309804813,0.155150515425576));
#4620=CARTESIAN_POINT('',(0.0023413050799417,0.206146959498782,0.157627142891967));
#4621=CARTESIAN_POINT('',(0.00484173825078328,0.206632295561834,0.160123509497657));
#4622=CARTESIAN_POINT('',(-0.00202242380243008,0.204710895737854,0.152680107405715));
#4623=CARTESIAN_POINT('',(-0.000188746307914697,0.205153821445039,0.155150469512319));
#4624=CARTESIAN_POINT('',(0.0023413050799417,0.205654150304582,0.15762708420654));
#4625=CARTESIAN_POINT('',(0.00484173825078328,0.206115230300836,0.160123444499492));
#4626=CARTESIAN_POINT('',(-0.00202242380243008,0.203824521064058,0.152680057934295));
#4627=CARTESIAN_POINT('',(-0.000188746307914697,0.204220844725492,0.155150399853304));
#4628=CARTESIAN_POINT('',(0.0023413050799417,0.204668531916182,0.157626995143052));
#4629=CARTESIAN_POINT('',(0.00484173825078328,0.205081099778838,0.160123345836866));
#4630=CARTESIAN_POINT('',(-0.00202242380243008,0.203381333727161,0.152680040616492));
#4631=CARTESIAN_POINT('',(-0.000188746307914697,0.203754356365718,0.15515037547147));
#4632=CARTESIAN_POINT('',(0.0023413050799417,0.204175722721982,0.157626963973446));
#4633=CARTESIAN_POINT('',(0.00484173825078328,0.204564034517839,0.160123311310726));
#4634=CARTESIAN_POINT('',(-0.00202242380243008,0.202494959053365,0.152680026426463));
#4635=CARTESIAN_POINT('',(-0.000188746307914697,0.20282137964617,0.155150355501468));
#4636=CARTESIAN_POINT('',(0.0023413050799417,0.203190104333583,0.157626938456137));
#4637=CARTESIAN_POINT('',(0.00484173825078328,0.203529903995842,0.160123283054104));
#4638=CARTESIAN_POINT('',(-0.00202242380243008,0.202051771716468,0.152680029028992));
#4639=CARTESIAN_POINT('',(-0.000188746307914697,0.202354891286396,0.155150359171285));
#4640=CARTESIAN_POINT('',(0.0023413050799417,0.202697295139383,0.157626943156095));
#4641=CARTESIAN_POINT('',(0.00484173825078328,0.203012838734843,0.160123288266112));
#4642=CARTESIAN_POINT('',(-0.00202242380243008,0.201512568868265,0.152680042077707));
#4643=CARTESIAN_POINT('',(-0.000188746307914697,0.201787339302614,0.155150377526136));
#4644=CARTESIAN_POINT('',(0.0023413050799417,0.202097719973285,0.157626966596271));
#4645=CARTESIAN_POINT('',(0.00484173825078328,0.202383752481186,0.160123314213302));
#4646=CARTESIAN_POINT('',(-0.00202242380243008,0.201416553356961,0.152680044739109));
#4647=CARTESIAN_POINT('',(-0.000188746307914697,0.201686275678606,0.155150381270847));
#4648=CARTESIAN_POINT('',(0.0023413050799417,0.201990954001387,0.157626971380079));
#4649=CARTESIAN_POINT('',(0.00484173825078328,0.202271731488528,0.160123319509878));
#4650=CARTESIAN_POINT('',(-0.00202242380243008,0.201320537845656,0.152680047691848));
#4651=CARTESIAN_POINT('',(-0.000188746307914696,0.201585212054598,0.1551503854263));
#4652=CARTESIAN_POINT('',(0.0023413050799417,0.201884188029489,0.157626976689821));
#4653=CARTESIAN_POINT('',(0.00484173825078328,0.20215971049587,0.160123325389612));
#4654=CARTESIAN_POINT('',(0.00479726117094623,0.202193785881421,0.160078923990838));
#4655=CARTESIAN_POINT('',(0.00361553391734447,0.202193785881421,0.158899384602061));
#4656=CARTESIAN_POINT('',(0.00124202585930831,0.202193785881422,0.156550046629427));
#4657=CARTESIAN_POINT('',(-0.000991100719461445,0.202193785881421,0.154063360105007));
#4658=CARTESIAN_POINT('',(-0.00198973543978665,0.202193785881421,0.152723970190433));
#4659=CARTESIAN_POINT('',(0.00479726117094624,0.202193785881421,0.160078923990838));
#4660=CARTESIAN_POINT('',(-0.00198973543978667,0.202193785881422,0.152723970190433));
#4661=CARTESIAN_POINT('',(0.00479726117094621,0.202193785881421,0.160078923990838));
#4662=CARTESIAN_POINT('',(0.0047972610240171,0.204359254950244,0.160078812924864));
#4663=CARTESIAN_POINT('',(0.00479725806880641,0.206524723997702,0.160079273140641));
#4664=CARTESIAN_POINT('',(0.00479726057739306,0.208690193077582,0.160079277953702));
#4665=CARTESIAN_POINT('',(0.00479726057739301,0.208690193077582,0.160079277953702));
#4666=CARTESIAN_POINT('',(0.0132731704812725,0.205689880249549,0.118159369234539));
#4667=CARTESIAN_POINT('',(0.0132731704812725,0.205689880249549,0.12785258016342));
#4668=CARTESIAN_POINT('',(-0.0230500860427343,0.203231409025249,0.146238886723568));
#4669=CARTESIAN_POINT('',(0.0138231704812735,0.210651709768278,0.164311375349271));
#4670=CARTESIAN_POINT('',(0.0138231704812736,0.210651709768278,0.173995830878937));
#4671=CARTESIAN_POINT('',(-0.00198973459676625,0.206936790729103,0.152724167022174));
#4672=CARTESIAN_POINT('',(-0.0019897354397867,0.202193785881422,0.152723970190433));
#4673=CARTESIAN_POINT('',(-0.00198973576725664,0.203774787499124,0.152723957750443));
#4674=CARTESIAN_POINT('',(-0.00198973602047156,0.205355789109248,0.152724164065435));
#4675=CARTESIAN_POINT('',(-0.00198973459676619,0.206936790729103,0.152724167022174));
#4676=CARTESIAN_POINT('',(0.00721351589100283,0.20215745454509,0.157485135390613));
#4677=CARTESIAN_POINT('',(0.00721353496485182,0.208091593408452,0.157485730552169));
#4678=CARTESIAN_POINT('',(0.00563032549694505,0.202157621897503,0.155867266931195));
#4679=CARTESIAN_POINT('',(0.00563034457079404,0.208091760760864,0.155867862092751));
#4680=CARTESIAN_POINT('',(0.00329900594569863,0.202157877813889,0.153390386936058));
#4681=CARTESIAN_POINT('',(0.00329902501954762,0.20809201667725,0.153390982097614));
#4682=CARTESIAN_POINT('',(0.000890502857114854,0.202158273714685,0.149520180511377));
#4683=CARTESIAN_POINT('',(0.000890521930963845,0.208092412578047,0.149520775672933));
#4684=CARTESIAN_POINT('',(0.000273084222032737,0.202158496767391,0.147315992479015));
#4685=CARTESIAN_POINT('',(0.000273103295881728,0.208092635630753,0.147316587640571));
#4686=CARTESIAN_POINT('',(0.000249393776983943,0.202158611431611,0.146173476587427));
#4687=CARTESIAN_POINT('',(0.000249412850832934,0.208092750294972,0.146174071748983));
#4688=CARTESIAN_POINT('',(0.000251531907189027,0.202193785881422,0.146255087767657));
#4689=CARTESIAN_POINT('',(0.000287635355204632,0.202193785881422,0.147388229519123));
#4690=CARTESIAN_POINT('',(0.000917145044909247,0.202193785881421,0.149563408836987));
#4691=CARTESIAN_POINT('',(0.00328483998470473,0.202193785881421,0.153364860790582));
#4692=CARTESIAN_POINT('',(0.00559257599669213,0.202193785881421,0.155826621431981));
#4693=CARTESIAN_POINT('',(0.00715712770982401,0.202193785881421,0.157427656068397));
#4694=CARTESIAN_POINT('',(0.000251531908633431,0.202193785881422,0.146255083807687));
#4695=CARTESIAN_POINT('',(0.00715712770982398,0.202193785881422,0.157427656068398));
#4696=CARTESIAN_POINT('',(0.000251531881113643,0.205714127646464,0.146255084154999));
#4697=CARTESIAN_POINT('',(0.000251531888541447,0.204540680391451,0.146255085167977));
#4698=CARTESIAN_POINT('',(0.000251531928883468,0.203367233136438,0.146255087117482));
#4699=CARTESIAN_POINT('',(0.000251531938747178,0.202193785881425,0.146255088014254));
#4700=CARTESIAN_POINT('',(0.000251531907307125,0.205714127646467,0.146255087814107));
#4701=CARTESIAN_POINT('',(0.0182731704812725,0.205689880249549,0.118159369234539));
#4702=CARTESIAN_POINT('',(0.0182731704812725,0.205689880249549,0.12785258016342));
#4703=CARTESIAN_POINT('',(-0.0180500860427343,0.203231409025249,0.146238886723568));
#4704=CARTESIAN_POINT('',(0.0188231704812735,0.210651709768278,0.164311375349271));
#4705=CARTESIAN_POINT('',(0.0188231704812735,0.210651709768278,0.173995830878937));
#4706=CARTESIAN_POINT('',(0.00715712770210199,0.208056416740613,0.157427974164854));
#4707=CARTESIAN_POINT('',(0.00715712770210199,0.208056416740613,0.157427974164854));
#4708=CARTESIAN_POINT('',(0.007157125217408,0.206102206451566,0.157427969701442));
#4709=CARTESIAN_POINT('',(0.00715712729856608,0.204147996172466,0.15742758398635));
#4710=CARTESIAN_POINT('',(0.00715712770982395,0.202193785881422,0.157427656068397));
#4711=CARTESIAN_POINT('',(0.000249392566661329,0.205702743389513,0.146172322924585));
#4712=CARTESIAN_POINT('',(0.000341644295495239,0.206339017427684,0.150825665496725));
#4713=CARTESIAN_POINT('',(0.00517067128907895,0.207613484372955,0.155459170007634));
#4714=CARTESIAN_POINT('',(0.00988105358024128,0.208709709784136,0.160162934356063));
#4715=CARTESIAN_POINT('',(-0.00141727410000532,0.205702743389513,0.146172322924585));
#4716=CARTESIAN_POINT('',(-0.00132502237117141,0.206339017427684,0.150825665496725));
#4717=CARTESIAN_POINT('',(0.0035040046224123,0.207613484372955,0.155459170007634));
#4718=CARTESIAN_POINT('',(0.00821438691357463,0.208709709784136,0.160162934356063));
#4719=CARTESIAN_POINT('',(-0.003083940766672,0.205702743389513,0.146172322924585));
#4720=CARTESIAN_POINT('',(-0.00299168903783809,0.206339017427684,0.150825665496725));
#4721=CARTESIAN_POINT('',(0.00183733795574563,0.207613484372955,0.155459170007634));
#4722=CARTESIAN_POINT('',(0.00654772024690797,0.208709709784136,0.160162934356063));
#4723=CARTESIAN_POINT('',(-0.00475060743333865,0.205702743389513,0.146172322924585));
#4724=CARTESIAN_POINT('',(-0.00465835570450474,0.206339017427684,0.150825665496725));
#4725=CARTESIAN_POINT('',(0.000170671289078978,0.207613484372955,0.155459170007634));
#4726=CARTESIAN_POINT('',(0.00488105358024132,0.208709709784136,0.160162934356063));
#4727=CARTESIAN_POINT('',(-0.00198973459676621,0.206936790729103,0.152724167022174));
#4728=CARTESIAN_POINT('',(-0.00137418752368421,0.206714432199236,0.151743715864989));
#4729=CARTESIAN_POINT('',(-0.0002662692795034,0.206269909279004,0.149690805518752));
#4730=CARTESIAN_POINT('',(0.000259943078268708,0.205876693009897,0.147430017154383));
#4731=CARTESIAN_POINT('',(0.000251531907307112,0.205714127646468,0.146255087814107));
#4732=CARTESIAN_POINT('',(0.00479726057739307,0.208690193077582,0.160079277953703));
#4733=CARTESIAN_POINT('',(0.00558707078889241,0.208484171491197,0.159197099164884));
#4734=CARTESIAN_POINT('',(0.00637923566800691,0.208272296271768,0.158318353669365));
#4735=CARTESIAN_POINT('',(0.00715712770210202,0.208056416740613,0.157427974164854));
#4736=CARTESIAN_POINT('',(-0.0022777653467802,0.202173032761363,0.124821020158955));
#4737=CARTESIAN_POINT('',(-0.00227790945723366,0.205546379807462,0.124820807308815));
#4738=CARTESIAN_POINT('',(-0.0013352243659252,0.202173160241446,0.126203232255735));
#4739=CARTESIAN_POINT('',(-0.00133536847637867,0.205546507287545,0.126203019405595));
#4740=CARTESIAN_POINT('',(0.000814902171304539,0.202173413905811,0.128767795408594));
#4741=CARTESIAN_POINT('',(0.000814758060851077,0.205546760951909,0.128767582558454));
#4742=CARTESIAN_POINT('',(0.00314182378233692,0.202173664846711,0.131169337409012));
#4743=CARTESIAN_POINT('',(0.00314167967188346,0.20554701189281,0.131169124558872));
#4744=CARTESIAN_POINT('',(0.00430601683212009,0.202173790274214,0.132368951868401));
#4745=CARTESIAN_POINT('',(0.00430587272166662,0.205547137320312,0.132368739018261));
#4746=CARTESIAN_POINT('',(0.00426447829969508,0.202193785881421,0.132326166246915));
#4747=CARTESIAN_POINT('',(0.00311410125399211,0.202193785881421,0.131140724711693));
#4748=CARTESIAN_POINT('',(0.000816622223582738,0.202193785881421,0.128766984530162));
#4749=CARTESIAN_POINT('',(-0.0013051380508528,0.202193785881421,0.126239950102692));
#4750=CARTESIAN_POINT('',(-0.00224418641521546,0.202193785881421,0.124870148789415));
#4751=CARTESIAN_POINT('',(0.00426447829969509,0.202193785881421,0.132326166246915));
#4752=CARTESIAN_POINT('',(0.00426448056538868,0.205205629726076,0.132326079516562));
#4753=CARTESIAN_POINT('',(0.00426448124247218,0.204201681777199,0.132326080924379));
#4754=CARTESIAN_POINT('',(0.00426447895827411,0.203197733829935,0.132326149736));
#4755=CARTESIAN_POINT('',(0.00426447829969514,0.202193785881421,0.132326166246915));
#4756=CARTESIAN_POINT('',(0.00426448056538871,0.205205629726076,0.132326079516562));
#4757=CARTESIAN_POINT('',(-0.00475182951872773,0.205689880249549,0.118159369234539));
#4758=CARTESIAN_POINT('',(-0.00475182951872766,0.205689880249549,0.127772587132227));
#4759=CARTESIAN_POINT('',(0.0305480858967098,0.203149777952673,0.145687065540337));
#4760=CARTESIAN_POINT('',(-0.00327682951872645,0.210651709768278,0.164302361743191));
#4761=CARTESIAN_POINT('',(-0.00327682951872644,0.210651709768278,0.173995830878937));
#4762=CARTESIAN_POINT('',(-0.00420613884486027,0.186927633768018,0.121159369234539));
#4763=CARTESIAN_POINT('',(-0.00286633576662708,0.187018294006346,0.124964011649508));
#4764=CARTESIAN_POINT('',(0.000738331191092469,0.187250087523986,0.128692717739203));
#4765=CARTESIAN_POINT('',(0.00432872334178909,0.187376038512074,0.132392274725362));
#4766=CARTESIAN_POINT('',(-0.0025394721781936,0.186927633768018,0.121159369234539));
#4767=CARTESIAN_POINT('',(-0.00119966909996041,0.187018294006346,0.124964011649508));
#4768=CARTESIAN_POINT('',(0.00240499785775914,0.187250087523986,0.128692717739203));
#4769=CARTESIAN_POINT('',(0.00599539000845576,0.187376038512074,0.132392274725362));
#4770=CARTESIAN_POINT('',(-0.00087280551152693,0.186927633768018,0.121159369234539));
#4771=CARTESIAN_POINT('',(0.000466997566706253,0.187018294006346,0.124964011649508));
#4772=CARTESIAN_POINT('',(0.0040716645244258,0.187250087523986,0.128692717739203));
#4773=CARTESIAN_POINT('',(0.00766205667512242,0.187376038512074,0.132392274725362));
#4774=CARTESIAN_POINT('',(0.000793861155139736,0.186927633768018,0.121159369234539));
#4775=CARTESIAN_POINT('',(0.00213366423337292,0.187018294006346,0.124964011649508));
#4776=CARTESIAN_POINT('',(0.00573833119109246,0.187250087523986,0.128692717739203));
#4777=CARTESIAN_POINT('',(0.00932872334178909,0.187376038512074,0.132392274725362));
#4778=CARTESIAN_POINT('',(0.000803861381144886,0.186927633768018,0.121159369234539));
#4779=CARTESIAN_POINT('',(0.00214366445937807,0.187018294006346,0.124964011649508));
#4780=CARTESIAN_POINT('',(0.00574833141709761,0.187250087523986,0.128692717739203));
#4781=CARTESIAN_POINT('',(0.00933872356779424,0.187376038512074,0.132392274725362));
#4782=CARTESIAN_POINT('',(0.000813861607150036,0.186927633768018,0.121159369234539));
#4783=CARTESIAN_POINT('',(0.00215366468538322,0.187018294006346,0.124964011649508));
#4784=CARTESIAN_POINT('',(0.00575833164310276,0.187250087523986,0.128692717739203));
#4785=CARTESIAN_POINT('',(0.00934872379379939,0.187376038512074,0.132392274725362));
#4786=CARTESIAN_POINT('',(0.000823861833155186,0.186927633768018,0.121159369234539));
#4787=CARTESIAN_POINT('',(0.00216366491138837,0.187018294006346,0.124964011649508));
#4788=CARTESIAN_POINT('',(0.00576833186910791,0.187250087523986,0.128692717739203));
#4789=CARTESIAN_POINT('',(0.00935872401980453,0.187376038512074,0.132392274725362));
#4790=CARTESIAN_POINT('',(-0.00170613884486026,0.186927633768019,0.121159369234539));
#4791=CARTESIAN_POINT('',(0.000793861155139812,0.186927633768019,0.121159369234539));
#4792=CARTESIAN_POINT('',(0.000248170481272275,0.186889880249555,0.118159369234539));
#4793=CARTESIAN_POINT('',(0.000248170481272344,0.186889880249555,0.12777258608237));
#4794=CARTESIAN_POINT('',(0.0355480858967097,0.189428109380616,0.145687053409771));
#4795=CARTESIAN_POINT('',(0.00172317048127355,0.181931709768278,0.164302386440507));
#4796=CARTESIAN_POINT('',(0.00172317048127356,0.181931709768278,0.173995830878937));
#4797=CARTESIAN_POINT('',(0.00676728067408747,0.187270225104026,0.129717119035703));
#4798=CARTESIAN_POINT('',(0.00426447951828567,0.187373773673219,0.132326075609655));
#4799=CARTESIAN_POINT('',(0.00510539345707216,0.187344087875019,0.131462627634137));
#4800=CARTESIAN_POINT('',(0.00594506998880821,0.187308764184187,0.130598064451658));
#4801=CARTESIAN_POINT('',(0.00676728635794141,0.187270225339062,0.129717124408269));
#4802=CARTESIAN_POINT('',(0.00682292757990559,0.186777072445515,0.129776737044457));
#4803=CARTESIAN_POINT('',(0.00682292757990559,0.205802672914404,0.12977674982047));
#4804=CARTESIAN_POINT('',(0.00525892824349467,0.186777073569835,0.128102439106544));
#4805=CARTESIAN_POINT('',(0.00525892824349467,0.205802674038723,0.128102451882557));
#4806=CARTESIAN_POINT('',(0.00297161641400356,0.186777075309377,0.125511972723201));
#4807=CARTESIAN_POINT('',(0.00297161641400356,0.205802675778266,0.125511985499215));
#4808=CARTESIAN_POINT('',(0.000743283592197647,0.186777078002264,0.121501816864182));
#4809=CARTESIAN_POINT('',(0.000743283592197647,0.205802678471153,0.121501829640196));
#4810=CARTESIAN_POINT('',(0.000237008395456166,0.186777079525719,0.119233141343247));
#4811=CARTESIAN_POINT('',(0.000237008395456166,0.205802679994607,0.11923315411926));
#4812=CARTESIAN_POINT('',(0.00024858973378327,0.186777080301979,0.118077161523413));
#4813=CARTESIAN_POINT('',(0.00024858973378327,0.205802680770867,0.118077174299427));
#4814=CARTESIAN_POINT('',(0.000248170481272274,0.186889880249555,0.118159369234539));
#4815=CARTESIAN_POINT('',(0.000248170481272281,0.186889880249555,0.119182144465442));
#4816=CARTESIAN_POINT('',(0.000454378884744868,0.186905099839576,0.120195340515596));
#4817=CARTESIAN_POINT('',(0.000793861155043898,0.186928734385741,0.121159369234539));
#4818=CARTESIAN_POINT('',(0.000793861155043863,0.186928734385741,0.121159369234539));
#4819=CARTESIAN_POINT('',(0.000793860993107288,0.205650997451574,0.121159369234539));
#4820=CARTESIAN_POINT('',(0.000454352145942599,0.205674651291118,0.120195264727837));
#4821=CARTESIAN_POINT('',(0.00024817048127228,0.205689880249549,0.119182334639035));
#4822=CARTESIAN_POINT('',(0.000248170481272273,0.205689880249549,0.118159369234539));
#4823=CARTESIAN_POINT('',(0.00079386099310727,0.205650997451574,0.121159369234539));
#4824=CARTESIAN_POINT('',(0.000793853300178975,0.205652098880656,0.121159369234539));
#4825=CARTESIAN_POINT('',(0.000793853300265797,0.205651731737628,0.121159369234539));
#4826=CARTESIAN_POINT('',(0.000793853300352617,0.2056513645946,0.121159369234539));
#4827=CARTESIAN_POINT('',(0.000793853300439439,0.205650997451572,0.121159369234539));
#4828=CARTESIAN_POINT('',(0.00079386099320324,0.205652098880658,0.121159369234539));
#4829=CARTESIAN_POINT('',(0.000248170481272273,0.205689880249549,0.118159369234539));
#4830=CARTESIAN_POINT('',(0.000248170481272343,0.205689880249549,0.127772587132227));
#4831=CARTESIAN_POINT('',(0.0355480858967097,0.203149777952673,0.145687065540337));
#4832=CARTESIAN_POINT('',(0.00172317048127355,0.210651709768278,0.164302361743191));
#4833=CARTESIAN_POINT('',(0.00172317048127356,0.210651709768278,0.173995830878937));
#4834=CARTESIAN_POINT('',(0.0067672805683337,0.205309254712625,0.129717121343775));
#4835=CARTESIAN_POINT('',(0.00676727851188028,0.202193785881421,0.129717194531767));
#4836=CARTESIAN_POINT('',(0.00676727902352169,0.203232275491857,0.129717181634796));
#4837=CARTESIAN_POINT('',(0.0067672810082745,0.204270765102153,0.129717122511263));
#4838=CARTESIAN_POINT('',(0.00676728056833371,0.205309254712625,0.129717121343775));
#4839=CARTESIAN_POINT('',(0.00676727851188024,0.202193785881421,0.129717194531767));
#4840=CARTESIAN_POINT('',(0.000793855739502274,0.202193785881421,0.121159369234539));
#4841=CARTESIAN_POINT('',(0.00138154995500251,0.202193785881421,0.122828264352911));
#4842=CARTESIAN_POINT('',(0.00324195503038981,0.202193785881421,0.125795380315198));
#4843=CARTESIAN_POINT('',(0.00557080795970057,0.202193785881421,0.128434098817514));
#4844=CARTESIAN_POINT('',(0.00676727851188016,0.202193785881421,0.129717194531767));
#4845=CARTESIAN_POINT('',(0.000793855739502303,0.202193785881422,0.121159369234539));
#4846=CARTESIAN_POINT('',(0.000793856334080214,0.190385974617683,0.121159369071957));
#4847=CARTESIAN_POINT('',(0.000793855403306914,0.194321911705596,0.121159369071957));
#4848=CARTESIAN_POINT('',(0.000793855048772395,0.198257848793508,0.121159369234539));
#4849=CARTESIAN_POINT('',(0.00079385411800122,0.202193785881421,0.121159369234539));
#4850=CARTESIAN_POINT('',(0.000793855872351534,0.190385974617683,0.121159369234539));
#4851=CARTESIAN_POINT('',(0.000793855872351538,0.190385974617683,0.121159369234539));
#4852=CARTESIAN_POINT('',(0.00138155013953022,0.190385974617683,0.122828264047919));
#4853=CARTESIAN_POINT('',(0.00324195525639652,0.190385974617683,0.125795379349677));
#4854=CARTESIAN_POINT('',(0.00557080811499286,0.190385974617683,0.128434097189378));
#4855=CARTESIAN_POINT('',(0.00676727860203235,0.190385974617683,0.129717192594258));
#4856=CARTESIAN_POINT('',(0.00676727860203238,0.190385974617683,0.129717192594258));
#4857=CARTESIAN_POINT('',(0.00676728067408748,0.187270225104026,0.129717119035703));
#4858=CARTESIAN_POINT('',(0.00676728111457192,0.188308808275715,0.129717120203837));
#4859=CARTESIAN_POINT('',(0.00676727912375914,0.189347391446235,0.129717179473123));
#4860=CARTESIAN_POINT('',(0.00676727860203238,0.190385974617683,0.129717192594258));
#4861=CARTESIAN_POINT('',(0.000793857728149426,0.186927633768018,0.121159369234539));
#4862=CARTESIAN_POINT('',(0.000793857728062667,0.186928000640592,0.121159369234539));
#4863=CARTESIAN_POINT('',(0.000793857727975909,0.186928367513166,0.121159369234539));
#4864=CARTESIAN_POINT('',(0.000793857727889151,0.18692873438574,0.121159369234539));
#4865=CARTESIAN_POINT('',(0.000793860993203247,0.205652098880658,0.121159369234539));
#4866=CARTESIAN_POINT('',(0.00213366392728388,0.205561371745548,0.124964012492559));
#4867=CARTESIAN_POINT('',(0.00573833096231115,0.205329407159351,0.128692719867022));
#4868=CARTESIAN_POINT('',(0.00932872321609484,0.205203363215701,0.132392277505502));
#4869=CARTESIAN_POINT('',(-0.000872805673463419,0.205652098880658,0.121159369234539));
#4870=CARTESIAN_POINT('',(0.00046699726061722,0.205561371745548,0.124964012492559));
#4871=CARTESIAN_POINT('',(0.00407166429564448,0.205329407159351,0.128692719867022));
#4872=CARTESIAN_POINT('',(0.00766205654942817,0.205203363215701,0.132392277505502));
#4873=CARTESIAN_POINT('',(-0.00253947234013009,0.205652098880658,0.121159369234539));
#4874=CARTESIAN_POINT('',(-0.00119966940604945,0.205561371745548,0.124964012492559));
#4875=CARTESIAN_POINT('',(0.00240499762897781,0.205329407159351,0.128692719867022));
#4876=CARTESIAN_POINT('',(0.0059953898827615,0.205203363215701,0.132392277505502));
#4877=CARTESIAN_POINT('',(-0.00420613900679676,0.205652098880658,0.121159369234539));
#4878=CARTESIAN_POINT('',(-0.00286633607271612,0.205561371745548,0.124964012492559));
#4879=CARTESIAN_POINT('',(0.000738330962311151,0.205329407159351,0.128692719867022));
#4880=CARTESIAN_POINT('',(0.00432872321609484,0.205203363215701,0.132392277505502));
#4881=CARTESIAN_POINT('',(-0.00170613900679676,0.205652098880658,0.121159369234539));
#4882=CARTESIAN_POINT('',(0.00676728056833371,0.205309254712625,0.129717121343775));
#4883=CARTESIAN_POINT('',(0.00594505285898003,0.20527068784369,0.130598051807254));
#4884=CARTESIAN_POINT('',(0.00510539326344381,0.205235337503949,0.131462629332761));
#4885=CARTESIAN_POINT('',(0.00426448056538871,0.205205629726076,0.132326079516562));
#4886=CARTESIAN_POINT('',(0.0182731704812722,0.196289880249552,0.0913051841737773));
#4887=CARTESIAN_POINT('',(0.0222731704812722,0.196289880249552,0.0913051841737773));
#4888=CARTESIAN_POINT('',(0.0222731704812722,0.192764880249549,0.0913051841737773));
#4889=CARTESIAN_POINT('',(-0.00225182951872792,0.196289880249549,0.113159369234539));
#4890=CARTESIAN_POINT('',(0.0162711704812724,0.208689880249555,0.113159369234539));
#4891=CARTESIAN_POINT('',(0.0162711704812724,0.183889880249549,0.113159369234539));
#4892=CARTESIAN_POINT('',(-0.00782258494657524,0.208664131278332,0.160008965279408));
#4893=CARTESIAN_POINT('',(-0.00301654784973321,0.20973689114987,0.164579162726697));
#4894=CARTESIAN_POINT('',(0.00172317048127355,0.210651709768278,0.169206536219949));
#4895=CARTESIAN_POINT('',(0.00172317048127356,0.210651709768278,0.173995830878937));
#4896=CARTESIAN_POINT('',(-0.00948925161324191,0.208664131278332,0.160008965279408));
#4897=CARTESIAN_POINT('',(-0.00468321451639988,0.20973689114987,0.164579162726697));
#4898=CARTESIAN_POINT('',(5.65038146068885E-5,0.210651709768278,0.169206536219949));
#4899=CARTESIAN_POINT('',(5.65038146068903E-5,0.210651709768278,0.173995830878937));
#4900=CARTESIAN_POINT('',(-0.0111559182799086,0.208664131278332,0.160008965279408));
#4901=CARTESIAN_POINT('',(-0.00634988118306655,0.20973689114987,0.164579162726697));
#4902=CARTESIAN_POINT('',(-0.00161016285205978,0.210651709768278,0.169206536219949));
#4903=CARTESIAN_POINT('',(-0.00161016285205978,0.210651709768278,0.173995830878937));
#4904=CARTESIAN_POINT('',(-0.0128225849465753,0.208664131278332,0.160008965279408));
#4905=CARTESIAN_POINT('',(-0.00801654784973322,0.20973689114987,0.164579162726697));
#4906=CARTESIAN_POINT('',(-0.00327682951872645,0.210651709768278,0.169206536219949));
#4907=CARTESIAN_POINT('',(-0.00327682951872644,0.210651709768278,0.173995830878937));
#4908=CARTESIAN_POINT('',(-0.00996788400352299,0.209286281062311,0.162775228334278));
#4909=CARTESIAN_POINT('',(-0.00923759634777237,0.209093091730257,0.161867600293924));
#4910=CARTESIAN_POINT('',(-0.00848807208592209,0.208891079408239,0.160977606370601));
#4911=CARTESIAN_POINT('',(-0.00773660030384582,0.208683308773587,0.160090744319757));
#4912=CARTESIAN_POINT('',(-0.009967884003523,0.20928628106231,0.162775228334278));
#4913=CARTESIAN_POINT('',(-0.00773660030384589,0.208683308773587,0.160090744319757));
#4914=CARTESIAN_POINT('',(-0.00475182951872773,0.205689880249549,0.118159369234539));
#4915=CARTESIAN_POINT('',(-0.00475182951872766,0.205689880249549,0.127888177237098));
#4916=CARTESIAN_POINT('',(-0.0415268890334945,0.203269020723142,0.146499179844872));
#4917=CARTESIAN_POINT('',(-0.00327682951872645,0.210651709768278,0.164316605213654));
#4918=CARTESIAN_POINT('',(-0.00327682951872644,0.210651709768278,0.173995830878937));
#4919=CARTESIAN_POINT('',(-0.000972492705042977,0.210115972326906,0.167285250832746));
#4920=CARTESIAN_POINT('',(-0.00224946520595147,0.210419226425098,0.169312315644419));
#4921=CARTESIAN_POINT('',(-0.00327682951872645,0.210651709768278,0.171567724342924));
#4922=CARTESIAN_POINT('',(-0.00327682951872644,0.210651709768278,0.173995830878937));
#4923=CARTESIAN_POINT('',(-0.000972492705042962,0.210115972326906,0.167285250832746));
#4924=CARTESIAN_POINT('',(0.000248170481272273,0.205689880249549,0.118159369234539));
#4925=CARTESIAN_POINT('',(0.000248170481272344,0.205689880249549,0.127888177237098));
#4926=CARTESIAN_POINT('',(-0.0365268890334945,0.203269020723142,0.146499179844872));
#4927=CARTESIAN_POINT('',(0.00172317048127355,0.210651709768278,0.164316605213654));
#4928=CARTESIAN_POINT('',(0.00172317048127356,0.210651709768278,0.173995830878937));
#4929=CARTESIAN_POINT('',(-0.00778159502424714,0.201534956094155,0.160047631729803));
#4930=CARTESIAN_POINT('',(-0.00525187827734871,0.201774032088962,0.162453559942083));
#4931=CARTESIAN_POINT('',(-0.00274422063467774,0.201994310823485,0.164875443396522));
#4932=CARTESIAN_POINT('',(-0.000940332181517193,0.202149011274927,0.16732858746399));
#4933=CARTESIAN_POINT('',(-0.00778159502424714,0.201850680311918,0.160047610029934));
#4934=CARTESIAN_POINT('',(-0.00525187827734871,0.202104137837052,0.162453536131532));
#4935=CARTESIAN_POINT('',(-0.00274422063467774,0.202337667359482,0.164875419468976));
#4936=CARTESIAN_POINT('',(-0.000940332181517193,0.202501673760841,0.167328567212863));
#4937=CARTESIAN_POINT('',(-0.00778159502424714,0.20216640452968,0.160047591618819));
#4938=CARTESIAN_POINT('',(-0.00525187827734871,0.202434243585142,0.162453515933581));
#4939=CARTESIAN_POINT('',(-0.00274422063467774,0.20268102389548,0.164875399175667));
#4940=CARTESIAN_POINT('',(-0.000940332181517192,0.202854336246756,0.167328550039414));
#4941=CARTESIAN_POINT('',(-0.00778159502424714,0.202998057786109,0.160047557292895));
#4942=CARTESIAN_POINT('',(-0.00525187827734871,0.203303779417111,0.162453478295016));
#4943=CARTESIAN_POINT('',(-0.00274422063467774,0.203585463799718,0.164875361377815));
#4944=CARTESIAN_POINT('',(-0.000940332181517192,0.203783289074353,0.167328518061239));
#4945=CARTESIAN_POINT('',(-0.00778159502424714,0.203513986824776,0.160047552136586));
#4946=CARTESIAN_POINT('',(-0.00525187827734871,0.203843209500991,0.16245347262075));
#4947=CARTESIAN_POINT('',(-0.00274422063467774,0.204146547167958,0.164875355659558));
#4948=CARTESIAN_POINT('',(-0.000940332181517192,0.204359579416036,0.167328513213973));
#4949=CARTESIAN_POINT('',(-0.00778159502424714,0.20454584490211,0.160047580429443));
#4950=CARTESIAN_POINT('',(-0.00525187827734871,0.20492206966875,0.16245350363562));
#4951=CARTESIAN_POINT('',(-0.00274422063467774,0.205268713904439,0.164875386797429));
#4952=CARTESIAN_POINT('',(-0.000940332181517192,0.205512160099402,0.167328539553694));
#4953=CARTESIAN_POINT('',(-0.00778159502424714,0.205061773940777,0.160047614933997));
#4954=CARTESIAN_POINT('',(-0.00525187827734871,0.20546149975263,0.162453541485101));
#4955=CARTESIAN_POINT('',(-0.00274422063467774,0.20582979727268,0.164875424821867));
#4956=CARTESIAN_POINT('',(-0.000940332181517192,0.206088450441085,0.167328571730551));
#4957=CARTESIAN_POINT('',(-0.00778159502424714,0.206093632018111,0.160047713387301));
#4958=CARTESIAN_POINT('',(-0.00525187827734871,0.206540359920389,0.162453649529424));
#4959=CARTESIAN_POINT('',(-0.00274422063467774,0.206951964009161,0.16487553341155));
#4960=CARTESIAN_POINT('',(-0.000940332181517192,0.207241031124451,0.167328663642487));
#4961=CARTESIAN_POINT('',(-0.00778159502424714,0.206609561056778,0.160047778142549));
#4962=CARTESIAN_POINT('',(-0.00525187827734871,0.207079790004269,0.162453720610968));
#4963=CARTESIAN_POINT('',(-0.00274422063467774,0.207513047377402,0.164875604869584));
#4964=CARTESIAN_POINT('',(-0.000940332181517192,0.207817321466134,0.167328724133995));
#4965=CARTESIAN_POINT('',(-0.00778159502424714,0.207641419134112,0.160047894327273));
#4966=CARTESIAN_POINT('',(-0.00525187827734871,0.208158650172028,0.162453848150284));
#4967=CARTESIAN_POINT('',(-0.00274422063467774,0.208635214113882,0.164875733088215));
#4968=CARTESIAN_POINT('',(-0.000940332181517192,0.2089699021495,0.167328832676951));
#4969=CARTESIAN_POINT('',(-0.00778159502424714,0.208157348172779,0.160047946097693));
#4970=CARTESIAN_POINT('',(-0.00525187827734871,0.208698080255908,0.162453904982906));
#4971=CARTESIAN_POINT('',(-0.00274422063467774,0.209196297482123,0.164875790226234));
#4972=CARTESIAN_POINT('',(-0.000940332181517195,0.209546192491183,0.167328881048177));
#4973=CARTESIAN_POINT('',(-0.00778159502424714,0.208673277211446,0.160047946783308));
#4974=CARTESIAN_POINT('',(-0.00525187827734871,0.209237510339787,0.162453905691101));
#4975=CARTESIAN_POINT('',(-0.00274422063467774,0.209757380850364,0.164875790894626));
#4976=CARTESIAN_POINT('',(-0.000940332181517195,0.210122482832866,0.167328881593432));
#4977=CARTESIAN_POINT('',(-0.00773659916016828,0.202193785881421,0.160090390183205));
#4978=CARTESIAN_POINT('',(-0.00654214245280319,0.202193785881421,0.161226620195984));
#4979=CARTESIAN_POINT('',(-0.00416009402337847,0.202193785881421,0.163510499952972));
#4980=CARTESIAN_POINT('',(-0.00195399030101561,0.202193785881421,0.16595651901995));
#4981=CARTESIAN_POINT('',(-0.000972491447573822,0.202193785881421,0.167284954741096));
#4982=CARTESIAN_POINT('',(-0.00773659916016832,0.202193785881422,0.160090390183205));
#4983=CARTESIAN_POINT('',(-0.000972491447573774,0.202193785881422,0.167284954741095));
#4984=CARTESIAN_POINT('',(-0.00773660030384589,0.208683308773587,0.160090744319757));
#4985=CARTESIAN_POINT('',(-0.00773660475742991,0.206520134460283,0.160090737209281));
#4986=CARTESIAN_POINT('',(-0.00773659940535588,0.204356960183013,0.160090279124556));
#4987=CARTESIAN_POINT('',(-0.00773659916016836,0.202193785881422,0.160090390183205));
#4988=CARTESIAN_POINT('',(-0.000972491447573814,0.202193785881421,0.167284954741095));
#4989=CARTESIAN_POINT('',(-0.000972490919634001,0.204834514697303,0.167284805366444));
#4990=CARTESIAN_POINT('',(-0.000972493329158062,0.207475243499118,0.167285247478348));
#4991=CARTESIAN_POINT('',(-0.000972492705042958,0.210115972326906,0.167285250832746));
#4992=CARTESIAN_POINT('',(-0.0128225844898944,0.183917822442133,0.160008976783498));
#4993=CARTESIAN_POINT('',(-0.00801654754948048,0.182845853707537,0.164579176159314));
#4994=CARTESIAN_POINT('',(-0.00327682951872645,0.181931709768278,0.169206547922633));
#4995=CARTESIAN_POINT('',(-0.00327682951872644,0.181931709768278,0.173995830878937));
#4996=CARTESIAN_POINT('',(-0.0111559178232277,0.183917822442133,0.160008976783498));
#4997=CARTESIAN_POINT('',(-0.00634988088281382,0.182845853707537,0.164579176159314));
#4998=CARTESIAN_POINT('',(-0.00161016285205978,0.181931709768278,0.169206547922633));
#4999=CARTESIAN_POINT('',(-0.00161016285205978,0.181931709768278,0.173995830878937));
#5000=CARTESIAN_POINT('',(-0.00948925115656104,0.183917822442133,0.160008976783498));
#5001=CARTESIAN_POINT('',(-0.00468321421614715,0.182845853707537,0.164579176159314));
#5002=CARTESIAN_POINT('',(5.65038146068876E-5,0.181931709768278,0.169206547922633));
#5003=CARTESIAN_POINT('',(5.65038146068894E-5,0.181931709768278,0.173995830878937));
#5004=CARTESIAN_POINT('',(-0.00782258448989438,0.183917822442133,0.160008976783498));
#5005=CARTESIAN_POINT('',(-0.00301654754948049,0.182845853707537,0.164579176159314));
#5006=CARTESIAN_POINT('',(0.00172317048127355,0.181931709768278,0.169206547922633));
#5007=CARTESIAN_POINT('',(0.00172317048127356,0.181931709768278,0.173995830878937));
#5008=CARTESIAN_POINT('',(-0.00773659984997925,0.183898659089864,0.160090755857961));
#5009=CARTESIAN_POINT('',(-0.00848807201070014,0.183691041568497,0.160977618757428));
#5010=CARTESIAN_POINT('',(-0.00923759810309647,0.183489177743903,0.161867615225774));
#5011=CARTESIAN_POINT('',(-0.00996788357385024,0.18329613146485,0.16277524058808));
#5012=CARTESIAN_POINT('',(-0.00996788357385014,0.18329613146485,0.16277524058808));
#5013=CARTESIAN_POINT('',(-0.00475182951872773,0.186889880249555,0.118159369234539));
#5014=CARTESIAN_POINT('',(-0.00475182951872766,0.186889880249555,0.127888176338721));
#5015=CARTESIAN_POINT('',(-0.0415268890334945,0.189308954544196,0.146499168915409));
#5016=CARTESIAN_POINT('',(-0.00327682951872645,0.181931709768278,0.164316628558347));
#5017=CARTESIAN_POINT('',(-0.00327682951872644,0.181931709768278,0.173995830878937));
#5018=CARTESIAN_POINT('',(-0.0100339545831679,0.209272189015111,0.162709127538733));
#5019=CARTESIAN_POINT('',(-0.0063376158439078,0.210060943794079,0.166403035444636));
#5020=CARTESIAN_POINT('',(-0.00327682951872645,0.210651709768278,0.170147150931575));
#5021=CARTESIAN_POINT('',(-0.00327682951872644,0.210651709768278,0.173995830878937));
#5022=CARTESIAN_POINT('',(-0.0100339545831679,0.208731314519204,0.162709126854554));
#5023=CARTESIAN_POINT('',(-0.0063376158439078,0.209487216633571,0.166403034800344));
#5024=CARTESIAN_POINT('',(-0.00327682951872645,0.210053376434945,0.170147150490502));
#5025=CARTESIAN_POINT('',(-0.00327682951872644,0.210053376434945,0.173995830878937));
#5026=CARTESIAN_POINT('',(-0.0100339545831679,0.208190440023297,0.162709071643983));
#5027=CARTESIAN_POINT('',(-0.0063376158439078,0.208913489473063,0.166402978092686));
#5028=CARTESIAN_POINT('',(-0.00327682951872645,0.209455043101611,0.17014710706893));
#5029=CARTESIAN_POINT('',(-0.00327682951872644,0.209455043101611,0.173995830878937));
#5030=CARTESIAN_POINT('',(-0.0100339545831679,0.207108691031484,0.162708947745273));
#5031=CARTESIAN_POINT('',(-0.0063376158439078,0.207766035152047,0.166402850842431));
#5032=CARTESIAN_POINT('',(-0.00327682951872645,0.208258376434945,0.170147009639482));
#5033=CARTESIAN_POINT('',(-0.00327682951872644,0.208258376434945,0.173995830878937));
#5034=CARTESIAN_POINT('',(-0.0100339545831679,0.206567816535577,0.162708878692934));
#5035=CARTESIAN_POINT('',(-0.0063376158439078,0.207192307991539,0.16640277992501));
#5036=CARTESIAN_POINT('',(-0.00327682951872645,0.207660043101611,0.170146955343929));
#5037=CARTESIAN_POINT('',(-0.00327682951872644,0.207660043101611,0.173995830878937));
#5038=CARTESIAN_POINT('',(-0.0100339545831679,0.205486067543763,0.162708773735361));
#5039=CARTESIAN_POINT('',(-0.0063376158439078,0.206044853670523,0.166402672168622));
#5040=CARTESIAN_POINT('',(-0.00327682951872645,0.206463376434945,0.170146872876103));
#5041=CARTESIAN_POINT('',(-0.00327682951872644,0.206463376434945,0.173995830878937));
#5042=CARTESIAN_POINT('',(-0.0100339545831679,0.204945193047856,0.162708736968615));
#5043=CARTESIAN_POINT('',(-0.0063376158439078,0.205471126510015,0.166402634443013));
#5044=CARTESIAN_POINT('',(-0.00327682951872645,0.205865043101611,0.170146844023337));
#5045=CARTESIAN_POINT('',(-0.00327682951872644,0.205865043101611,0.173995830878937));
#5046=CARTESIAN_POINT('',(-0.0100339545831679,0.203863444056043,0.162708706842745));
#5047=CARTESIAN_POINT('',(-0.0063376158439078,0.204323672189,0.166402603558758));
#5048=CARTESIAN_POINT('',(-0.00327682951872645,0.204668376434945,0.170146820427309));
#5049=CARTESIAN_POINT('',(-0.00327682951872644,0.204668376434945,0.173995830878937));
#5050=CARTESIAN_POINT('',(-0.0100339545831679,0.203322569560136,0.16270871235624));
#5051=CARTESIAN_POINT('',(-0.0063376158439078,0.203749945028491,0.166402609239847));
#5052=CARTESIAN_POINT('',(-0.00327682951872645,0.204070043101611,0.170146824793551));
#5053=CARTESIAN_POINT('',(-0.00327682951872644,0.204070043101611,0.173995830878937));
#5054=CARTESIAN_POINT('',(-0.0100339545831679,0.201699946072415,0.162708780399015));
#5055=CARTESIAN_POINT('',(-0.00633761584390781,0.202028763546968,0.166402679020505));
#5056=CARTESIAN_POINT('',(-0.00327682951872645,0.202275043101611,0.170146878129393));
#5057=CARTESIAN_POINT('',(-0.00327682951872644,0.202275043101611,0.173995830878937));
#5058=CARTESIAN_POINT('',(-0.0100339545831679,0.200618197080602,0.162708887078785));
#5059=CARTESIAN_POINT('',(-0.00633761584390781,0.200881309225952,0.166402788566427));
#5060=CARTESIAN_POINT('',(-0.00327682951872645,0.201078376434945,0.17014696198594));
#5061=CARTESIAN_POINT('',(-0.00327682951872644,0.201078376434945,0.173995830878937));
#5062=CARTESIAN_POINT('',(-0.0100339545831679,0.198995573592881,0.162709022253141));
#5063=CARTESIAN_POINT('',(-0.00633761584390781,0.199160127744428,0.166402927369634));
#5064=CARTESIAN_POINT('',(-0.00327682951872645,0.199283376434945,0.170147068236149));
#5065=CARTESIAN_POINT('',(-0.00327682951872644,0.199283376434945,0.173995830878937));
#5066=CARTESIAN_POINT('',(-0.0100339545831679,0.198454699096974,0.162709062044359));
#5067=CARTESIAN_POINT('',(-0.00633761584390781,0.19858640058392,0.166402968225894));
#5068=CARTESIAN_POINT('',(-0.00327682951872645,0.198685043101611,0.170147099507697));
#5069=CARTESIAN_POINT('',(-0.00327682951872644,0.198685043101611,0.173995830878937));
#5070=CARTESIAN_POINT('',(-0.0100339545831679,0.197372950105161,0.162709117624376));
#5071=CARTESIAN_POINT('',(-0.00633761584390781,0.197438946262904,0.166403025283292));
#5072=CARTESIAN_POINT('',(-0.00327682951872645,0.197488376434945,0.170147143170484));
#5073=CARTESIAN_POINT('',(-0.00327682951872644,0.197488376434945,0.173995830878937));
#5074=CARTESIAN_POINT('',(-0.0100339545831679,0.196832075609254,0.162709132867116));
#5075=CARTESIAN_POINT('',(-0.00633761584390781,0.196865219102396,0.166403040922443));
#5076=CARTESIAN_POINT('',(-0.00327682951872645,0.196890043101611,0.170147155130399));
#5077=CARTESIAN_POINT('',(-0.00327682951872644,0.196890043101611,0.173995830878937));
#5078=CARTESIAN_POINT('',(-0.0100339545831679,0.195209452121534,0.162709134609246));
#5079=CARTESIAN_POINT('',(-0.00633761584390781,0.195144037620873,0.166403042685886));
#5080=CARTESIAN_POINT('',(-0.00327682951872645,0.195095043101612,0.170147156457497));
#5081=CARTESIAN_POINT('',(-0.00327682951872644,0.195095043101612,0.173995830878937));
#5082=CARTESIAN_POINT('',(-0.0100339545831679,0.19412770312972,0.162709070500188));
#5083=CARTESIAN_POINT('',(-0.00633761584390781,0.193996583299856,0.16640297687602));
#5084=CARTESIAN_POINT('',(-0.00327682951872645,0.193898376434945,0.170147106099883));
#5085=CARTESIAN_POINT('',(-0.00327682951872644,0.193898376434945,0.173995830878937));
#5086=CARTESIAN_POINT('',(-0.0100339545831679,0.191964205146093,0.162708892680098));
#5087=CARTESIAN_POINT('',(-0.00633761584390781,0.191701674657824,0.166402794298095));
#5088=CARTESIAN_POINT('',(-0.00327682951872645,0.191505043101611,0.170146966355476));
#5089=CARTESIAN_POINT('',(-0.00327682951872644,0.191505043101611,0.173995830878937));
#5090=CARTESIAN_POINT('',(-0.0100339545831679,0.190882456154279,0.162708787415577));
#5091=CARTESIAN_POINT('',(-0.00633761584390781,0.190554220336809,0.16640268622293));
#5092=CARTESIAN_POINT('',(-0.00327682951872645,0.190308376434945,0.170146883640423));
#5093=CARTESIAN_POINT('',(-0.00327682951872644,0.190308376434945,0.173995830878937));
#5094=CARTESIAN_POINT('',(-0.0100339545831679,0.189259832666559,0.162708721034488));
#5095=CARTESIAN_POINT('',(-0.00633761584390781,0.188833038855285,0.166402618147975));
#5096=CARTESIAN_POINT('',(-0.00327682951872645,0.188513376434945,0.170146831609721));
#5097=CARTESIAN_POINT('',(-0.00327682951872644,0.188513376434945,0.173995830878937));
#5098=CARTESIAN_POINT('',(-0.0100339545831679,0.188718958170652,0.16270871602875));
#5099=CARTESIAN_POINT('',(-0.00633761584390781,0.188259311694777,0.166402612988093));
#5100=CARTESIAN_POINT('',(-0.00327682951872645,0.187915043101612,0.170146827642287));
#5101=CARTESIAN_POINT('',(-0.00327682951872644,0.187915043101612,0.173995830878937));
#5102=CARTESIAN_POINT('',(-0.0100339545831679,0.187637209178838,0.162708747054819));
#5103=CARTESIAN_POINT('',(-0.00633761584390781,0.187111857373761,0.166402644796392));
#5104=CARTESIAN_POINT('',(-0.00327682951872645,0.186718376434945,0.17014685194536));
#5105=CARTESIAN_POINT('',(-0.00327682951872644,0.186718376434945,0.173995830878937));
#5106=CARTESIAN_POINT('',(-0.0100339545831679,0.187096334682932,0.16270878421401));
#5107=CARTESIAN_POINT('',(-0.00633761584390781,0.186538130213253,0.166402682924842));
#5108=CARTESIAN_POINT('',(-0.00327682951872645,0.186120043101612,0.170146881106365));
#5109=CARTESIAN_POINT('',(-0.00327682951872644,0.186120043101611,0.173995830878937));
#5110=CARTESIAN_POINT('',(-0.0100339545831679,0.186014585691118,0.162708889818081));
#5111=CARTESIAN_POINT('',(-0.00633761584390781,0.185390675892237,0.166402791344855));
#5112=CARTESIAN_POINT('',(-0.00327682951872645,0.184923376434945,0.170146964081973));
#5113=CARTESIAN_POINT('',(-0.00327682951872644,0.184923376434945,0.173995830878937));
#5114=CARTESIAN_POINT('',(-0.0100339545831679,0.185473711195211,0.162708959124475));
#5115=CARTESIAN_POINT('',(-0.00633761584390781,0.184816948731729,0.16640286252306));
#5116=CARTESIAN_POINT('',(-0.00327682951872645,0.184325043101611,0.170147018577069));
#5117=CARTESIAN_POINT('',(-0.00327682951872644,0.184325043101611,0.173995830878937));
#5118=CARTESIAN_POINT('',(-0.0100339545831679,0.184391962203398,0.162709083369704));
#5119=CARTESIAN_POINT('',(-0.00633761584390781,0.183669494410713,0.166402990129014));
#5120=CARTESIAN_POINT('',(-0.00327682951872645,0.183128376434945,0.170147116278685));
#5121=CARTESIAN_POINT('',(-0.00327682951872644,0.183128376434945,0.173995830878937));
#5122=CARTESIAN_POINT('',(-0.0100339545831679,0.183851087707491,0.162709138672739));
#5123=CARTESIAN_POINT('',(-0.00633761584390781,0.183095767250205,0.166403046931585));
#5124=CARTESIAN_POINT('',(-0.00327682951872645,0.182530043101611,0.170147159772881));
#5125=CARTESIAN_POINT('',(-0.00327682951872644,0.182530043101611,0.173995830878937));
#5126=CARTESIAN_POINT('',(-0.0100339545831679,0.183310213211584,0.162709139356918));
#5127=CARTESIAN_POINT('',(-0.00633761584390781,0.182522040089697,0.166403047575878));
#5128=CARTESIAN_POINT('',(-0.00327682951872645,0.181931709768279,0.170147160213955));
#5129=CARTESIAN_POINT('',(-0.00327682951872644,0.181931709768278,0.173995830878937));
#5130=CARTESIAN_POINT('',(-0.00386175845543216,0.202193785881421,0.170995830878937));
#5131=CARTESIAN_POINT('',(-0.00447578812398235,0.202193785881421,0.169371176090026));
#5132=CARTESIAN_POINT('',(-0.00638665666223831,0.202193785881421,0.166509487896369));
#5133=CARTESIAN_POINT('',(-0.0087511316960227,0.202193785881421,0.163993548577575));
#5134=CARTESIAN_POINT('',(-0.00996788214267474,0.202193785881421,0.162774868147103));
#5135=CARTESIAN_POINT('',(-0.00386175845543215,0.202193785881422,0.170995830878937));
#5136=CARTESIAN_POINT('',(-0.00996788214267469,0.202193785881422,0.162774868147102));
#5137=CARTESIAN_POINT('',(-0.00386175845543216,0.202193785881422,0.170995830878937));
#5138=CARTESIAN_POINT('',(-0.00386180842328841,0.198257848793514,0.170995830878937));
#5139=CARTESIAN_POINT('',(-0.00386180884815038,0.194321911705601,0.170995830878937));
#5140=CARTESIAN_POINT('',(-0.00386175973754721,0.190385974617683,0.170995830878937));
#5141=CARTESIAN_POINT('',(-0.00386175973754721,0.190385974617683,0.170995830878937));
#5142=CARTESIAN_POINT('',(-0.00386175973754721,0.190385974617683,0.170995830878937));
#5143=CARTESIAN_POINT('',(-0.00447579001656701,0.190385974617683,0.169371177644266));
#5144=CARTESIAN_POINT('',(-0.00638665859320607,0.190385974617683,0.166509492516601));
#5145=CARTESIAN_POINT('',(-0.00875113225604196,0.190385974617683,0.163993555270615));
#5146=CARTESIAN_POINT('',(-0.00996788187654821,0.190385974617683,0.1627748757482));
#5147=CARTESIAN_POINT('',(-0.00996788187654833,0.190385974617683,0.1627748757482));
#5148=CARTESIAN_POINT('',(-0.00996788357385021,0.18329613146485,0.16277524058808));
#5149=CARTESIAN_POINT('',(-0.00996788686423098,0.18565941252173,0.16277523430949));
#5150=CARTESIAN_POINT('',(-0.00996788147803914,0.188022693553318,0.162774736572738));
#5151=CARTESIAN_POINT('',(-0.00996788187654831,0.190385974617683,0.1627748757482));
#5152=CARTESIAN_POINT('',(-0.00996788214267471,0.202193785881422,0.162774868147102));
#5153=CARTESIAN_POINT('',(-0.00996788183363793,0.204557950955032,0.16277472603479));
#5154=CARTESIAN_POINT('',(-0.00996788729122791,0.206922115996235,0.162775222057257));
#5155=CARTESIAN_POINT('',(-0.00996788400352298,0.209286281062311,0.162775228334278));
#5156=CARTESIAN_POINT('',(0.00902644973622161,0.205214220197248,0.132080726374195));
#5157=CARTESIAN_POINT('',(0.0135677621757611,0.205047473535809,0.136763529181139));
#5158=CARTESIAN_POINT('',(0.0271012981946733,0.205023166980355,0.150335693721807));
#5159=CARTESIAN_POINT('',(0.00172317048127355,0.210651709768278,0.164302361743191));
#5160=CARTESIAN_POINT('',(0.00172317048127356,0.210651709768278,0.173995830878937));
#5161=CARTESIAN_POINT('',(0.00735978306955495,0.205214220197248,0.132080726374195));
#5162=CARTESIAN_POINT('',(0.0119010955090944,0.205047473535809,0.136763529181139));
#5163=CARTESIAN_POINT('',(0.0254346315280066,0.205023166980355,0.150335693721807));
#5164=CARTESIAN_POINT('',(5.65038146068867E-5,0.210651709768278,0.164302361743191));
#5165=CARTESIAN_POINT('',(5.65038146068903E-5,0.210651709768278,0.173995830878937));
#5166=CARTESIAN_POINT('',(0.00569311640288829,0.205214220197248,0.132080726374195));
#5167=CARTESIAN_POINT('',(0.0102344288424278,0.205047473535809,0.136763529181139));
#5168=CARTESIAN_POINT('',(0.02376796486134,0.205023166980355,0.150335693721807));
#5169=CARTESIAN_POINT('',(-0.00161016285205978,0.210651709768278,0.164302361743191));
#5170=CARTESIAN_POINT('',(-0.00161016285205978,0.210651709768278,0.173995830878937));
#5171=CARTESIAN_POINT('',(0.00402644973622162,0.205214220197248,0.132080726374195));
#5172=CARTESIAN_POINT('',(0.00856776217576112,0.205047473535809,0.136763529181139));
#5173=CARTESIAN_POINT('',(0.0221012981946733,0.205023166980355,0.150335693721807));
#5174=CARTESIAN_POINT('',(-0.00327682951872645,0.210651709768278,0.164302361743191));
#5175=CARTESIAN_POINT('',(-0.00327682951872644,0.210651709768278,0.173995830878937));
#5176=CARTESIAN_POINT('',(-0.00475182951872773,0.205689880249549,0.118159369234539));
#5177=CARTESIAN_POINT('',(-0.00475182951872766,0.205689880249549,0.127772587132227));
#5178=CARTESIAN_POINT('',(0.0305480858967098,0.203149777952673,0.145687065540337));
#5179=CARTESIAN_POINT('',(-0.00327682951872645,0.210651709768278,0.164302361743191));
#5180=CARTESIAN_POINT('',(-0.00327682951872644,0.210651709768278,0.173995830878937));
#5181=CARTESIAN_POINT('',(0.000248170481272273,0.205689880249549,0.118159369234539));
#5182=CARTESIAN_POINT('',(0.000248170481272343,0.205689880249549,0.127772587132227));
#5183=CARTESIAN_POINT('',(0.0355480858967097,0.203149777952673,0.145687065540337));
#5184=CARTESIAN_POINT('',(0.00172317048127355,0.210651709768278,0.164302361743191));
#5185=CARTESIAN_POINT('',(0.00172317048127356,0.210651709768278,0.173995830878937));
#5186=CARTESIAN_POINT('',(0.00902644745762509,0.187365189448856,0.132080721162366));
#5187=CARTESIAN_POINT('',(0.0135677606300911,0.187531813225941,0.136763524034637));
#5188=CARTESIAN_POINT('',(0.0271012996438956,0.187556102180793,0.150335689990362));
#5189=CARTESIAN_POINT('',(0.00172317048127355,0.181931709768278,0.164302386440507));
#5190=CARTESIAN_POINT('',(0.00172317048127356,0.181931709768278,0.173995830878937));
#5191=CARTESIAN_POINT('',(0.00902644745762509,0.187737044257857,0.132080721424875));
#5192=CARTESIAN_POINT('',(0.0135677606300911,0.187896722815788,0.136763524303543));
#5193=CARTESIAN_POINT('',(0.0271012996438956,0.187919999357421,0.150335690015416));
#5194=CARTESIAN_POINT('',(0.00172317048127355,0.182530043101611,0.164302385343457));
#5195=CARTESIAN_POINT('',(0.00172317048127356,0.182530043101611,0.173995830878937));
#5196=CARTESIAN_POINT('',(0.00902644745762509,0.188108899066858,0.13208073378412));
#5197=CARTESIAN_POINT('',(0.0135677606300911,0.188261632405634,0.136763539913458));
#5198=CARTESIAN_POINT('',(0.0271012996438956,0.188283896534049,0.150335703006159));
#5199=CARTESIAN_POINT('',(0.00172317048127355,0.183128376434945,0.164302277157523));
#5200=CARTESIAN_POINT('',(0.00172317048127356,0.183128376434945,0.173995830878937));
#5201=CARTESIAN_POINT('',(0.00902644745762509,0.18885260868486,0.132080762020015));
#5202=CARTESIAN_POINT('',(0.0135677606300911,0.188991451585328,0.136763575360286));
#5203=CARTESIAN_POINT('',(0.0271012996438956,0.189011690887305,0.15033573182164));
#5204=CARTESIAN_POINT('',(0.00172317048127355,0.184325043101611,0.16430203412773));
#5205=CARTESIAN_POINT('',(0.00172317048127356,0.184325043101611,0.173995830878937));
#5206=CARTESIAN_POINT('',(0.00902644745762509,0.189224463493862,0.132080777965259));
#5207=CARTESIAN_POINT('',(0.0135677606300911,0.189356361175175,0.136763595289836));
#5208=CARTESIAN_POINT('',(0.0271012996438956,0.189375588063933,0.150335747742522));
#5209=CARTESIAN_POINT('',(0.00172317048127355,0.184923376434945,0.164301898568346));
#5210=CARTESIAN_POINT('',(0.00172317048127356,0.184923376434945,0.173995830878937));
#5211=CARTESIAN_POINT('',(0.00902644745762509,0.189968173111864,0.132080801916067));
#5212=CARTESIAN_POINT('',(0.0135677606300911,0.190086180354868,0.13676362537168));
#5213=CARTESIAN_POINT('',(0.0271012996438956,0.190103382417189,0.150335772242775));
#5214=CARTESIAN_POINT('',(0.00172317048127355,0.186120043101611,0.164301692144078));
#5215=CARTESIAN_POINT('',(0.00172317048127356,0.186120043101611,0.173995830878937));
#5216=CARTESIAN_POINT('',(0.00902644745762509,0.190340027920866,0.132080810385587));
#5217=CARTESIAN_POINT('',(0.0135677606300911,0.190451089944715,0.136763635986378));
#5218=CARTESIAN_POINT('',(0.0271012996438956,0.190467279593817,0.150335780814932));
#5219=CARTESIAN_POINT('',(0.00172317048127355,0.186718376434945,0.164301619586758));
#5220=CARTESIAN_POINT('',(0.00172317048127356,0.186718376434945,0.173995830878937));
#5221=CARTESIAN_POINT('',(0.00902644745762509,0.191083737538868,0.132080817599077));
#5222=CARTESIAN_POINT('',(0.0135677606300911,0.191180909124408,0.136763644959717));
#5223=CARTESIAN_POINT('',(0.0271012996438956,0.191195073947073,0.150335787846748));
#5224=CARTESIAN_POINT('',(0.00172317048127356,0.187915043101612,0.164301559077723));
#5225=CARTESIAN_POINT('',(0.00172317048127356,0.187915043101612,0.173995830878937));
#5226=CARTESIAN_POINT('',(0.00902644745762509,0.191455592347869,0.132080816555375));
#5227=CARTESIAN_POINT('',(0.0135677606300911,0.191545818714255,0.136763643605122));
#5228=CARTESIAN_POINT('',(0.0271012996438956,0.191558971123701,0.15033578660402));
#5229=CARTESIAN_POINT('',(0.00172317048127356,0.188513376434945,0.16430156891111));
#5230=CARTESIAN_POINT('',(0.00172317048127356,0.188513376434945,0.173995830878937));
#5231=CARTESIAN_POINT('',(0.00902644745762509,0.192571156774873,0.13208080071386));
#5232=CARTESIAN_POINT('',(0.0135677606300911,0.192640547483795,0.136763624085767));
#5233=CARTESIAN_POINT('',(0.0271012996438956,0.192650662653585,0.150335771910149));
#5234=CARTESIAN_POINT('',(0.00172317048127355,0.190308376434945,0.164301698211146));
#5235=CARTESIAN_POINT('',(0.00172317048127356,0.190308376434945,0.173995830878937));
#5236=CARTESIAN_POINT('',(0.00902644745762509,0.193314866392875,0.132080776940015));
#5237=CARTESIAN_POINT('',(0.0135677606300911,0.193370366663489,0.13676359418731));
#5238=CARTESIAN_POINT('',(0.0271012996438956,0.193378457006841,0.150335747435244));
#5239=CARTESIAN_POINT('',(0.00172317048127355,0.191505043101611,0.164301903855387));
#5240=CARTESIAN_POINT('',(0.00172317048127356,0.191505043101611,0.173995830878937));
#5241=CARTESIAN_POINT('',(0.0090264474576251,0.19480228562888,0.132080736820511));
#5242=CARTESIAN_POINT('',(0.0135677606300911,0.194830005022876,0.136763543713798));
#5243=CARTESIAN_POINT('',(0.0271012996438956,0.194834045713353,0.150335706058862));
#5244=CARTESIAN_POINT('',(0.00172317048127356,0.193898376434945,0.164302251243189));
#5245=CARTESIAN_POINT('',(0.00172317048127356,0.193898376434945,0.173995830878937));
#5246=CARTESIAN_POINT('',(0.0090264474576251,0.195545995246882,0.132080722072024));
#5247=CARTESIAN_POINT('',(0.0135677606300911,0.195559824202569,0.136763525295818));
#5248=CARTESIAN_POINT('',(0.0271012996438956,0.195561840066609,0.150335691396078));
#5249=CARTESIAN_POINT('',(0.00172317048127356,0.195095043101612,0.164302376325903));
#5250=CARTESIAN_POINT('',(0.00172317048127356,0.195095043101612,0.173995830878937));
#5251=CARTESIAN_POINT('',(0.0090264474576251,0.196661559673886,0.132080722854217));
#5252=CARTESIAN_POINT('',(0.0135677606300911,0.19665455297211,0.136763526101361));
#5253=CARTESIAN_POINT('',(0.0271012996438956,0.196653531596493,0.150335691487911));
#5254=CARTESIAN_POINT('',(0.00172317048127355,0.196890043101611,0.164302372974822));
#5255=CARTESIAN_POINT('',(0.00172317048127356,0.196890043101611,0.173995830878937));
#5256=CARTESIAN_POINT('',(0.0090264474576251,0.197033414482887,0.132080726495588));
#5257=CARTESIAN_POINT('',(0.0135677606300911,0.197019462561956,0.136763530593846));
#5258=CARTESIAN_POINT('',(0.0271012996438956,0.197017428773121,0.150335694888369));
#5259=CARTESIAN_POINT('',(0.00172317048127355,0.197488376434945,0.164302343144027));
#5260=CARTESIAN_POINT('',(0.00172317048127356,0.197488376434945,0.173995830878937));
#5261=CARTESIAN_POINT('',(0.0090264474576251,0.19777712410089,0.13208073923448));
#5262=CARTESIAN_POINT('',(0.0135677606300911,0.19774928174165,0.13676354653661));
#5263=CARTESIAN_POINT('',(0.0271012996438956,0.197745223126377,0.150335707690893));
#5264=CARTESIAN_POINT('',(0.00172317048127355,0.198685043101611,0.164302234445886));
#5265=CARTESIAN_POINT('',(0.00172317048127356,0.198685043101611,0.173995830878937));
#5266=CARTESIAN_POINT('',(0.0090264474576251,0.198148978909891,0.132080748232377));
#5267=CARTESIAN_POINT('',(0.0135677606300911,0.198114191331497,0.136763557852342));
#5268=CARTESIAN_POINT('',(0.0271012996438956,0.198109120303005,0.150335716953319));
#5269=CARTESIAN_POINT('',(0.00172317048127355,0.199283376434945,0.164302156617752));
#5270=CARTESIAN_POINT('',(0.00172317048127356,0.199283376434945,0.173995830878937));
#5271=CARTESIAN_POINT('',(0.0090264474576251,0.199264543336894,0.132080778572602));
#5272=CARTESIAN_POINT('',(0.0135677606300911,0.199208920101037,0.136763596111408));
#5273=CARTESIAN_POINT('',(0.0271012996438956,0.199200811832888,0.150335748599099));
#5274=CARTESIAN_POINT('',(0.00172317048127355,0.201078376434945,0.164301892207563));
#5275=CARTESIAN_POINT('',(0.00172317048127356,0.201078376434945,0.173995830878937));
#5276=CARTESIAN_POINT('',(0.0090264474576251,0.200008252954897,0.132080802413218));
#5277=CARTESIAN_POINT('',(0.0135677606300911,0.19993873928073,0.13676362622101));
#5278=CARTESIAN_POINT('',(0.0271012996438956,0.199928606186145,0.150335773652003));
#5279=CARTESIAN_POINT('',(0.00172317048127356,0.202275043101611,0.164301683548121));
#5280=CARTESIAN_POINT('',(0.00172317048127356,0.202275043101611,0.173995830878937));
#5281=CARTESIAN_POINT('',(0.0090264474576251,0.2011238173819,0.132080818657185));
#5282=CARTESIAN_POINT('',(0.0135677606300911,0.201033468050271,0.136763646246045));
#5283=CARTESIAN_POINT('',(0.0271012996438956,0.201020297716028,0.150335788758381));
#5284=CARTESIAN_POINT('',(0.00172317048127356,0.204070043101611,0.164301550775536));
#5285=CARTESIAN_POINT('',(0.00172317048127356,0.204070043101611,0.173995830878937));
#5286=CARTESIAN_POINT('',(0.0090264474576251,0.201495672190902,0.132080819823862));
#5287=CARTESIAN_POINT('',(0.0135677606300911,0.201398377640118,0.136763647755159));
#5288=CARTESIAN_POINT('',(0.0271012996438956,0.201384194892657,0.150335790127159));
#5289=CARTESIAN_POINT('',(0.00172317048127356,0.204668376434945,0.164301539881052));
#5290=CARTESIAN_POINT('',(0.00172317048127356,0.204668376434945,0.173995830878937));
#5291=CARTESIAN_POINT('',(0.0090264474576251,0.202239381808904,0.132080812828392));
#5292=CARTESIAN_POINT('',(0.0135677606300911,0.202128196819811,0.136763639055762));
#5293=CARTESIAN_POINT('',(0.0271012996438956,0.202111989245912,0.150335783318818));
#5294=CARTESIAN_POINT('',(0.00172317048127356,0.205865043101611,0.164301598508878));
#5295=CARTESIAN_POINT('',(0.00172317048127356,0.205865043101611,0.173995830878937));
#5296=CARTESIAN_POINT('',(0.0090264474576251,0.202611236617905,0.132080804453917));
#5297=CARTESIAN_POINT('',(0.0135677606300911,0.202493106409658,0.13676362856049));
#5298=CARTESIAN_POINT('',(0.0271012996438956,0.202475886422541,0.150335774844087));
#5299=CARTESIAN_POINT('',(0.00172317048127356,0.206463376434945,0.164301670246076));
#5300=CARTESIAN_POINT('',(0.00172317048127356,0.206463376434945,0.173995830878937));
#5301=CARTESIAN_POINT('',(0.0090264474576251,0.203354946235908,0.132080780659676));
#5302=CARTESIAN_POINT('',(0.0135677606300911,0.203222925589351,0.136763598675376));
#5303=CARTESIAN_POINT('',(0.0271012996438956,0.203203680775797,0.150335750504334));
#5304=CARTESIAN_POINT('',(0.00172317048127356,0.207660043101611,0.164301875319313));
#5305=CARTESIAN_POINT('',(0.00172317048127356,0.207660043101611,0.173995830878937));
#5306=CARTESIAN_POINT('',(0.0090264474576251,0.203726801044909,0.132080764775955));
#5307=CARTESIAN_POINT('',(0.0135677606300911,0.203587835179198,0.136763578823133));
#5308=CARTESIAN_POINT('',(0.0271012996438956,0.203567577952425,0.150335734646525));
#5309=CARTESIAN_POINT('',(0.00172317048127356,0.208258376434945,0.164302010347782));
#5310=CARTESIAN_POINT('',(0.00172317048127356,0.208258376434945,0.173995830878937));
#5311=CARTESIAN_POINT('',(0.0090264474576251,0.204470510662911,0.132080736623971));
#5312=CARTESIAN_POINT('',(0.0135677606300911,0.204317654358891,0.136763543481746));
#5313=CARTESIAN_POINT('',(0.0271012996438956,0.204295372305681,0.150335705917076));
#5314=CARTESIAN_POINT('',(0.00172317048127356,0.209455043101611,0.164302252653434));
#5315=CARTESIAN_POINT('',(0.00172317048127356,0.209455043101611,0.173995830878937));
#5316=CARTESIAN_POINT('',(0.0090264474576251,0.204842365471912,0.132080724287115));
#5317=CARTESIAN_POINT('',(0.0135677606300911,0.204682563948738,0.136763527899963));
#5318=CARTESIAN_POINT('',(0.0271012996438956,0.204659269482309,0.150335692949292));
#5319=CARTESIAN_POINT('',(0.00172317048127355,0.210053376434945,0.164302360646143));
#5320=CARTESIAN_POINT('',(0.00172317048127356,0.210053376434945,0.173995830878937));
#5321=CARTESIAN_POINT('',(0.0090264474576251,0.205214220280913,0.132080724024606));
#5322=CARTESIAN_POINT('',(0.0135677606300911,0.205047473538585,0.136763527631057));
#5323=CARTESIAN_POINT('',(0.0271012996438956,0.205023166658936,0.150335692924238));
#5324=CARTESIAN_POINT('',(0.00172317048127355,0.210651709768278,0.164302361743191));
#5325=CARTESIAN_POINT('',(0.00172317048127356,0.210651709768278,0.173995830878937));
#5326=CARTESIAN_POINT('',(0.00926447829969508,0.202193785881421,0.132326166246915));
#5327=CARTESIAN_POINT('',(0.0102274971236426,0.202193785881421,0.133318538719377));
#5328=CARTESIAN_POINT('',(0.012157005987107,0.202193785881421,0.135301250123398));
#5329=CARTESIAN_POINT('',(0.0148961076399385,0.202193785881421,0.138395202905187));
#5330=CARTESIAN_POINT('',(0.0168770597439989,0.202193785881421,0.141228398272592));
#5331=CARTESIAN_POINT('',(0.0179884226658899,0.202193785881421,0.14384522565261));
#5332=CARTESIAN_POINT('',(0.0183737134112237,0.202193785881422,0.145953811257889));
#5333=CARTESIAN_POINT('',(0.0181357897354872,0.202193785881421,0.148056535456824));
#5334=CARTESIAN_POINT('',(0.0171819415273147,0.202193785881421,0.15072707668526));
#5335=CARTESIAN_POINT('',(0.0152828190127823,0.202193785881421,0.153708975299825));
#5336=CARTESIAN_POINT('',(0.0126134817623231,0.202193785881421,0.15695043304162));
#5337=CARTESIAN_POINT('',(0.0107328681210531,0.202193785881421,0.159033905730608));
#5338=CARTESIAN_POINT('',(0.00979726117094618,0.202193785881421,0.160078923990838));
#5339=CARTESIAN_POINT('',(0.00979726117094623,0.202193785881422,0.160078923990838));
#5340=CARTESIAN_POINT('',(0.00172317048127356,0.196291709768279,0.173995830878937));
#5341=CARTESIAN_POINT('',(0.00172317048127356,0.181931709768278,0.173995830878937));
#5342=CARTESIAN_POINT('',(0.000248170481272275,0.186889880249555,0.118159369234539));
#5343=CARTESIAN_POINT('',(0.000248170481272344,0.186889880249555,0.12777258608237));
#5344=CARTESIAN_POINT('',(0.0355480858967097,0.189428109380616,0.145687053409771));
#5345=CARTESIAN_POINT('',(0.00172317048127355,0.181931709768278,0.164302386440507));
#5346=CARTESIAN_POINT('',(0.00172317048127356,0.181931709768278,0.173995830878937));
#5347=CARTESIAN_POINT('',(0.00926447840956577,0.190385974617683,0.13232616390715));
#5348=CARTESIAN_POINT('',(0.0102274975374261,0.190385974617683,0.133318536561549));
#5349=CARTESIAN_POINT('',(0.0121570069699847,0.190385974617683,0.135301248370289));
#5350=CARTESIAN_POINT('',(0.0148961091238657,0.190385974617683,0.138395201976092));
#5351=CARTESIAN_POINT('',(0.0168770612026248,0.190385974617683,0.141228398538044));
#5352=CARTESIAN_POINT('',(0.0179884234490558,0.190385974617683,0.143845226999335));
#5353=CARTESIAN_POINT('',(0.0183737134201859,0.190385974617683,0.145953813288382));
#5354=CARTESIAN_POINT('',(0.0181357893531438,0.190385974617683,0.148056537946632));
#5355=CARTESIAN_POINT('',(0.0171819413448855,0.190385974617683,0.150727080004026));
#5356=CARTESIAN_POINT('',(0.0152828193979593,0.190385974617683,0.153708979988159));
#5357=CARTESIAN_POINT('',(0.0126134822800544,0.190385974617683,0.156950439377267));
#5358=CARTESIAN_POINT('',(0.0107328684476057,0.190385974617683,0.15903391289206));
#5359=CARTESIAN_POINT('',(0.00979726132364737,0.190385974617683,0.160078931509564));
#5360=CARTESIAN_POINT('',(0.00979726132364732,0.190385974617683,0.160078931509564));
#5361=CARTESIAN_POINT('',(0.00979726081672927,0.183891779907934,0.160079289523688));
#5362=CARTESIAN_POINT('',(0.00979725830629593,0.186056511484164,0.160079284709564));
#5363=CARTESIAN_POINT('',(0.00979726122409804,0.188221243035206,0.160078823006819));
#5364=CARTESIAN_POINT('',(0.00979726132364737,0.190385974617683,0.160078931509564));
#5365=CARTESIAN_POINT('',(0.00979726081672926,0.183891779907934,0.160079289523688));
#5366=CARTESIAN_POINT('',(0.00743780805650204,0.183291020210905,0.162765987371044));
#5367=CARTESIAN_POINT('',(0.00821063464549432,0.183483558836378,0.161856862871602));
#5368=CARTESIAN_POINT('',(0.00900298293198224,0.183684745718784,0.160966458883246));
#5369=CARTESIAN_POINT('',(0.00979726081672931,0.183891779907934,0.160079289523688));
#5370=CARTESIAN_POINT('',(0.00743780805650202,0.183291020210904,0.162765987371044));
#5371=CARTESIAN_POINT('',(0.00743780894815435,0.190385974617683,0.162765622689158));
#5372=CARTESIAN_POINT('',(0.00743780914741197,0.188020989802022,0.162765483522177));
#5373=CARTESIAN_POINT('',(0.00743780620148604,0.185656005019182,0.162765982893903));
#5374=CARTESIAN_POINT('',(0.00743780805650204,0.183291020210905,0.162765987371043));
#5375=CARTESIAN_POINT('',(0.00743780894815433,0.190385974617683,0.162765622689158));
#5376=CARTESIAN_POINT('',(0.00743780894815437,0.190385974617683,0.162765622689158));
#5377=CARTESIAN_POINT('',(0.0063757838070386,0.190385974617683,0.164014954224021));
#5378=CARTESIAN_POINT('',(0.00433888997854298,0.190385974617683,0.166568821726764));
#5379=CARTESIAN_POINT('',(0.00274102055036308,0.190385974617683,0.169400764943477));
#5380=CARTESIAN_POINT('',(0.00222483897006693,0.190385974617683,0.170995830878937));
#5381=CARTESIAN_POINT('',(0.00222483897006695,0.190385974617683,0.170995830878937));
#5382=CARTESIAN_POINT('',(0.00222483897006694,0.190385974617683,0.170995830878937));
#5383=CARTESIAN_POINT('',(0.00222488046523443,0.1943219117056,0.170995830878937));
#5384=CARTESIAN_POINT('',(0.0022248800733598,0.198257848793513,0.170995830878937));
#5385=CARTESIAN_POINT('',(0.00222483780775813,0.202193785881422,0.170995830878937));
#5386=CARTESIAN_POINT('',(0.00222483780775812,0.202193785881422,0.170995830878937));
#5387=CARTESIAN_POINT('',(0.00743780880779533,0.202193785881421,0.162765615064902));
#5388=CARTESIAN_POINT('',(0.00637578291866746,0.202193785881421,0.164014947593942));
#5389=CARTESIAN_POINT('',(0.00433888798032593,0.202193785881421,0.166568817289323));
#5390=CARTESIAN_POINT('',(0.00274101883203614,0.202193785881421,0.169400763375837));
#5391=CARTESIAN_POINT('',(0.00222483780775812,0.202193785881421,0.170995830878937));
#5392=CARTESIAN_POINT('',(0.00743780880779538,0.202193785881422,0.162765615064903));
#5393=CARTESIAN_POINT('',(0.00743780782988628,0.209291396129383,0.162765975081521));
#5394=CARTESIAN_POINT('',(0.0074378059761664,0.206925526040869,0.162765970604803));
#5395=CARTESIAN_POINT('',(0.00743780895984437,0.204559655977371,0.162765472951365));
#5396=CARTESIAN_POINT('',(0.00743780880779537,0.202193785881421,0.162765615064902));
#5397=CARTESIAN_POINT('',(0.00743780782988629,0.209291396129383,0.162765975081522));
#5398=CARTESIAN_POINT('',(0.00979726057739304,0.208690193077582,0.160079277953703));
#5399=CARTESIAN_POINT('',(0.0090029841099783,0.208897379684519,0.16096644532861));
#5400=CARTESIAN_POINT('',(0.0082106348457957,0.209098715302068,0.161856850130207));
#5401=CARTESIAN_POINT('',(0.00743780782988621,0.209291396129383,0.162765975081521));
#5402=CARTESIAN_POINT('',(0.00979726057739302,0.208690193077582,0.160079277953702));
#5403=CARTESIAN_POINT('',(0.00979726117094622,0.202193785881422,0.160078923990838));
#5404=CARTESIAN_POINT('',(0.00979726102401726,0.204359254959289,0.160078812924864));
#5405=CARTESIAN_POINT('',(0.00979725806880652,0.206524724006028,0.160079273140641));
#5406=CARTESIAN_POINT('',(0.00979726057739305,0.208690193077582,0.160079277953703));
#5407=CARTESIAN_POINT('',(0.00402644986448411,0.187365189537165,0.132080723644213));
#5408=CARTESIAN_POINT('',(0.00856776226276706,0.187531813228871,0.136763525671973));
#5409=CARTESIAN_POINT('',(0.0221012981130964,0.187556101841532,0.150335690832828));
#5410=CARTESIAN_POINT('',(-0.00327682951872645,0.181931709768278,0.164302386440507));
#5411=CARTESIAN_POINT('',(-0.00327682951872644,0.181931709768278,0.173995830878937));
#5412=CARTESIAN_POINT('',(0.00569311653115078,0.187365189537165,0.132080723644213));
#5413=CARTESIAN_POINT('',(0.0102344289294337,0.187531813228871,0.136763525671973));
#5414=CARTESIAN_POINT('',(0.023767964779763,0.187556101841532,0.150335690832828));
#5415=CARTESIAN_POINT('',(-0.00161016285205978,0.181931709768278,0.164302386440507));
#5416=CARTESIAN_POINT('',(-0.00161016285205978,0.181931709768278,0.173995830878937));
#5417=CARTESIAN_POINT('',(0.00735978319781744,0.187365189537165,0.132080723644213));
#5418=CARTESIAN_POINT('',(0.0119010955961004,0.187531813228871,0.136763525671973));
#5419=CARTESIAN_POINT('',(0.0254346314464297,0.187556101841532,0.150335690832828));
#5420=CARTESIAN_POINT('',(5.65038146068858E-5,0.181931709768278,0.164302386440507));
#5421=CARTESIAN_POINT('',(5.65038146068894E-5,0.181931709768278,0.173995830878937));
#5422=CARTESIAN_POINT('',(0.0090264498644841,0.187365189537165,0.132080723644213));
#5423=CARTESIAN_POINT('',(0.013567762262767,0.187531813228871,0.136763525671973));
#5424=CARTESIAN_POINT('',(0.0271012981130963,0.187556101841532,0.150335690832828));
#5425=CARTESIAN_POINT('',(0.00172317048127355,0.181931709768278,0.164302386440507));
#5426=CARTESIAN_POINT('',(0.00172317048127356,0.181931709768278,0.173995830878937));
#5427=CARTESIAN_POINT('',(-0.0183768295187266,0.181931709768278,0.173995830878937));
#5428=CARTESIAN_POINT('',(0.00654253962906697,0.205140770094009,0.134692966678487));
#5429=CARTESIAN_POINT('',(0.0101317699865583,0.205067245416758,0.138491428217525));
#5430=CARTESIAN_POINT('',(0.0204873202369421,0.205381126562577,0.151223934752983));
#5431=CARTESIAN_POINT('',(-0.00327682951872645,0.210651709768278,0.164302361743191));
#5432=CARTESIAN_POINT('',(-0.00327682951872644,0.210651709768278,0.173995830878937));
#5433=CARTESIAN_POINT('',(0.00654253962906697,0.204771974581027,0.134692966935157));
#5434=CARTESIAN_POINT('',(0.0101317699865583,0.204701512302415,0.138491428451862));
#5435=CARTESIAN_POINT('',(0.0204873202369421,0.2050023198894,0.151223934706674));
#5436=CARTESIAN_POINT('',(-0.00327682951872645,0.210053376434945,0.164302360646143));
#5437=CARTESIAN_POINT('',(-0.00327682951872644,0.210053376434945,0.173995830878937));
#5438=CARTESIAN_POINT('',(0.00654253962906697,0.204403179068045,0.134692980592192));
#5439=CARTESIAN_POINT('',(0.0101317699865583,0.204335779188072,0.138491443222493));
#5440=CARTESIAN_POINT('',(0.0204873202369421,0.204623513216223,0.151223939981703));
#5441=CARTESIAN_POINT('',(-0.00327682951872645,0.209455043101611,0.164302252653434));
#5442=CARTESIAN_POINT('',(-0.00327682951872644,0.209455043101611,0.173995830878937));
#5443=CARTESIAN_POINT('',(0.00654253962906695,0.203665588042081,0.134693011640126));
#5444=CARTESIAN_POINT('',(0.0101317699865583,0.203604312959386,0.138491476653389));
#5445=CARTESIAN_POINT('',(0.0204873202369421,0.203865899869869,0.151223951474063));
#5446=CARTESIAN_POINT('',(-0.00327682951872645,0.208258376434945,0.164302010347782));
#5447=CARTESIAN_POINT('',(-0.00327682951872644,0.208258376434945,0.173995830878937));
#5448=CARTESIAN_POINT('',(0.00654253962906695,0.203296792529098,0.13469302911021));
#5449=CARTESIAN_POINT('',(0.0101317699865583,0.203238579845042,0.138491495403442));
#5450=CARTESIAN_POINT('',(0.0204873202369421,0.203487093196692,0.151223957735919));
#5451=CARTESIAN_POINT('',(-0.00327682951872645,0.207660043101611,0.164301875319313));
#5452=CARTESIAN_POINT('',(-0.00327682951872644,0.207660043101611,0.173995830878937));
#5453=CARTESIAN_POINT('',(0.00654253962906695,0.202559201503134,0.134693055359895));
#5454=CARTESIAN_POINT('',(0.0101317699865583,0.202507113616356,0.138491523677758));
#5455=CARTESIAN_POINT('',(0.0204873202369421,0.202729479850339,0.151223967485635));
#5456=CARTESIAN_POINT('',(-0.00327682951872645,0.206463376434945,0.164301670246076));
#5457=CARTESIAN_POINT('',(-0.00327682951872644,0.206463376434945,0.173995830878937));
#5458=CARTESIAN_POINT('',(0.00654253962906697,0.202190405990151,0.134693064586165));
#5459=CARTESIAN_POINT('',(0.0101317699865583,0.202141380502013,0.138491533599775));
#5460=CARTESIAN_POINT('',(0.0204873202369421,0.202350673177162,0.151223970859107));
#5461=CARTESIAN_POINT('',(-0.00327682951872645,0.205865043101612,0.164301598508878));
#5462=CARTESIAN_POINT('',(-0.00327682951872644,0.205865043101611,0.173995830878937));
#5463=CARTESIAN_POINT('',(0.00654253962906697,0.201452814964187,0.134693072256533));
#5464=CARTESIAN_POINT('',(0.0101317699865583,0.201409914273326,0.138491541801625));
#5465=CARTESIAN_POINT('',(0.0204873202369421,0.201593059830808,0.151223973505887));
#5466=CARTESIAN_POINT('',(-0.00327682951872645,0.204668376434945,0.164301539881052));
#5467=CARTESIAN_POINT('',(-0.00327682951872644,0.204668376434945,0.173995830878937));
#5468=CARTESIAN_POINT('',(0.00654253962906697,0.201084019451205,0.134693070945744));
#5469=CARTESIAN_POINT('',(0.0101317699865583,0.201044181158983,0.138491540359394));
#5470=CARTESIAN_POINT('',(0.0204873202369421,0.201214253157631,0.151223972917019));
#5471=CARTESIAN_POINT('',(-0.00327682951872645,0.204070043101611,0.164301550775536));
#5472=CARTESIAN_POINT('',(-0.00327682951872644,0.204070043101611,0.173995830878937));
#5473=CARTESIAN_POINT('',(0.00654253962906697,0.200488782684561,0.134693061414503));
#5474=CARTESIAN_POINT('',(0.0101317699865583,0.200453887110458,0.13849153023358));
#5475=CARTESIAN_POINT('',(0.0204873202369421,0.200602858356481,0.15122396984951));
#5476=CARTESIAN_POINT('',(-0.00327682951872645,0.203104331789593,0.164301622207284));
#5477=CARTESIAN_POINT('',(-0.00327682951872644,0.203104331789593,0.173995830878937));
#5478=CARTESIAN_POINT('',(0.00654253962906697,0.2002623414309,0.134693056414429));
#5479=CARTESIAN_POINT('',(0.0101317699865583,0.200229326176276,0.138491524874054));
#5480=CARTESIAN_POINT('',(0.0204873202369421,0.200370270228508,0.151223968080465));
#5481=CARTESIAN_POINT('',(-0.00327682951872645,0.202736953810909,0.164301660705072));
#5482=CARTESIAN_POINT('',(-0.00327682951872644,0.202736953810909,0.173995830878937));
#5483=CARTESIAN_POINT('',(0.00654253962906697,0.200035900177239,0.13469305057842));
#5484=CARTESIAN_POINT('',(0.0101317699865583,0.200004765242094,0.138491518596513));
#5485=CARTESIAN_POINT('',(0.0204873202369421,0.200137682100534,0.15122396594175));
#5486=CARTESIAN_POINT('',(-0.00327682951872645,0.202369575832224,0.164301706113002));
#5487=CARTESIAN_POINT('',(-0.00327682951872644,0.202369575832224,0.173995830878937));
#5488=CARTESIAN_POINT('',(-0.000972491447573755,0.202193785881421,0.167284954741095));
#5489=CARTESIAN_POINT('',(0.000678146814819677,0.202193785881421,0.164664667969929));
#5490=CARTESIAN_POINT('',(0.00274163226802959,0.202193785881421,0.162374941286947));
#5491=CARTESIAN_POINT('',(0.00479726117094621,0.202193785881421,0.160078923990838));
#5492=CARTESIAN_POINT('',(0.00715712770982389,0.202193785881421,0.157427656068397));
#5493=CARTESIAN_POINT('',(0.00787760665238286,0.202193785881421,0.156603007105157));
#5494=CARTESIAN_POINT('',(0.00929402655910022,0.202193785881421,0.154933390535537));
#5495=CARTESIAN_POINT('',(0.0112234089177779,0.202193785881421,0.152310510567118));
#5496=CARTESIAN_POINT('',(0.0125423926981787,0.202193785881421,0.149867867176734));
#5497=CARTESIAN_POINT('',(0.0131710432107112,0.202193785881421,0.147756001166512));
#5498=CARTESIAN_POINT('',(0.0133935650116819,0.202193785881421,0.145528218898742));
#5499=CARTESIAN_POINT('',(0.0127035830357187,0.202193785881421,0.142823715116231));
#5500=CARTESIAN_POINT('',(0.0110417028242862,0.202193785881421,0.13996071201051));
#5501=CARTESIAN_POINT('',(0.00899542172019961,0.202193785881421,0.137353435907601));
#5502=CARTESIAN_POINT('',(0.00751332649317731,0.202193785881421,0.135725807920416));
#5503=CARTESIAN_POINT('',(0.00675833640756045,0.202193785881421,0.134922099180511));
#5504=CARTESIAN_POINT('',(-0.00474771288617096,0.205802662359013,0.146277647474521));
#5505=CARTESIAN_POINT('',(-0.00474771288617096,0.186777061899769,0.146277635060387));
#5506=CARTESIAN_POINT('',(-0.00479878132994115,0.205802663309154,0.144821484091662));
#5507=CARTESIAN_POINT('',(-0.00479878132994115,0.18677706284991,0.144821471677529));
#5508=CARTESIAN_POINT('',(-0.00394151110424264,0.205802665137155,0.142019934554248));
#5509=CARTESIAN_POINT('',(-0.00394151110424264,0.18677706467791,0.142019922140114));
#5510=CARTESIAN_POINT('',(-0.00147089020920169,0.205802667454311,0.138468716653673));
#5511=CARTESIAN_POINT('',(-0.00147089020920169,0.186777066995067,0.13846870423954));
#5512=CARTESIAN_POINT('',(0.0013898290487462,0.205802669544309,0.135265636481027));
#5513=CARTESIAN_POINT('',(0.0013898290487462,0.186777069085065,0.135265624066894));
#5514=CARTESIAN_POINT('',(0.00439902657391424,0.205802671548656,0.132193823433594));
#5515=CARTESIAN_POINT('',(0.00439902657391424,0.186777071089411,0.13219381101946));
#5516=CARTESIAN_POINT('',(0.00738780241881774,0.205802673562486,0.129107474779182));
#5517=CARTESIAN_POINT('',(0.00738780241881774,0.186777073103242,0.129107462365049));
#5518=CARTESIAN_POINT('',(0.0101962873479317,0.205802675692491,0.12584308115259));
#5519=CARTESIAN_POINT('',(0.0101962873479317,0.186777075233247,0.125843068738457));
#5520=CARTESIAN_POINT('',(0.0125444965192489,0.205802678049924,0.122230136285792));
#5521=CARTESIAN_POINT('',(0.0125444965192489,0.18677707759068,0.122230123871659));
#5522=CARTESIAN_POINT('',(0.0133041793996467,0.205802679894133,0.119403746834362));
#5523=CARTESIAN_POINT('',(0.0133041793996467,0.186777079434889,0.119403734420229));
#5524=CARTESIAN_POINT('',(0.013270672049833,0.205802680840708,0.117953048666214));
#5525=CARTESIAN_POINT('',(0.013270672049833,0.186777080381464,0.117953036252081));
#5526=CARTESIAN_POINT('',(-0.00228125672239999,0.202193785881421,0.139698011534025));
#5527=CARTESIAN_POINT('',(-0.00132892121560714,0.202193785881421,0.138347782815189));
#5528=CARTESIAN_POINT('',(0.00081739405231566,0.202193785881421,0.135855744575829));
#5529=CARTESIAN_POINT('',(0.00311699819681331,0.202193785881421,0.133504405102115));
#5530=CARTESIAN_POINT('',(0.00426447829969514,0.202193785881421,0.132326166246915));
#5531=CARTESIAN_POINT('',(-0.00228125672240003,0.202193785881422,0.139698011534025));
#5532=CARTESIAN_POINT('',(-0.00228125508101952,0.205153295793751,0.13969792541185));
#5533=CARTESIAN_POINT('',(-0.00228125445712679,0.20416679248899,0.139697926828735));
#5534=CARTESIAN_POINT('',(-0.00228125619379286,0.203180289185813,0.139697994605837));
#5535=CARTESIAN_POINT('',(-0.00228125672239997,0.202193785881422,0.139698011534025));
#5536=CARTESIAN_POINT('',(-0.00228125508101951,0.205153295793751,0.139697925411851));
#5537=CARTESIAN_POINT('',(-0.00475182951872765,0.205689880249548,0.146077600056731));
#5538=CARTESIAN_POINT('',(-0.0047587471975017,0.205526464941251,0.144917489404783));
#5539=CARTESIAN_POINT('',(-0.0041713616505922,0.205289284480397,0.142654164040676));
#5540=CARTESIAN_POINT('',(-0.00295306077651439,0.205185821310796,0.14065042178791));
#5541=CARTESIAN_POINT('',(-0.00228125508101952,0.205153295793752,0.139697925411851));
#5542=CARTESIAN_POINT('',(0.0132731704812725,0.205689880249549,0.118159369234539));
#5543=CARTESIAN_POINT('',(0.0132731704812725,0.205689880249549,0.12785258016342));
#5544=CARTESIAN_POINT('',(-0.0230500860427343,0.203231409025249,0.146238886723568));
#5545=CARTESIAN_POINT('',(0.0138231704812735,0.210651709768278,0.164311375349271));
#5546=CARTESIAN_POINT('',(0.0138231704812736,0.210651709768278,0.173995830878937));
#5547=CARTESIAN_POINT('',(0.0132731704812725,0.186889880249555,0.118159369234539));
#5548=CARTESIAN_POINT('',(0.0132731704812725,0.186889880249555,0.127852579219215));
#5549=CARTESIAN_POINT('',(-0.0230500860427343,0.189346538505825,0.146238875424392));
#5550=CARTESIAN_POINT('',(0.0138231704812736,0.181931709768278,0.164311399115446));
#5551=CARTESIAN_POINT('',(0.0138231704812736,0.181931709768278,0.173995830878937));
#5552=CARTESIAN_POINT('',(-0.00228125496447861,0.187426069002342,0.139697922617563));
#5553=CARTESIAN_POINT('',(-0.00295287700413734,0.187393576355442,0.140650158762072));
#5554=CARTESIAN_POINT('',(-0.00417101242572093,0.187290244634255,0.142653354633428));
#5555=CARTESIAN_POINT('',(-0.0047587483827437,0.187053203016005,0.144917289857336));
#5556=CARTESIAN_POINT('',(-0.00475182951872752,0.186889880249555,0.146077600056738));
#5557=CARTESIAN_POINT('',(-0.00228125662164322,0.190385974617683,0.139698009164593));
#5558=CARTESIAN_POINT('',(-0.00132892122685222,0.190385974617683,0.138347780408563));
#5559=CARTESIAN_POINT('',(0.000817394018505071,0.190385974617683,0.135855742032111));
#5560=CARTESIAN_POINT('',(0.00311699823769002,0.190385974617683,0.133504402688769));
#5561=CARTESIAN_POINT('',(0.00426447840956594,0.190385974617683,0.13232616390715));
#5562=CARTESIAN_POINT('',(0.00676727860203242,0.190385974617683,0.129717192594258));
#5563=CARTESIAN_POINT('',(0.00795800657921926,0.190385974617683,0.128441445516321));
#5564=CARTESIAN_POINT('',(0.0102616867297011,0.190385974617683,0.125836483672951));
#5565=CARTESIAN_POINT('',(0.0121449434652996,0.190385974617683,0.122827178748222));
#5566=CARTESIAN_POINT('',(0.0127298138460612,0.190385974617683,0.121159369234539));
#5567=CARTESIAN_POINT('',(0.0127298138460612,0.190385974617683,0.121159369234539));
#5568=CARTESIAN_POINT('',(0.012729813231469,0.202193785881422,0.121159368985901));
#5569=CARTESIAN_POINT('',(0.0127298123307867,0.198257848793509,0.121159368985901));
#5570=CARTESIAN_POINT('',(0.0127298105224434,0.194321911705597,0.121159369234539));
#5571=CARTESIAN_POINT('',(0.0127298096217589,0.190385974617684,0.121159369234539));
#5572=CARTESIAN_POINT('',(0.0127298139647305,0.202193785881422,0.121159369234539));
#5573=CARTESIAN_POINT('',(0.00676727851188032,0.202193785881421,0.129717194531767));
#5574=CARTESIAN_POINT('',(0.00795800657348832,0.202193785881421,0.128441447152315));
#5575=CARTESIAN_POINT('',(0.0102616868634394,0.202193785881421,0.125836484649096));
#5576=CARTESIAN_POINT('',(0.012144943615214,0.202193785881422,0.122827179064924));
#5577=CARTESIAN_POINT('',(0.0127298139647305,0.202193785881422,0.121159369234539));
#5578=CARTESIAN_POINT('',(-0.0047506074334407,0.186877026596052,0.146172322983507));
#5579=CARTESIAN_POINT('',(-0.00465835570649434,0.186241221759403,0.150825668804073));
#5580=CARTESIAN_POINT('',(0.000170671451872274,0.184967694620318,0.155459179475355));
#5581=CARTESIAN_POINT('',(0.00488105382097298,0.183872277593491,0.160162945964548));
#5582=CARTESIAN_POINT('',(-0.00308394076677405,0.186877026596052,0.146172322983507));
#5583=CARTESIAN_POINT('',(-0.0029916890398277,0.186241221759403,0.150825668804073));
#5584=CARTESIAN_POINT('',(0.00183733811853892,0.184967694620318,0.155459179475355));
#5585=CARTESIAN_POINT('',(0.00654772048763962,0.183872277593491,0.160162945964548));
#5586=CARTESIAN_POINT('',(-0.00141727410010737,0.186877026596052,0.146172322983507));
#5587=CARTESIAN_POINT('',(-0.00132502237316102,0.186241221759403,0.150825668804073));
#5588=CARTESIAN_POINT('',(0.00350400478520559,0.184967694620318,0.155459179475355));
#5589=CARTESIAN_POINT('',(0.00821438715430629,0.183872277593491,0.160162945964548));
#5590=CARTESIAN_POINT('',(0.000249392566559294,0.186877026596052,0.146172322983507));
#5591=CARTESIAN_POINT('',(0.000341644293505639,0.186241221759403,0.150825668804073));
#5592=CARTESIAN_POINT('',(0.00517067145187223,0.184967694620318,0.155459179475355));
#5593=CARTESIAN_POINT('',(0.00988105382097291,0.183872277593491,0.160162945964548));
#5594=CARTESIAN_POINT('',(0.000251531907190019,0.186865650734081,0.146255087931112));
#5595=CARTESIAN_POINT('',(0.000259910960388211,0.18670382558186,0.147425531382585));
#5596=CARTESIAN_POINT('',(-0.000269174716882607,0.186308403407287,0.149701238981854));
#5597=CARTESIAN_POINT('',(-0.00137511335328764,0.185865749559382,0.151745195738326));
#5598=CARTESIAN_POINT('',(-0.00198973443650306,0.185643889239406,0.152724172972109));
#5599=CARTESIAN_POINT('',(-0.000776829518726523,0.196291709768279,0.173995830878937));
#5600=CARTESIAN_POINT('',(-0.0183768295187266,0.181931709768278,0.173995830878937));
#5601=CARTESIAN_POINT('',(0.0138231704812736,0.181931709768278,0.173995830878937));
#5602=CARTESIAN_POINT('',(0.0138231704812736,0.196291709768279,0.173995830878937));
#5603=CARTESIAN_POINT('',(-0.000776829518726523,0.196291709768279,0.175995830878937));
#5604=CARTESIAN_POINT('',(-0.0187768295187265,0.196291709768279,0.175995830878937));
#5605=CARTESIAN_POINT('',(-0.0187768295187265,0.188631709768279,0.175995830878937));
#5606=CARTESIAN_POINT('',(-0.0187768295187265,0.203951709768279,0.175995830878937));
#5607=CARTESIAN_POINT('',(-0.0175748295187266,0.188631709768279,0.175995830878937));
#5608=CARTESIAN_POINT('',(-0.0183768295187266,0.183931709768278,0.175995830878937));
#5609=CARTESIAN_POINT('',(0.0146231704812735,0.183931709768278,0.175995830878937));
#5610=CARTESIAN_POINT('',(0.0146231704812735,0.196291709768279,0.175995830878937));
#5611=CARTESIAN_POINT('',(0.0146231704812735,0.208651709768278,0.175995830878937));
#5612=CARTESIAN_POINT('',(-0.0183768295187265,0.208651709768278,0.175995830878937));
#5613=CARTESIAN_POINT('',(-0.0175748295187265,0.203951709768279,0.175995830878937));
#5614=CARTESIAN_POINT('',(0.0146231704812735,0.196291709768279,0.198705830878938));
#5615=CARTESIAN_POINT('',(0.0146231704812735,0.205641709768279,0.185373330878938));
#5616=CARTESIAN_POINT('',(0.0146231704812735,0.205641709768279,0.180995830878938));
#5617=CARTESIAN_POINT('',(0.0146231704812735,0.208651709768278,0.198705830878938));
#5618=CARTESIAN_POINT('',(0.0146231704812735,0.183931709768278,0.198705830878938));
#5619=CARTESIAN_POINT('',(0.0146231704812735,0.186941709768279,0.185373330878938));
#5620=CARTESIAN_POINT('',(0.0146231704812735,0.186941709768279,0.180995830878938));
#5621=CARTESIAN_POINT('',(0.0146231704812735,0.196291709768279,0.180995830878938));
#5622=CARTESIAN_POINT('',(0.0146231704812735,0.206541709768278,0.178555830878938));
#5623=CARTESIAN_POINT('',(0.0146231704812735,0.207541709768278,0.178555830878938));
#5624=CARTESIAN_POINT('',(0.0146231704812735,0.186041709768278,0.178555830878938));
#5625=CARTESIAN_POINT('',(0.0146231704812735,0.187041709768278,0.178555830878938));
#5626=CARTESIAN_POINT('',(0.0188231704812735,0.196291709768279,0.190750830878937));
#5627=CARTESIAN_POINT('',(0.0188231704812735,0.181931709768278,0.198705830878938));
#5628=CARTESIAN_POINT('',(0.0188231704812735,0.181931709768278,0.173995830878937));
#5629=CARTESIAN_POINT('',(0.0188231704812735,0.196291709768279,0.173995830878937));
#5630=CARTESIAN_POINT('',(0.0188231704812735,0.206541709768278,0.178555830878938));
#5631=CARTESIAN_POINT('',(0.0188231704812735,0.208541709768278,0.178555830878938));
#5632=CARTESIAN_POINT('',(0.0188231704812735,0.186041709768278,0.178555830878938));
#5633=CARTESIAN_POINT('',(0.0188231704812735,0.188041709768278,0.178555830878938));
#5634=CARTESIAN_POINT('',(-0.0203768295187265,0.196291709768279,0.190750830878937));
#5635=CARTESIAN_POINT('',(-0.0203768295187265,0.197352369940058,0.188690170707157));
#5636=CARTESIAN_POINT('',(-0.0203768295187265,0.196291709768279,0.187629510535378));
#5637=CARTESIAN_POINT('',(-0.0203768295187265,0.196291709768279,0.173995830878937));
#5638=CARTESIAN_POINT('',(-0.0203768295187266,0.181931709768278,0.173995830878937));
#5639=CARTESIAN_POINT('',(-0.0203768295187266,0.181931709768278,0.190750830878937));
#5640=CARTESIAN_POINT('',(-0.0203768295187265,0.195229220077773,0.188690170707157));
#5641=CARTESIAN_POINT('',(-0.0203768295187266,0.186041709768278,0.182305830878938));
#5642=CARTESIAN_POINT('',(-0.0203768295187266,0.184041709768278,0.182305830878938));
#5643=CARTESIAN_POINT('',(-0.0203768295187265,0.206541709768278,0.182305830878938));
#5644=CARTESIAN_POINT('',(-0.0203768295187265,0.204541709768278,0.182305830878938));
#5645=CARTESIAN_POINT('',(-0.0175748295187265,0.188631709768279,0.190750830878937));
#5646=CARTESIAN_POINT('',(-0.0187768295187265,0.188631709768279,0.190750830878937));
#5647=CARTESIAN_POINT('',(-0.0175748295187265,0.203951709768279,0.190750830878937));
#5648=CARTESIAN_POINT('',(-0.0187768295187265,0.203951709768279,0.190750830878937));
#5649=CARTESIAN_POINT('',(-0.000776829518726492,0.208651709768278,0.189750830878937));
#5650=CARTESIAN_POINT('',(-0.00077682951872653,0.183931709768278,0.189750830878937));
#5651=CARTESIAN_POINT('',(-0.00077682951872653,0.181931709768278,0.189750830878937));
#5652=CARTESIAN_POINT('',(-0.0183768295187266,0.181931709768278,0.173995830878937));
#5653=CARTESIAN_POINT('',(-0.0183768295187266,0.181931709768278,0.173995830878937));
#5654=CARTESIAN_POINT('',(-0.0203768295187265,0.206541709768278,0.182305830878938));
#5655=CARTESIAN_POINT('',(-0.0187768295187265,0.206541709768278,0.182305830878938));
#5656=CARTESIAN_POINT('',(-0.0187768295187265,0.205541709768278,0.182305830878938));
#5657=CARTESIAN_POINT('',(-0.0187768295187265,0.206541709768278,0.180305830878938));
#5658=CARTESIAN_POINT('',(-0.0187768295187265,0.206541709768278,0.182305830878938));
#5659=CARTESIAN_POINT('',(-0.0187768295187265,0.204541709768278,0.182305830878938));
#5660=CARTESIAN_POINT('',(-0.0203768295187265,0.206541709768278,0.182305830878938));
#5661=CARTESIAN_POINT('',(-0.0203768295187266,0.186041709768278,0.182305830878938));
#5662=CARTESIAN_POINT('',(-0.0187768295187265,0.186041709768278,0.182305830878938));
#5663=CARTESIAN_POINT('',(-0.0187768295187265,0.185041709768278,0.182305830878938));
#5664=CARTESIAN_POINT('',(-0.0187768295187265,0.186041709768278,0.180305830878938));
#5665=CARTESIAN_POINT('',(-0.0187768295187265,0.186041709768278,0.182305830878938));
#5666=CARTESIAN_POINT('',(-0.0187768295187266,0.184041709768278,0.182305830878938));
#5667=CARTESIAN_POINT('',(-0.0203768295187266,0.186041709768278,0.182305830878938));
#5668=CARTESIAN_POINT('',(0.0188231704812735,0.186041709768278,0.178555830878938));
#5669=CARTESIAN_POINT('',(0.0158231704812734,0.186041709768278,0.178555830878938));
#5670=CARTESIAN_POINT('',(0.0158231704812734,0.187041709768278,0.178555830878938));
#5671=CARTESIAN_POINT('',(0.0158231704812734,0.186041709768278,0.176555830878938));
#5672=CARTESIAN_POINT('',(0.0158231704812734,0.186041709768278,0.178555830878938));
#5673=CARTESIAN_POINT('',(0.0158231704812735,0.188041709768278,0.178555830878938));
#5674=CARTESIAN_POINT('',(0.0188231704812735,0.186041709768278,0.178555830878938));
#5675=CARTESIAN_POINT('',(0.0188231704812735,0.206541709768278,0.178555830878938));
#5676=CARTESIAN_POINT('',(0.0158231704812735,0.206541709768278,0.178555830878938));
#5677=CARTESIAN_POINT('',(0.0158231704812735,0.207541709768278,0.178555830878938));
#5678=CARTESIAN_POINT('',(0.0158231704812735,0.206541709768278,0.176555830878938));
#5679=CARTESIAN_POINT('',(0.0158231704812735,0.206541709768278,0.178555830878938));
#5680=CARTESIAN_POINT('',(0.0158231704812735,0.208541709768278,0.178555830878938));
#5681=CARTESIAN_POINT('',(0.0188231704812735,0.206541709768278,0.178555830878938));
#5682=CARTESIAN_POINT('',(-0.0187768295187265,0.196291709768279,0.190750830878937));
#5683=CARTESIAN_POINT('',(-0.0187768295187265,0.197352369940058,0.188690170707157));
#5684=CARTESIAN_POINT('',(-0.0187768295187265,0.196291709768279,0.187629510535378));
#5685=CARTESIAN_POINT('',(-0.0187768295187265,0.195229220077773,0.188690170707157));
#5686=CARTESIAN_POINT('',(0.0166231704812735,0.196291709768279,0.198705830878938));
#5687=CARTESIAN_POINT('',(0.0166231704812735,0.196291709768279,0.180995830878938));
#5688=CARTESIAN_POINT('',(0.0166231704812735,0.186941709768279,0.180995830878938));
#5689=CARTESIAN_POINT('',(0.0166231704812735,0.205641709768279,0.180995830878938));
#5690=CARTESIAN_POINT('',(0.0166231704812735,0.186941709768279,0.185373330878938));
#5691=CARTESIAN_POINT('',(0.0166231704812735,0.205641709768279,0.185373330878938));
#5692=CARTESIAN_POINT('',(0.0166251704812735,0.186941709768279,0.185373330878938));
#5693=CARTESIAN_POINT('',(0.0166251704812735,0.186941709768279,0.180995830878938));
#5694=CARTESIAN_POINT('',(0.0166251704812735,0.196291709768279,0.180995830878938));
#5695=CARTESIAN_POINT('',(0.0166251704812735,0.205641709768279,0.180995830878938));
#5696=CARTESIAN_POINT('',(0.0166251704812735,0.205641709768279,0.185373330878938));
#5697=CARTESIAN_POINT('',(0.00971526217478009,0.183910895691214,0.159997457106173));
#5698=CARTESIAN_POINT('',(0.0142983926740878,0.182841595568408,0.164570505320559));
#5699=CARTESIAN_POINT('',(0.0188231704812734,0.181931709768278,0.169209005487625));
#5700=CARTESIAN_POINT('',(0.0188231704812735,0.181931709768278,0.173995830878937));
#5701=CARTESIAN_POINT('',(0.00971526217478009,0.184426732515209,0.159997456556845));
#5702=CARTESIAN_POINT('',(0.0142983926740878,0.183402003004261,0.1645705046822));
#5703=CARTESIAN_POINT('',(0.0188231704812734,0.182530043101612,0.16920900494131));
#5704=CARTESIAN_POINT('',(0.0188231704812735,0.182530043101611,0.173995830878937));
#5705=CARTESIAN_POINT('',(0.00971526217478009,0.184942569339205,0.159997404812129));
#5706=CARTESIAN_POINT('',(0.0142983926740878,0.183962410440115,0.164570443331307));
#5707=CARTESIAN_POINT('',(0.0188231704812734,0.183128376434945,0.169208951068445));
#5708=CARTESIAN_POINT('',(0.0188231704812735,0.183128376434945,0.173995830878937));
#5709=CARTESIAN_POINT('',(0.00971526217478009,0.185974242987196,0.159997288491076));
#5710=CARTESIAN_POINT('',(0.0142983926740878,0.185083225311822,0.164570305460334));
#5711=CARTESIAN_POINT('',(0.0188231704812734,0.184325043101611,0.169208830051482));
#5712=CARTESIAN_POINT('',(0.0188231704812735,0.184325043101611,0.173995830878937));
#5713=CARTESIAN_POINT('',(0.00971526217478009,0.186490079811192,0.159997223574857));
#5714=CARTESIAN_POINT('',(0.0142983926740878,0.185643632747676,0.164570228536032));
#5715=CARTESIAN_POINT('',(0.0188231704812734,0.184923376434945,0.169208762551069));
#5716=CARTESIAN_POINT('',(0.0188231704812735,0.184923376434945,0.173995830878937));
#5717=CARTESIAN_POINT('',(0.00971526217478009,0.187521753459183,0.159997124788179));
#5718=CARTESIAN_POINT('',(0.0142983926740878,0.186764447619383,0.164570111444895));
#5719=CARTESIAN_POINT('',(0.0188231704812735,0.186120043101612,0.169208659770418));
#5720=CARTESIAN_POINT('',(0.0188231704812735,0.186120043101611,0.173995830878937));
#5721=CARTESIAN_POINT('',(0.00971526217478009,0.188037590283178,0.159997090059656));
#5722=CARTESIAN_POINT('',(0.0142983926740878,0.187324855055236,0.164570070286245));
#5723=CARTESIAN_POINT('',(0.0188231704812735,0.186718376434945,0.169208623647337));
#5724=CARTESIAN_POINT('',(0.0188231704812735,0.186718376434945,0.173995830878937));
#5725=CARTESIAN_POINT('',(0.00971526217478012,0.189069263931169,0.159997061083674));
#5726=CARTESIAN_POINT('',(0.0142983926740879,0.188445669926943,0.164570035959475));
#5727=CARTESIAN_POINT('',(0.0188231704812735,0.187915043101612,0.169208593535939));
#5728=CARTESIAN_POINT('',(0.0188231704812735,0.187915043101612,0.173995830878937));
#5729=CARTESIAN_POINT('',(0.00971526217478012,0.189585100755165,0.159997065784107));
#5730=CARTESIAN_POINT('',(0.0142983926740879,0.189006077362797,0.164570041540084));
#5731=CARTESIAN_POINT('',(0.0188231704812735,0.188513376434945,0.169208598444644));
#5732=CARTESIAN_POINT('',(0.0188231704812735,0.188513376434945,0.173995830878937));
#5733=CARTESIAN_POINT('',(0.00971526217478012,0.191132611227152,0.159997127858461));
#5734=CARTESIAN_POINT('',(0.0142983926740879,0.190687299670357,0.164570115037385));
#5735=CARTESIAN_POINT('',(0.0188231704812735,0.190308376434945,0.169208662872502));
#5736=CARTESIAN_POINT('',(0.0188231704812735,0.190308376434945,0.173995830878937));
#5737=CARTESIAN_POINT('',(0.00971526217478012,0.192164284875143,0.159997226299431));
#5738=CARTESIAN_POINT('',(0.0142983926740879,0.191808114542064,0.164570231727087));
#5739=CARTESIAN_POINT('',(0.0188231704812735,0.191505043101611,0.16920876530994));
#5740=CARTESIAN_POINT('',(0.0188231704812735,0.191505043101611,0.173995830878937));
#5741=CARTESIAN_POINT('',(0.00971526217478011,0.194227632171125,0.159997392598635));
#5742=CARTESIAN_POINT('',(0.0142983926740879,0.194049744285479,0.164570428858312));
#5743=CARTESIAN_POINT('',(0.0188231704812735,0.193898376434945,0.169208938368218));
#5744=CARTESIAN_POINT('',(0.0188231704812735,0.193898376434945,0.173995830878937));
#5745=CARTESIAN_POINT('',(0.00971526217478011,0.195259305819116,0.159997452564485));
#5746=CARTESIAN_POINT('',(0.0142983926740879,0.195170559157186,0.164570499913442));
#5747=CARTESIAN_POINT('',(0.0188231704812735,0.195095043101612,0.169209000715082));
#5748=CARTESIAN_POINT('',(0.0188231704812735,0.195095043101611,0.173995830878937));
#5749=CARTESIAN_POINT('',(0.00971526217478011,0.196806816291103,0.159997450906459));
#5750=CARTESIAN_POINT('',(0.0142983926740879,0.196851781464746,0.16457049798537));
#5751=CARTESIAN_POINT('',(0.0188231704812735,0.196890043101612,0.169208999063529));
#5752=CARTESIAN_POINT('',(0.0188231704812735,0.196890043101611,0.173995830878937));
#5753=CARTESIAN_POINT('',(0.00971526217478011,0.197322653115098,0.159997436623543));
#5754=CARTESIAN_POINT('',(0.0142983926740879,0.1974121889006,0.164570481073032));
#5755=CARTESIAN_POINT('',(0.0188231704812735,0.197488376434945,0.169208984236963));
#5756=CARTESIAN_POINT('',(0.0188231704812735,0.197488376434945,0.173995830878937));
#5757=CARTESIAN_POINT('',(0.00971526217478011,0.198354326763089,0.159997384606619));
#5758=CARTESIAN_POINT('',(0.0142983926740879,0.198533003772307,0.164570419429822));
#5759=CARTESIAN_POINT('',(0.0188231704812735,0.198685043101612,0.169208930140857));
#5760=CARTESIAN_POINT('',(0.0188231704812735,0.198685043101611,0.173995830878937));
#5761=CARTESIAN_POINT('',(0.00971526217478011,0.198870163587085,0.159997347377233));
#5762=CARTESIAN_POINT('',(0.0142983926740879,0.199093411208161,0.164570375299096));
#5763=CARTESIAN_POINT('',(0.0188231704812735,0.199283376434945,0.169208891400337));
#5764=CARTESIAN_POINT('',(0.0188231704812735,0.199283376434945,0.173995830878937));
#5765=CARTESIAN_POINT('',(0.00971526217478011,0.200417674059072,0.159997220928908));
#5766=CARTESIAN_POINT('',(0.0142983926740879,0.200774633515721,0.164570225388984));
#5767=CARTESIAN_POINT('',(0.0188231704812735,0.201078376434945,0.169208759776741));
#5768=CARTESIAN_POINT('',(0.0188231704812735,0.201078376434945,0.173995830878937));
#5769=CARTESIAN_POINT('',(0.00971526217478011,0.201449347707063,0.159997121153064));
#5770=CARTESIAN_POINT('',(0.0142983926740879,0.201895448387428,0.164570107090592));
#5771=CARTESIAN_POINT('',(0.0188231704812735,0.202275043101611,0.169208655898112));
#5772=CARTESIAN_POINT('',(0.0188231704812735,0.202275043101611,0.173995830878937));
#5773=CARTESIAN_POINT('',(0.00971526217478011,0.202996858179049,0.159997057490715));
#5774=CARTESIAN_POINT('',(0.0142983926740879,0.203576670694989,0.164570031711305));
#5775=CARTESIAN_POINT('',(0.0188231704812735,0.204070043101611,0.169208589818555));
#5776=CARTESIAN_POINT('',(0.0188231704812735,0.204070043101611,0.173995830878937));
#5777=CARTESIAN_POINT('',(0.00971526217478011,0.203512695003045,0.159997052305042));
#5778=CARTESIAN_POINT('',(0.0142983926740879,0.204137078130843,0.164570025555621));
#5779=CARTESIAN_POINT('',(0.0188231704812735,0.204668376434945,0.169208584405144));
#5780=CARTESIAN_POINT('',(0.0188231704812735,0.204668376434945,0.173995830878937));
#5781=CARTESIAN_POINT('',(0.00971526217478011,0.204544368651036,0.159997080420747));
#5782=CARTESIAN_POINT('',(0.0142983926740879,0.205257893002549,0.164570058862848));
#5783=CARTESIAN_POINT('',(0.0188231704812735,0.205865043101612,0.169208613621754));
#5784=CARTESIAN_POINT('',(0.0188231704812735,0.205865043101611,0.173995830878937));
#5785=CARTESIAN_POINT('',(0.00971526217478011,0.205060205475032,0.159997114774228));
#5786=CARTESIAN_POINT('',(0.0142983926740879,0.205818300438403,0.164570099577023));
#5787=CARTESIAN_POINT('',(0.0188231704812735,0.206463376434945,0.169208649354748));
#5788=CARTESIAN_POINT('',(0.0188231704812735,0.206463376434945,0.173995830878937));
#5789=CARTESIAN_POINT('',(0.00971526217478011,0.206091879123023,0.15999721294308));
#5790=CARTESIAN_POINT('',(0.0142983926740879,0.20693911531011,0.164570215935953));
#5791=CARTESIAN_POINT('',(0.0188231704812735,0.207660043101611,0.169208751492787));
#5792=CARTESIAN_POINT('',(0.0188231704812735,0.207660043101611,0.173995830878937));
#5793=CARTESIAN_POINT('',(0.00971526217478011,0.206607715947018,0.159997277616513));
#5794=CARTESIAN_POINT('',(0.0142983926740879,0.207499522745964,0.164570292572519));
#5795=CARTESIAN_POINT('',(0.0188231704812735,0.208258376434945,0.169208818740672));
#5796=CARTESIAN_POINT('',(0.0188231704812735,0.208258376434945,0.173995830878937));
#5797=CARTESIAN_POINT('',(0.00971526217478011,0.207639389595009,0.159997393606415));
#5798=CARTESIAN_POINT('',(0.0142983926740879,0.208620337617671,0.164570430051034));
#5799=CARTESIAN_POINT('',(0.0188231704812735,0.209455043101612,0.169208939413198));
#5800=CARTESIAN_POINT('',(0.0188231704812735,0.209455043101611,0.173995830878937));
#5801=CARTESIAN_POINT('',(0.00971526217478011,0.208155226419005,0.159997445262769));
#5802=CARTESIAN_POINT('',(0.0142983926740879,0.209180745053524,0.164570491297205));
#5803=CARTESIAN_POINT('',(0.0188231704812735,0.210053376434945,0.169208993194155));
#5804=CARTESIAN_POINT('',(0.0188231704812735,0.210053376434945,0.173995830878937));
#5805=CARTESIAN_POINT('',(0.00971526217478011,0.208671063243001,0.159997445812096));
#5806=CARTESIAN_POINT('',(0.0142983926740879,0.209741152489378,0.164570491935563));
#5807=CARTESIAN_POINT('',(0.0188231704812735,0.210651709768279,0.169208993740468));
#5808=CARTESIAN_POINT('',(0.0188231704812735,0.210651709768278,0.173995830878937));
#5809=CARTESIAN_POINT('',(0.00979726117094623,0.202193785881421,0.160078923990838));
#5810=CARTESIAN_POINT('',(0.0114433509802822,0.202193785881421,0.161721966208624));
#5811=CARTESIAN_POINT('',(0.0139186243490088,0.202193785881421,0.164204590391405));
#5812=CARTESIAN_POINT('',(0.0167508777351253,0.202193785881421,0.167856382793916));
#5813=CARTESIAN_POINT('',(0.0178628502145724,0.202193785881421,0.169881012999998));
#5814=CARTESIAN_POINT('',(0.0182648305231059,0.202193785881421,0.170995830878937));
#5815=CARTESIAN_POINT('',(0.018264830523106,0.202193785881422,0.170995830878937));
#5816=CARTESIAN_POINT('',(0.0182731704812725,0.205689880249549,0.118159369234539));
#5817=CARTESIAN_POINT('',(0.0182731704812725,0.205689880249549,0.12785258016342));
#5818=CARTESIAN_POINT('',(-0.0180500860427343,0.203231409025249,0.146238886723568));
#5819=CARTESIAN_POINT('',(0.0188231704812735,0.210651709768278,0.164311375349271));
#5820=CARTESIAN_POINT('',(0.0188231704812735,0.210651709768278,0.173995830878937));
#5821=CARTESIAN_POINT('',(0.0182731704812724,0.186889880249555,0.118159369234539));
#5822=CARTESIAN_POINT('',(0.0182731704812725,0.186889880249555,0.127852579219215));
#5823=CARTESIAN_POINT('',(-0.0180500860427342,0.189346538505825,0.146238875424392));
#5824=CARTESIAN_POINT('',(0.0188231704812735,0.181931709768278,0.164311399115446));
#5825=CARTESIAN_POINT('',(0.0188231704812735,0.181931709768278,0.173995830878937));
#5826=CARTESIAN_POINT('',(0.0097972613236473,0.190385974617683,0.160078931509564));
#5827=CARTESIAN_POINT('',(0.0114433501291158,0.190385974617683,0.161721972984232));
#5828=CARTESIAN_POINT('',(0.0139186221978036,0.190385974617683,0.164204595727607));
#5829=CARTESIAN_POINT('',(0.0167508753867001,0.190385974617683,0.167856385369423));
#5830=CARTESIAN_POINT('',(0.0178628484886878,0.190385974617683,0.169881013880605));
#5831=CARTESIAN_POINT('',(0.0182648292775649,0.190385974617683,0.170995830878938));
#5832=CARTESIAN_POINT('',(0.0182648292775649,0.190385974617683,0.170995830878937));
#5833=CARTESIAN_POINT('',(0.0182648292775649,0.190385974617683,0.170995830878937));
#5834=CARTESIAN_POINT('',(0.0182647826294377,0.194321911705601,0.170995830878937));
#5835=CARTESIAN_POINT('',(0.0182647830445291,0.198257848793514,0.170995830878938));
#5836=CARTESIAN_POINT('',(0.0182648305231059,0.202193785881421,0.170995830878938));
#5837=CARTESIAN_POINT('',(0.00471526367765181,0.183910895340576,0.159997458605738));
#5838=CARTESIAN_POINT('',(0.00929839366324585,0.182841595369499,0.164570506334577));
#5839=CARTESIAN_POINT('',(0.0138231704812736,0.181931709768278,0.169209006010847));
#5840=CARTESIAN_POINT('',(0.0138231704812736,0.181931709768278,0.173995830878937));
#5841=CARTESIAN_POINT('',(0.00638193034431845,0.183910895340576,0.159997458605738));
#5842=CARTESIAN_POINT('',(0.0109650603299125,0.182841595369499,0.164570506334577));
#5843=CARTESIAN_POINT('',(0.0154898371479402,0.181931709768278,0.169209006010847));
#5844=CARTESIAN_POINT('',(0.0154898371479402,0.181931709768278,0.173995830878937));
#5845=CARTESIAN_POINT('',(0.00804859701098511,0.183910895340576,0.159997458605738));
#5846=CARTESIAN_POINT('',(0.0126317269965792,0.182841595369499,0.164570506334577));
#5847=CARTESIAN_POINT('',(0.0171565038146069,0.181931709768278,0.169209006010847));
#5848=CARTESIAN_POINT('',(0.0171565038146069,0.181931709768278,0.173995830878937));
#5849=CARTESIAN_POINT('',(0.00971526367765174,0.183910895340576,0.159997458605738));
#5850=CARTESIAN_POINT('',(0.0142983936632458,0.182841595369499,0.164570506334577));
#5851=CARTESIAN_POINT('',(0.0188231704812735,0.181931709768278,0.169209006010847));
#5852=CARTESIAN_POINT('',(0.0188231704812735,0.181931709768278,0.173995830878937));
#5853=CARTESIAN_POINT('',(0.0132731704812725,0.186889880249555,0.118159369234539));
#5854=CARTESIAN_POINT('',(0.0132731704812725,0.186889880249555,0.127852579219215));
#5855=CARTESIAN_POINT('',(-0.0230500860427343,0.189346538505825,0.146238875424392));
#5856=CARTESIAN_POINT('',(0.0138231704812736,0.181931709768278,0.164311399115446));
#5857=CARTESIAN_POINT('',(0.0138231704812736,0.181931709768278,0.173995830878937));
#5858=CARTESIAN_POINT('',(0.00737477772950471,0.209277347857116,0.16269979745963));
#5859=CARTESIAN_POINT('',(0.0109010388484022,0.210063665815271,0.166398021449637));
#5860=CARTESIAN_POINT('',(0.0138231704812736,0.210651709768278,0.170149028191287));
#5861=CARTESIAN_POINT('',(0.0138231704812736,0.210651709768278,0.173995830878937));
#5862=CARTESIAN_POINT('',(0.00737477772950471,0.208736258488716,0.16269979688087));
#5863=CARTESIAN_POINT('',(0.0109010388484022,0.209489825279033,0.166398020864949));
#5864=CARTESIAN_POINT('',(0.0138231704812736,0.210053376434945,0.170149027752259));
#5865=CARTESIAN_POINT('',(0.0138231704812736,0.210053376434945,0.173995830878937));
#5866=CARTESIAN_POINT('',(0.00737477772950471,0.208195169120315,0.162699741769567));
#5867=CARTESIAN_POINT('',(0.0109010388484022,0.208915984742794,0.166397964336955));
#5868=CARTESIAN_POINT('',(0.0138231704812736,0.209455043101612,0.170148984532754));
#5869=CARTESIAN_POINT('',(0.0138231704812736,0.209455043101611,0.173995830878937));
#5870=CARTESIAN_POINT('',(0.00737477772950471,0.207112990383515,0.162699618046984));
#5871=CARTESIAN_POINT('',(0.0109010388484022,0.207768303670317,0.166397837464712));
#5872=CARTESIAN_POINT('',(0.0138231704812736,0.208258376434945,0.170148887557782));
#5873=CARTESIAN_POINT('',(0.0138231704812736,0.208258376434945,0.173995830878937));
#5874=CARTESIAN_POINT('',(0.00737477772950471,0.206571901015114,0.162699549072388));
#5875=CARTESIAN_POINT('',(0.0109010388484022,0.207194463134079,0.166397766746951));
#5876=CARTESIAN_POINT('',(0.0138231704812736,0.207660043101612,0.170148833515971));
#5877=CARTESIAN_POINT('',(0.0138231704812736,0.207660043101611,0.173995830878937));
#5878=CARTESIAN_POINT('',(0.00737477772950471,0.205489722278314,0.162699444357211));
#5879=CARTESIAN_POINT('',(0.0109010388484022,0.206046782061602,0.166397659363891));
#5880=CARTESIAN_POINT('',(0.0138231704812736,0.206463376434945,0.170148751435702));
#5881=CARTESIAN_POINT('',(0.0138231704812736,0.206463376434945,0.173995830878937));
#5882=CARTESIAN_POINT('',(0.00737477772950471,0.204948632909913,0.162699407715596));
#5883=CARTESIAN_POINT('',(0.0109010388484022,0.205472941525363,0.16639762179205));
#5884=CARTESIAN_POINT('',(0.0138231704812736,0.205865043101612,0.170148722719919));
#5885=CARTESIAN_POINT('',(0.0138231704812736,0.205865043101611,0.173995830878937));
#5886=CARTESIAN_POINT('',(0.00737477772950471,0.203866454173113,0.162699377735253));
#5887=CARTESIAN_POINT('',(0.0109010388484022,0.204325260452887,0.166397591060423));
#5888=CARTESIAN_POINT('',(0.0138231704812736,0.204668376434945,0.170148699240839));
#5889=CARTESIAN_POINT('',(0.0138231704812736,0.204668376434945,0.173995830878937));
#5890=CARTESIAN_POINT('',(0.00737477772950471,0.203325364804713,0.162699383271885));
#5891=CARTESIAN_POINT('',(0.0109010388484022,0.203751419916648,0.166397596744433));
#5892=CARTESIAN_POINT('',(0.0138231704812736,0.204070043101612,0.170148703591169));
#5893=CARTESIAN_POINT('',(0.0138231704812736,0.204070043101611,0.173995830878937));
#5894=CARTESIAN_POINT('',(0.00737477772950471,0.201702096699511,0.162699451134765));
#5895=CARTESIAN_POINT('',(0.0109010388484022,0.202029898307932,0.166397666281477));
#5896=CARTESIAN_POINT('',(0.0138231704812736,0.202275043101611,0.170148756694086));
#5897=CARTESIAN_POINT('',(0.0138231704812736,0.202275043101611,0.173995830878937));
#5898=CARTESIAN_POINT('',(0.00737477772950472,0.200619917962711,0.162699557583679));
#5899=CARTESIAN_POINT('',(0.0109010388484022,0.200882217235456,0.166397775466434));
#5900=CARTESIAN_POINT('',(0.0138231704812736,0.201078376434945,0.17014884017313));
#5901=CARTESIAN_POINT('',(0.0138231704812736,0.201078376434945,0.173995830878937));
#5902=CARTESIAN_POINT('',(0.00737477772950471,0.19899664985751,0.162699692482014));
#5903=CARTESIAN_POINT('',(0.0109010388484022,0.19916069562674,0.166397913823556));
#5904=CARTESIAN_POINT('',(0.0138231704812736,0.199283376434945,0.170148945948612));
#5905=CARTESIAN_POINT('',(0.0138231704812736,0.199283376434945,0.173995830878937));
#5906=CARTESIAN_POINT('',(0.00737477772950471,0.198455560489109,0.162699732195691));
#5907=CARTESIAN_POINT('',(0.0109010388484022,0.198586855090502,0.16639795455109));
#5908=CARTESIAN_POINT('',(0.0138231704812736,0.198685043101611,0.170148977081306));
#5909=CARTESIAN_POINT('',(0.0138231704812736,0.198685043101611,0.173995830878937));
#5910=CARTESIAN_POINT('',(0.00737477772950471,0.197373381752309,0.162699787674486));
#5911=CARTESIAN_POINT('',(0.0109010388484022,0.197439174018025,0.166398011434964));
#5912=CARTESIAN_POINT('',(0.0138231704812736,0.197488376434945,0.170149020554071));
#5913=CARTESIAN_POINT('',(0.0138231704812736,0.197488376434945,0.173995830878937));
#5914=CARTESIAN_POINT('',(0.00737477772950471,0.196832292383908,0.162699802900191));
#5915=CARTESIAN_POINT('',(0.0109010388484022,0.196865333481786,0.166398027036753));
#5916=CARTESIAN_POINT('',(0.0138231704812736,0.196890043101611,0.170149032469011));
#5917=CARTESIAN_POINT('',(0.0138231704812736,0.196890043101611,0.173995830878937));
#5918=CARTESIAN_POINT('',(0.00737477772950471,0.195209024278707,0.162699804647803));
#5919=CARTESIAN_POINT('',(0.0109010388484022,0.195143811873071,0.166398028803192));
#5920=CARTESIAN_POINT('',(0.0138231704812736,0.195095043101612,0.170149033796233));
#5921=CARTESIAN_POINT('',(0.0138231704812736,0.195095043101611,0.173995830878937));
#5922=CARTESIAN_POINT('',(0.00737477772950471,0.194126845541907,0.162699740695596));
#5923=CARTESIAN_POINT('',(0.0109010388484022,0.193996130800594,0.166397963236862));
#5924=CARTESIAN_POINT('',(0.0138231704812736,0.193898376434945,0.170148983692986));
#5925=CARTESIAN_POINT('',(0.0138231704812736,0.193898376434945,0.173995830878937));
#5926=CARTESIAN_POINT('',(0.00737477772950471,0.191962488068306,0.162699563296788));
#5927=CARTESIAN_POINT('',(0.0109010388484022,0.19170076865564,0.166397781306059));
#5928=CARTESIAN_POINT('',(0.0138231704812736,0.191505043101611,0.170148844619725));
#5929=CARTESIAN_POINT('',(0.0138231704812736,0.191505043101611,0.173995830878937));
#5930=CARTESIAN_POINT('',(0.00737477772950471,0.190880309331505,0.162699458286702));
#5931=CARTESIAN_POINT('',(0.0109010388484022,0.190553087583163,0.166397673614886));
#5932=CARTESIAN_POINT('',(0.0138231704812736,0.190308376434945,0.170148762298853));
#5933=CARTESIAN_POINT('',(0.0138231704812736,0.190308376434945,0.173995830878937));
#5934=CARTESIAN_POINT('',(0.00737477772950471,0.189257041226304,0.162699392117568));
#5935=CARTESIAN_POINT('',(0.0109010388484022,0.188831565974448,0.166397605814564));
#5936=CARTESIAN_POINT('',(0.0138231704812736,0.188513376434945,0.170148710523275));
#5937=CARTESIAN_POINT('',(0.0138231704812736,0.188513376434945,0.173995830878937));
#5938=CARTESIAN_POINT('',(0.00737477772950472,0.188715951857904,0.162699387098489));
#5939=CARTESIAN_POINT('',(0.0109010388484022,0.188257725438209,0.166397600661241));
#5940=CARTESIAN_POINT('',(0.0138231704812736,0.187915043101612,0.170148706578536));
#5941=CARTESIAN_POINT('',(0.0138231704812736,0.187915043101612,0.173995830878937));
#5942=CARTESIAN_POINT('',(0.00737477772950472,0.187633773121103,0.162699417996399));
#5943=CARTESIAN_POINT('',(0.0109010388484022,0.187110044365732,0.166397632333717));
#5944=CARTESIAN_POINT('',(0.0138231704812736,0.186718376434945,0.170148730776687));
#5945=CARTESIAN_POINT('',(0.0138231704812736,0.186718376434945,0.173995830878937));
#5946=CARTESIAN_POINT('',(0.00737477772950472,0.187092683752703,0.162699455038032));
#5947=CARTESIAN_POINT('',(0.0109010388484022,0.186536203829494,0.166397670315725));
#5948=CARTESIAN_POINT('',(0.0138231704812736,0.186120043101611,0.170148759805952));
#5949=CARTESIAN_POINT('',(0.0138231704812736,0.186120043101611,0.173995830878937));
#5950=CARTESIAN_POINT('',(0.00737477772950472,0.186010505015902,0.162699560412178));
#5951=CARTESIAN_POINT('',(0.0109010388484022,0.185388522757017,0.166397778374476));
#5952=CARTESIAN_POINT('',(0.0138231704812736,0.184923376434945,0.170148842402639));
#5953=CARTESIAN_POINT('',(0.0138231704812736,0.184923376434945,0.173995830878937));
#5954=CARTESIAN_POINT('',(0.00737477772950472,0.185469415647502,0.16269962964573));
#5955=CARTESIAN_POINT('',(0.0109010388484022,0.184814682220778,0.166397849357764));
#5956=CARTESIAN_POINT('',(0.0138231704812736,0.184325043101611,0.170148896647386));
#5957=CARTESIAN_POINT('',(0.0138231704812736,0.184325043101611,0.173995830878937));
#5958=CARTESIAN_POINT('',(0.00737477772950472,0.184387236910701,0.162699753721516));
#5959=CARTESIAN_POINT('',(0.0109010388484022,0.183667001148302,0.166397976592173));
#5960=CARTESIAN_POINT('',(0.0138231704812736,0.183128376434945,0.170148993899155));
#5961=CARTESIAN_POINT('',(0.0138231704812736,0.183128376434945,0.173995830878937));
#5962=CARTESIAN_POINT('',(0.00737477772950472,0.183846147542301,0.162699808927066));
#5963=CARTESIAN_POINT('',(0.0109010388484022,0.183093160612063,0.166398033216806));
#5964=CARTESIAN_POINT('',(0.0138231704812736,0.182530043101612,0.170149037192519));
#5965=CARTESIAN_POINT('',(0.0138231704812736,0.182530043101611,0.173995830878937));
#5966=CARTESIAN_POINT('',(0.00737477772950472,0.183305058173901,0.162699809505827));
#5967=CARTESIAN_POINT('',(0.0109010388484022,0.182519320075825,0.166398033801495));
#5968=CARTESIAN_POINT('',(0.0138231704812736,0.181931709768279,0.170149037631548));
#5969=CARTESIAN_POINT('',(0.0138231704812736,0.181931709768278,0.173995830878937));
#5970=CARTESIAN_POINT('',(0.013264830523106,0.202193785881421,0.170995830878937));
#5971=CARTESIAN_POINT('',(0.0126848391395764,0.202193785881421,0.16938733227773));
#5972=CARTESIAN_POINT('',(0.0108756602151461,0.202193785881421,0.166529554972297));
#5973=CARTESIAN_POINT('',(0.00860656594590932,0.202193785881421,0.163994121243514));
#5974=CARTESIAN_POINT('',(0.00743780880779546,0.202193785881421,0.162765615064902));
#5975=CARTESIAN_POINT('',(0.013264830523106,0.202193785881422,0.170995830878937));
#5976=CARTESIAN_POINT('',(0.013264830523106,0.202193785881422,0.170995830878937));
#5977=CARTESIAN_POINT('',(0.0132647830445292,0.198257848793514,0.170995830878937));
#5978=CARTESIAN_POINT('',(0.0132647826294378,0.194321911705601,0.170995830878938));
#5979=CARTESIAN_POINT('',(0.013264829277565,0.190385974617683,0.170995830878938));
#5980=CARTESIAN_POINT('',(0.0132648292775649,0.190385974617683,0.170995830878937));
#5981=CARTESIAN_POINT('',(0.0132648292775649,0.190385974617683,0.170995830878937));
#5982=CARTESIAN_POINT('',(0.0126848372932297,0.190385974617683,0.16938733380414));
#5983=CARTESIAN_POINT('',(0.010875658243316,0.190385974617683,0.166529559535891));
#5984=CARTESIAN_POINT('',(0.00860656528699391,0.190385974617683,0.163994127937952));
#5985=CARTESIAN_POINT('',(0.00743780894815428,0.190385974617683,0.162765622689158));
#5986=CARTESIAN_POINT('',(0.0132731704812725,0.205689880249549,0.118159369234539));
#5987=CARTESIAN_POINT('',(0.0132731704812725,0.205689880249549,0.12785258016342));
#5988=CARTESIAN_POINT('',(-0.0230500860427343,0.203231409025249,0.146238886723568));
#5989=CARTESIAN_POINT('',(0.0138231704812735,0.210651709768278,0.164311375349271));
#5990=CARTESIAN_POINT('',(0.0138231704812736,0.210651709768278,0.173995830878937));
#5991=CARTESIAN_POINT('',(0.00971526343683454,0.208671063537671,0.159997447071374));
#5992=CARTESIAN_POINT('',(0.0142983935047451,0.209741152656538,0.164570492787097));
#5993=CARTESIAN_POINT('',(0.0188231704812735,0.210651709768279,0.169208994179851));
#5994=CARTESIAN_POINT('',(0.0188231704812735,0.210651709768278,0.173995830878937));
#5995=CARTESIAN_POINT('',(0.00804859677016789,0.208671063537671,0.159997447071374));
#5996=CARTESIAN_POINT('',(0.0126317268380784,0.209741152656538,0.164570492787097));
#5997=CARTESIAN_POINT('',(0.0171565038146069,0.210651709768279,0.169208994179851));
#5998=CARTESIAN_POINT('',(0.0171565038146069,0.210651709768278,0.173995830878937));
#5999=CARTESIAN_POINT('',(0.00638193010350123,0.208671063537671,0.159997447071374));
#6000=CARTESIAN_POINT('',(0.0109650601714118,0.209741152656538,0.164570492787097));
#6001=CARTESIAN_POINT('',(0.0154898371479402,0.210651709768279,0.169208994179851));
#6002=CARTESIAN_POINT('',(0.0154898371479402,0.210651709768278,0.173995830878937));
#6003=CARTESIAN_POINT('',(0.00471526343683457,0.208671063537671,0.159997447071374));
#6004=CARTESIAN_POINT('',(0.00929839350474511,0.209741152656538,0.164570492787097));
#6005=CARTESIAN_POINT('',(0.0138231704812736,0.210651709768279,0.169208994179851));
#6006=CARTESIAN_POINT('',(0.0138231704812736,0.210651709768278,0.173995830878937));
#6007=CARTESIAN_POINT('',(0.000241107023451047,0.205666471715607,0.145909433698169));
#6008=CARTESIAN_POINT('',(0.000721172994491315,0.20690786588994,0.154935140448166));
#6009=CARTESIAN_POINT('',(-0.0153768295187265,0.210651709768278,0.164238724610383));
#6010=CARTESIAN_POINT('',(-0.0153768295187265,0.210651709768278,0.173995830878937));
#6011=CARTESIAN_POINT('',(-0.00143556784509167,0.205666471715607,0.145909433698169));
#6012=CARTESIAN_POINT('',(-0.000955501874051415,0.20690786588994,0.154935140448166));
#6013=CARTESIAN_POINT('',(-0.0170535043872692,0.210651709768278,0.164238724610383));
#6014=CARTESIAN_POINT('',(-0.0170535043872692,0.210651709768278,0.173995830878937));
#6015=CARTESIAN_POINT('',(-0.00311224271363442,0.205666471715607,0.145909433698169));
#6016=CARTESIAN_POINT('',(-0.00263217674259414,0.20690786588994,0.154935140448166));
#6017=CARTESIAN_POINT('',(-0.0187301792558119,0.210651709768278,0.164238724610383));
#6018=CARTESIAN_POINT('',(-0.0187301792558119,0.210651709768278,0.173995830878937));
#6019=CARTESIAN_POINT('',(-0.00478891758217713,0.205666471715607,0.145909433698169));
#6020=CARTESIAN_POINT('',(-0.00430885161113686,0.20690786588994,0.154935140448166));
#6021=CARTESIAN_POINT('',(-0.0204068541243547,0.210651709768278,0.164238724610383));
#6022=CARTESIAN_POINT('',(-0.0204068541243547,0.210651709768278,0.173995830878937));
#6023=CARTESIAN_POINT('',(-0.0177768295187279,0.205689880249549,0.118159369234539));
#6024=CARTESIAN_POINT('',(-0.0177768295187278,0.205689880249549,0.127735417836851));
#6025=CARTESIAN_POINT('',(0.0170397624424993,0.203113123326074,0.14544474944393));
#6026=CARTESIAN_POINT('',(-0.0153768295187265,0.210651709768278,0.164299311029047));
#6027=CARTESIAN_POINT('',(-0.0153768295187265,0.210651709768278,0.173995830878937));
#6028=CARTESIAN_POINT('',(-0.022776829518728,0.205689880249555,0.118159369234539));
#6029=CARTESIAN_POINT('',(-0.0227768295187279,0.205689880249555,0.127735417836851));
#6030=CARTESIAN_POINT('',(0.0120397624424993,0.203113123326071,0.14544474944393));
#6031=CARTESIAN_POINT('',(-0.0203768295187265,0.210651709768278,0.164299311029047));
#6032=CARTESIAN_POINT('',(-0.0203768295187265,0.210651709768278,0.173995830878937));
#6033=CARTESIAN_POINT('',(0.000248170481269618,0.186889880249568,0.146077600056645));
#6034=CARTESIAN_POINT('',(0.000524321542265829,0.185626848471676,0.15505068253583));
#6035=CARTESIAN_POINT('',(-0.0153768295187264,0.181931709768278,0.164299336152873));
#6036=CARTESIAN_POINT('',(-0.0153768295187265,0.181931709768278,0.173995830878937));
#6037=CARTESIAN_POINT('',(0.000248170481269618,0.187281546916234,0.146077600056645));
#6038=CARTESIAN_POINT('',(0.000524321542265829,0.186071160881044,0.155050682174638));
#6039=CARTESIAN_POINT('',(-0.0153768295187264,0.182530043101611,0.164299335059315));
#6040=CARTESIAN_POINT('',(-0.0153768295187265,0.182530043101611,0.173995830878937));
#6041=CARTESIAN_POINT('',(0.000248170481269618,0.1876732135829,0.146077600056645));
#6042=CARTESIAN_POINT('',(0.000524321542265829,0.186515473290412,0.155050653658875));
#6043=CARTESIAN_POINT('',(-0.0153768295187264,0.183128376434945,0.164299227215784));
#6044=CARTESIAN_POINT('',(-0.0153768295187265,0.183128376434945,0.173995830878937));
#6045=CARTESIAN_POINT('',(0.000248170481269618,0.188456546916232,0.146077600056645));
#6046=CARTESIAN_POINT('',(0.000524321542265829,0.187404098109149,0.155050589352175));
#6047=CARTESIAN_POINT('',(-0.0153768295187264,0.184325043101611,0.164298984951988));
#6048=CARTESIAN_POINT('',(-0.0153768295187265,0.184325043101611,0.173995830878937));
#6049=CARTESIAN_POINT('',(0.000248170481269618,0.188848213582898,0.146077600056645));
#6050=CARTESIAN_POINT('',(0.000524321542265829,0.187848410518517,0.155050553379546));
#6051=CARTESIAN_POINT('',(-0.0153768295187264,0.184923376434945,0.164298849818475));
#6052=CARTESIAN_POINT('',(-0.0153768295187265,0.184923376434945,0.173995830878937));
#6053=CARTESIAN_POINT('',(0.000248170481269618,0.18963154691623,0.146077600056645));
#6054=CARTESIAN_POINT('',(0.000524321542265829,0.188737035337254,0.15505049877372));
#6055=CARTESIAN_POINT('',(-0.0153768295187264,0.186120043101611,0.164298644037031));
#6056=CARTESIAN_POINT('',(-0.0153768295187265,0.186120043101611,0.173995830878937));
#6057=CARTESIAN_POINT('',(0.000248170481269618,0.190023213582896,0.146077600056645));
#6058=CARTESIAN_POINT('',(0.000524321542265829,0.189181347746622,0.155050479552344));
#6059=CARTESIAN_POINT('',(-0.0153768295187264,0.186718376434945,0.164298571702081));
#6060=CARTESIAN_POINT('',(-0.0153768295187265,0.186718376434945,0.173995830878937));
#6061=CARTESIAN_POINT('',(0.000248170481269618,0.190806546916228,0.146077600056645));
#6062=CARTESIAN_POINT('',(0.000524321542265829,0.190069972565358,0.155050463440644));
#6063=CARTESIAN_POINT('',(-0.0153768295187264,0.187915043101612,0.164298511366246));
#6064=CARTESIAN_POINT('',(-0.0153768295187265,0.187915043101612,0.173995830878937));
#6065=CARTESIAN_POINT('',(0.000248170481269618,0.191198213582894,0.146077600056645));
#6066=CARTESIAN_POINT('',(0.000524321542265829,0.190514284974727,0.155050465987897));
#6067=CARTESIAN_POINT('',(-0.0153768295187264,0.188513376434945,0.164298521157504));
#6068=CARTESIAN_POINT('',(-0.0153768295187265,0.188513376434945,0.173995830878937));
#6069=CARTESIAN_POINT('',(0.000248170481269618,0.192373213582892,0.146077600056645));
#6070=CARTESIAN_POINT('',(0.000524321542265829,0.191847222202831,0.155050500621337));
#6071=CARTESIAN_POINT('',(-0.0153768295187264,0.190308376434945,0.164298650010826));
#6072=CARTESIAN_POINT('',(-0.0153768295187265,0.190308376434945,0.173995830878937));
#6073=CARTESIAN_POINT('',(0.000248170481269618,0.193156546916224,0.146077600056645));
#6074=CARTESIAN_POINT('',(0.000524321542265829,0.192735847021568,0.15505055496488));
#6075=CARTESIAN_POINT('',(-0.0153768295187264,0.191505043101611,0.164298854973313));
#6076=CARTESIAN_POINT('',(-0.0153768295187265,0.191505043101611,0.173995830878937));
#6077=CARTESIAN_POINT('',(0.000248170481269618,0.194723213582888,0.146077600056645));
#6078=CARTESIAN_POINT('',(0.000524321542265829,0.194513096659041,0.155050646740825));
#6079=CARTESIAN_POINT('',(-0.0153768295187264,0.193898376434945,0.164299201196485));
#6080=CARTESIAN_POINT('',(-0.0153768295187265,0.193898376434945,0.173995830878937));
#6081=CARTESIAN_POINT('',(0.000248170481269618,0.19550654691622,0.146077600056645));
#6082=CARTESIAN_POINT('',(0.000524321542265829,0.195401721477778,0.155050679937256));
#6083=CARTESIAN_POINT('',(-0.0153768295187264,0.195095043101612,0.1642993258284));
#6084=CARTESIAN_POINT('',(-0.0153768295187265,0.195095043101612,0.173995830878937));
#6085=CARTESIAN_POINT('',(0.000248170481269618,0.196681546916218,0.146077600056645));
#6086=CARTESIAN_POINT('',(0.000524321542265829,0.196734658705882,0.155050678840264));
#6087=CARTESIAN_POINT('',(-0.0153768295187264,0.196890043101611,0.164299322472203));
#6088=CARTESIAN_POINT('',(-0.0153768295187265,0.196890043101611,0.173995830878937));
#6089=CARTESIAN_POINT('',(0.000248170481269618,0.197073213582884,0.146077600056645));
#6090=CARTESIAN_POINT('',(0.000524321542265829,0.197178971115251,0.155050670848266));
#6091=CARTESIAN_POINT('',(-0.0153768295187264,0.197488376434945,0.164299292710054));
#6092=CARTESIAN_POINT('',(-0.0153768295187265,0.197488376434945,0.173995830878937));
#6093=CARTESIAN_POINT('',(0.000248170481269618,0.197856546916216,0.146077600056645));
#6094=CARTESIAN_POINT('',(0.000524321542265829,0.198067595933987,0.155050642021445));
#6095=CARTESIAN_POINT('',(-0.0153768295187264,0.198685043101611,0.164299184326808));
#6096=CARTESIAN_POINT('',(-0.0153768295187265,0.198685043101611,0.173995830878937));
#6097=CARTESIAN_POINT('',(0.000248170481269618,0.198248213582882,0.146077600056645));
#6098=CARTESIAN_POINT('',(0.000524321542265829,0.198511908343355,0.15505062144782));
#6099=CARTESIAN_POINT('',(-0.0153768295187264,0.199283376434945,0.164299106731077));
#6100=CARTESIAN_POINT('',(-0.0153768295187265,0.199283376434945,0.173995830878937));
#6101=CARTESIAN_POINT('',(0.000248170481269618,0.19942321358288,0.146077600056645));
#6102=CARTESIAN_POINT('',(0.000524321542265829,0.19984484557146,0.155050551673886));
#6103=CARTESIAN_POINT('',(-0.0153768295187264,0.201078376434945,0.164298843117879));
#6104=CARTESIAN_POINT('',(-0.0153768295187265,0.201078376434945,0.173995830878937));
#6105=CARTESIAN_POINT('',(0.000248170481269618,0.200206546916212,0.146077600056645));
#6106=CARTESIAN_POINT('',(0.000524321542265829,0.200733470390197,0.155050496667339));
#6107=CARTESIAN_POINT('',(-0.0153768295187264,0.202275043101612,0.164298635094545));
#6108=CARTESIAN_POINT('',(-0.0153768295187265,0.202275043101612,0.173995830878937));
#6109=CARTESIAN_POINT('',(0.000248170481269618,0.20138154691621,0.146077600056645));
#6110=CARTESIAN_POINT('',(0.000524321542265829,0.202066407618301,0.155050461097497));
#6111=CARTESIAN_POINT('',(-0.0153768295187264,0.204070043101612,0.164298502708698));
#6112=CARTESIAN_POINT('',(-0.0153768295187265,0.204070043101612,0.173995830878937));
#6113=CARTESIAN_POINT('',(0.000248170481269618,0.201773213582876,0.146077600056645));
#6114=CARTESIAN_POINT('',(0.000524321542265829,0.20251072002767,0.15505045826411));
#6115=CARTESIAN_POINT('',(-0.0153768295187264,0.204668376434945,0.164298491838014));
#6116=CARTESIAN_POINT('',(-0.0153768295187265,0.204668376434945,0.173995830878937));
#6117=CARTESIAN_POINT('',(0.000248170481269618,0.202556546916208,0.146077600056645));
#6118=CARTESIAN_POINT('',(0.000524321542265829,0.203399344846406,0.155050473868528));
#6119=CARTESIAN_POINT('',(-0.0153768295187264,0.205865043101612,0.164298550260149));
#6120=CARTESIAN_POINT('',(-0.0153768295187265,0.205865043101612,0.173995830878937));
#6121=CARTESIAN_POINT('',(0.000248170481269618,0.202948213582874,0.146077600056645));
#6122=CARTESIAN_POINT('',(0.000524321542265829,0.203843657255774,0.155050492868754));
#6123=CARTESIAN_POINT('',(-0.0153768295187264,0.206463376434945,0.164298621760812));
#6124=CARTESIAN_POINT('',(-0.0153768295187265,0.206463376434945,0.173995830878937));
#6125=CARTESIAN_POINT('',(0.000248170481269618,0.203731546916206,0.146077600056645));
#6126=CARTESIAN_POINT('',(0.000524321542265829,0.204732282074511,0.15505054711027));
#6127=CARTESIAN_POINT('',(-0.0153768295187264,0.207660043101611,0.164298826167892));
#6128=CARTESIAN_POINT('',(-0.0153768295187265,0.207660043101611,0.173995830878937));
#6129=CARTESIAN_POINT('',(0.000248170481269618,0.204123213582872,0.146077600056645));
#6130=CARTESIAN_POINT('',(0.000524321542265829,0.205176594483879,0.155050582939737));
#6131=CARTESIAN_POINT('',(-0.0153768295187264,0.208258376434945,0.164298960761323));
#6132=CARTESIAN_POINT('',(-0.0153768295187265,0.208258376434945,0.173995830878937));
#6133=CARTESIAN_POINT('',(0.000248170481269618,0.204906546916204,0.146077600056645));
#6134=CARTESIAN_POINT('',(0.000524321542265829,0.206065219302615,0.155050647051174));
#6135=CARTESIAN_POINT('',(-0.0153768295187264,0.209455043101611,0.164299202288472));
#6136=CARTESIAN_POINT('',(-0.0153768295187265,0.209455043101611,0.173995830878937));
#6137=CARTESIAN_POINT('',(0.000248170481269618,0.20529821358287,0.146077600056645));
#6138=CARTESIAN_POINT('',(0.000524321542265829,0.206509531711984,0.155050675514835));
#6139=CARTESIAN_POINT('',(-0.0153768295187264,0.210053376434945,0.164299309935441));
#6140=CARTESIAN_POINT('',(-0.0153768295187265,0.210053376434945,0.173995830878937));
#6141=CARTESIAN_POINT('',(0.000248170481269618,0.205689880249536,0.146077600056645));
#6142=CARTESIAN_POINT('',(0.000524321542265829,0.206953844121352,0.155050675876026));
#6143=CARTESIAN_POINT('',(-0.0153768295187264,0.210651709768278,0.164299311028997));
#6144=CARTESIAN_POINT('',(-0.0153768295187265,0.210651709768278,0.173995830878937));
#6145=CARTESIAN_POINT('',(0.000248170481272489,0.202193785881421,0.146077600056738));
#6146=CARTESIAN_POINT('',(0.000249990833932421,0.202193785881421,0.146136748051839));
#6147=CARTESIAN_POINT('',(0.000251108277539895,0.202193785881421,0.146195909359583));
#6148=CARTESIAN_POINT('',(0.000251531908633444,0.202193785881421,0.146255083807687));
#6149=CARTESIAN_POINT('',(-0.0177768295187279,0.186889880249555,0.118159369234539));
#6150=CARTESIAN_POINT('',(-0.0177768295187278,0.186889880249555,0.12773541673661));
#6151=CARTESIAN_POINT('',(0.0170397624424993,0.189464736976731,0.14544473692636));
#6152=CARTESIAN_POINT('',(-0.0153768295187265,0.181931709768278,0.164299336152923));
#6153=CARTESIAN_POINT('',(-0.0153768295187265,0.181931709768278,0.173995830878937));
#6154=CARTESIAN_POINT('',(0.000248170481268182,0.190385974617683,0.146077600056598));
#6155=CARTESIAN_POINT('',(0.000249990833806596,0.190385974617683,0.146136748083633));
#6156=CARTESIAN_POINT('',(0.000251108277376245,0.190385974617683,0.146195909423301));
#6157=CARTESIAN_POINT('',(0.000251531908539139,0.190385974617683,0.14625508390332));
#6158=CARTESIAN_POINT('',(-0.00198973532381859,0.190385974617683,0.152723974620344));
#6159=CARTESIAN_POINT('',(-0.00365433165037803,0.190385974617683,0.155375284263165));
#6160=CARTESIAN_POINT('',(-0.00572163639082916,0.190385974617683,0.157712423747016));
#6161=CARTESIAN_POINT('',(-0.00773659887059714,0.190385974617683,0.160090397680292));
#6162=CARTESIAN_POINT('',(-0.00996788187654838,0.190385974617683,0.1627748757482));
#6163=CARTESIAN_POINT('',(-0.0109790437600646,0.190385974617683,0.164031589288691));
#6164=CARTESIAN_POINT('',(-0.0129151591190469,0.190385974617683,0.16659674062112));
#6165=CARTESIAN_POINT('',(-0.0144170584625397,0.190385974617683,0.169422417566719));
#6166=CARTESIAN_POINT('',(-0.0149003792969064,0.190385974617683,0.170995830878937));
#6167=CARTESIAN_POINT('',(-0.0149003792969064,0.190385974617683,0.170995830878937));
#6168=CARTESIAN_POINT('',(-0.0149003792969064,0.190385974617683,0.170995830878937));
#6169=CARTESIAN_POINT('',(-0.0149003400553805,0.1943219117056,0.170995830878937));
#6170=CARTESIAN_POINT('',(-0.0149003404357691,0.198257848793512,0.170995830878938));
#6171=CARTESIAN_POINT('',(-0.0149003804196147,0.202193785881421,0.170995830878938));
#6172=CARTESIAN_POINT('',(-0.0149003804196146,0.202193785881422,0.170995830878937));
#6173=CARTESIAN_POINT('',(-0.0099678821426747,0.202193785881421,0.162774868147102));
#6174=CARTESIAN_POINT('',(-0.0109790447371852,0.202193785881421,0.164031582698701));
#6175=CARTESIAN_POINT('',(-0.0129151611249136,0.202193785881421,0.166596736250444));
#6176=CARTESIAN_POINT('',(-0.0144170601287553,0.202193785881421,0.169422416040745));
#6177=CARTESIAN_POINT('',(-0.0149003804196146,0.202193785881421,0.170995830878937));
#6178=CARTESIAN_POINT('',(-0.00198973543978668,0.202193785881421,0.152723970190433));
#6179=CARTESIAN_POINT('',(-0.00365433215283303,0.202193785881421,0.155375278641948));
#6180=CARTESIAN_POINT('',(-0.00572163700932553,0.202193785881421,0.157712417005178));
#6181=CARTESIAN_POINT('',(-0.00773659916016844,0.202193785881421,0.160090390183205));
#6182=CARTESIAN_POINT('',(-0.0047590613769088,0.205666038054205,0.145906279998983));
#6183=CARTESIAN_POINT('',(-0.00475600066781278,0.205673887437493,0.145963375650056));
#6184=CARTESIAN_POINT('',(-0.00437446026220294,0.206930305492816,0.154991804027207));
#6185=CARTESIAN_POINT('',(-0.0203768295187265,0.210651709768278,0.164299311029047));
#6186=CARTESIAN_POINT('',(-0.0203768295187265,0.210651709768278,0.173995830878937));
#6187=CARTESIAN_POINT('',(-0.0047590613769088,0.20527536444605,0.145906280005836));
#6188=CARTESIAN_POINT('',(-0.00475600066781278,0.205282886892294,0.145963375654639));
#6189=CARTESIAN_POINT('',(-0.00437446026220294,0.206486973498006,0.154991803670678));
#6190=CARTESIAN_POINT('',(-0.0203768295187265,0.210053376434945,0.164299309935491));
#6191=CARTESIAN_POINT('',(-0.0203768295187265,0.210053376434945,0.173995830878937));
#6192=CARTESIAN_POINT('',(-0.0047590613769088,0.204884690837895,0.145906280543241));
#6193=CARTESIAN_POINT('',(-0.00475600066781278,0.204891886347094,0.145963376014953));
#6194=CARTESIAN_POINT('',(-0.00437446026220294,0.206043641503196,0.154991775711055));
#6195=CARTESIAN_POINT('',(-0.0203768295187265,0.209455043101611,0.164299202288522));
#6196=CARTESIAN_POINT('',(-0.0203768295187265,0.209455043101611,0.173995830878937));
#6197=CARTESIAN_POINT('',(-0.0047590613769088,0.204103343621586,0.145906281753803));
#6198=CARTESIAN_POINT('',(-0.00475600066781278,0.204109885256695,0.14596337682656));
#6199=CARTESIAN_POINT('',(-0.00437446026220294,0.205156977513577,0.154991712728952));
#6200=CARTESIAN_POINT('',(-0.0203768295187265,0.208258376434945,0.164298960761373));
#6201=CARTESIAN_POINT('',(-0.0203768295187265,0.208258376434945,0.173995830878937));
#6202=CARTESIAN_POINT('',(-0.0047590613769088,0.203712670013431,0.145906282430388));
#6203=CARTESIAN_POINT('',(-0.00475600066781278,0.203718884711495,0.145963377280152));
#6204=CARTESIAN_POINT('',(-0.00437446026220294,0.204713645518768,0.154991677528162));
#6205=CARTESIAN_POINT('',(-0.0203768295187265,0.207660043101611,0.164298826167942));
#6206=CARTESIAN_POINT('',(-0.0203768295187265,0.207660043101611,0.173995830878937));
#6207=CARTESIAN_POINT('',(-0.0047590613769088,0.202931322797122,0.145906283454577));
#6208=CARTESIAN_POINT('',(-0.00475600066781278,0.202936883621097,0.14596337796681));
#6209=CARTESIAN_POINT('',(-0.00437446026220294,0.203826981529148,0.15499162424252));
#6210=CARTESIAN_POINT('',(-0.0203768295187265,0.206463376434945,0.164298621760862));
#6211=CARTESIAN_POINT('',(-0.0203768295187265,0.206463376434945,0.173995830878937));
#6212=CARTESIAN_POINT('',(-0.0047590613769088,0.202540649188967,0.145906283813352));
#6213=CARTESIAN_POINT('',(-0.00475600066781278,0.202545883075897,0.145963378207343));
#6214=CARTESIAN_POINT('',(-0.00437446026220294,0.203383649534339,0.154991605576484));
#6215=CARTESIAN_POINT('',(-0.0203768295187265,0.205865043101612,0.164298550260199));
#6216=CARTESIAN_POINT('',(-0.0203768295187265,0.205865043101612,0.173995830878937));
#6217=CARTESIAN_POINT('',(-0.0047590613769088,0.201759301972658,0.145906284108041));
#6218=CARTESIAN_POINT('',(-0.00475600066781278,0.201763881985498,0.145963378404899));
#6219=CARTESIAN_POINT('',(-0.00437446026220294,0.202496985544719,0.154991590244621));
#6220=CARTESIAN_POINT('',(-0.0203768295187265,0.204668376434945,0.164298491838064));
#6221=CARTESIAN_POINT('',(-0.0203768295187265,0.204668376434945,0.173995830878937));
#6222=CARTESIAN_POINT('',(-0.0047590613769088,0.201368628364503,0.145906284054565));
#6223=CARTESIAN_POINT('',(-0.00475600066781278,0.201372881440299,0.145963378369038));
#6224=CARTESIAN_POINT('',(-0.00437446026220294,0.20205365354991,0.154991593026847));
#6225=CARTESIAN_POINT('',(-0.0203768295187265,0.204070043101611,0.164298502708748));
#6226=CARTESIAN_POINT('',(-0.0203768295187265,0.204070043101611,0.173995830878937));
#6227=CARTESIAN_POINT('',(-0.0047590613769088,0.200196607540039,0.145906283382734));
#6228=CARTESIAN_POINT('',(-0.00475600066781278,0.2001998798047,0.145963377918683));
#6229=CARTESIAN_POINT('',(-0.00437446026220294,0.200723657565481,0.154991627980409));
#6230=CARTESIAN_POINT('',(-0.0203768295187265,0.202275043101611,0.164298635094595));
#6231=CARTESIAN_POINT('',(-0.0203768295187265,0.202275043101611,0.173995830878937));
#6232=CARTESIAN_POINT('',(-0.00475906137690879,0.199415260323729,0.145906282344188));
#6233=CARTESIAN_POINT('',(-0.00475600066781277,0.199417878714301,0.14596337722237));
#6234=CARTESIAN_POINT('',(-0.00437446026220293,0.199836993575861,0.154991682012934));
#6235=CARTESIAN_POINT('',(-0.0203768295187265,0.201078376434945,0.164298843117929));
#6236=CARTESIAN_POINT('',(-0.0203768295187265,0.201078376434945,0.173995830878937));
#6237=CARTESIAN_POINT('',(-0.0047590613769088,0.198243239499265,0.145906281026796));
#6238=CARTESIAN_POINT('',(-0.00475600066781278,0.198244877078702,0.14596337633911));
#6239=CARTESIAN_POINT('',(-0.00437446026220296,0.198506997591432,0.154991750552991));
#6240=CARTESIAN_POINT('',(-0.0203768295187266,0.199283376434945,0.164299106731127));
#6241=CARTESIAN_POINT('',(-0.0203768295187265,0.199283376434945,0.173995830878937));
#6242=CARTESIAN_POINT('',(-0.0047590613769088,0.19785256589111,0.145906280638332));
#6243=CARTESIAN_POINT('',(-0.00475600066781278,0.197853876533503,0.145963376078666));
#6244=CARTESIAN_POINT('',(-0.00437446026220296,0.198063665596623,0.154991770763643));
#6245=CARTESIAN_POINT('',(-0.0203768295187266,0.198685043101611,0.164299184326858));
#6246=CARTESIAN_POINT('',(-0.0203768295187265,0.198685043101611,0.173995830878937));
#6247=CARTESIAN_POINT('',(-0.0047590613769088,0.197071218674801,0.145906280093993));
#6248=CARTESIAN_POINT('',(-0.00475600066781278,0.197071875443104,0.145963375713729));
#6249=CARTESIAN_POINT('',(-0.00437446026220296,0.197177001607004,0.154991799084052));
#6250=CARTESIAN_POINT('',(-0.0203768295187266,0.197488376434945,0.164299292710104));
#6251=CARTESIAN_POINT('',(-0.0203768295187266,0.197488376434945,0.173995830878937));
#6252=CARTESIAN_POINT('',(-0.0047590613769088,0.196680545066646,0.145906279943046));
#6253=CARTESIAN_POINT('',(-0.00475600066781278,0.196680874897904,0.145963375612542));
#6254=CARTESIAN_POINT('',(-0.00437446026220296,0.196733669612194,0.154991806937472));
#6255=CARTESIAN_POINT('',(-0.0203768295187266,0.196890043101611,0.164299322472254));
#6256=CARTESIAN_POINT('',(-0.0203768295187266,0.196890043101611,0.173995830878937));
#6257=CARTESIAN_POINT('',(-0.0047590613769088,0.195508524242182,0.145906279922238));
#6258=CARTESIAN_POINT('',(-0.00475600066781278,0.195507873262306,0.145963375598623));
#6259=CARTESIAN_POINT('',(-0.00437446026220296,0.195403673627765,0.154991808020084));
#6260=CARTESIAN_POINT('',(-0.0203768295187266,0.195095043101612,0.16429932582845));
#6261=CARTESIAN_POINT('',(-0.0203768295187266,0.195095043101612,0.173995830878937));
#6262=CARTESIAN_POINT('',(-0.0047590613769088,0.194727177025873,0.14590628054911));
#6263=CARTESIAN_POINT('',(-0.00475600066781278,0.194725872171907,0.145963376018885));
#6264=CARTESIAN_POINT('',(-0.00437446026220296,0.194517009638146,0.154991775405681));
#6265=CARTESIAN_POINT('',(-0.0203768295187266,0.193898376434945,0.164299201196535));
#6266=CARTESIAN_POINT('',(-0.0203768295187266,0.193898376434945,0.173995830878937));
#6267=CARTESIAN_POINT('',(-0.0047590613769088,0.193164482593254,0.145906282281981));
#6268=CARTESIAN_POINT('',(-0.00475600066781278,0.193161869991109,0.145963377180686));
#6269=CARTESIAN_POINT('',(-0.00437446026220296,0.192743681658907,0.154991685249411));
#6270=CARTESIAN_POINT('',(-0.0203768295187266,0.191505043101611,0.164298854973364));
#6271=CARTESIAN_POINT('',(-0.0203768295187266,0.191505043101611,0.173995830878937));
#6272=CARTESIAN_POINT('',(-0.0047590613769088,0.192383135376945,0.145906283308076));
#6273=CARTESIAN_POINT('',(-0.00475600066781278,0.19237986890071,0.145963377868629));
#6274=CARTESIAN_POINT('',(-0.00437446026220296,0.191857017669288,0.154991631864627));
#6275=CARTESIAN_POINT('',(-0.0203768295187266,0.190308376434945,0.164298650010876));
#6276=CARTESIAN_POINT('',(-0.0203768295187266,0.190308376434945,0.173995830878937));
#6277=CARTESIAN_POINT('',(-0.0047590613769088,0.191211114552481,0.145906283962226));
#6278=CARTESIAN_POINT('',(-0.00475600066781278,0.191206867265112,0.14596337830713));
#6279=CARTESIAN_POINT('',(-0.00437446026220296,0.190527021684859,0.154991597830941));
#6280=CARTESIAN_POINT('',(-0.0203768295187266,0.188513376434945,0.164298521157555));
#6281=CARTESIAN_POINT('',(-0.0203768295187266,0.188513376434945,0.173995830878937));
#6282=CARTESIAN_POINT('',(-0.0047590613769088,0.190820440944326,0.1459062840103));
#6283=CARTESIAN_POINT('',(-0.00475600066781278,0.190815866719912,0.145963378339369));
#6284=CARTESIAN_POINT('',(-0.00437446026220296,0.190083689690049,0.154991595329799));
#6285=CARTESIAN_POINT('',(-0.0203768295187266,0.187915043101612,0.164298511366296));
#6286=CARTESIAN_POINT('',(-0.0203768295187266,0.187915043101612,0.173995830878937));
#6287=CARTESIAN_POINT('',(-0.0047590613769088,0.190039093728016,0.145906283706033));
#6288=CARTESIAN_POINT('',(-0.00475600066781278,0.190033865629513,0.145963378135391));
#6289=CARTESIAN_POINT('',(-0.00437446026220296,0.18919702570043,0.154991611159992));
#6290=CARTESIAN_POINT('',(-0.0203768295187266,0.186718376434945,0.164298571702131));
#6291=CARTESIAN_POINT('',(-0.0203768295187266,0.186718376434945,0.173995830878937));
#6292=CARTESIAN_POINT('',(-0.0047590613769088,0.189648420119862,0.145906283343082));
#6293=CARTESIAN_POINT('',(-0.00475600066781278,0.189642865084314,0.145963377892058));
#6294=CARTESIAN_POINT('',(-0.00437446026220296,0.18875369370562,0.154991630043275));
#6295=CARTESIAN_POINT('',(-0.0203768295187266,0.186120043101612,0.164298644037081));
#6296=CARTESIAN_POINT('',(-0.0203768295187266,0.186120043101612,0.173995830878937));
#6297=CARTESIAN_POINT('',(-0.0047590613769088,0.188867072903552,0.145906282312014));
#6298=CARTESIAN_POINT('',(-0.00475600066781278,0.188860863993915,0.145963377200788));
#6299=CARTESIAN_POINT('',(-0.00437446026220296,0.187867029716001,0.154991683686799));
#6300=CARTESIAN_POINT('',(-0.0203768295187266,0.184923376434945,0.164298849818525));
#6301=CARTESIAN_POINT('',(-0.0203768295187266,0.184923376434945,0.173995830878937));
#6302=CARTESIAN_POINT('',(-0.0047590613769088,0.188476399295398,0.145906281632727));
#6303=CARTESIAN_POINT('',(-0.00475600066781278,0.188469863448715,0.145963376745384));
#6304=CARTESIAN_POINT('',(-0.00437446026220296,0.187423697721192,0.154991719028223));
#6305=CARTESIAN_POINT('',(-0.0203768295187266,0.184325043101612,0.164298984952039));
#6306=CARTESIAN_POINT('',(-0.0203768295187266,0.184325043101612,0.173995830878937));
#6307=CARTESIAN_POINT('',(-0.0047590613769088,0.187695052079088,0.145906280418477));
#6308=CARTESIAN_POINT('',(-0.00475600066781278,0.187687862358316,0.145963375931305));
#6309=CARTESIAN_POINT('',(-0.00437446026220296,0.186537033731572,0.154991782202144));
#6310=CARTESIAN_POINT('',(-0.0203768295187266,0.183128376434945,0.164299227215834));
#6311=CARTESIAN_POINT('',(-0.0203768295187266,0.183128376434945,0.173995830878937));
#6312=CARTESIAN_POINT('',(-0.0047590613769088,0.187304378470933,0.145906279880088));
#6313=CARTESIAN_POINT('',(-0.00475600066781278,0.187296861813117,0.145963375570332));
#6314=CARTESIAN_POINT('',(-0.00437446026220296,0.186093701736763,0.154991810212948));
#6315=CARTESIAN_POINT('',(-0.0203768295187266,0.182530043101612,0.164299335059366));
#6316=CARTESIAN_POINT('',(-0.0203768295187266,0.182530043101612,0.173995830878937));
#6317=CARTESIAN_POINT('',(-0.0047590613769088,0.186913704862779,0.145906279873236));
#6318=CARTESIAN_POINT('',(-0.00475600066781278,0.186905861267917,0.145963375565748));
#6319=CARTESIAN_POINT('',(-0.00437446026220296,0.185650369741953,0.154991810569478));
#6320=CARTESIAN_POINT('',(-0.0203768295187266,0.181931709768278,0.164299336152923));
#6321=CARTESIAN_POINT('',(-0.0203768295187266,0.181931709768278,0.173995830878937));
#6322=CARTESIAN_POINT('',(-0.0105046038507238,0.202193785881421,0.157440875633673));
#6323=CARTESIAN_POINT('',(-0.00914133131144658,0.202193785881421,0.15579218700311));
#6324=CARTESIAN_POINT('',(-0.0071456591469019,0.202193785881421,0.153270562894905));
#6325=CARTESIAN_POINT('',(-0.00519154602248409,0.202193785881421,0.149450678270894));
#6326=CARTESIAN_POINT('',(-0.00474078493992586,0.202193785881421,0.147328379499189));
#6327=CARTESIAN_POINT('',(-0.00474846806135036,0.202193785881421,0.14625508800063));
#6328=CARTESIAN_POINT('',(-0.00474846809203999,0.202193785881422,0.146255087998054));
#6329=CARTESIAN_POINT('',(-0.0199003804196147,0.202193785881422,0.170995830878937));
#6330=CARTESIAN_POINT('',(-0.0192508754261896,0.202193785881422,0.168881413558866));
#6331=CARTESIAN_POINT('',(-0.0169668961508313,0.202193785881421,0.165122792882493));
#6332=CARTESIAN_POINT('',(-0.0141521700051918,0.202193785881421,0.161760987072409));
#6333=CARTESIAN_POINT('',(-0.0127365991601685,0.202193785881421,0.160090390183205));
#6334=CARTESIAN_POINT('',(-0.0199003804196147,0.202193785881422,0.170995830878937));
#6335=CARTESIAN_POINT('',(-0.0199003804196147,0.202193785881421,0.170995830878937));
#6336=CARTESIAN_POINT('',(-0.0199003404357691,0.198257848793512,0.170995830878937));
#6337=CARTESIAN_POINT('',(-0.0199003400553806,0.194321911705599,0.170995830878937));
#6338=CARTESIAN_POINT('',(-0.0199003792969065,0.190385974617683,0.170995830878937));
#6339=CARTESIAN_POINT('',(-0.0199003792969065,0.190385974617683,0.170995830878937));
#6340=CARTESIAN_POINT('',(-0.0199003792969065,0.190385974617683,0.170995830878937));
#6341=CARTESIAN_POINT('',(-0.0192508734143651,0.190385974617683,0.168881415092798));
#6342=CARTESIAN_POINT('',(-0.0169668935932477,0.190385974617683,0.165122797773128));
#6343=CARTESIAN_POINT('',(-0.0141521688420489,0.190385974617683,0.161760993796418));
#6344=CARTESIAN_POINT('',(-0.0127365988705971,0.190385974617683,0.160090397680292));
#6345=CARTESIAN_POINT('',(-0.0105046035777604,0.190385974617683,0.157440882431848));
#6346=CARTESIAN_POINT('',(-0.00914133070687118,0.190385974617683,0.155792192769372));
#6347=CARTESIAN_POINT('',(-0.00714565835328653,0.190385974617683,0.153270566846807));
#6348=CARTESIAN_POINT('',(-0.00519154573767645,0.190385974617683,0.149450679681142));
#6349=CARTESIAN_POINT('',(-0.00474078489842706,0.190385974617683,0.147328379825886));
#6350=CARTESIAN_POINT('',(-0.00474846806360669,0.190385974617683,0.146255087794243));
#6351=CARTESIAN_POINT('',(-0.00474846809280843,0.186865650734069,0.146255087931192));
#6352=CARTESIAN_POINT('',(-0.00474889162404008,0.186873830417921,0.14619592619232));
#6353=CARTESIAN_POINT('',(-0.00475000873198001,0.186881907480583,0.146136763579826));
#6354=CARTESIAN_POINT('',(-0.00475182951872752,0.186889880249555,0.14607760005674));
#6355=CARTESIAN_POINT('',(-0.022776829518728,0.186889880249549,0.118159369234539));
#6356=CARTESIAN_POINT('',(-0.0227768295187279,0.186889880249549,0.12773541673661));
#6357=CARTESIAN_POINT('',(0.0120397624424993,0.189464736976734,0.14544473692636));
#6358=CARTESIAN_POINT('',(-0.0203768295187266,0.181931709768278,0.164299336152923));
#6359=CARTESIAN_POINT('',(-0.0203768295187266,0.181931709768278,0.173995830878937));
#6360=CARTESIAN_POINT('',(-0.00475182951872752,0.205689880249549,0.146077600056738));
#6361=CARTESIAN_POINT('',(-0.00475000873119785,0.205697858905143,0.146136763561328));
#6362=CARTESIAN_POINT('',(-0.0047488916236943,0.205705941928749,0.146195926134674));
#6363=CARTESIAN_POINT('',(-0.00474846809269288,0.205714127646467,0.146255087814107));
#6364=CARTESIAN_POINT('',(-0.00474846809269288,0.205714127646467,0.146255087814106));
#6365=CARTESIAN_POINT('',(-0.00474846809269288,0.205714127646467,0.146255087814107));
#6366=CARTESIAN_POINT('',(-0.00474846809265568,0.204540680391452,0.146255087794782));
#6367=CARTESIAN_POINT('',(-0.00474846809150941,0.203367233136438,0.146255084268859));
#6368=CARTESIAN_POINT('',(-0.00474846809136656,0.202193785881423,0.146255083807687));
#6369=CARTESIAN_POINT('',(-0.00478909686068315,0.186913704862779,0.145906279873236));
#6370=CARTESIAN_POINT('',(-0.00430520563140048,0.185673650143312,0.154932980539593));
#6371=CARTESIAN_POINT('',(-0.0204068650025009,0.181931709768278,0.16423761347027));
#6372=CARTESIAN_POINT('',(-0.0204068650025009,0.181931709768278,0.173995830878937));
#6373=CARTESIAN_POINT('',(-0.0031124183660917,0.186913704862779,0.145906279873236));
#6374=CARTESIAN_POINT('',(-0.00262852713680902,0.185673650143312,0.154932980539593));
#6375=CARTESIAN_POINT('',(-0.0187301865079094,0.181931709768278,0.16423761347027));
#6376=CARTESIAN_POINT('',(-0.0187301865079094,0.181931709768278,0.173995830878937));
#6377=CARTESIAN_POINT('',(-0.00143573987150025,0.186913704862779,0.145906279873236));
#6378=CARTESIAN_POINT('',(-0.000951848642217557,0.185673650143312,0.154932980539594));
#6379=CARTESIAN_POINT('',(-0.0170535080133179,0.181931709768278,0.16423761347027));
#6380=CARTESIAN_POINT('',(-0.0170535080133179,0.181931709768278,0.173995830878937));
#6381=CARTESIAN_POINT('',(0.000240938623091213,0.186913704862779,0.145906279873236));
#6382=CARTESIAN_POINT('',(0.000724829852373903,0.185673650143312,0.154932980539594));
#6383=CARTESIAN_POINT('',(-0.0153768295187265,0.181931709768278,0.16423761347027));
#6384=CARTESIAN_POINT('',(-0.0153768295187265,0.181931709768278,0.173995830878937));
#6385=CARTESIAN_POINT('',(-0.00475188587834268,0.186891350520932,0.146066680818714));
#6386=CARTESIAN_POINT('',(-0.0047518700080115,0.186890860823813,0.146070320577249));
#6387=CARTESIAN_POINT('',(-0.00475154391605969,0.186882353606927,0.146133500982099));
#6388=CARTESIAN_POINT('',(-0.00475033865376798,0.186873727822663,0.146196677618197));
#6389=CARTESIAN_POINT('',(-0.00474843220221303,0.186865495368165,0.146256211567066));
#6390=CARTESIAN_POINT('',(-0.00475151723304704,0.186891350520932,0.146066680818714));
#6391=CARTESIAN_POINT('',(-0.00475150136271586,0.186890860823813,0.146070320577249));
#6392=CARTESIAN_POINT('',(-0.00475117527076405,0.186882353606927,0.146133500982099));
#6393=CARTESIAN_POINT('',(-0.00474997000847234,0.186873727822663,0.146196677618197));
#6394=CARTESIAN_POINT('',(-0.0047480635569174,0.186865495368165,0.146256211567066));
#6395=CARTESIAN_POINT('',(-0.00475114858775141,0.186891350520932,0.146066680818714));
#6396=CARTESIAN_POINT('',(-0.00475113271742022,0.186890860823813,0.146070320577249));
#6397=CARTESIAN_POINT('',(-0.00475080662546841,0.186882353606927,0.146133500982099));
#6398=CARTESIAN_POINT('',(-0.0047496013631767,0.186873727822663,0.146196677618197));
#6399=CARTESIAN_POINT('',(-0.00474769491162176,0.186865495368165,0.146256211567066));
#6400=CARTESIAN_POINT('',(-0.00475077994245577,0.186891350520932,0.146066680818714));
#6401=CARTESIAN_POINT('',(-0.00475076407212459,0.186890860823813,0.146070320577249));
#6402=CARTESIAN_POINT('',(-0.00475043798017277,0.186882353606927,0.146133500982099));
#6403=CARTESIAN_POINT('',(-0.00474923271788106,0.186873727822663,0.146196677618197));
#6404=CARTESIAN_POINT('',(-0.00474732626632612,0.186865495368165,0.146256211567066));
#6405=CARTESIAN_POINT('',(-0.00475076543003237,0.205688834488196,0.146069841062352));
#6406=CARTESIAN_POINT('',(-0.00475075295358375,0.205689182876537,0.146072427400138));
#6407=CARTESIAN_POINT('',(-0.00475041791840613,0.205697555524363,0.146134548009698));
#6408=CARTESIAN_POINT('',(-0.00474923295728959,0.205706042880174,0.146196664975343));
#6409=CARTESIAN_POINT('',(-0.0047473268694502,0.205714280519032,0.146256192603071));
#6410=CARTESIAN_POINT('',(-0.00475113407540899,0.205688834488196,0.146069841062352));
#6411=CARTESIAN_POINT('',(-0.00475112159896037,0.205689182876537,0.146072427400138));
#6412=CARTESIAN_POINT('',(-0.00475078656378276,0.205697555524363,0.146134548009698));
#6413=CARTESIAN_POINT('',(-0.00474960160266621,0.205706042880174,0.146196664975343));
#6414=CARTESIAN_POINT('',(-0.00474769551482683,0.205714280519032,0.146256192603071));
#6415=CARTESIAN_POINT('',(-0.00475150272078562,0.205688834488196,0.146069841062352));
#6416=CARTESIAN_POINT('',(-0.004751490244337,0.205689182876537,0.146072427400138));
#6417=CARTESIAN_POINT('',(-0.00475115520915938,0.205697555524363,0.146134548009698));
#6418=CARTESIAN_POINT('',(-0.00474997024804284,0.205706042880174,0.146196664975343));
#6419=CARTESIAN_POINT('',(-0.00474806416020345,0.205714280519032,0.146256192603071));
#6420=CARTESIAN_POINT('',(-0.00475187136616224,0.205688834488196,0.146069841062352));
#6421=CARTESIAN_POINT('',(-0.00475185888971362,0.205689182876537,0.146072427400138));
#6422=CARTESIAN_POINT('',(-0.00475152385453601,0.205697555524363,0.146134548009698));
#6423=CARTESIAN_POINT('',(-0.00475033889341946,0.205706042880174,0.146196664975343));
#6424=CARTESIAN_POINT('',(-0.00474843280558008,0.205714280519032,0.146256192603071));
#6425=CARTESIAN_POINT('',(0.0132731704812725,0.205689880249549,0.118159369234539));
#6426=CARTESIAN_POINT('',(0.0132731704812725,0.205689880249549,0.12785258016342));
#6427=CARTESIAN_POINT('',(-0.0230500860427343,0.203231409025249,0.146238886723568));
#6428=CARTESIAN_POINT('',(0.0138231704812735,0.210651709768278,0.164311375349271));
#6429=CARTESIAN_POINT('',(0.0138231704812736,0.210651709768278,0.173995830878937));
#6430=CARTESIAN_POINT('',(-0.00475187136628463,0.205688834484779,0.146069841036982));
#6431=CARTESIAN_POINT('',(-0.00475185888980484,0.205689182874257,0.146072427383225));
#6432=CARTESIAN_POINT('',(-0.00475152384705023,0.205697555714311,0.14613454941913));
#6433=CARTESIAN_POINT('',(-0.00475033883932614,0.205706043267618,0.146196667810951));
#6434=CARTESIAN_POINT('',(-0.00474843266939078,0.205714281107603,0.146256196856258));
#6435=CARTESIAN_POINT('',(-0.00475187136628463,0.205297211375578,0.14606984103728));
#6436=CARTESIAN_POINT('',(-0.00475185888980484,0.205297545254181,0.146072427383423));
#6437=CARTESIAN_POINT('',(-0.00475152384705023,0.205305569354533,0.146134549416946));
#6438=CARTESIAN_POINT('',(-0.00475033883932614,0.205313703390182,0.146196667806367));
#6439=CARTESIAN_POINT('',(-0.00474843266939078,0.205321598113395,0.146256196849357));
#6440=CARTESIAN_POINT('',(-0.00475187136628463,0.204905588266377,0.146069841061026));
#6441=CARTESIAN_POINT('',(-0.00475185888980484,0.204905907634104,0.146072427399258));
#6442=CARTESIAN_POINT('',(-0.00475152384705023,0.204913582994755,0.14613454924266));
#6443=CARTESIAN_POINT('',(-0.00475033883932614,0.204921363512746,0.146196667439533));
#6444=CARTESIAN_POINT('',(-0.00474843266939078,0.204928915119186,0.146256196295829));
#6445=CARTESIAN_POINT('',(-0.00475187136628463,0.204122342047976,0.1460698411145));
#6446=CARTESIAN_POINT('',(-0.00475185888980484,0.204122632393951,0.146072427434916));
#6447=CARTESIAN_POINT('',(-0.00475152384705023,0.204129610275199,0.146134548850182));
#6448=CARTESIAN_POINT('',(-0.00475033883932614,0.204136683757875,0.146196666613493));
#6449=CARTESIAN_POINT('',(-0.00474843266939078,0.204143549130769,0.146256195049444));
#6450=CARTESIAN_POINT('',(-0.00475187136628463,0.203730718938775,0.14606984114438));
#6451=CARTESIAN_POINT('',(-0.00475185888980484,0.203730994773874,0.146072427454842));
#6452=CARTESIAN_POINT('',(-0.00475152384705023,0.203737623915421,0.146134548630875));
#6453=CARTESIAN_POINT('',(-0.00475033883932614,0.203744343880439,0.146196666151938));
#6454=CARTESIAN_POINT('',(-0.00474843266939078,0.203750866136561,0.146256194353042));
#6455=CARTESIAN_POINT('',(-0.00475187136628463,0.202947472720373,0.146069841189628));
#6456=CARTESIAN_POINT('',(-0.00475185888980484,0.20294771953372,0.146072427485015));
#6457=CARTESIAN_POINT('',(-0.00475152384705023,0.202953651195865,0.146134548298776));
#6458=CARTESIAN_POINT('',(-0.00475033883932614,0.202959664125567,0.146196665452974));
#6459=CARTESIAN_POINT('',(-0.00474843266939078,0.202965500148144,0.146256193298394));
#6460=CARTESIAN_POINT('',(-0.00475187136628463,0.202555849611173,0.146069841205478));
#6461=CARTESIAN_POINT('',(-0.00475185888980484,0.202556081913644,0.146072427495585));
#6462=CARTESIAN_POINT('',(-0.00475152384705023,0.202561664836087,0.146134548182438));
#6463=CARTESIAN_POINT('',(-0.00475033883932614,0.202567324248131,0.146196665208124));
#6464=CARTESIAN_POINT('',(-0.00474843266939078,0.202572817153936,0.146256192928952));
#6465=CARTESIAN_POINT('',(-0.00475187136628463,0.202161774842702,0.14606984121203));
#6466=CARTESIAN_POINT('',(-0.00475185888980484,0.202161992543455,0.146072427499954));
#6467=CARTESIAN_POINT('',(-0.00475152384705023,0.202167224542999,0.146134548134351));
#6468=CARTESIAN_POINT('',(-0.00475033883932614,0.202172528224276,0.146196665106924));
#6469=CARTESIAN_POINT('',(-0.00474843266939078,0.202177675865311,0.146256192776266));
#6470=CARTESIAN_POINT('',(-0.00475187136628463,0.202159323183432,0.146069841212071));
#6471=CARTESIAN_POINT('',(-0.00475185888980484,0.202159540793344,0.146072427499981));
#6472=CARTESIAN_POINT('',(-0.00475152384705023,0.202164770609689,0.146134548134054));
#6473=CARTESIAN_POINT('',(-0.00475033883932614,0.202170072077856,0.1461966651063));
#6474=CARTESIAN_POINT('',(-0.00474843266939078,0.202175217570894,0.146256192775324));
#6475=CARTESIAN_POINT('',(-0.00475187136628463,0.202156871524162,0.146069841212111));
#6476=CARTESIAN_POINT('',(-0.00475185888980484,0.202157089043232,0.146072427500007));
#6477=CARTESIAN_POINT('',(-0.00475152384705023,0.202162316676379,0.14613454813376));
#6478=CARTESIAN_POINT('',(-0.00475033883932614,0.202167615931437,0.146196665105681));
#6479=CARTESIAN_POINT('',(-0.00474843266939078,0.202172759276477,0.14625619277439));
#6480=CARTESIAN_POINT('',(-0.00474846809203999,0.202193785881422,0.146255087998054));
#6481=CARTESIAN_POINT('',(-0.00475035263590083,0.202193785881422,0.146195939822141));
#6482=CARTESIAN_POINT('',(-0.00475147664035238,0.202193785881421,0.146136777240714));
#6483=CARTESIAN_POINT('',(-0.00475182951872752,0.202193785881421,0.146077600056738));
#6484=CARTESIAN_POINT('',(-0.00475182951872752,0.202193785881421,0.146077600056738));
#6485=CARTESIAN_POINT('',(-0.00475182951915751,0.202193785881421,0.146077600042775));
#6486=CARTESIAN_POINT('',(-0.00475182951915764,0.203358838762674,0.146077600042754));
#6487=CARTESIAN_POINT('',(-0.0047518295187276,0.204523891643928,0.146077600056724));
#6488=CARTESIAN_POINT('',(-0.00475182951872766,0.205688944525181,0.146077600056714));
#6489=CARTESIAN_POINT('',(-0.00883723388979241,0.205196314138647,0.132250399719741));
#6490=CARTESIAN_POINT('',(-0.00437823153231414,0.205033488105944,0.136855890643079));
#6491=CARTESIAN_POINT('',(0.000129722338182901,0.205035189017815,0.141454866933948));
#6492=CARTESIAN_POINT('',(0.000249609024500322,0.20569708187197,0.146128588250886));
#6493=CARTESIAN_POINT('',(0.000250133167080892,0.205700712010727,0.146154085688212));
#6494=CARTESIAN_POINT('',(-0.0105039005564591,0.205196314138647,0.132250399719741));
#6495=CARTESIAN_POINT('',(-0.00604489819898079,0.205033488105944,0.136855890643079));
#6496=CARTESIAN_POINT('',(-0.00153694432848376,0.205035189017815,0.141454866933948));
#6497=CARTESIAN_POINT('',(-0.00141705764216634,0.20569708187197,0.146128588250886));
#6498=CARTESIAN_POINT('',(-0.00141653349958577,0.205700712010727,0.146154085688212));
#6499=CARTESIAN_POINT('',(-0.0121705672231258,0.205196314138647,0.132250399719741));
#6500=CARTESIAN_POINT('',(-0.00771156486564751,0.205033488105944,0.136855890643079));
#6501=CARTESIAN_POINT('',(-0.00320361099515046,0.205035189017815,0.141454866933948));
#6502=CARTESIAN_POINT('',(-0.00308372430883303,0.20569708187197,0.146128588250887));
#6503=CARTESIAN_POINT('',(-0.00308320016625246,0.205700712010727,0.146154085688212));
#6504=CARTESIAN_POINT('',(-0.0138372338897924,0.205196314138647,0.132250399719741));
#6505=CARTESIAN_POINT('',(-0.00937823153231416,0.205033488105944,0.136855890643079));
#6506=CARTESIAN_POINT('',(-0.00487027766181711,0.205035189017815,0.141454866933948));
#6507=CARTESIAN_POINT('',(-0.00475039097549969,0.20569708187197,0.146128588250887));
#6508=CARTESIAN_POINT('',(-0.00474986683291912,0.205700712010727,0.146154085688212));
#6509=CARTESIAN_POINT('',(-0.0177768295187279,0.205689880249549,0.118159369234539));
#6510=CARTESIAN_POINT('',(-0.0177768295187278,0.205689880249549,0.127735417836851));
#6511=CARTESIAN_POINT('',(0.0170397624424993,0.203113123326074,0.14544474944393));
#6512=CARTESIAN_POINT('',(-0.0153768295187265,0.210651709768278,0.164299311029047));
#6513=CARTESIAN_POINT('',(-0.0153768295187265,0.210651709768278,0.173995830878937));
#6514=CARTESIAN_POINT('',(-0.022776829518728,0.205689880249555,0.118159369234539));
#6515=CARTESIAN_POINT('',(-0.0227768295187279,0.205689880249555,0.127735417836851));
#6516=CARTESIAN_POINT('',(0.0120397624424993,0.203113123326071,0.14544474944393));
#6517=CARTESIAN_POINT('',(-0.0203768295187265,0.210651709768278,0.164299311029047));
#6518=CARTESIAN_POINT('',(-0.0203768295187265,0.210651709768278,0.173995830878937));
#6519=CARTESIAN_POINT('',(-0.00879848363366138,0.205211417618022,0.132290440604781));
#6520=CARTESIAN_POINT('',(-0.00879848938792934,0.202175686009374,0.132290487246873));
#6521=CARTESIAN_POINT('',(-0.00764630456195453,0.205211433717009,0.133480397661358));
#6522=CARTESIAN_POINT('',(-0.0076463103162225,0.202175702108361,0.13348044430345));
#6523=CARTESIAN_POINT('',(-0.0053382714535867,0.205211465882066,0.135858151364679));
#6524=CARTESIAN_POINT('',(-0.00533827720785466,0.202175734273419,0.135858198006771));
#6525=CARTESIAN_POINT('',(-0.0031934026706347,0.205211500632891,0.138384704012701));
#6526=CARTESIAN_POINT('',(-0.00319340842490266,0.202175769024244,0.138384750654793));
#6527=CARTESIAN_POINT('',(-0.00224753890961552,0.205211519760865,0.139746352761536));
#6528=CARTESIAN_POINT('',(-0.00224754466388349,0.202175788152217,0.139746399403628));
#6529=CARTESIAN_POINT('',(-0.00875749150479379,0.202193785881421,0.132332847963127));
#6530=CARTESIAN_POINT('',(-0.00761910001166796,0.202193785881421,0.133508512231493));
#6531=CARTESIAN_POINT('',(-0.00534046370423232,0.202193785881421,0.135858212161562));
#6532=CARTESIAN_POINT('',(-0.00322288203113153,0.202193785881421,0.138349438909872));
#6533=CARTESIAN_POINT('',(-0.00228125672240004,0.202193785881421,0.139698011534025));
#6534=CARTESIAN_POINT('',(-0.0138372155926673,0.187383083054116,0.132250415605854));
#6535=CARTESIAN_POINT('',(-0.00937821926759795,0.187545788340578,0.136855899423288));
#6536=CARTESIAN_POINT('',(-0.00487129192382666,0.187544088170587,0.141453834934426));
#6537=CARTESIAN_POINT('',(-0.00475044515399163,0.186882981576757,0.146126484832747));
#6538=CARTESIAN_POINT('',(-0.00474993236166997,0.186879505297097,0.146150930291083));
#6539=CARTESIAN_POINT('',(-0.0121705489260006,0.187383083054116,0.132250415605854));
#6540=CARTESIAN_POINT('',(-0.00771155260093125,0.187545788340578,0.136855899423288));
#6541=CARTESIAN_POINT('',(-0.00320462525715998,0.187544088170587,0.141453834934426));
#6542=CARTESIAN_POINT('',(-0.00308377848732496,0.186882981576757,0.146126484832747));
#6543=CARTESIAN_POINT('',(-0.00308326569500329,0.186879505297097,0.146150930291083));
#6544=CARTESIAN_POINT('',(-0.0105038822593339,0.187383083054116,0.132250415605854));
#6545=CARTESIAN_POINT('',(-0.00604488593426459,0.187545788340578,0.136855899423288));
#6546=CARTESIAN_POINT('',(-0.00153795859049332,0.187544088170587,0.141453834934426));
#6547=CARTESIAN_POINT('',(-0.00141711182065829,0.186882981576757,0.146126484832747));
#6548=CARTESIAN_POINT('',(-0.00141659902833663,0.186879505297097,0.146150930291083));
#6549=CARTESIAN_POINT('',(-0.00883721559266721,0.187383083054116,0.132250415605854));
#6550=CARTESIAN_POINT('',(-0.00437821926759791,0.187545788340578,0.136855899423288));
#6551=CARTESIAN_POINT('',(0.000128708076173351,0.187544088170587,0.141453834934426));
#6552=CARTESIAN_POINT('',(0.000249554846008385,0.186882981576757,0.146126484832747));
#6553=CARTESIAN_POINT('',(0.000250067638330048,0.186879505297097,0.146150930291083));
#6554=CARTESIAN_POINT('',(-0.0047497773126933,0.205709915933076,0.146157678329056));
#6555=CARTESIAN_POINT('',(-0.00474977723255911,0.202193785940771,0.146157680932884));
#6556=CARTESIAN_POINT('',(-0.00477306334219208,0.205709915098209,0.145031016265359));
#6557=CARTESIAN_POINT('',(-0.00477306326205789,0.202193785105904,0.145031018869188));
#6558=CARTESIAN_POINT('',(-0.00533474949842274,0.205709913468513,0.142847610995483));
#6559=CARTESIAN_POINT('',(-0.00533474941828855,0.202193783476208,0.142847613599311));
#6560=CARTESIAN_POINT('',(-0.0075665089242805,0.205709910568346,0.138999997787495));
#6561=CARTESIAN_POINT('',(-0.00756650884414631,0.202193780576041,0.139000000391323));
#6562=CARTESIAN_POINT('',(-0.00980139007258489,0.205709908662755,0.136495525111841));
#6563=CARTESIAN_POINT('',(-0.0098013899924507,0.20219377867045,0.13649552771567));
#6564=CARTESIAN_POINT('',(-0.01132341744215,0.20570990742603,0.134872331777456));
#6565=CARTESIAN_POINT('',(-0.0113234173620158,0.202193777433726,0.134872334381284));
#6566=CARTESIAN_POINT('',(-0.00475182951872753,0.202193785881422,0.146077600056738));
#6567=CARTESIAN_POINT('',(-0.00478608632821921,0.202193785881421,0.144964507168423));
#6568=CARTESIAN_POINT('',(-0.00535118581822055,0.202193785881421,0.142821634488973));
#6569=CARTESIAN_POINT('',(-0.00756298190136937,0.202193785881421,0.139008705442629));
#6570=CARTESIAN_POINT('',(-0.00976581597503379,0.202193785881421,0.136536068590545));
#6571=CARTESIAN_POINT('',(-0.0112692762886348,0.202193785881421,0.134930164145972));
#6572=CARTESIAN_POINT('',(-0.0111964010597333,0.186777072132468,0.129782112496421));
#6573=CARTESIAN_POINT('',(-0.0111964010597333,0.205802672620026,0.129782125778782));
#6574=CARTESIAN_POINT('',(-0.0127603814126071,0.186777073302507,0.128106152301115));
#6575=CARTESIAN_POINT('',(-0.0127603814126071,0.205802673790066,0.128106165583475));
#6576=CARTESIAN_POINT('',(-0.0150489892348616,0.186777075111807,0.125514518421337));
#6577=CARTESIAN_POINT('',(-0.0150489892348616,0.205802675599366,0.125514531703697));
#6578=CARTESIAN_POINT('',(-0.0172806225699317,0.186777077912083,0.121503414345463));
#6579=CARTESIAN_POINT('',(-0.0172806225699317,0.205802678399641,0.121503427627823));
#6580=CARTESIAN_POINT('',(-0.017788013483671,0.186777079496635,0.119233707921888));
#6581=CARTESIAN_POINT('',(-0.017788013483671,0.205802679984194,0.119233721204248));
#6582=CARTESIAN_POINT('',(-0.0177764094315784,0.186777080304086,0.118077118240956));
#6583=CARTESIAN_POINT('',(-0.0177764094315784,0.205802680791645,0.118077131523316));
#6584=CARTESIAN_POINT('',(-0.0172305744412987,0.202193785881422,0.121159369234539));
#6585=CARTESIAN_POINT('',(-0.0166419598764323,0.202193785881422,0.12282919684875));
#6586=CARTESIAN_POINT('',(-0.0147788171881235,0.202193785881421,0.125797389407108));
#6587=CARTESIAN_POINT('',(-0.0124486823149143,0.202193785881421,0.128437987050426));
#6588=CARTESIAN_POINT('',(-0.0112520509906607,0.202193785881421,0.129722512262051));
#6589=CARTESIAN_POINT('',(-0.0172305744412987,0.202193785881422,0.121159369234539));
#6590=CARTESIAN_POINT('',(-0.0172305737482021,0.190385974617683,0.121159369039433));
#6591=CARTESIAN_POINT('',(-0.0172305747168386,0.194321911705596,0.121159369039433));
#6592=CARTESIAN_POINT('',(-0.0172305749943809,0.198257848793508,0.121159369234539));
#6593=CARTESIAN_POINT('',(-0.0172305759630152,0.202193785881421,0.121159369234539));
#6594=CARTESIAN_POINT('',(-0.0172305743017405,0.190385974617683,0.121159369234539));
#6595=CARTESIAN_POINT('',(-0.0172305743017405,0.190385974617683,0.121159369234539));
#6596=CARTESIAN_POINT('',(-0.016641959675952,0.190385974617683,0.122829196547669));
#6597=CARTESIAN_POINT('',(-0.0147788169167258,0.190385974617683,0.125797388443578));
#6598=CARTESIAN_POINT('',(-0.0124486820884694,0.190385974617683,0.128437985418571));
#6599=CARTESIAN_POINT('',(-0.0112520508183692,0.190385974617683,0.129722510319886));
#6600=CARTESIAN_POINT('',(-0.0177768295187279,0.186889880249555,0.118159369234539));
#6601=CARTESIAN_POINT('',(-0.0177768295187278,0.186889880249555,0.12773541673661));
#6602=CARTESIAN_POINT('',(0.0170397624424993,0.189464736976731,0.14544473692636));
#6603=CARTESIAN_POINT('',(-0.0153768295187265,0.181931709768278,0.164299336152923));
#6604=CARTESIAN_POINT('',(-0.0153768295187265,0.181931709768278,0.173995830878937));
#6605=CARTESIAN_POINT('',(-0.0177768295187279,0.205689880249549,0.118159369234539));
#6606=CARTESIAN_POINT('',(-0.0177768295187278,0.205689880249549,0.127735417836851));
#6607=CARTESIAN_POINT('',(0.0170397624424993,0.203113123326074,0.14544474944393));
#6608=CARTESIAN_POINT('',(-0.0153768295187265,0.210651709768278,0.164299311029047));
#6609=CARTESIAN_POINT('',(-0.0153768295187265,0.210651709768278,0.173995830878937));
#6610=CARTESIAN_POINT('',(0.23263770564296,0.196289880249552,0.170995830878937));
#6611=CARTESIAN_POINT('',(0.23263770564296,0.202193785881421,0.170995830878937));
#6612=CARTESIAN_POINT('',(0.23263770564296,0.190385974617683,0.170995830878937));
#6613=CARTESIAN_POINT('',(0.23263770564296,0.196289880249552,0.170995830878937));
#6614=CARTESIAN_POINT('',(0.23263770564296,0.202193785881421,0.170995830878937));
#6615=CARTESIAN_POINT('',(0.23263770564296,0.190385974617683,0.170995830878937));
#6616=CARTESIAN_POINT('',(0.23263770564296,0.196289880249552,0.121159369234539));
#6617=CARTESIAN_POINT('',(0.23263770564296,0.190385974617683,0.121159369234539));
#6618=CARTESIAN_POINT('',(0.23263770564296,0.202193785881421,0.121159369234539));
#6619=CARTESIAN_POINT('',(0.23263770564296,0.196289880249552,0.121159369234539));
#6620=CARTESIAN_POINT('',(0.0222731704812725,0.196289880249552,0.121159369234539));
#6621=CARTESIAN_POINT('',(0.0222731704812725,0.183889880249549,0.121159369234539));
#6622=CARTESIAN_POINT('',(0.0222731704812725,0.208689880249555,0.121159369234539));
#6623=CARTESIAN_POINT('',(-0.020774829518728,0.208689880249555,0.121159369234539));
#6624=CARTESIAN_POINT('',(-0.0267768295187281,0.208689880249555,0.121159369234539));
#6625=CARTESIAN_POINT('',(-0.0267768295187281,0.196289880249552,0.121159369234539));
#6626=CARTESIAN_POINT('',(-0.0267768295187281,0.183889880249549,0.121159369234539));
#6627=CARTESIAN_POINT('',(-0.0207748295187281,0.183889880249549,0.121159369234539));
#6628=CARTESIAN_POINT('',(0.23263770564296,0.202193785881421,0.121159369234539));
#6629=CARTESIAN_POINT('',(0.23263770564296,0.190385974617683,0.121159369234539));
#6630=CARTESIAN_POINT('',(0.012729801188484,0.186928911236883,0.12115936923937));
#6631=CARTESIAN_POINT('',(-0.00529371178010146,0.186928911241563,0.12115936923457));
#6632=CARTESIAN_POINT('',(0.23263770564296,0.190385974617683,0.121159369234539));
#6633=CARTESIAN_POINT('',(0.23263770564296,0.202193785881421,0.121159369234539));
#6634=CARTESIAN_POINT('',(-0.00529371164294002,0.205650820464297,0.121159369234539));
#6635=CARTESIAN_POINT('',(0.0127298013222511,0.205650820464297,0.121159369234539));
#6636=CARTESIAN_POINT('',(0.23263770564296,0.196289880249552,0.170995830878937));
#6637=CARTESIAN_POINT('',(0.23263770564296,0.190385974617683,0.170995830878937));
#6638=CARTESIAN_POINT('',(0.23263770564296,0.202193785881421,0.170995830878937));
#6639=CARTESIAN_POINT('',(0.23263770564296,0.202193785881421,0.146077600056738));
#6640=CARTESIAN_POINT('',(-0.0227768295187281,0.202193785881422,0.146077600056738));
#6641=CARTESIAN_POINT('',(0.23263770564296,0.190385974617683,0.146077600056738));
#6642=CARTESIAN_POINT('',(-0.0227768295187281,0.190385974617683,0.146077600056738));
#6643=CARTESIAN_POINT('',(-0.0227768295187281,0.196289880249552,0.125723414995973));
#6644=CARTESIAN_POINT('',(-0.0207748295187281,0.183889880249549,0.102652705035182));
#6645=CARTESIAN_POINT('',(0.0222731704812723,0.183889880249549,0.102652705035181));
#6646=CARTESIAN_POINT('',(0.0222731704812721,0.183889880249549,0.0841460408358238));
#6647=CARTESIAN_POINT('',(-0.0267768295187281,0.183889880249549,0.102652705035182));
#6648=CARTESIAN_POINT('',(-0.0267768295187281,0.183889880249549,0.0841460408358241));
#6649=CARTESIAN_POINT('',(-0.0207748295187281,0.183889880249549,0.0841460408358241));
#6650=CARTESIAN_POINT('',(0.0162711704812721,0.183889880249549,0.0841460408358238));
#6651=CARTESIAN_POINT('',(-0.0207748295187281,0.190089880249551,0.0805664691668476));
#6652=CARTESIAN_POINT('',(-0.020774829518728,0.196289880249552,0.076986897497871));
#6653=CARTESIAN_POINT('',(-0.0267768295187281,0.196289880249552,0.076986897497871));
#6654=CARTESIAN_POINT('',(-0.0267768295187281,0.190089880249551,0.0805664691668476));
#6655=CARTESIAN_POINT('',(-0.020774829518728,0.202489880249553,0.0805664691668476));
#6656=CARTESIAN_POINT('',(-0.020774829518728,0.208689880249555,0.0841460408358241));
#6657=CARTESIAN_POINT('',(-0.0267768295187281,0.208689880249555,0.0841460408358241));
#6658=CARTESIAN_POINT('',(-0.0267768295187281,0.202489880249553,0.0805664691668476));
#6659=CARTESIAN_POINT('',(-0.020774829518728,0.208689880249555,0.102652705035182));
#6660=CARTESIAN_POINT('',(0.0222731704812724,0.208689880249555,0.102652705035181));
#6661=CARTESIAN_POINT('',(0.0222731704812722,0.208689880249555,0.0841460408358238));
#6662=CARTESIAN_POINT('',(0.0162711704812722,0.208689880249555,0.0841460408358238));
#6663=CARTESIAN_POINT('',(-0.0267768295187281,0.208689880249555,0.102652705035182));
#6664=CARTESIAN_POINT('',(0.0162711704812721,0.202489880249553,0.0805664691668473));
#6665=CARTESIAN_POINT('',(0.0162711704812721,0.196289880249552,0.0769868974978707));
#6666=CARTESIAN_POINT('',(0.0222731704812721,0.196289880249552,0.0769868974978707));
#6667=CARTESIAN_POINT('',(0.0222731704812722,0.202489880249553,0.0805664691668472));
#6668=CARTESIAN_POINT('',(0.0162711704812721,0.190089880249551,0.0805664691668473));
#6669=CARTESIAN_POINT('',(0.0222731704812721,0.190089880249551,0.0805664691668472));
#6670=CARTESIAN_POINT('',(0.0222731704812722,0.196289880249552,0.0913051841737773));
#6671=CARTESIAN_POINT('',(0.0222731704812724,0.196289438636778,0.0983051822867471));
#6672=CARTESIAN_POINT('',(0.0222731704812724,0.196289438636778,0.101005182286747));
#6673=CARTESIAN_POINT('',(0.0222731704812722,0.189289882136582,0.0913047425610035));
#6674=CARTESIAN_POINT('',(0.0222731704812723,0.189289882136582,0.0940047425610035));
#6675=CARTESIAN_POINT('',(0.0222731704812722,0.196290321862326,0.0843051860608075));
#6676=CARTESIAN_POINT('',(0.0222731704812723,0.196290321862326,0.0870051860608075));
#6677=CARTESIAN_POINT('',(0.0222731704812723,0.203289878362522,0.0913056257865511));
#6678=CARTESIAN_POINT('',(0.0222731704812723,0.203289878362522,0.0940056257865511));
#6679=CARTESIAN_POINT('',(-0.0267768295187281,0.196289880249552,0.0913051841737773));
#6680=CARTESIAN_POINT('',(-0.0267768295187281,0.196289438636542,0.0983051860329471));
#6681=CARTESIAN_POINT('',(-0.0267768295187281,0.193589438636542,0.0983051860329471));
#6682=CARTESIAN_POINT('',(-0.0267768295187281,0.203289882108722,0.0913056257867874));
#6683=CARTESIAN_POINT('',(-0.0267768295187281,0.200589882108722,0.0913056257867874));
#6684=CARTESIAN_POINT('',(-0.0267768295187281,0.189289878390382,0.0913047425607671));
#6685=CARTESIAN_POINT('',(-0.0267768295187281,0.186589878390382,0.0913047425607671));
#6686=CARTESIAN_POINT('',(-0.0267768295187281,0.196290321862562,0.0843051823146074));
#6687=CARTESIAN_POINT('',(-0.0267768295187281,0.193590321862562,0.0843051823146074));
#6688=CARTESIAN_POINT('',(0.0222751704812725,0.083380468829175,0.118059954921104));
#6689=CARTESIAN_POINT('',(0.0222751704812725,0.083380468829175,0.118059954921104));
#6690=CARTESIAN_POINT('',(0.0222751704812725,0.309289464687634,0.118059955291253));
#6691=CARTESIAN_POINT('',(0.0222751704812725,0.309289464687634,0.118059955291253));
#6692=CARTESIAN_POINT('',(0.0222751704812725,0.195229220077773,0.188690170707157));
#6693=CARTESIAN_POINT('',(0.0222751704812725,0.196291709768279,0.187629510535378));
#6694=CARTESIAN_POINT('',(0.0222751704812725,0.197352369940058,0.188690170707157));
#6695=CARTESIAN_POINT('',(-0.0267768295187281,0.196290321862562,0.0843051823146074));
#6696=CARTESIAN_POINT('',(-0.0227768295187281,0.196290321862562,0.0843051823146074));
#6697=CARTESIAN_POINT('',(-0.0227768295187281,0.194790321862562,0.0843051823146074));
#6698=CARTESIAN_POINT('',(-0.0227768295187281,0.196290321862562,0.0816051823146074));
#6699=CARTESIAN_POINT('',(-0.0227768295187281,0.196290321862562,0.0843051823146074));
#6700=CARTESIAN_POINT('',(-0.0227768295187281,0.193590321862562,0.0843051823146074));
#6701=CARTESIAN_POINT('',(-0.0267768295187281,0.196290321862562,0.0843051823146074));
#6702=CARTESIAN_POINT('',(-0.0267768295187281,0.189289878390382,0.0913047425607671));
#6703=CARTESIAN_POINT('',(-0.0227768295187281,0.189289878390382,0.0913047425607671));
#6704=CARTESIAN_POINT('',(-0.0227768295187281,0.187789878390382,0.0913047425607671));
#6705=CARTESIAN_POINT('',(-0.0227768295187281,0.189289878390382,0.0886047425607671));
#6706=CARTESIAN_POINT('',(-0.0227768295187281,0.189289878390382,0.0913047425607671));
#6707=CARTESIAN_POINT('',(-0.0227768295187281,0.186589878390382,0.0913047425607671));
#6708=CARTESIAN_POINT('',(-0.0267768295187281,0.189289878390382,0.0913047425607671));
#6709=CARTESIAN_POINT('',(-0.0267768295187281,0.203289882108722,0.0913056257867874));
#6710=CARTESIAN_POINT('',(-0.0227768295187281,0.203289882108722,0.0913056257867874));
#6711=CARTESIAN_POINT('',(-0.0227768295187281,0.201789882108722,0.0913056257867874));
#6712=CARTESIAN_POINT('',(-0.0227768295187281,0.203289882108722,0.0886056257867874));
#6713=CARTESIAN_POINT('',(-0.0227768295187281,0.203289882108722,0.0913056257867874));
#6714=CARTESIAN_POINT('',(-0.0227768295187281,0.200589882108722,0.0913056257867874));
#6715=CARTESIAN_POINT('',(-0.0267768295187281,0.203289882108722,0.0913056257867874));
#6716=CARTESIAN_POINT('',(-0.0267768295187281,0.196289438636542,0.0983051860329471));
#6717=CARTESIAN_POINT('',(-0.0227768295187281,0.196289438636542,0.0983051860329471));
#6718=CARTESIAN_POINT('',(-0.0227768295187281,0.194789438636542,0.0983051860329471));
#6719=CARTESIAN_POINT('',(-0.0227768295187281,0.196289438636542,0.0956051860329471));
#6720=CARTESIAN_POINT('',(-0.0227768295187281,0.196289438636542,0.0983051860329471));
#6721=CARTESIAN_POINT('',(-0.0227768295187281,0.193589438636542,0.0983051860329471));
#6722=CARTESIAN_POINT('',(-0.0267768295187281,0.196289438636542,0.0983051860329471));
#6723=CARTESIAN_POINT('',(0.0222731704812722,0.203289878362522,0.0913056257865511));
#6724=CARTESIAN_POINT('',(0.0182731704812722,0.203289878362522,0.0913056257865511));
#6725=CARTESIAN_POINT('',(0.0182731704812723,0.203289878362522,0.0928056257865511));
#6726=CARTESIAN_POINT('',(0.0182731704812722,0.203289878362522,0.0886056257865511));
#6727=CARTESIAN_POINT('',(0.0182731704812722,0.203289878362522,0.0913056257865511));
#6728=CARTESIAN_POINT('',(0.0182731704812723,0.203289878362522,0.0940056257865511));
#6729=CARTESIAN_POINT('',(0.0222731704812722,0.203289878362522,0.0913056257865511));
#6730=CARTESIAN_POINT('',(0.0222731704812722,0.196290321862326,0.0843051860608075));
#6731=CARTESIAN_POINT('',(0.0182731704812722,0.196290321862326,0.0843051860608075));
#6732=CARTESIAN_POINT('',(0.0182731704812722,0.196290321862326,0.0858051860608075));
#6733=CARTESIAN_POINT('',(0.0182731704812722,0.196290321862326,0.0816051860608075));
#6734=CARTESIAN_POINT('',(0.0182731704812722,0.196290321862326,0.0843051860608075));
#6735=CARTESIAN_POINT('',(0.0182731704812722,0.196290321862326,0.0870051860608075));
#6736=CARTESIAN_POINT('',(0.0222731704812722,0.196290321862326,0.0843051860608075));
#6737=CARTESIAN_POINT('',(0.0222731704812722,0.189289882136582,0.0913047425610035));
#6738=CARTESIAN_POINT('',(0.0182731704812722,0.189289882136582,0.0913047425610035));
#6739=CARTESIAN_POINT('',(0.0182731704812723,0.189289882136582,0.0928047425610035));
#6740=CARTESIAN_POINT('',(0.0182731704812722,0.189289882136582,0.0886047425610035));
#6741=CARTESIAN_POINT('',(0.0182731704812722,0.189289882136582,0.0913047425610035));
#6742=CARTESIAN_POINT('',(0.0182731704812723,0.189289882136582,0.0940047425610035));
#6743=CARTESIAN_POINT('',(0.0222731704812722,0.189289882136582,0.0913047425610035));
#6744=CARTESIAN_POINT('',(0.0222731704812723,0.196289438636778,0.0983051822867471));
#6745=CARTESIAN_POINT('',(0.0182731704812723,0.196289438636778,0.0983051822867472));
#6746=CARTESIAN_POINT('',(0.0182731704812723,0.196289438636778,0.0998051822867472));
#6747=CARTESIAN_POINT('',(0.0182731704812723,0.196289438636778,0.0956051822867472));
#6748=CARTESIAN_POINT('',(0.0182731704812723,0.196289438636778,0.0983051822867472));
#6749=CARTESIAN_POINT('',(0.0182731704812723,0.196289438636778,0.101005182286747));
#6750=CARTESIAN_POINT('',(0.0222731704812723,0.196289438636778,0.0983051822867471));
#6751=MECHANICAL_DESIGN_GEOMETRIC_PRESENTATION_REPRESENTATION('',(#2698),
#6752);
#6752=(
GEOMETRIC_REPRESENTATION_CONTEXT(3)
GLOBAL_UNCERTAINTY_ASSIGNED_CONTEXT((#6753))
GLOBAL_UNIT_ASSIGNED_CONTEXT((#6756,#6755,#6754))
REPRESENTATION_CONTEXT('Link3','TOP_LEVEL_ASSEMBLY_PART')
);
#6753=UNCERTAINTY_MEASURE_WITH_UNIT(LENGTH_MEASURE(2.40092866713708E-5),
#6756,'DISTANCE_ACCURACY_VALUE','Maximum Tolerance applied to model');
#6754=(
NAMED_UNIT(*)
SI_UNIT($,.STERADIAN.)
SOLID_ANGLE_UNIT()
);
#6755=(
NAMED_UNIT(*)
PLANE_ANGLE_UNIT()
SI_UNIT($,.RADIAN.)
);
#6756=(
LENGTH_UNIT()
NAMED_UNIT(*)
SI_UNIT($,.METRE.)
);
#6757=PRODUCT_DEFINITION_SHAPE('','',#6758);
#6758=PRODUCT_DEFINITION('','',#6760,#6759);
#6759=PRODUCT_DEFINITION_CONTEXT('',#6766,'design');
#6760=PRODUCT_DEFINITION_FORMATION_WITH_SPECIFIED_SOURCE('','',#6762,
 .NOT_KNOWN.);
#6761=PRODUCT_RELATED_PRODUCT_CATEGORY('','',(#6762));
#6762=PRODUCT('Link3','Link3','Link3',(#6764));
#6763=PRODUCT_CATEGORY('','');
#6764=PRODUCT_CONTEXT('',#6766,'mechanical');
#6765=APPLICATION_PROTOCOL_DEFINITION('international standard',
'ap242_managed_model_based_3d_engineering',2020,#6766);
#6766=APPLICATION_CONTEXT('managed model based 3d engineering');
ENDSEC;
END-ISO-10303-21;
