ISO-10303-21;
HEADER;
/* Generated by software containing ST-Developer
 * from STEP Tools, Inc. (www.steptools.com) 
 */
/* OPTION: using custom renumber hook */

FILE_DESCRIPTION(
/* description */ ('STEP AP242 Edition 2',
'CAx-IF Rec.Pracs.---Representation and Presentation of Product Manufa
cturing Information (PMI)---4.0---2014-10-13',
'CAx-IF Rec.Pracs.---3D Tessellated Geometry---0.4---2014-09-14','2;1',
'CAx-IF Rec.Pracs.---User Defined Attributes---1.5---2016-08-15'),
/* implementation_level */ '2;1');

FILE_NAME(
/* name */ 'Hexarm - Leader - Wheel',
/* time_stamp */ '2026-08-09T23:34:58Z',
/* author */ (''),
/* organization */ (''),
/* preprocessor_version */ 'ST-DEVELOPER v20',
/* originating_system */ 'ONSHAPE BY PTC INC, 1.219',
/* authorisation */ '  ');

FILE_SCHEMA (('AP242_MANAGED_MODEL_BASED_3D_ENGINEERING_MIM_LF { 1 0 10303 442 3 1 4 }'));
ENDSEC;

DATA;
#10=SHAPE_REPRESENTATION_RELATIONSHIP('','',#1677,#11);
#11=ADVANCED_BREP_SHAPE_REPRESENTATION('',(#1675),#2779);
#12=SPHERICAL_SURFACE('',#1785,0.002);
#13=SPHERICAL_SURFACE('',#1789,0.002);
#14=SPHERICAL_SURFACE('',#1790,0.002);
#15=SPHERICAL_SURFACE('',#1794,0.002);
#16=SPHERICAL_SURFACE('',#1795,0.002);
#17=SPHERICAL_SURFACE('',#1799,0.002);
#18=SPHERICAL_SURFACE('',#1800,0.002);
#19=SPHERICAL_SURFACE('',#1804,0.002);
#20=SPHERICAL_SURFACE('',#1805,0.002);
#21=SPHERICAL_SURFACE('',#1809,0.002);
#22=SPHERICAL_SURFACE('',#1810,0.002);
#23=SPHERICAL_SURFACE('',#1814,0.002);
#24=CYLINDRICAL_SURFACE('',#1694,0.0028);
#25=CYLINDRICAL_SURFACE('',#1697,0.0028);
#26=CYLINDRICAL_SURFACE('',#1700,0.0028);
#27=CYLINDRICAL_SURFACE('',#1703,0.0028);
#28=CYLINDRICAL_SURFACE('',#1711,0.0016);
#29=CYLINDRICAL_SURFACE('',#1719,0.0016);
#30=CYLINDRICAL_SURFACE('',#1722,0.0016);
#31=CYLINDRICAL_SURFACE('',#1725,0.0016);
#32=CYLINDRICAL_SURFACE('',#1728,0.0016);
#33=CYLINDRICAL_SURFACE('',#1739,0.0045);
#34=CYLINDRICAL_SURFACE('',#1742,0.0045);
#35=CYLINDRICAL_SURFACE('',#1745,0.0045);
#36=CYLINDRICAL_SURFACE('',#1748,0.0045);
#37=CYLINDRICAL_SURFACE('',#1749,0.002);
#38=CYLINDRICAL_SURFACE('',#1752,0.002);
#39=CYLINDRICAL_SURFACE('',#1755,0.002);
#40=CYLINDRICAL_SURFACE('',#1758,0.002);
#41=CYLINDRICAL_SURFACE('',#1761,0.002);
#42=CYLINDRICAL_SURFACE('',#1764,0.002);
#43=CYLINDRICAL_SURFACE('',#1767,0.002);
#44=CYLINDRICAL_SURFACE('',#1770,0.002);
#45=CYLINDRICAL_SURFACE('',#1773,0.002);
#46=CYLINDRICAL_SURFACE('',#1776,0.002);
#47=CYLINDRICAL_SURFACE('',#1779,0.002);
#48=CYLINDRICAL_SURFACE('',#1782,0.002);
#49=CYLINDRICAL_SURFACE('',#1787,0.002);
#50=CYLINDRICAL_SURFACE('',#1792,0.002);
#51=CYLINDRICAL_SURFACE('',#1797,0.002);
#52=CYLINDRICAL_SURFACE('',#1802,0.002);
#53=CYLINDRICAL_SURFACE('',#1807,0.002);
#54=CYLINDRICAL_SURFACE('',#1812,0.002);
#55=CIRCLE('',#1686,0.0045);
#56=CIRCLE('',#1687,0.0045);
#57=CIRCLE('',#1689,0.0045);
#58=CIRCLE('',#1690,0.0045);
#59=CIRCLE('',#1691,0.0045);
#60=CIRCLE('',#1692,0.0045);
#61=CIRCLE('',#1693,0.0016);
#62=CIRCLE('',#1695,0.0028);
#63=CIRCLE('',#1696,0.0028);
#64=CIRCLE('',#1698,0.0028);
#65=CIRCLE('',#1699,0.0028);
#66=CIRCLE('',#1701,0.0028);
#67=CIRCLE('',#1702,0.0028);
#68=CIRCLE('',#1704,0.0028);
#69=CIRCLE('',#1705,0.0028);
#70=CIRCLE('',#1712,0.0016);
#71=CIRCLE('',#1715,0.0016);
#72=CIRCLE('',#1716,0.0016);
#73=CIRCLE('',#1717,0.0016);
#74=CIRCLE('',#1718,0.0016);
#75=CIRCLE('',#1720,0.0016);
#76=CIRCLE('',#1723,0.0016);
#77=CIRCLE('',#1726,0.0016);
#78=CIRCLE('',#1729,0.0016);
#79=CIRCLE('',#1738,0.0045);
#80=CIRCLE('',#1741,0.0045);
#81=CIRCLE('',#1744,0.0045);
#82=CIRCLE('',#1747,0.0045);
#83=CIRCLE('',#1750,0.002);
#84=CIRCLE('',#1751,0.002);
#85=CIRCLE('',#1753,0.002);
#86=CIRCLE('',#1754,0.002);
#87=CIRCLE('',#1756,0.002);
#88=CIRCLE('',#1757,0.002);
#89=CIRCLE('',#1759,0.002);
#90=CIRCLE('',#1760,0.002);
#91=CIRCLE('',#1762,0.002);
#92=CIRCLE('',#1763,0.002);
#93=CIRCLE('',#1765,0.002);
#94=CIRCLE('',#1766,0.002);
#95=CIRCLE('',#1768,0.002);
#96=CIRCLE('',#1769,0.002);
#97=CIRCLE('',#1771,0.002);
#98=CIRCLE('',#1772,0.002);
#99=CIRCLE('',#1774,0.002);
#100=CIRCLE('',#1775,0.002);
#101=CIRCLE('',#1777,0.002);
#102=CIRCLE('',#1778,0.002);
#103=CIRCLE('',#1780,0.002);
#104=CIRCLE('',#1781,0.002);
#105=CIRCLE('',#1783,0.002);
#106=CIRCLE('',#1784,0.002);
#107=CIRCLE('',#1786,0.002);
#108=CIRCLE('',#1788,0.002);
#109=CIRCLE('',#1791,0.002);
#110=CIRCLE('',#1793,0.002);
#111=CIRCLE('',#1796,0.002);
#112=CIRCLE('',#1798,0.002);
#113=CIRCLE('',#1801,0.002);
#114=CIRCLE('',#1803,0.002);
#115=CIRCLE('',#1806,0.002);
#116=CIRCLE('',#1808,0.002);
#117=CIRCLE('',#1811,0.002);
#118=CIRCLE('',#1813,0.002);
#119=ORIENTED_EDGE('',*,*,#555,.F.);
#120=ORIENTED_EDGE('',*,*,#556,.F.);
#121=ORIENTED_EDGE('',*,*,#557,.T.);
#122=ORIENTED_EDGE('',*,*,#558,.T.);
#123=ORIENTED_EDGE('',*,*,#559,.T.);
#124=ORIENTED_EDGE('',*,*,#560,.T.);
#125=ORIENTED_EDGE('',*,*,#561,.F.);
#126=ORIENTED_EDGE('',*,*,#557,.F.);
#127=ORIENTED_EDGE('',*,*,#562,.T.);
#128=ORIENTED_EDGE('',*,*,#563,.T.);
#129=ORIENTED_EDGE('',*,*,#564,.F.);
#130=ORIENTED_EDGE('',*,*,#565,.F.);
#131=ORIENTED_EDGE('',*,*,#566,.F.);
#132=ORIENTED_EDGE('',*,*,#567,.F.);
#133=ORIENTED_EDGE('',*,*,#565,.T.);
#134=ORIENTED_EDGE('',*,*,#568,.T.);
#135=ORIENTED_EDGE('',*,*,#569,.F.);
#136=ORIENTED_EDGE('',*,*,#570,.F.);
#137=ORIENTED_EDGE('',*,*,#571,.T.);
#138=ORIENTED_EDGE('',*,*,#572,.T.);
#139=ORIENTED_EDGE('',*,*,#573,.F.);
#140=ORIENTED_EDGE('',*,*,#574,.F.);
#141=ORIENTED_EDGE('',*,*,#575,.T.);
#142=ORIENTED_EDGE('',*,*,#576,.T.);
#143=ORIENTED_EDGE('',*,*,#577,.T.);
#144=ORIENTED_EDGE('',*,*,#562,.F.);
#145=ORIENTED_EDGE('',*,*,#567,.T.);
#146=ORIENTED_EDGE('',*,*,#578,.T.);
#147=ORIENTED_EDGE('',*,*,#579,.F.);
#148=ORIENTED_EDGE('',*,*,#580,.T.);
#149=ORIENTED_EDGE('',*,*,#581,.F.);
#150=ORIENTED_EDGE('',*,*,#582,.T.);
#151=ORIENTED_EDGE('',*,*,#583,.F.);
#152=ORIENTED_EDGE('',*,*,#559,.F.);
#153=ORIENTED_EDGE('',*,*,#556,.T.);
#154=ORIENTED_EDGE('',*,*,#584,.F.);
#155=ORIENTED_EDGE('',*,*,#585,.F.);
#156=ORIENTED_EDGE('',*,*,#586,.F.);
#157=ORIENTED_EDGE('',*,*,#587,.F.);
#158=ORIENTED_EDGE('',*,*,#588,.T.);
#159=ORIENTED_EDGE('',*,*,#589,.F.);
#160=ORIENTED_EDGE('',*,*,#590,.F.);
#161=ORIENTED_EDGE('',*,*,#591,.T.);
#162=ORIENTED_EDGE('',*,*,#592,.T.);
#163=ORIENTED_EDGE('',*,*,#593,.F.);
#164=ORIENTED_EDGE('',*,*,#594,.T.);
#165=ORIENTED_EDGE('',*,*,#595,.T.);
#166=ORIENTED_EDGE('',*,*,#596,.T.);
#167=ORIENTED_EDGE('',*,*,#597,.T.);
#168=ORIENTED_EDGE('',*,*,#598,.F.);
#169=ORIENTED_EDGE('',*,*,#599,.T.);
#170=ORIENTED_EDGE('',*,*,#600,.T.);
#171=ORIENTED_EDGE('',*,*,#601,.T.);
#172=ORIENTED_EDGE('',*,*,#602,.T.);
#173=ORIENTED_EDGE('',*,*,#603,.T.);
#174=ORIENTED_EDGE('',*,*,#604,.T.);
#175=ORIENTED_EDGE('',*,*,#605,.T.);
#176=ORIENTED_EDGE('',*,*,#606,.T.);
#177=ORIENTED_EDGE('',*,*,#607,.T.);
#178=ORIENTED_EDGE('',*,*,#608,.T.);
#179=ORIENTED_EDGE('',*,*,#609,.F.);
#180=ORIENTED_EDGE('',*,*,#610,.T.);
#181=ORIENTED_EDGE('',*,*,#570,.T.);
#182=ORIENTED_EDGE('',*,*,#611,.T.);
#183=ORIENTED_EDGE('',*,*,#612,.F.);
#184=ORIENTED_EDGE('',*,*,#613,.T.);
#185=ORIENTED_EDGE('',*,*,#614,.T.);
#186=ORIENTED_EDGE('',*,*,#615,.F.);
#187=ORIENTED_EDGE('',*,*,#616,.T.);
#188=ORIENTED_EDGE('',*,*,#617,.T.);
#189=ORIENTED_EDGE('',*,*,#574,.T.);
#190=ORIENTED_EDGE('',*,*,#618,.T.);
#191=ORIENTED_EDGE('',*,*,#619,.F.);
#192=ORIENTED_EDGE('',*,*,#620,.T.);
#193=ORIENTED_EDGE('',*,*,#621,.T.);
#194=ORIENTED_EDGE('',*,*,#576,.F.);
#195=ORIENTED_EDGE('',*,*,#622,.T.);
#196=ORIENTED_EDGE('',*,*,#623,.T.);
#197=ORIENTED_EDGE('',*,*,#624,.F.);
#198=ORIENTED_EDGE('',*,*,#625,.F.);
#199=ORIENTED_EDGE('',*,*,#626,.F.);
#200=ORIENTED_EDGE('',*,*,#627,.F.);
#201=ORIENTED_EDGE('',*,*,#628,.T.);
#202=ORIENTED_EDGE('',*,*,#572,.F.);
#203=ORIENTED_EDGE('',*,*,#629,.F.);
#204=ORIENTED_EDGE('',*,*,#630,.T.);
#205=ORIENTED_EDGE('',*,*,#631,.F.);
#206=ORIENTED_EDGE('',*,*,#632,.F.);
#207=ORIENTED_EDGE('',*,*,#558,.F.);
#208=ORIENTED_EDGE('',*,*,#561,.T.);
#209=ORIENTED_EDGE('',*,*,#633,.F.);
#210=ORIENTED_EDGE('',*,*,#634,.F.);
#211=ORIENTED_EDGE('',*,*,#635,.T.);
#212=ORIENTED_EDGE('',*,*,#636,.T.);
#213=ORIENTED_EDGE('',*,*,#637,.T.);
#214=ORIENTED_EDGE('',*,*,#638,.T.);
#215=ORIENTED_EDGE('',*,*,#639,.T.);
#216=ORIENTED_EDGE('',*,*,#640,.T.);
#217=ORIENTED_EDGE('',*,*,#641,.T.);
#218=ORIENTED_EDGE('',*,*,#642,.T.);
#219=ORIENTED_EDGE('',*,*,#643,.T.);
#220=ORIENTED_EDGE('',*,*,#644,.T.);
#221=ORIENTED_EDGE('',*,*,#645,.F.);
#222=ORIENTED_EDGE('',*,*,#646,.F.);
#223=ORIENTED_EDGE('',*,*,#647,.T.);
#224=ORIENTED_EDGE('',*,*,#648,.T.);
#225=ORIENTED_EDGE('',*,*,#649,.F.);
#226=ORIENTED_EDGE('',*,*,#650,.T.);
#227=ORIENTED_EDGE('',*,*,#651,.T.);
#228=ORIENTED_EDGE('',*,*,#652,.F.);
#229=ORIENTED_EDGE('',*,*,#653,.F.);
#230=ORIENTED_EDGE('',*,*,#568,.F.);
#231=ORIENTED_EDGE('',*,*,#564,.T.);
#232=ORIENTED_EDGE('',*,*,#654,.T.);
#233=ORIENTED_EDGE('',*,*,#655,.T.);
#234=ORIENTED_EDGE('',*,*,#656,.T.);
#235=ORIENTED_EDGE('',*,*,#657,.T.);
#236=ORIENTED_EDGE('',*,*,#658,.T.);
#237=ORIENTED_EDGE('',*,*,#659,.T.);
#238=ORIENTED_EDGE('',*,*,#660,.T.);
#239=ORIENTED_EDGE('',*,*,#661,.T.);
#240=ORIENTED_EDGE('',*,*,#662,.T.);
#241=ORIENTED_EDGE('',*,*,#663,.T.);
#242=ORIENTED_EDGE('',*,*,#664,.T.);
#243=ORIENTED_EDGE('',*,*,#665,.F.);
#244=ORIENTED_EDGE('',*,*,#601,.F.);
#245=ORIENTED_EDGE('',*,*,#666,.T.);
#246=ORIENTED_EDGE('',*,*,#667,.T.);
#247=ORIENTED_EDGE('',*,*,#668,.F.);
#248=ORIENTED_EDGE('',*,*,#594,.F.);
#249=ORIENTED_EDGE('',*,*,#669,.F.);
#250=ORIENTED_EDGE('',*,*,#602,.F.);
#251=ORIENTED_EDGE('',*,*,#665,.T.);
#252=ORIENTED_EDGE('',*,*,#670,.T.);
#253=ORIENTED_EDGE('',*,*,#671,.F.);
#254=ORIENTED_EDGE('',*,*,#595,.F.);
#255=ORIENTED_EDGE('',*,*,#668,.T.);
#256=ORIENTED_EDGE('',*,*,#672,.T.);
#257=ORIENTED_EDGE('',*,*,#673,.F.);
#258=ORIENTED_EDGE('',*,*,#596,.F.);
#259=ORIENTED_EDGE('',*,*,#671,.T.);
#260=ORIENTED_EDGE('',*,*,#674,.T.);
#261=ORIENTED_EDGE('',*,*,#675,.F.);
#262=ORIENTED_EDGE('',*,*,#599,.F.);
#263=ORIENTED_EDGE('',*,*,#676,.F.);
#264=ORIENTED_EDGE('',*,*,#597,.F.);
#265=ORIENTED_EDGE('',*,*,#673,.T.);
#266=ORIENTED_EDGE('',*,*,#677,.F.);
#267=ORIENTED_EDGE('',*,*,#645,.T.);
#268=ORIENTED_EDGE('',*,*,#678,.T.);
#269=ORIENTED_EDGE('',*,*,#666,.F.);
#270=ORIENTED_EDGE('',*,*,#600,.F.);
#271=ORIENTED_EDGE('',*,*,#675,.T.);
#272=ORIENTED_EDGE('',*,*,#679,.F.);
#273=ORIENTED_EDGE('',*,*,#680,.F.);
#274=ORIENTED_EDGE('',*,*,#681,.F.);
#275=ORIENTED_EDGE('',*,*,#682,.F.);
#276=ORIENTED_EDGE('',*,*,#664,.F.);
#277=ORIENTED_EDGE('',*,*,#678,.F.);
#278=ORIENTED_EDGE('',*,*,#674,.F.);
#279=ORIENTED_EDGE('',*,*,#672,.F.);
#280=ORIENTED_EDGE('',*,*,#670,.F.);
#281=ORIENTED_EDGE('',*,*,#667,.F.);
#282=ORIENTED_EDGE('',*,*,#677,.T.);
#283=ORIENTED_EDGE('',*,*,#683,.F.);
#284=ORIENTED_EDGE('',*,*,#682,.T.);
#285=ORIENTED_EDGE('',*,*,#683,.T.);
#286=ORIENTED_EDGE('',*,*,#656,.F.);
#287=ORIENTED_EDGE('',*,*,#684,.F.);
#288=ORIENTED_EDGE('',*,*,#681,.T.);
#289=ORIENTED_EDGE('',*,*,#684,.T.);
#290=ORIENTED_EDGE('',*,*,#658,.F.);
#291=ORIENTED_EDGE('',*,*,#685,.F.);
#292=ORIENTED_EDGE('',*,*,#680,.T.);
#293=ORIENTED_EDGE('',*,*,#685,.T.);
#294=ORIENTED_EDGE('',*,*,#660,.F.);
#295=ORIENTED_EDGE('',*,*,#686,.F.);
#296=ORIENTED_EDGE('',*,*,#679,.T.);
#297=ORIENTED_EDGE('',*,*,#686,.T.);
#298=ORIENTED_EDGE('',*,*,#662,.F.);
#299=ORIENTED_EDGE('',*,*,#687,.T.);
#300=ORIENTED_EDGE('',*,*,#688,.T.);
#301=ORIENTED_EDGE('',*,*,#689,.T.);
#302=ORIENTED_EDGE('',*,*,#690,.T.);
#303=ORIENTED_EDGE('',*,*,#691,.T.);
#304=ORIENTED_EDGE('',*,*,#692,.T.);
#305=ORIENTED_EDGE('',*,*,#693,.T.);
#306=ORIENTED_EDGE('',*,*,#694,.T.);
#307=ORIENTED_EDGE('',*,*,#695,.T.);
#308=ORIENTED_EDGE('',*,*,#696,.T.);
#309=ORIENTED_EDGE('',*,*,#697,.T.);
#310=ORIENTED_EDGE('',*,*,#698,.T.);
#311=ORIENTED_EDGE('',*,*,#699,.T.);
#312=ORIENTED_EDGE('',*,*,#700,.T.);
#313=ORIENTED_EDGE('',*,*,#701,.T.);
#314=ORIENTED_EDGE('',*,*,#702,.T.);
#315=ORIENTED_EDGE('',*,*,#703,.T.);
#316=ORIENTED_EDGE('',*,*,#704,.T.);
#317=ORIENTED_EDGE('',*,*,#705,.T.);
#318=ORIENTED_EDGE('',*,*,#706,.T.);
#319=ORIENTED_EDGE('',*,*,#707,.T.);
#320=ORIENTED_EDGE('',*,*,#708,.T.);
#321=ORIENTED_EDGE('',*,*,#709,.T.);
#322=ORIENTED_EDGE('',*,*,#710,.T.);
#323=ORIENTED_EDGE('',*,*,#663,.F.);
#324=ORIENTED_EDGE('',*,*,#711,.F.);
#325=ORIENTED_EDGE('',*,*,#711,.T.);
#326=ORIENTED_EDGE('',*,*,#644,.F.);
#327=ORIENTED_EDGE('',*,*,#657,.F.);
#328=ORIENTED_EDGE('',*,*,#676,.T.);
#329=ORIENTED_EDGE('',*,*,#712,.F.);
#330=ORIENTED_EDGE('',*,*,#598,.T.);
#331=ORIENTED_EDGE('',*,*,#712,.T.);
#332=ORIENTED_EDGE('',*,*,#643,.F.);
#333=ORIENTED_EDGE('',*,*,#661,.F.);
#334=ORIENTED_EDGE('',*,*,#669,.T.);
#335=ORIENTED_EDGE('',*,*,#713,.F.);
#336=ORIENTED_EDGE('',*,*,#593,.T.);
#337=ORIENTED_EDGE('',*,*,#713,.T.);
#338=ORIENTED_EDGE('',*,*,#642,.F.);
#339=ORIENTED_EDGE('',*,*,#659,.F.);
#340=ORIENTED_EDGE('',*,*,#714,.F.);
#341=ORIENTED_EDGE('',*,*,#714,.T.);
#342=ORIENTED_EDGE('',*,*,#641,.F.);
#343=ORIENTED_EDGE('',*,*,#607,.F.);
#344=ORIENTED_EDGE('',*,*,#715,.T.);
#345=ORIENTED_EDGE('',*,*,#699,.F.);
#346=ORIENTED_EDGE('',*,*,#716,.T.);
#347=ORIENTED_EDGE('',*,*,#606,.F.);
#348=ORIENTED_EDGE('',*,*,#717,.T.);
#349=ORIENTED_EDGE('',*,*,#703,.F.);
#350=ORIENTED_EDGE('',*,*,#718,.T.);
#351=ORIENTED_EDGE('',*,*,#608,.F.);
#352=ORIENTED_EDGE('',*,*,#719,.T.);
#353=ORIENTED_EDGE('',*,*,#695,.F.);
#354=ORIENTED_EDGE('',*,*,#720,.T.);
#355=ORIENTED_EDGE('',*,*,#709,.F.);
#356=ORIENTED_EDGE('',*,*,#721,.T.);
#357=ORIENTED_EDGE('',*,*,#605,.F.);
#358=ORIENTED_EDGE('',*,*,#722,.T.);
#359=ORIENTED_EDGE('',*,*,#603,.F.);
#360=ORIENTED_EDGE('',*,*,#723,.T.);
#361=ORIENTED_EDGE('',*,*,#691,.F.);
#362=ORIENTED_EDGE('',*,*,#724,.T.);
#363=ORIENTED_EDGE('',*,*,#604,.F.);
#364=ORIENTED_EDGE('',*,*,#725,.T.);
#365=ORIENTED_EDGE('',*,*,#687,.F.);
#366=ORIENTED_EDGE('',*,*,#726,.T.);
#367=ORIENTED_EDGE('',*,*,#693,.F.);
#368=ORIENTED_EDGE('',*,*,#727,.T.);
#369=ORIENTED_EDGE('',*,*,#639,.F.);
#370=ORIENTED_EDGE('',*,*,#728,.T.);
#371=ORIENTED_EDGE('',*,*,#697,.F.);
#372=ORIENTED_EDGE('',*,*,#729,.T.);
#373=ORIENTED_EDGE('',*,*,#640,.F.);
#374=ORIENTED_EDGE('',*,*,#730,.T.);
#375=ORIENTED_EDGE('',*,*,#689,.F.);
#376=ORIENTED_EDGE('',*,*,#731,.T.);
#377=ORIENTED_EDGE('',*,*,#638,.F.);
#378=ORIENTED_EDGE('',*,*,#732,.T.);
#379=ORIENTED_EDGE('',*,*,#701,.F.);
#380=ORIENTED_EDGE('',*,*,#733,.T.);
#381=ORIENTED_EDGE('',*,*,#635,.F.);
#382=ORIENTED_EDGE('',*,*,#734,.T.);
#383=ORIENTED_EDGE('',*,*,#637,.F.);
#384=ORIENTED_EDGE('',*,*,#735,.T.);
#385=ORIENTED_EDGE('',*,*,#707,.F.);
#386=ORIENTED_EDGE('',*,*,#736,.T.);
#387=ORIENTED_EDGE('',*,*,#705,.F.);
#388=ORIENTED_EDGE('',*,*,#737,.T.);
#389=ORIENTED_EDGE('',*,*,#636,.F.);
#390=ORIENTED_EDGE('',*,*,#738,.T.);
#391=ORIENTED_EDGE('',*,*,#717,.F.);
#392=ORIENTED_EDGE('',*,*,#721,.F.);
#393=ORIENTED_EDGE('',*,*,#739,.F.);
#394=ORIENTED_EDGE('',*,*,#739,.T.);
#395=ORIENTED_EDGE('',*,*,#708,.F.);
#396=ORIENTED_EDGE('',*,*,#740,.F.);
#397=ORIENTED_EDGE('',*,*,#704,.F.);
#398=ORIENTED_EDGE('',*,*,#740,.T.);
#399=ORIENTED_EDGE('',*,*,#735,.F.);
#400=ORIENTED_EDGE('',*,*,#737,.F.);
#401=ORIENTED_EDGE('',*,*,#715,.F.);
#402=ORIENTED_EDGE('',*,*,#718,.F.);
#403=ORIENTED_EDGE('',*,*,#741,.F.);
#404=ORIENTED_EDGE('',*,*,#741,.T.);
#405=ORIENTED_EDGE('',*,*,#706,.F.);
#406=ORIENTED_EDGE('',*,*,#742,.F.);
#407=ORIENTED_EDGE('',*,*,#700,.F.);
#408=ORIENTED_EDGE('',*,*,#738,.F.);
#409=ORIENTED_EDGE('',*,*,#733,.F.);
#410=ORIENTED_EDGE('',*,*,#742,.T.);
#411=ORIENTED_EDGE('',*,*,#719,.F.);
#412=ORIENTED_EDGE('',*,*,#716,.F.);
#413=ORIENTED_EDGE('',*,*,#743,.F.);
#414=ORIENTED_EDGE('',*,*,#743,.T.);
#415=ORIENTED_EDGE('',*,*,#702,.F.);
#416=ORIENTED_EDGE('',*,*,#744,.F.);
#417=ORIENTED_EDGE('',*,*,#696,.F.);
#418=ORIENTED_EDGE('',*,*,#734,.F.);
#419=ORIENTED_EDGE('',*,*,#729,.F.);
#420=ORIENTED_EDGE('',*,*,#744,.T.);
#421=ORIENTED_EDGE('',*,*,#723,.F.);
#422=ORIENTED_EDGE('',*,*,#720,.F.);
#423=ORIENTED_EDGE('',*,*,#745,.F.);
#424=ORIENTED_EDGE('',*,*,#745,.T.);
#425=ORIENTED_EDGE('',*,*,#698,.F.);
#426=ORIENTED_EDGE('',*,*,#746,.F.);
#427=ORIENTED_EDGE('',*,*,#692,.F.);
#428=ORIENTED_EDGE('',*,*,#730,.F.);
#429=ORIENTED_EDGE('',*,*,#727,.F.);
#430=ORIENTED_EDGE('',*,*,#746,.T.);
#431=ORIENTED_EDGE('',*,*,#725,.F.);
#432=ORIENTED_EDGE('',*,*,#724,.F.);
#433=ORIENTED_EDGE('',*,*,#747,.F.);
#434=ORIENTED_EDGE('',*,*,#747,.T.);
#435=ORIENTED_EDGE('',*,*,#694,.F.);
#436=ORIENTED_EDGE('',*,*,#748,.F.);
#437=ORIENTED_EDGE('',*,*,#688,.F.);
#438=ORIENTED_EDGE('',*,*,#748,.T.);
#439=ORIENTED_EDGE('',*,*,#728,.F.);
#440=ORIENTED_EDGE('',*,*,#731,.F.);
#441=ORIENTED_EDGE('',*,*,#722,.F.);
#442=ORIENTED_EDGE('',*,*,#726,.F.);
#443=ORIENTED_EDGE('',*,*,#749,.F.);
#444=ORIENTED_EDGE('',*,*,#749,.T.);
#445=ORIENTED_EDGE('',*,*,#690,.F.);
#446=ORIENTED_EDGE('',*,*,#750,.F.);
#447=ORIENTED_EDGE('',*,*,#710,.F.);
#448=ORIENTED_EDGE('',*,*,#750,.T.);
#449=ORIENTED_EDGE('',*,*,#732,.F.);
#450=ORIENTED_EDGE('',*,*,#736,.F.);
#451=ORIENTED_EDGE('',*,*,#610,.F.);
#452=ORIENTED_EDGE('',*,*,#751,.T.);
#453=ORIENTED_EDGE('',*,*,#626,.T.);
#454=ORIENTED_EDGE('',*,*,#571,.F.);
#455=ORIENTED_EDGE('',*,*,#588,.F.);
#456=ORIENTED_EDGE('',*,*,#752,.T.);
#457=ORIENTED_EDGE('',*,*,#631,.T.);
#458=ORIENTED_EDGE('',*,*,#753,.F.);
#459=ORIENTED_EDGE('',*,*,#754,.F.);
#460=ORIENTED_EDGE('',*,*,#585,.T.);
#461=ORIENTED_EDGE('',*,*,#753,.T.);
#462=ORIENTED_EDGE('',*,*,#630,.F.);
#463=ORIENTED_EDGE('',*,*,#612,.T.);
#464=ORIENTED_EDGE('',*,*,#755,.T.);
#465=ORIENTED_EDGE('',*,*,#647,.F.);
#466=ORIENTED_EDGE('',*,*,#756,.F.);
#467=ORIENTED_EDGE('',*,*,#756,.T.);
#468=ORIENTED_EDGE('',*,*,#646,.T.);
#469=ORIENTED_EDGE('',*,*,#757,.F.);
#470=ORIENTED_EDGE('',*,*,#613,.F.);
#471=ORIENTED_EDGE('',*,*,#757,.T.);
#472=ORIENTED_EDGE('',*,*,#649,.T.);
#473=ORIENTED_EDGE('',*,*,#758,.F.);
#474=ORIENTED_EDGE('',*,*,#614,.F.);
#475=ORIENTED_EDGE('',*,*,#615,.T.);
#476=ORIENTED_EDGE('',*,*,#758,.T.);
#477=ORIENTED_EDGE('',*,*,#648,.F.);
#478=ORIENTED_EDGE('',*,*,#755,.F.);
#479=ORIENTED_EDGE('',*,*,#589,.T.);
#480=ORIENTED_EDGE('',*,*,#759,.T.);
#481=ORIENTED_EDGE('',*,*,#651,.F.);
#482=ORIENTED_EDGE('',*,*,#760,.F.);
#483=ORIENTED_EDGE('',*,*,#590,.T.);
#484=ORIENTED_EDGE('',*,*,#760,.T.);
#485=ORIENTED_EDGE('',*,*,#650,.F.);
#486=ORIENTED_EDGE('',*,*,#761,.F.);
#487=ORIENTED_EDGE('',*,*,#761,.T.);
#488=ORIENTED_EDGE('',*,*,#653,.T.);
#489=ORIENTED_EDGE('',*,*,#762,.F.);
#490=ORIENTED_EDGE('',*,*,#591,.F.);
#491=ORIENTED_EDGE('',*,*,#762,.T.);
#492=ORIENTED_EDGE('',*,*,#652,.T.);
#493=ORIENTED_EDGE('',*,*,#759,.F.);
#494=ORIENTED_EDGE('',*,*,#592,.F.);
#495=ORIENTED_EDGE('',*,*,#763,.F.);
#496=ORIENTED_EDGE('',*,*,#579,.T.);
#497=ORIENTED_EDGE('',*,*,#764,.T.);
#498=ORIENTED_EDGE('',*,*,#623,.F.);
#499=ORIENTED_EDGE('',*,*,#617,.F.);
#500=ORIENTED_EDGE('',*,*,#765,.T.);
#501=ORIENTED_EDGE('',*,*,#619,.T.);
#502=ORIENTED_EDGE('',*,*,#575,.F.);
#503=ORIENTED_EDGE('',*,*,#582,.F.);
#504=ORIENTED_EDGE('',*,*,#766,.T.);
#505=ORIENTED_EDGE('',*,*,#624,.T.);
#506=ORIENTED_EDGE('',*,*,#764,.F.);
#507=ORIENTED_EDGE('',*,*,#578,.F.);
#508=ORIENTED_EDGE('',*,*,#566,.T.);
#509=ORIENTED_EDGE('',*,*,#655,.F.);
#510=ORIENTED_EDGE('',*,*,#767,.F.);
#511=ORIENTED_EDGE('',*,*,#577,.F.);
#512=ORIENTED_EDGE('',*,*,#767,.T.);
#513=ORIENTED_EDGE('',*,*,#654,.F.);
#514=ORIENTED_EDGE('',*,*,#563,.F.);
#515=ORIENTED_EDGE('',*,*,#580,.F.);
#516=ORIENTED_EDGE('',*,*,#763,.T.);
#517=ORIENTED_EDGE('',*,*,#622,.F.);
#518=ORIENTED_EDGE('',*,*,#768,.F.);
#519=ORIENTED_EDGE('',*,*,#766,.F.);
#520=ORIENTED_EDGE('',*,*,#581,.T.);
#521=ORIENTED_EDGE('',*,*,#768,.T.);
#522=ORIENTED_EDGE('',*,*,#625,.T.);
#523=ORIENTED_EDGE('',*,*,#618,.F.);
#524=ORIENTED_EDGE('',*,*,#573,.T.);
#525=ORIENTED_EDGE('',*,*,#621,.F.);
#526=ORIENTED_EDGE('',*,*,#769,.F.);
#527=ORIENTED_EDGE('',*,*,#616,.F.);
#528=ORIENTED_EDGE('',*,*,#769,.T.);
#529=ORIENTED_EDGE('',*,*,#620,.F.);
#530=ORIENTED_EDGE('',*,*,#765,.F.);
#531=ORIENTED_EDGE('',*,*,#770,.F.);
#532=ORIENTED_EDGE('',*,*,#584,.T.);
#533=ORIENTED_EDGE('',*,*,#555,.T.);
#534=ORIENTED_EDGE('',*,*,#634,.T.);
#535=ORIENTED_EDGE('',*,*,#560,.F.);
#536=ORIENTED_EDGE('',*,*,#583,.T.);
#537=ORIENTED_EDGE('',*,*,#770,.T.);
#538=ORIENTED_EDGE('',*,*,#633,.T.);
#539=ORIENTED_EDGE('',*,*,#771,.F.);
#540=ORIENTED_EDGE('',*,*,#586,.T.);
#541=ORIENTED_EDGE('',*,*,#754,.T.);
#542=ORIENTED_EDGE('',*,*,#629,.T.);
#543=ORIENTED_EDGE('',*,*,#752,.F.);
#544=ORIENTED_EDGE('',*,*,#587,.T.);
#545=ORIENTED_EDGE('',*,*,#771,.T.);
#546=ORIENTED_EDGE('',*,*,#632,.T.);
#547=ORIENTED_EDGE('',*,*,#611,.F.);
#548=ORIENTED_EDGE('',*,*,#569,.T.);
#549=ORIENTED_EDGE('',*,*,#628,.F.);
#550=ORIENTED_EDGE('',*,*,#772,.F.);
#551=ORIENTED_EDGE('',*,*,#751,.F.);
#552=ORIENTED_EDGE('',*,*,#609,.T.);
#553=ORIENTED_EDGE('',*,*,#772,.T.);
#554=ORIENTED_EDGE('',*,*,#627,.T.);
#555=EDGE_CURVE('',#773,#774,#913,.T.);
#556=EDGE_CURVE('',#775,#773,#914,.T.);
#557=EDGE_CURVE('',#775,#776,#915,.T.);
#558=EDGE_CURVE('',#776,#774,#916,.T.);
#559=EDGE_CURVE('',#775,#777,#917,.T.);
#560=EDGE_CURVE('',#777,#778,#918,.T.);
#561=EDGE_CURVE('',#776,#778,#919,.T.);
#562=EDGE_CURVE('',#779,#780,#920,.T.);
#563=EDGE_CURVE('',#780,#781,#921,.T.);
#564=EDGE_CURVE('',#782,#781,#922,.T.);
#565=EDGE_CURVE('',#779,#782,#923,.T.);
#566=EDGE_CURVE('',#783,#784,#924,.T.);
#567=EDGE_CURVE('',#779,#783,#925,.T.);
#568=EDGE_CURVE('',#782,#784,#926,.T.);
#569=EDGE_CURVE('',#785,#786,#927,.T.);
#570=EDGE_CURVE('',#787,#785,#928,.T.);
#571=EDGE_CURVE('',#787,#788,#929,.T.);
#572=EDGE_CURVE('',#788,#786,#930,.T.);
#573=EDGE_CURVE('',#789,#790,#931,.T.);
#574=EDGE_CURVE('',#791,#789,#932,.T.);
#575=EDGE_CURVE('',#791,#792,#933,.T.);
#576=EDGE_CURVE('',#792,#790,#934,.T.);
#577=EDGE_CURVE('',#793,#780,#935,.T.);
#578=EDGE_CURVE('',#783,#793,#936,.T.);
#579=EDGE_CURVE('',#794,#795,#937,.T.);
#580=EDGE_CURVE('',#794,#796,#938,.T.);
#581=EDGE_CURVE('',#797,#796,#939,.T.);
#582=EDGE_CURVE('',#797,#795,#940,.T.);
#583=EDGE_CURVE('',#777,#798,#941,.T.);
#584=EDGE_CURVE('',#798,#773,#942,.T.);
#585=EDGE_CURVE('',#799,#800,#943,.T.);
#586=EDGE_CURVE('',#801,#799,#944,.T.);
#587=EDGE_CURVE('',#802,#801,#945,.T.);
#588=EDGE_CURVE('',#802,#800,#946,.T.);
#589=EDGE_CURVE('',#803,#804,#947,.T.);
#590=EDGE_CURVE('',#805,#803,#948,.T.);
#591=EDGE_CURVE('',#805,#806,#949,.T.);
#592=EDGE_CURVE('',#806,#804,#950,.T.);
#593=EDGE_CURVE('',#807,#808,#55,.T.);
#594=EDGE_CURVE('',#807,#809,#951,.T.);
#595=EDGE_CURVE('',#809,#810,#952,.T.);
#596=EDGE_CURVE('',#810,#811,#953,.T.);
#597=EDGE_CURVE('',#811,#812,#954,.T.);
#598=EDGE_CURVE('',#813,#812,#56,.T.);
#599=EDGE_CURVE('',#813,#814,#955,.T.);
#600=EDGE_CURVE('',#814,#815,#956,.T.);
#601=EDGE_CURVE('',#815,#816,#957,.T.);
#602=EDGE_CURVE('',#816,#808,#958,.T.);
#603=EDGE_CURVE('',#817,#818,#959,.F.);
#604=EDGE_CURVE('',#818,#819,#960,.F.);
#605=EDGE_CURVE('',#819,#820,#961,.F.);
#606=EDGE_CURVE('',#820,#821,#962,.F.);
#607=EDGE_CURVE('',#821,#822,#963,.F.);
#608=EDGE_CURVE('',#822,#817,#964,.F.);
#609=EDGE_CURVE('',#823,#824,#965,.T.);
#610=EDGE_CURVE('',#823,#787,#966,.T.);
#611=EDGE_CURVE('',#785,#824,#967,.T.);
#612=EDGE_CURVE('',#825,#826,#968,.T.);
#613=EDGE_CURVE('',#825,#827,#969,.T.);
#614=EDGE_CURVE('',#827,#828,#970,.T.);
#615=EDGE_CURVE('',#826,#828,#971,.T.);
#616=EDGE_CURVE('',#829,#830,#972,.T.);
#617=EDGE_CURVE('',#830,#791,#973,.T.);
#618=EDGE_CURVE('',#789,#829,#974,.T.);
#619=EDGE_CURVE('',#831,#792,#975,.T.);
#620=EDGE_CURVE('',#831,#832,#976,.T.);
#621=EDGE_CURVE('',#832,#790,#977,.T.);
#622=EDGE_CURVE('',#833,#834,#978,.T.);
#623=EDGE_CURVE('',#834,#835,#979,.T.);
#624=EDGE_CURVE('',#836,#835,#980,.T.);
#625=EDGE_CURVE('',#833,#836,#981,.T.);
#626=EDGE_CURVE('',#837,#788,#982,.T.);
#627=EDGE_CURVE('',#838,#837,#983,.T.);
#628=EDGE_CURVE('',#838,#786,#984,.T.);
#629=EDGE_CURVE('',#839,#840,#985,.T.);
#630=EDGE_CURVE('',#839,#841,#986,.T.);
#631=EDGE_CURVE('',#842,#841,#987,.T.);
#632=EDGE_CURVE('',#840,#842,#988,.T.);
#633=EDGE_CURVE('',#843,#778,#989,.T.);
#634=EDGE_CURVE('',#774,#843,#990,.T.);
#635=EDGE_CURVE('',#844,#845,#991,.T.);
#636=EDGE_CURVE('',#845,#846,#992,.T.);
#637=EDGE_CURVE('',#846,#847,#993,.T.);
#638=EDGE_CURVE('',#847,#848,#994,.T.);
#639=EDGE_CURVE('',#848,#849,#995,.T.);
#640=EDGE_CURVE('',#849,#844,#996,.T.);
#641=EDGE_CURVE('',#850,#850,#57,.T.);
#642=EDGE_CURVE('',#851,#851,#58,.T.);
#643=EDGE_CURVE('',#852,#852,#59,.T.);
#644=EDGE_CURVE('',#853,#853,#60,.T.);
#645=EDGE_CURVE('',#854,#854,#61,.T.);
#646=EDGE_CURVE('',#855,#856,#997,.T.);
#647=EDGE_CURVE('',#855,#857,#998,.T.);
#648=EDGE_CURVE('',#857,#858,#999,.T.);
#649=EDGE_CURVE('',#856,#858,#1000,.T.);
#650=EDGE_CURVE('',#859,#860,#1001,.T.);
#651=EDGE_CURVE('',#860,#861,#1002,.T.);
#652=EDGE_CURVE('',#862,#861,#1003,.T.);
#653=EDGE_CURVE('',#859,#862,#1004,.T.);
#654=EDGE_CURVE('',#781,#863,#1005,.T.);
#655=EDGE_CURVE('',#863,#784,#1006,.T.);
#656=EDGE_CURVE('',#864,#864,#62,.T.);
#657=EDGE_CURVE('',#865,#865,#63,.T.);
#658=EDGE_CURVE('',#866,#866,#64,.T.);
#659=EDGE_CURVE('',#867,#867,#65,.T.);
#660=EDGE_CURVE('',#868,#868,#66,.T.);
#661=EDGE_CURVE('',#869,#869,#67,.T.);
#662=EDGE_CURVE('',#870,#870,#68,.T.);
#663=EDGE_CURVE('',#871,#871,#69,.T.);
#664=EDGE_CURVE('',#872,#873,#1007,.T.);
#665=EDGE_CURVE('',#816,#873,#1008,.T.);
#666=EDGE_CURVE('',#815,#872,#1009,.T.);
#667=EDGE_CURVE('',#873,#874,#1010,.T.);
#668=EDGE_CURVE('',#809,#874,#1011,.T.);
#669=EDGE_CURVE('',#808,#807,#1012,.T.);
#670=EDGE_CURVE('',#874,#875,#1013,.T.);
#671=EDGE_CURVE('',#810,#875,#1014,.T.);
#672=EDGE_CURVE('',#875,#876,#1015,.T.);
#673=EDGE_CURVE('',#811,#876,#1016,.T.);
#674=EDGE_CURVE('',#876,#877,#1017,.T.);
#675=EDGE_CURVE('',#814,#877,#1018,.T.);
#676=EDGE_CURVE('',#812,#813,#1019,.T.);
#677=EDGE_CURVE('',#878,#878,#70,.T.);
#678=EDGE_CURVE('',#877,#872,#1020,.T.);
#679=EDGE_CURVE('',#879,#879,#71,.F.);
#680=EDGE_CURVE('',#880,#880,#72,.F.);
#681=EDGE_CURVE('',#881,#881,#73,.F.);
#682=EDGE_CURVE('',#882,#882,#74,.F.);
#683=EDGE_CURVE('',#883,#883,#75,.T.);
#684=EDGE_CURVE('',#884,#884,#76,.T.);
#685=EDGE_CURVE('',#885,#885,#77,.T.);
#686=EDGE_CURVE('',#886,#886,#78,.T.);
#687=EDGE_CURVE('',#887,#888,#1021,.T.);
#688=EDGE_CURVE('',#888,#889,#1022,.F.);
#689=EDGE_CURVE('',#889,#890,#1023,.F.);
#690=EDGE_CURVE('',#890,#887,#1024,.T.);
#691=EDGE_CURVE('',#891,#892,#1025,.T.);
#692=EDGE_CURVE('',#892,#893,#1026,.F.);
#693=EDGE_CURVE('',#893,#894,#1027,.F.);
#694=EDGE_CURVE('',#894,#891,#1028,.T.);
#695=EDGE_CURVE('',#895,#896,#1029,.T.);
#696=EDGE_CURVE('',#896,#897,#1030,.F.);
#697=EDGE_CURVE('',#897,#898,#1031,.F.);
#698=EDGE_CURVE('',#898,#895,#1032,.T.);
#699=EDGE_CURVE('',#899,#900,#1033,.T.);
#700=EDGE_CURVE('',#900,#901,#1034,.F.);
#701=EDGE_CURVE('',#901,#902,#1035,.F.);
#702=EDGE_CURVE('',#902,#899,#1036,.T.);
#703=EDGE_CURVE('',#903,#904,#1037,.T.);
#704=EDGE_CURVE('',#904,#905,#1038,.F.);
#705=EDGE_CURVE('',#905,#906,#1039,.F.);
#706=EDGE_CURVE('',#906,#903,#1040,.T.);
#707=EDGE_CURVE('',#907,#908,#1041,.F.);
#708=EDGE_CURVE('',#908,#909,#1042,.T.);
#709=EDGE_CURVE('',#909,#910,#1043,.T.);
#710=EDGE_CURVE('',#910,#907,#1044,.F.);
#711=EDGE_CURVE('',#911,#911,#79,.T.);
#712=EDGE_CURVE('',#812,#813,#80,.T.);
#713=EDGE_CURVE('',#808,#807,#81,.T.);
#714=EDGE_CURVE('',#912,#912,#82,.T.);
#715=EDGE_CURVE('',#821,#900,#83,.F.);
#716=EDGE_CURVE('',#899,#822,#84,.T.);
#717=EDGE_CURVE('',#820,#904,#85,.F.);
#718=EDGE_CURVE('',#903,#821,#86,.T.);
#719=EDGE_CURVE('',#822,#896,#87,.F.);
#720=EDGE_CURVE('',#895,#817,#88,.T.);
#721=EDGE_CURVE('',#909,#820,#89,.T.);
#722=EDGE_CURVE('',#819,#910,#90,.F.);
#723=EDGE_CURVE('',#817,#892,#91,.F.);
#724=EDGE_CURVE('',#891,#818,#92,.T.);
#725=EDGE_CURVE('',#818,#888,#93,.F.);
#726=EDGE_CURVE('',#887,#819,#94,.T.);
#727=EDGE_CURVE('',#893,#849,#95,.T.);
#728=EDGE_CURVE('',#848,#894,#96,.F.);
#729=EDGE_CURVE('',#897,#844,#97,.T.);
#730=EDGE_CURVE('',#849,#898,#98,.F.);
#731=EDGE_CURVE('',#889,#848,#99,.T.);
#732=EDGE_CURVE('',#847,#890,#100,.F.);
#733=EDGE_CURVE('',#901,#845,#101,.T.);
#734=EDGE_CURVE('',#844,#902,#102,.F.);
#735=EDGE_CURVE('',#846,#908,#103,.F.);
#736=EDGE_CURVE('',#907,#847,#104,.T.);
#737=EDGE_CURVE('',#905,#846,#105,.T.);
#738=EDGE_CURVE('',#845,#906,#106,.F.);
#739=EDGE_CURVE('',#904,#909,#107,.T.);
#740=EDGE_CURVE('',#905,#908,#108,.T.);
#741=EDGE_CURVE('',#900,#903,#109,.T.);
#742=EDGE_CURVE('',#901,#906,#110,.T.);
#743=EDGE_CURVE('',#896,#899,#111,.T.);
#744=EDGE_CURVE('',#897,#902,#112,.T.);
#745=EDGE_CURVE('',#892,#895,#113,.T.);
#746=EDGE_CURVE('',#893,#898,#114,.T.);
#747=EDGE_CURVE('',#888,#891,#115,.T.);
#748=EDGE_CURVE('',#889,#894,#116,.T.);
#749=EDGE_CURVE('',#910,#887,#117,.T.);
#750=EDGE_CURVE('',#907,#890,#118,.T.);
#751=EDGE_CURVE('',#823,#837,#1045,.T.);
#752=EDGE_CURVE('',#802,#842,#1046,.T.);
#753=EDGE_CURVE('',#800,#841,#1047,.T.);
#754=EDGE_CURVE('',#799,#839,#1048,.T.);
#755=EDGE_CURVE('',#826,#857,#1049,.T.);
#756=EDGE_CURVE('',#825,#855,#1050,.T.);
#757=EDGE_CURVE('',#827,#856,#1051,.T.);
#758=EDGE_CURVE('',#828,#858,#1052,.T.);
#759=EDGE_CURVE('',#804,#861,#1053,.T.);
#760=EDGE_CURVE('',#803,#860,#1054,.T.);
#761=EDGE_CURVE('',#805,#859,#1055,.T.);
#762=EDGE_CURVE('',#806,#862,#1056,.T.);
#763=EDGE_CURVE('',#794,#834,#1057,.T.);
#764=EDGE_CURVE('',#795,#835,#1058,.T.);
#765=EDGE_CURVE('',#830,#831,#1059,.T.);
#766=EDGE_CURVE('',#797,#836,#1060,.T.);
#767=EDGE_CURVE('',#793,#863,#1061,.T.);
#768=EDGE_CURVE('',#796,#833,#1062,.T.);
#769=EDGE_CURVE('',#829,#832,#1063,.T.);
#770=EDGE_CURVE('',#798,#843,#1064,.T.);
#771=EDGE_CURVE('',#801,#840,#1065,.T.);
#772=EDGE_CURVE('',#824,#838,#1066,.T.);
#773=VERTEX_POINT('',#2324);
#774=VERTEX_POINT('',#2325);
#775=VERTEX_POINT('',#2327);
#776=VERTEX_POINT('',#2329);
#777=VERTEX_POINT('',#2333);
#778=VERTEX_POINT('',#2335);
#779=VERTEX_POINT('',#2339);
#780=VERTEX_POINT('',#2340);
#781=VERTEX_POINT('',#2342);
#782=VERTEX_POINT('',#2344);
#783=VERTEX_POINT('',#2348);
#784=VERTEX_POINT('',#2349);
#785=VERTEX_POINT('',#2354);
#786=VERTEX_POINT('',#2355);
#787=VERTEX_POINT('',#2357);
#788=VERTEX_POINT('',#2359);
#789=VERTEX_POINT('',#2363);
#790=VERTEX_POINT('',#2364);
#791=VERTEX_POINT('',#2366);
#792=VERTEX_POINT('',#2368);
#793=VERTEX_POINT('',#2372);
#794=VERTEX_POINT('',#2375);
#795=VERTEX_POINT('',#2376);
#796=VERTEX_POINT('',#2378);
#797=VERTEX_POINT('',#2380);
#798=VERTEX_POINT('',#2383);
#799=VERTEX_POINT('',#2386);
#800=VERTEX_POINT('',#2387);
#801=VERTEX_POINT('',#2389);
#802=VERTEX_POINT('',#2391);
#803=VERTEX_POINT('',#2394);
#804=VERTEX_POINT('',#2395);
#805=VERTEX_POINT('',#2397);
#806=VERTEX_POINT('',#2399);
#807=VERTEX_POINT('',#2402);
#808=VERTEX_POINT('',#2403);
#809=VERTEX_POINT('',#2405);
#810=VERTEX_POINT('',#2407);
#811=VERTEX_POINT('',#2409);
#812=VERTEX_POINT('',#2411);
#813=VERTEX_POINT('',#2413);
#814=VERTEX_POINT('',#2415);
#815=VERTEX_POINT('',#2417);
#816=VERTEX_POINT('',#2419);
#817=VERTEX_POINT('',#2422);
#818=VERTEX_POINT('',#2423);
#819=VERTEX_POINT('',#2425);
#820=VERTEX_POINT('',#2427);
#821=VERTEX_POINT('',#2429);
#822=VERTEX_POINT('',#2431);
#823=VERTEX_POINT('',#2434);
#824=VERTEX_POINT('',#2435);
#825=VERTEX_POINT('',#2439);
#826=VERTEX_POINT('',#2440);
#827=VERTEX_POINT('',#2442);
#828=VERTEX_POINT('',#2444);
#829=VERTEX_POINT('',#2447);
#830=VERTEX_POINT('',#2448);
#831=VERTEX_POINT('',#2453);
#832=VERTEX_POINT('',#2455);
#833=VERTEX_POINT('',#2458);
#834=VERTEX_POINT('',#2459);
#835=VERTEX_POINT('',#2461);
#836=VERTEX_POINT('',#2463);
#837=VERTEX_POINT('',#2466);
#838=VERTEX_POINT('',#2468);
#839=VERTEX_POINT('',#2471);
#840=VERTEX_POINT('',#2472);
#841=VERTEX_POINT('',#2474);
#842=VERTEX_POINT('',#2476);
#843=VERTEX_POINT('',#2479);
#844=VERTEX_POINT('',#2482);
#845=VERTEX_POINT('',#2483);
#846=VERTEX_POINT('',#2485);
#847=VERTEX_POINT('',#2487);
#848=VERTEX_POINT('',#2489);
#849=VERTEX_POINT('',#2491);
#850=VERTEX_POINT('',#2494);
#851=VERTEX_POINT('',#2496);
#852=VERTEX_POINT('',#2498);
#853=VERTEX_POINT('',#2500);
#854=VERTEX_POINT('',#2502);
#855=VERTEX_POINT('',#2504);
#856=VERTEX_POINT('',#2505);
#857=VERTEX_POINT('',#2507);
#858=VERTEX_POINT('',#2509);
#859=VERTEX_POINT('',#2512);
#860=VERTEX_POINT('',#2513);
#861=VERTEX_POINT('',#2515);
#862=VERTEX_POINT('',#2517);
#863=VERTEX_POINT('',#2520);
#864=VERTEX_POINT('',#2524);
#865=VERTEX_POINT('',#2526);
#866=VERTEX_POINT('',#2529);
#867=VERTEX_POINT('',#2531);
#868=VERTEX_POINT('',#2534);
#869=VERTEX_POINT('',#2536);
#870=VERTEX_POINT('',#2539);
#871=VERTEX_POINT('',#2541);
#872=VERTEX_POINT('',#2544);
#873=VERTEX_POINT('',#2545);
#874=VERTEX_POINT('',#2550);
#875=VERTEX_POINT('',#2555);
#876=VERTEX_POINT('',#2559);
#877=VERTEX_POINT('',#2563);
#878=VERTEX_POINT('',#2568);
#879=VERTEX_POINT('',#2573);
#880=VERTEX_POINT('',#2575);
#881=VERTEX_POINT('',#2577);
#882=VERTEX_POINT('',#2579);
#883=VERTEX_POINT('',#2582);
#884=VERTEX_POINT('',#2586);
#885=VERTEX_POINT('',#2590);
#886=VERTEX_POINT('',#2594);
#887=VERTEX_POINT('',#2598);
#888=VERTEX_POINT('',#2599);
#889=VERTEX_POINT('',#2601);
#890=VERTEX_POINT('',#2603);
#891=VERTEX_POINT('',#2607);
#892=VERTEX_POINT('',#2608);
#893=VERTEX_POINT('',#2610);
#894=VERTEX_POINT('',#2612);
#895=VERTEX_POINT('',#2616);
#896=VERTEX_POINT('',#2617);
#897=VERTEX_POINT('',#2619);
#898=VERTEX_POINT('',#2621);
#899=VERTEX_POINT('',#2625);
#900=VERTEX_POINT('',#2626);
#901=VERTEX_POINT('',#2628);
#902=VERTEX_POINT('',#2630);
#903=VERTEX_POINT('',#2634);
#904=VERTEX_POINT('',#2635);
#905=VERTEX_POINT('',#2637);
#906=VERTEX_POINT('',#2639);
#907=VERTEX_POINT('',#2643);
#908=VERTEX_POINT('',#2644);
#909=VERTEX_POINT('',#2646);
#910=VERTEX_POINT('',#2648);
#911=VERTEX_POINT('',#2652);
#912=VERTEX_POINT('',#2662);
#913=LINE('',#2323,#1067);
#914=LINE('',#2326,#1068);
#915=LINE('',#2328,#1069);
#916=LINE('',#2330,#1070);
#917=LINE('',#2332,#1071);
#918=LINE('',#2334,#1072);
#919=LINE('',#2336,#1073);
#920=LINE('',#2338,#1074);
#921=LINE('',#2341,#1075);
#922=LINE('',#2343,#1076);
#923=LINE('',#2345,#1077);
#924=LINE('',#2347,#1078);
#925=LINE('',#2350,#1079);
#926=LINE('',#2351,#1080);
#927=LINE('',#2353,#1081);
#928=LINE('',#2356,#1082);
#929=LINE('',#2358,#1083);
#930=LINE('',#2360,#1084);
#931=LINE('',#2362,#1085);
#932=LINE('',#2365,#1086);
#933=LINE('',#2367,#1087);
#934=LINE('',#2369,#1088);
#935=LINE('',#2371,#1089);
#936=LINE('',#2373,#1090);
#937=LINE('',#2374,#1091);
#938=LINE('',#2377,#1092);
#939=LINE('',#2379,#1093);
#940=LINE('',#2381,#1094);
#941=LINE('',#2382,#1095);
#942=LINE('',#2384,#1096);
#943=LINE('',#2385,#1097);
#944=LINE('',#2388,#1098);
#945=LINE('',#2390,#1099);
#946=LINE('',#2392,#1100);
#947=LINE('',#2393,#1101);
#948=LINE('',#2396,#1102);
#949=LINE('',#2398,#1103);
#950=LINE('',#2400,#1104);
#951=LINE('',#2404,#1105);
#952=LINE('',#2406,#1106);
#953=LINE('',#2408,#1107);
#954=LINE('',#2410,#1108);
#955=LINE('',#2414,#1109);
#956=LINE('',#2416,#1110);
#957=LINE('',#2418,#1111);
#958=LINE('',#2420,#1112);
#959=LINE('',#2421,#1113);
#960=LINE('',#2424,#1114);
#961=LINE('',#2426,#1115);
#962=LINE('',#2428,#1116);
#963=LINE('',#2430,#1117);
#964=LINE('',#2432,#1118);
#965=LINE('',#2433,#1119);
#966=LINE('',#2436,#1120);
#967=LINE('',#2437,#1121);
#968=LINE('',#2438,#1122);
#969=LINE('',#2441,#1123);
#970=LINE('',#2443,#1124);
#971=LINE('',#2445,#1125);
#972=LINE('',#2446,#1126);
#973=LINE('',#2449,#1127);
#974=LINE('',#2450,#1128);
#975=LINE('',#2452,#1129);
#976=LINE('',#2454,#1130);
#977=LINE('',#2456,#1131);
#978=LINE('',#2457,#1132);
#979=LINE('',#2460,#1133);
#980=LINE('',#2462,#1134);
#981=LINE('',#2464,#1135);
#982=LINE('',#2465,#1136);
#983=LINE('',#2467,#1137);
#984=LINE('',#2469,#1138);
#985=LINE('',#2470,#1139);
#986=LINE('',#2473,#1140);
#987=LINE('',#2475,#1141);
#988=LINE('',#2477,#1142);
#989=LINE('',#2478,#1143);
#990=LINE('',#2480,#1144);
#991=LINE('',#2481,#1145);
#992=LINE('',#2484,#1146);
#993=LINE('',#2486,#1147);
#994=LINE('',#2488,#1148);
#995=LINE('',#2490,#1149);
#996=LINE('',#2492,#1150);
#997=LINE('',#2503,#1151);
#998=LINE('',#2506,#1152);
#999=LINE('',#2508,#1153);
#1000=LINE('',#2510,#1154);
#1001=LINE('',#2511,#1155);
#1002=LINE('',#2514,#1156);
#1003=LINE('',#2516,#1157);
#1004=LINE('',#2518,#1158);
#1005=LINE('',#2519,#1159);
#1006=LINE('',#2521,#1160);
#1007=LINE('',#2543,#1161);
#1008=LINE('',#2546,#1162);
#1009=LINE('',#2547,#1163);
#1010=LINE('',#2549,#1164);
#1011=LINE('',#2551,#1165);
#1012=LINE('',#2552,#1166);
#1013=LINE('',#2554,#1167);
#1014=LINE('',#2556,#1168);
#1015=LINE('',#2558,#1169);
#1016=LINE('',#2560,#1170);
#1017=LINE('',#2562,#1171);
#1018=LINE('',#2564,#1172);
#1019=LINE('',#2565,#1173);
#1020=LINE('',#2570,#1174);
#1021=LINE('',#2597,#1175);
#1022=LINE('',#2600,#1176);
#1023=LINE('',#2602,#1177);
#1024=LINE('',#2604,#1178);
#1025=LINE('',#2606,#1179);
#1026=LINE('',#2609,#1180);
#1027=LINE('',#2611,#1181);
#1028=LINE('',#2613,#1182);
#1029=LINE('',#2615,#1183);
#1030=LINE('',#2618,#1184);
#1031=LINE('',#2620,#1185);
#1032=LINE('',#2622,#1186);
#1033=LINE('',#2624,#1187);
#1034=LINE('',#2627,#1188);
#1035=LINE('',#2629,#1189);
#1036=LINE('',#2631,#1190);
#1037=LINE('',#2633,#1191);
#1038=LINE('',#2636,#1192);
#1039=LINE('',#2638,#1193);
#1040=LINE('',#2640,#1194);
#1041=LINE('',#2642,#1195);
#1042=LINE('',#2645,#1196);
#1043=LINE('',#2647,#1197);
#1044=LINE('',#2649,#1198);
#1045=LINE('',#2731,#1199);
#1046=LINE('',#2733,#1200);
#1047=LINE('',#2734,#1201);
#1048=LINE('',#2736,#1202);
#1049=LINE('',#2738,#1203);
#1050=LINE('',#2739,#1204);
#1051=LINE('',#2741,#1205);
#1052=LINE('',#2743,#1206);
#1053=LINE('',#2746,#1207);
#1054=LINE('',#2747,#1208);
#1055=LINE('',#2749,#1209);
#1056=LINE('',#2751,#1210);
#1057=LINE('',#2754,#1211);
#1058=LINE('',#2755,#1212);
#1059=LINE('',#2757,#1213);
#1060=LINE('',#2759,#1214);
#1061=LINE('',#2761,#1215);
#1062=LINE('',#2764,#1216);
#1063=LINE('',#2767,#1217);
#1064=LINE('',#2770,#1218);
#1065=LINE('',#2773,#1219);
#1066=LINE('',#2776,#1220);
#1067=VECTOR('',#1845,1.);
#1068=VECTOR('',#1846,1.);
#1069=VECTOR('',#1847,1.);
#1070=VECTOR('',#1848,1.);
#1071=VECTOR('',#1851,1.);
#1072=VECTOR('',#1852,1.);
#1073=VECTOR('',#1853,1.);
#1074=VECTOR('',#1856,1.);
#1075=VECTOR('',#1857,1.);
#1076=VECTOR('',#1858,1.);
#1077=VECTOR('',#1859,1.);
#1078=VECTOR('',#1862,1.);
#1079=VECTOR('',#1863,1.);
#1080=VECTOR('',#1864,1.);
#1081=VECTOR('',#1867,1.);
#1082=VECTOR('',#1868,1.);
#1083=VECTOR('',#1869,1.);
#1084=VECTOR('',#1870,1.);
#1085=VECTOR('',#1873,1.);
#1086=VECTOR('',#1874,1.);
#1087=VECTOR('',#1875,1.);
#1088=VECTOR('',#1876,1.);
#1089=VECTOR('',#1879,1.);
#1090=VECTOR('',#1880,1.);
#1091=VECTOR('',#1881,1.);
#1092=VECTOR('',#1882,1.);
#1093=VECTOR('',#1883,1.);
#1094=VECTOR('',#1884,1.);
#1095=VECTOR('',#1885,1.);
#1096=VECTOR('',#1886,1.);
#1097=VECTOR('',#1887,1.);
#1098=VECTOR('',#1888,1.);
#1099=VECTOR('',#1889,1.);
#1100=VECTOR('',#1890,1.);
#1101=VECTOR('',#1891,1.);
#1102=VECTOR('',#1892,1.);
#1103=VECTOR('',#1893,1.);
#1104=VECTOR('',#1894,1.);
#1105=VECTOR('',#1897,1.);
#1106=VECTOR('',#1898,1.);
#1107=VECTOR('',#1899,1.);
#1108=VECTOR('',#1900,1.);
#1109=VECTOR('',#1903,1.);
#1110=VECTOR('',#1904,1.);
#1111=VECTOR('',#1905,1.);
#1112=VECTOR('',#1906,1.);
#1113=VECTOR('',#1907,1.);
#1114=VECTOR('',#1908,1.);
#1115=VECTOR('',#1909,1.);
#1116=VECTOR('',#1910,1.);
#1117=VECTOR('',#1911,1.);
#1118=VECTOR('',#1912,1.);
#1119=VECTOR('',#1913,1.);
#1120=VECTOR('',#1914,1.);
#1121=VECTOR('',#1915,1.);
#1122=VECTOR('',#1916,1.);
#1123=VECTOR('',#1917,1.);
#1124=VECTOR('',#1918,1.);
#1125=VECTOR('',#1919,1.);
#1126=VECTOR('',#1920,1.);
#1127=VECTOR('',#1921,1.);
#1128=VECTOR('',#1922,1.);
#1129=VECTOR('',#1925,1.);
#1130=VECTOR('',#1926,1.);
#1131=VECTOR('',#1927,1.);
#1132=VECTOR('',#1928,1.);
#1133=VECTOR('',#1929,1.);
#1134=VECTOR('',#1930,1.);
#1135=VECTOR('',#1931,1.);
#1136=VECTOR('',#1932,1.);
#1137=VECTOR('',#1933,1.);
#1138=VECTOR('',#1934,1.);
#1139=VECTOR('',#1935,1.);
#1140=VECTOR('',#1936,1.);
#1141=VECTOR('',#1937,1.);
#1142=VECTOR('',#1938,1.);
#1143=VECTOR('',#1939,1.);
#1144=VECTOR('',#1940,1.);
#1145=VECTOR('',#1941,1.);
#1146=VECTOR('',#1942,1.);
#1147=VECTOR('',#1943,1.);
#1148=VECTOR('',#1944,1.);
#1149=VECTOR('',#1945,1.);
#1150=VECTOR('',#1946,1.);
#1151=VECTOR('',#1957,1.);
#1152=VECTOR('',#1958,1.);
#1153=VECTOR('',#1959,1.);
#1154=VECTOR('',#1960,1.);
#1155=VECTOR('',#1961,1.);
#1156=VECTOR('',#1962,1.);
#1157=VECTOR('',#1963,1.);
#1158=VECTOR('',#1964,1.);
#1159=VECTOR('',#1965,1.);
#1160=VECTOR('',#1966,1.);
#1161=VECTOR('',#1993,1.);
#1162=VECTOR('',#1994,1.);
#1163=VECTOR('',#1995,1.);
#1164=VECTOR('',#1998,1.);
#1165=VECTOR('',#1999,1.);
#1166=VECTOR('',#2000,1.);
#1167=VECTOR('',#2003,1.);
#1168=VECTOR('',#2004,1.);
#1169=VECTOR('',#2007,1.);
#1170=VECTOR('',#2008,1.);
#1171=VECTOR('',#2011,1.);
#1172=VECTOR('',#2012,1.);
#1173=VECTOR('',#2013,1.);
#1174=VECTOR('',#2020,1.);
#1175=VECTOR('',#2057,1.);
#1176=VECTOR('',#2058,1.);
#1177=VECTOR('',#2059,1.);
#1178=VECTOR('',#2060,1.);
#1179=VECTOR('',#2063,1.);
#1180=VECTOR('',#2064,1.);
#1181=VECTOR('',#2065,1.);
#1182=VECTOR('',#2066,1.);
#1183=VECTOR('',#2069,1.);
#1184=VECTOR('',#2070,1.);
#1185=VECTOR('',#2071,1.);
#1186=VECTOR('',#2072,1.);
#1187=VECTOR('',#2075,1.);
#1188=VECTOR('',#2076,1.);
#1189=VECTOR('',#2077,1.);
#1190=VECTOR('',#2078,1.);
#1191=VECTOR('',#2081,1.);
#1192=VECTOR('',#2082,1.);
#1193=VECTOR('',#2083,1.);
#1194=VECTOR('',#2084,1.);
#1195=VECTOR('',#2087,1.);
#1196=VECTOR('',#2088,1.);
#1197=VECTOR('',#2089,1.);
#1198=VECTOR('',#2090,1.);
#1199=VECTOR('',#2249,1.);
#1200=VECTOR('',#2252,1.);
#1201=VECTOR('',#2253,1.);
#1202=VECTOR('',#2256,1.);
#1203=VECTOR('',#2259,1.);
#1204=VECTOR('',#2260,1.);
#1205=VECTOR('',#2263,1.);
#1206=VECTOR('',#2266,1.);
#1207=VECTOR('',#2271,1.);
#1208=VECTOR('',#2272,1.);
#1209=VECTOR('',#2275,1.);
#1210=VECTOR('',#2278,1.);
#1211=VECTOR('',#2283,1.);
#1212=VECTOR('',#2284,1.);
#1213=VECTOR('',#2287,1.);
#1214=VECTOR('',#2290,1.);
#1215=VECTOR('',#2293,1.);
#1216=VECTOR('',#2298,1.);
#1217=VECTOR('',#2303,1.);
#1218=VECTOR('',#2308,1.);
#1219=VECTOR('',#2313,1.);
#1220=VECTOR('',#2318,1.);
#1221=EDGE_LOOP('',(#119,#120,#121,#122));
#1222=EDGE_LOOP('',(#123,#124,#125,#126));
#1223=EDGE_LOOP('',(#127,#128,#129,#130));
#1224=EDGE_LOOP('',(#131,#132,#133,#134));
#1225=EDGE_LOOP('',(#135,#136,#137,#138));
#1226=EDGE_LOOP('',(#139,#140,#141,#142));
#1227=EDGE_LOOP('',(#143,#144,#145,#146));
#1228=EDGE_LOOP('',(#147,#148,#149,#150));
#1229=EDGE_LOOP('',(#151,#152,#153,#154));
#1230=EDGE_LOOP('',(#155,#156,#157,#158));
#1231=EDGE_LOOP('',(#159,#160,#161,#162));
#1232=EDGE_LOOP('',(#163,#164,#165,#166,#167,#168,#169,#170,#171,#172));
#1233=EDGE_LOOP('',(#173,#174,#175,#176,#177,#178));
#1234=EDGE_LOOP('',(#179,#180,#181,#182));
#1235=EDGE_LOOP('',(#183,#184,#185,#186));
#1236=EDGE_LOOP('',(#187,#188,#189,#190));
#1237=EDGE_LOOP('',(#191,#192,#193,#194));
#1238=EDGE_LOOP('',(#195,#196,#197,#198));
#1239=EDGE_LOOP('',(#199,#200,#201,#202));
#1240=EDGE_LOOP('',(#203,#204,#205,#206));
#1241=EDGE_LOOP('',(#207,#208,#209,#210));
#1242=EDGE_LOOP('',(#211,#212,#213,#214,#215,#216));
#1243=EDGE_LOOP('',(#217));
#1244=EDGE_LOOP('',(#218));
#1245=EDGE_LOOP('',(#219));
#1246=EDGE_LOOP('',(#220));
#1247=EDGE_LOOP('',(#221));
#1248=EDGE_LOOP('',(#222,#223,#224,#225));
#1249=EDGE_LOOP('',(#226,#227,#228,#229));
#1250=EDGE_LOOP('',(#230,#231,#232,#233));
#1251=EDGE_LOOP('',(#234));
#1252=EDGE_LOOP('',(#235));
#1253=EDGE_LOOP('',(#236));
#1254=EDGE_LOOP('',(#237));
#1255=EDGE_LOOP('',(#238));
#1256=EDGE_LOOP('',(#239));
#1257=EDGE_LOOP('',(#240));
#1258=EDGE_LOOP('',(#241));
#1259=EDGE_LOOP('',(#242,#243,#244,#245));
#1260=EDGE_LOOP('',(#246,#247,#248,#249,#250,#251));
#1261=EDGE_LOOP('',(#252,#253,#254,#255));
#1262=EDGE_LOOP('',(#256,#257,#258,#259));
#1263=EDGE_LOOP('',(#260,#261,#262,#263,#264,#265));
#1264=EDGE_LOOP('',(#266));
#1265=EDGE_LOOP('',(#267));
#1266=EDGE_LOOP('',(#268,#269,#270,#271));
#1267=EDGE_LOOP('',(#272));
#1268=EDGE_LOOP('',(#273));
#1269=EDGE_LOOP('',(#274));
#1270=EDGE_LOOP('',(#275));
#1271=EDGE_LOOP('',(#276,#277,#278,#279,#280,#281));
#1272=EDGE_LOOP('',(#282));
#1273=EDGE_LOOP('',(#283));
#1274=EDGE_LOOP('',(#284));
#1275=EDGE_LOOP('',(#285));
#1276=EDGE_LOOP('',(#286));
#1277=EDGE_LOOP('',(#287));
#1278=EDGE_LOOP('',(#288));
#1279=EDGE_LOOP('',(#289));
#1280=EDGE_LOOP('',(#290));
#1281=EDGE_LOOP('',(#291));
#1282=EDGE_LOOP('',(#292));
#1283=EDGE_LOOP('',(#293));
#1284=EDGE_LOOP('',(#294));
#1285=EDGE_LOOP('',(#295));
#1286=EDGE_LOOP('',(#296));
#1287=EDGE_LOOP('',(#297));
#1288=EDGE_LOOP('',(#298));
#1289=EDGE_LOOP('',(#299,#300,#301,#302));
#1290=EDGE_LOOP('',(#303,#304,#305,#306));
#1291=EDGE_LOOP('',(#307,#308,#309,#310));
#1292=EDGE_LOOP('',(#311,#312,#313,#314));
#1293=EDGE_LOOP('',(#315,#316,#317,#318));
#1294=EDGE_LOOP('',(#319,#320,#321,#322));
#1295=EDGE_LOOP('',(#323));
#1296=EDGE_LOOP('',(#324));
#1297=EDGE_LOOP('',(#325));
#1298=EDGE_LOOP('',(#326));
#1299=EDGE_LOOP('',(#327));
#1300=EDGE_LOOP('',(#328,#329));
#1301=EDGE_LOOP('',(#330,#331));
#1302=EDGE_LOOP('',(#332));
#1303=EDGE_LOOP('',(#333));
#1304=EDGE_LOOP('',(#334,#335));
#1305=EDGE_LOOP('',(#336,#337));
#1306=EDGE_LOOP('',(#338));
#1307=EDGE_LOOP('',(#339));
#1308=EDGE_LOOP('',(#340));
#1309=EDGE_LOOP('',(#341));
#1310=EDGE_LOOP('',(#342));
#1311=EDGE_LOOP('',(#343,#344,#345,#346));
#1312=EDGE_LOOP('',(#347,#348,#349,#350));
#1313=EDGE_LOOP('',(#351,#352,#353,#354));
#1314=EDGE_LOOP('',(#355,#356,#357,#358));
#1315=EDGE_LOOP('',(#359,#360,#361,#362));
#1316=EDGE_LOOP('',(#363,#364,#365,#366));
#1317=EDGE_LOOP('',(#367,#368,#369,#370));
#1318=EDGE_LOOP('',(#371,#372,#373,#374));
#1319=EDGE_LOOP('',(#375,#376,#377,#378));
#1320=EDGE_LOOP('',(#379,#380,#381,#382));
#1321=EDGE_LOOP('',(#383,#384,#385,#386));
#1322=EDGE_LOOP('',(#387,#388,#389,#390));
#1323=EDGE_LOOP('',(#391,#392,#393));
#1324=EDGE_LOOP('',(#394,#395,#396,#397));
#1325=EDGE_LOOP('',(#398,#399,#400));
#1326=EDGE_LOOP('',(#401,#402,#403));
#1327=EDGE_LOOP('',(#404,#405,#406,#407));
#1328=EDGE_LOOP('',(#408,#409,#410));
#1329=EDGE_LOOP('',(#411,#412,#413));
#1330=EDGE_LOOP('',(#414,#415,#416,#417));
#1331=EDGE_LOOP('',(#418,#419,#420));
#1332=EDGE_LOOP('',(#421,#422,#423));
#1333=EDGE_LOOP('',(#424,#425,#426,#427));
#1334=EDGE_LOOP('',(#428,#429,#430));
#1335=EDGE_LOOP('',(#431,#432,#433));
#1336=EDGE_LOOP('',(#434,#435,#436,#437));
#1337=EDGE_LOOP('',(#438,#439,#440));
#1338=EDGE_LOOP('',(#441,#442,#443));
#1339=EDGE_LOOP('',(#444,#445,#446,#447));
#1340=EDGE_LOOP('',(#448,#449,#450));
#1341=EDGE_LOOP('',(#451,#452,#453,#454));
#1342=EDGE_LOOP('',(#455,#456,#457,#458));
#1343=EDGE_LOOP('',(#459,#460,#461,#462));
#1344=EDGE_LOOP('',(#463,#464,#465,#466));
#1345=EDGE_LOOP('',(#467,#468,#469,#470));
#1346=EDGE_LOOP('',(#471,#472,#473,#474));
#1347=EDGE_LOOP('',(#475,#476,#477,#478));
#1348=EDGE_LOOP('',(#479,#480,#481,#482));
#1349=EDGE_LOOP('',(#483,#484,#485,#486));
#1350=EDGE_LOOP('',(#487,#488,#489,#490));
#1351=EDGE_LOOP('',(#491,#492,#493,#494));
#1352=EDGE_LOOP('',(#495,#496,#497,#498));
#1353=EDGE_LOOP('',(#499,#500,#501,#502));
#1354=EDGE_LOOP('',(#503,#504,#505,#506));
#1355=EDGE_LOOP('',(#507,#508,#509,#510));
#1356=EDGE_LOOP('',(#511,#512,#513,#514));
#1357=EDGE_LOOP('',(#515,#516,#517,#518));
#1358=EDGE_LOOP('',(#519,#520,#521,#522));
#1359=EDGE_LOOP('',(#523,#524,#525,#526));
#1360=EDGE_LOOP('',(#527,#528,#529,#530));
#1361=EDGE_LOOP('',(#531,#532,#533,#534));
#1362=EDGE_LOOP('',(#535,#536,#537,#538));
#1363=EDGE_LOOP('',(#539,#540,#541,#542));
#1364=EDGE_LOOP('',(#543,#544,#545,#546));
#1365=EDGE_LOOP('',(#547,#548,#549,#550));
#1366=EDGE_LOOP('',(#551,#552,#553,#554));
#1367=FACE_BOUND('',#1221,.T.);
#1368=FACE_BOUND('',#1222,.T.);
#1369=FACE_BOUND('',#1223,.T.);
#1370=FACE_BOUND('',#1224,.T.);
#1371=FACE_BOUND('',#1225,.T.);
#1372=FACE_BOUND('',#1226,.T.);
#1373=FACE_BOUND('',#1227,.T.);
#1374=FACE_BOUND('',#1228,.T.);
#1375=FACE_BOUND('',#1229,.T.);
#1376=FACE_BOUND('',#1230,.T.);
#1377=FACE_BOUND('',#1231,.T.);
#1378=FACE_BOUND('',#1232,.T.);
#1379=FACE_BOUND('',#1233,.T.);
#1380=FACE_BOUND('',#1234,.T.);
#1381=FACE_BOUND('',#1235,.T.);
#1382=FACE_BOUND('',#1236,.T.);
#1383=FACE_BOUND('',#1237,.T.);
#1384=FACE_BOUND('',#1238,.T.);
#1385=FACE_BOUND('',#1239,.T.);
#1386=FACE_BOUND('',#1240,.T.);
#1387=FACE_BOUND('',#1241,.T.);
#1388=FACE_BOUND('',#1242,.T.);
#1389=FACE_BOUND('',#1243,.T.);
#1390=FACE_BOUND('',#1244,.T.);
#1391=FACE_BOUND('',#1245,.T.);
#1392=FACE_BOUND('',#1246,.T.);
#1393=FACE_BOUND('',#1247,.T.);
#1394=FACE_BOUND('',#1248,.T.);
#1395=FACE_BOUND('',#1249,.T.);
#1396=FACE_BOUND('',#1250,.T.);
#1397=FACE_BOUND('',#1251,.T.);
#1398=FACE_BOUND('',#1252,.T.);
#1399=FACE_BOUND('',#1253,.T.);
#1400=FACE_BOUND('',#1254,.T.);
#1401=FACE_BOUND('',#1255,.T.);
#1402=FACE_BOUND('',#1256,.T.);
#1403=FACE_BOUND('',#1257,.T.);
#1404=FACE_BOUND('',#1258,.T.);
#1405=FACE_BOUND('',#1259,.T.);
#1406=FACE_BOUND('',#1260,.T.);
#1407=FACE_BOUND('',#1261,.T.);
#1408=FACE_BOUND('',#1262,.T.);
#1409=FACE_BOUND('',#1263,.T.);
#1410=FACE_BOUND('',#1264,.T.);
#1411=FACE_BOUND('',#1265,.T.);
#1412=FACE_BOUND('',#1266,.T.);
#1413=FACE_BOUND('',#1267,.T.);
#1414=FACE_BOUND('',#1268,.T.);
#1415=FACE_BOUND('',#1269,.T.);
#1416=FACE_BOUND('',#1270,.T.);
#1417=FACE_BOUND('',#1271,.T.);
#1418=FACE_BOUND('',#1272,.T.);
#1419=FACE_BOUND('',#1273,.T.);
#1420=FACE_BOUND('',#1274,.T.);
#1421=FACE_BOUND('',#1275,.T.);
#1422=FACE_BOUND('',#1276,.T.);
#1423=FACE_BOUND('',#1277,.T.);
#1424=FACE_BOUND('',#1278,.T.);
#1425=FACE_BOUND('',#1279,.T.);
#1426=FACE_BOUND('',#1280,.T.);
#1427=FACE_BOUND('',#1281,.T.);
#1428=FACE_BOUND('',#1282,.T.);
#1429=FACE_BOUND('',#1283,.T.);
#1430=FACE_BOUND('',#1284,.T.);
#1431=FACE_BOUND('',#1285,.T.);
#1432=FACE_BOUND('',#1286,.T.);
#1433=FACE_BOUND('',#1287,.T.);
#1434=FACE_BOUND('',#1288,.T.);
#1435=FACE_BOUND('',#1289,.T.);
#1436=FACE_BOUND('',#1290,.T.);
#1437=FACE_BOUND('',#1291,.T.);
#1438=FACE_BOUND('',#1292,.T.);
#1439=FACE_BOUND('',#1293,.T.);
#1440=FACE_BOUND('',#1294,.T.);
#1441=FACE_BOUND('',#1295,.T.);
#1442=FACE_BOUND('',#1296,.T.);
#1443=FACE_BOUND('',#1297,.T.);
#1444=FACE_BOUND('',#1298,.T.);
#1445=FACE_BOUND('',#1299,.T.);
#1446=FACE_BOUND('',#1300,.T.);
#1447=FACE_BOUND('',#1301,.T.);
#1448=FACE_BOUND('',#1302,.T.);
#1449=FACE_BOUND('',#1303,.T.);
#1450=FACE_BOUND('',#1304,.T.);
#1451=FACE_BOUND('',#1305,.T.);
#1452=FACE_BOUND('',#1306,.T.);
#1453=FACE_BOUND('',#1307,.T.);
#1454=FACE_BOUND('',#1308,.T.);
#1455=FACE_BOUND('',#1309,.T.);
#1456=FACE_BOUND('',#1310,.T.);
#1457=FACE_BOUND('',#1311,.T.);
#1458=FACE_BOUND('',#1312,.T.);
#1459=FACE_BOUND('',#1313,.T.);
#1460=FACE_BOUND('',#1314,.T.);
#1461=FACE_BOUND('',#1315,.T.);
#1462=FACE_BOUND('',#1316,.T.);
#1463=FACE_BOUND('',#1317,.T.);
#1464=FACE_BOUND('',#1318,.T.);
#1465=FACE_BOUND('',#1319,.T.);
#1466=FACE_BOUND('',#1320,.T.);
#1467=FACE_BOUND('',#1321,.T.);
#1468=FACE_BOUND('',#1322,.T.);
#1469=FACE_BOUND('',#1323,.T.);
#1470=FACE_BOUND('',#1324,.T.);
#1471=FACE_BOUND('',#1325,.T.);
#1472=FACE_BOUND('',#1326,.T.);
#1473=FACE_BOUND('',#1327,.T.);
#1474=FACE_BOUND('',#1328,.T.);
#1475=FACE_BOUND('',#1329,.T.);
#1476=FACE_BOUND('',#1330,.T.);
#1477=FACE_BOUND('',#1331,.T.);
#1478=FACE_BOUND('',#1332,.T.);
#1479=FACE_BOUND('',#1333,.T.);
#1480=FACE_BOUND('',#1334,.T.);
#1481=FACE_BOUND('',#1335,.T.);
#1482=FACE_BOUND('',#1336,.T.);
#1483=FACE_BOUND('',#1337,.T.);
#1484=FACE_BOUND('',#1338,.T.);
#1485=FACE_BOUND('',#1339,.T.);
#1486=FACE_BOUND('',#1340,.T.);
#1487=FACE_BOUND('',#1341,.T.);
#1488=FACE_BOUND('',#1342,.T.);
#1489=FACE_BOUND('',#1343,.T.);
#1490=FACE_BOUND('',#1344,.T.);
#1491=FACE_BOUND('',#1345,.T.);
#1492=FACE_BOUND('',#1346,.T.);
#1493=FACE_BOUND('',#1347,.T.);
#1494=FACE_BOUND('',#1348,.T.);
#1495=FACE_BOUND('',#1349,.T.);
#1496=FACE_BOUND('',#1350,.T.);
#1497=FACE_BOUND('',#1351,.T.);
#1498=FACE_BOUND('',#1352,.T.);
#1499=FACE_BOUND('',#1353,.T.);
#1500=FACE_BOUND('',#1354,.T.);
#1501=FACE_BOUND('',#1355,.T.);
#1502=FACE_BOUND('',#1356,.T.);
#1503=FACE_BOUND('',#1357,.T.);
#1504=FACE_BOUND('',#1358,.T.);
#1505=FACE_BOUND('',#1359,.T.);
#1506=FACE_BOUND('',#1360,.T.);
#1507=FACE_BOUND('',#1361,.T.);
#1508=FACE_BOUND('',#1362,.T.);
#1509=FACE_BOUND('',#1363,.T.);
#1510=FACE_BOUND('',#1364,.T.);
#1511=FACE_BOUND('',#1365,.T.);
#1512=FACE_BOUND('',#1366,.T.);
#1513=PLANE('',#1679);
#1514=PLANE('',#1680);
#1515=PLANE('',#1681);
#1516=PLANE('',#1682);
#1517=PLANE('',#1683);
#1518=PLANE('',#1684);
#1519=PLANE('',#1685);
#1520=PLANE('',#1688);
#1521=PLANE('',#1706);
#1522=PLANE('',#1707);
#1523=PLANE('',#1708);
#1524=PLANE('',#1709);
#1525=PLANE('',#1710);
#1526=PLANE('',#1713);
#1527=PLANE('',#1714);
#1528=PLANE('',#1721);
#1529=PLANE('',#1724);
#1530=PLANE('',#1727);
#1531=PLANE('',#1730);
#1532=PLANE('',#1731);
#1533=PLANE('',#1732);
#1534=PLANE('',#1733);
#1535=PLANE('',#1734);
#1536=PLANE('',#1735);
#1537=PLANE('',#1736);
#1538=PLANE('',#1737);
#1539=PLANE('',#1740);
#1540=PLANE('',#1743);
#1541=PLANE('',#1746);
#1542=PLANE('',#1815);
#1543=PLANE('',#1816);
#1544=PLANE('',#1817);
#1545=PLANE('',#1818);
#1546=PLANE('',#1819);
#1547=PLANE('',#1820);
#1548=PLANE('',#1821);
#1549=PLANE('',#1822);
#1550=PLANE('',#1823);
#1551=PLANE('',#1824);
#1552=PLANE('',#1825);
#1553=PLANE('',#1826);
#1554=PLANE('',#1827);
#1555=PLANE('',#1828);
#1556=PLANE('',#1829);
#1557=PLANE('',#1830);
#1558=PLANE('',#1831);
#1559=PLANE('',#1832);
#1560=PLANE('',#1833);
#1561=PLANE('',#1834);
#1562=PLANE('',#1835);
#1563=PLANE('',#1836);
#1564=PLANE('',#1837);
#1565=PLANE('',#1838);
#1566=PLANE('',#1839);
#1567=PLANE('',#1840);
#1568=ADVANCED_FACE('',(#1367),#1513,.F.);
#1569=ADVANCED_FACE('',(#1368),#1514,.T.);
#1570=ADVANCED_FACE('',(#1369),#1515,.T.);
#1571=ADVANCED_FACE('',(#1370),#1516,.F.);
#1572=ADVANCED_FACE('',(#1371),#1517,.F.);
#1573=ADVANCED_FACE('',(#1372),#1518,.F.);
#1574=ADVANCED_FACE('',(#1373,#1374,#1375,#1376,#1377,#1378,#1379,#1380,
#1381,#1382),#1519,.F.);
#1575=ADVANCED_FACE('',(#1383,#1384,#1385,#1386,#1387,#1388,#1389,#1390,
#1391,#1392,#1393,#1394,#1395,#1396),#1520,.T.);
#1576=ADVANCED_FACE('',(#1397,#1398),#24,.F.);
#1577=ADVANCED_FACE('',(#1399,#1400),#25,.F.);
#1578=ADVANCED_FACE('',(#1401,#1402),#26,.F.);
#1579=ADVANCED_FACE('',(#1403,#1404),#27,.F.);
#1580=ADVANCED_FACE('',(#1405),#1521,.F.);
#1581=ADVANCED_FACE('',(#1406),#1522,.F.);
#1582=ADVANCED_FACE('',(#1407),#1523,.F.);
#1583=ADVANCED_FACE('',(#1408),#1524,.F.);
#1584=ADVANCED_FACE('',(#1409),#1525,.F.);
#1585=ADVANCED_FACE('',(#1410,#1411),#28,.F.);
#1586=ADVANCED_FACE('',(#1412),#1526,.F.);
#1587=ADVANCED_FACE('',(#1413,#1414,#1415,#1416,#1417,#1418),#1527,.F.);
#1588=ADVANCED_FACE('',(#1419,#1420),#29,.F.);
#1589=ADVANCED_FACE('',(#1421,#1422),#1528,.T.);
#1590=ADVANCED_FACE('',(#1423,#1424),#30,.F.);
#1591=ADVANCED_FACE('',(#1425,#1426),#1529,.T.);
#1592=ADVANCED_FACE('',(#1427,#1428),#31,.F.);
#1593=ADVANCED_FACE('',(#1429,#1430),#1530,.T.);
#1594=ADVANCED_FACE('',(#1431,#1432),#32,.F.);
#1595=ADVANCED_FACE('',(#1433,#1434),#1531,.T.);
#1596=ADVANCED_FACE('',(#1435),#1532,.F.);
#1597=ADVANCED_FACE('',(#1436),#1533,.F.);
#1598=ADVANCED_FACE('',(#1437),#1534,.F.);
#1599=ADVANCED_FACE('',(#1438),#1535,.F.);
#1600=ADVANCED_FACE('',(#1439),#1536,.F.);
#1601=ADVANCED_FACE('',(#1440),#1537,.F.);
#1602=ADVANCED_FACE('',(#1441,#1442),#1538,.T.);
#1603=ADVANCED_FACE('',(#1443,#1444),#33,.F.);
#1604=ADVANCED_FACE('',(#1445,#1446),#1539,.T.);
#1605=ADVANCED_FACE('',(#1447,#1448),#34,.F.);
#1606=ADVANCED_FACE('',(#1449,#1450),#1540,.T.);
#1607=ADVANCED_FACE('',(#1451,#1452),#35,.F.);
#1608=ADVANCED_FACE('',(#1453,#1454),#1541,.T.);
#1609=ADVANCED_FACE('',(#1455,#1456),#36,.F.);
#1610=ADVANCED_FACE('',(#1457),#37,.T.);
#1611=ADVANCED_FACE('',(#1458),#38,.T.);
#1612=ADVANCED_FACE('',(#1459),#39,.T.);
#1613=ADVANCED_FACE('',(#1460),#40,.T.);
#1614=ADVANCED_FACE('',(#1461),#41,.T.);
#1615=ADVANCED_FACE('',(#1462),#42,.T.);
#1616=ADVANCED_FACE('',(#1463),#43,.T.);
#1617=ADVANCED_FACE('',(#1464),#44,.T.);
#1618=ADVANCED_FACE('',(#1465),#45,.T.);
#1619=ADVANCED_FACE('',(#1466),#46,.T.);
#1620=ADVANCED_FACE('',(#1467),#47,.T.);
#1621=ADVANCED_FACE('',(#1468),#48,.T.);
#1622=ADVANCED_FACE('',(#1469),#12,.T.);
#1623=ADVANCED_FACE('',(#1470),#49,.T.);
#1624=ADVANCED_FACE('',(#1471),#13,.T.);
#1625=ADVANCED_FACE('',(#1472),#14,.T.);
#1626=ADVANCED_FACE('',(#1473),#50,.T.);
#1627=ADVANCED_FACE('',(#1474),#15,.T.);
#1628=ADVANCED_FACE('',(#1475),#16,.T.);
#1629=ADVANCED_FACE('',(#1476),#51,.T.);
#1630=ADVANCED_FACE('',(#1477),#17,.T.);
#1631=ADVANCED_FACE('',(#1478),#18,.T.);
#1632=ADVANCED_FACE('',(#1479),#52,.T.);
#1633=ADVANCED_FACE('',(#1480),#19,.T.);
#1634=ADVANCED_FACE('',(#1481),#20,.T.);
#1635=ADVANCED_FACE('',(#1482),#53,.T.);
#1636=ADVANCED_FACE('',(#1483),#21,.T.);
#1637=ADVANCED_FACE('',(#1484),#22,.T.);
#1638=ADVANCED_FACE('',(#1485),#54,.T.);
#1639=ADVANCED_FACE('',(#1486),#23,.T.);
#1640=ADVANCED_FACE('',(#1487),#1542,.F.);
#1641=ADVANCED_FACE('',(#1488),#1543,.F.);
#1642=ADVANCED_FACE('',(#1489),#1544,.T.);
#1643=ADVANCED_FACE('',(#1490),#1545,.T.);
#1644=ADVANCED_FACE('',(#1491),#1546,.F.);
#1645=ADVANCED_FACE('',(#1492),#1547,.F.);
#1646=ADVANCED_FACE('',(#1493),#1548,.T.);
#1647=ADVANCED_FACE('',(#1494),#1549,.T.);
#1648=ADVANCED_FACE('',(#1495),#1550,.T.);
#1649=ADVANCED_FACE('',(#1496),#1551,.F.);
#1650=ADVANCED_FACE('',(#1497),#1552,.F.);
#1651=ADVANCED_FACE('',(#1498),#1553,.T.);
#1652=ADVANCED_FACE('',(#1499),#1554,.F.);
#1653=ADVANCED_FACE('',(#1500),#1555,.F.);
#1654=ADVANCED_FACE('',(#1501),#1556,.T.);
#1655=ADVANCED_FACE('',(#1502),#1557,.T.);
#1656=ADVANCED_FACE('',(#1503),#1558,.T.);
#1657=ADVANCED_FACE('',(#1504),#1559,.F.);
#1658=ADVANCED_FACE('',(#1505),#1560,.T.);
#1659=ADVANCED_FACE('',(#1506),#1561,.T.);
#1660=ADVANCED_FACE('',(#1507),#1562,.F.);
#1661=ADVANCED_FACE('',(#1508),#1563,.F.);
#1662=ADVANCED_FACE('',(#1509),#1564,.F.);
#1663=ADVANCED_FACE('',(#1510),#1565,.F.);
#1664=ADVANCED_FACE('',(#1511),#1566,.T.);
#1665=ADVANCED_FACE('',(#1512),#1567,.F.);
#1666=CLOSED_SHELL('',(#1568,#1569,#1570,#1571,#1572,#1573,#1574,#1575,
#1576,#1577,#1578,#1579,#1580,#1581,#1582,#1583,#1584,#1585,#1586,#1587,
#1588,#1589,#1590,#1591,#1592,#1593,#1594,#1595,#1596,#1597,#1598,#1599,
#1600,#1601,#1602,#1603,#1604,#1605,#1606,#1607,#1608,#1609,#1610,#1611,
#1612,#1613,#1614,#1615,#1616,#1617,#1618,#1619,#1620,#1621,#1622,#1623,
#1624,#1625,#1626,#1627,#1628,#1629,#1630,#1631,#1632,#1633,#1634,#1635,
#1636,#1637,#1638,#1639,#1640,#1641,#1642,#1643,#1644,#1645,#1646,#1647,
#1648,#1649,#1650,#1651,#1652,#1653,#1654,#1655,#1656,#1657,#1658,#1659,
#1660,#1661,#1662,#1663,#1664,#1665));
#1667=STYLED_ITEM('',(#1668),#1675);
#1668=PRESENTATION_STYLE_ASSIGNMENT((#1669));
#1669=SURFACE_STYLE_USAGE(.BOTH.,#1670);
#1670=SURFACE_SIDE_STYLE('',(#1671));
#1671=SURFACE_STYLE_FILL_AREA(#1672);
#1672=FILL_AREA_STYLE('',(#1673));
#1673=FILL_AREA_STYLE_COLOUR('',#1674);
#1674=COLOUR_RGB('',0.498039215686275,0.498039215686275,0.498039215686275);
#1675=MANIFOLD_SOLID_BREP('Wheel',#1666);
#1676=SHAPE_DEFINITION_REPRESENTATION(#2784,#1677);
#1677=SHAPE_REPRESENTATION('Wheel',(#1678),#2779);
#1678=AXIS2_PLACEMENT_3D('',#2321,#1841,#1842);
#1679=AXIS2_PLACEMENT_3D('',#2322,#1843,#1844);
#1680=AXIS2_PLACEMENT_3D('',#2331,#1849,#1850);
#1681=AXIS2_PLACEMENT_3D('',#2337,#1854,#1855);
#1682=AXIS2_PLACEMENT_3D('',#2346,#1860,#1861);
#1683=AXIS2_PLACEMENT_3D('',#2352,#1865,#1866);
#1684=AXIS2_PLACEMENT_3D('',#2361,#1871,#1872);
#1685=AXIS2_PLACEMENT_3D('',#2370,#1877,#1878);
#1686=AXIS2_PLACEMENT_3D('',#2401,#1895,#1896);
#1687=AXIS2_PLACEMENT_3D('',#2412,#1901,#1902);
#1688=AXIS2_PLACEMENT_3D('',#2451,#1923,#1924);
#1689=AXIS2_PLACEMENT_3D('',#2493,#1947,#1948);
#1690=AXIS2_PLACEMENT_3D('',#2495,#1949,#1950);
#1691=AXIS2_PLACEMENT_3D('',#2497,#1951,#1952);
#1692=AXIS2_PLACEMENT_3D('',#2499,#1953,#1954);
#1693=AXIS2_PLACEMENT_3D('',#2501,#1955,#1956);
#1694=AXIS2_PLACEMENT_3D('',#2522,#1967,#1968);
#1695=AXIS2_PLACEMENT_3D('',#2523,#1969,#1970);
#1696=AXIS2_PLACEMENT_3D('',#2525,#1971,#1972);
#1697=AXIS2_PLACEMENT_3D('',#2527,#1973,#1974);
#1698=AXIS2_PLACEMENT_3D('',#2528,#1975,#1976);
#1699=AXIS2_PLACEMENT_3D('',#2530,#1977,#1978);
#1700=AXIS2_PLACEMENT_3D('',#2532,#1979,#1980);
#1701=AXIS2_PLACEMENT_3D('',#2533,#1981,#1982);
#1702=AXIS2_PLACEMENT_3D('',#2535,#1983,#1984);
#1703=AXIS2_PLACEMENT_3D('',#2537,#1985,#1986);
#1704=AXIS2_PLACEMENT_3D('',#2538,#1987,#1988);
#1705=AXIS2_PLACEMENT_3D('',#2540,#1989,#1990);
#1706=AXIS2_PLACEMENT_3D('',#2542,#1991,#1992);
#1707=AXIS2_PLACEMENT_3D('',#2548,#1996,#1997);
#1708=AXIS2_PLACEMENT_3D('',#2553,#2001,#2002);
#1709=AXIS2_PLACEMENT_3D('',#2557,#2005,#2006);
#1710=AXIS2_PLACEMENT_3D('',#2561,#2009,#2010);
#1711=AXIS2_PLACEMENT_3D('',#2566,#2014,#2015);
#1712=AXIS2_PLACEMENT_3D('',#2567,#2016,#2017);
#1713=AXIS2_PLACEMENT_3D('',#2569,#2018,#2019);
#1714=AXIS2_PLACEMENT_3D('',#2571,#2021,#2022);
#1715=AXIS2_PLACEMENT_3D('',#2572,#2023,#2024);
#1716=AXIS2_PLACEMENT_3D('',#2574,#2025,#2026);
#1717=AXIS2_PLACEMENT_3D('',#2576,#2027,#2028);
#1718=AXIS2_PLACEMENT_3D('',#2578,#2029,#2030);
#1719=AXIS2_PLACEMENT_3D('',#2580,#2031,#2032);
#1720=AXIS2_PLACEMENT_3D('',#2581,#2033,#2034);
#1721=AXIS2_PLACEMENT_3D('',#2583,#2035,#2036);
#1722=AXIS2_PLACEMENT_3D('',#2584,#2037,#2038);
#1723=AXIS2_PLACEMENT_3D('',#2585,#2039,#2040);
#1724=AXIS2_PLACEMENT_3D('',#2587,#2041,#2042);
#1725=AXIS2_PLACEMENT_3D('',#2588,#2043,#2044);
#1726=AXIS2_PLACEMENT_3D('',#2589,#2045,#2046);
#1727=AXIS2_PLACEMENT_3D('',#2591,#2047,#2048);
#1728=AXIS2_PLACEMENT_3D('',#2592,#2049,#2050);
#1729=AXIS2_PLACEMENT_3D('',#2593,#2051,#2052);
#1730=AXIS2_PLACEMENT_3D('',#2595,#2053,#2054);
#1731=AXIS2_PLACEMENT_3D('',#2596,#2055,#2056);
#1732=AXIS2_PLACEMENT_3D('',#2605,#2061,#2062);
#1733=AXIS2_PLACEMENT_3D('',#2614,#2067,#2068);
#1734=AXIS2_PLACEMENT_3D('',#2623,#2073,#2074);
#1735=AXIS2_PLACEMENT_3D('',#2632,#2079,#2080);
#1736=AXIS2_PLACEMENT_3D('',#2641,#2085,#2086);
#1737=AXIS2_PLACEMENT_3D('',#2650,#2091,#2092);
#1738=AXIS2_PLACEMENT_3D('',#2651,#2093,#2094);
#1739=AXIS2_PLACEMENT_3D('',#2653,#2095,#2096);
#1740=AXIS2_PLACEMENT_3D('',#2654,#2097,#2098);
#1741=AXIS2_PLACEMENT_3D('',#2655,#2099,#2100);
#1742=AXIS2_PLACEMENT_3D('',#2656,#2101,#2102);
#1743=AXIS2_PLACEMENT_3D('',#2657,#2103,#2104);
#1744=AXIS2_PLACEMENT_3D('',#2658,#2105,#2106);
#1745=AXIS2_PLACEMENT_3D('',#2659,#2107,#2108);
#1746=AXIS2_PLACEMENT_3D('',#2660,#2109,#2110);
#1747=AXIS2_PLACEMENT_3D('',#2661,#2111,#2112);
#1748=AXIS2_PLACEMENT_3D('',#2663,#2113,#2114);
#1749=AXIS2_PLACEMENT_3D('',#2664,#2115,#2116);
#1750=AXIS2_PLACEMENT_3D('',#2665,#2117,#2118);
#1751=AXIS2_PLACEMENT_3D('',#2666,#2119,#2120);
#1752=AXIS2_PLACEMENT_3D('',#2667,#2121,#2122);
#1753=AXIS2_PLACEMENT_3D('',#2668,#2123,#2124);
#1754=AXIS2_PLACEMENT_3D('',#2669,#2125,#2126);
#1755=AXIS2_PLACEMENT_3D('',#2670,#2127,#2128);
#1756=AXIS2_PLACEMENT_3D('',#2671,#2129,#2130);
#1757=AXIS2_PLACEMENT_3D('',#2672,#2131,#2132);
#1758=AXIS2_PLACEMENT_3D('',#2673,#2133,#2134);
#1759=AXIS2_PLACEMENT_3D('',#2674,#2135,#2136);
#1760=AXIS2_PLACEMENT_3D('',#2675,#2137,#2138);
#1761=AXIS2_PLACEMENT_3D('',#2676,#2139,#2140);
#1762=AXIS2_PLACEMENT_3D('',#2677,#2141,#2142);
#1763=AXIS2_PLACEMENT_3D('',#2678,#2143,#2144);
#1764=AXIS2_PLACEMENT_3D('',#2679,#2145,#2146);
#1765=AXIS2_PLACEMENT_3D('',#2680,#2147,#2148);
#1766=AXIS2_PLACEMENT_3D('',#2681,#2149,#2150);
#1767=AXIS2_PLACEMENT_3D('',#2682,#2151,#2152);
#1768=AXIS2_PLACEMENT_3D('',#2683,#2153,#2154);
#1769=AXIS2_PLACEMENT_3D('',#2684,#2155,#2156);
#1770=AXIS2_PLACEMENT_3D('',#2685,#2157,#2158);
#1771=AXIS2_PLACEMENT_3D('',#2686,#2159,#2160);
#1772=AXIS2_PLACEMENT_3D('',#2687,#2161,#2162);
#1773=AXIS2_PLACEMENT_3D('',#2688,#2163,#2164);
#1774=AXIS2_PLACEMENT_3D('',#2689,#2165,#2166);
#1775=AXIS2_PLACEMENT_3D('',#2690,#2167,#2168);
#1776=AXIS2_PLACEMENT_3D('',#2691,#2169,#2170);
#1777=AXIS2_PLACEMENT_3D('',#2692,#2171,#2172);
#1778=AXIS2_PLACEMENT_3D('',#2693,#2173,#2174);
#1779=AXIS2_PLACEMENT_3D('',#2694,#2175,#2176);
#1780=AXIS2_PLACEMENT_3D('',#2695,#2177,#2178);
#1781=AXIS2_PLACEMENT_3D('',#2696,#2179,#2180);
#1782=AXIS2_PLACEMENT_3D('',#2697,#2181,#2182);
#1783=AXIS2_PLACEMENT_3D('',#2698,#2183,#2184);
#1784=AXIS2_PLACEMENT_3D('',#2699,#2185,#2186);
#1785=AXIS2_PLACEMENT_3D('',#2700,#2187,#2188);
#1786=AXIS2_PLACEMENT_3D('',#2701,#2189,#2190);
#1787=AXIS2_PLACEMENT_3D('',#2702,#2191,#2192);
#1788=AXIS2_PLACEMENT_3D('',#2703,#2193,#2194);
#1789=AXIS2_PLACEMENT_3D('',#2704,#2195,#2196);
#1790=AXIS2_PLACEMENT_3D('',#2705,#2197,#2198);
#1791=AXIS2_PLACEMENT_3D('',#2706,#2199,#2200);
#1792=AXIS2_PLACEMENT_3D('',#2707,#2201,#2202);
#1793=AXIS2_PLACEMENT_3D('',#2708,#2203,#2204);
#1794=AXIS2_PLACEMENT_3D('',#2709,#2205,#2206);
#1795=AXIS2_PLACEMENT_3D('',#2710,#2207,#2208);
#1796=AXIS2_PLACEMENT_3D('',#2711,#2209,#2210);
#1797=AXIS2_PLACEMENT_3D('',#2712,#2211,#2212);
#1798=AXIS2_PLACEMENT_3D('',#2713,#2213,#2214);
#1799=AXIS2_PLACEMENT_3D('',#2714,#2215,#2216);
#1800=AXIS2_PLACEMENT_3D('',#2715,#2217,#2218);
#1801=AXIS2_PLACEMENT_3D('',#2716,#2219,#2220);
#1802=AXIS2_PLACEMENT_3D('',#2717,#2221,#2222);
#1803=AXIS2_PLACEMENT_3D('',#2718,#2223,#2224);
#1804=AXIS2_PLACEMENT_3D('',#2719,#2225,#2226);
#1805=AXIS2_PLACEMENT_3D('',#2720,#2227,#2228);
#1806=AXIS2_PLACEMENT_3D('',#2721,#2229,#2230);
#1807=AXIS2_PLACEMENT_3D('',#2722,#2231,#2232);
#1808=AXIS2_PLACEMENT_3D('',#2723,#2233,#2234);
#1809=AXIS2_PLACEMENT_3D('',#2724,#2235,#2236);
#1810=AXIS2_PLACEMENT_3D('',#2725,#2237,#2238);
#1811=AXIS2_PLACEMENT_3D('',#2726,#2239,#2240);
#1812=AXIS2_PLACEMENT_3D('',#2727,#2241,#2242);
#1813=AXIS2_PLACEMENT_3D('',#2728,#2243,#2244);
#1814=AXIS2_PLACEMENT_3D('',#2729,#2245,#2246);
#1815=AXIS2_PLACEMENT_3D('',#2730,#2247,#2248);
#1816=AXIS2_PLACEMENT_3D('',#2732,#2250,#2251);
#1817=AXIS2_PLACEMENT_3D('',#2735,#2254,#2255);
#1818=AXIS2_PLACEMENT_3D('',#2737,#2257,#2258);
#1819=AXIS2_PLACEMENT_3D('',#2740,#2261,#2262);
#1820=AXIS2_PLACEMENT_3D('',#2742,#2264,#2265);
#1821=AXIS2_PLACEMENT_3D('',#2744,#2267,#2268);
#1822=AXIS2_PLACEMENT_3D('',#2745,#2269,#2270);
#1823=AXIS2_PLACEMENT_3D('',#2748,#2273,#2274);
#1824=AXIS2_PLACEMENT_3D('',#2750,#2276,#2277);
#1825=AXIS2_PLACEMENT_3D('',#2752,#2279,#2280);
#1826=AXIS2_PLACEMENT_3D('',#2753,#2281,#2282);
#1827=AXIS2_PLACEMENT_3D('',#2756,#2285,#2286);
#1828=AXIS2_PLACEMENT_3D('',#2758,#2288,#2289);
#1829=AXIS2_PLACEMENT_3D('',#2760,#2291,#2292);
#1830=AXIS2_PLACEMENT_3D('',#2762,#2294,#2295);
#1831=AXIS2_PLACEMENT_3D('',#2763,#2296,#2297);
#1832=AXIS2_PLACEMENT_3D('',#2765,#2299,#2300);
#1833=AXIS2_PLACEMENT_3D('',#2766,#2301,#2302);
#1834=AXIS2_PLACEMENT_3D('',#2768,#2304,#2305);
#1835=AXIS2_PLACEMENT_3D('',#2769,#2306,#2307);
#1836=AXIS2_PLACEMENT_3D('',#2771,#2309,#2310);
#1837=AXIS2_PLACEMENT_3D('',#2772,#2311,#2312);
#1838=AXIS2_PLACEMENT_3D('',#2774,#2314,#2315);
#1839=AXIS2_PLACEMENT_3D('',#2775,#2316,#2317);
#1840=AXIS2_PLACEMENT_3D('',#2777,#2319,#2320);
#1841=DIRECTION('',(0.,0.,1.));
#1842=DIRECTION('',(1.,0.,0.));
#1843=DIRECTION('',(1.19509924319796E-16,-0.866025403784439,0.5));
#1844=DIRECTION('',(0.,-0.5,-0.866025403784439));
#1845=DIRECTION('',(-1.,-9.71445146547012E-17,7.07606135810313E-17));
#1846=DIRECTION('',(1.27082316211966E-17,0.5,0.866025403784439));
#1847=DIRECTION('',(-1.,-9.71445146547012E-17,7.07606135810313E-17));
#1848=DIRECTION('',(1.27082316211966E-17,0.5,0.866025403784439));
#1849=DIRECTION('',(-4.87493107387655E-17,0.86602540378444,0.5));
#1850=DIRECTION('',(0.,-0.5,0.86602540378444));
#1851=DIRECTION('',(-1.09852746275898E-16,0.5,-0.86602540378444));
#1852=DIRECTION('',(-1.,-9.71445146547012E-17,7.07606135810313E-17));
#1853=DIRECTION('',(-1.09852746275898E-16,0.5,-0.86602540378444));
#1854=DIRECTION('',(4.87493107387655E-17,-0.86602540378444,-0.5));
#1855=DIRECTION('',(0.,0.5,-0.86602540378444));
#1856=DIRECTION('',(1.09852746275898E-16,-0.5,0.86602540378444));
#1857=DIRECTION('',(-1.,-9.71445146547012E-17,7.07606135810313E-17));
#1858=DIRECTION('',(1.09852746275898E-16,-0.5,0.86602540378444));
#1859=DIRECTION('',(-1.,-9.71445146547012E-17,7.07606135810313E-17));
#1860=DIRECTION('',(-1.19509924319796E-16,0.866025403784439,-0.5));
#1861=DIRECTION('',(0.,0.5,0.866025403784439));
#1862=DIRECTION('',(-1.,-9.71445146547012E-17,7.07606135810313E-17));
#1863=DIRECTION('',(-1.27082316211966E-17,-0.5,-0.866025403784439));
#1864=DIRECTION('',(-1.27082316211966E-17,-0.5,-0.866025403784439));
#1865=DIRECTION('',(-9.71445146547012E-17,1.,-6.47970600522976E-16));
#1866=DIRECTION('',(0.,6.47970600522976E-16,1.));
#1867=DIRECTION('',(-1.,-9.71445146547012E-17,7.07606135810313E-17));
#1868=DIRECTION('',(-7.07606135810312E-17,-6.47970600522976E-16,-1.));
#1869=DIRECTION('',(-1.,-9.71445146547012E-17,7.07606135810313E-17));
#1870=DIRECTION('',(-7.07606135810312E-17,-6.47970600522975E-16,-1.));
#1871=DIRECTION('',(9.71445146547012E-17,-1.,6.47970600522976E-16));
#1872=DIRECTION('',(0.,-6.47970600522976E-16,-1.));
#1873=DIRECTION('',(-1.,-9.71445146547012E-17,7.07606135810313E-17));
#1874=DIRECTION('',(7.07606135810312E-17,6.47970600522976E-16,1.));
#1875=DIRECTION('',(-1.,-9.71445146547012E-17,7.07606135810313E-17));
#1876=DIRECTION('',(7.07606135810312E-17,6.47970600522975E-16,1.));
#1877=DIRECTION('',(-1.,-9.71445146547012E-17,7.07606135810313E-17));
#1878=DIRECTION('',(7.07606135810313E-17,6.87400546299814E-33,1.));
#1879=DIRECTION('',(1.27082316211966E-17,0.5,0.866025403784439));
#1880=DIRECTION('',(1.09852746275898E-16,-0.5,0.866025403784438));
#1881=DIRECTION('',(1.09852746275898E-16,-0.5,0.86602540378444));
#1882=DIRECTION('',(-1.27082316211966E-17,-0.5,-0.866025403784439));
#1883=DIRECTION('',(-9.71445146547014E-17,1.,-3.46944695195361E-15));
#1884=DIRECTION('',(7.07606135810312E-17,6.47970600522976E-16,1.));
#1885=DIRECTION('',(1.27082316211961E-17,0.5,0.866025403784437));
#1886=DIRECTION('',(1.09852746275898E-16,-0.5,0.86602540378444));
#1887=DIRECTION('',(-1.09852746275898E-16,0.5,-0.86602540378444));
#1888=DIRECTION('',(-1.27082316211965E-17,-0.5,-0.866025403784438));
#1889=DIRECTION('',(9.71445146547014E-17,-1.,3.46944695195359E-15));
#1890=DIRECTION('',(-7.07606135810312E-17,-6.47970600522976E-16,-1.));
#1891=DIRECTION('',(1.1613426308259E-16,-0.932612170391592,0.36088022893681));
#1892=DIRECTION('',(-6.50620502249271E-17,0.932612170391592,0.360880228936809));
#1893=DIRECTION('',(1.1613426308259E-16,-0.932612170391592,0.360880228936811));
#1894=DIRECTION('',(-6.50620502249271E-17,0.932612170391593,0.360880228936808));
#1895=DIRECTION('',(1.,9.71445146547012E-17,-7.07606135810313E-17));
#1896=DIRECTION('',(9.71445146547012E-17,-1.,0.));
#1897=DIRECTION('',(-9.71445146547013E-17,1.,-1.58138378814396E-15));
#1898=DIRECTION('',(-1.09852746275898E-16,0.5,-0.86602540378444));
#1899=DIRECTION('',(-1.27082316211967E-17,-0.5,-0.866025403784439));
#1900=DIRECTION('',(9.71445146547013E-17,-1.,2.10851171752528E-15));
#1901=DIRECTION('',(1.,9.71445146547012E-17,-7.07606135810313E-17));
#1902=DIRECTION('',(9.71445146547012E-17,-1.,0.));
#1903=DIRECTION('',(9.71445146547013E-17,-1.,2.10851171752528E-15));
#1904=DIRECTION('',(1.09852746275898E-16,-0.5,0.86602540378444));
#1905=DIRECTION('',(1.27082316211966E-17,0.5,0.866025403784439));
#1906=DIRECTION('',(-9.71445146547013E-17,1.,-1.58138378814396E-15));
#1907=DIRECTION('',(1.09852746275898E-16,-0.5,0.86602540378444));
#1908=DIRECTION('',(9.71445146547013E-17,-1.,2.10551667247229E-15));
#1909=DIRECTION('',(-1.27082316211967E-17,-0.5,-0.866025403784439));
#1910=DIRECTION('',(-1.09852746275898E-16,0.5,-0.86602540378444));
#1911=DIRECTION('',(-9.71445146547013E-17,1.,-1.36574054430635E-15));
#1912=DIRECTION('',(1.27082316211966E-17,0.5,0.866025403784439));
#1913=DIRECTION('',(-1.09852746275898E-16,0.5,-0.866025403784439));
#1914=DIRECTION('',(1.27082316211966E-17,0.5,0.866025403784439));
#1915=DIRECTION('',(9.71445146547012E-17,-1.,-6.87400546299814E-33));
#1916=DIRECTION('',(6.50620502249271E-17,-0.932612170391592,-0.360880228936809));
#1917=DIRECTION('',(-1.1613426308259E-16,0.932612170391592,-0.360880228936811));
#1918=DIRECTION('',(6.50620502249272E-17,-0.932612170391593,-0.360880228936808));
#1919=DIRECTION('',(-1.1613426308259E-16,0.932612170391592,-0.36088022893681));
#1920=DIRECTION('',(-1.09852746275898E-16,0.5,-0.86602540378444));
#1921=DIRECTION('',(-1.27082316211966E-17,-0.5,-0.866025403784439));
#1922=DIRECTION('',(-9.71445146547012E-17,1.,6.87400546299814E-33));
#1923=DIRECTION('',(-1.,-9.71445146547012E-17,7.07606135810313E-17));
#1924=DIRECTION('',(7.07606135810313E-17,6.87400546299814E-33,1.));
#1925=DIRECTION('',(-1.27082316211966E-17,-0.5,-0.866025403784439));
#1926=DIRECTION('',(1.09852746275898E-16,-0.5,0.86602540378444));
#1927=DIRECTION('',(9.71445146547012E-17,-1.,-6.87400546299814E-33));
#1928=DIRECTION('',(1.27082316211966E-17,0.5,0.866025403784439));
#1929=DIRECTION('',(1.09852746275898E-16,-0.5,0.86602540378444));
#1930=DIRECTION('',(7.07606135810312E-17,6.47970600522975E-16,1.));
#1931=DIRECTION('',(9.71445146547014E-17,-1.,3.46944695195361E-15));
#1932=DIRECTION('',(1.27082316211966E-17,0.5,0.866025403784439));
#1933=DIRECTION('',(1.09852746275898E-16,-0.5,0.866025403784439));
#1934=DIRECTION('',(-9.71445146547012E-17,1.,6.87400546299814E-33));
#1935=DIRECTION('',(1.27082316211965E-17,0.5,0.866025403784438));
#1936=DIRECTION('',(-1.09852746275898E-16,0.5,-0.86602540378444));
#1937=DIRECTION('',(-7.07606135810312E-17,-6.47970600522975E-16,-1.));
#1938=DIRECTION('',(-9.71445146547014E-17,1.,-3.46944695195359E-15));
#1939=DIRECTION('',(-1.27082316211961E-17,-0.5,-0.866025403784436));
#1940=DIRECTION('',(-1.09852746275898E-16,0.5,-0.86602540378444));
#1941=DIRECTION('',(-9.71445146547013E-17,1.,-1.36574054430635E-15));
#1942=DIRECTION('',(-1.09852746275898E-16,0.5,-0.86602540378444));
#1943=DIRECTION('',(-1.27082316211967E-17,-0.5,-0.866025403784439));
#1944=DIRECTION('',(9.71445146547013E-17,-1.,2.10551667247229E-15));
#1945=DIRECTION('',(1.09852746275898E-16,-0.5,0.86602540378444));
#1946=DIRECTION('',(1.27082316211966E-17,0.5,0.866025403784439));
#1947=DIRECTION('',(1.,9.71445146547012E-17,-7.07606135810313E-17));
#1948=DIRECTION('',(9.71445146547012E-17,-1.,0.));
#1949=DIRECTION('',(1.,9.71445146547012E-17,-7.07606135810313E-17));
#1950=DIRECTION('',(9.71445146547012E-17,-1.,0.));
#1951=DIRECTION('',(1.,9.71445146547012E-17,-7.07606135810313E-17));
#1952=DIRECTION('',(9.71445146547012E-17,-1.,0.));
#1953=DIRECTION('',(1.,9.71445146547012E-17,-7.07606135810313E-17));
#1954=DIRECTION('',(9.71445146547012E-17,-1.,0.));
#1955=DIRECTION('',(-1.,-9.71445146547012E-17,7.07606135810313E-17));
#1956=DIRECTION('',(1.53330020555314E-16,-6.30875559959541E-5,0.99999999800998));
#1957=DIRECTION('',(-1.1613426308259E-16,0.932612170391592,-0.360880228936811));
#1958=DIRECTION('',(6.50620502249271E-17,-0.932612170391592,-0.360880228936809));
#1959=DIRECTION('',(-1.1613426308259E-16,0.932612170391592,-0.36088022893681));
#1960=DIRECTION('',(6.50620502249272E-17,-0.932612170391593,-0.360880228936808));
#1961=DIRECTION('',(-6.50620502249271E-17,0.932612170391592,0.360880228936809));
#1962=DIRECTION('',(1.1613426308259E-16,-0.932612170391592,0.36088022893681));
#1963=DIRECTION('',(-6.50620502249271E-17,0.932612170391593,0.360880228936808));
#1964=DIRECTION('',(1.1613426308259E-16,-0.932612170391592,0.360880228936811));
#1965=DIRECTION('',(-1.27082316211966E-17,-0.5,-0.866025403784439));
#1966=DIRECTION('',(-1.09852746275898E-16,0.5,-0.866025403784437));
#1967=DIRECTION('',(1.,9.71445146547012E-17,-7.07606135810313E-17));
#1968=DIRECTION('',(9.71445146547012E-17,-1.,0.));
#1969=DIRECTION('',(1.,9.71445146547012E-17,-7.07606135810313E-17));
#1970=DIRECTION('',(9.71445146547012E-17,-1.,0.));
#1971=DIRECTION('',(-1.,-9.71445146547012E-17,7.07606135810313E-17));
#1972=DIRECTION('',(-9.71445146547012E-17,1.,0.));
#1973=DIRECTION('',(1.,9.71445146547012E-17,-7.07606135810313E-17));
#1974=DIRECTION('',(9.71445146547012E-17,-1.,0.));
#1975=DIRECTION('',(1.,9.71445146547012E-17,-7.07606135810313E-17));
#1976=DIRECTION('',(9.71445146547012E-17,-1.,0.));
#1977=DIRECTION('',(-1.,-9.71445146547012E-17,7.07606135810313E-17));
#1978=DIRECTION('',(-9.71445146547012E-17,1.,0.));
#1979=DIRECTION('',(1.,9.71445146547012E-17,-7.07606135810313E-17));
#1980=DIRECTION('',(9.71445146547012E-17,-1.,0.));
#1981=DIRECTION('',(1.,9.71445146547012E-17,-7.07606135810313E-17));
#1982=DIRECTION('',(9.71445146547012E-17,-1.,0.));
#1983=DIRECTION('',(-1.,-9.71445146547012E-17,7.07606135810313E-17));
#1984=DIRECTION('',(-9.71445146547012E-17,1.,0.));
#1985=DIRECTION('',(1.,9.71445146547012E-17,-7.07606135810313E-17));
#1986=DIRECTION('',(9.71445146547012E-17,-1.,0.));
#1987=DIRECTION('',(1.,9.71445146547012E-17,-7.07606135810313E-17));
#1988=DIRECTION('',(9.71445146547012E-17,-1.,0.));
#1989=DIRECTION('',(-1.,-9.71445146547012E-17,7.07606135810313E-17));
#1990=DIRECTION('',(-9.71445146547012E-17,1.,0.));
#1991=DIRECTION('',(-1.19509924319796E-16,0.866025403784439,-0.5));
#1992=DIRECTION('',(0.,0.5,0.866025403784439));
#1993=DIRECTION('',(1.27082316211966E-17,0.5,0.866025403784439));
#1994=DIRECTION('',(1.,9.71445146547012E-17,-7.07606135810313E-17));
#1995=DIRECTION('',(1.,9.71445146547012E-17,-7.07606135810313E-17));
#1996=DIRECTION('',(-7.07606135810311E-17,-1.58138378814396E-15,-1.));
#1997=DIRECTION('',(0.,1.,-1.58138378814396E-15));
#1998=DIRECTION('',(-9.71445146547013E-17,1.,-1.58138378814396E-15));
#1999=DIRECTION('',(1.,9.71445146547012E-17,-7.07606135810313E-17));
#2000=DIRECTION('',(-9.71445146547013E-17,1.,-1.58138378814396E-15));
#2001=DIRECTION('',(4.87493107387655E-17,-0.86602540378444,-0.5));
#2002=DIRECTION('',(0.,0.5,-0.86602540378444));
#2003=DIRECTION('',(-1.09852746275898E-16,0.5,-0.86602540378444));
#2004=DIRECTION('',(1.,9.71445146547012E-17,-7.07606135810313E-17));
#2005=DIRECTION('',(1.19509924319797E-16,-0.866025403784439,0.5));
#2006=DIRECTION('',(0.,-0.5,-0.866025403784439));
#2007=DIRECTION('',(-1.27082316211967E-17,-0.5,-0.866025403784439));
#2008=DIRECTION('',(1.,9.71445146547012E-17,-7.07606135810313E-17));
#2009=DIRECTION('',(7.07606135810311E-17,2.10851171752528E-15,1.));
#2010=DIRECTION('',(0.,-1.,2.10851171752528E-15));
#2011=DIRECTION('',(9.71445146547013E-17,-1.,2.10851171752528E-15));
#2012=DIRECTION('',(1.,9.71445146547012E-17,-7.07606135810313E-17));
#2013=DIRECTION('',(9.71445146547013E-17,-1.,2.10851171752528E-15));
#2014=DIRECTION('',(1.,9.71445146547012E-17,-7.07606135810313E-17));
#2015=DIRECTION('',(9.71445146547012E-17,-1.,0.));
#2016=DIRECTION('',(-1.,-9.71445146547012E-17,7.07606135810313E-17));
#2017=DIRECTION('',(1.53330020555314E-16,-6.30875559959541E-5,0.99999999800998));
#2018=DIRECTION('',(-4.87493107387655E-17,0.86602540378444,0.5));
#2019=DIRECTION('',(0.,-0.5,0.86602540378444));
#2020=DIRECTION('',(1.09852746275898E-16,-0.5,0.86602540378444));
#2021=DIRECTION('',(-1.,-9.71445146547012E-17,7.07606135810313E-17));
#2022=DIRECTION('',(7.07606135810313E-17,6.87400546299814E-33,1.));
#2023=DIRECTION('',(-1.,-9.71445146547012E-17,7.07606135810313E-17));
#2024=DIRECTION('',(-9.71445146547012E-17,1.,0.));
#2025=DIRECTION('',(-1.,-9.71445146547012E-17,7.07606135810313E-17));
#2026=DIRECTION('',(-9.71445146547012E-17,1.,0.));
#2027=DIRECTION('',(-1.,-9.71445146547012E-17,7.07606135810313E-17));
#2028=DIRECTION('',(-9.71445146547012E-17,1.,0.));
#2029=DIRECTION('',(-1.,-9.71445146547012E-17,7.07606135810313E-17));
#2030=DIRECTION('',(-9.71445146547012E-17,1.,0.));
#2031=DIRECTION('',(1.,9.71445146547012E-17,-7.07606135810313E-17));
#2032=DIRECTION('',(9.71445146547012E-17,-1.,0.));
#2033=DIRECTION('',(1.,9.71445146547012E-17,-7.07606135810313E-17));
#2034=DIRECTION('',(9.71445146547012E-17,-1.,0.));
#2035=DIRECTION('',(-1.,-9.71445146547012E-17,7.07606135810313E-17));
#2036=DIRECTION('',(-9.71445146547012E-17,1.,0.));
#2037=DIRECTION('',(1.,9.71445146547012E-17,-7.07606135810313E-17));
#2038=DIRECTION('',(9.71445146547012E-17,-1.,0.));
#2039=DIRECTION('',(1.,9.71445146547012E-17,-7.07606135810313E-17));
#2040=DIRECTION('',(9.71445146547012E-17,-1.,0.));
#2041=DIRECTION('',(-1.,-9.71445146547012E-17,7.07606135810313E-17));
#2042=DIRECTION('',(-9.71445146547012E-17,1.,0.));
#2043=DIRECTION('',(1.,9.71445146547012E-17,-7.07606135810313E-17));
#2044=DIRECTION('',(9.71445146547012E-17,-1.,0.));
#2045=DIRECTION('',(1.,9.71445146547012E-17,-7.07606135810313E-17));
#2046=DIRECTION('',(9.71445146547012E-17,-1.,0.));
#2047=DIRECTION('',(-1.,-9.71445146547012E-17,7.07606135810313E-17));
#2048=DIRECTION('',(-9.71445146547012E-17,1.,0.));
#2049=DIRECTION('',(1.,9.71445146547012E-17,-7.07606135810313E-17));
#2050=DIRECTION('',(9.71445146547012E-17,-1.,0.));
#2051=DIRECTION('',(1.,9.71445146547012E-17,-7.07606135810313E-17));
#2052=DIRECTION('',(9.71445146547012E-17,-1.,0.));
#2053=DIRECTION('',(-1.,-9.71445146547012E-17,7.07606135810313E-17));
#2054=DIRECTION('',(-9.71445146547012E-17,1.,0.));
#2055=DIRECTION('',(7.07606135810311E-17,2.10551667247229E-15,1.));
#2056=DIRECTION('',(0.,-1.,2.10551667247229E-15));
#2057=DIRECTION('',(9.71445146547013E-17,-1.,2.10551667247229E-15));
#2058=DIRECTION('',(1.,9.71445146547012E-17,-7.07606135810313E-17));
#2059=DIRECTION('',(9.71445146547013E-17,-1.,2.10551667247229E-15));
#2060=DIRECTION('',(1.,9.71445146547012E-17,-7.07606135810313E-17));
#2061=DIRECTION('',(-4.87493107387654E-17,0.86602540378444,0.5));
#2062=DIRECTION('',(0.,-0.5,0.86602540378444));
#2063=DIRECTION('',(1.09852746275898E-16,-0.5,0.86602540378444));
#2064=DIRECTION('',(1.,9.71445146547012E-17,-7.07606135810313E-17));
#2065=DIRECTION('',(1.09852746275898E-16,-0.5,0.86602540378444));
#2066=DIRECTION('',(1.,9.71445146547012E-17,-7.07606135810313E-17));
#2067=DIRECTION('',(-1.19509924319796E-16,0.866025403784439,-0.5));
#2068=DIRECTION('',(0.,0.5,0.866025403784439));
#2069=DIRECTION('',(1.27082316211966E-17,0.5,0.866025403784439));
#2070=DIRECTION('',(1.,9.71445146547011E-17,-7.07606135810313E-17));
#2071=DIRECTION('',(1.27082316211966E-17,0.5,0.866025403784439));
#2072=DIRECTION('',(1.,9.71445146547012E-17,-7.07606135810313E-17));
#2073=DIRECTION('',(-7.07606135810312E-17,-1.36574054430635E-15,-1.));
#2074=DIRECTION('',(0.,1.,-1.36574054430635E-15));
#2075=DIRECTION('',(-9.71445146547013E-17,1.,-1.36574054430635E-15));
#2076=DIRECTION('',(1.,9.71445146547012E-17,-7.07606135810313E-17));
#2077=DIRECTION('',(-9.71445146547013E-17,1.,-1.36574054430635E-15));
#2078=DIRECTION('',(1.,9.71445146547012E-17,-7.07606135810313E-17));
#2079=DIRECTION('',(4.87493107387655E-17,-0.86602540378444,-0.5));
#2080=DIRECTION('',(0.,0.5,-0.86602540378444));
#2081=DIRECTION('',(-1.09852746275898E-16,0.5,-0.86602540378444));
#2082=DIRECTION('',(1.,9.71445146547012E-17,-7.07606135810313E-17));
#2083=DIRECTION('',(-1.09852746275898E-16,0.5,-0.86602540378444));
#2084=DIRECTION('',(1.,9.71445146547012E-17,-7.07606135810313E-17));
#2085=DIRECTION('',(1.19509924319796E-16,-0.866025403784439,0.5));
#2086=DIRECTION('',(0.,-0.5,-0.866025403784439));
#2087=DIRECTION('',(-1.27082316211967E-17,-0.5,-0.866025403784439));
#2088=DIRECTION('',(1.,9.71445146547012E-17,-7.07606135810313E-17));
#2089=DIRECTION('',(-1.27082316211967E-17,-0.5,-0.866025403784439));
#2090=DIRECTION('',(1.,9.71445146547012E-17,-7.07606135810313E-17));
#2091=DIRECTION('',(-1.,-9.71445146547012E-17,7.07606135810313E-17));
#2092=DIRECTION('',(-9.71445146547012E-17,1.,0.));
#2093=DIRECTION('',(1.,9.71445146547012E-17,-7.07606135810313E-17));
#2094=DIRECTION('',(9.71445146547012E-17,-1.,0.));
#2095=DIRECTION('',(1.,9.71445146547012E-17,-7.07606135810313E-17));
#2096=DIRECTION('',(9.71445146547012E-17,-1.,0.));
#2097=DIRECTION('',(-1.,-9.71445146547012E-17,7.07606135810313E-17));
#2098=DIRECTION('',(-9.71445146547012E-17,1.,0.));
#2099=DIRECTION('',(1.,9.71445146547012E-17,-7.07606135810313E-17));
#2100=DIRECTION('',(9.71445146547012E-17,-1.,0.));
#2101=DIRECTION('',(1.,9.71445146547012E-17,-7.07606135810313E-17));
#2102=DIRECTION('',(9.71445146547012E-17,-1.,0.));
#2103=DIRECTION('',(-1.,-9.71445146547012E-17,7.07606135810313E-17));
#2104=DIRECTION('',(-9.71445146547012E-17,1.,0.));
#2105=DIRECTION('',(1.,9.71445146547012E-17,-7.07606135810313E-17));
#2106=DIRECTION('',(9.71445146547012E-17,-1.,0.));
#2107=DIRECTION('',(1.,9.71445146547012E-17,-7.07606135810313E-17));
#2108=DIRECTION('',(9.71445146547012E-17,-1.,0.));
#2109=DIRECTION('',(-1.,-9.71445146547012E-17,7.07606135810313E-17));
#2110=DIRECTION('',(-9.71445146547012E-17,1.,0.));
#2111=DIRECTION('',(1.,9.71445146547012E-17,-7.07606135810313E-17));
#2112=DIRECTION('',(9.71445146547012E-17,-1.,0.));
#2113=DIRECTION('',(1.,9.71445146547012E-17,-7.07606135810313E-17));
#2114=DIRECTION('',(9.71445146547012E-17,-1.,0.));
#2115=DIRECTION('',(-9.71445146547013E-17,1.,-1.36574054430635E-15));
#2116=DIRECTION('',(0.,1.36574054430635E-15,1.));
#2117=DIRECTION('',(-9.71445146547013E-17,1.,-1.36574054430635E-15));
#2118=DIRECTION('',(0.,1.36574054430635E-15,1.));
#2119=DIRECTION('',(-9.71445146547013E-17,1.,-1.36574054430635E-15));
#2120=DIRECTION('',(0.,1.36574054430635E-15,1.));
#2121=DIRECTION('',(-1.09852746275898E-16,0.5,-0.86602540378444));
#2122=DIRECTION('',(0.,0.86602540378444,0.5));
#2123=DIRECTION('',(-1.09852746275898E-16,0.5,-0.86602540378444));
#2124=DIRECTION('',(0.,0.86602540378444,0.5));
#2125=DIRECTION('',(-1.09852746275898E-16,0.5,-0.86602540378444));
#2126=DIRECTION('',(0.,0.86602540378444,0.5));
#2127=DIRECTION('',(1.27082316211966E-17,0.5,0.866025403784439));
#2128=DIRECTION('',(0.,-0.866025403784439,0.5));
#2129=DIRECTION('',(1.27082316211966E-17,0.5,0.866025403784439));
#2130=DIRECTION('',(0.,-0.866025403784439,0.5));
#2131=DIRECTION('',(1.27082316211966E-17,0.5,0.866025403784439));
#2132=DIRECTION('',(0.,-0.866025403784439,0.5));
#2133=DIRECTION('',(-1.27082316211967E-17,-0.5,-0.866025403784439));
#2134=DIRECTION('',(0.,0.866025403784439,-0.5));
#2135=DIRECTION('',(-1.27082316211967E-17,-0.5,-0.866025403784439));
#2136=DIRECTION('',(0.,0.866025403784439,-0.5));
#2137=DIRECTION('',(-1.27082316211967E-17,-0.5,-0.866025403784439));
#2138=DIRECTION('',(0.,0.866025403784439,-0.5));
#2139=DIRECTION('',(1.09852746275898E-16,-0.5,0.86602540378444));
#2140=DIRECTION('',(0.,-0.86602540378444,-0.5));
#2141=DIRECTION('',(1.09852746275898E-16,-0.5,0.86602540378444));
#2142=DIRECTION('',(0.,-0.86602540378444,-0.5));
#2143=DIRECTION('',(1.09852746275898E-16,-0.5,0.86602540378444));
#2144=DIRECTION('',(0.,-0.86602540378444,-0.5));
#2145=DIRECTION('',(9.71445146547013E-17,-1.,2.10551667247229E-15));
#2146=DIRECTION('',(0.,-2.10551667247229E-15,-1.));
#2147=DIRECTION('',(9.71445146547013E-17,-1.,2.10551667247229E-15));
#2148=DIRECTION('',(0.,-2.10551667247229E-15,-1.));
#2149=DIRECTION('',(9.71445146547013E-17,-1.,2.10551667247229E-15));
#2150=DIRECTION('',(0.,-2.10551667247229E-15,-1.));
#2151=DIRECTION('',(-1.09852746275898E-16,0.5,-0.86602540378444));
#2152=DIRECTION('',(0.,0.86602540378444,0.5));
#2153=DIRECTION('',(-1.09852746275898E-16,0.5,-0.86602540378444));
#2154=DIRECTION('',(0.,0.86602540378444,0.5));
#2155=DIRECTION('',(-1.09852746275898E-16,0.5,-0.86602540378444));
#2156=DIRECTION('',(0.,0.86602540378444,0.5));
#2157=DIRECTION('',(-1.27082316211966E-17,-0.5,-0.866025403784439));
#2158=DIRECTION('',(0.,0.866025403784439,-0.5));
#2159=DIRECTION('',(-1.27082316211966E-17,-0.5,-0.866025403784439));
#2160=DIRECTION('',(0.,0.866025403784439,-0.5));
#2161=DIRECTION('',(-1.27082316211966E-17,-0.5,-0.866025403784439));
#2162=DIRECTION('',(0.,0.866025403784439,-0.5));
#2163=DIRECTION('',(-9.71445146547013E-17,1.,-2.10551667247229E-15));
#2164=DIRECTION('',(0.,2.10551667247229E-15,1.));
#2165=DIRECTION('',(-9.71445146547013E-17,1.,-2.10551667247229E-15));
#2166=DIRECTION('',(0.,2.10551667247229E-15,1.));
#2167=DIRECTION('',(-9.71445146547013E-17,1.,-2.10551667247229E-15));
#2168=DIRECTION('',(0.,2.10551667247229E-15,1.));
#2169=DIRECTION('',(9.71445146547013E-17,-1.,1.36574054430635E-15));
#2170=DIRECTION('',(0.,-1.36574054430635E-15,-1.));
#2171=DIRECTION('',(9.71445146547013E-17,-1.,1.36574054430635E-15));
#2172=DIRECTION('',(0.,-1.36574054430635E-15,-1.));
#2173=DIRECTION('',(9.71445146547013E-17,-1.,1.36574054430635E-15));
#2174=DIRECTION('',(0.,-1.36574054430635E-15,-1.));
#2175=DIRECTION('',(1.27082316211967E-17,0.5,0.866025403784439));
#2176=DIRECTION('',(0.,-0.866025403784439,0.5));
#2177=DIRECTION('',(1.27082316211967E-17,0.5,0.866025403784439));
#2178=DIRECTION('',(0.,-0.866025403784439,0.5));
#2179=DIRECTION('',(1.27082316211967E-17,0.5,0.866025403784439));
#2180=DIRECTION('',(0.,-0.866025403784439,0.5));
#2181=DIRECTION('',(1.09852746275898E-16,-0.5,0.86602540378444));
#2182=DIRECTION('',(0.,-0.86602540378444,-0.5));
#2183=DIRECTION('',(1.09852746275898E-16,-0.5,0.86602540378444));
#2184=DIRECTION('',(0.,-0.86602540378444,-0.5));
#2185=DIRECTION('',(1.09852746275898E-16,-0.5,0.86602540378444));
#2186=DIRECTION('',(0.,-0.86602540378444,-0.5));
#2187=DIRECTION('',(0.,1.,0.));
#2188=DIRECTION('',(1.,0.,0.));
#2189=DIRECTION('',(-1.,0.,0.));
#2190=DIRECTION('',(0.,1.,0.));
#2191=DIRECTION('',(1.,9.71445146547012E-17,-7.07606135810313E-17));
#2192=DIRECTION('',(9.71445146547012E-17,-1.,0.));
#2193=DIRECTION('',(-1.,0.,0.));
#2194=DIRECTION('',(0.,1.,0.));
#2195=DIRECTION('',(0.,1.,0.));
#2196=DIRECTION('',(1.,0.,0.));
#2197=DIRECTION('',(0.,1.,0.));
#2198=DIRECTION('',(1.,0.,0.));
#2199=DIRECTION('',(-1.,0.,0.));
#2200=DIRECTION('',(0.,1.,0.));
#2201=DIRECTION('',(1.,9.71445146547012E-17,-7.07606135810313E-17));
#2202=DIRECTION('',(9.71445146547012E-17,-1.,0.));
#2203=DIRECTION('',(-1.,0.,0.));
#2204=DIRECTION('',(0.,1.,0.));
#2205=DIRECTION('',(0.,1.,0.));
#2206=DIRECTION('',(1.,0.,0.));
#2207=DIRECTION('',(0.,1.,0.));
#2208=DIRECTION('',(1.,0.,0.));
#2209=DIRECTION('',(-1.,0.,0.));
#2210=DIRECTION('',(0.,1.,0.));
#2211=DIRECTION('',(1.,9.71445146547012E-17,-7.07606135810313E-17));
#2212=DIRECTION('',(9.71445146547012E-17,-1.,0.));
#2213=DIRECTION('',(-1.,0.,0.));
#2214=DIRECTION('',(0.,1.,0.));
#2215=DIRECTION('',(0.,1.,0.));
#2216=DIRECTION('',(1.,0.,0.));
#2217=DIRECTION('',(0.,1.,0.));
#2218=DIRECTION('',(1.,0.,0.));
#2219=DIRECTION('',(-1.,0.,0.));
#2220=DIRECTION('',(0.,1.,0.));
#2221=DIRECTION('',(1.,9.71445146547012E-17,-7.07606135810313E-17));
#2222=DIRECTION('',(9.71445146547012E-17,-1.,0.));
#2223=DIRECTION('',(-1.,0.,0.));
#2224=DIRECTION('',(0.,1.,0.));
#2225=DIRECTION('',(0.,1.,0.));
#2226=DIRECTION('',(1.,0.,0.));
#2227=DIRECTION('',(0.,1.,0.));
#2228=DIRECTION('',(1.,0.,0.));
#2229=DIRECTION('',(-1.,0.,0.));
#2230=DIRECTION('',(0.,1.,0.));
#2231=DIRECTION('',(1.,9.71445146547012E-17,-7.07606135810313E-17));
#2232=DIRECTION('',(9.71445146547012E-17,-1.,0.));
#2233=DIRECTION('',(-1.,0.,0.));
#2234=DIRECTION('',(0.,1.,0.));
#2235=DIRECTION('',(0.,1.,0.));
#2236=DIRECTION('',(1.,0.,0.));
#2237=DIRECTION('',(0.,1.,0.));
#2238=DIRECTION('',(1.,0.,0.));
#2239=DIRECTION('',(-1.,0.,0.));
#2240=DIRECTION('',(0.,1.,0.));
#2241=DIRECTION('',(1.,9.71445146547012E-17,-7.07606135810313E-17));
#2242=DIRECTION('',(9.71445146547012E-17,-1.,0.));
#2243=DIRECTION('',(-1.,0.,0.));
#2244=DIRECTION('',(0.,1.,0.));
#2245=DIRECTION('',(0.,1.,0.));
#2246=DIRECTION('',(1.,0.,0.));
#2247=DIRECTION('',(1.19509924319796E-16,-0.866025403784439,0.5));
#2248=DIRECTION('',(0.,-0.5,-0.866025403784439));
#2249=DIRECTION('',(-1.,-9.71445146547012E-17,7.07606135810313E-17));
#2250=DIRECTION('',(-9.71445146547012E-17,1.,-6.47970600522976E-16));
#2251=DIRECTION('',(0.,6.47970600522976E-16,1.));
#2252=DIRECTION('',(-1.,-9.71445146547012E-17,7.07606135810313E-17));
#2253=DIRECTION('',(-1.,-9.71445146547012E-17,7.07606135810313E-17));
#2254=DIRECTION('',(-4.87493107387655E-17,0.86602540378444,0.5));
#2255=DIRECTION('',(0.,-0.5,0.86602540378444));
#2256=DIRECTION('',(-1.,-9.71445146547012E-17,7.07606135810313E-17));
#2257=DIRECTION('',(-1.0104974409859E-16,0.360880228936809,-0.932612170391592));
#2258=DIRECTION('',(0.,0.932612170391592,0.360880228936809));
#2259=DIRECTION('',(-1.,-9.71445146547012E-17,7.07606135810313E-17));
#2260=DIRECTION('',(-1.,-9.71445146547012E-17,7.07606135810313E-17));
#2261=DIRECTION('',(3.09346747215024E-17,0.360880228936811,0.932612170391591));
#2262=DIRECTION('',(0.,-0.932612170391592,0.360880228936811));
#2263=DIRECTION('',(-1.,-9.71445146547012E-17,7.07606135810313E-17));
#2264=DIRECTION('',(-1.0104974409859E-16,0.360880228936808,-0.932612170391593));
#2265=DIRECTION('',(0.,0.932612170391593,0.360880228936808));
#2266=DIRECTION('',(-1.,-9.71445146547012E-17,7.07606135810313E-17));
#2267=DIRECTION('',(3.09346747215025E-17,0.36088022893681,0.932612170391592));
#2268=DIRECTION('',(0.,-0.932612170391592,0.36088022893681));
#2269=DIRECTION('',(-3.09346747215025E-17,-0.36088022893681,-0.932612170391592));
#2270=DIRECTION('',(0.,0.932612170391592,-0.36088022893681));
#2271=DIRECTION('',(-1.,-9.71445146547012E-17,7.07606135810313E-17));
#2272=DIRECTION('',(-1.,-9.71445146547012E-17,7.07606135810313E-17));
#2273=DIRECTION('',(1.0104974409859E-16,-0.360880228936809,0.932612170391592));
#2274=DIRECTION('',(0.,-0.932612170391592,-0.360880228936809));
#2275=DIRECTION('',(-1.,-9.71445146547012E-17,7.07606135810313E-17));
#2276=DIRECTION('',(-3.09346747215024E-17,-0.360880228936811,-0.932612170391591));
#2277=DIRECTION('',(0.,0.932612170391592,-0.360880228936811));
#2278=DIRECTION('',(-1.,-9.71445146547012E-17,7.07606135810313E-17));
#2279=DIRECTION('',(1.0104974409859E-16,-0.360880228936808,0.932612170391593));
#2280=DIRECTION('',(0.,-0.932612170391593,-0.360880228936808));
#2281=DIRECTION('',(4.87493107387655E-17,-0.86602540378444,-0.5));
#2282=DIRECTION('',(0.,0.5,-0.86602540378444));
#2283=DIRECTION('',(-1.,-9.71445146547012E-17,7.07606135810313E-17));
#2284=DIRECTION('',(-1.,-9.71445146547012E-17,7.07606135810313E-17));
#2285=DIRECTION('',(-1.19509924319796E-16,0.866025403784439,-0.5));
#2286=DIRECTION('',(0.,0.5,0.866025403784439));
#2287=DIRECTION('',(-1.,-9.71445146547012E-17,7.07606135810313E-17));
#2288=DIRECTION('',(9.71445146547012E-17,-1.,6.47970600522976E-16));
#2289=DIRECTION('',(0.,-6.47970600522976E-16,-1.));
#2290=DIRECTION('',(-1.,-9.71445146547012E-17,7.07606135810313E-17));
#2291=DIRECTION('',(-4.8749310738765E-17,0.866025403784437,0.5));
#2292=DIRECTION('',(0.,-0.5,0.866025403784438));
#2293=DIRECTION('',(-1.,-9.71445146547012E-17,7.07606135810313E-17));
#2294=DIRECTION('',(-1.19509924319796E-16,0.866025403784439,-0.5));
#2295=DIRECTION('',(0.,0.5,0.866025403784439));
#2296=DIRECTION('',(1.19509924319796E-16,-0.866025403784438,0.5));
#2297=DIRECTION('',(0.,-0.5,-0.866025403784439));
#2298=DIRECTION('',(-1.,-9.71445146547012E-17,7.07606135810313E-17));
#2299=DIRECTION('',(-7.07606135810309E-17,-3.46944695195361E-15,-1.));
#2300=DIRECTION('',(0.,1.,-3.46944695195361E-15));
#2301=DIRECTION('',(-7.07606135810313E-17,0.,-1.));
#2302=DIRECTION('',(-1.,0.,7.07606135810313E-17));
#2303=DIRECTION('',(-1.,-9.71445146547012E-17,7.07606135810313E-17));
#2304=DIRECTION('',(4.87493107387654E-17,-0.866025403784439,-0.5));
#2305=DIRECTION('',(0.,0.5,-0.86602540378444));
#2306=DIRECTION('',(-4.87493107387655E-17,0.86602540378444,0.5));
#2307=DIRECTION('',(0.,-0.5,0.86602540378444));
#2308=DIRECTION('',(-1.,-9.71445146547012E-17,7.07606135810313E-17));
#2309=DIRECTION('',(-1.19509924319797E-16,0.866025403784436,-0.5));
#2310=DIRECTION('',(0.,0.5,0.866025403784437));
#2311=DIRECTION('',(1.19509924319796E-16,-0.866025403784438,0.5));
#2312=DIRECTION('',(0.,-0.5,-0.866025403784438));
#2313=DIRECTION('',(-1.,-9.71445146547012E-17,7.07606135810313E-17));
#2314=DIRECTION('',(7.07606135810309E-17,3.46944695195359E-15,1.));
#2315=DIRECTION('',(0.,-1.,3.46944695195359E-15));
#2316=DIRECTION('',(7.07606135810313E-17,0.,1.));
#2317=DIRECTION('',(1.,0.,-7.07606135810313E-17));
#2318=DIRECTION('',(-1.,-9.71445146547012E-17,7.07606135810313E-17));
#2319=DIRECTION('',(4.87493107387654E-17,-0.866025403784439,-0.5));
#2320=DIRECTION('',(0.,0.5,-0.866025403784439));
#2321=CARTESIAN_POINT('',(0.,0.,0.));
#2322=CARTESIAN_POINT('',(-0.0729284500258183,-0.0679174055443655,0.0398699968092642));
#2323=CARTESIAN_POINT('',(-0.0829264500258183,-0.0690721060827447,0.0378699968092642));
#2324=CARTESIAN_POINT('',(-0.0829284500258183,-0.0690721060827447,0.0378699968092642));
#2325=CARTESIAN_POINT('',(-0.0979284500258183,-0.0690721060827447,0.0378699968092642));
#2326=CARTESIAN_POINT('',(-0.0829284500258183,-0.0676337276372061,0.0403613413574491));
#2327=CARTESIAN_POINT('',(-0.0829284500258183,-0.0741000506521307,0.0291613413574476));
#2328=CARTESIAN_POINT('',(-0.0729284500258183,-0.0741000506521307,0.0291613413574476));
#2329=CARTESIAN_POINT('',(-0.0979284500258183,-0.0741000506521307,0.0291613413574476));
#2330=CARTESIAN_POINT('',(-0.0979284500258183,-0.0679174055443655,0.0398699968092642));
#2331=CARTESIAN_POINT('',(-0.0729284500258183,-0.0679174055443655,0.018452685905631));
#2332=CARTESIAN_POINT('',(-0.0829284500258183,-0.0676337276372061,0.0179613413574461));
#2333=CARTESIAN_POINT('',(-0.0829284500258183,-0.0690721060827448,0.0204526859056311));
#2334=CARTESIAN_POINT('',(-0.0829264500258183,-0.0690721060827448,0.0204526859056311));
#2335=CARTESIAN_POINT('',(-0.0979284500258183,-0.0690721060827448,0.0204526859056311));
#2336=CARTESIAN_POINT('',(-0.0979284500258183,-0.0679174055443655,0.018452685905631));
#2337=CARTESIAN_POINT('',(-0.0729284500258183,-0.0285521116404985,0.0398699968092642));
#2338=CARTESIAN_POINT('',(-0.0829284500258183,-0.028835789547658,0.0403613413574491));
#2339=CARTESIAN_POINT('',(-0.0829284500258183,-0.0223694665327334,0.0291613413574476));
#2340=CARTESIAN_POINT('',(-0.0829284500258183,-0.0273974111021193,0.0378699968092642));
#2341=CARTESIAN_POINT('',(-0.0829264500258183,-0.0273974111021193,0.0378699968092642));
#2342=CARTESIAN_POINT('',(-0.0979284500258183,-0.0273974111021193,0.0378699968092642));
#2343=CARTESIAN_POINT('',(-0.0979284500258183,-0.0285521116404985,0.0398699968092642));
#2344=CARTESIAN_POINT('',(-0.0979284500258183,-0.0223694665327334,0.0291613413574476));
#2345=CARTESIAN_POINT('',(-0.0729284500258183,-0.0223694665327334,0.0291613413574476));
#2346=CARTESIAN_POINT('',(-0.0729284500258183,-0.0285521116404986,0.018452685905631));
#2347=CARTESIAN_POINT('',(-0.0829264500258183,-0.0273974111021193,0.020452685905631));
#2348=CARTESIAN_POINT('',(-0.0829284500258183,-0.0273974111021193,0.020452685905631));
#2349=CARTESIAN_POINT('',(-0.0979284500258183,-0.0273974111021193,0.020452685905631));
#2350=CARTESIAN_POINT('',(-0.0829284500258183,-0.028835789547658,0.0179613413574461));
#2351=CARTESIAN_POINT('',(-0.0979284500258183,-0.0285521116404986,0.018452685905631));
#2352=CARTESIAN_POINT('',(-0.0729284500258183,-0.0617347604366002,0.0398699968092642));
#2353=CARTESIAN_POINT('',(-0.0829264500258183,-0.0617347604366002,0.0308933921650165));
#2354=CARTESIAN_POINT('',(-0.0829284500258183,-0.0617347604366002,0.0308933921650165));
#2355=CARTESIAN_POINT('',(-0.0979284500258183,-0.0617347604366002,0.0308933921650165));
#2356=CARTESIAN_POINT('',(-0.0829284500258183,-0.0617347604366002,0.0291613413574476));
#2357=CARTESIAN_POINT('',(-0.0829284500258183,-0.0617347604366002,0.0505786522610808));
#2358=CARTESIAN_POINT('',(-0.0729284500258183,-0.0617347604366002,0.0505786522610808));
#2359=CARTESIAN_POINT('',(-0.0979284500258183,-0.0617347604366002,0.0505786522610808));
#2360=CARTESIAN_POINT('',(-0.0979284500258183,-0.0617347604366002,0.0398699968092642));
#2361=CARTESIAN_POINT('',(-0.0729284500258183,-0.0347347567482639,0.018452685905631));
#2362=CARTESIAN_POINT('',(-0.0829264500258183,-0.0347347567482639,0.0274292905498786));
#2363=CARTESIAN_POINT('',(-0.0829284500258183,-0.0347347567482639,0.0274292905498786));
#2364=CARTESIAN_POINT('',(-0.0979284500258183,-0.0347347567482639,0.0274292905498786));
#2365=CARTESIAN_POINT('',(-0.0829284500258183,-0.0347347567482639,0.0291613413574476));
#2366=CARTESIAN_POINT('',(-0.0829284500258183,-0.0347347567482639,0.00774403045381438));
#2367=CARTESIAN_POINT('',(-0.0729284500258183,-0.0347347567482639,0.00774403045381438));
#2368=CARTESIAN_POINT('',(-0.0979284500258183,-0.0347347567482639,0.00774403045381438));
#2369=CARTESIAN_POINT('',(-0.0979284500258183,-0.0347347567482639,0.018452685905631));
#2370=CARTESIAN_POINT('',(-0.0829284500258183,-0.048234758592432,0.0291613413574476));
#2371=CARTESIAN_POINT('',(-0.0829284500258183,-0.0299113833868123,0.0335156690833558));
#2372=CARTESIAN_POINT('',(-0.0829284500258183,-0.0324253556715053,0.0291613413574476));
#2373=CARTESIAN_POINT('',(-0.0829284500258183,-0.0299113833868123,0.0248070136315393));
#2374=CARTESIAN_POINT('',(-0.0829284500258183,-0.028835789547658,0.0403613413574491));
#2375=CARTESIAN_POINT('',(-0.0829284500258183,-0.0285521116404985,0.0398699968092642));
#2376=CARTESIAN_POINT('',(-0.0829284500258183,-0.0347347567482638,0.0505786522610807));
#2377=CARTESIAN_POINT('',(-0.0829284500258183,-0.0311434341943812,0.0353816944871403));
#2378=CARTESIAN_POINT('',(-0.0829284500258183,-0.0337347567482639,0.0308933921650165));
#2379=CARTESIAN_POINT('',(-0.0829284500258183,-0.0342347567482639,0.0308933921650165));
#2380=CARTESIAN_POINT('',(-0.0829284500258183,-0.0347347567482639,0.0308933921650165));
#2381=CARTESIAN_POINT('',(-0.0829284500258183,-0.0347347567482639,0.0291613413574476));
#2382=CARTESIAN_POINT('',(-0.0829284500258183,-0.0665581337980518,0.0248070136315393));
#2383=CARTESIAN_POINT('',(-0.0829284500258183,-0.0640441615133587,0.0291613413574476));
#2384=CARTESIAN_POINT('',(-0.0829284500258183,-0.0665581337980517,0.0335156690833559));
#2385=CARTESIAN_POINT('',(-0.0829284500258183,-0.0676337276372061,0.0179613413574461));
#2386=CARTESIAN_POINT('',(-0.0829284500258183,-0.0679174055443655,0.018452685905631));
#2387=CARTESIAN_POINT('',(-0.0829284500258183,-0.0617347604366002,0.00774403045381442));
#2388=CARTESIAN_POINT('',(-0.0829284500258183,-0.0653260829904828,0.0229409882277549));
#2389=CARTESIAN_POINT('',(-0.0829284500258183,-0.0627347604366002,0.0274292905498787));
#2390=CARTESIAN_POINT('',(-0.0829284500258183,-0.0622347604366002,0.0274292905498787));
#2391=CARTESIAN_POINT('',(-0.0829284500258183,-0.0617347604366002,0.0274292905498787));
#2392=CARTESIAN_POINT('',(-0.0829284500258183,-0.0617347604366002,0.0291613413574476));
#2393=CARTESIAN_POINT('',(-0.0829284500258183,-0.05277833667617,0.0174195060385598));
#2394=CARTESIAN_POINT('',(-0.0829284500258183,-0.0367347567482639,0.011211340435362));
#2395=CARTESIAN_POINT('',(-0.0829284500258183,-0.048234758592432,0.0156613395132794));
#2396=CARTESIAN_POINT('',(-0.0829284500258183,-0.0406957856166831,0.00967859504532461));
#2397=CARTESIAN_POINT('',(-0.0829284500258183,-0.048234758592432,0.00676134135744458));
#2398=CARTESIAN_POINT('',(-0.0829284500258183,-0.0557737315681809,0.00967859504532462));
#2399=CARTESIAN_POINT('',(-0.0829284500258183,-0.0597347604366002,0.011211340435362));
#2400=CARTESIAN_POINT('',(-0.0829284500258183,-0.0436911805086941,0.0174195060385598));
#2401=CARTESIAN_POINT('',(-0.0829284500258183,-0.0482352002054422,0.0361613432166175));
#2402=CARTESIAN_POINT('',(-0.0829284500258183,-0.0472917934211413,0.0405613413574505));
#2403=CARTESIAN_POINT('',(-0.0829284500258183,-0.049178606989743,0.0405613413574505));
#2404=CARTESIAN_POINT('',(-0.0829284500258183,-0.048234758592432,0.0405613413574505));
#2405=CARTESIAN_POINT('',(-0.0829284500258183,-0.0416529655236686,0.0405613413574505));
#2406=CARTESIAN_POINT('',(-0.0829284500258183,-0.0383620689892868,0.0348613413574491));
#2407=CARTESIAN_POINT('',(-0.0829284500258183,-0.0350711724549051,0.0291613413574476));
#2408=CARTESIAN_POINT('',(-0.0829284500258183,-0.0383620689892868,0.0234613413574461));
#2409=CARTESIAN_POINT('',(-0.0829284500258183,-0.0416529655236686,0.0177613413574445));
#2410=CARTESIAN_POINT('',(-0.0829284500258183,-0.048234758592432,0.0177613413574445));
#2411=CARTESIAN_POINT('',(-0.0829284500258183,-0.047290910195121,0.0177613413574445));
#2412=CARTESIAN_POINT('',(-0.0829284500258183,-0.0482343169794219,0.0221613394982777));
#2413=CARTESIAN_POINT('',(-0.0829284500258183,-0.0491777237637227,0.0177613413574446));
#2414=CARTESIAN_POINT('',(-0.0829284500258183,-0.048234758592432,0.0177613413574445));
#2415=CARTESIAN_POINT('',(-0.0829284500258183,-0.0548165516611955,0.0177613413574446));
#2416=CARTESIAN_POINT('',(-0.0829284500258183,-0.0581074481955772,0.0234613413574461));
#2417=CARTESIAN_POINT('',(-0.0829284500258183,-0.061398344729959,0.0291613413574476));
#2418=CARTESIAN_POINT('',(-0.0829284500258183,-0.0581074481955772,0.0348613413574491));
#2419=CARTESIAN_POINT('',(-0.0829284500258183,-0.0548165516611955,0.0405613413574506));
#2420=CARTESIAN_POINT('',(-0.0829284500258183,-0.048234758592432,0.0405613413574505));
#2421=CARTESIAN_POINT('',(-0.0829284500258183,-0.0693657784447749,0.0169613413574461));
#2422=CARTESIAN_POINT('',(-0.0829284500258183,-0.0764094517288892,0.0291613413574476));
#2423=CARTESIAN_POINT('',(-0.0829284500258183,-0.0623221051606607,0.0047613413574446));
#2424=CARTESIAN_POINT('',(-0.0829284500258183,-0.0482347585924321,0.00476134135744457));
#2425=CARTESIAN_POINT('',(-0.0829284500258183,-0.0341474120242035,0.00476134135744454));
#2426=CARTESIAN_POINT('',(-0.0829284500258183,-0.0271037387400891,0.016961341357446));
#2427=CARTESIAN_POINT('',(-0.0829284500258183,-0.0200600654559749,0.0291613413574476));
#2428=CARTESIAN_POINT('',(-0.0829284500258183,-0.0271037387400891,0.0413613413574491));
#2429=CARTESIAN_POINT('',(-0.0829284500258183,-0.0341474120242034,0.0535613413574506));
#2430=CARTESIAN_POINT('',(-0.0829284500258183,-0.048234758592432,0.0535613413574506));
#2431=CARTESIAN_POINT('',(-0.0829284500258183,-0.0623221051606606,0.0535613413574506));
#2432=CARTESIAN_POINT('',(-0.0829284500258183,-0.0693657784447749,0.0413613413574491));
#2433=CARTESIAN_POINT('',(-0.0829284500258183,-0.0653260829904828,0.0353816944871403));
#2434=CARTESIAN_POINT('',(-0.0829284500258183,-0.0679174055443655,0.0398699968092642));
#2435=CARTESIAN_POINT('',(-0.0829284500258183,-0.0627347604366002,0.0308933921650165));
#2436=CARTESIAN_POINT('',(-0.0829284500258183,-0.0676337276372061,0.0403613413574491));
#2437=CARTESIAN_POINT('',(-0.0829284500258183,-0.0622347604366002,0.0308933921650165));
#2438=CARTESIAN_POINT('',(-0.0829284500258183,-0.0557737315681809,0.0486440876695705));
#2439=CARTESIAN_POINT('',(-0.0829284500258183,-0.048234758592432,0.0515613413574506));
#2440=CARTESIAN_POINT('',(-0.0829284500258183,-0.0597347604366002,0.0471113422795332));
#2441=CARTESIAN_POINT('',(-0.0829284500258183,-0.0406957856166831,0.0486440876695705));
#2442=CARTESIAN_POINT('',(-0.0829284500258183,-0.0367347567482638,0.0471113422795331));
#2443=CARTESIAN_POINT('',(-0.0829284500258183,-0.0527783366761699,0.0409031766763353));
#2444=CARTESIAN_POINT('',(-0.0829284500258183,-0.048234758592432,0.0426613432016157));
#2445=CARTESIAN_POINT('',(-0.0829284500258183,-0.0436911805086941,0.0409031766763353));
#2446=CARTESIAN_POINT('',(-0.0829284500258183,-0.0311434341943812,0.0229409882277548));
#2447=CARTESIAN_POINT('',(-0.0829284500258183,-0.0337347567482639,0.0274292905498786));
#2448=CARTESIAN_POINT('',(-0.0829284500258183,-0.0285521116404986,0.018452685905631));
#2449=CARTESIAN_POINT('',(-0.0829284500258183,-0.028835789547658,0.0179613413574461));
#2450=CARTESIAN_POINT('',(-0.0829284500258183,-0.0342347567482639,0.0274292905498786));
#2451=CARTESIAN_POINT('',(-0.0979284500258183,-0.048234758592432,0.0291613413574476));
#2452=CARTESIAN_POINT('',(-0.0979284500258183,-0.0285521116404986,0.018452685905631));
#2453=CARTESIAN_POINT('',(-0.0979284500258183,-0.0285521116404986,0.018452685905631));
#2454=CARTESIAN_POINT('',(-0.0979284500258183,-0.0311434341943812,0.0229409882277548));
#2455=CARTESIAN_POINT('',(-0.0979284500258183,-0.0337347567482639,0.0274292905498786));
#2456=CARTESIAN_POINT('',(-0.0979284500258183,-0.0342347567482639,0.0274292905498786));
#2457=CARTESIAN_POINT('',(-0.0979284500258183,-0.0311434341943812,0.0353816944871403));
#2458=CARTESIAN_POINT('',(-0.0979284500258183,-0.0337347567482639,0.0308933921650165));
#2459=CARTESIAN_POINT('',(-0.0979284500258183,-0.0285521116404985,0.0398699968092642));
#2460=CARTESIAN_POINT('',(-0.0979284500258183,-0.0285521116404985,0.0398699968092642));
#2461=CARTESIAN_POINT('',(-0.0979284500258183,-0.0347347567482638,0.0505786522610807));
#2462=CARTESIAN_POINT('',(-0.0979284500258183,-0.0347347567482639,0.018452685905631));
#2463=CARTESIAN_POINT('',(-0.0979284500258183,-0.0347347567482639,0.0308933921650165));
#2464=CARTESIAN_POINT('',(-0.0979284500258183,-0.0342347567482639,0.0308933921650165));
#2465=CARTESIAN_POINT('',(-0.0979284500258183,-0.0679174055443655,0.0398699968092642));
#2466=CARTESIAN_POINT('',(-0.0979284500258183,-0.0679174055443655,0.0398699968092642));
#2467=CARTESIAN_POINT('',(-0.0979284500258183,-0.0653260829904828,0.0353816944871403));
#2468=CARTESIAN_POINT('',(-0.0979284500258183,-0.0627347604366002,0.0308933921650165));
#2469=CARTESIAN_POINT('',(-0.0979284500258183,-0.0622347604366002,0.0308933921650165));
#2470=CARTESIAN_POINT('',(-0.0979284500258183,-0.0653260829904828,0.0229409882277549));
#2471=CARTESIAN_POINT('',(-0.0979284500258183,-0.0679174055443655,0.018452685905631));
#2472=CARTESIAN_POINT('',(-0.0979284500258183,-0.0627347604366002,0.0274292905498787));
#2473=CARTESIAN_POINT('',(-0.0979284500258183,-0.0679174055443655,0.018452685905631));
#2474=CARTESIAN_POINT('',(-0.0979284500258183,-0.0617347604366003,0.00774403045381442));
#2475=CARTESIAN_POINT('',(-0.0979284500258183,-0.0617347604366002,0.0398699968092642));
#2476=CARTESIAN_POINT('',(-0.0979284500258183,-0.0617347604366002,0.0274292905498787));
#2477=CARTESIAN_POINT('',(-0.0979284500258183,-0.0622347604366002,0.0274292905498787));
#2478=CARTESIAN_POINT('',(-0.0979284500258183,-0.0665581337980518,0.0248070136315393));
#2479=CARTESIAN_POINT('',(-0.0979284500258183,-0.0640441615133587,0.0291613413574476));
#2480=CARTESIAN_POINT('',(-0.0979284500258183,-0.0665581337980517,0.0335156690833559));
#2481=CARTESIAN_POINT('',(-0.0979284500258183,-0.0329927114858242,0.0535613413574506));
#2482=CARTESIAN_POINT('',(-0.0979284500258183,-0.0623221051606606,0.0535613413574506));
#2483=CARTESIAN_POINT('',(-0.0979284500258183,-0.0341474120242033,0.0535613413574506));
#2484=CARTESIAN_POINT('',(-0.0979284500258183,-0.0194827151867852,0.0281613413574476));
#2485=CARTESIAN_POINT('',(-0.0979284500258183,-0.0200600654559749,0.0291613413574476));
#2486=CARTESIAN_POINT('',(-0.0979284500258183,-0.0347247622933931,0.00376134135744454));
#2487=CARTESIAN_POINT('',(-0.0979284500258183,-0.0341474120242035,0.00476134135744454));
#2488=CARTESIAN_POINT('',(-0.0979284500258183,-0.0634768056990399,0.0047613413574446));
#2489=CARTESIAN_POINT('',(-0.0979284500258183,-0.0623221051606607,0.0047613413574446));
#2490=CARTESIAN_POINT('',(-0.0979284500258183,-0.0769868019980788,0.0301613413574476));
#2491=CARTESIAN_POINT('',(-0.0979284500258183,-0.0764094517288892,0.0291613413574476));
#2492=CARTESIAN_POINT('',(-0.0979284500258183,-0.061744754891471,0.0545613413574506));
#2493=CARTESIAN_POINT('',(-0.0979284500258183,-0.0552347604516018,0.0291608997444374));
#2494=CARTESIAN_POINT('',(-0.0979284500258183,-0.0597347604516018,0.0291608997444374));
#2495=CARTESIAN_POINT('',(-0.0979284500258183,-0.0482352002054422,0.0361613432166175));
#2496=CARTESIAN_POINT('',(-0.0979284500258183,-0.0527352002054422,0.0361613432166175));
#2497=CARTESIAN_POINT('',(-0.0979284500258183,-0.0482343169794219,0.0221613394982777));
#2498=CARTESIAN_POINT('',(-0.0979284500258183,-0.0527343169794219,0.0221613394982777));
#2499=CARTESIAN_POINT('',(-0.0979284500258183,-0.0412347567332621,0.0291617829704577));
#2500=CARTESIAN_POINT('',(-0.0979284500258183,-0.0457347567332621,0.0291617829704577));
#2501=CARTESIAN_POINT('',(-0.0979284500258183,-0.048234758592432,0.0291613413574476));
#2502=CARTESIAN_POINT('',(-0.0979284500258183,-0.0482348595325216,0.0307613413542635));
#2503=CARTESIAN_POINT('',(-0.0979284500258183,-0.0424847576703479,0.0493363418184918));
#2504=CARTESIAN_POINT('',(-0.0979284500258183,-0.048234758592432,0.0515613413574506));
#2505=CARTESIAN_POINT('',(-0.0979284500258183,-0.0367347567482638,0.0471113422795331));
#2506=CARTESIAN_POINT('',(-0.0979284500258183,-0.0539847595145161,0.0493363418184919));
#2507=CARTESIAN_POINT('',(-0.0979284500258183,-0.0597347604366002,0.0471113422795332));
#2508=CARTESIAN_POINT('',(-0.0979284500258183,-0.0539847595145161,0.0448863427405744));
#2509=CARTESIAN_POINT('',(-0.0979284500258183,-0.048234758592432,0.0426613432016157));
#2510=CARTESIAN_POINT('',(-0.0979284500258183,-0.0424847576703479,0.0448863427405744));
#2511=CARTESIAN_POINT('',(-0.0979284500258183,-0.0424847576703479,0.00898634089640328));
#2512=CARTESIAN_POINT('',(-0.0979284500258183,-0.048234758592432,0.00676134135744458));
#2513=CARTESIAN_POINT('',(-0.0979284500258183,-0.0367347567482639,0.011211340435362));
#2514=CARTESIAN_POINT('',(-0.0979284500258183,-0.0424847576703479,0.0134363399743207));
#2515=CARTESIAN_POINT('',(-0.0979284500258183,-0.048234758592432,0.0156613395132794));
#2516=CARTESIAN_POINT('',(-0.0979284500258183,-0.0539847595145161,0.0134363399743207));
#2517=CARTESIAN_POINT('',(-0.0979284500258183,-0.0597347604366002,0.011211340435362));
#2518=CARTESIAN_POINT('',(-0.0979284500258183,-0.0539847595145161,0.00898634089640329));
#2519=CARTESIAN_POINT('',(-0.0979284500258183,-0.0299113833868123,0.0335156690833558));
#2520=CARTESIAN_POINT('',(-0.0979284500258183,-0.0324253556715053,0.0291613413574476));
#2521=CARTESIAN_POINT('',(-0.0979284500258183,-0.0299113833868123,0.0248070136315393));
#2522=CARTESIAN_POINT('',(-0.0829284500258183,-0.0482343169794219,0.0221613394982777));
#2523=CARTESIAN_POINT('',(-0.0799284500258183,-0.0482343169794219,0.0221613394982777));
#2524=CARTESIAN_POINT('',(-0.0799284500258183,-0.0510343169794219,0.0221613394982777));
#2525=CARTESIAN_POINT('',(-0.0829284500258183,-0.0482343169794219,0.0221613394982777));
#2526=CARTESIAN_POINT('',(-0.0829284500258183,-0.0454343169794219,0.0221613394982777));
#2527=CARTESIAN_POINT('',(-0.0829284500258183,-0.0552347604516018,0.0291608997444374));
#2528=CARTESIAN_POINT('',(-0.0799284500258183,-0.0552347604516018,0.0291608997444374));
#2529=CARTESIAN_POINT('',(-0.0799284500258183,-0.0580347604516018,0.0291608997444374));
#2530=CARTESIAN_POINT('',(-0.0829284500258183,-0.0552347604516018,0.0291608997444374));
#2531=CARTESIAN_POINT('',(-0.0829284500258183,-0.0524347604516018,0.0291608997444374));
#2532=CARTESIAN_POINT('',(-0.0829284500258183,-0.0482352002054422,0.0361613432166175));
#2533=CARTESIAN_POINT('',(-0.0799284500258183,-0.0482352002054422,0.0361613432166175));
#2534=CARTESIAN_POINT('',(-0.0799284500258183,-0.0510352002054422,0.0361613432166175));
#2535=CARTESIAN_POINT('',(-0.0829284500258183,-0.0482352002054422,0.0361613432166175));
#2536=CARTESIAN_POINT('',(-0.0829284500258183,-0.0454352002054422,0.0361613432166175));
#2537=CARTESIAN_POINT('',(-0.0829284500258183,-0.0412347567332621,0.0291617829704577));
#2538=CARTESIAN_POINT('',(-0.0799284500258183,-0.0412347567332621,0.0291617829704577));
#2539=CARTESIAN_POINT('',(-0.0799284500258183,-0.0440347567332621,0.0291617829704577));
#2540=CARTESIAN_POINT('',(-0.0829284500258183,-0.0412347567332621,0.0291617829704577));
#2541=CARTESIAN_POINT('',(-0.0829284500258183,-0.0384347567332622,0.0291617829704577));
#2542=CARTESIAN_POINT('',(-0.0829284500258183,-0.0581074481955772,0.0348613413574491));
#2543=CARTESIAN_POINT('',(-0.0779284500258183,-0.0581074481955772,0.0348613413574491));
#2544=CARTESIAN_POINT('',(-0.0779284500258183,-0.061398344729959,0.0291613413574476));
#2545=CARTESIAN_POINT('',(-0.0779284500258183,-0.0548165516611955,0.0405613413574506));
#2546=CARTESIAN_POINT('',(-0.0829284500258183,-0.0548165516611955,0.0405613413574506));
#2547=CARTESIAN_POINT('',(-0.0829284500258183,-0.061398344729959,0.0291613413574476));
#2548=CARTESIAN_POINT('',(-0.0829284500258183,-0.048234758592432,0.0405613413574505));
#2549=CARTESIAN_POINT('',(-0.0779284500258183,-0.048234758592432,0.0405613413574505));
#2550=CARTESIAN_POINT('',(-0.0779284500258183,-0.0416529655236686,0.0405613413574505));
#2551=CARTESIAN_POINT('',(-0.0829284500258183,-0.0416529655236686,0.0405613413574505));
#2552=CARTESIAN_POINT('',(-0.0829284500258183,-0.048234758592432,0.0405613413574505));
#2553=CARTESIAN_POINT('',(-0.0829284500258183,-0.0383620689892868,0.0348613413574491));
#2554=CARTESIAN_POINT('',(-0.0779284500258183,-0.0383620689892868,0.0348613413574491));
#2555=CARTESIAN_POINT('',(-0.0779284500258183,-0.0350711724549051,0.0291613413574476));
#2556=CARTESIAN_POINT('',(-0.0829284500258183,-0.0350711724549051,0.0291613413574476));
#2557=CARTESIAN_POINT('',(-0.0829284500258183,-0.0383620689892868,0.0234613413574461));
#2558=CARTESIAN_POINT('',(-0.0779284500258183,-0.0383620689892868,0.0234613413574461));
#2559=CARTESIAN_POINT('',(-0.0779284500258183,-0.0416529655236686,0.0177613413574445));
#2560=CARTESIAN_POINT('',(-0.0829284500258183,-0.0416529655236686,0.0177613413574445));
#2561=CARTESIAN_POINT('',(-0.0829284500258183,-0.048234758592432,0.0177613413574445));
#2562=CARTESIAN_POINT('',(-0.0779284500258183,-0.048234758592432,0.0177613413574445));
#2563=CARTESIAN_POINT('',(-0.0779284500258183,-0.0548165516611955,0.0177613413574446));
#2564=CARTESIAN_POINT('',(-0.0829284500258183,-0.0548165516611955,0.0177613413574446));
#2565=CARTESIAN_POINT('',(-0.0829284500258183,-0.048234758592432,0.0177613413574445));
#2566=CARTESIAN_POINT('',(-0.0829284500258183,-0.048234758592432,0.0291613413574476));
#2567=CARTESIAN_POINT('',(-0.0779284500258183,-0.048234758592432,0.0291613413574476));
#2568=CARTESIAN_POINT('',(-0.0779284500258183,-0.0482348595325216,0.0307613413542635));
#2569=CARTESIAN_POINT('',(-0.0829284500258183,-0.0581074481955772,0.0234613413574461));
#2570=CARTESIAN_POINT('',(-0.0779284500258183,-0.0581074481955772,0.0234613413574461));
#2571=CARTESIAN_POINT('',(-0.0779284500258183,-0.048234758592432,0.0291613413574476));
#2572=CARTESIAN_POINT('',(-0.0779284500258183,-0.0412347567332621,0.0291617829704577));
#2573=CARTESIAN_POINT('',(-0.0779284500258183,-0.0396347567332622,0.0291617829704577));
#2574=CARTESIAN_POINT('',(-0.0779284500258183,-0.0482352002054422,0.0361613432166175));
#2575=CARTESIAN_POINT('',(-0.0779284500258183,-0.0466352002054422,0.0361613432166175));
#2576=CARTESIAN_POINT('',(-0.0779284500258183,-0.0552347604516018,0.0291608997444374));
#2577=CARTESIAN_POINT('',(-0.0779284500258183,-0.0536347604516018,0.0291608997444374));
#2578=CARTESIAN_POINT('',(-0.0779284500258183,-0.0482343169794219,0.0221613394982777));
#2579=CARTESIAN_POINT('',(-0.0779284500258183,-0.0466343169794219,0.0221613394982777));
#2580=CARTESIAN_POINT('',(-0.0829284500258183,-0.0482343169794219,0.0221613394982777));
#2581=CARTESIAN_POINT('',(-0.0799284500258183,-0.0482343169794219,0.0221613394982777));
#2582=CARTESIAN_POINT('',(-0.0799284500258183,-0.0498343169794219,0.0221613394982777));
#2583=CARTESIAN_POINT('',(-0.0799284500258183,-0.0482343169794219,0.0193613394982777));
#2584=CARTESIAN_POINT('',(-0.0829284500258183,-0.0552347604516018,0.0291608997444374));
#2585=CARTESIAN_POINT('',(-0.0799284500258183,-0.0552347604516018,0.0291608997444374));
#2586=CARTESIAN_POINT('',(-0.0799284500258183,-0.0568347604516018,0.0291608997444374));
#2587=CARTESIAN_POINT('',(-0.0799284500258183,-0.0552347604516018,0.0263608997444374));
#2588=CARTESIAN_POINT('',(-0.0829284500258183,-0.0482352002054422,0.0361613432166175));
#2589=CARTESIAN_POINT('',(-0.0799284500258183,-0.0482352002054422,0.0361613432166175));
#2590=CARTESIAN_POINT('',(-0.0799284500258183,-0.0498352002054422,0.0361613432166175));
#2591=CARTESIAN_POINT('',(-0.0799284500258183,-0.0482352002054422,0.0333613432166174));
#2592=CARTESIAN_POINT('',(-0.0829284500258183,-0.0412347567332621,0.0291617829704577));
#2593=CARTESIAN_POINT('',(-0.0799284500258183,-0.0412347567332621,0.0291617829704577));
#2594=CARTESIAN_POINT('',(-0.0799284500258183,-0.0428347567332621,0.0291617829704577));
#2595=CARTESIAN_POINT('',(-0.0799284500258183,-0.0412347567332621,0.0263617829704577));
#2596=CARTESIAN_POINT('',(-0.0979284500258183,-0.0482347585924321,0.00276134135744457));
#2597=CARTESIAN_POINT('',(-0.0849284500258183,-0.0482347585924321,0.00276134135744457));
#2598=CARTESIAN_POINT('',(-0.0849284500258183,-0.0341474120242035,0.00276134135744454));
#2599=CARTESIAN_POINT('',(-0.0849284500258183,-0.0623221051606607,0.0027613413574446));
#2600=CARTESIAN_POINT('',(-0.0979284500258183,-0.0623221051606607,0.0027613413574446));
#2601=CARTESIAN_POINT('',(-0.0959284500258183,-0.0623221051606607,0.0027613413574446));
#2602=CARTESIAN_POINT('',(-0.0959284500258183,-0.0329927114858242,0.00276134135744454));
#2603=CARTESIAN_POINT('',(-0.0959284500258183,-0.0341474120242035,0.00276134135744454));
#2604=CARTESIAN_POINT('',(-0.0979284500258183,-0.0341474120242035,0.00276134135744454));
#2605=CARTESIAN_POINT('',(-0.0979284500258183,-0.0710978292523438,0.0159613413574461));
#2606=CARTESIAN_POINT('',(-0.0849284500258183,-0.0710978292523438,0.0159613413574461));
#2607=CARTESIAN_POINT('',(-0.0849284500258183,-0.0640541559682295,0.0037613413574446));
#2608=CARTESIAN_POINT('',(-0.0849284500258183,-0.0781415025364581,0.0281613413574476));
#2609=CARTESIAN_POINT('',(-0.0979284500258183,-0.0781415025364581,0.0281613413574476));
#2610=CARTESIAN_POINT('',(-0.0959284500258183,-0.0781415025364581,0.0281613413574476));
#2611=CARTESIAN_POINT('',(-0.0959284500258183,-0.0634768056990399,0.0027613413574446));
#2612=CARTESIAN_POINT('',(-0.0959284500258183,-0.0640541559682295,0.0037613413574446));
#2613=CARTESIAN_POINT('',(-0.0979284500258183,-0.0640541559682295,0.0037613413574446));
#2614=CARTESIAN_POINT('',(-0.0979284500258183,-0.0710978292523438,0.0423613413574491));
#2615=CARTESIAN_POINT('',(-0.0849284500258183,-0.0710978292523438,0.0423613413574491));
#2616=CARTESIAN_POINT('',(-0.0849284500258183,-0.0781415025364581,0.0301613413574476));
#2617=CARTESIAN_POINT('',(-0.0849284500258183,-0.0640541559682295,0.0545613413574506));
#2618=CARTESIAN_POINT('',(-0.0979284500258183,-0.0640541559682295,0.0545613413574506));
#2619=CARTESIAN_POINT('',(-0.0959284500258183,-0.0640541559682295,0.0545613413574506));
#2620=CARTESIAN_POINT('',(-0.0959284500258183,-0.0787188528056477,0.0291613413574476));
#2621=CARTESIAN_POINT('',(-0.0959284500258183,-0.0781415025364581,0.0301613413574476));
#2622=CARTESIAN_POINT('',(-0.0979284500258183,-0.0781415025364581,0.0301613413574476));
#2623=CARTESIAN_POINT('',(-0.0979284500258183,-0.048234758592432,0.0555613413574506));
#2624=CARTESIAN_POINT('',(-0.0849284500258183,-0.048234758592432,0.0555613413574506));
#2625=CARTESIAN_POINT('',(-0.0849284500258183,-0.0623221051606606,0.0555613413574506));
#2626=CARTESIAN_POINT('',(-0.0849284500258183,-0.0341474120242034,0.0555613413574506));
#2627=CARTESIAN_POINT('',(-0.0979284500258183,-0.0341474120242034,0.0555613413574506));
#2628=CARTESIAN_POINT('',(-0.0959284500258183,-0.0341474120242034,0.0555613413574506));
#2629=CARTESIAN_POINT('',(-0.0959284500258183,-0.0634768056990398,0.0555613413574506));
#2630=CARTESIAN_POINT('',(-0.0959284500258183,-0.0623221051606606,0.0555613413574506));
#2631=CARTESIAN_POINT('',(-0.0979284500258183,-0.0623221051606606,0.0555613413574506));
#2632=CARTESIAN_POINT('',(-0.0979284500258183,-0.0253716879325202,0.0423613413574491));
#2633=CARTESIAN_POINT('',(-0.0849284500258183,-0.0253716879325202,0.0423613413574491));
#2634=CARTESIAN_POINT('',(-0.0849284500258183,-0.0324153612166345,0.0545613413574505));
#2635=CARTESIAN_POINT('',(-0.0849284500258183,-0.018328014648406,0.0301613413574475));
#2636=CARTESIAN_POINT('',(-0.0979284500258183,-0.018328014648406,0.0301613413574475));
#2637=CARTESIAN_POINT('',(-0.0959284500258183,-0.018328014648406,0.0301613413574475));
#2638=CARTESIAN_POINT('',(-0.0959284500258183,-0.0329927114858242,0.0555613413574506));
#2639=CARTESIAN_POINT('',(-0.0959284500258183,-0.0324153612166345,0.0545613413574505));
#2640=CARTESIAN_POINT('',(-0.0979284500258183,-0.0324153612166345,0.0545613413574505));
#2641=CARTESIAN_POINT('',(-0.0979284500258183,-0.0253716879325202,0.0159613413574461));
#2642=CARTESIAN_POINT('',(-0.0959284500258183,-0.0177506643792163,0.0291613413574476));
#2643=CARTESIAN_POINT('',(-0.0959284500258183,-0.0324153612166345,0.00376134135744453));
#2644=CARTESIAN_POINT('',(-0.0959284500258183,-0.018328014648406,0.0281613413574476));
#2645=CARTESIAN_POINT('',(-0.0979284500258183,-0.018328014648406,0.0281613413574476));
#2646=CARTESIAN_POINT('',(-0.0849284500258183,-0.018328014648406,0.0281613413574476));
#2647=CARTESIAN_POINT('',(-0.0849284500258183,-0.0253716879325202,0.0159613413574461));
#2648=CARTESIAN_POINT('',(-0.0849284500258183,-0.0324153612166345,0.00376134135744453));
#2649=CARTESIAN_POINT('',(-0.0979284500258183,-0.0324153612166345,0.00376134135744453));
#2650=CARTESIAN_POINT('',(-0.0829284500258183,-0.0412347567332621,0.0246617829704577));
#2651=CARTESIAN_POINT('',(-0.0829284500258183,-0.0412347567332621,0.0291617829704577));
#2652=CARTESIAN_POINT('',(-0.0829284500258183,-0.0457347567332621,0.0291617829704577));
#2653=CARTESIAN_POINT('',(-0.0979284500258183,-0.0412347567332621,0.0291617829704577));
#2654=CARTESIAN_POINT('',(-0.0829284500258183,-0.0482343169794219,0.0176613394982777));
#2655=CARTESIAN_POINT('',(-0.0829284500258183,-0.0482343169794219,0.0221613394982777));
#2656=CARTESIAN_POINT('',(-0.0979284500258183,-0.0482343169794219,0.0221613394982777));
#2657=CARTESIAN_POINT('',(-0.0829284500258183,-0.0482352002054422,0.0316613432166174));
#2658=CARTESIAN_POINT('',(-0.0829284500258183,-0.0482352002054422,0.0361613432166175));
#2659=CARTESIAN_POINT('',(-0.0979284500258183,-0.0482352002054422,0.0361613432166175));
#2660=CARTESIAN_POINT('',(-0.0829284500258183,-0.0552347604516018,0.0246608997444374));
#2661=CARTESIAN_POINT('',(-0.0829284500258183,-0.0552347604516018,0.0291608997444374));
#2662=CARTESIAN_POINT('',(-0.0829284500258183,-0.0597347604516018,0.0291608997444374));
#2663=CARTESIAN_POINT('',(-0.0979284500258183,-0.0552347604516018,0.0291608997444374));
#2664=CARTESIAN_POINT('',(-0.0849284500258183,-0.048234758592432,0.0535613413574506));
#2665=CARTESIAN_POINT('',(-0.0849284500258183,-0.0341474120242034,0.0535613413574506));
#2666=CARTESIAN_POINT('',(-0.0849284500258183,-0.0623221051606606,0.0535613413574506));
#2667=CARTESIAN_POINT('',(-0.0849284500258183,-0.0271037387400891,0.0413613413574491));
#2668=CARTESIAN_POINT('',(-0.0849284500258183,-0.0200600654559749,0.0291613413574476));
#2669=CARTESIAN_POINT('',(-0.0849284500258183,-0.0341474120242034,0.0535613413574506));
#2670=CARTESIAN_POINT('',(-0.0849284500258183,-0.0693657784447749,0.0413613413574491));
#2671=CARTESIAN_POINT('',(-0.0849284500258183,-0.0623221051606606,0.0535613413574506));
#2672=CARTESIAN_POINT('',(-0.0849284500258183,-0.0764094517288892,0.0291613413574476));
#2673=CARTESIAN_POINT('',(-0.0849284500258183,-0.0271037387400892,0.016961341357446));
#2674=CARTESIAN_POINT('',(-0.0849284500258183,-0.0200600654559749,0.0291613413574476));
#2675=CARTESIAN_POINT('',(-0.0849284500258183,-0.0341474120242035,0.00476134135744454));
#2676=CARTESIAN_POINT('',(-0.0849284500258183,-0.0693657784447749,0.0169613413574461));
#2677=CARTESIAN_POINT('',(-0.0849284500258183,-0.0764094517288892,0.0291613413574476));
#2678=CARTESIAN_POINT('',(-0.0849284500258183,-0.0623221051606607,0.0047613413574446));
#2679=CARTESIAN_POINT('',(-0.0849284500258183,-0.048234758592432,0.00476134135744457));
#2680=CARTESIAN_POINT('',(-0.0849284500258183,-0.0623221051606607,0.0047613413574446));
#2681=CARTESIAN_POINT('',(-0.0849284500258183,-0.0341474120242035,0.00476134135744454));
#2682=CARTESIAN_POINT('',(-0.0959284500258183,-0.0693657784447749,0.0169613413574461));
#2683=CARTESIAN_POINT('',(-0.0959284500258183,-0.0764094517288892,0.0291613413574476));
#2684=CARTESIAN_POINT('',(-0.0959284500258183,-0.0623221051606607,0.0047613413574446));
#2685=CARTESIAN_POINT('',(-0.0959284500258183,-0.0693657784447749,0.0413613413574491));
#2686=CARTESIAN_POINT('',(-0.0959284500258183,-0.0623221051606606,0.0535613413574506));
#2687=CARTESIAN_POINT('',(-0.0959284500258183,-0.0764094517288892,0.0291613413574476));
#2688=CARTESIAN_POINT('',(-0.0959284500258183,-0.0482347585924321,0.00476134135744457));
#2689=CARTESIAN_POINT('',(-0.0959284500258183,-0.0623221051606607,0.0047613413574446));
#2690=CARTESIAN_POINT('',(-0.0959284500258183,-0.0341474120242035,0.00476134135744454));
#2691=CARTESIAN_POINT('',(-0.0959284500258183,-0.048234758592432,0.0535613413574506));
#2692=CARTESIAN_POINT('',(-0.0959284500258183,-0.0341474120242034,0.0535613413574506));
#2693=CARTESIAN_POINT('',(-0.0959284500258183,-0.0623221051606606,0.0535613413574506));
#2694=CARTESIAN_POINT('',(-0.0959284500258183,-0.0271037387400891,0.016961341357446));
#2695=CARTESIAN_POINT('',(-0.0959284500258183,-0.0200600654559748,0.0291613413574476));
#2696=CARTESIAN_POINT('',(-0.0959284500258183,-0.0341474120242035,0.00476134135744454));
#2697=CARTESIAN_POINT('',(-0.0959284500258183,-0.0271037387400891,0.0413613413574491));
#2698=CARTESIAN_POINT('',(-0.0959284500258183,-0.0200600654559749,0.0291613413574476));
#2699=CARTESIAN_POINT('',(-0.0959284500258183,-0.0341474120242034,0.0535613413574506));
#2700=CARTESIAN_POINT('',(-0.0849284500258183,-0.0200600654559749,0.0291613413574476));
#2701=CARTESIAN_POINT('',(-0.0849284500258183,-0.0200600654559749,0.0291613413574476));
#2702=CARTESIAN_POINT('',(-0.0979284500258183,-0.0200600654559749,0.0291613413574476));
#2703=CARTESIAN_POINT('',(-0.0959284500258183,-0.0200600654559749,0.0291613413574476));
#2704=CARTESIAN_POINT('',(-0.0959284500258183,-0.0200600654559749,0.0291613413574476));
#2705=CARTESIAN_POINT('',(-0.0849284500258183,-0.0341474120242034,0.0535613413574506));
#2706=CARTESIAN_POINT('',(-0.0849284500258183,-0.0341474120242034,0.0535613413574506));
#2707=CARTESIAN_POINT('',(-0.0979284500258183,-0.0341474120242034,0.0535613413574506));
#2708=CARTESIAN_POINT('',(-0.0959284500258183,-0.0341474120242034,0.0535613413574506));
#2709=CARTESIAN_POINT('',(-0.0959284500258183,-0.0341474120242034,0.0535613413574506));
#2710=CARTESIAN_POINT('',(-0.0849284500258183,-0.0623221051606606,0.0535613413574506));
#2711=CARTESIAN_POINT('',(-0.0849284500258183,-0.0623221051606606,0.0535613413574506));
#2712=CARTESIAN_POINT('',(-0.0979284500258183,-0.0623221051606606,0.0535613413574506));
#2713=CARTESIAN_POINT('',(-0.0959284500258183,-0.0623221051606606,0.0535613413574506));
#2714=CARTESIAN_POINT('',(-0.0959284500258183,-0.0623221051606606,0.0535613413574506));
#2715=CARTESIAN_POINT('',(-0.0849284500258183,-0.0764094517288892,0.0291613413574476));
#2716=CARTESIAN_POINT('',(-0.0849284500258183,-0.0764094517288892,0.0291613413574476));
#2717=CARTESIAN_POINT('',(-0.0979284500258183,-0.0764094517288892,0.0291613413574476));
#2718=CARTESIAN_POINT('',(-0.0959284500258183,-0.0764094517288892,0.0291613413574476));
#2719=CARTESIAN_POINT('',(-0.0959284500258183,-0.0764094517288892,0.0291613413574476));
#2720=CARTESIAN_POINT('',(-0.0849284500258183,-0.0623221051606607,0.0047613413574446));
#2721=CARTESIAN_POINT('',(-0.0849284500258183,-0.0623221051606607,0.0047613413574446));
#2722=CARTESIAN_POINT('',(-0.0979284500258183,-0.0623221051606607,0.0047613413574446));
#2723=CARTESIAN_POINT('',(-0.0959284500258183,-0.0623221051606607,0.0047613413574446));
#2724=CARTESIAN_POINT('',(-0.0959284500258183,-0.0623221051606607,0.0047613413574446));
#2725=CARTESIAN_POINT('',(-0.0849284500258183,-0.0341474120242035,0.00476134135744454));
#2726=CARTESIAN_POINT('',(-0.0849284500258183,-0.0341474120242035,0.00476134135744454));
#2727=CARTESIAN_POINT('',(-0.0979284500258183,-0.0341474120242035,0.00476134135744454));
#2728=CARTESIAN_POINT('',(-0.0959284500258183,-0.0341474120242035,0.00476134135744454));
#2729=CARTESIAN_POINT('',(-0.0959284500258183,-0.0341474120242035,0.00476134135744454));
#2730=CARTESIAN_POINT('',(-0.0729284500258183,-0.0679174055443655,0.0398699968092642));
#2731=CARTESIAN_POINT('',(-0.0829264500258183,-0.0679174055443655,0.0398699968092642));
#2732=CARTESIAN_POINT('',(-0.0729284500258183,-0.0617347604366002,0.0398699968092642));
#2733=CARTESIAN_POINT('',(-0.0829264500258183,-0.0617347604366002,0.0274292905498787));
#2734=CARTESIAN_POINT('',(-0.0729284500258183,-0.0617347604366002,0.00774403045381442));
#2735=CARTESIAN_POINT('',(-0.0729284500258183,-0.0679174055443655,0.018452685905631));
#2736=CARTESIAN_POINT('',(-0.0829264500258183,-0.0679174055443655,0.018452685905631));
#2737=CARTESIAN_POINT('',(-0.0729284500258183,-0.0539847595145161,0.0493363418184919));
#2738=CARTESIAN_POINT('',(-0.0729284500258183,-0.0597347604366002,0.0471113422795332));
#2739=CARTESIAN_POINT('',(-0.0729284500258183,-0.048234758592432,0.0515613413574506));
#2740=CARTESIAN_POINT('',(-0.0729284500258183,-0.0424847576703479,0.0493363418184918));
#2741=CARTESIAN_POINT('',(-0.0729284500258183,-0.0367347567482638,0.0471113422795331));
#2742=CARTESIAN_POINT('',(-0.0729284500258183,-0.0424847576703479,0.0448863427405744));
#2743=CARTESIAN_POINT('',(-0.0729284500258183,-0.048234758592432,0.0426613432016157));
#2744=CARTESIAN_POINT('',(-0.0729284500258183,-0.0539847595145161,0.0448863427405744));
#2745=CARTESIAN_POINT('',(-0.0729284500258183,-0.0424847576703479,0.0134363399743207));
#2746=CARTESIAN_POINT('',(-0.0729284500258183,-0.048234758592432,0.0156613395132794));
#2747=CARTESIAN_POINT('',(-0.0729284500258183,-0.0367347567482639,0.011211340435362));
#2748=CARTESIAN_POINT('',(-0.0729284500258183,-0.0424847576703479,0.00898634089640328));
#2749=CARTESIAN_POINT('',(-0.0729284500258183,-0.048234758592432,0.00676134135744458));
#2750=CARTESIAN_POINT('',(-0.0729284500258183,-0.0539847595145161,0.00898634089640329));
#2751=CARTESIAN_POINT('',(-0.0729284500258183,-0.0597347604366002,0.011211340435362));
#2752=CARTESIAN_POINT('',(-0.0729284500258183,-0.0539847595145161,0.0134363399743207));
#2753=CARTESIAN_POINT('',(-0.0729284500258183,-0.0285521116404985,0.0398699968092642));
#2754=CARTESIAN_POINT('',(-0.0829264500258183,-0.0285521116404985,0.0398699968092642));
#2755=CARTESIAN_POINT('',(-0.0729284500258183,-0.0347347567482638,0.0505786522610807));
#2756=CARTESIAN_POINT('',(-0.0729284500258183,-0.0285521116404986,0.018452685905631));
#2757=CARTESIAN_POINT('',(-0.0829264500258183,-0.0285521116404986,0.018452685905631));
#2758=CARTESIAN_POINT('',(-0.0729284500258183,-0.0347347567482639,0.018452685905631));
#2759=CARTESIAN_POINT('',(-0.0829264500258183,-0.0347347567482639,0.0308933921650165));
#2760=CARTESIAN_POINT('',(-0.0829264500258183,-0.0299113833868123,0.0248070136315393));
#2761=CARTESIAN_POINT('',(-0.0829264500258183,-0.0324253556715053,0.0291613413574476));
#2762=CARTESIAN_POINT('',(-0.0829264500258183,-0.0299113833868123,0.0335156690833558));
#2763=CARTESIAN_POINT('',(-0.0829264500258183,-0.0311434341943812,0.0353816944871403));
#2764=CARTESIAN_POINT('',(-0.0829264500258183,-0.0337347567482639,0.0308933921650165));
#2765=CARTESIAN_POINT('',(-0.0829264500258183,-0.0342347567482639,0.0308933921650165));
#2766=CARTESIAN_POINT('',(-0.0829264500258183,-0.0342347567482639,0.0274292905498786));
#2767=CARTESIAN_POINT('',(-0.0829264500258183,-0.0337347567482639,0.0274292905498786));
#2768=CARTESIAN_POINT('',(-0.0829264500258183,-0.0311434341943812,0.0229409882277548));
#2769=CARTESIAN_POINT('',(-0.0829264500258183,-0.0665581337980517,0.0335156690833559));
#2770=CARTESIAN_POINT('',(-0.0829264500258183,-0.0640441615133587,0.0291613413574476));
#2771=CARTESIAN_POINT('',(-0.0829264500258183,-0.0665581337980518,0.0248070136315393));
#2772=CARTESIAN_POINT('',(-0.0829264500258183,-0.0653260829904828,0.0229409882277549));
#2773=CARTESIAN_POINT('',(-0.0829264500258183,-0.0627347604366002,0.0274292905498787));
#2774=CARTESIAN_POINT('',(-0.0829264500258183,-0.0622347604366002,0.0274292905498787));
#2775=CARTESIAN_POINT('',(-0.0829264500258183,-0.0622347604366002,0.0308933921650165));
#2776=CARTESIAN_POINT('',(-0.0829264500258183,-0.0627347604366002,0.0308933921650165));
#2777=CARTESIAN_POINT('',(-0.0829264500258183,-0.0653260829904828,0.0353816944871403));
#2778=MECHANICAL_DESIGN_GEOMETRIC_PRESENTATION_REPRESENTATION('',(#1667),
#2779);
#2779=(
GEOMETRIC_REPRESENTATION_CONTEXT(3)
GLOBAL_UNCERTAINTY_ASSIGNED_CONTEXT((#2780))
GLOBAL_UNIT_ASSIGNED_CONTEXT((#2783,#2782,#2781))
REPRESENTATION_CONTEXT('Wheel','TOP_LEVEL_ASSEMBLY_PART')
);
#2780=UNCERTAINTY_MEASURE_WITH_UNIT(LENGTH_MEASURE(1.E-8),#2783,
'DISTANCE_ACCURACY_VALUE','Maximum Tolerance applied to model');
#2781=(
NAMED_UNIT(*)
SI_UNIT($,.STERADIAN.)
SOLID_ANGLE_UNIT()
);
#2782=(
NAMED_UNIT(*)
PLANE_ANGLE_UNIT()
SI_UNIT($,.RADIAN.)
);
#2783=(
LENGTH_UNIT()
NAMED_UNIT(*)
SI_UNIT($,.METRE.)
);
#2784=PRODUCT_DEFINITION_SHAPE('','',#2785);
#2785=PRODUCT_DEFINITION('','',#2787,#2786);
#2786=PRODUCT_DEFINITION_CONTEXT('',#2793,'design');
#2787=PRODUCT_DEFINITION_FORMATION_WITH_SPECIFIED_SOURCE('','',#2789,
 .NOT_KNOWN.);
#2788=PRODUCT_RELATED_PRODUCT_CATEGORY('','',(#2789));
#2789=PRODUCT('Wheel','Wheel','Wheel',(#2791));
#2790=PRODUCT_CATEGORY('','');
#2791=PRODUCT_CONTEXT('',#2793,'mechanical');
#2792=APPLICATION_PROTOCOL_DEFINITION('international standard',
'ap242_managed_model_based_3d_engineering',2020,#2793);
#2793=APPLICATION_CONTEXT('managed model based 3d engineering');
ENDSEC;
END-ISO-10303-21;
