ISO-10303-21;
HEADER;
/* Generated by software containing ST-Developer
 * from STEP Tools, Inc. (www.steptools.com) 
 */
/* OPTION: using custom renumber hook */

FILE_DESCRIPTION(
/* description */ ('STEP AP242 Edition 2',
'CAx-IF Rec.Pracs.---Representation and Presentation of Product Manufa
cturing Information (PMI)---4.0---2014-10-13',
'CAx-IF Rec.Pracs.---3D Tessellated Geometry---0.4---2014-09-14','2;1',
'CAx-IF Rec.Pracs.---User Defined Attributes---1.5---2016-08-15'),
/* implementation_level */ '2;1');

FILE_NAME(
/* name */ 'Hexarm - Follower - Bottom Rack',
/* time_stamp */ '2026-08-09T23:35:34Z',
/* author */ (''),
/* organization */ (''),
/* preprocessor_version */ 'ST-DEVELOPER v20',
/* originating_system */ 'ONSHAPE BY PTC INC, 1.219',
/* authorisation */ '  ');

FILE_SCHEMA (('AP242_MANAGED_MODEL_BASED_3D_ENGINEERING_MIM_LF { 1 0 10303 442 3 1 4 }'));
ENDSEC;

DATA;
#10=SHAPE_REPRESENTATION_RELATIONSHIP('','',#2166,#11);
#11=ADVANCED_BREP_SHAPE_REPRESENTATION('',(#2164),#3429);
#12=CYLINDRICAL_SURFACE('',#2269,0.0022);
#13=CYLINDRICAL_SURFACE('',#2272,0.0022);
#14=CIRCLE('',#2265,0.0022);
#15=CIRCLE('',#2266,0.0022);
#16=CIRCLE('',#2270,0.0022);
#17=CIRCLE('',#2273,0.0022);
#18=B_SPLINE_SURFACE_WITH_KNOTS('',3,1,((#3355,#3356),(#3357,#3358),(#3359,
#3360),(#3361,#3362)),.RULED_SURF.,.F.,.F.,.F.,(4,4),(2,2),(0.,1.),(0.,
1.),.PIECEWISE_BEZIER_KNOTS.);
#19=B_SPLINE_SURFACE_WITH_KNOTS('',3,1,((#3364,#3365),(#3366,#3367),(#3368,
#3369),(#3370,#3371)),.RULED_SURF.,.F.,.F.,.F.,(4,4),(2,2),(0.,1.),(0.,
1.),.PIECEWISE_BEZIER_KNOTS.);
#20=B_SPLINE_SURFACE_WITH_KNOTS('',3,1,((#3404,#3405),(#3406,#3407),(#3408,
#3409),(#3410,#3411)),.RULED_SURF.,.F.,.F.,.F.,(4,4),(2,2),(0.,1.),(0.,
1.),.PIECEWISE_BEZIER_KNOTS.);
#21=B_SPLINE_SURFACE_WITH_KNOTS('',3,1,((#3412,#3413),(#3414,#3415),(#3416,
#3417),(#3418,#3419)),.RULED_SURF.,.F.,.F.,.F.,(4,4),(2,2),(0.,1.),(0.,
1.),.PIECEWISE_BEZIER_KNOTS.);
#22=ORIENTED_EDGE('',*,*,#626,.F.);
#23=ORIENTED_EDGE('',*,*,#627,.T.);
#24=ORIENTED_EDGE('',*,*,#628,.T.);
#25=ORIENTED_EDGE('',*,*,#629,.F.);
#26=ORIENTED_EDGE('',*,*,#630,.F.);
#27=ORIENTED_EDGE('',*,*,#631,.T.);
#28=ORIENTED_EDGE('',*,*,#632,.T.);
#29=ORIENTED_EDGE('',*,*,#630,.T.);
#30=ORIENTED_EDGE('',*,*,#633,.T.);
#31=ORIENTED_EDGE('',*,*,#634,.F.);
#32=ORIENTED_EDGE('',*,*,#635,.T.);
#33=ORIENTED_EDGE('',*,*,#636,.F.);
#34=ORIENTED_EDGE('',*,*,#637,.F.);
#35=ORIENTED_EDGE('',*,*,#634,.T.);
#36=ORIENTED_EDGE('',*,*,#638,.T.);
#37=ORIENTED_EDGE('',*,*,#639,.F.);
#38=ORIENTED_EDGE('',*,*,#640,.T.);
#39=ORIENTED_EDGE('',*,*,#641,.T.);
#40=ORIENTED_EDGE('',*,*,#642,.F.);
#41=ORIENTED_EDGE('',*,*,#641,.F.);
#42=ORIENTED_EDGE('',*,*,#643,.T.);
#43=ORIENTED_EDGE('',*,*,#644,.T.);
#44=ORIENTED_EDGE('',*,*,#645,.F.);
#45=ORIENTED_EDGE('',*,*,#646,.F.);
#46=ORIENTED_EDGE('',*,*,#647,.T.);
#47=ORIENTED_EDGE('',*,*,#648,.T.);
#48=ORIENTED_EDGE('',*,*,#644,.F.);
#49=ORIENTED_EDGE('',*,*,#647,.F.);
#50=ORIENTED_EDGE('',*,*,#649,.T.);
#51=ORIENTED_EDGE('',*,*,#650,.T.);
#52=ORIENTED_EDGE('',*,*,#651,.F.);
#53=ORIENTED_EDGE('',*,*,#652,.F.);
#54=ORIENTED_EDGE('',*,*,#653,.F.);
#55=ORIENTED_EDGE('',*,*,#654,.F.);
#56=ORIENTED_EDGE('',*,*,#655,.T.);
#57=ORIENTED_EDGE('',*,*,#656,.T.);
#58=ORIENTED_EDGE('',*,*,#657,.T.);
#59=ORIENTED_EDGE('',*,*,#658,.F.);
#60=ORIENTED_EDGE('',*,*,#659,.T.);
#61=ORIENTED_EDGE('',*,*,#660,.T.);
#62=ORIENTED_EDGE('',*,*,#661,.T.);
#63=ORIENTED_EDGE('',*,*,#662,.F.);
#64=ORIENTED_EDGE('',*,*,#663,.T.);
#65=ORIENTED_EDGE('',*,*,#664,.T.);
#66=ORIENTED_EDGE('',*,*,#665,.T.);
#67=ORIENTED_EDGE('',*,*,#666,.F.);
#68=ORIENTED_EDGE('',*,*,#667,.T.);
#69=ORIENTED_EDGE('',*,*,#668,.T.);
#70=ORIENTED_EDGE('',*,*,#669,.T.);
#71=ORIENTED_EDGE('',*,*,#670,.F.);
#72=ORIENTED_EDGE('',*,*,#671,.T.);
#73=ORIENTED_EDGE('',*,*,#672,.T.);
#74=ORIENTED_EDGE('',*,*,#673,.T.);
#75=ORIENTED_EDGE('',*,*,#674,.F.);
#76=ORIENTED_EDGE('',*,*,#675,.T.);
#77=ORIENTED_EDGE('',*,*,#676,.T.);
#78=ORIENTED_EDGE('',*,*,#677,.T.);
#79=ORIENTED_EDGE('',*,*,#678,.F.);
#80=ORIENTED_EDGE('',*,*,#679,.T.);
#81=ORIENTED_EDGE('',*,*,#680,.T.);
#82=ORIENTED_EDGE('',*,*,#681,.T.);
#83=ORIENTED_EDGE('',*,*,#682,.F.);
#84=ORIENTED_EDGE('',*,*,#683,.T.);
#85=ORIENTED_EDGE('',*,*,#684,.T.);
#86=ORIENTED_EDGE('',*,*,#685,.T.);
#87=ORIENTED_EDGE('',*,*,#686,.F.);
#88=ORIENTED_EDGE('',*,*,#687,.T.);
#89=ORIENTED_EDGE('',*,*,#688,.T.);
#90=ORIENTED_EDGE('',*,*,#689,.T.);
#91=ORIENTED_EDGE('',*,*,#690,.F.);
#92=ORIENTED_EDGE('',*,*,#691,.T.);
#93=ORIENTED_EDGE('',*,*,#642,.T.);
#94=ORIENTED_EDGE('',*,*,#645,.T.);
#95=ORIENTED_EDGE('',*,*,#648,.F.);
#96=ORIENTED_EDGE('',*,*,#651,.T.);
#97=ORIENTED_EDGE('',*,*,#692,.T.);
#98=ORIENTED_EDGE('',*,*,#693,.T.);
#99=ORIENTED_EDGE('',*,*,#694,.F.);
#100=ORIENTED_EDGE('',*,*,#695,.T.);
#101=ORIENTED_EDGE('',*,*,#696,.T.);
#102=ORIENTED_EDGE('',*,*,#697,.T.);
#103=ORIENTED_EDGE('',*,*,#698,.F.);
#104=ORIENTED_EDGE('',*,*,#699,.T.);
#105=ORIENTED_EDGE('',*,*,#700,.T.);
#106=ORIENTED_EDGE('',*,*,#701,.T.);
#107=ORIENTED_EDGE('',*,*,#702,.F.);
#108=ORIENTED_EDGE('',*,*,#703,.T.);
#109=ORIENTED_EDGE('',*,*,#704,.T.);
#110=ORIENTED_EDGE('',*,*,#705,.T.);
#111=ORIENTED_EDGE('',*,*,#706,.F.);
#112=ORIENTED_EDGE('',*,*,#707,.T.);
#113=ORIENTED_EDGE('',*,*,#708,.T.);
#114=ORIENTED_EDGE('',*,*,#709,.T.);
#115=ORIENTED_EDGE('',*,*,#710,.F.);
#116=ORIENTED_EDGE('',*,*,#711,.T.);
#117=ORIENTED_EDGE('',*,*,#712,.T.);
#118=ORIENTED_EDGE('',*,*,#713,.T.);
#119=ORIENTED_EDGE('',*,*,#714,.F.);
#120=ORIENTED_EDGE('',*,*,#715,.T.);
#121=ORIENTED_EDGE('',*,*,#716,.T.);
#122=ORIENTED_EDGE('',*,*,#717,.T.);
#123=ORIENTED_EDGE('',*,*,#718,.F.);
#124=ORIENTED_EDGE('',*,*,#719,.T.);
#125=ORIENTED_EDGE('',*,*,#720,.T.);
#126=ORIENTED_EDGE('',*,*,#721,.T.);
#127=ORIENTED_EDGE('',*,*,#722,.F.);
#128=ORIENTED_EDGE('',*,*,#723,.T.);
#129=ORIENTED_EDGE('',*,*,#724,.T.);
#130=ORIENTED_EDGE('',*,*,#725,.T.);
#131=ORIENTED_EDGE('',*,*,#726,.F.);
#132=ORIENTED_EDGE('',*,*,#727,.T.);
#133=ORIENTED_EDGE('',*,*,#728,.F.);
#134=ORIENTED_EDGE('',*,*,#729,.T.);
#135=ORIENTED_EDGE('',*,*,#730,.T.);
#136=ORIENTED_EDGE('',*,*,#688,.F.);
#137=ORIENTED_EDGE('',*,*,#730,.F.);
#138=ORIENTED_EDGE('',*,*,#731,.T.);
#139=ORIENTED_EDGE('',*,*,#732,.T.);
#140=ORIENTED_EDGE('',*,*,#689,.F.);
#141=ORIENTED_EDGE('',*,*,#733,.F.);
#142=ORIENTED_EDGE('',*,*,#734,.T.);
#143=ORIENTED_EDGE('',*,*,#690,.T.);
#144=ORIENTED_EDGE('',*,*,#732,.F.);
#145=ORIENTED_EDGE('',*,*,#734,.F.);
#146=ORIENTED_EDGE('',*,*,#735,.T.);
#147=ORIENTED_EDGE('',*,*,#639,.T.);
#148=ORIENTED_EDGE('',*,*,#691,.F.);
#149=ORIENTED_EDGE('',*,*,#736,.F.);
#150=ORIENTED_EDGE('',*,*,#737,.T.);
#151=ORIENTED_EDGE('',*,*,#738,.T.);
#152=ORIENTED_EDGE('',*,*,#684,.F.);
#153=ORIENTED_EDGE('',*,*,#738,.F.);
#154=ORIENTED_EDGE('',*,*,#739,.T.);
#155=ORIENTED_EDGE('',*,*,#740,.T.);
#156=ORIENTED_EDGE('',*,*,#685,.F.);
#157=ORIENTED_EDGE('',*,*,#741,.F.);
#158=ORIENTED_EDGE('',*,*,#742,.T.);
#159=ORIENTED_EDGE('',*,*,#686,.T.);
#160=ORIENTED_EDGE('',*,*,#740,.F.);
#161=ORIENTED_EDGE('',*,*,#742,.F.);
#162=ORIENTED_EDGE('',*,*,#743,.T.);
#163=ORIENTED_EDGE('',*,*,#728,.T.);
#164=ORIENTED_EDGE('',*,*,#687,.F.);
#165=ORIENTED_EDGE('',*,*,#744,.F.);
#166=ORIENTED_EDGE('',*,*,#745,.T.);
#167=ORIENTED_EDGE('',*,*,#746,.T.);
#168=ORIENTED_EDGE('',*,*,#680,.F.);
#169=ORIENTED_EDGE('',*,*,#746,.F.);
#170=ORIENTED_EDGE('',*,*,#747,.T.);
#171=ORIENTED_EDGE('',*,*,#748,.T.);
#172=ORIENTED_EDGE('',*,*,#681,.F.);
#173=ORIENTED_EDGE('',*,*,#749,.F.);
#174=ORIENTED_EDGE('',*,*,#750,.T.);
#175=ORIENTED_EDGE('',*,*,#682,.T.);
#176=ORIENTED_EDGE('',*,*,#748,.F.);
#177=ORIENTED_EDGE('',*,*,#750,.F.);
#178=ORIENTED_EDGE('',*,*,#751,.T.);
#179=ORIENTED_EDGE('',*,*,#736,.T.);
#180=ORIENTED_EDGE('',*,*,#683,.F.);
#181=ORIENTED_EDGE('',*,*,#752,.F.);
#182=ORIENTED_EDGE('',*,*,#753,.T.);
#183=ORIENTED_EDGE('',*,*,#754,.T.);
#184=ORIENTED_EDGE('',*,*,#676,.F.);
#185=ORIENTED_EDGE('',*,*,#754,.F.);
#186=ORIENTED_EDGE('',*,*,#755,.T.);
#187=ORIENTED_EDGE('',*,*,#756,.T.);
#188=ORIENTED_EDGE('',*,*,#677,.F.);
#189=ORIENTED_EDGE('',*,*,#757,.F.);
#190=ORIENTED_EDGE('',*,*,#758,.T.);
#191=ORIENTED_EDGE('',*,*,#678,.T.);
#192=ORIENTED_EDGE('',*,*,#756,.F.);
#193=ORIENTED_EDGE('',*,*,#758,.F.);
#194=ORIENTED_EDGE('',*,*,#759,.T.);
#195=ORIENTED_EDGE('',*,*,#744,.T.);
#196=ORIENTED_EDGE('',*,*,#679,.F.);
#197=ORIENTED_EDGE('',*,*,#760,.F.);
#198=ORIENTED_EDGE('',*,*,#761,.T.);
#199=ORIENTED_EDGE('',*,*,#762,.T.);
#200=ORIENTED_EDGE('',*,*,#672,.F.);
#201=ORIENTED_EDGE('',*,*,#762,.F.);
#202=ORIENTED_EDGE('',*,*,#763,.T.);
#203=ORIENTED_EDGE('',*,*,#764,.T.);
#204=ORIENTED_EDGE('',*,*,#673,.F.);
#205=ORIENTED_EDGE('',*,*,#765,.F.);
#206=ORIENTED_EDGE('',*,*,#766,.T.);
#207=ORIENTED_EDGE('',*,*,#674,.T.);
#208=ORIENTED_EDGE('',*,*,#764,.F.);
#209=ORIENTED_EDGE('',*,*,#766,.F.);
#210=ORIENTED_EDGE('',*,*,#767,.T.);
#211=ORIENTED_EDGE('',*,*,#752,.T.);
#212=ORIENTED_EDGE('',*,*,#675,.F.);
#213=ORIENTED_EDGE('',*,*,#768,.F.);
#214=ORIENTED_EDGE('',*,*,#769,.T.);
#215=ORIENTED_EDGE('',*,*,#770,.T.);
#216=ORIENTED_EDGE('',*,*,#668,.F.);
#217=ORIENTED_EDGE('',*,*,#770,.F.);
#218=ORIENTED_EDGE('',*,*,#771,.T.);
#219=ORIENTED_EDGE('',*,*,#772,.T.);
#220=ORIENTED_EDGE('',*,*,#669,.F.);
#221=ORIENTED_EDGE('',*,*,#773,.F.);
#222=ORIENTED_EDGE('',*,*,#774,.T.);
#223=ORIENTED_EDGE('',*,*,#670,.T.);
#224=ORIENTED_EDGE('',*,*,#772,.F.);
#225=ORIENTED_EDGE('',*,*,#774,.F.);
#226=ORIENTED_EDGE('',*,*,#775,.T.);
#227=ORIENTED_EDGE('',*,*,#760,.T.);
#228=ORIENTED_EDGE('',*,*,#671,.F.);
#229=ORIENTED_EDGE('',*,*,#776,.F.);
#230=ORIENTED_EDGE('',*,*,#777,.T.);
#231=ORIENTED_EDGE('',*,*,#778,.T.);
#232=ORIENTED_EDGE('',*,*,#664,.F.);
#233=ORIENTED_EDGE('',*,*,#778,.F.);
#234=ORIENTED_EDGE('',*,*,#779,.T.);
#235=ORIENTED_EDGE('',*,*,#780,.T.);
#236=ORIENTED_EDGE('',*,*,#665,.F.);
#237=ORIENTED_EDGE('',*,*,#781,.F.);
#238=ORIENTED_EDGE('',*,*,#782,.T.);
#239=ORIENTED_EDGE('',*,*,#666,.T.);
#240=ORIENTED_EDGE('',*,*,#780,.F.);
#241=ORIENTED_EDGE('',*,*,#782,.F.);
#242=ORIENTED_EDGE('',*,*,#783,.T.);
#243=ORIENTED_EDGE('',*,*,#768,.T.);
#244=ORIENTED_EDGE('',*,*,#667,.F.);
#245=ORIENTED_EDGE('',*,*,#784,.F.);
#246=ORIENTED_EDGE('',*,*,#785,.T.);
#247=ORIENTED_EDGE('',*,*,#786,.T.);
#248=ORIENTED_EDGE('',*,*,#660,.F.);
#249=ORIENTED_EDGE('',*,*,#786,.F.);
#250=ORIENTED_EDGE('',*,*,#787,.T.);
#251=ORIENTED_EDGE('',*,*,#788,.T.);
#252=ORIENTED_EDGE('',*,*,#661,.F.);
#253=ORIENTED_EDGE('',*,*,#789,.F.);
#254=ORIENTED_EDGE('',*,*,#790,.T.);
#255=ORIENTED_EDGE('',*,*,#662,.T.);
#256=ORIENTED_EDGE('',*,*,#788,.F.);
#257=ORIENTED_EDGE('',*,*,#790,.F.);
#258=ORIENTED_EDGE('',*,*,#791,.T.);
#259=ORIENTED_EDGE('',*,*,#776,.T.);
#260=ORIENTED_EDGE('',*,*,#663,.F.);
#261=ORIENTED_EDGE('',*,*,#792,.F.);
#262=ORIENTED_EDGE('',*,*,#793,.T.);
#263=ORIENTED_EDGE('',*,*,#794,.T.);
#264=ORIENTED_EDGE('',*,*,#656,.F.);
#265=ORIENTED_EDGE('',*,*,#794,.F.);
#266=ORIENTED_EDGE('',*,*,#795,.T.);
#267=ORIENTED_EDGE('',*,*,#796,.T.);
#268=ORIENTED_EDGE('',*,*,#657,.F.);
#269=ORIENTED_EDGE('',*,*,#797,.F.);
#270=ORIENTED_EDGE('',*,*,#798,.T.);
#271=ORIENTED_EDGE('',*,*,#658,.T.);
#272=ORIENTED_EDGE('',*,*,#796,.F.);
#273=ORIENTED_EDGE('',*,*,#798,.F.);
#274=ORIENTED_EDGE('',*,*,#799,.T.);
#275=ORIENTED_EDGE('',*,*,#784,.T.);
#276=ORIENTED_EDGE('',*,*,#659,.F.);
#277=ORIENTED_EDGE('',*,*,#650,.F.);
#278=ORIENTED_EDGE('',*,*,#800,.T.);
#279=ORIENTED_EDGE('',*,*,#801,.T.);
#280=ORIENTED_EDGE('',*,*,#692,.F.);
#281=ORIENTED_EDGE('',*,*,#801,.F.);
#282=ORIENTED_EDGE('',*,*,#802,.T.);
#283=ORIENTED_EDGE('',*,*,#803,.T.);
#284=ORIENTED_EDGE('',*,*,#693,.F.);
#285=ORIENTED_EDGE('',*,*,#804,.F.);
#286=ORIENTED_EDGE('',*,*,#805,.T.);
#287=ORIENTED_EDGE('',*,*,#694,.T.);
#288=ORIENTED_EDGE('',*,*,#803,.F.);
#289=ORIENTED_EDGE('',*,*,#805,.F.);
#290=ORIENTED_EDGE('',*,*,#806,.T.);
#291=ORIENTED_EDGE('',*,*,#807,.T.);
#292=ORIENTED_EDGE('',*,*,#695,.F.);
#293=ORIENTED_EDGE('',*,*,#807,.F.);
#294=ORIENTED_EDGE('',*,*,#808,.T.);
#295=ORIENTED_EDGE('',*,*,#809,.T.);
#296=ORIENTED_EDGE('',*,*,#696,.F.);
#297=ORIENTED_EDGE('',*,*,#809,.F.);
#298=ORIENTED_EDGE('',*,*,#810,.T.);
#299=ORIENTED_EDGE('',*,*,#811,.T.);
#300=ORIENTED_EDGE('',*,*,#697,.F.);
#301=ORIENTED_EDGE('',*,*,#812,.F.);
#302=ORIENTED_EDGE('',*,*,#813,.T.);
#303=ORIENTED_EDGE('',*,*,#698,.T.);
#304=ORIENTED_EDGE('',*,*,#811,.F.);
#305=ORIENTED_EDGE('',*,*,#813,.F.);
#306=ORIENTED_EDGE('',*,*,#814,.T.);
#307=ORIENTED_EDGE('',*,*,#815,.T.);
#308=ORIENTED_EDGE('',*,*,#699,.F.);
#309=ORIENTED_EDGE('',*,*,#815,.F.);
#310=ORIENTED_EDGE('',*,*,#816,.T.);
#311=ORIENTED_EDGE('',*,*,#817,.T.);
#312=ORIENTED_EDGE('',*,*,#700,.F.);
#313=ORIENTED_EDGE('',*,*,#817,.F.);
#314=ORIENTED_EDGE('',*,*,#818,.T.);
#315=ORIENTED_EDGE('',*,*,#819,.T.);
#316=ORIENTED_EDGE('',*,*,#701,.F.);
#317=ORIENTED_EDGE('',*,*,#820,.F.);
#318=ORIENTED_EDGE('',*,*,#821,.T.);
#319=ORIENTED_EDGE('',*,*,#702,.T.);
#320=ORIENTED_EDGE('',*,*,#819,.F.);
#321=ORIENTED_EDGE('',*,*,#821,.F.);
#322=ORIENTED_EDGE('',*,*,#822,.T.);
#323=ORIENTED_EDGE('',*,*,#823,.T.);
#324=ORIENTED_EDGE('',*,*,#703,.F.);
#325=ORIENTED_EDGE('',*,*,#823,.F.);
#326=ORIENTED_EDGE('',*,*,#824,.T.);
#327=ORIENTED_EDGE('',*,*,#825,.T.);
#328=ORIENTED_EDGE('',*,*,#704,.F.);
#329=ORIENTED_EDGE('',*,*,#825,.F.);
#330=ORIENTED_EDGE('',*,*,#826,.T.);
#331=ORIENTED_EDGE('',*,*,#827,.T.);
#332=ORIENTED_EDGE('',*,*,#705,.F.);
#333=ORIENTED_EDGE('',*,*,#828,.F.);
#334=ORIENTED_EDGE('',*,*,#829,.T.);
#335=ORIENTED_EDGE('',*,*,#706,.T.);
#336=ORIENTED_EDGE('',*,*,#827,.F.);
#337=ORIENTED_EDGE('',*,*,#829,.F.);
#338=ORIENTED_EDGE('',*,*,#830,.T.);
#339=ORIENTED_EDGE('',*,*,#831,.T.);
#340=ORIENTED_EDGE('',*,*,#707,.F.);
#341=ORIENTED_EDGE('',*,*,#831,.F.);
#342=ORIENTED_EDGE('',*,*,#832,.T.);
#343=ORIENTED_EDGE('',*,*,#833,.T.);
#344=ORIENTED_EDGE('',*,*,#708,.F.);
#345=ORIENTED_EDGE('',*,*,#833,.F.);
#346=ORIENTED_EDGE('',*,*,#834,.T.);
#347=ORIENTED_EDGE('',*,*,#835,.T.);
#348=ORIENTED_EDGE('',*,*,#709,.F.);
#349=ORIENTED_EDGE('',*,*,#836,.F.);
#350=ORIENTED_EDGE('',*,*,#837,.T.);
#351=ORIENTED_EDGE('',*,*,#710,.T.);
#352=ORIENTED_EDGE('',*,*,#835,.F.);
#353=ORIENTED_EDGE('',*,*,#837,.F.);
#354=ORIENTED_EDGE('',*,*,#838,.T.);
#355=ORIENTED_EDGE('',*,*,#839,.T.);
#356=ORIENTED_EDGE('',*,*,#711,.F.);
#357=ORIENTED_EDGE('',*,*,#839,.F.);
#358=ORIENTED_EDGE('',*,*,#840,.T.);
#359=ORIENTED_EDGE('',*,*,#841,.T.);
#360=ORIENTED_EDGE('',*,*,#712,.F.);
#361=ORIENTED_EDGE('',*,*,#841,.F.);
#362=ORIENTED_EDGE('',*,*,#842,.T.);
#363=ORIENTED_EDGE('',*,*,#843,.T.);
#364=ORIENTED_EDGE('',*,*,#713,.F.);
#365=ORIENTED_EDGE('',*,*,#844,.F.);
#366=ORIENTED_EDGE('',*,*,#845,.T.);
#367=ORIENTED_EDGE('',*,*,#714,.T.);
#368=ORIENTED_EDGE('',*,*,#843,.F.);
#369=ORIENTED_EDGE('',*,*,#845,.F.);
#370=ORIENTED_EDGE('',*,*,#846,.T.);
#371=ORIENTED_EDGE('',*,*,#847,.T.);
#372=ORIENTED_EDGE('',*,*,#715,.F.);
#373=ORIENTED_EDGE('',*,*,#847,.F.);
#374=ORIENTED_EDGE('',*,*,#848,.T.);
#375=ORIENTED_EDGE('',*,*,#849,.T.);
#376=ORIENTED_EDGE('',*,*,#716,.F.);
#377=ORIENTED_EDGE('',*,*,#849,.F.);
#378=ORIENTED_EDGE('',*,*,#850,.T.);
#379=ORIENTED_EDGE('',*,*,#851,.T.);
#380=ORIENTED_EDGE('',*,*,#717,.F.);
#381=ORIENTED_EDGE('',*,*,#852,.F.);
#382=ORIENTED_EDGE('',*,*,#853,.T.);
#383=ORIENTED_EDGE('',*,*,#718,.T.);
#384=ORIENTED_EDGE('',*,*,#851,.F.);
#385=ORIENTED_EDGE('',*,*,#853,.F.);
#386=ORIENTED_EDGE('',*,*,#854,.T.);
#387=ORIENTED_EDGE('',*,*,#855,.T.);
#388=ORIENTED_EDGE('',*,*,#719,.F.);
#389=ORIENTED_EDGE('',*,*,#855,.F.);
#390=ORIENTED_EDGE('',*,*,#856,.T.);
#391=ORIENTED_EDGE('',*,*,#857,.T.);
#392=ORIENTED_EDGE('',*,*,#720,.F.);
#393=ORIENTED_EDGE('',*,*,#857,.F.);
#394=ORIENTED_EDGE('',*,*,#858,.T.);
#395=ORIENTED_EDGE('',*,*,#859,.T.);
#396=ORIENTED_EDGE('',*,*,#721,.F.);
#397=ORIENTED_EDGE('',*,*,#860,.F.);
#398=ORIENTED_EDGE('',*,*,#861,.T.);
#399=ORIENTED_EDGE('',*,*,#722,.T.);
#400=ORIENTED_EDGE('',*,*,#859,.F.);
#401=ORIENTED_EDGE('',*,*,#861,.F.);
#402=ORIENTED_EDGE('',*,*,#862,.T.);
#403=ORIENTED_EDGE('',*,*,#863,.T.);
#404=ORIENTED_EDGE('',*,*,#723,.F.);
#405=ORIENTED_EDGE('',*,*,#863,.F.);
#406=ORIENTED_EDGE('',*,*,#864,.T.);
#407=ORIENTED_EDGE('',*,*,#865,.T.);
#408=ORIENTED_EDGE('',*,*,#724,.F.);
#409=ORIENTED_EDGE('',*,*,#865,.F.);
#410=ORIENTED_EDGE('',*,*,#866,.T.);
#411=ORIENTED_EDGE('',*,*,#867,.T.);
#412=ORIENTED_EDGE('',*,*,#725,.F.);
#413=ORIENTED_EDGE('',*,*,#868,.F.);
#414=ORIENTED_EDGE('',*,*,#869,.T.);
#415=ORIENTED_EDGE('',*,*,#726,.T.);
#416=ORIENTED_EDGE('',*,*,#867,.F.);
#417=ORIENTED_EDGE('',*,*,#869,.F.);
#418=ORIENTED_EDGE('',*,*,#870,.T.);
#419=ORIENTED_EDGE('',*,*,#871,.T.);
#420=ORIENTED_EDGE('',*,*,#727,.F.);
#421=ORIENTED_EDGE('',*,*,#871,.F.);
#422=ORIENTED_EDGE('',*,*,#872,.T.);
#423=ORIENTED_EDGE('',*,*,#638,.F.);
#424=ORIENTED_EDGE('',*,*,#633,.F.);
#425=ORIENTED_EDGE('',*,*,#629,.T.);
#426=ORIENTED_EDGE('',*,*,#873,.F.);
#427=ORIENTED_EDGE('',*,*,#874,.T.);
#428=ORIENTED_EDGE('',*,*,#652,.T.);
#429=ORIENTED_EDGE('',*,*,#870,.F.);
#430=ORIENTED_EDGE('',*,*,#868,.T.);
#431=ORIENTED_EDGE('',*,*,#866,.F.);
#432=ORIENTED_EDGE('',*,*,#864,.F.);
#433=ORIENTED_EDGE('',*,*,#862,.F.);
#434=ORIENTED_EDGE('',*,*,#860,.T.);
#435=ORIENTED_EDGE('',*,*,#858,.F.);
#436=ORIENTED_EDGE('',*,*,#856,.F.);
#437=ORIENTED_EDGE('',*,*,#854,.F.);
#438=ORIENTED_EDGE('',*,*,#852,.T.);
#439=ORIENTED_EDGE('',*,*,#850,.F.);
#440=ORIENTED_EDGE('',*,*,#848,.F.);
#441=ORIENTED_EDGE('',*,*,#846,.F.);
#442=ORIENTED_EDGE('',*,*,#844,.T.);
#443=ORIENTED_EDGE('',*,*,#842,.F.);
#444=ORIENTED_EDGE('',*,*,#840,.F.);
#445=ORIENTED_EDGE('',*,*,#838,.F.);
#446=ORIENTED_EDGE('',*,*,#836,.T.);
#447=ORIENTED_EDGE('',*,*,#834,.F.);
#448=ORIENTED_EDGE('',*,*,#832,.F.);
#449=ORIENTED_EDGE('',*,*,#830,.F.);
#450=ORIENTED_EDGE('',*,*,#828,.T.);
#451=ORIENTED_EDGE('',*,*,#826,.F.);
#452=ORIENTED_EDGE('',*,*,#824,.F.);
#453=ORIENTED_EDGE('',*,*,#822,.F.);
#454=ORIENTED_EDGE('',*,*,#820,.T.);
#455=ORIENTED_EDGE('',*,*,#818,.F.);
#456=ORIENTED_EDGE('',*,*,#816,.F.);
#457=ORIENTED_EDGE('',*,*,#814,.F.);
#458=ORIENTED_EDGE('',*,*,#812,.T.);
#459=ORIENTED_EDGE('',*,*,#810,.F.);
#460=ORIENTED_EDGE('',*,*,#808,.F.);
#461=ORIENTED_EDGE('',*,*,#806,.F.);
#462=ORIENTED_EDGE('',*,*,#804,.T.);
#463=ORIENTED_EDGE('',*,*,#802,.F.);
#464=ORIENTED_EDGE('',*,*,#800,.F.);
#465=ORIENTED_EDGE('',*,*,#649,.F.);
#466=ORIENTED_EDGE('',*,*,#646,.T.);
#467=ORIENTED_EDGE('',*,*,#643,.F.);
#468=ORIENTED_EDGE('',*,*,#640,.F.);
#469=ORIENTED_EDGE('',*,*,#735,.F.);
#470=ORIENTED_EDGE('',*,*,#733,.T.);
#471=ORIENTED_EDGE('',*,*,#731,.F.);
#472=ORIENTED_EDGE('',*,*,#729,.F.);
#473=ORIENTED_EDGE('',*,*,#743,.F.);
#474=ORIENTED_EDGE('',*,*,#741,.T.);
#475=ORIENTED_EDGE('',*,*,#739,.F.);
#476=ORIENTED_EDGE('',*,*,#737,.F.);
#477=ORIENTED_EDGE('',*,*,#751,.F.);
#478=ORIENTED_EDGE('',*,*,#749,.T.);
#479=ORIENTED_EDGE('',*,*,#747,.F.);
#480=ORIENTED_EDGE('',*,*,#745,.F.);
#481=ORIENTED_EDGE('',*,*,#759,.F.);
#482=ORIENTED_EDGE('',*,*,#757,.T.);
#483=ORIENTED_EDGE('',*,*,#755,.F.);
#484=ORIENTED_EDGE('',*,*,#753,.F.);
#485=ORIENTED_EDGE('',*,*,#767,.F.);
#486=ORIENTED_EDGE('',*,*,#765,.T.);
#487=ORIENTED_EDGE('',*,*,#763,.F.);
#488=ORIENTED_EDGE('',*,*,#761,.F.);
#489=ORIENTED_EDGE('',*,*,#775,.F.);
#490=ORIENTED_EDGE('',*,*,#773,.T.);
#491=ORIENTED_EDGE('',*,*,#771,.F.);
#492=ORIENTED_EDGE('',*,*,#769,.F.);
#493=ORIENTED_EDGE('',*,*,#783,.F.);
#494=ORIENTED_EDGE('',*,*,#781,.T.);
#495=ORIENTED_EDGE('',*,*,#779,.F.);
#496=ORIENTED_EDGE('',*,*,#777,.F.);
#497=ORIENTED_EDGE('',*,*,#791,.F.);
#498=ORIENTED_EDGE('',*,*,#789,.T.);
#499=ORIENTED_EDGE('',*,*,#787,.F.);
#500=ORIENTED_EDGE('',*,*,#785,.F.);
#501=ORIENTED_EDGE('',*,*,#799,.F.);
#502=ORIENTED_EDGE('',*,*,#797,.T.);
#503=ORIENTED_EDGE('',*,*,#795,.F.);
#504=ORIENTED_EDGE('',*,*,#793,.F.);
#505=ORIENTED_EDGE('',*,*,#875,.F.);
#506=ORIENTED_EDGE('',*,*,#876,.F.);
#507=ORIENTED_EDGE('',*,*,#636,.T.);
#508=ORIENTED_EDGE('',*,*,#872,.F.);
#509=ORIENTED_EDGE('',*,*,#628,.F.);
#510=ORIENTED_EDGE('',*,*,#877,.F.);
#511=ORIENTED_EDGE('',*,*,#878,.T.);
#512=ORIENTED_EDGE('',*,*,#873,.T.);
#513=ORIENTED_EDGE('',*,*,#878,.F.);
#514=ORIENTED_EDGE('',*,*,#879,.T.);
#515=ORIENTED_EDGE('',*,*,#653,.T.);
#516=ORIENTED_EDGE('',*,*,#874,.F.);
#517=ORIENTED_EDGE('',*,*,#792,.T.);
#518=ORIENTED_EDGE('',*,*,#655,.F.);
#519=ORIENTED_EDGE('',*,*,#880,.F.);
#520=ORIENTED_EDGE('',*,*,#875,.T.);
#521=ORIENTED_EDGE('',*,*,#627,.F.);
#522=ORIENTED_EDGE('',*,*,#881,.T.);
#523=ORIENTED_EDGE('',*,*,#882,.F.);
#524=ORIENTED_EDGE('',*,*,#883,.T.);
#525=ORIENTED_EDGE('',*,*,#884,.F.);
#526=ORIENTED_EDGE('',*,*,#885,.F.);
#527=ORIENTED_EDGE('',*,*,#886,.T.);
#528=ORIENTED_EDGE('',*,*,#887,.T.);
#529=ORIENTED_EDGE('',*,*,#888,.T.);
#530=ORIENTED_EDGE('',*,*,#635,.F.);
#531=ORIENTED_EDGE('',*,*,#637,.T.);
#532=ORIENTED_EDGE('',*,*,#876,.T.);
#533=ORIENTED_EDGE('',*,*,#880,.T.);
#534=ORIENTED_EDGE('',*,*,#654,.T.);
#535=ORIENTED_EDGE('',*,*,#879,.F.);
#536=ORIENTED_EDGE('',*,*,#877,.T.);
#537=ORIENTED_EDGE('',*,*,#889,.F.);
#538=ORIENTED_EDGE('',*,*,#632,.F.);
#539=ORIENTED_EDGE('',*,*,#890,.F.);
#540=ORIENTED_EDGE('',*,*,#891,.F.);
#541=ORIENTED_EDGE('',*,*,#892,.F.);
#542=ORIENTED_EDGE('',*,*,#893,.T.);
#543=ORIENTED_EDGE('',*,*,#894,.T.);
#544=ORIENTED_EDGE('',*,*,#895,.T.);
#545=ORIENTED_EDGE('',*,*,#896,.T.);
#546=ORIENTED_EDGE('',*,*,#897,.T.);
#547=ORIENTED_EDGE('',*,*,#898,.F.);
#548=ORIENTED_EDGE('',*,*,#899,.F.);
#549=ORIENTED_EDGE('',*,*,#900,.F.);
#550=ORIENTED_EDGE('',*,*,#901,.F.);
#551=ORIENTED_EDGE('',*,*,#902,.T.);
#552=ORIENTED_EDGE('',*,*,#631,.F.);
#553=ORIENTED_EDGE('',*,*,#888,.F.);
#554=ORIENTED_EDGE('',*,*,#903,.T.);
#555=ORIENTED_EDGE('',*,*,#890,.T.);
#556=ORIENTED_EDGE('',*,*,#904,.F.);
#557=ORIENTED_EDGE('',*,*,#886,.F.);
#558=ORIENTED_EDGE('',*,*,#905,.T.);
#559=ORIENTED_EDGE('',*,*,#892,.T.);
#560=ORIENTED_EDGE('',*,*,#882,.T.);
#561=ORIENTED_EDGE('',*,*,#906,.T.);
#562=ORIENTED_EDGE('',*,*,#902,.F.);
#563=ORIENTED_EDGE('',*,*,#907,.F.);
#564=ORIENTED_EDGE('',*,*,#903,.F.);
#565=ORIENTED_EDGE('',*,*,#887,.F.);
#566=ORIENTED_EDGE('',*,*,#904,.T.);
#567=ORIENTED_EDGE('',*,*,#891,.T.);
#568=ORIENTED_EDGE('',*,*,#881,.F.);
#569=ORIENTED_EDGE('',*,*,#626,.T.);
#570=ORIENTED_EDGE('',*,*,#889,.T.);
#571=ORIENTED_EDGE('',*,*,#906,.F.);
#572=ORIENTED_EDGE('',*,*,#908,.F.);
#573=ORIENTED_EDGE('',*,*,#893,.F.);
#574=ORIENTED_EDGE('',*,*,#905,.F.);
#575=ORIENTED_EDGE('',*,*,#885,.T.);
#576=ORIENTED_EDGE('',*,*,#901,.T.);
#577=ORIENTED_EDGE('',*,*,#909,.F.);
#578=ORIENTED_EDGE('',*,*,#883,.F.);
#579=ORIENTED_EDGE('',*,*,#907,.T.);
#580=ORIENTED_EDGE('',*,*,#900,.T.);
#581=ORIENTED_EDGE('',*,*,#910,.F.);
#582=ORIENTED_EDGE('',*,*,#911,.F.);
#583=ORIENTED_EDGE('',*,*,#909,.T.);
#584=ORIENTED_EDGE('',*,*,#911,.T.);
#585=ORIENTED_EDGE('',*,*,#912,.F.);
#586=ORIENTED_EDGE('',*,*,#913,.F.);
#587=ORIENTED_EDGE('',*,*,#884,.T.);
#588=ORIENTED_EDGE('',*,*,#913,.T.);
#589=ORIENTED_EDGE('',*,*,#914,.F.);
#590=ORIENTED_EDGE('',*,*,#894,.F.);
#591=ORIENTED_EDGE('',*,*,#908,.T.);
#592=ORIENTED_EDGE('',*,*,#915,.F.);
#593=ORIENTED_EDGE('',*,*,#896,.F.);
#594=ORIENTED_EDGE('',*,*,#916,.T.);
#595=ORIENTED_EDGE('',*,*,#917,.T.);
#596=ORIENTED_EDGE('',*,*,#918,.F.);
#597=ORIENTED_EDGE('',*,*,#919,.F.);
#598=ORIENTED_EDGE('',*,*,#920,.F.);
#599=ORIENTED_EDGE('',*,*,#917,.F.);
#600=ORIENTED_EDGE('',*,*,#921,.F.);
#601=ORIENTED_EDGE('',*,*,#912,.T.);
#602=ORIENTED_EDGE('',*,*,#922,.T.);
#603=ORIENTED_EDGE('',*,*,#923,.T.);
#604=ORIENTED_EDGE('',*,*,#924,.T.);
#605=ORIENTED_EDGE('',*,*,#923,.F.);
#606=ORIENTED_EDGE('',*,*,#925,.F.);
#607=ORIENTED_EDGE('',*,*,#898,.T.);
#608=ORIENTED_EDGE('',*,*,#897,.F.);
#609=ORIENTED_EDGE('',*,*,#915,.T.);
#610=ORIENTED_EDGE('',*,*,#920,.T.);
#611=ORIENTED_EDGE('',*,*,#924,.F.);
#612=ORIENTED_EDGE('',*,*,#925,.T.);
#613=ORIENTED_EDGE('',*,*,#922,.F.);
#614=ORIENTED_EDGE('',*,*,#910,.T.);
#615=ORIENTED_EDGE('',*,*,#899,.T.);
#616=ORIENTED_EDGE('',*,*,#921,.T.);
#617=ORIENTED_EDGE('',*,*,#916,.F.);
#618=ORIENTED_EDGE('',*,*,#895,.F.);
#619=ORIENTED_EDGE('',*,*,#914,.T.);
#620=ORIENTED_EDGE('',*,*,#926,.F.);
#621=ORIENTED_EDGE('',*,*,#919,.T.);
#622=ORIENTED_EDGE('',*,*,#926,.T.);
#623=ORIENTED_EDGE('',*,*,#927,.F.);
#624=ORIENTED_EDGE('',*,*,#918,.T.);
#625=ORIENTED_EDGE('',*,*,#927,.T.);
#626=EDGE_CURVE('',#928,#929,#1129,.T.);
#627=EDGE_CURVE('',#928,#930,#1130,.T.);
#628=EDGE_CURVE('',#930,#931,#1131,.T.);
#629=EDGE_CURVE('',#932,#931,#1132,.T.);
#630=EDGE_CURVE('',#929,#932,#1133,.T.);
#631=EDGE_CURVE('',#933,#934,#1134,.T.);
#632=EDGE_CURVE('',#934,#929,#1135,.T.);
#633=EDGE_CURVE('',#932,#935,#1136,.T.);
#634=EDGE_CURVE('',#936,#935,#1137,.T.);
#635=EDGE_CURVE('',#936,#933,#1138,.T.);
#636=EDGE_CURVE('',#937,#938,#1139,.T.);
#637=EDGE_CURVE('',#936,#937,#1140,.T.);
#638=EDGE_CURVE('',#935,#938,#1141,.T.);
#639=EDGE_CURVE('',#939,#940,#1142,.T.);
#640=EDGE_CURVE('',#939,#941,#1143,.T.);
#641=EDGE_CURVE('',#941,#942,#1144,.T.);
#642=EDGE_CURVE('',#940,#942,#1145,.T.);
#643=EDGE_CURVE('',#941,#943,#1146,.T.);
#644=EDGE_CURVE('',#943,#944,#1147,.T.);
#645=EDGE_CURVE('',#942,#944,#1148,.T.);
#646=EDGE_CURVE('',#945,#943,#1149,.T.);
#647=EDGE_CURVE('',#945,#946,#1150,.T.);
#648=EDGE_CURVE('',#946,#944,#1151,.T.);
#649=EDGE_CURVE('',#945,#947,#1152,.T.);
#650=EDGE_CURVE('',#947,#948,#1153,.T.);
#651=EDGE_CURVE('',#946,#948,#1154,.T.);
#652=EDGE_CURVE('',#949,#950,#1155,.T.);
#653=EDGE_CURVE('',#951,#949,#1156,.T.);
#654=EDGE_CURVE('',#952,#951,#1157,.T.);
#655=EDGE_CURVE('',#952,#953,#1158,.T.);
#656=EDGE_CURVE('',#953,#954,#1159,.T.);
#657=EDGE_CURVE('',#954,#955,#1160,.T.);
#658=EDGE_CURVE('',#956,#955,#1161,.T.);
#659=EDGE_CURVE('',#956,#957,#1162,.T.);
#660=EDGE_CURVE('',#957,#958,#1163,.T.);
#661=EDGE_CURVE('',#958,#959,#1164,.T.);
#662=EDGE_CURVE('',#960,#959,#1165,.T.);
#663=EDGE_CURVE('',#960,#961,#1166,.T.);
#664=EDGE_CURVE('',#961,#962,#1167,.T.);
#665=EDGE_CURVE('',#962,#963,#1168,.T.);
#666=EDGE_CURVE('',#964,#963,#1169,.T.);
#667=EDGE_CURVE('',#964,#965,#1170,.T.);
#668=EDGE_CURVE('',#965,#966,#1171,.T.);
#669=EDGE_CURVE('',#966,#967,#1172,.T.);
#670=EDGE_CURVE('',#968,#967,#1173,.T.);
#671=EDGE_CURVE('',#968,#969,#1174,.T.);
#672=EDGE_CURVE('',#969,#970,#1175,.T.);
#673=EDGE_CURVE('',#970,#971,#1176,.T.);
#674=EDGE_CURVE('',#972,#971,#1177,.T.);
#675=EDGE_CURVE('',#972,#973,#1178,.T.);
#676=EDGE_CURVE('',#973,#974,#1179,.T.);
#677=EDGE_CURVE('',#974,#975,#1180,.T.);
#678=EDGE_CURVE('',#976,#975,#1181,.T.);
#679=EDGE_CURVE('',#976,#977,#1182,.T.);
#680=EDGE_CURVE('',#977,#978,#1183,.T.);
#681=EDGE_CURVE('',#978,#979,#1184,.T.);
#682=EDGE_CURVE('',#980,#979,#1185,.T.);
#683=EDGE_CURVE('',#980,#981,#1186,.T.);
#684=EDGE_CURVE('',#981,#982,#1187,.T.);
#685=EDGE_CURVE('',#982,#983,#1188,.T.);
#686=EDGE_CURVE('',#984,#983,#1189,.T.);
#687=EDGE_CURVE('',#984,#985,#1190,.T.);
#688=EDGE_CURVE('',#985,#986,#1191,.T.);
#689=EDGE_CURVE('',#986,#987,#1192,.T.);
#690=EDGE_CURVE('',#988,#987,#1193,.T.);
#691=EDGE_CURVE('',#988,#940,#1194,.T.);
#692=EDGE_CURVE('',#948,#989,#1195,.T.);
#693=EDGE_CURVE('',#989,#990,#1196,.T.);
#694=EDGE_CURVE('',#991,#990,#1197,.T.);
#695=EDGE_CURVE('',#991,#992,#1198,.T.);
#696=EDGE_CURVE('',#992,#993,#1199,.T.);
#697=EDGE_CURVE('',#993,#994,#1200,.T.);
#698=EDGE_CURVE('',#995,#994,#1201,.T.);
#699=EDGE_CURVE('',#995,#996,#1202,.T.);
#700=EDGE_CURVE('',#996,#997,#1203,.T.);
#701=EDGE_CURVE('',#997,#998,#1204,.T.);
#702=EDGE_CURVE('',#999,#998,#1205,.T.);
#703=EDGE_CURVE('',#999,#1000,#1206,.T.);
#704=EDGE_CURVE('',#1000,#1001,#1207,.T.);
#705=EDGE_CURVE('',#1001,#1002,#1208,.T.);
#706=EDGE_CURVE('',#1003,#1002,#1209,.T.);
#707=EDGE_CURVE('',#1003,#1004,#1210,.T.);
#708=EDGE_CURVE('',#1004,#1005,#1211,.T.);
#709=EDGE_CURVE('',#1005,#1006,#1212,.T.);
#710=EDGE_CURVE('',#1007,#1006,#1213,.T.);
#711=EDGE_CURVE('',#1007,#1008,#1214,.T.);
#712=EDGE_CURVE('',#1008,#1009,#1215,.T.);
#713=EDGE_CURVE('',#1009,#1010,#1216,.T.);
#714=EDGE_CURVE('',#1011,#1010,#1217,.T.);
#715=EDGE_CURVE('',#1011,#1012,#1218,.T.);
#716=EDGE_CURVE('',#1012,#1013,#1219,.T.);
#717=EDGE_CURVE('',#1013,#1014,#1220,.T.);
#718=EDGE_CURVE('',#1015,#1014,#1221,.T.);
#719=EDGE_CURVE('',#1015,#1016,#1222,.T.);
#720=EDGE_CURVE('',#1016,#1017,#1223,.T.);
#721=EDGE_CURVE('',#1017,#1018,#1224,.T.);
#722=EDGE_CURVE('',#1019,#1018,#1225,.T.);
#723=EDGE_CURVE('',#1019,#1020,#1226,.T.);
#724=EDGE_CURVE('',#1020,#1021,#1227,.T.);
#725=EDGE_CURVE('',#1021,#1022,#1228,.T.);
#726=EDGE_CURVE('',#1023,#1022,#1229,.T.);
#727=EDGE_CURVE('',#1023,#950,#1230,.T.);
#728=EDGE_CURVE('',#1024,#985,#1231,.T.);
#729=EDGE_CURVE('',#1024,#1025,#1232,.T.);
#730=EDGE_CURVE('',#1025,#986,#1233,.T.);
#731=EDGE_CURVE('',#1025,#1026,#1234,.T.);
#732=EDGE_CURVE('',#1026,#987,#1235,.T.);
#733=EDGE_CURVE('',#1027,#1026,#1236,.T.);
#734=EDGE_CURVE('',#1027,#988,#1237,.T.);
#735=EDGE_CURVE('',#1027,#939,#1238,.T.);
#736=EDGE_CURVE('',#1028,#981,#1239,.T.);
#737=EDGE_CURVE('',#1028,#1029,#1240,.T.);
#738=EDGE_CURVE('',#1029,#982,#1241,.T.);
#739=EDGE_CURVE('',#1029,#1030,#1242,.T.);
#740=EDGE_CURVE('',#1030,#983,#1243,.T.);
#741=EDGE_CURVE('',#1031,#1030,#1244,.T.);
#742=EDGE_CURVE('',#1031,#984,#1245,.T.);
#743=EDGE_CURVE('',#1031,#1024,#1246,.T.);
#744=EDGE_CURVE('',#1032,#977,#1247,.T.);
#745=EDGE_CURVE('',#1032,#1033,#1248,.T.);
#746=EDGE_CURVE('',#1033,#978,#1249,.T.);
#747=EDGE_CURVE('',#1033,#1034,#1250,.T.);
#748=EDGE_CURVE('',#1034,#979,#1251,.T.);
#749=EDGE_CURVE('',#1035,#1034,#1252,.T.);
#750=EDGE_CURVE('',#1035,#980,#1253,.T.);
#751=EDGE_CURVE('',#1035,#1028,#1254,.T.);
#752=EDGE_CURVE('',#1036,#973,#1255,.T.);
#753=EDGE_CURVE('',#1036,#1037,#1256,.T.);
#754=EDGE_CURVE('',#1037,#974,#1257,.T.);
#755=EDGE_CURVE('',#1037,#1038,#1258,.T.);
#756=EDGE_CURVE('',#1038,#975,#1259,.T.);
#757=EDGE_CURVE('',#1039,#1038,#1260,.T.);
#758=EDGE_CURVE('',#1039,#976,#1261,.T.);
#759=EDGE_CURVE('',#1039,#1032,#1262,.T.);
#760=EDGE_CURVE('',#1040,#969,#1263,.T.);
#761=EDGE_CURVE('',#1040,#1041,#1264,.T.);
#762=EDGE_CURVE('',#1041,#970,#1265,.T.);
#763=EDGE_CURVE('',#1041,#1042,#1266,.T.);
#764=EDGE_CURVE('',#1042,#971,#1267,.T.);
#765=EDGE_CURVE('',#1043,#1042,#1268,.T.);
#766=EDGE_CURVE('',#1043,#972,#1269,.T.);
#767=EDGE_CURVE('',#1043,#1036,#1270,.T.);
#768=EDGE_CURVE('',#1044,#965,#1271,.T.);
#769=EDGE_CURVE('',#1044,#1045,#1272,.T.);
#770=EDGE_CURVE('',#1045,#966,#1273,.T.);
#771=EDGE_CURVE('',#1045,#1046,#1274,.T.);
#772=EDGE_CURVE('',#1046,#967,#1275,.T.);
#773=EDGE_CURVE('',#1047,#1046,#1276,.T.);
#774=EDGE_CURVE('',#1047,#968,#1277,.T.);
#775=EDGE_CURVE('',#1047,#1040,#1278,.T.);
#776=EDGE_CURVE('',#1048,#961,#1279,.T.);
#777=EDGE_CURVE('',#1048,#1049,#1280,.T.);
#778=EDGE_CURVE('',#1049,#962,#1281,.T.);
#779=EDGE_CURVE('',#1049,#1050,#1282,.T.);
#780=EDGE_CURVE('',#1050,#963,#1283,.T.);
#781=EDGE_CURVE('',#1051,#1050,#1284,.T.);
#782=EDGE_CURVE('',#1051,#964,#1285,.T.);
#783=EDGE_CURVE('',#1051,#1044,#1286,.T.);
#784=EDGE_CURVE('',#1052,#957,#1287,.T.);
#785=EDGE_CURVE('',#1052,#1053,#1288,.T.);
#786=EDGE_CURVE('',#1053,#958,#1289,.T.);
#787=EDGE_CURVE('',#1053,#1054,#1290,.T.);
#788=EDGE_CURVE('',#1054,#959,#1291,.T.);
#789=EDGE_CURVE('',#1055,#1054,#1292,.T.);
#790=EDGE_CURVE('',#1055,#960,#1293,.T.);
#791=EDGE_CURVE('',#1055,#1048,#1294,.T.);
#792=EDGE_CURVE('',#1056,#953,#1295,.T.);
#793=EDGE_CURVE('',#1056,#1057,#1296,.T.);
#794=EDGE_CURVE('',#1057,#954,#1297,.T.);
#795=EDGE_CURVE('',#1057,#1058,#1298,.T.);
#796=EDGE_CURVE('',#1058,#955,#1299,.T.);
#797=EDGE_CURVE('',#1059,#1058,#1300,.T.);
#798=EDGE_CURVE('',#1059,#956,#1301,.T.);
#799=EDGE_CURVE('',#1059,#1052,#1302,.T.);
#800=EDGE_CURVE('',#947,#1060,#1303,.T.);
#801=EDGE_CURVE('',#1060,#989,#1304,.T.);
#802=EDGE_CURVE('',#1060,#1061,#1305,.T.);
#803=EDGE_CURVE('',#1061,#990,#1306,.T.);
#804=EDGE_CURVE('',#1062,#1061,#1307,.T.);
#805=EDGE_CURVE('',#1062,#991,#1308,.T.);
#806=EDGE_CURVE('',#1062,#1063,#1309,.T.);
#807=EDGE_CURVE('',#1063,#992,#1310,.T.);
#808=EDGE_CURVE('',#1063,#1064,#1311,.T.);
#809=EDGE_CURVE('',#1064,#993,#1312,.T.);
#810=EDGE_CURVE('',#1064,#1065,#1313,.T.);
#811=EDGE_CURVE('',#1065,#994,#1314,.T.);
#812=EDGE_CURVE('',#1066,#1065,#1315,.T.);
#813=EDGE_CURVE('',#1066,#995,#1316,.T.);
#814=EDGE_CURVE('',#1066,#1067,#1317,.T.);
#815=EDGE_CURVE('',#1067,#996,#1318,.T.);
#816=EDGE_CURVE('',#1067,#1068,#1319,.T.);
#817=EDGE_CURVE('',#1068,#997,#1320,.T.);
#818=EDGE_CURVE('',#1068,#1069,#1321,.T.);
#819=EDGE_CURVE('',#1069,#998,#1322,.T.);
#820=EDGE_CURVE('',#1070,#1069,#1323,.T.);
#821=EDGE_CURVE('',#1070,#999,#1324,.T.);
#822=EDGE_CURVE('',#1070,#1071,#1325,.T.);
#823=EDGE_CURVE('',#1071,#1000,#1326,.T.);
#824=EDGE_CURVE('',#1071,#1072,#1327,.T.);
#825=EDGE_CURVE('',#1072,#1001,#1328,.T.);
#826=EDGE_CURVE('',#1072,#1073,#1329,.T.);
#827=EDGE_CURVE('',#1073,#1002,#1330,.T.);
#828=EDGE_CURVE('',#1074,#1073,#1331,.T.);
#829=EDGE_CURVE('',#1074,#1003,#1332,.T.);
#830=EDGE_CURVE('',#1074,#1075,#1333,.T.);
#831=EDGE_CURVE('',#1075,#1004,#1334,.T.);
#832=EDGE_CURVE('',#1075,#1076,#1335,.T.);
#833=EDGE_CURVE('',#1076,#1005,#1336,.T.);
#834=EDGE_CURVE('',#1076,#1077,#1337,.T.);
#835=EDGE_CURVE('',#1077,#1006,#1338,.T.);
#836=EDGE_CURVE('',#1078,#1077,#1339,.T.);
#837=EDGE_CURVE('',#1078,#1007,#1340,.T.);
#838=EDGE_CURVE('',#1078,#1079,#1341,.T.);
#839=EDGE_CURVE('',#1079,#1008,#1342,.T.);
#840=EDGE_CURVE('',#1079,#1080,#1343,.T.);
#841=EDGE_CURVE('',#1080,#1009,#1344,.T.);
#842=EDGE_CURVE('',#1080,#1081,#1345,.T.);
#843=EDGE_CURVE('',#1081,#1010,#1346,.T.);
#844=EDGE_CURVE('',#1082,#1081,#1347,.T.);
#845=EDGE_CURVE('',#1082,#1011,#1348,.T.);
#846=EDGE_CURVE('',#1082,#1083,#1349,.T.);
#847=EDGE_CURVE('',#1083,#1012,#1350,.T.);
#848=EDGE_CURVE('',#1083,#1084,#1351,.T.);
#849=EDGE_CURVE('',#1084,#1013,#1352,.T.);
#850=EDGE_CURVE('',#1084,#1085,#1353,.T.);
#851=EDGE_CURVE('',#1085,#1014,#1354,.T.);
#852=EDGE_CURVE('',#1086,#1085,#1355,.T.);
#853=EDGE_CURVE('',#1086,#1015,#1356,.T.);
#854=EDGE_CURVE('',#1086,#1087,#1357,.T.);
#855=EDGE_CURVE('',#1087,#1016,#1358,.T.);
#856=EDGE_CURVE('',#1087,#1088,#1359,.T.);
#857=EDGE_CURVE('',#1088,#1017,#1360,.T.);
#858=EDGE_CURVE('',#1088,#1089,#1361,.T.);
#859=EDGE_CURVE('',#1089,#1018,#1362,.T.);
#860=EDGE_CURVE('',#1090,#1089,#1363,.T.);
#861=EDGE_CURVE('',#1090,#1019,#1364,.T.);
#862=EDGE_CURVE('',#1090,#1091,#1365,.T.);
#863=EDGE_CURVE('',#1091,#1020,#1366,.T.);
#864=EDGE_CURVE('',#1091,#1092,#1367,.T.);
#865=EDGE_CURVE('',#1092,#1021,#1368,.T.);
#866=EDGE_CURVE('',#1092,#1093,#1369,.T.);
#867=EDGE_CURVE('',#1093,#1022,#1370,.T.);
#868=EDGE_CURVE('',#1094,#1093,#1371,.T.);
#869=EDGE_CURVE('',#1094,#1023,#1372,.T.);
#870=EDGE_CURVE('',#1094,#1095,#1373,.T.);
#871=EDGE_CURVE('',#1095,#950,#1374,.T.);
#872=EDGE_CURVE('',#1095,#938,#1375,.T.);
#873=EDGE_CURVE('',#1096,#931,#1376,.T.);
#874=EDGE_CURVE('',#1096,#949,#1377,.T.);
#875=EDGE_CURVE('',#1097,#1056,#1378,.T.);
#876=EDGE_CURVE('',#937,#1097,#1379,.T.);
#877=EDGE_CURVE('',#1098,#930,#1380,.T.);
#878=EDGE_CURVE('',#1098,#1096,#1381,.T.);
#879=EDGE_CURVE('',#1098,#951,#1382,.T.);
#880=EDGE_CURVE('',#1097,#952,#1383,.T.);
#881=EDGE_CURVE('',#928,#1099,#1384,.T.);
#882=EDGE_CURVE('',#1100,#1099,#1385,.T.);
#883=EDGE_CURVE('',#1100,#1101,#1386,.T.);
#884=EDGE_CURVE('',#1102,#1101,#1387,.F.);
#885=EDGE_CURVE('',#1103,#1102,#1388,.T.);
#886=EDGE_CURVE('',#1103,#1104,#1389,.T.);
#887=EDGE_CURVE('',#1104,#1105,#1390,.T.);
#888=EDGE_CURVE('',#1105,#933,#1391,.T.);
#889=EDGE_CURVE('',#929,#1106,#1392,.T.);
#890=EDGE_CURVE('',#1107,#934,#1393,.T.);
#891=EDGE_CURVE('',#1108,#1107,#1394,.T.);
#892=EDGE_CURVE('',#1109,#1108,#1395,.T.);
#893=EDGE_CURVE('',#1109,#1110,#1396,.T.);
#894=EDGE_CURVE('',#1110,#1111,#1397,.T.);
#895=EDGE_CURVE('',#1111,#1112,#1398,.T.);
#896=EDGE_CURVE('',#1112,#1113,#1399,.T.);
#897=EDGE_CURVE('',#1113,#1114,#1400,.T.);
#898=EDGE_CURVE('',#1115,#1114,#1401,.T.);
#899=EDGE_CURVE('',#1116,#1115,#1402,.T.);
#900=EDGE_CURVE('',#1117,#1116,#1403,.T.);
#901=EDGE_CURVE('',#1118,#1117,#1404,.T.);
#902=EDGE_CURVE('',#1118,#1106,#1405,.T.);
#903=EDGE_CURVE('',#1105,#1107,#1406,.T.);
#904=EDGE_CURVE('',#1104,#1108,#1407,.T.);
#905=EDGE_CURVE('',#1103,#1109,#1408,.T.);
#906=EDGE_CURVE('',#1099,#1106,#1409,.T.);
#907=EDGE_CURVE('',#1100,#1118,#1410,.T.);
#908=EDGE_CURVE('',#1110,#1102,#1411,.F.);
#909=EDGE_CURVE('',#1101,#1117,#1412,.F.);
#910=EDGE_CURVE('',#1119,#1116,#1413,.F.);
#911=EDGE_CURVE('',#1101,#1119,#1414,.T.);
#912=EDGE_CURVE('',#1120,#1119,#1415,.F.);
#913=EDGE_CURVE('',#1102,#1120,#1416,.T.);
#914=EDGE_CURVE('',#1111,#1120,#1417,.F.);
#915=EDGE_CURVE('',#1113,#1121,#1418,.T.);
#916=EDGE_CURVE('',#1112,#1122,#1419,.T.);
#917=EDGE_CURVE('',#1122,#1121,#1420,.T.);
#918=EDGE_CURVE('',#1123,#1123,#14,.T.);
#919=EDGE_CURVE('',#1124,#1124,#15,.T.);
#920=EDGE_CURVE('',#1121,#1125,#1421,.T.);
#921=EDGE_CURVE('',#1120,#1122,#1422,.T.);
#922=EDGE_CURVE('',#1119,#1126,#1423,.T.);
#923=EDGE_CURVE('',#1126,#1125,#1424,.T.);
#924=EDGE_CURVE('',#1114,#1125,#1425,.T.);
#925=EDGE_CURVE('',#1115,#1126,#1426,.T.);
#926=EDGE_CURVE('',#1127,#1127,#16,.T.);
#927=EDGE_CURVE('',#1128,#1128,#17,.T.);
#928=VERTEX_POINT('',#2792);
#929=VERTEX_POINT('',#2793);
#930=VERTEX_POINT('',#2795);
#931=VERTEX_POINT('',#2797);
#932=VERTEX_POINT('',#2799);
#933=VERTEX_POINT('',#2803);
#934=VERTEX_POINT('',#2804);
#935=VERTEX_POINT('',#2807);
#936=VERTEX_POINT('',#2809);
#937=VERTEX_POINT('',#2813);
#938=VERTEX_POINT('',#2814);
#939=VERTEX_POINT('',#2819);
#940=VERTEX_POINT('',#2820);
#941=VERTEX_POINT('',#2822);
#942=VERTEX_POINT('',#2824);
#943=VERTEX_POINT('',#2828);
#944=VERTEX_POINT('',#2830);
#945=VERTEX_POINT('',#2834);
#946=VERTEX_POINT('',#2836);
#947=VERTEX_POINT('',#2840);
#948=VERTEX_POINT('',#2842);
#949=VERTEX_POINT('',#2846);
#950=VERTEX_POINT('',#2847);
#951=VERTEX_POINT('',#2849);
#952=VERTEX_POINT('',#2851);
#953=VERTEX_POINT('',#2853);
#954=VERTEX_POINT('',#2855);
#955=VERTEX_POINT('',#2857);
#956=VERTEX_POINT('',#2859);
#957=VERTEX_POINT('',#2861);
#958=VERTEX_POINT('',#2863);
#959=VERTEX_POINT('',#2865);
#960=VERTEX_POINT('',#2867);
#961=VERTEX_POINT('',#2869);
#962=VERTEX_POINT('',#2871);
#963=VERTEX_POINT('',#2873);
#964=VERTEX_POINT('',#2875);
#965=VERTEX_POINT('',#2877);
#966=VERTEX_POINT('',#2879);
#967=VERTEX_POINT('',#2881);
#968=VERTEX_POINT('',#2883);
#969=VERTEX_POINT('',#2885);
#970=VERTEX_POINT('',#2887);
#971=VERTEX_POINT('',#2889);
#972=VERTEX_POINT('',#2891);
#973=VERTEX_POINT('',#2893);
#974=VERTEX_POINT('',#2895);
#975=VERTEX_POINT('',#2897);
#976=VERTEX_POINT('',#2899);
#977=VERTEX_POINT('',#2901);
#978=VERTEX_POINT('',#2903);
#979=VERTEX_POINT('',#2905);
#980=VERTEX_POINT('',#2907);
#981=VERTEX_POINT('',#2909);
#982=VERTEX_POINT('',#2911);
#983=VERTEX_POINT('',#2913);
#984=VERTEX_POINT('',#2915);
#985=VERTEX_POINT('',#2917);
#986=VERTEX_POINT('',#2919);
#987=VERTEX_POINT('',#2921);
#988=VERTEX_POINT('',#2923);
#989=VERTEX_POINT('',#2926);
#990=VERTEX_POINT('',#2928);
#991=VERTEX_POINT('',#2930);
#992=VERTEX_POINT('',#2932);
#993=VERTEX_POINT('',#2934);
#994=VERTEX_POINT('',#2936);
#995=VERTEX_POINT('',#2938);
#996=VERTEX_POINT('',#2940);
#997=VERTEX_POINT('',#2942);
#998=VERTEX_POINT('',#2944);
#999=VERTEX_POINT('',#2946);
#1000=VERTEX_POINT('',#2948);
#1001=VERTEX_POINT('',#2950);
#1002=VERTEX_POINT('',#2952);
#1003=VERTEX_POINT('',#2954);
#1004=VERTEX_POINT('',#2956);
#1005=VERTEX_POINT('',#2958);
#1006=VERTEX_POINT('',#2960);
#1007=VERTEX_POINT('',#2962);
#1008=VERTEX_POINT('',#2964);
#1009=VERTEX_POINT('',#2966);
#1010=VERTEX_POINT('',#2968);
#1011=VERTEX_POINT('',#2970);
#1012=VERTEX_POINT('',#2972);
#1013=VERTEX_POINT('',#2974);
#1014=VERTEX_POINT('',#2976);
#1015=VERTEX_POINT('',#2978);
#1016=VERTEX_POINT('',#2980);
#1017=VERTEX_POINT('',#2982);
#1018=VERTEX_POINT('',#2984);
#1019=VERTEX_POINT('',#2986);
#1020=VERTEX_POINT('',#2988);
#1021=VERTEX_POINT('',#2990);
#1022=VERTEX_POINT('',#2992);
#1023=VERTEX_POINT('',#2994);
#1024=VERTEX_POINT('',#2998);
#1025=VERTEX_POINT('',#3000);
#1026=VERTEX_POINT('',#3004);
#1027=VERTEX_POINT('',#3008);
#1028=VERTEX_POINT('',#3014);
#1029=VERTEX_POINT('',#3016);
#1030=VERTEX_POINT('',#3020);
#1031=VERTEX_POINT('',#3024);
#1032=VERTEX_POINT('',#3030);
#1033=VERTEX_POINT('',#3032);
#1034=VERTEX_POINT('',#3036);
#1035=VERTEX_POINT('',#3040);
#1036=VERTEX_POINT('',#3046);
#1037=VERTEX_POINT('',#3048);
#1038=VERTEX_POINT('',#3052);
#1039=VERTEX_POINT('',#3056);
#1040=VERTEX_POINT('',#3062);
#1041=VERTEX_POINT('',#3064);
#1042=VERTEX_POINT('',#3068);
#1043=VERTEX_POINT('',#3072);
#1044=VERTEX_POINT('',#3078);
#1045=VERTEX_POINT('',#3080);
#1046=VERTEX_POINT('',#3084);
#1047=VERTEX_POINT('',#3088);
#1048=VERTEX_POINT('',#3094);
#1049=VERTEX_POINT('',#3096);
#1050=VERTEX_POINT('',#3100);
#1051=VERTEX_POINT('',#3104);
#1052=VERTEX_POINT('',#3110);
#1053=VERTEX_POINT('',#3112);
#1054=VERTEX_POINT('',#3116);
#1055=VERTEX_POINT('',#3120);
#1056=VERTEX_POINT('',#3126);
#1057=VERTEX_POINT('',#3128);
#1058=VERTEX_POINT('',#3132);
#1059=VERTEX_POINT('',#3136);
#1060=VERTEX_POINT('',#3142);
#1061=VERTEX_POINT('',#3146);
#1062=VERTEX_POINT('',#3150);
#1063=VERTEX_POINT('',#3154);
#1064=VERTEX_POINT('',#3158);
#1065=VERTEX_POINT('',#3162);
#1066=VERTEX_POINT('',#3166);
#1067=VERTEX_POINT('',#3170);
#1068=VERTEX_POINT('',#3174);
#1069=VERTEX_POINT('',#3178);
#1070=VERTEX_POINT('',#3182);
#1071=VERTEX_POINT('',#3186);
#1072=VERTEX_POINT('',#3190);
#1073=VERTEX_POINT('',#3194);
#1074=VERTEX_POINT('',#3198);
#1075=VERTEX_POINT('',#3202);
#1076=VERTEX_POINT('',#3206);
#1077=VERTEX_POINT('',#3210);
#1078=VERTEX_POINT('',#3214);
#1079=VERTEX_POINT('',#3218);
#1080=VERTEX_POINT('',#3222);
#1081=VERTEX_POINT('',#3226);
#1082=VERTEX_POINT('',#3230);
#1083=VERTEX_POINT('',#3234);
#1084=VERTEX_POINT('',#3238);
#1085=VERTEX_POINT('',#3242);
#1086=VERTEX_POINT('',#3246);
#1087=VERTEX_POINT('',#3250);
#1088=VERTEX_POINT('',#3254);
#1089=VERTEX_POINT('',#3258);
#1090=VERTEX_POINT('',#3262);
#1091=VERTEX_POINT('',#3266);
#1092=VERTEX_POINT('',#3270);
#1093=VERTEX_POINT('',#3274);
#1094=VERTEX_POINT('',#3278);
#1095=VERTEX_POINT('',#3282);
#1096=VERTEX_POINT('',#3287);
#1097=VERTEX_POINT('',#3291);
#1098=VERTEX_POINT('',#3295);
#1099=VERTEX_POINT('',#3303);
#1100=VERTEX_POINT('',#3305);
#1101=VERTEX_POINT('',#3307);
#1102=VERTEX_POINT('',#3309);
#1103=VERTEX_POINT('',#3311);
#1104=VERTEX_POINT('',#3313);
#1105=VERTEX_POINT('',#3315);
#1106=VERTEX_POINT('',#3319);
#1107=VERTEX_POINT('',#3321);
#1108=VERTEX_POINT('',#3323);
#1109=VERTEX_POINT('',#3325);
#1110=VERTEX_POINT('',#3327);
#1111=VERTEX_POINT('',#3329);
#1112=VERTEX_POINT('',#3331);
#1113=VERTEX_POINT('',#3333);
#1114=VERTEX_POINT('',#3335);
#1115=VERTEX_POINT('',#3337);
#1116=VERTEX_POINT('',#3339);
#1117=VERTEX_POINT('',#3341);
#1118=VERTEX_POINT('',#3343);
#1119=VERTEX_POINT('',#3375);
#1120=VERTEX_POINT('',#3379);
#1121=VERTEX_POINT('',#3385);
#1122=VERTEX_POINT('',#3387);
#1123=VERTEX_POINT('',#3391);
#1124=VERTEX_POINT('',#3393);
#1125=VERTEX_POINT('',#3395);
#1126=VERTEX_POINT('',#3398);
#1127=VERTEX_POINT('',#3422);
#1128=VERTEX_POINT('',#3426);
#1129=LINE('',#2791,#1427);
#1130=LINE('',#2794,#1428);
#1131=LINE('',#2796,#1429);
#1132=LINE('',#2798,#1430);
#1133=LINE('',#2800,#1431);
#1134=LINE('',#2802,#1432);
#1135=LINE('',#2805,#1433);
#1136=LINE('',#2806,#1434);
#1137=LINE('',#2808,#1435);
#1138=LINE('',#2810,#1436);
#1139=LINE('',#2812,#1437);
#1140=LINE('',#2815,#1438);
#1141=LINE('',#2816,#1439);
#1142=LINE('',#2818,#1440);
#1143=LINE('',#2821,#1441);
#1144=LINE('',#2823,#1442);
#1145=LINE('',#2825,#1443);
#1146=LINE('',#2827,#1444);
#1147=LINE('',#2829,#1445);
#1148=LINE('',#2831,#1446);
#1149=LINE('',#2833,#1447);
#1150=LINE('',#2835,#1448);
#1151=LINE('',#2837,#1449);
#1152=LINE('',#2839,#1450);
#1153=LINE('',#2841,#1451);
#1154=LINE('',#2843,#1452);
#1155=LINE('',#2845,#1453);
#1156=LINE('',#2848,#1454);
#1157=LINE('',#2850,#1455);
#1158=LINE('',#2852,#1456);
#1159=LINE('',#2854,#1457);
#1160=LINE('',#2856,#1458);
#1161=LINE('',#2858,#1459);
#1162=LINE('',#2860,#1460);
#1163=LINE('',#2862,#1461);
#1164=LINE('',#2864,#1462);
#1165=LINE('',#2866,#1463);
#1166=LINE('',#2868,#1464);
#1167=LINE('',#2870,#1465);
#1168=LINE('',#2872,#1466);
#1169=LINE('',#2874,#1467);
#1170=LINE('',#2876,#1468);
#1171=LINE('',#2878,#1469);
#1172=LINE('',#2880,#1470);
#1173=LINE('',#2882,#1471);
#1174=LINE('',#2884,#1472);
#1175=LINE('',#2886,#1473);
#1176=LINE('',#2888,#1474);
#1177=LINE('',#2890,#1475);
#1178=LINE('',#2892,#1476);
#1179=LINE('',#2894,#1477);
#1180=LINE('',#2896,#1478);
#1181=LINE('',#2898,#1479);
#1182=LINE('',#2900,#1480);
#1183=LINE('',#2902,#1481);
#1184=LINE('',#2904,#1482);
#1185=LINE('',#2906,#1483);
#1186=LINE('',#2908,#1484);
#1187=LINE('',#2910,#1485);
#1188=LINE('',#2912,#1486);
#1189=LINE('',#2914,#1487);
#1190=LINE('',#2916,#1488);
#1191=LINE('',#2918,#1489);
#1192=LINE('',#2920,#1490);
#1193=LINE('',#2922,#1491);
#1194=LINE('',#2924,#1492);
#1195=LINE('',#2925,#1493);
#1196=LINE('',#2927,#1494);
#1197=LINE('',#2929,#1495);
#1198=LINE('',#2931,#1496);
#1199=LINE('',#2933,#1497);
#1200=LINE('',#2935,#1498);
#1201=LINE('',#2937,#1499);
#1202=LINE('',#2939,#1500);
#1203=LINE('',#2941,#1501);
#1204=LINE('',#2943,#1502);
#1205=LINE('',#2945,#1503);
#1206=LINE('',#2947,#1504);
#1207=LINE('',#2949,#1505);
#1208=LINE('',#2951,#1506);
#1209=LINE('',#2953,#1507);
#1210=LINE('',#2955,#1508);
#1211=LINE('',#2957,#1509);
#1212=LINE('',#2959,#1510);
#1213=LINE('',#2961,#1511);
#1214=LINE('',#2963,#1512);
#1215=LINE('',#2965,#1513);
#1216=LINE('',#2967,#1514);
#1217=LINE('',#2969,#1515);
#1218=LINE('',#2971,#1516);
#1219=LINE('',#2973,#1517);
#1220=LINE('',#2975,#1518);
#1221=LINE('',#2977,#1519);
#1222=LINE('',#2979,#1520);
#1223=LINE('',#2981,#1521);
#1224=LINE('',#2983,#1522);
#1225=LINE('',#2985,#1523);
#1226=LINE('',#2987,#1524);
#1227=LINE('',#2989,#1525);
#1228=LINE('',#2991,#1526);
#1229=LINE('',#2993,#1527);
#1230=LINE('',#2995,#1528);
#1231=LINE('',#2997,#1529);
#1232=LINE('',#2999,#1530);
#1233=LINE('',#3001,#1531);
#1234=LINE('',#3003,#1532);
#1235=LINE('',#3005,#1533);
#1236=LINE('',#3007,#1534);
#1237=LINE('',#3009,#1535);
#1238=LINE('',#3011,#1536);
#1239=LINE('',#3013,#1537);
#1240=LINE('',#3015,#1538);
#1241=LINE('',#3017,#1539);
#1242=LINE('',#3019,#1540);
#1243=LINE('',#3021,#1541);
#1244=LINE('',#3023,#1542);
#1245=LINE('',#3025,#1543);
#1246=LINE('',#3027,#1544);
#1247=LINE('',#3029,#1545);
#1248=LINE('',#3031,#1546);
#1249=LINE('',#3033,#1547);
#1250=LINE('',#3035,#1548);
#1251=LINE('',#3037,#1549);
#1252=LINE('',#3039,#1550);
#1253=LINE('',#3041,#1551);
#1254=LINE('',#3043,#1552);
#1255=LINE('',#3045,#1553);
#1256=LINE('',#3047,#1554);
#1257=LINE('',#3049,#1555);
#1258=LINE('',#3051,#1556);
#1259=LINE('',#3053,#1557);
#1260=LINE('',#3055,#1558);
#1261=LINE('',#3057,#1559);
#1262=LINE('',#3059,#1560);
#1263=LINE('',#3061,#1561);
#1264=LINE('',#3063,#1562);
#1265=LINE('',#3065,#1563);
#1266=LINE('',#3067,#1564);
#1267=LINE('',#3069,#1565);
#1268=LINE('',#3071,#1566);
#1269=LINE('',#3073,#1567);
#1270=LINE('',#3075,#1568);
#1271=LINE('',#3077,#1569);
#1272=LINE('',#3079,#1570);
#1273=LINE('',#3081,#1571);
#1274=LINE('',#3083,#1572);
#1275=LINE('',#3085,#1573);
#1276=LINE('',#3087,#1574);
#1277=LINE('',#3089,#1575);
#1278=LINE('',#3091,#1576);
#1279=LINE('',#3093,#1577);
#1280=LINE('',#3095,#1578);
#1281=LINE('',#3097,#1579);
#1282=LINE('',#3099,#1580);
#1283=LINE('',#3101,#1581);
#1284=LINE('',#3103,#1582);
#1285=LINE('',#3105,#1583);
#1286=LINE('',#3107,#1584);
#1287=LINE('',#3109,#1585);
#1288=LINE('',#3111,#1586);
#1289=LINE('',#3113,#1587);
#1290=LINE('',#3115,#1588);
#1291=LINE('',#3117,#1589);
#1292=LINE('',#3119,#1590);
#1293=LINE('',#3121,#1591);
#1294=LINE('',#3123,#1592);
#1295=LINE('',#3125,#1593);
#1296=LINE('',#3127,#1594);
#1297=LINE('',#3129,#1595);
#1298=LINE('',#3131,#1596);
#1299=LINE('',#3133,#1597);
#1300=LINE('',#3135,#1598);
#1301=LINE('',#3137,#1599);
#1302=LINE('',#3139,#1600);
#1303=LINE('',#3141,#1601);
#1304=LINE('',#3143,#1602);
#1305=LINE('',#3145,#1603);
#1306=LINE('',#3147,#1604);
#1307=LINE('',#3149,#1605);
#1308=LINE('',#3151,#1606);
#1309=LINE('',#3153,#1607);
#1310=LINE('',#3155,#1608);
#1311=LINE('',#3157,#1609);
#1312=LINE('',#3159,#1610);
#1313=LINE('',#3161,#1611);
#1314=LINE('',#3163,#1612);
#1315=LINE('',#3165,#1613);
#1316=LINE('',#3167,#1614);
#1317=LINE('',#3169,#1615);
#1318=LINE('',#3171,#1616);
#1319=LINE('',#3173,#1617);
#1320=LINE('',#3175,#1618);
#1321=LINE('',#3177,#1619);
#1322=LINE('',#3179,#1620);
#1323=LINE('',#3181,#1621);
#1324=LINE('',#3183,#1622);
#1325=LINE('',#3185,#1623);
#1326=LINE('',#3187,#1624);
#1327=LINE('',#3189,#1625);
#1328=LINE('',#3191,#1626);
#1329=LINE('',#3193,#1627);
#1330=LINE('',#3195,#1628);
#1331=LINE('',#3197,#1629);
#1332=LINE('',#3199,#1630);
#1333=LINE('',#3201,#1631);
#1334=LINE('',#3203,#1632);
#1335=LINE('',#3205,#1633);
#1336=LINE('',#3207,#1634);
#1337=LINE('',#3209,#1635);
#1338=LINE('',#3211,#1636);
#1339=LINE('',#3213,#1637);
#1340=LINE('',#3215,#1638);
#1341=LINE('',#3217,#1639);
#1342=LINE('',#3219,#1640);
#1343=LINE('',#3221,#1641);
#1344=LINE('',#3223,#1642);
#1345=LINE('',#3225,#1643);
#1346=LINE('',#3227,#1644);
#1347=LINE('',#3229,#1645);
#1348=LINE('',#3231,#1646);
#1349=LINE('',#3233,#1647);
#1350=LINE('',#3235,#1648);
#1351=LINE('',#3237,#1649);
#1352=LINE('',#3239,#1650);
#1353=LINE('',#3241,#1651);
#1354=LINE('',#3243,#1652);
#1355=LINE('',#3245,#1653);
#1356=LINE('',#3247,#1654);
#1357=LINE('',#3249,#1655);
#1358=LINE('',#3251,#1656);
#1359=LINE('',#3253,#1657);
#1360=LINE('',#3255,#1658);
#1361=LINE('',#3257,#1659);
#1362=LINE('',#3259,#1660);
#1363=LINE('',#3261,#1661);
#1364=LINE('',#3263,#1662);
#1365=LINE('',#3265,#1663);
#1366=LINE('',#3267,#1664);
#1367=LINE('',#3269,#1665);
#1368=LINE('',#3271,#1666);
#1369=LINE('',#3273,#1667);
#1370=LINE('',#3275,#1668);
#1371=LINE('',#3277,#1669);
#1372=LINE('',#3279,#1670);
#1373=LINE('',#3281,#1671);
#1374=LINE('',#3283,#1672);
#1375=LINE('',#3285,#1673);
#1376=LINE('',#3286,#1674);
#1377=LINE('',#3288,#1675);
#1378=LINE('',#3290,#1676);
#1379=LINE('',#3292,#1677);
#1380=LINE('',#3294,#1678);
#1381=LINE('',#3296,#1679);
#1382=LINE('',#3298,#1680);
#1383=LINE('',#3300,#1681);
#1384=LINE('',#3302,#1682);
#1385=LINE('',#3304,#1683);
#1386=LINE('',#3306,#1684);
#1387=LINE('',#3308,#1685);
#1388=LINE('',#3310,#1686);
#1389=LINE('',#3312,#1687);
#1390=LINE('',#3314,#1688);
#1391=LINE('',#3316,#1689);
#1392=LINE('',#3318,#1690);
#1393=LINE('',#3320,#1691);
#1394=LINE('',#3322,#1692);
#1395=LINE('',#3324,#1693);
#1396=LINE('',#3326,#1694);
#1397=LINE('',#3328,#1695);
#1398=LINE('',#3330,#1696);
#1399=LINE('',#3332,#1697);
#1400=LINE('',#3334,#1698);
#1401=LINE('',#3336,#1699);
#1402=LINE('',#3338,#1700);
#1403=LINE('',#3340,#1701);
#1404=LINE('',#3342,#1702);
#1405=LINE('',#3344,#1703);
#1406=LINE('',#3346,#1704);
#1407=LINE('',#3348,#1705);
#1408=LINE('',#3349,#1706);
#1409=LINE('',#3351,#1707);
#1410=LINE('',#3352,#1708);
#1411=LINE('',#3363,#1709);
#1412=LINE('',#3372,#1710);
#1413=LINE('',#3374,#1711);
#1414=LINE('',#3376,#1712);
#1415=LINE('',#3378,#1713);
#1416=LINE('',#3380,#1714);
#1417=LINE('',#3382,#1715);
#1418=LINE('',#3384,#1716);
#1419=LINE('',#3386,#1717);
#1420=LINE('',#3388,#1718);
#1421=LINE('',#3394,#1719);
#1422=LINE('',#3396,#1720);
#1423=LINE('',#3397,#1721);
#1424=LINE('',#3399,#1722);
#1425=LINE('',#3401,#1723);
#1426=LINE('',#3402,#1724);
#1427=VECTOR('',#2279,1.);
#1428=VECTOR('',#2280,1.);
#1429=VECTOR('',#2281,1.);
#1430=VECTOR('',#2282,1.);
#1431=VECTOR('',#2283,1.);
#1432=VECTOR('',#2286,1.);
#1433=VECTOR('',#2287,1.);
#1434=VECTOR('',#2288,1.);
#1435=VECTOR('',#2289,1.);
#1436=VECTOR('',#2290,1.);
#1437=VECTOR('',#2293,1.);
#1438=VECTOR('',#2294,1.);
#1439=VECTOR('',#2295,1.);
#1440=VECTOR('',#2298,1.);
#1441=VECTOR('',#2299,1.);
#1442=VECTOR('',#2300,1.);
#1443=VECTOR('',#2301,1.);
#1444=VECTOR('',#2304,1.);
#1445=VECTOR('',#2305,1.);
#1446=VECTOR('',#2306,1.);
#1447=VECTOR('',#2309,1.);
#1448=VECTOR('',#2310,1.);
#1449=VECTOR('',#2311,1.);
#1450=VECTOR('',#2314,1.);
#1451=VECTOR('',#2315,1.);
#1452=VECTOR('',#2316,1.);
#1453=VECTOR('',#2319,1.);
#1454=VECTOR('',#2320,1.);
#1455=VECTOR('',#2321,1.);
#1456=VECTOR('',#2322,1.);
#1457=VECTOR('',#2323,1.);
#1458=VECTOR('',#2324,1.);
#1459=VECTOR('',#2325,1.);
#1460=VECTOR('',#2326,1.);
#1461=VECTOR('',#2327,1.);
#1462=VECTOR('',#2328,1.);
#1463=VECTOR('',#2329,1.);
#1464=VECTOR('',#2330,1.);
#1465=VECTOR('',#2331,1.);
#1466=VECTOR('',#2332,1.);
#1467=VECTOR('',#2333,1.);
#1468=VECTOR('',#2334,1.);
#1469=VECTOR('',#2335,1.);
#1470=VECTOR('',#2336,1.);
#1471=VECTOR('',#2337,1.);
#1472=VECTOR('',#2338,1.);
#1473=VECTOR('',#2339,1.);
#1474=VECTOR('',#2340,1.);
#1475=VECTOR('',#2341,1.);
#1476=VECTOR('',#2342,1.);
#1477=VECTOR('',#2343,1.);
#1478=VECTOR('',#2344,1.);
#1479=VECTOR('',#2345,1.);
#1480=VECTOR('',#2346,1.);
#1481=VECTOR('',#2347,1.);
#1482=VECTOR('',#2348,1.);
#1483=VECTOR('',#2349,1.);
#1484=VECTOR('',#2350,1.);
#1485=VECTOR('',#2351,1.);
#1486=VECTOR('',#2352,1.);
#1487=VECTOR('',#2353,1.);
#1488=VECTOR('',#2354,1.);
#1489=VECTOR('',#2355,1.);
#1490=VECTOR('',#2356,1.);
#1491=VECTOR('',#2357,1.);
#1492=VECTOR('',#2358,1.);
#1493=VECTOR('',#2359,1.);
#1494=VECTOR('',#2360,1.);
#1495=VECTOR('',#2361,1.);
#1496=VECTOR('',#2362,1.);
#1497=VECTOR('',#2363,1.);
#1498=VECTOR('',#2364,1.);
#1499=VECTOR('',#2365,1.);
#1500=VECTOR('',#2366,1.);
#1501=VECTOR('',#2367,1.);
#1502=VECTOR('',#2368,1.);
#1503=VECTOR('',#2369,1.);
#1504=VECTOR('',#2370,1.);
#1505=VECTOR('',#2371,1.);
#1506=VECTOR('',#2372,1.);
#1507=VECTOR('',#2373,1.);
#1508=VECTOR('',#2374,1.);
#1509=VECTOR('',#2375,1.);
#1510=VECTOR('',#2376,1.);
#1511=VECTOR('',#2377,1.);
#1512=VECTOR('',#2378,1.);
#1513=VECTOR('',#2379,1.);
#1514=VECTOR('',#2380,1.);
#1515=VECTOR('',#2381,1.);
#1516=VECTOR('',#2382,1.);
#1517=VECTOR('',#2383,1.);
#1518=VECTOR('',#2384,1.);
#1519=VECTOR('',#2385,1.);
#1520=VECTOR('',#2386,1.);
#1521=VECTOR('',#2387,1.);
#1522=VECTOR('',#2388,1.);
#1523=VECTOR('',#2389,1.);
#1524=VECTOR('',#2390,1.);
#1525=VECTOR('',#2391,1.);
#1526=VECTOR('',#2392,1.);
#1527=VECTOR('',#2393,1.);
#1528=VECTOR('',#2394,1.);
#1529=VECTOR('',#2397,1.);
#1530=VECTOR('',#2398,1.);
#1531=VECTOR('',#2399,1.);
#1532=VECTOR('',#2402,1.);
#1533=VECTOR('',#2403,1.);
#1534=VECTOR('',#2406,1.);
#1535=VECTOR('',#2407,1.);
#1536=VECTOR('',#2410,1.);
#1537=VECTOR('',#2413,1.);
#1538=VECTOR('',#2414,1.);
#1539=VECTOR('',#2415,1.);
#1540=VECTOR('',#2418,1.);
#1541=VECTOR('',#2419,1.);
#1542=VECTOR('',#2422,1.);
#1543=VECTOR('',#2423,1.);
#1544=VECTOR('',#2426,1.);
#1545=VECTOR('',#2429,1.);
#1546=VECTOR('',#2430,1.);
#1547=VECTOR('',#2431,1.);
#1548=VECTOR('',#2434,1.);
#1549=VECTOR('',#2435,1.);
#1550=VECTOR('',#2438,1.);
#1551=VECTOR('',#2439,1.);
#1552=VECTOR('',#2442,1.);
#1553=VECTOR('',#2445,1.);
#1554=VECTOR('',#2446,1.);
#1555=VECTOR('',#2447,1.);
#1556=VECTOR('',#2450,1.);
#1557=VECTOR('',#2451,1.);
#1558=VECTOR('',#2454,1.);
#1559=VECTOR('',#2455,1.);
#1560=VECTOR('',#2458,1.);
#1561=VECTOR('',#2461,1.);
#1562=VECTOR('',#2462,1.);
#1563=VECTOR('',#2463,1.);
#1564=VECTOR('',#2466,1.);
#1565=VECTOR('',#2467,1.);
#1566=VECTOR('',#2470,1.);
#1567=VECTOR('',#2471,1.);
#1568=VECTOR('',#2474,1.);
#1569=VECTOR('',#2477,1.);
#1570=VECTOR('',#2478,1.);
#1571=VECTOR('',#2479,1.);
#1572=VECTOR('',#2482,1.);
#1573=VECTOR('',#2483,1.);
#1574=VECTOR('',#2486,1.);
#1575=VECTOR('',#2487,1.);
#1576=VECTOR('',#2490,1.);
#1577=VECTOR('',#2493,1.);
#1578=VECTOR('',#2494,1.);
#1579=VECTOR('',#2495,1.);
#1580=VECTOR('',#2498,1.);
#1581=VECTOR('',#2499,1.);
#1582=VECTOR('',#2502,1.);
#1583=VECTOR('',#2503,1.);
#1584=VECTOR('',#2506,1.);
#1585=VECTOR('',#2509,1.);
#1586=VECTOR('',#2510,1.);
#1587=VECTOR('',#2511,1.);
#1588=VECTOR('',#2514,1.);
#1589=VECTOR('',#2515,1.);
#1590=VECTOR('',#2518,1.);
#1591=VECTOR('',#2519,1.);
#1592=VECTOR('',#2522,1.);
#1593=VECTOR('',#2525,1.);
#1594=VECTOR('',#2526,1.);
#1595=VECTOR('',#2527,1.);
#1596=VECTOR('',#2530,1.);
#1597=VECTOR('',#2531,1.);
#1598=VECTOR('',#2534,1.);
#1599=VECTOR('',#2535,1.);
#1600=VECTOR('',#2538,1.);
#1601=VECTOR('',#2541,1.);
#1602=VECTOR('',#2542,1.);
#1603=VECTOR('',#2545,1.);
#1604=VECTOR('',#2546,1.);
#1605=VECTOR('',#2549,1.);
#1606=VECTOR('',#2550,1.);
#1607=VECTOR('',#2553,1.);
#1608=VECTOR('',#2554,1.);
#1609=VECTOR('',#2557,1.);
#1610=VECTOR('',#2558,1.);
#1611=VECTOR('',#2561,1.);
#1612=VECTOR('',#2562,1.);
#1613=VECTOR('',#2565,1.);
#1614=VECTOR('',#2566,1.);
#1615=VECTOR('',#2569,1.);
#1616=VECTOR('',#2570,1.);
#1617=VECTOR('',#2573,1.);
#1618=VECTOR('',#2574,1.);
#1619=VECTOR('',#2577,1.);
#1620=VECTOR('',#2578,1.);
#1621=VECTOR('',#2581,1.);
#1622=VECTOR('',#2582,1.);
#1623=VECTOR('',#2585,1.);
#1624=VECTOR('',#2586,1.);
#1625=VECTOR('',#2589,1.);
#1626=VECTOR('',#2590,1.);
#1627=VECTOR('',#2593,1.);
#1628=VECTOR('',#2594,1.);
#1629=VECTOR('',#2597,1.);
#1630=VECTOR('',#2598,1.);
#1631=VECTOR('',#2601,1.);
#1632=VECTOR('',#2602,1.);
#1633=VECTOR('',#2605,1.);
#1634=VECTOR('',#2606,1.);
#1635=VECTOR('',#2609,1.);
#1636=VECTOR('',#2610,1.);
#1637=VECTOR('',#2613,1.);
#1638=VECTOR('',#2614,1.);
#1639=VECTOR('',#2617,1.);
#1640=VECTOR('',#2618,1.);
#1641=VECTOR('',#2621,1.);
#1642=VECTOR('',#2622,1.);
#1643=VECTOR('',#2625,1.);
#1644=VECTOR('',#2626,1.);
#1645=VECTOR('',#2629,1.);
#1646=VECTOR('',#2630,1.);
#1647=VECTOR('',#2633,1.);
#1648=VECTOR('',#2634,1.);
#1649=VECTOR('',#2637,1.);
#1650=VECTOR('',#2638,1.);
#1651=VECTOR('',#2641,1.);
#1652=VECTOR('',#2642,1.);
#1653=VECTOR('',#2645,1.);
#1654=VECTOR('',#2646,1.);
#1655=VECTOR('',#2649,1.);
#1656=VECTOR('',#2650,1.);
#1657=VECTOR('',#2653,1.);
#1658=VECTOR('',#2654,1.);
#1659=VECTOR('',#2657,1.);
#1660=VECTOR('',#2658,1.);
#1661=VECTOR('',#2661,1.);
#1662=VECTOR('',#2662,1.);
#1663=VECTOR('',#2665,1.);
#1664=VECTOR('',#2666,1.);
#1665=VECTOR('',#2669,1.);
#1666=VECTOR('',#2670,1.);
#1667=VECTOR('',#2673,1.);
#1668=VECTOR('',#2674,1.);
#1669=VECTOR('',#2677,1.);
#1670=VECTOR('',#2678,1.);
#1671=VECTOR('',#2681,1.);
#1672=VECTOR('',#2682,1.);
#1673=VECTOR('',#2685,1.);
#1674=VECTOR('',#2686,1.);
#1675=VECTOR('',#2687,1.);
#1676=VECTOR('',#2690,1.);
#1677=VECTOR('',#2691,1.);
#1678=VECTOR('',#2694,1.);
#1679=VECTOR('',#2695,1.);
#1680=VECTOR('',#2698,1.);
#1681=VECTOR('',#2701,1.);
#1682=VECTOR('',#2704,1.);
#1683=VECTOR('',#2705,1.);
#1684=VECTOR('',#2706,1.);
#1685=VECTOR('',#2707,1.);
#1686=VECTOR('',#2708,1.);
#1687=VECTOR('',#2709,1.);
#1688=VECTOR('',#2710,1.);
#1689=VECTOR('',#2711,1.);
#1690=VECTOR('',#2714,1.);
#1691=VECTOR('',#2715,1.);
#1692=VECTOR('',#2716,1.);
#1693=VECTOR('',#2717,1.);
#1694=VECTOR('',#2718,1.);
#1695=VECTOR('',#2719,1.);
#1696=VECTOR('',#2720,1.);
#1697=VECTOR('',#2721,1.);
#1698=VECTOR('',#2722,1.);
#1699=VECTOR('',#2723,1.);
#1700=VECTOR('',#2724,1.);
#1701=VECTOR('',#2725,1.);
#1702=VECTOR('',#2726,1.);
#1703=VECTOR('',#2727,1.);
#1704=VECTOR('',#2730,1.);
#1705=VECTOR('',#2733,1.);
#1706=VECTOR('',#2734,1.);
#1707=VECTOR('',#2737,1.);
#1708=VECTOR('',#2738,1.);
#1709=VECTOR('',#2743,1.);
#1710=VECTOR('',#2744,1.);
#1711=VECTOR('',#2747,1.);
#1712=VECTOR('',#2748,1.);
#1713=VECTOR('',#2751,1.);
#1714=VECTOR('',#2752,1.);
#1715=VECTOR('',#2755,1.);
#1716=VECTOR('',#2758,1.);
#1717=VECTOR('',#2759,1.);
#1718=VECTOR('',#2760,1.);
#1719=VECTOR('',#2767,1.);
#1720=VECTOR('',#2768,1.);
#1721=VECTOR('',#2769,1.);
#1722=VECTOR('',#2770,1.);
#1723=VECTOR('',#2773,1.);
#1724=VECTOR('',#2774,1.);
#1725=EDGE_LOOP('',(#22,#23,#24,#25,#26));
#1726=EDGE_LOOP('',(#27,#28,#29,#30,#31,#32));
#1727=EDGE_LOOP('',(#33,#34,#35,#36));
#1728=EDGE_LOOP('',(#37,#38,#39,#40));
#1729=EDGE_LOOP('',(#41,#42,#43,#44));
#1730=EDGE_LOOP('',(#45,#46,#47,#48));
#1731=EDGE_LOOP('',(#49,#50,#51,#52));
#1732=EDGE_LOOP('',(#53,#54,#55,#56,#57,#58,#59,#60,#61,#62,#63,#64,#65,
#66,#67,#68,#69,#70,#71,#72,#73,#74,#75,#76,#77,#78,#79,#80,#81,#82,#83,
#84,#85,#86,#87,#88,#89,#90,#91,#92,#93,#94,#95,#96,#97,#98,#99,#100,#101,
#102,#103,#104,#105,#106,#107,#108,#109,#110,#111,#112,#113,#114,#115,#116,
#117,#118,#119,#120,#121,#122,#123,#124,#125,#126,#127,#128,#129,#130,#131,
#132));
#1733=EDGE_LOOP('',(#133,#134,#135,#136));
#1734=EDGE_LOOP('',(#137,#138,#139,#140));
#1735=EDGE_LOOP('',(#141,#142,#143,#144));
#1736=EDGE_LOOP('',(#145,#146,#147,#148));
#1737=EDGE_LOOP('',(#149,#150,#151,#152));
#1738=EDGE_LOOP('',(#153,#154,#155,#156));
#1739=EDGE_LOOP('',(#157,#158,#159,#160));
#1740=EDGE_LOOP('',(#161,#162,#163,#164));
#1741=EDGE_LOOP('',(#165,#166,#167,#168));
#1742=EDGE_LOOP('',(#169,#170,#171,#172));
#1743=EDGE_LOOP('',(#173,#174,#175,#176));
#1744=EDGE_LOOP('',(#177,#178,#179,#180));
#1745=EDGE_LOOP('',(#181,#182,#183,#184));
#1746=EDGE_LOOP('',(#185,#186,#187,#188));
#1747=EDGE_LOOP('',(#189,#190,#191,#192));
#1748=EDGE_LOOP('',(#193,#194,#195,#196));
#1749=EDGE_LOOP('',(#197,#198,#199,#200));
#1750=EDGE_LOOP('',(#201,#202,#203,#204));
#1751=EDGE_LOOP('',(#205,#206,#207,#208));
#1752=EDGE_LOOP('',(#209,#210,#211,#212));
#1753=EDGE_LOOP('',(#213,#214,#215,#216));
#1754=EDGE_LOOP('',(#217,#218,#219,#220));
#1755=EDGE_LOOP('',(#221,#222,#223,#224));
#1756=EDGE_LOOP('',(#225,#226,#227,#228));
#1757=EDGE_LOOP('',(#229,#230,#231,#232));
#1758=EDGE_LOOP('',(#233,#234,#235,#236));
#1759=EDGE_LOOP('',(#237,#238,#239,#240));
#1760=EDGE_LOOP('',(#241,#242,#243,#244));
#1761=EDGE_LOOP('',(#245,#246,#247,#248));
#1762=EDGE_LOOP('',(#249,#250,#251,#252));
#1763=EDGE_LOOP('',(#253,#254,#255,#256));
#1764=EDGE_LOOP('',(#257,#258,#259,#260));
#1765=EDGE_LOOP('',(#261,#262,#263,#264));
#1766=EDGE_LOOP('',(#265,#266,#267,#268));
#1767=EDGE_LOOP('',(#269,#270,#271,#272));
#1768=EDGE_LOOP('',(#273,#274,#275,#276));
#1769=EDGE_LOOP('',(#277,#278,#279,#280));
#1770=EDGE_LOOP('',(#281,#282,#283,#284));
#1771=EDGE_LOOP('',(#285,#286,#287,#288));
#1772=EDGE_LOOP('',(#289,#290,#291,#292));
#1773=EDGE_LOOP('',(#293,#294,#295,#296));
#1774=EDGE_LOOP('',(#297,#298,#299,#300));
#1775=EDGE_LOOP('',(#301,#302,#303,#304));
#1776=EDGE_LOOP('',(#305,#306,#307,#308));
#1777=EDGE_LOOP('',(#309,#310,#311,#312));
#1778=EDGE_LOOP('',(#313,#314,#315,#316));
#1779=EDGE_LOOP('',(#317,#318,#319,#320));
#1780=EDGE_LOOP('',(#321,#322,#323,#324));
#1781=EDGE_LOOP('',(#325,#326,#327,#328));
#1782=EDGE_LOOP('',(#329,#330,#331,#332));
#1783=EDGE_LOOP('',(#333,#334,#335,#336));
#1784=EDGE_LOOP('',(#337,#338,#339,#340));
#1785=EDGE_LOOP('',(#341,#342,#343,#344));
#1786=EDGE_LOOP('',(#345,#346,#347,#348));
#1787=EDGE_LOOP('',(#349,#350,#351,#352));
#1788=EDGE_LOOP('',(#353,#354,#355,#356));
#1789=EDGE_LOOP('',(#357,#358,#359,#360));
#1790=EDGE_LOOP('',(#361,#362,#363,#364));
#1791=EDGE_LOOP('',(#365,#366,#367,#368));
#1792=EDGE_LOOP('',(#369,#370,#371,#372));
#1793=EDGE_LOOP('',(#373,#374,#375,#376));
#1794=EDGE_LOOP('',(#377,#378,#379,#380));
#1795=EDGE_LOOP('',(#381,#382,#383,#384));
#1796=EDGE_LOOP('',(#385,#386,#387,#388));
#1797=EDGE_LOOP('',(#389,#390,#391,#392));
#1798=EDGE_LOOP('',(#393,#394,#395,#396));
#1799=EDGE_LOOP('',(#397,#398,#399,#400));
#1800=EDGE_LOOP('',(#401,#402,#403,#404));
#1801=EDGE_LOOP('',(#405,#406,#407,#408));
#1802=EDGE_LOOP('',(#409,#410,#411,#412));
#1803=EDGE_LOOP('',(#413,#414,#415,#416));
#1804=EDGE_LOOP('',(#417,#418,#419,#420));
#1805=EDGE_LOOP('',(#421,#422,#423,#424,#425,#426,#427,#428));
#1806=EDGE_LOOP('',(#429,#430,#431,#432,#433,#434,#435,#436,#437,#438,#439,
#440,#441,#442,#443,#444,#445,#446,#447,#448,#449,#450,#451,#452,#453,#454,
#455,#456,#457,#458,#459,#460,#461,#462,#463,#464,#465,#466,#467,#468,#469,
#470,#471,#472,#473,#474,#475,#476,#477,#478,#479,#480,#481,#482,#483,#484,
#485,#486,#487,#488,#489,#490,#491,#492,#493,#494,#495,#496,#497,#498,#499,
#500,#501,#502,#503,#504,#505,#506,#507,#508));
#1807=EDGE_LOOP('',(#509,#510,#511,#512));
#1808=EDGE_LOOP('',(#513,#514,#515,#516));
#1809=EDGE_LOOP('',(#517,#518,#519,#520));
#1810=EDGE_LOOP('',(#521,#522,#523,#524,#525,#526,#527,#528,#529,#530,#531,
#532,#533,#534,#535,#536));
#1811=EDGE_LOOP('',(#537,#538,#539,#540,#541,#542,#543,#544,#545,#546,#547,
#548,#549,#550,#551));
#1812=EDGE_LOOP('',(#552,#553,#554,#555));
#1813=EDGE_LOOP('',(#556,#557,#558,#559));
#1814=EDGE_LOOP('',(#560,#561,#562,#563));
#1815=EDGE_LOOP('',(#564,#565,#566,#567));
#1816=EDGE_LOOP('',(#568,#569,#570,#571));
#1817=EDGE_LOOP('',(#572,#573,#574,#575));
#1818=EDGE_LOOP('',(#576,#577,#578,#579));
#1819=EDGE_LOOP('',(#580,#581,#582,#583));
#1820=EDGE_LOOP('',(#584,#585,#586,#587));
#1821=EDGE_LOOP('',(#588,#589,#590,#591));
#1822=EDGE_LOOP('',(#592,#593,#594,#595));
#1823=EDGE_LOOP('',(#596));
#1824=EDGE_LOOP('',(#597));
#1825=EDGE_LOOP('',(#598,#599,#600,#601,#602,#603));
#1826=EDGE_LOOP('',(#604,#605,#606,#607));
#1827=EDGE_LOOP('',(#608,#609,#610,#611));
#1828=EDGE_LOOP('',(#612,#613,#614,#615));
#1829=EDGE_LOOP('',(#616,#617,#618,#619));
#1830=EDGE_LOOP('',(#620));
#1831=EDGE_LOOP('',(#621));
#1832=EDGE_LOOP('',(#622));
#1833=EDGE_LOOP('',(#623));
#1834=EDGE_LOOP('',(#624));
#1835=EDGE_LOOP('',(#625));
#1836=FACE_BOUND('',#1725,.T.);
#1837=FACE_BOUND('',#1726,.T.);
#1838=FACE_BOUND('',#1727,.T.);
#1839=FACE_BOUND('',#1728,.T.);
#1840=FACE_BOUND('',#1729,.T.);
#1841=FACE_BOUND('',#1730,.T.);
#1842=FACE_BOUND('',#1731,.T.);
#1843=FACE_BOUND('',#1732,.T.);
#1844=FACE_BOUND('',#1733,.T.);
#1845=FACE_BOUND('',#1734,.T.);
#1846=FACE_BOUND('',#1735,.T.);
#1847=FACE_BOUND('',#1736,.T.);
#1848=FACE_BOUND('',#1737,.T.);
#1849=FACE_BOUND('',#1738,.T.);
#1850=FACE_BOUND('',#1739,.T.);
#1851=FACE_BOUND('',#1740,.T.);
#1852=FACE_BOUND('',#1741,.T.);
#1853=FACE_BOUND('',#1742,.T.);
#1854=FACE_BOUND('',#1743,.T.);
#1855=FACE_BOUND('',#1744,.T.);
#1856=FACE_BOUND('',#1745,.T.);
#1857=FACE_BOUND('',#1746,.T.);
#1858=FACE_BOUND('',#1747,.T.);
#1859=FACE_BOUND('',#1748,.T.);
#1860=FACE_BOUND('',#1749,.T.);
#1861=FACE_BOUND('',#1750,.T.);
#1862=FACE_BOUND('',#1751,.T.);
#1863=FACE_BOUND('',#1752,.T.);
#1864=FACE_BOUND('',#1753,.T.);
#1865=FACE_BOUND('',#1754,.T.);
#1866=FACE_BOUND('',#1755,.T.);
#1867=FACE_BOUND('',#1756,.T.);
#1868=FACE_BOUND('',#1757,.T.);
#1869=FACE_BOUND('',#1758,.T.);
#1870=FACE_BOUND('',#1759,.T.);
#1871=FACE_BOUND('',#1760,.T.);
#1872=FACE_BOUND('',#1761,.T.);
#1873=FACE_BOUND('',#1762,.T.);
#1874=FACE_BOUND('',#1763,.T.);
#1875=FACE_BOUND('',#1764,.T.);
#1876=FACE_BOUND('',#1765,.T.);
#1877=FACE_BOUND('',#1766,.T.);
#1878=FACE_BOUND('',#1767,.T.);
#1879=FACE_BOUND('',#1768,.T.);
#1880=FACE_BOUND('',#1769,.T.);
#1881=FACE_BOUND('',#1770,.T.);
#1882=FACE_BOUND('',#1771,.T.);
#1883=FACE_BOUND('',#1772,.T.);
#1884=FACE_BOUND('',#1773,.T.);
#1885=FACE_BOUND('',#1774,.T.);
#1886=FACE_BOUND('',#1775,.T.);
#1887=FACE_BOUND('',#1776,.T.);
#1888=FACE_BOUND('',#1777,.T.);
#1889=FACE_BOUND('',#1778,.T.);
#1890=FACE_BOUND('',#1779,.T.);
#1891=FACE_BOUND('',#1780,.T.);
#1892=FACE_BOUND('',#1781,.T.);
#1893=FACE_BOUND('',#1782,.T.);
#1894=FACE_BOUND('',#1783,.T.);
#1895=FACE_BOUND('',#1784,.T.);
#1896=FACE_BOUND('',#1785,.T.);
#1897=FACE_BOUND('',#1786,.T.);
#1898=FACE_BOUND('',#1787,.T.);
#1899=FACE_BOUND('',#1788,.T.);
#1900=FACE_BOUND('',#1789,.T.);
#1901=FACE_BOUND('',#1790,.T.);
#1902=FACE_BOUND('',#1791,.T.);
#1903=FACE_BOUND('',#1792,.T.);
#1904=FACE_BOUND('',#1793,.T.);
#1905=FACE_BOUND('',#1794,.T.);
#1906=FACE_BOUND('',#1795,.T.);
#1907=FACE_BOUND('',#1796,.T.);
#1908=FACE_BOUND('',#1797,.T.);
#1909=FACE_BOUND('',#1798,.T.);
#1910=FACE_BOUND('',#1799,.T.);
#1911=FACE_BOUND('',#1800,.T.);
#1912=FACE_BOUND('',#1801,.T.);
#1913=FACE_BOUND('',#1802,.T.);
#1914=FACE_BOUND('',#1803,.T.);
#1915=FACE_BOUND('',#1804,.T.);
#1916=FACE_BOUND('',#1805,.T.);
#1917=FACE_BOUND('',#1806,.T.);
#1918=FACE_BOUND('',#1807,.T.);
#1919=FACE_BOUND('',#1808,.T.);
#1920=FACE_BOUND('',#1809,.T.);
#1921=FACE_BOUND('',#1810,.T.);
#1922=FACE_BOUND('',#1811,.T.);
#1923=FACE_BOUND('',#1812,.T.);
#1924=FACE_BOUND('',#1813,.T.);
#1925=FACE_BOUND('',#1814,.T.);
#1926=FACE_BOUND('',#1815,.T.);
#1927=FACE_BOUND('',#1816,.T.);
#1928=FACE_BOUND('',#1817,.T.);
#1929=FACE_BOUND('',#1818,.T.);
#1930=FACE_BOUND('',#1819,.T.);
#1931=FACE_BOUND('',#1820,.T.);
#1932=FACE_BOUND('',#1821,.T.);
#1933=FACE_BOUND('',#1822,.T.);
#1934=FACE_BOUND('',#1823,.T.);
#1935=FACE_BOUND('',#1824,.T.);
#1936=FACE_BOUND('',#1825,.T.);
#1937=FACE_BOUND('',#1826,.T.);
#1938=FACE_BOUND('',#1827,.T.);
#1939=FACE_BOUND('',#1828,.T.);
#1940=FACE_BOUND('',#1829,.T.);
#1941=FACE_BOUND('',#1830,.T.);
#1942=FACE_BOUND('',#1831,.T.);
#1943=FACE_BOUND('',#1832,.T.);
#1944=FACE_BOUND('',#1833,.T.);
#1945=FACE_BOUND('',#1834,.T.);
#1946=FACE_BOUND('',#1835,.T.);
#1947=PLANE('',#2168);
#1948=PLANE('',#2169);
#1949=PLANE('',#2170);
#1950=PLANE('',#2171);
#1951=PLANE('',#2172);
#1952=PLANE('',#2173);
#1953=PLANE('',#2174);
#1954=PLANE('',#2175);
#1955=PLANE('',#2176);
#1956=PLANE('',#2177);
#1957=PLANE('',#2178);
#1958=PLANE('',#2179);
#1959=PLANE('',#2180);
#1960=PLANE('',#2181);
#1961=PLANE('',#2182);
#1962=PLANE('',#2183);
#1963=PLANE('',#2184);
#1964=PLANE('',#2185);
#1965=PLANE('',#2186);
#1966=PLANE('',#2187);
#1967=PLANE('',#2188);
#1968=PLANE('',#2189);
#1969=PLANE('',#2190);
#1970=PLANE('',#2191);
#1971=PLANE('',#2192);
#1972=PLANE('',#2193);
#1973=PLANE('',#2194);
#1974=PLANE('',#2195);
#1975=PLANE('',#2196);
#1976=PLANE('',#2197);
#1977=PLANE('',#2198);
#1978=PLANE('',#2199);
#1979=PLANE('',#2200);
#1980=PLANE('',#2201);
#1981=PLANE('',#2202);
#1982=PLANE('',#2203);
#1983=PLANE('',#2204);
#1984=PLANE('',#2205);
#1985=PLANE('',#2206);
#1986=PLANE('',#2207);
#1987=PLANE('',#2208);
#1988=PLANE('',#2209);
#1989=PLANE('',#2210);
#1990=PLANE('',#2211);
#1991=PLANE('',#2212);
#1992=PLANE('',#2213);
#1993=PLANE('',#2214);
#1994=PLANE('',#2215);
#1995=PLANE('',#2216);
#1996=PLANE('',#2217);
#1997=PLANE('',#2218);
#1998=PLANE('',#2219);
#1999=PLANE('',#2220);
#2000=PLANE('',#2221);
#2001=PLANE('',#2222);
#2002=PLANE('',#2223);
#2003=PLANE('',#2224);
#2004=PLANE('',#2225);
#2005=PLANE('',#2226);
#2006=PLANE('',#2227);
#2007=PLANE('',#2228);
#2008=PLANE('',#2229);
#2009=PLANE('',#2230);
#2010=PLANE('',#2231);
#2011=PLANE('',#2232);
#2012=PLANE('',#2233);
#2013=PLANE('',#2234);
#2014=PLANE('',#2235);
#2015=PLANE('',#2236);
#2016=PLANE('',#2237);
#2017=PLANE('',#2238);
#2018=PLANE('',#2239);
#2019=PLANE('',#2240);
#2020=PLANE('',#2241);
#2021=PLANE('',#2242);
#2022=PLANE('',#2243);
#2023=PLANE('',#2244);
#2024=PLANE('',#2245);
#2025=PLANE('',#2246);
#2026=PLANE('',#2247);
#2027=PLANE('',#2248);
#2028=PLANE('',#2249);
#2029=PLANE('',#2250);
#2030=PLANE('',#2251);
#2031=PLANE('',#2252);
#2032=PLANE('',#2253);
#2033=PLANE('',#2254);
#2034=PLANE('',#2255);
#2035=PLANE('',#2256);
#2036=PLANE('',#2257);
#2037=PLANE('',#2258);
#2038=PLANE('',#2259);
#2039=PLANE('',#2260);
#2040=PLANE('',#2261);
#2041=PLANE('',#2262);
#2042=PLANE('',#2263);
#2043=PLANE('',#2264);
#2044=PLANE('',#2267);
#2045=PLANE('',#2268);
#2046=PLANE('',#2271);
#2047=PLANE('',#2274);
#2048=ADVANCED_FACE('',(#1836),#1947,.F.);
#2049=ADVANCED_FACE('',(#1837),#1948,.T.);
#2050=ADVANCED_FACE('',(#1838),#1949,.T.);
#2051=ADVANCED_FACE('',(#1839),#1950,.T.);
#2052=ADVANCED_FACE('',(#1840),#1951,.T.);
#2053=ADVANCED_FACE('',(#1841),#1952,.F.);
#2054=ADVANCED_FACE('',(#1842),#1953,.T.);
#2055=ADVANCED_FACE('',(#1843),#1954,.T.);
#2056=ADVANCED_FACE('',(#1844),#1955,.T.);
#2057=ADVANCED_FACE('',(#1845),#1956,.T.);
#2058=ADVANCED_FACE('',(#1846),#1957,.F.);
#2059=ADVANCED_FACE('',(#1847),#1958,.T.);
#2060=ADVANCED_FACE('',(#1848),#1959,.T.);
#2061=ADVANCED_FACE('',(#1849),#1960,.T.);
#2062=ADVANCED_FACE('',(#1850),#1961,.F.);
#2063=ADVANCED_FACE('',(#1851),#1962,.T.);
#2064=ADVANCED_FACE('',(#1852),#1963,.T.);
#2065=ADVANCED_FACE('',(#1853),#1964,.T.);
#2066=ADVANCED_FACE('',(#1854),#1965,.F.);
#2067=ADVANCED_FACE('',(#1855),#1966,.T.);
#2068=ADVANCED_FACE('',(#1856),#1967,.T.);
#2069=ADVANCED_FACE('',(#1857),#1968,.T.);
#2070=ADVANCED_FACE('',(#1858),#1969,.F.);
#2071=ADVANCED_FACE('',(#1859),#1970,.T.);
#2072=ADVANCED_FACE('',(#1860),#1971,.T.);
#2073=ADVANCED_FACE('',(#1861),#1972,.T.);
#2074=ADVANCED_FACE('',(#1862),#1973,.F.);
#2075=ADVANCED_FACE('',(#1863),#1974,.T.);
#2076=ADVANCED_FACE('',(#1864),#1975,.T.);
#2077=ADVANCED_FACE('',(#1865),#1976,.T.);
#2078=ADVANCED_FACE('',(#1866),#1977,.F.);
#2079=ADVANCED_FACE('',(#1867),#1978,.T.);
#2080=ADVANCED_FACE('',(#1868),#1979,.T.);
#2081=ADVANCED_FACE('',(#1869),#1980,.T.);
#2082=ADVANCED_FACE('',(#1870),#1981,.F.);
#2083=ADVANCED_FACE('',(#1871),#1982,.T.);
#2084=ADVANCED_FACE('',(#1872),#1983,.T.);
#2085=ADVANCED_FACE('',(#1873),#1984,.T.);
#2086=ADVANCED_FACE('',(#1874),#1985,.F.);
#2087=ADVANCED_FACE('',(#1875),#1986,.T.);
#2088=ADVANCED_FACE('',(#1876),#1987,.T.);
#2089=ADVANCED_FACE('',(#1877),#1988,.T.);
#2090=ADVANCED_FACE('',(#1878),#1989,.F.);
#2091=ADVANCED_FACE('',(#1879),#1990,.T.);
#2092=ADVANCED_FACE('',(#1880),#1991,.T.);
#2093=ADVANCED_FACE('',(#1881),#1992,.T.);
#2094=ADVANCED_FACE('',(#1882),#1993,.F.);
#2095=ADVANCED_FACE('',(#1883),#1994,.T.);
#2096=ADVANCED_FACE('',(#1884),#1995,.T.);
#2097=ADVANCED_FACE('',(#1885),#1996,.T.);
#2098=ADVANCED_FACE('',(#1886),#1997,.F.);
#2099=ADVANCED_FACE('',(#1887),#1998,.T.);
#2100=ADVANCED_FACE('',(#1888),#1999,.T.);
#2101=ADVANCED_FACE('',(#1889),#2000,.T.);
#2102=ADVANCED_FACE('',(#1890),#2001,.F.);
#2103=ADVANCED_FACE('',(#1891),#2002,.T.);
#2104=ADVANCED_FACE('',(#1892),#2003,.T.);
#2105=ADVANCED_FACE('',(#1893),#2004,.T.);
#2106=ADVANCED_FACE('',(#1894),#2005,.F.);
#2107=ADVANCED_FACE('',(#1895),#2006,.T.);
#2108=ADVANCED_FACE('',(#1896),#2007,.T.);
#2109=ADVANCED_FACE('',(#1897),#2008,.T.);
#2110=ADVANCED_FACE('',(#1898),#2009,.F.);
#2111=ADVANCED_FACE('',(#1899),#2010,.T.);
#2112=ADVANCED_FACE('',(#1900),#2011,.T.);
#2113=ADVANCED_FACE('',(#1901),#2012,.T.);
#2114=ADVANCED_FACE('',(#1902),#2013,.F.);
#2115=ADVANCED_FACE('',(#1903),#2014,.T.);
#2116=ADVANCED_FACE('',(#1904),#2015,.T.);
#2117=ADVANCED_FACE('',(#1905),#2016,.T.);
#2118=ADVANCED_FACE('',(#1906),#2017,.F.);
#2119=ADVANCED_FACE('',(#1907),#2018,.T.);
#2120=ADVANCED_FACE('',(#1908),#2019,.T.);
#2121=ADVANCED_FACE('',(#1909),#2020,.T.);
#2122=ADVANCED_FACE('',(#1910),#2021,.F.);
#2123=ADVANCED_FACE('',(#1911),#2022,.T.);
#2124=ADVANCED_FACE('',(#1912),#2023,.T.);
#2125=ADVANCED_FACE('',(#1913),#2024,.T.);
#2126=ADVANCED_FACE('',(#1914),#2025,.F.);
#2127=ADVANCED_FACE('',(#1915),#2026,.T.);
#2128=ADVANCED_FACE('',(#1916),#2027,.F.);
#2129=ADVANCED_FACE('',(#1917),#2028,.F.);
#2130=ADVANCED_FACE('',(#1918),#2029,.T.);
#2131=ADVANCED_FACE('',(#1919),#2030,.T.);
#2132=ADVANCED_FACE('',(#1920),#2031,.F.);
#2133=ADVANCED_FACE('',(#1921),#2032,.F.);
#2134=ADVANCED_FACE('',(#1922),#2033,.T.);
#2135=ADVANCED_FACE('',(#1923),#2034,.T.);
#2136=ADVANCED_FACE('',(#1924),#2035,.T.);
#2137=ADVANCED_FACE('',(#1925),#2036,.F.);
#2138=ADVANCED_FACE('',(#1926),#2037,.F.);
#2139=ADVANCED_FACE('',(#1927),#2038,.F.);
#2140=ADVANCED_FACE('',(#1928),#18,.T.);
#2141=ADVANCED_FACE('',(#1929),#19,.T.);
#2142=ADVANCED_FACE('',(#1930),#2039,.F.);
#2143=ADVANCED_FACE('',(#1931),#2040,.F.);
#2144=ADVANCED_FACE('',(#1932),#2041,.F.);
#2145=ADVANCED_FACE('',(#1933),#2042,.T.);
#2146=ADVANCED_FACE('',(#1934,#1935,#1936),#2043,.T.);
#2147=ADVANCED_FACE('',(#1937),#2044,.F.);
#2148=ADVANCED_FACE('',(#1938),#2045,.T.);
#2149=ADVANCED_FACE('',(#1939),#20,.T.);
#2150=ADVANCED_FACE('',(#1940),#21,.T.);
#2151=ADVANCED_FACE('',(#1941,#1942),#12,.T.);
#2152=ADVANCED_FACE('',(#1943),#2046,.T.);
#2153=ADVANCED_FACE('',(#1944,#1945),#13,.T.);
#2154=ADVANCED_FACE('',(#1946),#2047,.T.);
#2155=CLOSED_SHELL('',(#2048,#2049,#2050,#2051,#2052,#2053,#2054,#2055,
#2056,#2057,#2058,#2059,#2060,#2061,#2062,#2063,#2064,#2065,#2066,#2067,
#2068,#2069,#2070,#2071,#2072,#2073,#2074,#2075,#2076,#2077,#2078,#2079,
#2080,#2081,#2082,#2083,#2084,#2085,#2086,#2087,#2088,#2089,#2090,#2091,
#2092,#2093,#2094,#2095,#2096,#2097,#2098,#2099,#2100,#2101,#2102,#2103,
#2104,#2105,#2106,#2107,#2108,#2109,#2110,#2111,#2112,#2113,#2114,#2115,
#2116,#2117,#2118,#2119,#2120,#2121,#2122,#2123,#2124,#2125,#2126,#2127,
#2128,#2129,#2130,#2131,#2132,#2133,#2134,#2135,#2136,#2137,#2138,#2139,
#2140,#2141,#2142,#2143,#2144,#2145,#2146,#2147,#2148,#2149,#2150,#2151,
#2152,#2153,#2154));
#2156=STYLED_ITEM('',(#2157),#2164);
#2157=PRESENTATION_STYLE_ASSIGNMENT((#2158));
#2158=SURFACE_STYLE_USAGE(.BOTH.,#2159);
#2159=SURFACE_SIDE_STYLE('',(#2160));
#2160=SURFACE_STYLE_FILL_AREA(#2161);
#2161=FILL_AREA_STYLE('',(#2162));
#2162=FILL_AREA_STYLE_COLOUR('',#2163);
#2163=COLOUR_RGB('',0.980392156862745,0.713725490196078,0.00392156862745098);
#2164=MANIFOLD_SOLID_BREP('Bottom Rack',#2155);
#2165=SHAPE_DEFINITION_REPRESENTATION(#3434,#2166);
#2166=SHAPE_REPRESENTATION('Bottom Rack',(#2167),#3429);
#2167=AXIS2_PLACEMENT_3D('',#2789,#2275,#2276);
#2168=AXIS2_PLACEMENT_3D('',#2790,#2277,#2278);
#2169=AXIS2_PLACEMENT_3D('',#2801,#2284,#2285);
#2170=AXIS2_PLACEMENT_3D('',#2811,#2291,#2292);
#2171=AXIS2_PLACEMENT_3D('',#2817,#2296,#2297);
#2172=AXIS2_PLACEMENT_3D('',#2826,#2302,#2303);
#2173=AXIS2_PLACEMENT_3D('',#2832,#2307,#2308);
#2174=AXIS2_PLACEMENT_3D('',#2838,#2312,#2313);
#2175=AXIS2_PLACEMENT_3D('',#2844,#2317,#2318);
#2176=AXIS2_PLACEMENT_3D('',#2996,#2395,#2396);
#2177=AXIS2_PLACEMENT_3D('',#3002,#2400,#2401);
#2178=AXIS2_PLACEMENT_3D('',#3006,#2404,#2405);
#2179=AXIS2_PLACEMENT_3D('',#3010,#2408,#2409);
#2180=AXIS2_PLACEMENT_3D('',#3012,#2411,#2412);
#2181=AXIS2_PLACEMENT_3D('',#3018,#2416,#2417);
#2182=AXIS2_PLACEMENT_3D('',#3022,#2420,#2421);
#2183=AXIS2_PLACEMENT_3D('',#3026,#2424,#2425);
#2184=AXIS2_PLACEMENT_3D('',#3028,#2427,#2428);
#2185=AXIS2_PLACEMENT_3D('',#3034,#2432,#2433);
#2186=AXIS2_PLACEMENT_3D('',#3038,#2436,#2437);
#2187=AXIS2_PLACEMENT_3D('',#3042,#2440,#2441);
#2188=AXIS2_PLACEMENT_3D('',#3044,#2443,#2444);
#2189=AXIS2_PLACEMENT_3D('',#3050,#2448,#2449);
#2190=AXIS2_PLACEMENT_3D('',#3054,#2452,#2453);
#2191=AXIS2_PLACEMENT_3D('',#3058,#2456,#2457);
#2192=AXIS2_PLACEMENT_3D('',#3060,#2459,#2460);
#2193=AXIS2_PLACEMENT_3D('',#3066,#2464,#2465);
#2194=AXIS2_PLACEMENT_3D('',#3070,#2468,#2469);
#2195=AXIS2_PLACEMENT_3D('',#3074,#2472,#2473);
#2196=AXIS2_PLACEMENT_3D('',#3076,#2475,#2476);
#2197=AXIS2_PLACEMENT_3D('',#3082,#2480,#2481);
#2198=AXIS2_PLACEMENT_3D('',#3086,#2484,#2485);
#2199=AXIS2_PLACEMENT_3D('',#3090,#2488,#2489);
#2200=AXIS2_PLACEMENT_3D('',#3092,#2491,#2492);
#2201=AXIS2_PLACEMENT_3D('',#3098,#2496,#2497);
#2202=AXIS2_PLACEMENT_3D('',#3102,#2500,#2501);
#2203=AXIS2_PLACEMENT_3D('',#3106,#2504,#2505);
#2204=AXIS2_PLACEMENT_3D('',#3108,#2507,#2508);
#2205=AXIS2_PLACEMENT_3D('',#3114,#2512,#2513);
#2206=AXIS2_PLACEMENT_3D('',#3118,#2516,#2517);
#2207=AXIS2_PLACEMENT_3D('',#3122,#2520,#2521);
#2208=AXIS2_PLACEMENT_3D('',#3124,#2523,#2524);
#2209=AXIS2_PLACEMENT_3D('',#3130,#2528,#2529);
#2210=AXIS2_PLACEMENT_3D('',#3134,#2532,#2533);
#2211=AXIS2_PLACEMENT_3D('',#3138,#2536,#2537);
#2212=AXIS2_PLACEMENT_3D('',#3140,#2539,#2540);
#2213=AXIS2_PLACEMENT_3D('',#3144,#2543,#2544);
#2214=AXIS2_PLACEMENT_3D('',#3148,#2547,#2548);
#2215=AXIS2_PLACEMENT_3D('',#3152,#2551,#2552);
#2216=AXIS2_PLACEMENT_3D('',#3156,#2555,#2556);
#2217=AXIS2_PLACEMENT_3D('',#3160,#2559,#2560);
#2218=AXIS2_PLACEMENT_3D('',#3164,#2563,#2564);
#2219=AXIS2_PLACEMENT_3D('',#3168,#2567,#2568);
#2220=AXIS2_PLACEMENT_3D('',#3172,#2571,#2572);
#2221=AXIS2_PLACEMENT_3D('',#3176,#2575,#2576);
#2222=AXIS2_PLACEMENT_3D('',#3180,#2579,#2580);
#2223=AXIS2_PLACEMENT_3D('',#3184,#2583,#2584);
#2224=AXIS2_PLACEMENT_3D('',#3188,#2587,#2588);
#2225=AXIS2_PLACEMENT_3D('',#3192,#2591,#2592);
#2226=AXIS2_PLACEMENT_3D('',#3196,#2595,#2596);
#2227=AXIS2_PLACEMENT_3D('',#3200,#2599,#2600);
#2228=AXIS2_PLACEMENT_3D('',#3204,#2603,#2604);
#2229=AXIS2_PLACEMENT_3D('',#3208,#2607,#2608);
#2230=AXIS2_PLACEMENT_3D('',#3212,#2611,#2612);
#2231=AXIS2_PLACEMENT_3D('',#3216,#2615,#2616);
#2232=AXIS2_PLACEMENT_3D('',#3220,#2619,#2620);
#2233=AXIS2_PLACEMENT_3D('',#3224,#2623,#2624);
#2234=AXIS2_PLACEMENT_3D('',#3228,#2627,#2628);
#2235=AXIS2_PLACEMENT_3D('',#3232,#2631,#2632);
#2236=AXIS2_PLACEMENT_3D('',#3236,#2635,#2636);
#2237=AXIS2_PLACEMENT_3D('',#3240,#2639,#2640);
#2238=AXIS2_PLACEMENT_3D('',#3244,#2643,#2644);
#2239=AXIS2_PLACEMENT_3D('',#3248,#2647,#2648);
#2240=AXIS2_PLACEMENT_3D('',#3252,#2651,#2652);
#2241=AXIS2_PLACEMENT_3D('',#3256,#2655,#2656);
#2242=AXIS2_PLACEMENT_3D('',#3260,#2659,#2660);
#2243=AXIS2_PLACEMENT_3D('',#3264,#2663,#2664);
#2244=AXIS2_PLACEMENT_3D('',#3268,#2667,#2668);
#2245=AXIS2_PLACEMENT_3D('',#3272,#2671,#2672);
#2246=AXIS2_PLACEMENT_3D('',#3276,#2675,#2676);
#2247=AXIS2_PLACEMENT_3D('',#3280,#2679,#2680);
#2248=AXIS2_PLACEMENT_3D('',#3284,#2683,#2684);
#2249=AXIS2_PLACEMENT_3D('',#3289,#2688,#2689);
#2250=AXIS2_PLACEMENT_3D('',#3293,#2692,#2693);
#2251=AXIS2_PLACEMENT_3D('',#3297,#2696,#2697);
#2252=AXIS2_PLACEMENT_3D('',#3299,#2699,#2700);
#2253=AXIS2_PLACEMENT_3D('',#3301,#2702,#2703);
#2254=AXIS2_PLACEMENT_3D('',#3317,#2712,#2713);
#2255=AXIS2_PLACEMENT_3D('',#3345,#2728,#2729);
#2256=AXIS2_PLACEMENT_3D('',#3347,#2731,#2732);
#2257=AXIS2_PLACEMENT_3D('',#3350,#2735,#2736);
#2258=AXIS2_PLACEMENT_3D('',#3353,#2739,#2740);
#2259=AXIS2_PLACEMENT_3D('',#3354,#2741,#2742);
#2260=AXIS2_PLACEMENT_3D('',#3373,#2745,#2746);
#2261=AXIS2_PLACEMENT_3D('',#3377,#2749,#2750);
#2262=AXIS2_PLACEMENT_3D('',#3381,#2753,#2754);
#2263=AXIS2_PLACEMENT_3D('',#3383,#2756,#2757);
#2264=AXIS2_PLACEMENT_3D('',#3389,#2761,#2762);
#2265=AXIS2_PLACEMENT_3D('',#3390,#2763,#2764);
#2266=AXIS2_PLACEMENT_3D('',#3392,#2765,#2766);
#2267=AXIS2_PLACEMENT_3D('',#3400,#2771,#2772);
#2268=AXIS2_PLACEMENT_3D('',#3403,#2775,#2776);
#2269=AXIS2_PLACEMENT_3D('',#3420,#2777,#2778);
#2270=AXIS2_PLACEMENT_3D('',#3421,#2779,#2780);
#2271=AXIS2_PLACEMENT_3D('',#3423,#2781,#2782);
#2272=AXIS2_PLACEMENT_3D('',#3424,#2783,#2784);
#2273=AXIS2_PLACEMENT_3D('',#3425,#2785,#2786);
#2274=AXIS2_PLACEMENT_3D('',#3427,#2787,#2788);
#2275=DIRECTION('',(0.,0.,1.));
#2276=DIRECTION('',(1.,0.,0.));
#2277=DIRECTION('',(-0.999973870951454,-0.00012616385503218,-0.00722782796184044));
#2278=DIRECTION('',(-0.00722782801936426,0.,0.999973878909906));
#2279=DIRECTION('',(-5.9428723443965E-19,0.999847691176682,-0.0174526344331741));
#2280=DIRECTION('',(0.00722892899150899,-0.0174521784124417,-0.999821566107821));
#2281=DIRECTION('',(-8.1313038248573E-19,0.999847691176682,-0.017452634433174));
#2282=DIRECTION('',(0.00722892899150899,-0.0174521784124417,-0.999821566107821));
#2283=DIRECTION('',(-5.9428723443965E-19,0.999847691176682,-0.0174526344331741));
#2284=DIRECTION('',(-0.00722892899150899,0.0174521784124417,0.999821566107821));
#2285=DIRECTION('',(0.999973870951454,0.00012616385503218,0.00722782796184045));
#2286=DIRECTION('',(1.85594853850552E-18,0.999847691176682,-0.0174526344331741));
#2287=DIRECTION('',(0.999973870951454,0.000126163855030003,0.00722782796184048));
#2288=DIRECTION('',(-0.999973870951454,-0.000126163855029785,-0.00722782796184049));
#2289=DIRECTION('',(3.0096462786576E-19,0.999847691176682,-0.0174526344331741));
#2290=DIRECTION('',(0.999973870951454,0.000126163855029785,0.00722782796184049));
#2291=DIRECTION('',(-0.999973870951454,-0.00012616385503218,-0.00722782796184045));
#2292=DIRECTION('',(-0.00722782801936427,0.,0.999973878909906));
#2293=DIRECTION('',(3.0096462786576E-19,0.999847691176682,-0.0174526344331741));
#2294=DIRECTION('',(0.00722892899150899,-0.0174521784124417,-0.999821566107821));
#2295=DIRECTION('',(0.00722892899150899,-0.0174521784124417,-0.999821566107821));
#2296=DIRECTION('',(-0.34201120666474,-0.939592647888337,0.0139280490346857));
#2297=DIRECTION('',(-0.939683797197358,0.342044384963054,0.));
#2298=DIRECTION('',(0.00722892899150899,-0.0174521784124417,-0.999821566107821));
#2299=DIRECTION('',(-0.939668067511802,0.341849495396504,-0.0127610891302962));
#2300=DIRECTION('',(0.00722892899150899,-0.0174521784124417,-0.999821566107821));
#2301=DIRECTION('',(-0.939668067511802,0.341849495396504,-0.0127610891302962));
#2302=DIRECTION('',(-0.999973870951454,-0.00012616385503219,-0.00722782796184044));
#2303=DIRECTION('',(-0.00722782801936426,0.,0.999973878909906));
#2304=DIRECTION('',(-9.94553097212712E-18,0.999847691176682,-0.0174526344331741));
#2305=DIRECTION('',(0.00722892899150899,-0.0174521784124417,-0.999821566107821));
#2306=DIRECTION('',(-9.93183271957007E-18,0.999847691176682,-0.0174526344331741));
#2307=DIRECTION('',(0.342011206664742,-0.939506346728775,0.0188721745455697));
#2308=DIRECTION('',(-0.939673698240264,-0.342072128118419,0.));
#2309=DIRECTION('',(-0.939668067511801,-0.342086605883674,-0.000822784069806797));
#2310=DIRECTION('',(0.00722892899150899,-0.0174521784124417,-0.999821566107821));
#2311=DIRECTION('',(-0.939668067511801,-0.342086605883674,-0.000822784069806796));
#2312=DIRECTION('',(-0.999973870951454,-0.000126163855032247,-0.00722782796184044));
#2313=DIRECTION('',(-0.00722782801936426,0.,0.999973878909906));
#2314=DIRECTION('',(-6.77335060573752E-17,0.999847691176682,-0.0174526344331741));
#2315=DIRECTION('',(0.00722892899150899,-0.0174521784124417,-0.999821566107821));
#2316=DIRECTION('',(-6.76919608841405E-17,0.999847691176682,-0.0174526344331741));
#2317=DIRECTION('',(0.00722892899150899,-0.0174521784124417,-0.999821566107821));
#2318=DIRECTION('',(-0.999973870951454,-0.00012616385503218,-0.00722782796184045));
#2319=DIRECTION('',(-0.999973870951454,-0.000126163855029785,-0.00722782796184049));
#2320=DIRECTION('',(-6.0192925573152E-19,0.999847691176682,-0.0174526344331741));
#2321=DIRECTION('',(0.999973870951454,0.000126163855029785,0.00722782796184049));
#2322=DIRECTION('',(2.3948016369215E-15,0.999847691176682,-0.017452634433174));
#2323=DIRECTION('',(-0.939668067511802,0.341849495396504,-0.0127610891302962));
#2324=DIRECTION('',(-9.93183271957007E-18,0.999847691176682,-0.0174526344331741));
#2325=DIRECTION('',(-0.939668067511801,-0.342086605883674,-0.000822784069806796));
#2326=DIRECTION('',(-6.76919608841405E-17,0.999847691176682,-0.0174526344331741));
#2327=DIRECTION('',(-0.939668067511802,0.341849495396504,-0.0127610891302962));
#2328=DIRECTION('',(-9.93183271957007E-18,0.999847691176682,-0.0174526344331741));
#2329=DIRECTION('',(-0.939668067511801,-0.342086605883674,-0.000822784069806796));
#2330=DIRECTION('',(-6.76919608841405E-17,0.999847691176682,-0.0174526344331741));
#2331=DIRECTION('',(-0.939668067511802,0.341849495396504,-0.0127610891302962));
#2332=DIRECTION('',(-9.93183271957007E-18,0.999847691176682,-0.0174526344331741));
#2333=DIRECTION('',(-0.939668067511801,-0.342086605883674,-0.000822784069806796));
#2334=DIRECTION('',(-6.76919608841405E-17,0.999847691176682,-0.0174526344331741));
#2335=DIRECTION('',(-0.939668067511802,0.341849495396504,-0.0127610891302962));
#2336=DIRECTION('',(-9.93183271957007E-18,0.999847691176682,-0.0174526344331741));
#2337=DIRECTION('',(-0.939668067511801,-0.342086605883674,-0.000822784069806796));
#2338=DIRECTION('',(-6.76919608841405E-17,0.999847691176682,-0.0174526344331741));
#2339=DIRECTION('',(-0.939668067511802,0.341849495396504,-0.0127610891302962));
#2340=DIRECTION('',(-9.93183271957007E-18,0.999847691176682,-0.0174526344331741));
#2341=DIRECTION('',(-0.939668067511801,-0.342086605883674,-0.000822784069806796));
#2342=DIRECTION('',(-6.76919608841405E-17,0.999847691176682,-0.0174526344331741));
#2343=DIRECTION('',(-0.939668067511802,0.341849495396504,-0.0127610891302962));
#2344=DIRECTION('',(-9.93183271957007E-18,0.999847691176682,-0.0174526344331741));
#2345=DIRECTION('',(-0.939668067511801,-0.342086605883674,-0.000822784069806796));
#2346=DIRECTION('',(-6.76919608841405E-17,0.999847691176682,-0.0174526344331741));
#2347=DIRECTION('',(-0.939668067511802,0.341849495396504,-0.0127610891302962));
#2348=DIRECTION('',(-9.93183271957007E-18,0.999847691176682,-0.0174526344331741));
#2349=DIRECTION('',(-0.939668067511801,-0.342086605883674,-0.000822784069806796));
#2350=DIRECTION('',(-6.76919608841405E-17,0.999847691176682,-0.0174526344331741));
#2351=DIRECTION('',(-0.939668067511802,0.341849495396504,-0.0127610891302962));
#2352=DIRECTION('',(-9.93183271957007E-18,0.999847691176682,-0.0174526344331741));
#2353=DIRECTION('',(-0.939668067511801,-0.342086605883674,-0.000822784069806796));
#2354=DIRECTION('',(-6.76919608841405E-17,0.999847691176682,-0.0174526344331741));
#2355=DIRECTION('',(-0.939668067511802,0.341849495396504,-0.0127610891302962));
#2356=DIRECTION('',(-9.93183271957007E-18,0.999847691176682,-0.0174526344331741));
#2357=DIRECTION('',(-0.939668067511801,-0.342086605883674,-0.000822784069806796));
#2358=DIRECTION('',(-6.76919608841405E-17,0.999847691176682,-0.0174526344331741));
#2359=DIRECTION('',(-0.939668067511802,0.341849495396504,-0.0127610891302962));
#2360=DIRECTION('',(-9.93183271957007E-18,0.999847691176682,-0.0174526344331741));
#2361=DIRECTION('',(-0.939668067511801,-0.342086605883674,-0.000822784069806796));
#2362=DIRECTION('',(-6.67639866148877E-17,0.999847691176682,-0.0174526344331741));
#2363=DIRECTION('',(-0.939668067511801,0.341849495396507,-0.0127610891302962));
#2364=DIRECTION('',(-7.524115696644E-18,0.999847691176682,-0.0174526344331741));
#2365=DIRECTION('',(-0.939668067511802,-0.342086605883671,-0.000822784069806854));
#2366=DIRECTION('',(-6.86199351533933E-17,0.999847691176682,-0.0174526344331741));
#2367=DIRECTION('',(-0.939668067511803,0.341849495396502,-0.0127610891302962));
#2368=DIRECTION('',(-1.70546622457264E-17,0.999847691176682,-0.0174526344331741));
#2369=DIRECTION('',(-0.939668067511802,-0.342086605883671,-0.000822784069806854));
#2370=DIRECTION('',(-6.67639866148877E-17,0.999847691176682,-0.0174526344331741));
#2371=DIRECTION('',(-0.939668067511803,0.341849495396502,-0.0127610891302962));
#2372=DIRECTION('',(-1.22893889711852E-17,0.999847691176682,-0.0174526344331741));
#2373=DIRECTION('',(-0.939668067511802,-0.342086605883671,-0.000822784069806854));
#2374=DIRECTION('',(-6.86199351533933E-17,0.999847691176682,-0.0174526344331741));
#2375=DIRECTION('',(-0.939668067511803,0.341849495396502,-0.0127610891302962));
#2376=DIRECTION('',(-1.22893889711852E-17,0.999847691176682,-0.0174526344331741));
#2377=DIRECTION('',(-0.939668067511802,-0.342086605883671,-0.000822784069806854));
#2378=DIRECTION('',(-6.67639866148877E-17,0.999847691176682,-0.0174526344331741));
#2379=DIRECTION('',(-0.939668067511801,0.341849495396507,-0.0127610891302962));
#2380=DIRECTION('',(-7.524115696644E-18,0.999847691176682,-0.0174526344331741));
#2381=DIRECTION('',(-0.939668067511802,-0.342086605883671,-0.000822784069806854));
#2382=DIRECTION('',(-6.67639866148877E-17,0.999847691176682,-0.0174526344331741));
#2383=DIRECTION('',(-0.939668067511801,0.341849495396507,-0.0127610891302962));
#2384=DIRECTION('',(-1.70546622457264E-17,0.999847691176682,-0.0174526344331741));
#2385=DIRECTION('',(-0.939668067511802,-0.342086605883671,-0.000822784069806854));
#2386=DIRECTION('',(-6.67639866148877E-17,0.999847691176682,-0.0174526344331741));
#2387=DIRECTION('',(-0.939668067511802,0.341849495396505,-0.0127610891302962));
#2388=DIRECTION('',(-1.70546622457264E-17,0.999847691176682,-0.0174526344331741));
#2389=DIRECTION('',(-0.939668067511802,-0.342086605883671,-0.000822784069806854));
#2390=DIRECTION('',(-6.86199351533933E-17,0.999847691176682,-0.0174526344331741));
#2391=DIRECTION('',(-0.939668067511802,0.341849495396505,-0.0127610891302962));
#2392=DIRECTION('',(-1.22893889711852E-17,0.999847691176682,-0.0174526344331741));
#2393=DIRECTION('',(-0.939668067511802,-0.342086605883671,-0.000822784069806854));
#2394=DIRECTION('',(-6.86199351533933E-17,0.999847691176682,-0.0174526344331741));
#2395=DIRECTION('',(-0.34201120666474,-0.939592647888337,0.0139280490346857));
#2396=DIRECTION('',(-0.939683797197358,0.342044384963054,0.));
#2397=DIRECTION('',(0.00722892899150899,-0.0174521784124417,-0.999821566107821));
#2398=DIRECTION('',(-0.939668067511802,0.341849495396504,-0.0127610891302962));
#2399=DIRECTION('',(0.00722892899150899,-0.0174521784124417,-0.999821566107821));
#2400=DIRECTION('',(-0.999973870951454,-0.00012616385503219,-0.00722782796184044));
#2401=DIRECTION('',(-0.00722782801936426,0.,0.999973878909906));
#2402=DIRECTION('',(-9.94553097212712E-18,0.999847691176682,-0.0174526344331741));
#2403=DIRECTION('',(0.00722892899150899,-0.0174521784124417,-0.999821566107821));
#2404=DIRECTION('',(0.342011206664742,-0.939506346728775,0.0188721745455697));
#2405=DIRECTION('',(-0.939673698240264,-0.342072128118419,0.));
#2406=DIRECTION('',(-0.939668067511801,-0.342086605883674,-0.000822784069806797));
#2407=DIRECTION('',(0.00722892899150899,-0.0174521784124417,-0.999821566107821));
#2408=DIRECTION('',(-0.999973870951454,-0.000126163855032247,-0.00722782796184044));
#2409=DIRECTION('',(-0.00722782801936426,0.,0.999973878909906));
#2410=DIRECTION('',(-6.77335060573752E-17,0.999847691176682,-0.0174526344331741));
#2411=DIRECTION('',(-0.34201120666474,-0.939592647888337,0.0139280490346857));
#2412=DIRECTION('',(-0.939683797197358,0.342044384963054,0.));
#2413=DIRECTION('',(0.00722892899150899,-0.0174521784124417,-0.999821566107821));
#2414=DIRECTION('',(-0.939668067511802,0.341849495396504,-0.0127610891302962));
#2415=DIRECTION('',(0.00722892899150899,-0.0174521784124417,-0.999821566107821));
#2416=DIRECTION('',(-0.999973870951454,-0.00012616385503219,-0.00722782796184044));
#2417=DIRECTION('',(-0.00722782801936426,0.,0.999973878909906));
#2418=DIRECTION('',(-9.94553097212712E-18,0.999847691176682,-0.0174526344331741));
#2419=DIRECTION('',(0.00722892899150899,-0.0174521784124417,-0.999821566107821));
#2420=DIRECTION('',(0.342011206664742,-0.939506346728775,0.0188721745455697));
#2421=DIRECTION('',(-0.939673698240264,-0.342072128118419,0.));
#2422=DIRECTION('',(-0.939668067511801,-0.342086605883674,-0.000822784069806797));
#2423=DIRECTION('',(0.00722892899150899,-0.0174521784124417,-0.999821566107821));
#2424=DIRECTION('',(-0.999973870951454,-0.000126163855032247,-0.00722782796184044));
#2425=DIRECTION('',(-0.00722782801936426,0.,0.999973878909906));
#2426=DIRECTION('',(-6.77335060573752E-17,0.999847691176682,-0.0174526344331741));
#2427=DIRECTION('',(-0.34201120666474,-0.939592647888337,0.0139280490346857));
#2428=DIRECTION('',(-0.939683797197358,0.342044384963054,0.));
#2429=DIRECTION('',(0.00722892899150899,-0.0174521784124417,-0.999821566107821));
#2430=DIRECTION('',(-0.939668067511802,0.341849495396504,-0.0127610891302962));
#2431=DIRECTION('',(0.00722892899150899,-0.0174521784124417,-0.999821566107821));
#2432=DIRECTION('',(-0.999973870951454,-0.00012616385503219,-0.00722782796184044));
#2433=DIRECTION('',(-0.00722782801936426,0.,0.999973878909906));
#2434=DIRECTION('',(-9.94553097212712E-18,0.999847691176682,-0.0174526344331741));
#2435=DIRECTION('',(0.00722892899150899,-0.0174521784124417,-0.999821566107821));
#2436=DIRECTION('',(0.342011206664742,-0.939506346728775,0.0188721745455697));
#2437=DIRECTION('',(-0.939673698240264,-0.342072128118419,0.));
#2438=DIRECTION('',(-0.939668067511801,-0.342086605883674,-0.000822784069806797));
#2439=DIRECTION('',(0.00722892899150899,-0.0174521784124417,-0.999821566107821));
#2440=DIRECTION('',(-0.999973870951454,-0.000126163855032247,-0.00722782796184044));
#2441=DIRECTION('',(-0.00722782801936426,0.,0.999973878909906));
#2442=DIRECTION('',(-6.77335060573752E-17,0.999847691176682,-0.0174526344331741));
#2443=DIRECTION('',(-0.34201120666474,-0.939592647888337,0.0139280490346857));
#2444=DIRECTION('',(-0.939683797197358,0.342044384963054,0.));
#2445=DIRECTION('',(0.00722892899150899,-0.0174521784124417,-0.999821566107821));
#2446=DIRECTION('',(-0.939668067511802,0.341849495396504,-0.0127610891302962));
#2447=DIRECTION('',(0.00722892899150899,-0.0174521784124417,-0.999821566107821));
#2448=DIRECTION('',(-0.999973870951454,-0.00012616385503219,-0.00722782796184044));
#2449=DIRECTION('',(-0.00722782801936426,0.,0.999973878909906));
#2450=DIRECTION('',(-9.94553097212712E-18,0.999847691176682,-0.0174526344331741));
#2451=DIRECTION('',(0.00722892899150899,-0.0174521784124417,-0.999821566107821));
#2452=DIRECTION('',(0.342011206664742,-0.939506346728775,0.0188721745455697));
#2453=DIRECTION('',(-0.939673698240264,-0.342072128118419,0.));
#2454=DIRECTION('',(-0.939668067511801,-0.342086605883674,-0.000822784069806797));
#2455=DIRECTION('',(0.00722892899150899,-0.0174521784124417,-0.999821566107821));
#2456=DIRECTION('',(-0.999973870951454,-0.000126163855032247,-0.00722782796184044));
#2457=DIRECTION('',(-0.00722782801936426,0.,0.999973878909906));
#2458=DIRECTION('',(-6.77335060573752E-17,0.999847691176682,-0.0174526344331741));
#2459=DIRECTION('',(-0.34201120666474,-0.939592647888337,0.0139280490346857));
#2460=DIRECTION('',(-0.939683797197358,0.342044384963054,0.));
#2461=DIRECTION('',(0.00722892899150899,-0.0174521784124417,-0.999821566107821));
#2462=DIRECTION('',(-0.939668067511802,0.341849495396504,-0.0127610891302962));
#2463=DIRECTION('',(0.00722892899150899,-0.0174521784124417,-0.999821566107821));
#2464=DIRECTION('',(-0.999973870951454,-0.00012616385503219,-0.00722782796184044));
#2465=DIRECTION('',(-0.00722782801936426,0.,0.999973878909906));
#2466=DIRECTION('',(-9.94553097212712E-18,0.999847691176682,-0.0174526344331741));
#2467=DIRECTION('',(0.00722892899150899,-0.0174521784124417,-0.999821566107821));
#2468=DIRECTION('',(0.342011206664742,-0.939506346728775,0.0188721745455697));
#2469=DIRECTION('',(-0.939673698240264,-0.342072128118419,0.));
#2470=DIRECTION('',(-0.939668067511801,-0.342086605883674,-0.000822784069806797));
#2471=DIRECTION('',(0.00722892899150899,-0.0174521784124417,-0.999821566107821));
#2472=DIRECTION('',(-0.999973870951454,-0.000126163855032247,-0.00722782796184044));
#2473=DIRECTION('',(-0.00722782801936426,0.,0.999973878909906));
#2474=DIRECTION('',(-6.77335060573752E-17,0.999847691176682,-0.0174526344331741));
#2475=DIRECTION('',(-0.34201120666474,-0.939592647888337,0.0139280490346857));
#2476=DIRECTION('',(-0.939683797197358,0.342044384963054,0.));
#2477=DIRECTION('',(0.00722892899150899,-0.0174521784124417,-0.999821566107821));
#2478=DIRECTION('',(-0.939668067511802,0.341849495396504,-0.0127610891302962));
#2479=DIRECTION('',(0.00722892899150899,-0.0174521784124417,-0.999821566107821));
#2480=DIRECTION('',(-0.999973870951454,-0.00012616385503219,-0.00722782796184044));
#2481=DIRECTION('',(-0.00722782801936426,0.,0.999973878909906));
#2482=DIRECTION('',(-9.94553097212712E-18,0.999847691176682,-0.0174526344331741));
#2483=DIRECTION('',(0.00722892899150899,-0.0174521784124417,-0.999821566107821));
#2484=DIRECTION('',(0.342011206664742,-0.939506346728775,0.0188721745455697));
#2485=DIRECTION('',(-0.939673698240264,-0.342072128118419,0.));
#2486=DIRECTION('',(-0.939668067511801,-0.342086605883674,-0.000822784069806797));
#2487=DIRECTION('',(0.00722892899150899,-0.0174521784124417,-0.999821566107821));
#2488=DIRECTION('',(-0.999973870951454,-0.000126163855032247,-0.00722782796184044));
#2489=DIRECTION('',(-0.00722782801936426,0.,0.999973878909906));
#2490=DIRECTION('',(-6.77335060573752E-17,0.999847691176682,-0.0174526344331741));
#2491=DIRECTION('',(-0.34201120666474,-0.939592647888337,0.0139280490346857));
#2492=DIRECTION('',(-0.939683797197358,0.342044384963054,0.));
#2493=DIRECTION('',(0.00722892899150899,-0.0174521784124417,-0.999821566107821));
#2494=DIRECTION('',(-0.939668067511802,0.341849495396504,-0.0127610891302962));
#2495=DIRECTION('',(0.00722892899150899,-0.0174521784124417,-0.999821566107821));
#2496=DIRECTION('',(-0.999973870951454,-0.00012616385503219,-0.00722782796184044));
#2497=DIRECTION('',(-0.00722782801936426,0.,0.999973878909906));
#2498=DIRECTION('',(-9.94553097212712E-18,0.999847691176682,-0.0174526344331741));
#2499=DIRECTION('',(0.00722892899150899,-0.0174521784124417,-0.999821566107821));
#2500=DIRECTION('',(0.342011206664742,-0.939506346728775,0.0188721745455697));
#2501=DIRECTION('',(-0.939673698240264,-0.342072128118419,0.));
#2502=DIRECTION('',(-0.939668067511801,-0.342086605883674,-0.000822784069806797));
#2503=DIRECTION('',(0.00722892899150899,-0.0174521784124417,-0.999821566107821));
#2504=DIRECTION('',(-0.999973870951454,-0.000126163855032247,-0.00722782796184044));
#2505=DIRECTION('',(-0.00722782801936426,0.,0.999973878909906));
#2506=DIRECTION('',(-6.77335060573752E-17,0.999847691176682,-0.0174526344331741));
#2507=DIRECTION('',(-0.34201120666474,-0.939592647888337,0.0139280490346857));
#2508=DIRECTION('',(-0.939683797197358,0.342044384963054,0.));
#2509=DIRECTION('',(0.00722892899150899,-0.0174521784124417,-0.999821566107821));
#2510=DIRECTION('',(-0.939668067511802,0.341849495396504,-0.0127610891302962));
#2511=DIRECTION('',(0.00722892899150899,-0.0174521784124417,-0.999821566107821));
#2512=DIRECTION('',(-0.999973870951454,-0.00012616385503219,-0.00722782796184044));
#2513=DIRECTION('',(-0.00722782801936426,0.,0.999973878909906));
#2514=DIRECTION('',(-9.94553097212712E-18,0.999847691176682,-0.0174526344331741));
#2515=DIRECTION('',(0.00722892899150899,-0.0174521784124417,-0.999821566107821));
#2516=DIRECTION('',(0.342011206664742,-0.939506346728775,0.0188721745455697));
#2517=DIRECTION('',(-0.939673698240264,-0.342072128118419,0.));
#2518=DIRECTION('',(-0.939668067511801,-0.342086605883674,-0.000822784069806797));
#2519=DIRECTION('',(0.00722892899150899,-0.0174521784124417,-0.999821566107821));
#2520=DIRECTION('',(-0.999973870951454,-0.000126163855032247,-0.00722782796184044));
#2521=DIRECTION('',(-0.00722782801936426,0.,0.999973878909906));
#2522=DIRECTION('',(-6.77335060573752E-17,0.999847691176682,-0.0174526344331741));
#2523=DIRECTION('',(-0.34201120666474,-0.939592647888337,0.0139280490346857));
#2524=DIRECTION('',(-0.939683797197358,0.342044384963054,0.));
#2525=DIRECTION('',(0.00722892899150899,-0.0174521784124417,-0.999821566107821));
#2526=DIRECTION('',(-0.939668067511802,0.341849495396504,-0.0127610891302962));
#2527=DIRECTION('',(0.00722892899150899,-0.0174521784124417,-0.999821566107821));
#2528=DIRECTION('',(-0.999973870951454,-0.00012616385503219,-0.00722782796184044));
#2529=DIRECTION('',(-0.00722782801936426,0.,0.999973878909906));
#2530=DIRECTION('',(-9.94553097212712E-18,0.999847691176682,-0.0174526344331741));
#2531=DIRECTION('',(0.00722892899150899,-0.0174521784124417,-0.999821566107821));
#2532=DIRECTION('',(0.342011206664742,-0.939506346728775,0.0188721745455697));
#2533=DIRECTION('',(-0.939673698240264,-0.342072128118419,0.));
#2534=DIRECTION('',(-0.939668067511801,-0.342086605883674,-0.000822784069806797));
#2535=DIRECTION('',(0.00722892899150899,-0.0174521784124417,-0.999821566107821));
#2536=DIRECTION('',(-0.999973870951454,-0.000126163855032247,-0.00722782796184044));
#2537=DIRECTION('',(-0.00722782801936426,0.,0.999973878909906));
#2538=DIRECTION('',(-6.77335060573752E-17,0.999847691176682,-0.0174526344331741));
#2539=DIRECTION('',(-0.34201120666474,-0.939592647888337,0.0139280490346857));
#2540=DIRECTION('',(-0.939683797197358,0.342044384963054,0.));
#2541=DIRECTION('',(-0.939668067511802,0.341849495396504,-0.0127610891302962));
#2542=DIRECTION('',(0.00722892899150899,-0.0174521784124417,-0.999821566107821));
#2543=DIRECTION('',(-0.999973870951454,-0.00012616385503219,-0.00722782796184044));
#2544=DIRECTION('',(-0.00722782801936426,0.,0.999973878909906));
#2545=DIRECTION('',(-9.94553097212712E-18,0.999847691176682,-0.0174526344331741));
#2546=DIRECTION('',(0.00722892899150899,-0.0174521784124417,-0.999821566107821));
#2547=DIRECTION('',(0.342011206664742,-0.939506346728775,0.0188721745455697));
#2548=DIRECTION('',(-0.939673698240264,-0.342072128118419,0.));
#2549=DIRECTION('',(-0.939668067511801,-0.342086605883674,-0.000822784069806797));
#2550=DIRECTION('',(0.00722892899150899,-0.0174521784124417,-0.999821566107821));
#2551=DIRECTION('',(-0.999973870951454,-0.000126163855032247,-0.00722782796184044));
#2552=DIRECTION('',(-0.00722782801936426,0.,0.999973878909906));
#2553=DIRECTION('',(-6.68119342107626E-17,0.999847691176682,-0.0174526344331741));
#2554=DIRECTION('',(0.00722892899150899,-0.0174521784124417,-0.999821566107821));
#2555=DIRECTION('',(-0.342011206664743,-0.939592647888336,0.0139280490346857));
#2556=DIRECTION('',(-0.939683797197357,0.342044384963057,0.));
#2557=DIRECTION('',(-0.939668067511801,0.341849495396507,-0.0127610891302962));
#2558=DIRECTION('',(0.00722892899150899,-0.0174521784124417,-0.999821566107821));
#2559=DIRECTION('',(-0.999973870951454,-0.000126163855032187,-0.00722782796184044));
#2560=DIRECTION('',(-0.00722782801936426,0.,0.999973878909906));
#2561=DIRECTION('',(-7.56028619265902E-18,0.999847691176682,-0.0174526344331741));
#2562=DIRECTION('',(0.00722892899150899,-0.0174521784124417,-0.999821566107821));
#2563=DIRECTION('',(0.342011206664739,-0.939506346728776,0.0188721745455697));
#2564=DIRECTION('',(-0.939673698240265,-0.342072128118416,0.));
#2565=DIRECTION('',(-0.939668067511802,-0.342086605883671,-0.000822784069806851));
#2566=DIRECTION('',(0.00722892899150899,-0.0174521784124417,-0.999821566107821));
#2567=DIRECTION('',(-0.999973870951454,-0.000126163855032248,-0.00722782796184044));
#2568=DIRECTION('',(-0.00722782801936426,0.,0.999973878909906));
#2569=DIRECTION('',(-6.86821829583001E-17,0.999847691176682,-0.0174526344331741));
#2570=DIRECTION('',(0.00722892899150899,-0.0174521784124417,-0.999821566107821));
#2571=DIRECTION('',(-0.342011206664737,-0.939592647888338,0.0139280490346858));
#2572=DIRECTION('',(-0.939683797197359,0.342044384963052,0.));
#2573=DIRECTION('',(-0.939668067511803,0.341849495396502,-0.0127610891302962));
#2574=DIRECTION('',(0.00722892899150899,-0.0174521784124417,-0.999821566107821));
#2575=DIRECTION('',(-0.999973870951454,-0.000126163855032197,-0.00722782796184044));
#2576=DIRECTION('',(-0.00722782801936426,0.,0.999973878909906));
#2577=DIRECTION('',(-1.70470552019072E-17,0.999847691176682,-0.0174526344331741));
#2578=DIRECTION('',(0.00722892899150899,-0.0174521784124417,-0.999821566107821));
#2579=DIRECTION('',(0.342011206664739,-0.939506346728776,0.0188721745455697));
#2580=DIRECTION('',(-0.939673698240265,-0.342072128118416,0.));
#2581=DIRECTION('',(-0.939668067511802,-0.342086605883671,-0.000822784069806851));
#2582=DIRECTION('',(0.00722892899150899,-0.0174521784124417,-0.999821566107821));
#2583=DIRECTION('',(-0.999973870951454,-0.000126163855032247,-0.00722782796184044));
#2584=DIRECTION('',(-0.00722782801936426,0.,0.999973878909906));
#2585=DIRECTION('',(-6.68119342107626E-17,0.999847691176682,-0.0174526344331741));
#2586=DIRECTION('',(0.00722892899150899,-0.0174521784124417,-0.999821566107821));
#2587=DIRECTION('',(-0.342011206664737,-0.939592647888338,0.0139280490346858));
#2588=DIRECTION('',(-0.939683797197359,0.342044384963052,0.));
#2589=DIRECTION('',(-0.939668067511803,0.341849495396502,-0.0127610891302962));
#2590=DIRECTION('',(0.00722892899150899,-0.0174521784124417,-0.999821566107821));
#2591=DIRECTION('',(-0.999973870951454,-0.000126163855032192,-0.00722782796184044));
#2592=DIRECTION('',(-0.00722782801936426,0.,0.999973878909906));
#2593=DIRECTION('',(-1.23036706972831E-17,0.999847691176682,-0.0174526344331741));
#2594=DIRECTION('',(0.00722892899150899,-0.0174521784124417,-0.999821566107821));
#2595=DIRECTION('',(0.342011206664739,-0.939506346728776,0.0188721745455697));
#2596=DIRECTION('',(-0.939673698240265,-0.342072128118416,0.));
#2597=DIRECTION('',(-0.939668067511802,-0.342086605883671,-0.000822784069806851));
#2598=DIRECTION('',(0.00722892899150899,-0.0174521784124417,-0.999821566107821));
#2599=DIRECTION('',(-0.999973870951454,-0.000126163855032248,-0.00722782796184044));
#2600=DIRECTION('',(-0.00722782801936426,0.,0.999973878909906));
#2601=DIRECTION('',(-6.86821829583001E-17,0.999847691176682,-0.0174526344331741));
#2602=DIRECTION('',(0.00722892899150899,-0.0174521784124417,-0.999821566107821));
#2603=DIRECTION('',(-0.342011206664737,-0.939592647888338,0.0139280490346858));
#2604=DIRECTION('',(-0.939683797197359,0.342044384963052,0.));
#2605=DIRECTION('',(-0.939668067511803,0.341849495396502,-0.0127610891302962));
#2606=DIRECTION('',(0.00722892899150899,-0.0174521784124417,-0.999821566107821));
#2607=DIRECTION('',(-0.999973870951454,-0.000126163855032192,-0.00722782796184044));
#2608=DIRECTION('',(-0.00722782801936426,0.,0.999973878909906));
#2609=DIRECTION('',(-1.23036706972831E-17,0.999847691176682,-0.0174526344331741));
#2610=DIRECTION('',(0.00722892899150899,-0.0174521784124417,-0.999821566107821));
#2611=DIRECTION('',(0.342011206664739,-0.939506346728776,0.0188721745455697));
#2612=DIRECTION('',(-0.939673698240265,-0.342072128118416,0.));
#2613=DIRECTION('',(-0.939668067511802,-0.342086605883671,-0.000822784069806851));
#2614=DIRECTION('',(0.00722892899150899,-0.0174521784124417,-0.999821566107821));
#2615=DIRECTION('',(-0.999973870951454,-0.000126163855032247,-0.00722782796184044));
#2616=DIRECTION('',(-0.00722782801936426,0.,0.999973878909906));
#2617=DIRECTION('',(-6.68119342107626E-17,0.999847691176682,-0.0174526344331741));
#2618=DIRECTION('',(0.00722892899150899,-0.0174521784124417,-0.999821566107821));
#2619=DIRECTION('',(-0.342011206664743,-0.939592647888336,0.0139280490346857));
#2620=DIRECTION('',(-0.939683797197357,0.342044384963057,0.));
#2621=DIRECTION('',(-0.939668067511801,0.341849495396507,-0.0127610891302962));
#2622=DIRECTION('',(0.00722892899150899,-0.0174521784124417,-0.999821566107821));
#2623=DIRECTION('',(-0.999973870951454,-0.000126163855032187,-0.00722782796184044));
#2624=DIRECTION('',(-0.00722782801936426,0.,0.999973878909906));
#2625=DIRECTION('',(-7.56028619265902E-18,0.999847691176682,-0.0174526344331741));
#2626=DIRECTION('',(0.00722892899150899,-0.0174521784124417,-0.999821566107821));
#2627=DIRECTION('',(0.342011206664739,-0.939506346728776,0.0188721745455697));
#2628=DIRECTION('',(-0.939673698240265,-0.342072128118416,0.));
#2629=DIRECTION('',(-0.939668067511802,-0.342086605883671,-0.000822784069806851));
#2630=DIRECTION('',(0.00722892899150899,-0.0174521784124417,-0.999821566107821));
#2631=DIRECTION('',(-0.999973870951454,-0.000126163855032247,-0.00722782796184044));
#2632=DIRECTION('',(-0.00722782801936426,0.,0.999973878909906));
#2633=DIRECTION('',(-6.68119342107626E-17,0.999847691176682,-0.0174526344331741));
#2634=DIRECTION('',(0.00722892899150899,-0.0174521784124417,-0.999821566107821));
#2635=DIRECTION('',(-0.342011206664743,-0.939592647888336,0.0139280490346857));
#2636=DIRECTION('',(-0.939683797197357,0.342044384963057,0.));
#2637=DIRECTION('',(-0.939668067511801,0.341849495396507,-0.0127610891302962));
#2638=DIRECTION('',(0.00722892899150899,-0.0174521784124417,-0.999821566107821));
#2639=DIRECTION('',(-0.999973870951454,-0.000126163855032197,-0.00722782796184044));
#2640=DIRECTION('',(-0.00722782801936426,0.,0.999973878909906));
#2641=DIRECTION('',(-1.70470552019072E-17,0.999847691176682,-0.0174526344331741));
#2642=DIRECTION('',(0.00722892899150899,-0.0174521784124417,-0.999821566107821));
#2643=DIRECTION('',(0.342011206664739,-0.939506346728776,0.0188721745455697));
#2644=DIRECTION('',(-0.939673698240265,-0.342072128118416,0.));
#2645=DIRECTION('',(-0.939668067511802,-0.342086605883671,-0.000822784069806851));
#2646=DIRECTION('',(0.00722892899150899,-0.0174521784124417,-0.999821566107821));
#2647=DIRECTION('',(-0.999973870951454,-0.000126163855032247,-0.00722782796184044));
#2648=DIRECTION('',(-0.00722782801936426,0.,0.999973878909906));
#2649=DIRECTION('',(-6.68119342107626E-17,0.999847691176682,-0.0174526344331741));
#2650=DIRECTION('',(0.00722892899150899,-0.0174521784124417,-0.999821566107821));
#2651=DIRECTION('',(-0.342011206664741,-0.939592647888336,0.0139280490346857));
#2652=DIRECTION('',(-0.939683797197358,0.342044384963055,0.));
#2653=DIRECTION('',(-0.939668067511802,0.341849495396505,-0.0127610891302962));
#2654=DIRECTION('',(0.00722892899150899,-0.0174521784124417,-0.999821566107821));
#2655=DIRECTION('',(-0.999973870951454,-0.000126163855032197,-0.00722782796184044));
#2656=DIRECTION('',(-0.00722782801936426,0.,0.999973878909906));
#2657=DIRECTION('',(-1.70470552019072E-17,0.999847691176682,-0.0174526344331741));
#2658=DIRECTION('',(0.00722892899150899,-0.0174521784124417,-0.999821566107821));
#2659=DIRECTION('',(0.342011206664739,-0.939506346728776,0.0188721745455697));
#2660=DIRECTION('',(-0.939673698240265,-0.342072128118416,0.));
#2661=DIRECTION('',(-0.939668067511802,-0.342086605883671,-0.000822784069806851));
#2662=DIRECTION('',(0.00722892899150899,-0.0174521784124417,-0.999821566107821));
#2663=DIRECTION('',(-0.999973870951454,-0.000126163855032248,-0.00722782796184044));
#2664=DIRECTION('',(-0.00722782801936426,0.,0.999973878909906));
#2665=DIRECTION('',(-6.86821829583001E-17,0.999847691176682,-0.0174526344331741));
#2666=DIRECTION('',(0.00722892899150899,-0.0174521784124417,-0.999821566107821));
#2667=DIRECTION('',(-0.342011206664741,-0.939592647888336,0.0139280490346857));
#2668=DIRECTION('',(-0.939683797197358,0.342044384963055,0.));
#2669=DIRECTION('',(-0.939668067511802,0.341849495396505,-0.0127610891302962));
#2670=DIRECTION('',(0.00722892899150899,-0.0174521784124417,-0.999821566107821));
#2671=DIRECTION('',(-0.999973870951454,-0.000126163855032192,-0.00722782796184044));
#2672=DIRECTION('',(-0.00722782801936426,0.,0.999973878909906));
#2673=DIRECTION('',(-1.23036706972831E-17,0.999847691176682,-0.0174526344331741));
#2674=DIRECTION('',(0.00722892899150899,-0.0174521784124417,-0.999821566107821));
#2675=DIRECTION('',(0.342011206664739,-0.939506346728776,0.0188721745455697));
#2676=DIRECTION('',(-0.939673698240265,-0.342072128118416,0.));
#2677=DIRECTION('',(-0.939668067511802,-0.342086605883671,-0.000822784069806851));
#2678=DIRECTION('',(0.00722892899150899,-0.0174521784124417,-0.999821566107821));
#2679=DIRECTION('',(-0.999973870951454,-0.000126163855032248,-0.00722782796184044));
#2680=DIRECTION('',(-0.00722782801936426,0.,0.999973878909906));
#2681=DIRECTION('',(-6.86821829583001E-17,0.999847691176682,-0.0174526344331741));
#2682=DIRECTION('',(0.00722892899150899,-0.0174521784124417,-0.999821566107821));
#2683=DIRECTION('',(-2.3948016369215E-15,-0.999847691176682,0.017452634433174));
#2684=DIRECTION('',(0.,-0.017452634433174,-0.999847691176682));
#2685=DIRECTION('',(-0.999973870951454,-0.000126163855029785,-0.00722782796184049));
#2686=DIRECTION('',(-0.999973870951454,-0.00012616385503218,-0.00722782796184044));
#2687=DIRECTION('',(0.00722892899150899,-0.0174521784124417,-0.999821566107821));
#2688=DIRECTION('',(-0.00722892899150899,0.0174521784124417,0.999821566107821));
#2689=DIRECTION('',(0.999973870951454,0.00012616385503218,0.00722782796184045));
#2690=DIRECTION('',(2.3948016369215E-15,0.999847691176682,-0.017452634433174));
#2691=DIRECTION('',(0.999973870951454,0.000126163855029785,0.00722782796184049));
#2692=DIRECTION('',(-0.00722892899150899,0.0174521784124417,0.999821566107821));
#2693=DIRECTION('',(0.,-0.999847691176682,0.017452634433174));
#2694=DIRECTION('',(-0.999973870951454,-0.00012616385503218,-0.00722782796184044));
#2695=DIRECTION('',(-8.1313038248573E-19,0.999847691176682,-0.017452634433174));
#2696=DIRECTION('',(0.999973870951454,0.00012616385503218,0.00722782796184044));
#2697=DIRECTION('',(0.00722782790431362,9.1191445937455E-7,-0.999973878910321));
#2698=DIRECTION('',(0.00722892899150899,-0.0174521784124417,-0.999821566107821));
#2699=DIRECTION('',(0.999973870951454,0.000126163855029785,0.00722782796184049));
#2700=DIRECTION('',(0.00722782801936431,0.,-0.999973878909906));
#2701=DIRECTION('',(0.00722892899150899,-0.0174521784124417,-0.999821566107821));
#2702=DIRECTION('',(2.3948016369215E-15,0.999847691176682,-0.017452634433174));
#2703=DIRECTION('',(0.,0.017452634433174,0.999847691176682));
#2704=DIRECTION('',(0.999973870951454,0.000126163855034138,0.00722782796184041));
#2705=DIRECTION('',(0.00722892899150899,-0.0174521784124417,-0.999821566107821));
#2706=DIRECTION('',(-0.630323570042346,0.0135490478436799,0.776214287649745));
#2707=DIRECTION('',(-0.999973870951454,-0.000126163855032936,-0.00722782796184043));
#2708=DIRECTION('',(-0.378092864337771,0.0161570847816562,0.925626671260189));
#2709=DIRECTION('',(0.00722892899150899,-0.0174521784124417,-0.999821566107821));
#2710=DIRECTION('',(0.999973870951454,0.000126163855034138,0.00722782796184041));
#2711=DIRECTION('',(0.00722892899150899,-0.0174521784124417,-0.999821566107821));
#2712=DIRECTION('',(2.17679526510475E-15,0.999847691176682,-0.017452634433174));
#2713=DIRECTION('',(0.,0.017452634433174,0.999847691176682));
#2714=DIRECTION('',(0.999973870951454,0.000126163855031929,0.00722782796184045));
#2715=DIRECTION('',(0.00722892899150899,-0.0174521784124417,-0.999821566107821));
#2716=DIRECTION('',(0.999973870951454,0.000126163855031929,0.00722782796184045));
#2717=DIRECTION('',(0.00722892899150899,-0.0174521784124417,-0.999821566107821));
#2718=DIRECTION('',(-0.77282905427291,0.0110756906016509,0.634517597824785));
#2719=DIRECTION('',(-0.455063695799435,0.015540853465197,0.890323264123168));
#2720=DIRECTION('',(-0.551060068993828,0.0145636226746039,0.83433848122636));
#2721=DIRECTION('',(-0.00722892899150899,0.0174521784124417,0.999821566107821));
#2722=DIRECTION('',(0.999973870951454,0.000126163855032355,0.00722782796184044));
#2723=DIRECTION('',(-0.00722892899150899,0.0174521784124417,0.999821566107821));
#2724=DIRECTION('',(0.538938205467162,0.0147011446522043,0.842217007091254));
#2725=DIRECTION('',(-0.712898445610645,0.0122389615804122,0.701160476685159));
#2726=DIRECTION('',(-0.00722892899150946,0.0174521784124386,0.999821566107821));
#2727=DIRECTION('',(0.00722892899150899,-0.0174521784124417,-0.999821566107821));
#2728=DIRECTION('',(-0.999973870951454,-0.000126163855032178,-0.00722782796184045));
#2729=DIRECTION('',(-0.00722782801936427,0.,0.999973878909906));
#2730=DIRECTION('',(1.85594853850552E-18,0.999847691176682,-0.0174526344331741));
#2731=DIRECTION('',(-0.999973870951454,-0.000126163855032179,-0.00722782796184045));
#2732=DIRECTION('',(-0.00722782801936427,0.,0.999973878909906));
#2733=DIRECTION('',(5.2668809876508E-19,0.999847691176682,-0.0174526344331741));
#2734=DIRECTION('',(5.2668809876508E-19,0.999847691176682,-0.0174526344331741));
#2735=DIRECTION('',(-0.999973870951454,-0.000126163855032179,-0.00722782796184045));
#2736=DIRECTION('',(-0.00722782801936427,0.,0.999973878909906));
#2737=DIRECTION('',(5.2668809876508E-19,0.999847691176682,-0.0174526344331741));
#2738=DIRECTION('',(5.2668809876508E-19,0.999847691176682,-0.0174526344331741));
#2739=DIRECTION('',(-0.00722892899150899,0.0174521784124417,0.999821566107821));
#2740=DIRECTION('',(0.999973870951454,0.00012616385503218,0.00722782796184045));
#2741=DIRECTION('',(-0.00722892899150899,0.0174521784124417,0.999821566107821));
#2742=DIRECTION('',(0.999973870951454,0.00012616385503218,0.00722782796184045));
#2743=DIRECTION('',(-0.707088305159133,0.706909871267314,-0.0174517223223344));
#2744=DIRECTION('',(-0.707088305159134,-0.70708829390218,0.00723002999220009));
#2745=DIRECTION('',(-0.572772451531699,0.566716626840332,-0.592253310357218));
#2746=DIRECTION('',(-0.718830107457089,0.,0.69518578568123));
#2747=DIRECTION('',(-0.707088305159135,-0.707088293902179,0.00723002999220007));
#2748=DIRECTION('',(-0.563701145288469,0.252238476556297,0.786521944859155));
#2749=DIRECTION('',(0.00207734195333052,0.952660086889521,-0.30403033318743));
#2750=DIRECTION('',(0.,0.304030989188139,0.952662142426832));
#2751=DIRECTION('',(-0.999973870951454,-0.000126163855032584,-0.00722782796184044));
#2752=DIRECTION('',(-0.614648952920781,0.241035962094614,0.751071454423953));
#2753=DIRECTION('',(0.663940400595091,0.672196080517138,0.327621082647359));
#2754=DIRECTION('',(0.711462250620859,-0.702724317169616,0.));
#2755=DIRECTION('',(-0.707088305159135,0.706909871267312,-0.0174517223223343));
#2756=DIRECTION('',(-0.999973870951454,-0.000126163855032218,-0.00722782796184044));
#2757=DIRECTION('',(-0.00722782801936426,0.,0.999973878909906));
#2758=DIRECTION('',(3.86237939094391E-17,-0.999847691176682,0.0174526344331741));
#2759=DIRECTION('',(3.86237939094391E-17,-0.999847691176682,0.0174526344331741));
#2760=DIRECTION('',(-0.00722892899150899,0.0174521784124417,0.999821566107821));
#2761=DIRECTION('',(1.75660516044754E-16,-0.999847691176682,0.0174526344331741));
#2762=DIRECTION('',(0.,-0.0174526344331741,-0.999847691176682));
#2763=DIRECTION('',(1.75660516044754E-16,-0.999847691176682,0.0174526344331741));
#2764=DIRECTION('',(0.,-0.0174526344331741,-0.999847691176682));
#2765=DIRECTION('',(1.75660516044754E-16,-0.999847691176682,0.0174526344331741));
#2766=DIRECTION('',(0.,-0.0174526344331741,-0.999847691176682));
#2767=DIRECTION('',(0.999973870951454,0.000126163855032355,0.00722782796184044));
#2768=DIRECTION('',(-0.759350321604722,0.0113561153995024,0.650582913794881));
#2769=DIRECTION('',(0.74986373582987,0.0115465286383722,0.661491538391592));
#2770=DIRECTION('',(-0.00722892899150899,0.0174521784124417,0.999821566107821));
#2771=DIRECTION('',(-0.999973870951454,-0.000126163855032218,-0.00722782796184044));
#2772=DIRECTION('',(-0.00722782801936426,0.,0.999973878909906));
#2773=DIRECTION('',(3.86237939094391E-17,-0.999847691176682,0.0174526344331741));
#2774=DIRECTION('',(3.86237939094391E-17,-0.999847691176682,0.0174526344331741));
#2775=DIRECTION('',(-0.00722892899150899,0.0174521784124417,0.999821566107821));
#2776=DIRECTION('',(0.999973870951454,0.00012616385503218,0.00722782796184045));
#2777=DIRECTION('',(-1.75660516044754E-16,0.999847691176682,-0.0174526344331741));
#2778=DIRECTION('',(0.,0.0174526344331741,0.999847691176682));
#2779=DIRECTION('',(1.75660516044754E-16,-0.999847691176682,0.0174526344331741));
#2780=DIRECTION('',(0.,-0.0174526344331741,-0.999847691176682));
#2781=DIRECTION('',(1.75660516044754E-16,-0.999847691176682,0.0174526344331741));
#2782=DIRECTION('',(1.,1.75633761398252E-16,-3.0657387708718E-18));
#2783=DIRECTION('',(-1.75660516044754E-16,0.999847691176682,-0.0174526344331741));
#2784=DIRECTION('',(0.,0.0174526344331741,0.999847691176682));
#2785=DIRECTION('',(1.75660516044754E-16,-0.999847691176682,0.0174526344331741));
#2786=DIRECTION('',(0.,-0.0174526344331741,-0.999847691176682));
#2787=DIRECTION('',(1.75660516044754E-16,-0.999847691176682,0.0174526344331741));
#2788=DIRECTION('',(1.,1.75633761398252E-16,-3.0657387708718E-18));
#2789=CARTESIAN_POINT('',(0.,0.,0.));
#2790=CARTESIAN_POINT('',(-0.0726101622896932,0.069856057773138,0.558865570081132));
#2791=CARTESIAN_POINT('',(-0.0692762202019037,0.0618072095687646,0.0977533910236633));
#2792=CARTESIAN_POINT('',(-0.0692762202019038,0.0249677114041137,0.0983964352591437));
#2793=CARTESIAN_POINT('',(-0.0692762202019037,0.0329664929335271,0.0982568141836781));
#2794=CARTESIAN_POINT('',(-0.0726101622896932,0.0330165596084871,0.559508614316612));
#2795=CARTESIAN_POINT('',(-0.0692617623439207,0.0249328070472889,0.0963967921269282));
#2796=CARTESIAN_POINT('',(-0.0692617623439207,0.0617741499309299,0.0957537156913375));
#2797=CARTESIAN_POINT('',(-0.0692617623439207,0.0916165589763343,0.0952328076967791));
#2798=CARTESIAN_POINT('',(-0.0726101622896932,0.0997003115375325,0.558344629886463));
#2799=CARTESIAN_POINT('',(-0.0692762202019037,0.0916514633331592,0.0972324508289945));
#2800=CARTESIAN_POINT('',(-0.0692762202019037,0.0618072095687646,0.0977533910236633));
#2801=CARTESIAN_POINT('',(-0.0737761026211853,0.0618084865504072,0.0977208335977246));
#2802=CARTESIAN_POINT('',(-0.0742760895566611,0.0289664713495453,0.0982904855816017));
#2803=CARTESIAN_POINT('',(-0.0742760895566611,0.0249670805848385,0.0983602961193344));
#2804=CARTESIAN_POINT('',(-0.0742760895566611,0.032965862114252,0.098220675043869));
#2805=CARTESIAN_POINT('',(-0.0717761548792824,0.0329661775238895,0.0982387446137736));
#2806=CARTESIAN_POINT('',(-0.0702761940728552,0.0916513371693041,0.0972252230010327));
#2807=CARTESIAN_POINT('',(-0.0782759850404669,0.0916503278584639,0.0971674003773379));
#2808=CARTESIAN_POINT('',(-0.0782759850404669,0.0618079188130596,0.0976883083718963));
#2809=CARTESIAN_POINT('',(-0.0782759850404669,0.0249665759294184,0.098331384807487));
#2810=CARTESIAN_POINT('',(-0.0702761940728552,0.0249675852402587,0.0983892074311818));
#2811=CARTESIAN_POINT('',(-0.0782759850404669,0.0618079188130596,0.0976883083718963));
#2812=CARTESIAN_POINT('',(-0.0782615271824839,0.0617730144562347,0.0956886652396807));
#2813=CARTESIAN_POINT('',(-0.0782615271824839,0.0249316715725935,0.0963317416752713));
#2814=CARTESIAN_POINT('',(-0.0782615271824839,0.091615423501639,0.0951677572451223));
#2815=CARTESIAN_POINT('',(-0.0782759850404669,0.0249665759294184,0.098331384807487));
#2816=CARTESIAN_POINT('',(-0.0782759850404669,0.0916503278584639,0.0971674003773379));
#2817=CARTESIAN_POINT('',(-0.0756100839025476,0.0686490333266606,0.55886494895597));
#2818=CARTESIAN_POINT('',(-0.0746101100315961,0.0682852446921275,0.558878529023375));
#2819=CARTESIAN_POINT('',(-0.0712617100858237,0.0602014921309294,0.0957667068336918));
#2820=CARTESIAN_POINT('',(-0.0712038786538916,0.0600618847021067,0.0877681341303028));
#2821=CARTESIAN_POINT('',(-0.0722616839567751,0.0605652807654624,0.0957531267662868));
#2822=CARTESIAN_POINT('',(-0.0732616578277265,0.0609290693999955,0.0957395466988816));
#2823=CARTESIAN_POINT('',(-0.076610057773499,0.0690128219611937,0.558851368888565));
#2824=CARTESIAN_POINT('',(-0.0732038263957945,0.0607894519726959,0.0877409741700191));
#2825=CARTESIAN_POINT('',(-0.072203852524843,0.0604256633381629,0.0877545542374241));
#2826=CARTESIAN_POINT('',(-0.076610057773499,0.0691969034410678,0.558848155692393));
#2827=CARTESIAN_POINT('',(-0.0732616578277265,0.0611131508798696,0.0957363335027094));
#2828=CARTESIAN_POINT('',(-0.0732616578277266,0.0616653953194919,0.0957266939141926));
#2829=CARTESIAN_POINT('',(-0.076610057773499,0.0697491478806901,0.558838516103876));
#2830=CARTESIAN_POINT('',(-0.0732038263957945,0.0615257778921924,0.0877281213853299));
#2831=CARTESIAN_POINT('',(-0.0732038263957945,0.06097353345257,0.0877377609738468));
#2832=CARTESIAN_POINT('',(-0.0756100839025476,0.0701131888429333,0.558839391692395));
#2833=CARTESIAN_POINT('',(-0.0722616839567751,0.0620294362817351,0.0957275695027112));
#2834=CARTESIAN_POINT('',(-0.0712617100858236,0.0623934772439782,0.0957284450912297));
#2835=CARTESIAN_POINT('',(-0.0746101100315961,0.0704772298051764,0.558840267280914));
#2836=CARTESIAN_POINT('',(-0.0712038786538916,0.0622538598166786,0.0877298725623672));
#2837=CARTESIAN_POINT('',(-0.072203852524843,0.0618898188544355,0.0877289969738485));
#2838=CARTESIAN_POINT('',(-0.0746101100315961,0.0709517980019523,0.558831983553977));
#2839=CARTESIAN_POINT('',(-0.0712617100858236,0.0628680454407541,0.0957201613642931));
#2840=CARTESIAN_POINT('',(-0.0712617100858237,0.0633429135918374,0.0957118724015662));
#2841=CARTESIAN_POINT('',(-0.0746101100315961,0.0714267661378047,0.558823692845986));
#2842=CARTESIAN_POINT('',(-0.0712038786538916,0.0632031961797687,0.087713301617967));
#2843=CARTESIAN_POINT('',(-0.0712038786538916,0.0627284280134546,0.0877215888354306));
#2844=CARTESIAN_POINT('',(-0.0814813365203316,0.0757665348424904,0.0874196965879513));
#2845=CARTESIAN_POINT('',(-0.0702039047829401,0.0914768153851797,0.0872270073399545));
#2846=CARTESIAN_POINT('',(-0.0652040354281828,0.0914774462044549,0.0872631464797637));
#2847=CARTESIAN_POINT('',(-0.0712038786538916,0.0914766892213247,0.0872197795119926));
#2848=CARTESIAN_POINT('',(-0.0652040354281828,0.0616331924400603,0.0877840866744326));
#2849=CARTESIAN_POINT('',(-0.0652040354281828,0.0247936942754095,0.0884271309099127));
#2850=CARTESIAN_POINT('',(-0.0702039047829401,0.0247930634561343,0.0883909917701035));
#2851=CARTESIAN_POINT('',(-0.0712038786538916,0.0247929372922793,0.0883837639421416));
#2852=CARTESIAN_POINT('',(-0.0712038786538916,0.0297921757481627,0.0882965007699757));
#2853=CARTESIAN_POINT('',(-0.0712038786538916,0.031791871130516,0.0882615955011094));
#2854=CARTESIAN_POINT('',(-0.072203852524843,0.0321556597650491,0.0882480154337043));
#2855=CARTESIAN_POINT('',(-0.0732038263957945,0.0325194483995822,0.0882344353662993));
#2856=CARTESIAN_POINT('',(-0.0732038263957945,0.0327035298794562,0.088231222170127));
#2857=CARTESIAN_POINT('',(-0.0732038263957945,0.0332557743190786,0.0882215825816101));
#2858=CARTESIAN_POINT('',(-0.072203852524843,0.0336198152813217,0.0882224581701288));
#2859=CARTESIAN_POINT('',(-0.0712038786538916,0.0339838562435649,0.0882233337586474));
#2860=CARTESIAN_POINT('',(-0.0712038786538916,0.0344584244403408,0.0882150500317108));
#2861=CARTESIAN_POINT('',(-0.0712038786538916,0.0349329926371167,0.0882067663047742));
#2862=CARTESIAN_POINT('',(-0.072203852524843,0.0352967712731728,0.0881931864118954));
#2863=CARTESIAN_POINT('',(-0.0732038263957945,0.0356605599077059,0.0881796063444904));
#2864=CARTESIAN_POINT('',(-0.0732038263957945,0.03584464138758,0.0881763931483181));
#2865=CARTESIAN_POINT('',(-0.0732038263957945,0.0363968858272024,0.0881667535598012));
#2866=CARTESIAN_POINT('',(-0.072203852524843,0.0367609267894455,0.0881676291483199));
#2867=CARTESIAN_POINT('',(-0.0712038786538916,0.0371249677516886,0.0881685047368385));
#2868=CARTESIAN_POINT('',(-0.0712038786538916,0.0375995359484645,0.0881602210099019));
#2869=CARTESIAN_POINT('',(-0.0712038786538916,0.0380741041452404,0.0881519372829652));
#2870=CARTESIAN_POINT('',(-0.072203852524843,0.0384378827812966,0.0881383573900866));
#2871=CARTESIAN_POINT('',(-0.0732038263957945,0.0388016714158297,0.0881247773226815));
#2872=CARTESIAN_POINT('',(-0.0732038263957945,0.0389857528957038,0.0881215641265092));
#2873=CARTESIAN_POINT('',(-0.0732038263957945,0.0395379973353261,0.0881119245379923));
#2874=CARTESIAN_POINT('',(-0.072203852524843,0.0399020382975692,0.088112800126511));
#2875=CARTESIAN_POINT('',(-0.0712038786538916,0.0402660792598123,0.0881136757150296));
#2876=CARTESIAN_POINT('',(-0.0712038786538916,0.0407406474565883,0.088105391988093));
#2877=CARTESIAN_POINT('',(-0.0712038786538916,0.0412152156533642,0.0880971082611563));
#2878=CARTESIAN_POINT('',(-0.072203852524843,0.0415789942894203,0.0880835283682776));
#2879=CARTESIAN_POINT('',(-0.0732038263957945,0.0419427829239535,0.0880699483008725));
#2880=CARTESIAN_POINT('',(-0.0732038263957945,0.0421268644038275,0.0880667351047003));
#2881=CARTESIAN_POINT('',(-0.0732038263957945,0.0426791088434498,0.0880570955161834));
#2882=CARTESIAN_POINT('',(-0.072203852524843,0.043043149805693,0.088057971104702));
#2883=CARTESIAN_POINT('',(-0.0712038786538916,0.0434071907679361,0.0880588466932207));
#2884=CARTESIAN_POINT('',(-0.0712038786538916,0.043881758964712,0.088050562966284));
#2885=CARTESIAN_POINT('',(-0.0712038786538916,0.0443563271614879,0.0880422792393474));
#2886=CARTESIAN_POINT('',(-0.072203852524843,0.0447201057975441,0.0880286993464687));
#2887=CARTESIAN_POINT('',(-0.0732038263957945,0.0450838944320772,0.0880151192790637));
#2888=CARTESIAN_POINT('',(-0.0732038263957945,0.0452679759119513,0.0880119060828914));
#2889=CARTESIAN_POINT('',(-0.0732038263957945,0.0458202203515736,0.0880022664943745));
#2890=CARTESIAN_POINT('',(-0.072203852524843,0.0461842613138167,0.0880031420828931));
#2891=CARTESIAN_POINT('',(-0.0712038786538916,0.0465483022760599,0.0880040176714118));
#2892=CARTESIAN_POINT('',(-0.0712038786538916,0.0470228704728358,0.0879957339444751));
#2893=CARTESIAN_POINT('',(-0.0712038786538916,0.0474974386696117,0.0879874502175385));
#2894=CARTESIAN_POINT('',(-0.072203852524843,0.0478612173056678,0.0879738703246598));
#2895=CARTESIAN_POINT('',(-0.0732038263957945,0.0482250059402009,0.0879602902572547));
#2896=CARTESIAN_POINT('',(-0.0732038263957945,0.048409087420075,0.0879570770610824));
#2897=CARTESIAN_POINT('',(-0.0732038263957945,0.0489613318596973,0.0879474374725656));
#2898=CARTESIAN_POINT('',(-0.072203852524843,0.0493253728219405,0.0879483130610842));
#2899=CARTESIAN_POINT('',(-0.0712038786538916,0.0496894137841836,0.0879491886496029));
#2900=CARTESIAN_POINT('',(-0.0712038786538916,0.0501639819809595,0.0879409049226662));
#2901=CARTESIAN_POINT('',(-0.0712038786538916,0.0506385501777354,0.0879326211957296));
#2902=CARTESIAN_POINT('',(-0.072203852524843,0.0510023288137916,0.0879190413028509));
#2903=CARTESIAN_POINT('',(-0.0732038263957945,0.0513661174483247,0.0879054612354458));
#2904=CARTESIAN_POINT('',(-0.0732038263957945,0.0515501989281988,0.0879022480392735));
#2905=CARTESIAN_POINT('',(-0.0732038263957945,0.0521024433678211,0.0878926084507567));
#2906=CARTESIAN_POINT('',(-0.072203852524843,0.0524664843300642,0.0878934840392753));
#2907=CARTESIAN_POINT('',(-0.0712038786538916,0.0528305252923074,0.0878943596277939));
#2908=CARTESIAN_POINT('',(-0.0712038786538916,0.0533050934890833,0.0878860759008573));
#2909=CARTESIAN_POINT('',(-0.0712038786538916,0.0537796616858592,0.0878777921739206));
#2910=CARTESIAN_POINT('',(-0.072203852524843,0.0541434403219154,0.0878642122810419));
#2911=CARTESIAN_POINT('',(-0.0732038263957945,0.0545072289564484,0.0878506322136369));
#2912=CARTESIAN_POINT('',(-0.0732038263957945,0.0546913104363225,0.0878474190174646));
#2913=CARTESIAN_POINT('',(-0.0732038263957945,0.0552435548759448,0.0878377794289477));
#2914=CARTESIAN_POINT('',(-0.072203852524843,0.055607595838188,0.0878386550174664));
#2915=CARTESIAN_POINT('',(-0.0712038786538916,0.0559716368004311,0.087839530605985));
#2916=CARTESIAN_POINT('',(-0.0712038786538916,0.056446204997207,0.0878312468790484));
#2917=CARTESIAN_POINT('',(-0.0712038786538916,0.056920773193983,0.0878229631521117));
#2918=CARTESIAN_POINT('',(-0.072203852524843,0.0572845518300391,0.087809383259233));
#2919=CARTESIAN_POINT('',(-0.0732038263957945,0.0576483404645722,0.087795803191828));
#2920=CARTESIAN_POINT('',(-0.0732038263957945,0.0578324219444463,0.0877925899956557));
#2921=CARTESIAN_POINT('',(-0.0732038263957945,0.0583846663840686,0.0877829504071388));
#2922=CARTESIAN_POINT('',(-0.072203852524843,0.0587487073463117,0.0877838259956575));
#2923=CARTESIAN_POINT('',(-0.0712038786538916,0.0591127483085549,0.0877847015841761));
#2924=CARTESIAN_POINT('',(-0.0712038786538916,0.0595873165053308,0.0877764178572395));
#2925=CARTESIAN_POINT('',(-0.072203852524843,0.06356718478384,0.0876997180600351));
#2926=CARTESIAN_POINT('',(-0.0732038263957945,0.0639309734183731,0.08768613799263));
#2927=CARTESIAN_POINT('',(-0.0732038263957945,0.0641150548982472,0.0876829247964578));
#2928=CARTESIAN_POINT('',(-0.0732038263957945,0.0646672993378695,0.0876732852079409));
#2929=CARTESIAN_POINT('',(-0.072203852524843,0.0650313403001126,0.0876741607964595));
#2930=CARTESIAN_POINT('',(-0.0712038786538916,0.0653953812623558,0.0876750363849782));
#2931=CARTESIAN_POINT('',(-0.0712038786538916,0.0658699494591317,0.0876667526580415));
#2932=CARTESIAN_POINT('',(-0.0712038786538916,0.0663447176254458,0.087658465440578));
#2933=CARTESIAN_POINT('',(-0.072203852524843,0.0667087062295171,0.0876448818826461));
#2934=CARTESIAN_POINT('',(-0.0732038263957945,0.0670724948640502,0.087631301815241));
#2935=CARTESIAN_POINT('',(-0.0732038263957945,0.0672565763439243,0.0876280886190687));
#2936=CARTESIAN_POINT('',(-0.0732038263957945,0.0678088207835466,0.0876184490305519));
#2937=CARTESIAN_POINT('',(-0.072203852524843,0.0681728617457898,0.0876193246190705));
#2938=CARTESIAN_POINT('',(-0.0712038786538916,0.0685369027080329,0.0876202002075891));
#2939=CARTESIAN_POINT('',(-0.0712038786538916,0.0690114709048088,0.0876119164806525));
#2940=CARTESIAN_POINT('',(-0.0712038786538916,0.069486239071123,0.087603629263189));
#2941=CARTESIAN_POINT('',(-0.072203852524843,0.0698502276751943,0.087590045705257));
#2942=CARTESIAN_POINT('',(-0.0732038263957945,0.0702140163097274,0.087576465637852));
#2943=CARTESIAN_POINT('',(-0.0732038263957945,0.0703980977896014,0.0875732524416797));
#2944=CARTESIAN_POINT('',(-0.0732038263957945,0.0709503422292238,0.0875636128531628));
#2945=CARTESIAN_POINT('',(-0.072203852524843,0.0713143831914669,0.0875644884416814));
#2946=CARTESIAN_POINT('',(-0.0712038786538916,0.07167842415371,0.0875653640302001));
#2947=CARTESIAN_POINT('',(-0.0712038786538916,0.0721529923504859,0.0875570803032635));
#2948=CARTESIAN_POINT('',(-0.0712038786538916,0.0726277605168001,0.0875487930857999));
#2949=CARTESIAN_POINT('',(-0.072203852524843,0.0729917491208714,0.087535209527868));
#2950=CARTESIAN_POINT('',(-0.0732038263957945,0.0733555377554045,0.0875216294604629));
#2951=CARTESIAN_POINT('',(-0.0732038263957945,0.0735396192352786,0.0875184162642907));
#2952=CARTESIAN_POINT('',(-0.0732038263957945,0.0740918636749009,0.0875087766757738));
#2953=CARTESIAN_POINT('',(-0.072203852524843,0.074455904637144,0.0875096522642924));
#2954=CARTESIAN_POINT('',(-0.0712038786538916,0.0748199455993872,0.0875105278528111));
#2955=CARTESIAN_POINT('',(-0.0712038786538916,0.0752945137961631,0.0875022441258744));
#2956=CARTESIAN_POINT('',(-0.0712038786538916,0.0757692819624772,0.0874939569084109));
#2957=CARTESIAN_POINT('',(-0.072203852524843,0.0761332705665485,0.087480373350479));
#2958=CARTESIAN_POINT('',(-0.0732038263957945,0.0764970592010816,0.0874667932830739));
#2959=CARTESIAN_POINT('',(-0.0732038263957945,0.0766811406809557,0.0874635800869016));
#2960=CARTESIAN_POINT('',(-0.0732038263957945,0.077233385120578,0.0874539404983848));
#2961=CARTESIAN_POINT('',(-0.072203852524843,0.0775974260828212,0.0874548160869034));
#2962=CARTESIAN_POINT('',(-0.0712038786538916,0.0779614670450643,0.087455691675422));
#2963=CARTESIAN_POINT('',(-0.0712038786538916,0.0784360352418402,0.0874474079484854));
#2964=CARTESIAN_POINT('',(-0.0712038786538916,0.0789108034081544,0.0874391207310219));
#2965=CARTESIAN_POINT('',(-0.072203852524843,0.0792747920122257,0.0874255371730899));
#2966=CARTESIAN_POINT('',(-0.0732038263957945,0.0796385806467587,0.0874119571056849));
#2967=CARTESIAN_POINT('',(-0.0732038263957945,0.0798226621266329,0.0874087439095126));
#2968=CARTESIAN_POINT('',(-0.0732038263957945,0.0803749065662552,0.0873991043209957));
#2969=CARTESIAN_POINT('',(-0.072203852524843,0.0807389475284983,0.0873999799095143));
#2970=CARTESIAN_POINT('',(-0.0712038786538916,0.0811029884907414,0.087400855498033));
#2971=CARTESIAN_POINT('',(-0.0712038786538916,0.0815775566875174,0.0873925717710964));
#2972=CARTESIAN_POINT('',(-0.0712038786538916,0.0820523248538315,0.0873842845536328));
#2973=CARTESIAN_POINT('',(-0.072203852524843,0.0824163134579028,0.0873707009957009));
#2974=CARTESIAN_POINT('',(-0.0732038263957945,0.0827801020924359,0.0873571209282958));
#2975=CARTESIAN_POINT('',(-0.0732038263957945,0.08296418357231,0.0873539077321236));
#2976=CARTESIAN_POINT('',(-0.0732038263957945,0.0835164280119323,0.0873442681436067));
#2977=CARTESIAN_POINT('',(-0.072203852524843,0.0838804689741755,0.0873451437321253));
#2978=CARTESIAN_POINT('',(-0.0712038786538916,0.0842445099364186,0.087346019320644));
#2979=CARTESIAN_POINT('',(-0.0712038786538916,0.0847190781331945,0.0873377355937073));
#2980=CARTESIAN_POINT('',(-0.0712038786538916,0.0851938462995086,0.0873294483762438));
#2981=CARTESIAN_POINT('',(-0.072203852524843,0.0855578349035799,0.0873158648183119));
#2982=CARTESIAN_POINT('',(-0.0732038263957945,0.085921623538113,0.0873022847509068));
#2983=CARTESIAN_POINT('',(-0.0732038263957945,0.0861057050179871,0.0872990715547345));
#2984=CARTESIAN_POINT('',(-0.0732038263957945,0.0866579494576094,0.0872894319662177));
#2985=CARTESIAN_POINT('',(-0.072203852524843,0.0870219904198526,0.0872903075547363));
#2986=CARTESIAN_POINT('',(-0.0712038786538916,0.0873860313820957,0.0872911831432549));
#2987=CARTESIAN_POINT('',(-0.0712038786538916,0.0878605995788716,0.0872828994163183));
#2988=CARTESIAN_POINT('',(-0.0712038786538916,0.0883353677451858,0.0872746121988548));
#2989=CARTESIAN_POINT('',(-0.072203852524843,0.0886993563492571,0.0872610286409228));
#2990=CARTESIAN_POINT('',(-0.0732038263957945,0.0890631449837901,0.0872474485735178));
#2991=CARTESIAN_POINT('',(-0.0732038263957945,0.0892472264636643,0.0872442353773455));
#2992=CARTESIAN_POINT('',(-0.0732038263957945,0.0897994709032866,0.0872345957888286));
#2993=CARTESIAN_POINT('',(-0.072203852524843,0.0901635118655297,0.0872354713773473));
#2994=CARTESIAN_POINT('',(-0.0712038786538916,0.0905275528277729,0.0872363469658659));
#2995=CARTESIAN_POINT('',(-0.0712038786538916,0.0910021210245488,0.0872280632389293));
#2996=CARTESIAN_POINT('',(-0.0756100839025476,0.0655079218185369,0.558919777977779));
#2997=CARTESIAN_POINT('',(-0.0746101100315961,0.0651441331840038,0.558933358045184));
#2998=CARTESIAN_POINT('',(-0.0712617100858237,0.0570603806228056,0.0958215358555008));
#2999=CARTESIAN_POINT('',(-0.0722616839567751,0.0574241692573387,0.0958079557880957));
#3000=CARTESIAN_POINT('',(-0.0732616578277265,0.0577879578918717,0.0957943757206905));
#3001=CARTESIAN_POINT('',(-0.076610057773499,0.0658717104530699,0.558906197910374));
#3002=CARTESIAN_POINT('',(-0.076610057773499,0.066055791932944,0.558902984714202));
#3003=CARTESIAN_POINT('',(-0.0732616578277265,0.0579720393717458,0.0957911625245183));
#3004=CARTESIAN_POINT('',(-0.0732616578277266,0.0585242838113682,0.0957815229360015));
#3005=CARTESIAN_POINT('',(-0.076610057773499,0.0666080363725664,0.558893345125685));
#3006=CARTESIAN_POINT('',(-0.0756100839025476,0.0669720773348095,0.558894220714204));
#3007=CARTESIAN_POINT('',(-0.0722616839567751,0.0588883247736113,0.0957823985245201));
#3008=CARTESIAN_POINT('',(-0.0712617100858236,0.0592523657358544,0.0957832741130386));
#3009=CARTESIAN_POINT('',(-0.0746101100315961,0.0673361182970526,0.558895096302722));
#3010=CARTESIAN_POINT('',(-0.0746101100315961,0.0678106864938285,0.558886812575786));
#3011=CARTESIAN_POINT('',(-0.0712617100858236,0.0597269339326303,0.095774990386102));
#3012=CARTESIAN_POINT('',(-0.0756100839025476,0.0623668103104131,0.558974606999588));
#3013=CARTESIAN_POINT('',(-0.0746101100315961,0.0620030216758801,0.558988187066993));
#3014=CARTESIAN_POINT('',(-0.0712617100858237,0.0539192691146818,0.0958763648773096));
#3015=CARTESIAN_POINT('',(-0.0722616839567751,0.0542830577492149,0.0958627848099046));
#3016=CARTESIAN_POINT('',(-0.0732616578277265,0.054646846383748,0.0958492047424994));
#3017=CARTESIAN_POINT('',(-0.076610057773499,0.0627305989449462,0.558961026932183));
#3018=CARTESIAN_POINT('',(-0.076610057773499,0.0629146804248203,0.558957813736011));
#3019=CARTESIAN_POINT('',(-0.0732616578277265,0.0548309278636221,0.0958459915463272));
#3020=CARTESIAN_POINT('',(-0.0732616578277266,0.0553831723032444,0.0958363519578105));
#3021=CARTESIAN_POINT('',(-0.076610057773499,0.0634669248644426,0.558948174147494));
#3022=CARTESIAN_POINT('',(-0.0756100839025476,0.0638309658266857,0.558949049736013));
#3023=CARTESIAN_POINT('',(-0.0722616839567751,0.0557472132654875,0.095837227546329));
#3024=CARTESIAN_POINT('',(-0.0712617100858236,0.0561112542277307,0.0958381031348475));
#3025=CARTESIAN_POINT('',(-0.0746101100315961,0.0641950067889289,0.558949925324531));
#3026=CARTESIAN_POINT('',(-0.0746101100315961,0.0646695749857048,0.558941641597595));
#3027=CARTESIAN_POINT('',(-0.0712617100858236,0.0565858224245066,0.0958298194079109));
#3028=CARTESIAN_POINT('',(-0.0756100839025476,0.0592256988022894,0.559029436021397));
#3029=CARTESIAN_POINT('',(-0.0746101100315961,0.0588619101677563,0.559043016088802));
#3030=CARTESIAN_POINT('',(-0.0712617100858237,0.0507781576065581,0.0959311938991186));
#3031=CARTESIAN_POINT('',(-0.0722616839567751,0.0511419462410911,0.0959176138317135));
#3032=CARTESIAN_POINT('',(-0.0732616578277265,0.0515057348756242,0.0959040337643084));
#3033=CARTESIAN_POINT('',(-0.076610057773499,0.0595894874368224,0.559015855953992));
#3034=CARTESIAN_POINT('',(-0.076610057773499,0.0597735689166966,0.55901264275782));
#3035=CARTESIAN_POINT('',(-0.0732616578277265,0.0516898163554983,0.0959008205681361));
#3036=CARTESIAN_POINT('',(-0.0732616578277266,0.0522420607951206,0.0958911809796194));
#3037=CARTESIAN_POINT('',(-0.076610057773499,0.0603258133563189,0.559003003169303));
#3038=CARTESIAN_POINT('',(-0.0756100839025476,0.060689854318562,0.559003878757821));
#3039=CARTESIAN_POINT('',(-0.0722616839567751,0.0526061017573638,0.0958920565681379));
#3040=CARTESIAN_POINT('',(-0.0712617100858236,0.0529701427196069,0.0958929321566564));
#3041=CARTESIAN_POINT('',(-0.0746101100315961,0.0610538952808051,0.55900475434634));
#3042=CARTESIAN_POINT('',(-0.0746101100315961,0.0615284634775811,0.558996470619404));
#3043=CARTESIAN_POINT('',(-0.0712617100858236,0.0534447109163828,0.0958846484297199));
#3044=CARTESIAN_POINT('',(-0.0756100839025476,0.0560845872941656,0.559084265043206));
#3045=CARTESIAN_POINT('',(-0.0746101100315961,0.0557207986596325,0.559097845110611));
#3046=CARTESIAN_POINT('',(-0.0712617100858237,0.0476370510976728,0.0959860228336643));
#3047=CARTESIAN_POINT('',(-0.0722616839567751,0.0480008347329674,0.0959724428535224));
#3048=CARTESIAN_POINT('',(-0.0732616578277265,0.0483646233675005,0.0959588627861173));
#3049=CARTESIAN_POINT('',(-0.076610057773499,0.0564483759286987,0.559070684975801));
#3050=CARTESIAN_POINT('',(-0.076610057773499,0.0566324574085728,0.559067471779629));
#3051=CARTESIAN_POINT('',(-0.0732616578277265,0.0485487048473746,0.095955649589945));
#3052=CARTESIAN_POINT('',(-0.0732616578277266,0.0491009492869969,0.0959460100014283));
#3053=CARTESIAN_POINT('',(-0.076610057773499,0.0571847018481951,0.559057832191112));
#3054=CARTESIAN_POINT('',(-0.0756100839025476,0.0575487428104383,0.55905870777963));
#3055=CARTESIAN_POINT('',(-0.0722616839567751,0.04946499024924,0.0959468855899468));
#3056=CARTESIAN_POINT('',(-0.0712617100858236,0.0498290312114831,0.0959477611784653));
#3057=CARTESIAN_POINT('',(-0.0746101100315961,0.0579127837726814,0.559059583368149));
#3058=CARTESIAN_POINT('',(-0.0746101100315961,0.0583873519694573,0.559051299641213));
#3059=CARTESIAN_POINT('',(-0.0712617100858236,0.0503035994082591,0.0959394774515287));
#3060=CARTESIAN_POINT('',(-0.0756100839025476,0.0529434757860419,0.559139094065015));
#3061=CARTESIAN_POINT('',(-0.0746101100315961,0.0525796871515088,0.55915267413242));
#3062=CARTESIAN_POINT('',(-0.0712617100858237,0.0444959345903106,0.0960408519427364));
#3063=CARTESIAN_POINT('',(-0.0722616839567751,0.0448597232248436,0.0960272718753313));
#3064=CARTESIAN_POINT('',(-0.0732616578277265,0.0452235118593767,0.0960136918079262));
#3065=CARTESIAN_POINT('',(-0.076610057773499,0.0533072644205749,0.55912551399761));
#3066=CARTESIAN_POINT('',(-0.076610057773499,0.053491345900449,0.559122300801438));
#3067=CARTESIAN_POINT('',(-0.0732616578277265,0.0454075933392508,0.0960104786117539));
#3068=CARTESIAN_POINT('',(-0.0732616578277266,0.0459598377788731,0.0960008390232372));
#3069=CARTESIAN_POINT('',(-0.076610057773499,0.0540435903400713,0.559112661212921));
#3070=CARTESIAN_POINT('',(-0.0756100839025476,0.0544076313023145,0.559113536801439));
#3071=CARTESIAN_POINT('',(-0.0722616839567751,0.0463238787411163,0.0960017146117557));
#3072=CARTESIAN_POINT('',(-0.0712617100858236,0.0466879197033594,0.0960025902002743));
#3073=CARTESIAN_POINT('',(-0.0746101100315961,0.0547716722645576,0.559114412389958));
#3074=CARTESIAN_POINT('',(-0.0746101100315961,0.0552462404613335,0.559106128663021));
#3075=CARTESIAN_POINT('',(-0.0712617100858236,0.0471624879001353,0.0959943064733376));
#3076=CARTESIAN_POINT('',(-0.0756100839025476,0.0498023642779181,0.559193923086824));
#3077=CARTESIAN_POINT('',(-0.0746101100315961,0.0494385756433851,0.559207503154229));
#3078=CARTESIAN_POINT('',(-0.0712617100858237,0.0413548230821868,0.0960956809645453));
#3079=CARTESIAN_POINT('',(-0.0722616839567751,0.0417186117167199,0.0960821008971402));
#3080=CARTESIAN_POINT('',(-0.0732616578277265,0.042082400351253,0.0960685208297351));
#3081=CARTESIAN_POINT('',(-0.076610057773499,0.0501661529124512,0.559180343019419));
#3082=CARTESIAN_POINT('',(-0.076610057773499,0.0503502343923253,0.559177129823247));
#3083=CARTESIAN_POINT('',(-0.0732616578277265,0.0422664818311271,0.0960653076335628));
#3084=CARTESIAN_POINT('',(-0.0732616578277266,0.0428187262707494,0.0960556680450461));
#3085=CARTESIAN_POINT('',(-0.076610057773499,0.0509024788319476,0.55916749023473));
#3086=CARTESIAN_POINT('',(-0.0756100839025476,0.0512665197941907,0.559168365823248));
#3087=CARTESIAN_POINT('',(-0.0722616839567751,0.0431827672329926,0.0960565436335647));
#3088=CARTESIAN_POINT('',(-0.0712617100858236,0.0435468081952357,0.0960574192220832));
#3089=CARTESIAN_POINT('',(-0.0746101100315961,0.0516305607564339,0.559169241411767));
#3090=CARTESIAN_POINT('',(-0.0746101100315961,0.0521051289532098,0.55916095768483));
#3091=CARTESIAN_POINT('',(-0.0712617100858236,0.0440213763920116,0.0960491354951466));
#3092=CARTESIAN_POINT('',(-0.0756100839025476,0.0466612527697944,0.559248752108633));
#3093=CARTESIAN_POINT('',(-0.0746101100315961,0.0462974641352613,0.559262332176038));
#3094=CARTESIAN_POINT('',(-0.0712617100858237,0.038213711574063,0.0961505099863542));
#3095=CARTESIAN_POINT('',(-0.0722616839567751,0.0385775002085962,0.0961369299189491));
#3096=CARTESIAN_POINT('',(-0.0732616578277265,0.0389412888431292,0.096123349851544));
#3097=CARTESIAN_POINT('',(-0.076610057773499,0.0470250414043274,0.559235172041228));
#3098=CARTESIAN_POINT('',(-0.076610057773499,0.0472091228842015,0.559231958845056));
#3099=CARTESIAN_POINT('',(-0.0732616578277265,0.0391253703230033,0.0961201366553718));
#3100=CARTESIAN_POINT('',(-0.0732616578277266,0.0396776147626257,0.096110497066855));
#3101=CARTESIAN_POINT('',(-0.076610057773499,0.0477613673238239,0.559222319256539));
#3102=CARTESIAN_POINT('',(-0.0756100839025476,0.048125408286067,0.559223194845057));
#3103=CARTESIAN_POINT('',(-0.0722616839567751,0.0400416557248688,0.0961113726553736));
#3104=CARTESIAN_POINT('',(-0.0712617100858236,0.0404056966871119,0.0961122482438921));
#3105=CARTESIAN_POINT('',(-0.0746101100315961,0.0484894492483101,0.559224070433576));
#3106=CARTESIAN_POINT('',(-0.0746101100315961,0.0489640174450861,0.559215786706639));
#3107=CARTESIAN_POINT('',(-0.0712617100858236,0.0408802648838879,0.0961039645169555));
#3108=CARTESIAN_POINT('',(-0.0756100839025476,0.0435201412616706,0.559303581130442));
#3109=CARTESIAN_POINT('',(-0.0746101100315961,0.0431563526271375,0.559317161197847));
#3110=CARTESIAN_POINT('',(-0.0712617100858237,0.0350726000659393,0.0962053390081632));
#3111=CARTESIAN_POINT('',(-0.0722616839567751,0.0354363887004724,0.0961917589407581));
#3112=CARTESIAN_POINT('',(-0.0732616578277265,0.0358001773350054,0.0961781788733529));
#3113=CARTESIAN_POINT('',(-0.076610057773499,0.0438839298962036,0.559290001063037));
#3114=CARTESIAN_POINT('',(-0.076610057773499,0.0440680113760777,0.559286787866865));
#3115=CARTESIAN_POINT('',(-0.0732616578277265,0.0359842588148796,0.0961749656771807));
#3116=CARTESIAN_POINT('',(-0.0732616578277266,0.0365365032545018,0.0961653260886639));
#3117=CARTESIAN_POINT('',(-0.076610057773499,0.0446202558157001,0.559277148278348));
#3118=CARTESIAN_POINT('',(-0.0756100839025476,0.0449842967779433,0.559278023866866));
#3119=CARTESIAN_POINT('',(-0.0722616839567751,0.036900544216745,0.0961662016771825));
#3120=CARTESIAN_POINT('',(-0.0712617100858236,0.0372645851789881,0.096167077265701));
#3121=CARTESIAN_POINT('',(-0.0746101100315961,0.0453483377401864,0.559278899455385));
#3122=CARTESIAN_POINT('',(-0.0746101100315961,0.0458229059369623,0.559270615728448));
#3123=CARTESIAN_POINT('',(-0.0712617100858236,0.037739153375764,0.0961587935387644));
#3124=CARTESIAN_POINT('',(-0.0756100839025476,0.0403790297535468,0.559358410152251));
#3125=CARTESIAN_POINT('',(-0.0746101100315961,0.0400152411190138,0.559371990219656));
#3126=CARTESIAN_POINT('',(-0.0712617100858237,0.0319314885578156,0.0962601680299721));
#3127=CARTESIAN_POINT('',(-0.0722616839567751,0.0322952771923486,0.096246587962567));
#3128=CARTESIAN_POINT('',(-0.0732616578277265,0.0326590658268817,0.0962330078951618));
#3129=CARTESIAN_POINT('',(-0.076610057773499,0.0407428183880799,0.559344830084846));
#3130=CARTESIAN_POINT('',(-0.076610057773499,0.040926899867954,0.559341616888673));
#3131=CARTESIAN_POINT('',(-0.0732616578277265,0.0328431473067558,0.0962297946989896));
#3132=CARTESIAN_POINT('',(-0.0732616578277266,0.0333953917463781,0.0962201551104729));
#3133=CARTESIAN_POINT('',(-0.076610057773499,0.0414791443075763,0.559331977300157));
#3134=CARTESIAN_POINT('',(-0.0756100839025476,0.0418431852698195,0.559332852888675));
#3135=CARTESIAN_POINT('',(-0.0722616839567751,0.0337594327086213,0.0962210306989914));
#3136=CARTESIAN_POINT('',(-0.0712617100858236,0.0341234736708644,0.0962219062875099));
#3137=CARTESIAN_POINT('',(-0.0746101100315961,0.0422072262320626,0.559333728477194));
#3138=CARTESIAN_POINT('',(-0.0746101100315961,0.0426817944288385,0.559325444750257));
#3139=CARTESIAN_POINT('',(-0.0712617100858236,0.0345980418676403,0.0962136225605733));
#3140=CARTESIAN_POINT('',(-0.0756100839025476,0.0717905547723378,0.558810112778581));
#3141=CARTESIAN_POINT('',(-0.0722616839567751,0.0637068022111396,0.0956982905888977));
#3142=CARTESIAN_POINT('',(-0.0732616578277265,0.0640705908456726,0.0956847105214925));
#3143=CARTESIAN_POINT('',(-0.076610057773499,0.0721543434068708,0.558796532711176));
#3144=CARTESIAN_POINT('',(-0.076610057773499,0.0723384248867449,0.558793319515004));
#3145=CARTESIAN_POINT('',(-0.0732616578277265,0.0642546723255467,0.0956814973253202));
#3146=CARTESIAN_POINT('',(-0.0732616578277266,0.064806916765169,0.0956718577368036));
#3147=CARTESIAN_POINT('',(-0.076610057773499,0.0728906693263673,0.558783679926487));
#3148=CARTESIAN_POINT('',(-0.0756100839025476,0.0732547102886104,0.558784555515006));
#3149=CARTESIAN_POINT('',(-0.0722616839567751,0.0651709577274122,0.0956727333253221));
#3150=CARTESIAN_POINT('',(-0.0712617100858236,0.0655349986896553,0.0956736089138407));
#3151=CARTESIAN_POINT('',(-0.0746101100315961,0.0736187512508535,0.558785431103524));
#3152=CARTESIAN_POINT('',(-0.0746101100315961,0.0740933194476294,0.558777147376588));
#3153=CARTESIAN_POINT('',(-0.0712617100858236,0.0660095668864312,0.095665325186904));
#3154=CARTESIAN_POINT('',(-0.0712617100858237,0.0664844350375145,0.0956570362241771));
#3155=CARTESIAN_POINT('',(-0.0746101100315961,0.0745682875834818,0.558768856668597));
#3156=CARTESIAN_POINT('',(-0.0756100839025476,0.0749320762180149,0.558755276601192));
#3157=CARTESIAN_POINT('',(-0.0722616839567751,0.0668483236568167,0.0956434544115086));
#3158=CARTESIAN_POINT('',(-0.0732616578277265,0.0672121122913497,0.0956298743441035));
#3159=CARTESIAN_POINT('',(-0.076610057773499,0.075295864852548,0.558741696533787));
#3160=CARTESIAN_POINT('',(-0.076610057773499,0.0754799463324221,0.558738483337615));
#3161=CARTESIAN_POINT('',(-0.0732616578277265,0.0673961937712239,0.0956266611479313));
#3162=CARTESIAN_POINT('',(-0.0732616578277266,0.0679484382108462,0.0956170215594145));
#3163=CARTESIAN_POINT('',(-0.076610057773499,0.0760321907720444,0.558728843749098));
#3164=CARTESIAN_POINT('',(-0.0756100839025476,0.0763962317342875,0.558729719337617));
#3165=CARTESIAN_POINT('',(-0.0722616839567751,0.0683124791730893,0.0956178971479331));
#3166=CARTESIAN_POINT('',(-0.0712617100858236,0.0686765201353324,0.0956187727364517));
#3167=CARTESIAN_POINT('',(-0.0746101100315961,0.0767602726965307,0.558730594926135));
#3168=CARTESIAN_POINT('',(-0.0746101100315961,0.0772348408933066,0.558722311199199));
#3169=CARTESIAN_POINT('',(-0.0712617100858236,0.0691510883321083,0.095610489009515));
#3170=CARTESIAN_POINT('',(-0.0712617100858237,0.0696259564831916,0.0956022000467882));
#3171=CARTESIAN_POINT('',(-0.0746101100315961,0.0777098090291589,0.558714020491208));
#3172=CARTESIAN_POINT('',(-0.0756100839025476,0.078073597663692,0.558700440423803));
#3173=CARTESIAN_POINT('',(-0.0722616839567751,0.0699898451024938,0.0955886182341197));
#3174=CARTESIAN_POINT('',(-0.0732616578277265,0.0703536337370269,0.0955750381667145));
#3175=CARTESIAN_POINT('',(-0.076610057773499,0.0784373862982251,0.558686860356398));
#3176=CARTESIAN_POINT('',(-0.076610057773499,0.0786214677780992,0.558683647160226));
#3177=CARTESIAN_POINT('',(-0.0732616578277265,0.070537715216901,0.0955718249705423));
#3178=CARTESIAN_POINT('',(-0.0732616578277266,0.0710899596565233,0.0955621853820255));
#3179=CARTESIAN_POINT('',(-0.076610057773499,0.0791737122177215,0.558674007571709));
#3180=CARTESIAN_POINT('',(-0.0756100839025476,0.0795377531799646,0.558674883160228));
#3181=CARTESIAN_POINT('',(-0.0722616839567751,0.0714540006187664,0.0955630609705441));
#3182=CARTESIAN_POINT('',(-0.0712617100858236,0.0718180415810096,0.0955639365590626));
#3183=CARTESIAN_POINT('',(-0.0746101100315961,0.0799017941422078,0.558675758748746));
#3184=CARTESIAN_POINT('',(-0.0746101100315961,0.0803763623389837,0.55866747502181));
#3185=CARTESIAN_POINT('',(-0.0712617100858236,0.0722926097777855,0.095555652832126));
#3186=CARTESIAN_POINT('',(-0.0712617100858237,0.0727674779288688,0.0955473638693991));
#3187=CARTESIAN_POINT('',(-0.0746101100315961,0.0808513304748361,0.558659184313819));
#3188=CARTESIAN_POINT('',(-0.0756100839025476,0.0812151191093692,0.558645604246414));
#3189=CARTESIAN_POINT('',(-0.0722616839567751,0.0731313665481709,0.0955337820567306));
#3190=CARTESIAN_POINT('',(-0.0732616578277265,0.073495155182704,0.0955202019893255));
#3191=CARTESIAN_POINT('',(-0.076610057773499,0.0815789077439023,0.558632024179009));
#3192=CARTESIAN_POINT('',(-0.076610057773499,0.0817629892237763,0.558628810982837));
#3193=CARTESIAN_POINT('',(-0.0732616578277265,0.0736792366625781,0.0955169887931532));
#3194=CARTESIAN_POINT('',(-0.0732616578277266,0.0742314811022004,0.0955073492046365));
#3195=CARTESIAN_POINT('',(-0.076610057773499,0.0823152336633987,0.55861917139432));
#3196=CARTESIAN_POINT('',(-0.0756100839025476,0.0826792746256418,0.558620046982839));
#3197=CARTESIAN_POINT('',(-0.0722616839567751,0.0745955220644436,0.095508224793155));
#3198=CARTESIAN_POINT('',(-0.0712617100858237,0.0749595630266867,0.0955091003816736));
#3199=CARTESIAN_POINT('',(-0.0746101100315961,0.0830433155878849,0.558620922571357));
#3200=CARTESIAN_POINT('',(-0.0746101100315961,0.0835178837846609,0.558612638844421));
#3201=CARTESIAN_POINT('',(-0.0712617100858237,0.0754341312234626,0.095500816654737));
#3202=CARTESIAN_POINT('',(-0.0712617100858237,0.0759089993745459,0.0954925276920101));
#3203=CARTESIAN_POINT('',(-0.0746101100315961,0.0839928519205133,0.55860434813643));
#3204=CARTESIAN_POINT('',(-0.0756100839025476,0.0843566405550463,0.558590768069025));
#3205=CARTESIAN_POINT('',(-0.0722616839567751,0.0762728879938481,0.0954789458793416));
#3206=CARTESIAN_POINT('',(-0.0732616578277265,0.0766366766283811,0.0954653658119364));
#3207=CARTESIAN_POINT('',(-0.076610057773499,0.0847204291895794,0.55857718800162));
#3208=CARTESIAN_POINT('',(-0.076610057773499,0.0849045106694535,0.558573974805448));
#3209=CARTESIAN_POINT('',(-0.0732616578277265,0.0768207581082553,0.0954621526157642));
#3210=CARTESIAN_POINT('',(-0.0732616578277266,0.0773730025478776,0.0954525130272475));
#3211=CARTESIAN_POINT('',(-0.076610057773499,0.0854567551090758,0.558564335216931));
#3212=CARTESIAN_POINT('',(-0.0756100839025476,0.0858207960713189,0.55856521080545));
#3213=CARTESIAN_POINT('',(-0.0722616839567751,0.0777370435101207,0.095453388615766));
#3214=CARTESIAN_POINT('',(-0.0712617100858236,0.0781010844723638,0.0954542642042845));
#3215=CARTESIAN_POINT('',(-0.0746101100315961,0.0861848370335621,0.558566086393968));
#3216=CARTESIAN_POINT('',(-0.0746101100315961,0.086659405230338,0.558557802667032));
#3217=CARTESIAN_POINT('',(-0.0712617100858236,0.0785756526691397,0.0954459804773479));
#3218=CARTESIAN_POINT('',(-0.0712617100858237,0.079050520820223,0.095437691514621));
#3219=CARTESIAN_POINT('',(-0.0746101100315961,0.0871343733661904,0.558549511959041));
#3220=CARTESIAN_POINT('',(-0.0756100839025476,0.0874981620007234,0.558535931891636));
#3221=CARTESIAN_POINT('',(-0.0722616839567751,0.0794144094395252,0.0954241097019525));
#3222=CARTESIAN_POINT('',(-0.0732616578277265,0.0797781980740583,0.0954105296345474));
#3223=CARTESIAN_POINT('',(-0.076610057773499,0.0878619506352565,0.558522351824231));
#3224=CARTESIAN_POINT('',(-0.076610057773499,0.0880460321151306,0.558519138628059));
#3225=CARTESIAN_POINT('',(-0.0732616578277265,0.0799622795539324,0.0954073164383751));
#3226=CARTESIAN_POINT('',(-0.0732616578277266,0.0805145239935547,0.0953976768498584));
#3227=CARTESIAN_POINT('',(-0.076610057773499,0.0885982765547529,0.558509499039542));
#3228=CARTESIAN_POINT('',(-0.0756100839025476,0.0889623175169961,0.558510374628061));
#3229=CARTESIAN_POINT('',(-0.0722616839567751,0.0808785649557978,0.0953985524383769));
#3230=CARTESIAN_POINT('',(-0.0712617100858236,0.081242605918041,0.0953994280268955));
#3231=CARTESIAN_POINT('',(-0.0746101100315961,0.0893263584792392,0.558511250216579));
#3232=CARTESIAN_POINT('',(-0.0746101100315961,0.0898009266760151,0.558502966489643));
#3233=CARTESIAN_POINT('',(-0.0712617100858236,0.0817171741148169,0.0953911442999589));
#3234=CARTESIAN_POINT('',(-0.0712617100858237,0.0821920422659002,0.095382855337232));
#3235=CARTESIAN_POINT('',(-0.0746101100315961,0.0902758948118675,0.558494675781652));
#3236=CARTESIAN_POINT('',(-0.0756100839025476,0.0906396834464006,0.558481095714247));
#3237=CARTESIAN_POINT('',(-0.0722616839567751,0.0825559308852024,0.0953692735245635));
#3238=CARTESIAN_POINT('',(-0.0732616578277265,0.0829197195197354,0.0953556934571584));
#3239=CARTESIAN_POINT('',(-0.076610057773499,0.0910034720809337,0.558467515646842));
#3240=CARTESIAN_POINT('',(-0.076610057773499,0.0911875535608077,0.55846430245067));
#3241=CARTESIAN_POINT('',(-0.0732616578277265,0.0831038009996095,0.0953524802609861));
#3242=CARTESIAN_POINT('',(-0.0732616578277266,0.0836560454392318,0.0953428406724694));
#3243=CARTESIAN_POINT('',(-0.076610057773499,0.0917397980004301,0.558454662862153));
#3244=CARTESIAN_POINT('',(-0.0756100839025476,0.0921038389626732,0.558455538450672));
#3245=CARTESIAN_POINT('',(-0.0722616839567751,0.084020086401475,0.0953437162609879));
#3246=CARTESIAN_POINT('',(-0.0712617100858236,0.0843841273637181,0.0953445918495065));
#3247=CARTESIAN_POINT('',(-0.0746101100315961,0.0924678799249163,0.55845641403919));
#3248=CARTESIAN_POINT('',(-0.0746101100315961,0.0929424481216923,0.558448130312254));
#3249=CARTESIAN_POINT('',(-0.0712617100858236,0.084858695560494,0.0953363081225699));
#3250=CARTESIAN_POINT('',(-0.0712617100858237,0.0853335637115773,0.095328019159843));
#3251=CARTESIAN_POINT('',(-0.0746101100315961,0.0934174162575446,0.558439839604263));
#3252=CARTESIAN_POINT('',(-0.0756100839025476,0.0937812048920777,0.558426259536858));
#3253=CARTESIAN_POINT('',(-0.0722616839567751,0.0856974523308795,0.0953144373471744));
#3254=CARTESIAN_POINT('',(-0.0732616578277266,0.0860612409654126,0.0953008572797694));
#3255=CARTESIAN_POINT('',(-0.076610057773499,0.0941449935266108,0.558412679469453));
#3256=CARTESIAN_POINT('',(-0.076610057773499,0.0943290750064849,0.558409466273281));
#3257=CARTESIAN_POINT('',(-0.0732616578277266,0.0862453224452867,0.0952976440835971));
#3258=CARTESIAN_POINT('',(-0.0732616578277266,0.086797566884909,0.0952880044950804));
#3259=CARTESIAN_POINT('',(-0.076610057773499,0.0948813194461072,0.558399826684764));
#3260=CARTESIAN_POINT('',(-0.0756100839025476,0.0952453604083503,0.558400702273283));
#3261=CARTESIAN_POINT('',(-0.0722616839567751,0.0871616078471521,0.095288880083599));
#3262=CARTESIAN_POINT('',(-0.0712617100858236,0.0875256488093952,0.0952897556721174));
#3263=CARTESIAN_POINT('',(-0.0746101100315961,0.0956094013705935,0.558401577861801));
#3264=CARTESIAN_POINT('',(-0.0746101100315961,0.0960839695673694,0.558393294134865));
#3265=CARTESIAN_POINT('',(-0.0712617100858236,0.0880002170061712,0.0952814719451808));
#3266=CARTESIAN_POINT('',(-0.0712617100858237,0.0884750851572544,0.095273182982454));
#3267=CARTESIAN_POINT('',(-0.0746101100315961,0.0965589377032218,0.558385003426874));
#3268=CARTESIAN_POINT('',(-0.0756100839025476,0.0969227263377548,0.558371423359469));
#3269=CARTESIAN_POINT('',(-0.0722616839567751,0.0888389737765566,0.0952596011697854));
#3270=CARTESIAN_POINT('',(-0.0732616578277265,0.0892027624110897,0.0952460211023803));
#3271=CARTESIAN_POINT('',(-0.076610057773499,0.0972865149722879,0.558357843292064));
#3272=CARTESIAN_POINT('',(-0.076610057773499,0.097470596452162,0.558354630095892));
#3273=CARTESIAN_POINT('',(-0.0732616578277265,0.0893868438909638,0.095242807906208));
#3274=CARTESIAN_POINT('',(-0.0732616578277266,0.0899390883305861,0.0952331683176912));
#3275=CARTESIAN_POINT('',(-0.076610057773499,0.0980228408917843,0.558344990507375));
#3276=CARTESIAN_POINT('',(-0.0756100839025476,0.0983868818540274,0.558345866095893));
#3277=CARTESIAN_POINT('',(-0.0722616839567751,0.0903031292928292,0.0952340439062099));
#3278=CARTESIAN_POINT('',(-0.0712617100858236,0.0906671702550724,0.0952349194947284));
#3279=CARTESIAN_POINT('',(-0.0746101100315961,0.0987509228162706,0.558346741684412));
#3280=CARTESIAN_POINT('',(-0.0746101100315961,0.0992254910130465,0.558338457957476));
#3281=CARTESIAN_POINT('',(-0.0712617100858236,0.0911417384518483,0.0952266357677918));
#3282=CARTESIAN_POINT('',(-0.0712617100858237,0.0916163066486242,0.0952183520408552));
#3283=CARTESIAN_POINT('',(-0.0746101100315961,0.0997000592098224,0.558330174230539));
#3284=CARTESIAN_POINT('',(-0.0736101361606446,0.0997001853736775,0.558337402058501));
#3285=CARTESIAN_POINT('',(-0.0702617362148722,0.0916164328124792,0.0952255798688171));
#3286=CARTESIAN_POINT('',(-0.0652618668601149,0.0916170636317544,0.0952617190086265));
#3287=CARTESIAN_POINT('',(-0.0652618668601149,0.0916170636317544,0.0952617190086265));
#3288=CARTESIAN_POINT('',(-0.0686102668058874,0.0997008161929526,0.55837354119831));
#3289=CARTESIAN_POINT('',(-0.0737616447632023,0.0617735821935823,0.0957211904655089));
#3290=CARTESIAN_POINT('',(-0.0712617100858237,0.0299317931754622,0.0962950732988384));
#3291=CARTESIAN_POINT('',(-0.0712617100858237,0.0249325547195788,0.0963823364710043));
#3292=CARTESIAN_POINT('',(-0.0702617362148722,0.0249326808834338,0.0963895642989661));
#3293=CARTESIAN_POINT('',(-0.0652618668601149,0.0617746545863501,0.0957826270031849));
#3294=CARTESIAN_POINT('',(-0.0652618668601149,0.024933311702709,0.0964257034387755));
#3295=CARTESIAN_POINT('',(-0.0652618668601149,0.024933311702709,0.0964257034387755));
#3296=CARTESIAN_POINT('',(-0.0652618668601149,0.0617746545863501,0.0957826270031849));
#3297=CARTESIAN_POINT('',(-0.0652401800731404,0.0617222980511128,0.0927831623048611));
#3298=CARTESIAN_POINT('',(-0.0686102668058874,0.0330170642639072,0.559537525628459));
#3299=CARTESIAN_POINT('',(-0.0746101100315961,0.0380155457366604,0.559406895488522));
#3300=CARTESIAN_POINT('',(-0.0746101100315961,0.033016307280777,0.559494158660688));
#3301=CARTESIAN_POINT('',(-0.0736101361606446,0.0330164334446321,0.55950138648865));
#3302=CARTESIAN_POINT('',(-0.0717761548792824,0.0249673959944761,0.0983783656892391));
#3303=CARTESIAN_POINT('',(-0.065276324718098,0.0249682160595339,0.098425346570991));
#3304=CARTESIAN_POINT('',(-0.0653124693630555,0.025055476951596,0.10342445440153));
#3305=CARTESIAN_POINT('',(-0.0653124693630555,0.025055476951596,0.10342445440153));
#3306=CARTESIAN_POINT('',(-0.0653124693630555,0.025055476951596,0.10342445440153));
#3307=CARTESIAN_POINT('',(-0.0733845496205823,0.02522898942488,0.113364847438914));
#3308=CARTESIAN_POINT('',(-0.0778844320398638,0.0252284216875324,0.113332322213085));
#3309=CARTESIAN_POINT('',(-0.0823843144591454,0.0252278539501847,0.113299796987257));
#3310=CARTESIAN_POINT('',(-0.0783121296854244,0.0250538368214807,0.103330492638026));
#3311=CARTESIAN_POINT('',(-0.0783121296854244,0.0250538368214807,0.103330492638026));
#3312=CARTESIAN_POINT('',(-0.0783121296854244,0.0250538368214807,0.103330492638026));
#3313=CARTESIAN_POINT('',(-0.0782904428984499,0.0250014802862433,0.100331027939703));
#3314=CARTESIAN_POINT('',(-0.0717906127372655,0.025002300351301,0.100378008821455));
#3315=CARTESIAN_POINT('',(-0.0742905474146441,0.0250019849416635,0.10035993925155));
#3316=CARTESIAN_POINT('',(-0.0742905474146441,0.0250019849416635,0.10035993925155));
#3317=CARTESIAN_POINT('',(-0.0717906127372654,0.0330010818807144,0.100238387745989));
#3318=CARTESIAN_POINT('',(-0.0717761548792824,0.0329661775238895,0.0982387446137737));
#3319=CARTESIAN_POINT('',(-0.065276324718098,0.0329669975889472,0.0982857254955256));
#3320=CARTESIAN_POINT('',(-0.0742905474146441,0.0330007664710769,0.100220318176085));
#3321=CARTESIAN_POINT('',(-0.0742905474146441,0.0330007664710769,0.100220318176085));
#3322=CARTESIAN_POINT('',(-0.0717906127372655,0.0330010818807144,0.100238387745989));
#3323=CARTESIAN_POINT('',(-0.0782904428984499,0.0330002618156567,0.100191406864237));
#3324=CARTESIAN_POINT('',(-0.0783121296854244,0.033052618350894,0.103190871562561));
#3325=CARTESIAN_POINT('',(-0.0783121296854244,0.033052618350894,0.103190871562561));
#3326=CARTESIAN_POINT('',(-0.0783121296854244,0.033052618350894,0.103190871562561));
#3327=CARTESIAN_POINT('',(-0.090384105426757,0.033225626168758,0.113102353288097));
#3328=CARTESIAN_POINT('',(-0.090384105426757,0.033225626168758,0.113102353288097));
#3329=CARTESIAN_POINT('',(-0.095475535620832,0.0333995033013545,0.123063637370495));
#3330=CARTESIAN_POINT('',(-0.095475535620832,0.0333995033013545,0.123063637370495));
#3331=CARTESIAN_POINT('',(-0.102047650349806,0.0335731936202008,0.133014219040165));
#3332=CARTESIAN_POINT('',(-0.102047650349806,0.0335731936202008,0.133014219040165));
#3333=CARTESIAN_POINT('',(-0.102156084284678,0.0338349762963874,0.148011542531783));
#3334=CARTESIAN_POINT('',(-0.0856565154139793,0.0338370579999955,0.148130801693153));
#3335=CARTESIAN_POINT('',(-0.0691569465432803,0.0338391397036035,0.148250060854524));
#3336=CARTESIAN_POINT('',(-0.0690485126084077,0.0335773570274168,0.133252737362906));
#3337=CARTESIAN_POINT('',(-0.0690485126084077,0.0335773570274168,0.133252737362906));
#3338=CARTESIAN_POINT('',(-0.075476058201803,0.0334020265784552,0.123208193929732));
#3339=CARTESIAN_POINT('',(-0.075476058201803,0.0334020265784552,0.123208193929732));
#3340=CARTESIAN_POINT('',(-0.0653847586529706,0.0332287802651338,0.113283048987143));
#3341=CARTESIAN_POINT('',(-0.0653847586529706,0.0332287802651338,0.113283048987143));
#3342=CARTESIAN_POINT('',(-0.0653486140080131,0.0331415193730717,0.108283941156604));
#3343=CARTESIAN_POINT('',(-0.0653124693630555,0.0330542584810095,0.103284833326065));
#3344=CARTESIAN_POINT('',(-0.0653124693630555,0.0330542584810095,0.103284833326065));
#3345=CARTESIAN_POINT('',(-0.0742905474146441,0.0290013757063701,0.100290128713817));
#3346=CARTESIAN_POINT('',(-0.0742905474146441,0.0290013757063701,0.100290128713817));
#3347=CARTESIAN_POINT('',(-0.0783121296854244,0.0290532275861873,0.103260682100293));
#3348=CARTESIAN_POINT('',(-0.0782904428984499,0.02900087105095,0.10026121740197));
#3349=CARTESIAN_POINT('',(-0.0783121296854244,0.0290532275861873,0.103260682100293));
#3350=CARTESIAN_POINT('',(-0.0653124693630555,0.0290548677163028,0.103354643863797));
#3351=CARTESIAN_POINT('',(-0.065276324718098,0.0289676068242405,0.0983555360332583));
#3352=CARTESIAN_POINT('',(-0.0653124693630555,0.0290548677163028,0.103354643863797));
#3353=CARTESIAN_POINT('',(-0.0717906127372655,0.0290016911160077,0.100308198283722));
#3354=CARTESIAN_POINT('',(-0.0717761548792825,0.0289667867591827,0.0983085551515064));
#3355=CARTESIAN_POINT('',(-0.0783121296854244,0.033052618350894,0.103190871562561));
#3356=CARTESIAN_POINT('',(-0.090384105426757,0.033225626168758,0.113102353288097));
#3357=CARTESIAN_POINT('',(-0.0783121296854244,0.0303863578410897,0.103237411921049));
#3358=CARTESIAN_POINT('',(-0.0877175084375532,0.0305597020959003,0.113168167854484));
#3359=CARTESIAN_POINT('',(-0.0783121296854244,0.0277200973312849,0.103283952279538));
#3360=CARTESIAN_POINT('',(-0.0850509114483492,0.0278937780230425,0.11323398242087));
#3361=CARTESIAN_POINT('',(-0.0783121296854244,0.0250538368214807,0.103330492638026));
#3362=CARTESIAN_POINT('',(-0.0823843144591454,0.0252278539501847,0.113299796987257));
#3363=CARTESIAN_POINT('',(-0.0863842099429512,0.0292267400594714,0.113201075137677));
#3364=CARTESIAN_POINT('',(-0.0653124693630555,0.025055476951596,0.10342445440153));
#3365=CARTESIAN_POINT('',(-0.0733845496205823,0.02522898942488,0.113364847438914));
#3366=CARTESIAN_POINT('',(-0.0653124693630555,0.0277217374614007,0.103377914043042));
#3367=CARTESIAN_POINT('',(-0.0707179526313785,0.0278955863716311,0.113337581288323));
#3368=CARTESIAN_POINT('',(-0.0653124693630555,0.0303879979712049,0.103331373684553));
#3369=CARTESIAN_POINT('',(-0.0680513556421744,0.0305621833183827,0.113310315137733));
#3370=CARTESIAN_POINT('',(-0.0653124693630555,0.0330542584810095,0.103284833326065));
#3371=CARTESIAN_POINT('',(-0.0653847586529706,0.0332287802651338,0.113283048987143));
#3372=CARTESIAN_POINT('',(-0.0693846541367764,0.0292288848450069,0.113323948213028));
#3373=CARTESIAN_POINT('',(0.153424718635418,0.0881130887831584,-0.0458113602584711));
#3374=CARTESIAN_POINT('',(-0.0779759928791816,0.0309020919408759,0.12323375594591));
#3375=CARTESIAN_POINT('',(-0.0804759275565602,0.0284021573032967,0.123259317962089));
#3376=CARTESIAN_POINT('',(-0.0733845496205823,0.02522898942488,0.113364847438914));
#3377=CARTESIAN_POINT('',(-0.000423942723319624,-0.0470817210024681,-0.112717737244299));
#3378=CARTESIAN_POINT('',(-0.0854757969113175,0.0284015264840215,0.123223178822279));
#3379=CARTESIAN_POINT('',(-0.0904756662660748,0.0284008956647464,0.12318703968247));
#3380=CARTESIAN_POINT('',(-0.0823843144591454,0.0252278539501847,0.113299796987257));
#3381=CARTESIAN_POINT('',(-0.0628567363932412,0.175874097880282,-0.235362022316725));
#3382=CARTESIAN_POINT('',(-0.0929756009434534,0.0309001994830505,0.123125338526483));
#3383=CARTESIAN_POINT('',(-0.102047650349806,0.0310735743922591,0.133057850626248));
#3384=CARTESIAN_POINT('',(-0.102156084284678,0.0313353570684457,0.148055174117866));
#3385=CARTESIAN_POINT('',(-0.102156084284678,0.0288357378405041,0.148098805703949));
#3386=CARTESIAN_POINT('',(-0.102047650349806,0.0310735743922591,0.133057850626248));
#3387=CARTESIAN_POINT('',(-0.102047650349806,0.0285739551643174,0.133101482212331));
#3388=CARTESIAN_POINT('',(-0.102047650349806,0.0285739551643174,0.133101482212331));
#3389=CARTESIAN_POINT('',(-0.0855480814791067,0.0285760368679254,0.133220741373702));
#3390=CARTESIAN_POINT('',(-0.0938878652412143,0.028719845312029,0.141459413956872));
#3391=CARTESIAN_POINT('',(-0.0938878652412143,0.028681449516276,0.139259749036284));
#3392=CARTESIAN_POINT('',(-0.0773878652412143,0.028719845312029,0.141459413956872));
#3393=CARTESIAN_POINT('',(-0.0773878652412143,0.028681449516276,0.139259749036284));
#3394=CARTESIAN_POINT('',(-0.0856565154139793,0.0288378195441121,0.148218064865319));
#3395=CARTESIAN_POINT('',(-0.0691569465432803,0.0288399012477201,0.148337324026689));
#3396=CARTESIAN_POINT('',(-0.0962616583079402,0.0284874254145319,0.128144260947401));
#3397=CARTESIAN_POINT('',(-0.0804759275565602,0.0284021573032967,0.123259317962089));
#3398=CARTESIAN_POINT('',(-0.0690485126084077,0.0285781185715334,0.133340000535072));
#3399=CARTESIAN_POINT('',(-0.0690485126084077,0.0285781185715334,0.133340000535072));
#3400=CARTESIAN_POINT('',(-0.0690485126084077,0.0310777377994752,0.133296368948989));
#3401=CARTESIAN_POINT('',(-0.0691569465432803,0.0313395204756617,0.148293692440606));
#3402=CARTESIAN_POINT('',(-0.0690485126084077,0.0310777377994752,0.133296368948989));
#3403=CARTESIAN_POINT('',(-0.0856565154139793,0.0313374387720537,0.148174433279236));
#3404=CARTESIAN_POINT('',(-0.0804759275565602,0.0284021573032967,0.123259317962089));
#3405=CARTESIAN_POINT('',(-0.0690485126084077,0.0285781185715334,0.133340000535072));
#3406=CARTESIAN_POINT('',(-0.0788093044383079,0.0300687803950161,0.12324227661797));
#3407=CARTESIAN_POINT('',(-0.0690485126084077,0.0302445313901612,0.133310912811017));
#3408=CARTESIAN_POINT('',(-0.0771426813200553,0.0317354034867358,0.123225235273851));
#3409=CARTESIAN_POINT('',(-0.0690485126084077,0.0319109442087891,0.133281825086961));
#3410=CARTESIAN_POINT('',(-0.075476058201803,0.0334020265784552,0.123208193929732));
#3411=CARTESIAN_POINT('',(-0.0690485126084077,0.0335773570274168,0.133252737362906));
#3412=CARTESIAN_POINT('',(-0.095475535620832,0.0333995033013545,0.123063637370495));
#3413=CARTESIAN_POINT('',(-0.102047650349806,0.0335731936202008,0.133014219040165));
#3414=CARTESIAN_POINT('',(-0.0938089125025796,0.0317333007558185,0.123104771474487));
#3415=CARTESIAN_POINT('',(-0.102047650349806,0.0319067808015727,0.133043306764221));
#3416=CARTESIAN_POINT('',(-0.0921422893843272,0.0300670982102824,0.123145905578478));
#3417=CARTESIAN_POINT('',(-0.102047650349806,0.0302403679829454,0.133072394488276));
#3418=CARTESIAN_POINT('',(-0.0904756662660748,0.0284008956647464,0.12318703968247));
#3419=CARTESIAN_POINT('',(-0.102047650349806,0.0285739551643174,0.133101482212331));
#3420=CARTESIAN_POINT('',(-0.0773878652412143,0.0187213684002622,0.141633940301204));
#3421=CARTESIAN_POINT('',(-0.0773878652412143,0.0187213684002622,0.141633940301204));
#3422=CARTESIAN_POINT('',(-0.0773878652412143,0.0186829726045092,0.139434275380616));
#3423=CARTESIAN_POINT('',(-0.085602298446543,0.0186219215444664,0.135936708198911));
#3424=CARTESIAN_POINT('',(-0.0938878652412143,0.0187213684002622,0.141633940301204));
#3425=CARTESIAN_POINT('',(-0.0938878652412143,0.0187213684002622,0.141633940301204));
#3426=CARTESIAN_POINT('',(-0.0938878652412143,0.0186829726045092,0.139434275380616));
#3427=CARTESIAN_POINT('',(-0.085602298446543,0.0186219215444664,0.135936708198911));
#3428=MECHANICAL_DESIGN_GEOMETRIC_PRESENTATION_REPRESENTATION('',(#2156),
#3429);
#3429=(
GEOMETRIC_REPRESENTATION_CONTEXT(3)
GLOBAL_UNCERTAINTY_ASSIGNED_CONTEXT((#3430))
GLOBAL_UNIT_ASSIGNED_CONTEXT((#3433,#3432,#3431))
REPRESENTATION_CONTEXT('Bottom Rack','TOP_LEVEL_ASSEMBLY_PART')
);
#3430=UNCERTAINTY_MEASURE_WITH_UNIT(LENGTH_MEASURE(2.06000000000082E-5),
#3433,'DISTANCE_ACCURACY_VALUE','Maximum Tolerance applied to model');
#3431=(
NAMED_UNIT(*)
SI_UNIT($,.STERADIAN.)
SOLID_ANGLE_UNIT()
);
#3432=(
NAMED_UNIT(*)
PLANE_ANGLE_UNIT()
SI_UNIT($,.RADIAN.)
);
#3433=(
LENGTH_UNIT()
NAMED_UNIT(*)
SI_UNIT($,.METRE.)
);
#3434=PRODUCT_DEFINITION_SHAPE('','',#3435);
#3435=PRODUCT_DEFINITION('','',#3437,#3436);
#3436=PRODUCT_DEFINITION_CONTEXT('',#3443,'design');
#3437=PRODUCT_DEFINITION_FORMATION_WITH_SPECIFIED_SOURCE('','',#3439,
 .NOT_KNOWN.);
#3438=PRODUCT_RELATED_PRODUCT_CATEGORY('','',(#3439));
#3439=PRODUCT('Bottom Rack','Bottom Rack','Bottom Rack',(#3441));
#3440=PRODUCT_CATEGORY('','');
#3441=PRODUCT_CONTEXT('',#3443,'mechanical');
#3442=APPLICATION_PROTOCOL_DEFINITION('international standard',
'ap242_managed_model_based_3d_engineering',2020,#3443);
#3443=APPLICATION_CONTEXT('managed model based 3d engineering');
ENDSEC;
END-ISO-10303-21;
