ISO-10303-21;
HEADER;
/* Generated by software containing ST-Developer
 * from STEP Tools, Inc. (www.steptools.com) 
 */
/* OPTION: using custom renumber hook */

FILE_DESCRIPTION(
/* description */ ('STEP AP242 Edition 2',
'CAx-IF Rec.Pracs.---Representation and Presentation of Product Manufa
cturing Information (PMI)---4.0---2014-10-13',
'CAx-IF Rec.Pracs.---3D Tessellated Geometry---0.4---2014-09-14','2;1',
'CAx-IF Rec.Pracs.---User Defined Attributes---1.5---2016-08-15'),
/* implementation_level */ '2;1');

FILE_NAME(
/* name */ 'Hexarm - Follower - Claw Follower',
/* time_stamp */ '2026-08-09T23:35:34Z',
/* author */ (''),
/* organization */ (''),
/* preprocessor_version */ 'ST-DEVELOPER v20',
/* originating_system */ 'ONSHAPE BY PTC INC, 1.219',
/* authorisation */ '  ');

FILE_SCHEMA (('AP242_MANAGED_MODEL_BASED_3D_ENGINEERING_MIM_LF { 1 0 10303 442 3 1 4 }'));
ENDSEC;

DATA;
#10=SHAPE_REPRESENTATION_RELATIONSHIP('','',#5081,#11);
#11=ADVANCED_BREP_SHAPE_REPRESENTATION('',(#5079),#8385);
#12=CYLINDRICAL_SURFACE('',#5253,0.00225);
#13=CYLINDRICAL_SURFACE('',#5264,0.00225);
#14=CYLINDRICAL_SURFACE('',#5265,0.00225);
#15=CYLINDRICAL_SURFACE('',#5314,0.0013);
#16=CYLINDRICAL_SURFACE('',#5316,0.0013);
#17=CYLINDRICAL_SURFACE('',#5318,0.0013);
#18=CYLINDRICAL_SURFACE('',#5320,0.0013);
#19=CYLINDRICAL_SURFACE('',#5345,0.0015);
#20=CYLINDRICAL_SURFACE('',#5347,0.0015);
#21=CYLINDRICAL_SURFACE('',#5349,0.0015);
#22=CYLINDRICAL_SURFACE('',#5351,0.0015);
#23=CYLINDRICAL_SURFACE('',#5353,0.0025);
#24=CYLINDRICAL_SURFACE('',#5356,0.0025);
#25=CYLINDRICAL_SURFACE('',#5359,0.0025);
#26=CYLINDRICAL_SURFACE('',#5362,0.0025);
#27=B_SPLINE_SURFACE_WITH_KNOTS('',3,3,((#6940,#6941,#6942,#6943),(#6944,
#6945,#6946,#6947),(#6948,#6949,#6950,#6951),(#6952,#6953,#6954,#6955),
(#6956,#6957,#6958,#6959),(#6960,#6961,#6962,#6963)),.UNSPECIFIED.,.F.,
 .F.,.F.,(4,1,1,4),(4,4),(0.,0.333333333333334,0.666666666666667,1.),(0.0543513159357602,
1.),.UNSPECIFIED.);
#28=B_SPLINE_SURFACE_WITH_KNOTS('',3,3,((#6983,#6984,#6985,#6986),(#6987,
#6988,#6989,#6990),(#6991,#6992,#6993,#6994),(#6995,#6996,#6997,#6998),
(#6999,#7000,#7001,#7002),(#7003,#7004,#7005,#7006),(#7007,#7008,#7009,
#7010),(#7011,#7012,#7013,#7014),(#7015,#7016,#7017,#7018),(#7019,#7020,
#7021,#7022),(#7023,#7024,#7025,#7026),(#7027,#7028,#7029,#7030)),
 .UNSPECIFIED.,.F.,.F.,.F.,(4,2,1,2,1,2,4),(4,4),(0.,0.25,0.333333333333334,
0.5,0.666666666666667,0.75,1.),(0.0486345958289234,0.847683566269213),
 .UNSPECIFIED.);
#29=B_SPLINE_SURFACE_WITH_KNOTS('',3,3,((#7040,#7041,#7042,#7043),(#7044,
#7045,#7046,#7047),(#7048,#7049,#7050,#7051),(#7052,#7053,#7054,#7055),
(#7056,#7057,#7058,#7059),(#7060,#7061,#7062,#7063),(#7064,#7065,#7066,
#7067),(#7068,#7069,#7070,#7071),(#7072,#7073,#7074,#7075),(#7076,#7077,
#7078,#7079),(#7080,#7081,#7082,#7083),(#7084,#7085,#7086,#7087)),
 .UNSPECIFIED.,.F.,.F.,.F.,(4,2,1,2,1,2,4),(4,4),(0.,0.25,0.333333333333334,
0.5,0.666666666666667,0.75,1.),(0.0477217329624713,1.),.UNSPECIFIED.);
#30=B_SPLINE_SURFACE_WITH_KNOTS('',3,3,((#7730,#7731,#7732,#7733),(#7734,
#7735,#7736,#7737),(#7738,#7739,#7740,#7741),(#7742,#7743,#7744,#7745),
(#7746,#7747,#7748,#7749),(#7750,#7751,#7752,#7753)),.UNSPECIFIED.,.F.,
 .F.,.F.,(4,1,1,4),(4,4),(0.,0.333333333333334,0.666666666666667,1.),(0.0560706356910438,
1.),.UNSPECIFIED.);
#31=B_SPLINE_SURFACE_WITH_KNOTS('',3,3,((#7768,#7769,#7770,#7771),(#7772,
#7773,#7774,#7775),(#7776,#7777,#7778,#7779),(#7780,#7781,#7782,#7783),
(#7784,#7785,#7786,#7787),(#7788,#7789,#7790,#7791),(#7792,#7793,#7794,
#7795),(#7796,#7797,#7798,#7799),(#7800,#7801,#7802,#7803),(#7804,#7805,
#7806,#7807),(#7808,#7809,#7810,#7811),(#7812,#7813,#7814,#7815)),
 .UNSPECIFIED.,.F.,.F.,.F.,(4,2,1,2,1,2,4),(4,4),(0.,0.25,0.333333333333334,
0.5,0.666666666666667,0.75,1.),(0.0499264934705512,0.855513418397541),
 .UNSPECIFIED.);
#32=B_SPLINE_SURFACE_WITH_KNOTS('',3,3,((#7827,#7828,#7829,#7830),(#7831,
#7832,#7833,#7834),(#7835,#7836,#7837,#7838),(#7839,#7840,#7841,#7842),
(#7843,#7844,#7845,#7846),(#7847,#7848,#7849,#7850)),.UNSPECIFIED.,.F.,
 .F.,.F.,(4,1,1,4),(4,4),(0.,0.333333333333334,0.666666666666667,1.),(0.,
1.),.UNSPECIFIED.);
#33=B_SPLINE_SURFACE_WITH_KNOTS('',3,3,((#7872,#7873,#7874,#7875),(#7876,
#7877,#7878,#7879),(#7880,#7881,#7882,#7883),(#7884,#7885,#7886,#7887),
(#7888,#7889,#7890,#7891),(#7892,#7893,#7894,#7895),(#7896,#7897,#7898,
#7899),(#7900,#7901,#7902,#7903),(#7904,#7905,#7906,#7907),(#7908,#7909,
#7910,#7911),(#7912,#7913,#7914,#7915),(#7916,#7917,#7918,#7919)),
 .UNSPECIFIED.,.F.,.F.,.F.,(4,2,1,2,1,2,4),(4,4),(0.,0.25,0.333333333333334,
0.5,0.666666666666667,0.75,1.),(0.0490413897775086,1.),.UNSPECIFIED.);
#34=B_SPLINE_SURFACE_WITH_KNOTS('',3,3,((#7924,#7925,#7926,#7927),(#7928,
#7929,#7930,#7931),(#7932,#7933,#7934,#7935),(#7936,#7937,#7938,#7939),
(#7940,#7941,#7942,#7943),(#7944,#7945,#7946,#7947)),.UNSPECIFIED.,.F.,
 .F.,.F.,(4,1,1,4),(4,4),(0.,0.333333333333334,0.666666666666667,1.),(0.,
1.),.UNSPECIFIED.);
#35=B_SPLINE_SURFACE_WITH_KNOTS('',3,1,((#8125,#8126),(#8127,#8128),(#8129,
#8130),(#8131,#8132)),.RULED_SURF.,.F.,.F.,.F.,(4,4),(2,2),(0.,1.),(0.,
1.),.PIECEWISE_BEZIER_KNOTS.);
#36=B_SPLINE_SURFACE_WITH_KNOTS('',3,1,((#8134,#8135),(#8136,#8137),(#8138,
#8139),(#8140,#8141)),.RULED_SURF.,.F.,.F.,.F.,(4,4),(2,2),(0.,1.),(0.,
1.),.PIECEWISE_BEZIER_KNOTS.);
#37=B_SPLINE_CURVE_WITH_KNOTS('',3,(#6883,#6884,#6885,#6886),
 .UNSPECIFIED.,.F.,.F.,(4,4),(0.,9.51222359477789E-5),.UNSPECIFIED.);
#38=B_SPLINE_CURVE_WITH_KNOTS('',3,(#6889,#6890,#6891,#6892),
 .UNSPECIFIED.,.F.,.F.,(4,4),(1.38777878078145E-17,0.00999999659322534),
 .UNSPECIFIED.);
#39=B_SPLINE_CURVE_WITH_KNOTS('',3,(#6894,#6895,#6896,#6897),
 .UNSPECIFIED.,.F.,.F.,(4,4),(0.,9.44081002527935E-5),.UNSPECIFIED.);
#40=B_SPLINE_CURVE_WITH_KNOTS('',3,(#6964,#6965,#6966,#6967),
 .UNSPECIFIED.,.F.,.F.,(4,4),(0.,1.),.PIECEWISE_BEZIER_KNOTS.);
#41=B_SPLINE_CURVE_WITH_KNOTS('',3,(#6968,#6969,#6970,#6971),
 .UNSPECIFIED.,.F.,.F.,(4,4),(0.,1.),.PIECEWISE_BEZIER_KNOTS.);
#42=B_SPLINE_CURVE_WITH_KNOTS('',3,(#6973,#6974,#6975,#6976),
 .UNSPECIFIED.,.F.,.F.,(4,4),(1.18273193607144E-5,0.0100000648542701),
 .UNSPECIFIED.);
#43=B_SPLINE_CURVE_WITH_KNOTS('',3,(#6978,#6979,#6980,#6981,#6982),
 .UNSPECIFIED.,.F.,.F.,(4,1,4),(0.,0.00238651534270622,0.00477303068541245),
 .UNSPECIFIED.);
#44=B_SPLINE_CURVE_WITH_KNOTS('',3,(#7031,#7032,#7033,#7034),
 .UNSPECIFIED.,.F.,.F.,(4,4),(0.,1.),.PIECEWISE_BEZIER_KNOTS.);
#45=B_SPLINE_CURVE_WITH_KNOTS('',3,(#7036,#7037,#7038,#7039),
 .UNSPECIFIED.,.F.,.F.,(4,4),(1.27946881663023E-16,0.00364277248193203),
 .UNSPECIFIED.);
#46=B_SPLINE_CURVE_WITH_KNOTS('',3,(#7088,#7089,#7090,#7091),
 .UNSPECIFIED.,.F.,.F.,(4,4),(0.,1.),.PIECEWISE_BEZIER_KNOTS.);
#47=B_SPLINE_CURVE_WITH_KNOTS('',3,(#7139,#7140,#7141,#7142),
 .UNSPECIFIED.,.F.,.F.,(4,4),(0.00690057033479367,0.00974945553055924),
 .UNSPECIFIED.);
#48=B_SPLINE_CURVE_WITH_KNOTS('',3,(#7154,#7155,#7156,#7157,#7158),
 .UNSPECIFIED.,.F.,.F.,(4,1,4),(5.05159101305033E-17,0.0022642521512541,
0.00452850430250815),.UNSPECIFIED.);
#49=B_SPLINE_CURVE_WITH_KNOTS('',3,(#7177,#7178,#7179,#7180),
 .UNSPECIFIED.,.F.,.F.,(4,4),(0.00647916542553672,0.00948273766989025),
 .UNSPECIFIED.);
#50=B_SPLINE_CURVE_WITH_KNOTS('',3,(#7703,#7704,#7705,#7706),
 .UNSPECIFIED.,.F.,.F.,(4,4),(0.,0.00999095667679415),.UNSPECIFIED.);
#51=B_SPLINE_CURVE_WITH_KNOTS('',3,(#7711,#7712,#7713,#7714),
 .UNSPECIFIED.,.F.,.F.,(4,4),(0.,0.00999144092087283),.UNSPECIFIED.);
#52=B_SPLINE_CURVE_WITH_KNOTS('',3,(#7716,#7717,#7718,#7719),
 .UNSPECIFIED.,.F.,.F.,(4,4),(1.95401026474983E-16,0.00354770127528859),
 .UNSPECIFIED.);
#53=B_SPLINE_CURVE_WITH_KNOTS('',3,(#7721,#7722,#7723,#7724),
 .UNSPECIFIED.,.F.,.F.,(4,4),(1.11720567314751E-5,0.0100000382427102),
 .UNSPECIFIED.);
#54=B_SPLINE_CURVE_WITH_KNOTS('',3,(#7754,#7755,#7756,#7757),
 .UNSPECIFIED.,.F.,.F.,(4,4),(1.38777878078145E-17,0.00999999644546132),
 .UNSPECIFIED.);
#55=B_SPLINE_CURVE_WITH_KNOTS('',3,(#7760,#7761,#7762,#7763),
 .UNSPECIFIED.,.F.,.F.,(4,4),(0.,1.),.PIECEWISE_BEZIER_KNOTS.);
#56=B_SPLINE_CURVE_WITH_KNOTS('',3,(#7764,#7765,#7766,#7767),
 .UNSPECIFIED.,.F.,.F.,(4,4),(0.,1.),.PIECEWISE_BEZIER_KNOTS.);
#57=B_SPLINE_CURVE_WITH_KNOTS('',3,(#7819,#7820,#7821,#7822),
 .UNSPECIFIED.,.F.,.F.,(4,4),(0.,0.000110162196679561),.UNSPECIFIED.);
#58=B_SPLINE_CURVE_WITH_KNOTS('',3,(#7823,#7824,#7825,#7826),
 .UNSPECIFIED.,.F.,.F.,(4,4),(0.,1.),.PIECEWISE_BEZIER_KNOTS.);
#59=B_SPLINE_CURVE_WITH_KNOTS('',3,(#7851,#7852,#7853,#7854),
 .UNSPECIFIED.,.F.,.F.,(4,4),(0.,0.00100538567474626),.UNSPECIFIED.);
#60=B_SPLINE_CURVE_WITH_KNOTS('',3,(#7859,#7860,#7861,#7862),
 .UNSPECIFIED.,.F.,.F.,(4,4),(0.,1.),.PIECEWISE_BEZIER_KNOTS.);
#61=B_SPLINE_CURVE_WITH_KNOTS('',3,(#7863,#7864,#7865,#7866),
 .UNSPECIFIED.,.F.,.F.,(4,4),(0.,1.),.PIECEWISE_BEZIER_KNOTS.);
#62=B_SPLINE_CURVE_WITH_KNOTS('',3,(#7868,#7869,#7870,#7871),
 .UNSPECIFIED.,.F.,.F.,(4,4),(0.00999954141852307,0.00999999719311309),
 .UNSPECIFIED.);
#63=B_SPLINE_CURVE_WITH_KNOTS('',3,(#7920,#7921,#7922,#7923),
 .UNSPECIFIED.,.F.,.F.,(4,4),(0.,0.00200549017526135),.UNSPECIFIED.);
#64=B_SPLINE_CURVE_WITH_KNOTS('',3,(#7948,#7949,#7950,#7951),
 .UNSPECIFIED.,.F.,.F.,(4,4),(0.,1.),.PIECEWISE_BEZIER_KNOTS.);
#65=B_SPLINE_CURVE_WITH_KNOTS('',3,(#7955,#7956,#7957,#7958),
 .UNSPECIFIED.,.F.,.F.,(4,4),(0.,1.),.PIECEWISE_BEZIER_KNOTS.);
#66=CIRCLE('',#5090,0.00225);
#67=CIRCLE('',#5123,0.00225);
#68=CIRCLE('',#5139,0.00225);
#69=CIRCLE('',#5220,0.00225);
#70=CIRCLE('',#5222,0.00225);
#71=CIRCLE('',#5287,0.0025);
#72=CIRCLE('',#5288,0.0025);
#73=CIRCLE('',#5289,0.0025);
#74=CIRCLE('',#5290,0.0025);
#75=CIRCLE('',#5291,0.0013);
#76=CIRCLE('',#5292,0.0013);
#77=CIRCLE('',#5293,0.0013);
#78=CIRCLE('',#5294,0.0013);
#79=CIRCLE('',#5315,0.0013);
#80=CIRCLE('',#5317,0.0013);
#81=CIRCLE('',#5319,0.0013);
#82=CIRCLE('',#5321,0.0013);
#83=CIRCLE('',#5335,0.0015);
#84=CIRCLE('',#5336,0.0015);
#85=CIRCLE('',#5337,0.0015);
#86=CIRCLE('',#5338,0.0015);
#87=CIRCLE('',#5346,0.0015);
#88=CIRCLE('',#5348,0.0015);
#89=CIRCLE('',#5350,0.0015);
#90=CIRCLE('',#5352,0.0015);
#91=CIRCLE('',#5354,0.0025);
#92=CIRCLE('',#5357,0.0025);
#93=CIRCLE('',#5360,0.0025);
#94=CIRCLE('',#5363,0.0025);
#95=ELLIPSE('',#5088,0.00225000251886511,0.00225);
#96=ELLIPSE('',#5307,0.00386115872618178,0.0013);
#97=ELLIPSE('',#5309,0.00138060722665882,0.0013);
#98=ELLIPSE('',#5311,0.00386115872618178,0.0013);
#99=ELLIPSE('',#5313,0.00138060722665882,0.0013);
#100=ORIENTED_EDGE('',*,*,#1514,.T.);
#101=ORIENTED_EDGE('',*,*,#1515,.T.);
#102=ORIENTED_EDGE('',*,*,#1516,.T.);
#103=ORIENTED_EDGE('',*,*,#1517,.F.);
#104=ORIENTED_EDGE('',*,*,#1518,.F.);
#105=ORIENTED_EDGE('',*,*,#1519,.F.);
#106=ORIENTED_EDGE('',*,*,#1520,.F.);
#107=ORIENTED_EDGE('',*,*,#1521,.F.);
#108=ORIENTED_EDGE('',*,*,#1515,.F.);
#109=ORIENTED_EDGE('',*,*,#1522,.T.);
#110=ORIENTED_EDGE('',*,*,#1521,.T.);
#111=ORIENTED_EDGE('',*,*,#1523,.T.);
#112=ORIENTED_EDGE('',*,*,#1524,.F.);
#113=ORIENTED_EDGE('',*,*,#1525,.T.);
#114=ORIENTED_EDGE('',*,*,#1526,.F.);
#115=ORIENTED_EDGE('',*,*,#1527,.F.);
#116=ORIENTED_EDGE('',*,*,#1528,.F.);
#117=ORIENTED_EDGE('',*,*,#1529,.T.);
#118=ORIENTED_EDGE('',*,*,#1530,.F.);
#119=ORIENTED_EDGE('',*,*,#1531,.F.);
#120=ORIENTED_EDGE('',*,*,#1532,.T.);
#121=ORIENTED_EDGE('',*,*,#1533,.T.);
#122=ORIENTED_EDGE('',*,*,#1534,.F.);
#123=ORIENTED_EDGE('',*,*,#1535,.F.);
#124=ORIENTED_EDGE('',*,*,#1527,.T.);
#125=ORIENTED_EDGE('',*,*,#1536,.T.);
#126=ORIENTED_EDGE('',*,*,#1537,.T.);
#127=ORIENTED_EDGE('',*,*,#1538,.T.);
#128=ORIENTED_EDGE('',*,*,#1539,.T.);
#129=ORIENTED_EDGE('',*,*,#1525,.F.);
#130=ORIENTED_EDGE('',*,*,#1540,.F.);
#131=ORIENTED_EDGE('',*,*,#1535,.T.);
#132=ORIENTED_EDGE('',*,*,#1541,.T.);
#133=ORIENTED_EDGE('',*,*,#1542,.F.);
#134=ORIENTED_EDGE('',*,*,#1537,.F.);
#135=ORIENTED_EDGE('',*,*,#1524,.T.);
#136=ORIENTED_EDGE('',*,*,#1539,.F.);
#137=ORIENTED_EDGE('',*,*,#1543,.F.);
#138=ORIENTED_EDGE('',*,*,#1544,.F.);
#139=ORIENTED_EDGE('',*,*,#1545,.T.);
#140=ORIENTED_EDGE('',*,*,#1546,.T.);
#141=ORIENTED_EDGE('',*,*,#1547,.T.);
#142=ORIENTED_EDGE('',*,*,#1548,.T.);
#143=ORIENTED_EDGE('',*,*,#1549,.F.);
#144=ORIENTED_EDGE('',*,*,#1528,.T.);
#145=ORIENTED_EDGE('',*,*,#1526,.T.);
#146=ORIENTED_EDGE('',*,*,#1550,.F.);
#147=ORIENTED_EDGE('',*,*,#1551,.T.);
#148=ORIENTED_EDGE('',*,*,#1531,.T.);
#149=ORIENTED_EDGE('',*,*,#1552,.F.);
#150=ORIENTED_EDGE('',*,*,#1553,.T.);
#151=ORIENTED_EDGE('',*,*,#1554,.T.);
#152=ORIENTED_EDGE('',*,*,#1555,.F.);
#153=ORIENTED_EDGE('',*,*,#1520,.T.);
#154=ORIENTED_EDGE('',*,*,#1556,.T.);
#155=ORIENTED_EDGE('',*,*,#1557,.F.);
#156=ORIENTED_EDGE('',*,*,#1558,.F.);
#157=ORIENTED_EDGE('',*,*,#1516,.F.);
#158=ORIENTED_EDGE('',*,*,#1559,.T.);
#159=ORIENTED_EDGE('',*,*,#1560,.T.);
#160=ORIENTED_EDGE('',*,*,#1561,.F.);
#161=ORIENTED_EDGE('',*,*,#1562,.F.);
#162=ORIENTED_EDGE('',*,*,#1563,.F.);
#163=ORIENTED_EDGE('',*,*,#1564,.T.);
#164=ORIENTED_EDGE('',*,*,#1565,.F.);
#165=ORIENTED_EDGE('',*,*,#1566,.F.);
#166=ORIENTED_EDGE('',*,*,#1567,.F.);
#167=ORIENTED_EDGE('',*,*,#1568,.T.);
#168=ORIENTED_EDGE('',*,*,#1569,.T.);
#169=ORIENTED_EDGE('',*,*,#1570,.F.);
#170=ORIENTED_EDGE('',*,*,#1571,.F.);
#171=ORIENTED_EDGE('',*,*,#1572,.T.);
#172=ORIENTED_EDGE('',*,*,#1573,.T.);
#173=ORIENTED_EDGE('',*,*,#1574,.T.);
#174=ORIENTED_EDGE('',*,*,#1575,.F.);
#175=ORIENTED_EDGE('',*,*,#1571,.T.);
#176=ORIENTED_EDGE('',*,*,#1576,.T.);
#177=ORIENTED_EDGE('',*,*,#1577,.T.);
#178=ORIENTED_EDGE('',*,*,#1578,.T.);
#179=ORIENTED_EDGE('',*,*,#1579,.T.);
#180=ORIENTED_EDGE('',*,*,#1580,.T.);
#181=ORIENTED_EDGE('',*,*,#1581,.T.);
#182=ORIENTED_EDGE('',*,*,#1566,.T.);
#183=ORIENTED_EDGE('',*,*,#1582,.T.);
#184=ORIENTED_EDGE('',*,*,#1554,.F.);
#185=ORIENTED_EDGE('',*,*,#1583,.T.);
#186=ORIENTED_EDGE('',*,*,#1584,.T.);
#187=ORIENTED_EDGE('',*,*,#1563,.T.);
#188=ORIENTED_EDGE('',*,*,#1581,.F.);
#189=ORIENTED_EDGE('',*,*,#1585,.F.);
#190=ORIENTED_EDGE('',*,*,#1586,.F.);
#191=ORIENTED_EDGE('',*,*,#1523,.F.);
#192=ORIENTED_EDGE('',*,*,#1555,.T.);
#193=ORIENTED_EDGE('',*,*,#1586,.T.);
#194=ORIENTED_EDGE('',*,*,#1587,.T.);
#195=ORIENTED_EDGE('',*,*,#1588,.T.);
#196=ORIENTED_EDGE('',*,*,#1559,.F.);
#197=ORIENTED_EDGE('',*,*,#1589,.T.);
#198=ORIENTED_EDGE('',*,*,#1590,.T.);
#199=ORIENTED_EDGE('',*,*,#1591,.F.);
#200=ORIENTED_EDGE('',*,*,#1560,.F.);
#201=ORIENTED_EDGE('',*,*,#1588,.F.);
#202=ORIENTED_EDGE('',*,*,#1592,.F.);
#203=ORIENTED_EDGE('',*,*,#1593,.F.);
#204=ORIENTED_EDGE('',*,*,#1569,.F.);
#205=ORIENTED_EDGE('',*,*,#1594,.T.);
#206=ORIENTED_EDGE('',*,*,#1570,.T.);
#207=ORIENTED_EDGE('',*,*,#1593,.T.);
#208=ORIENTED_EDGE('',*,*,#1595,.F.);
#209=ORIENTED_EDGE('',*,*,#1596,.F.);
#210=ORIENTED_EDGE('',*,*,#1597,.T.);
#211=ORIENTED_EDGE('',*,*,#1598,.T.);
#212=ORIENTED_EDGE('',*,*,#1599,.F.);
#213=ORIENTED_EDGE('',*,*,#1595,.T.);
#214=ORIENTED_EDGE('',*,*,#1592,.T.);
#215=ORIENTED_EDGE('',*,*,#1587,.F.);
#216=ORIENTED_EDGE('',*,*,#1585,.T.);
#217=ORIENTED_EDGE('',*,*,#1580,.F.);
#218=ORIENTED_EDGE('',*,*,#1600,.F.);
#219=ORIENTED_EDGE('',*,*,#1601,.T.);
#220=ORIENTED_EDGE('',*,*,#1602,.T.);
#221=ORIENTED_EDGE('',*,*,#1603,.T.);
#222=ORIENTED_EDGE('',*,*,#1597,.F.);
#223=ORIENTED_EDGE('',*,*,#1604,.F.);
#224=ORIENTED_EDGE('',*,*,#1579,.F.);
#225=ORIENTED_EDGE('',*,*,#1605,.T.);
#226=ORIENTED_EDGE('',*,*,#1576,.F.);
#227=ORIENTED_EDGE('',*,*,#1574,.F.);
#228=ORIENTED_EDGE('',*,*,#1606,.F.);
#229=ORIENTED_EDGE('',*,*,#1607,.F.);
#230=ORIENTED_EDGE('',*,*,#1602,.F.);
#231=ORIENTED_EDGE('',*,*,#1608,.T.);
#232=ORIENTED_EDGE('',*,*,#1609,.F.);
#233=ORIENTED_EDGE('',*,*,#1610,.T.);
#234=ORIENTED_EDGE('',*,*,#1611,.F.);
#235=ORIENTED_EDGE('',*,*,#1612,.F.);
#236=ORIENTED_EDGE('',*,*,#1567,.T.);
#237=ORIENTED_EDGE('',*,*,#1594,.F.);
#238=ORIENTED_EDGE('',*,*,#1599,.T.);
#239=ORIENTED_EDGE('',*,*,#1613,.F.);
#240=ORIENTED_EDGE('',*,*,#1606,.T.);
#241=ORIENTED_EDGE('',*,*,#1573,.F.);
#242=ORIENTED_EDGE('',*,*,#1614,.F.);
#243=ORIENTED_EDGE('',*,*,#1577,.F.);
#244=ORIENTED_EDGE('',*,*,#1610,.F.);
#245=ORIENTED_EDGE('',*,*,#1615,.T.);
#246=ORIENTED_EDGE('',*,*,#1616,.T.);
#247=ORIENTED_EDGE('',*,*,#1600,.T.);
#248=ORIENTED_EDGE('',*,*,#1582,.F.);
#249=ORIENTED_EDGE('',*,*,#1565,.T.);
#250=ORIENTED_EDGE('',*,*,#1617,.F.);
#251=ORIENTED_EDGE('',*,*,#1604,.T.);
#252=ORIENTED_EDGE('',*,*,#1596,.T.);
#253=ORIENTED_EDGE('',*,*,#1618,.F.);
#254=ORIENTED_EDGE('',*,*,#1608,.F.);
#255=ORIENTED_EDGE('',*,*,#1619,.F.);
#256=ORIENTED_EDGE('',*,*,#1620,.F.);
#257=ORIENTED_EDGE('',*,*,#1621,.F.);
#258=ORIENTED_EDGE('',*,*,#1622,.T.);
#259=ORIENTED_EDGE('',*,*,#1623,.F.);
#260=ORIENTED_EDGE('',*,*,#1624,.F.);
#261=ORIENTED_EDGE('',*,*,#1625,.F.);
#262=ORIENTED_EDGE('',*,*,#1626,.T.);
#263=ORIENTED_EDGE('',*,*,#1627,.T.);
#264=ORIENTED_EDGE('',*,*,#1628,.F.);
#265=ORIENTED_EDGE('',*,*,#1629,.T.);
#266=ORIENTED_EDGE('',*,*,#1630,.F.);
#267=ORIENTED_EDGE('',*,*,#1529,.F.);
#268=ORIENTED_EDGE('',*,*,#1549,.T.);
#269=ORIENTED_EDGE('',*,*,#1628,.T.);
#270=ORIENTED_EDGE('',*,*,#1627,.F.);
#271=ORIENTED_EDGE('',*,*,#1631,.F.);
#272=ORIENTED_EDGE('',*,*,#1632,.F.);
#273=ORIENTED_EDGE('',*,*,#1633,.T.);
#274=ORIENTED_EDGE('',*,*,#1634,.T.);
#275=ORIENTED_EDGE('',*,*,#1635,.F.);
#276=ORIENTED_EDGE('',*,*,#1629,.F.);
#277=ORIENTED_EDGE('',*,*,#1636,.F.);
#278=ORIENTED_EDGE('',*,*,#1637,.F.);
#279=ORIENTED_EDGE('',*,*,#1638,.F.);
#280=ORIENTED_EDGE('',*,*,#1639,.T.);
#281=ORIENTED_EDGE('',*,*,#1640,.F.);
#282=ORIENTED_EDGE('',*,*,#1641,.T.);
#283=ORIENTED_EDGE('',*,*,#1642,.T.);
#284=ORIENTED_EDGE('',*,*,#1643,.T.);
#285=ORIENTED_EDGE('',*,*,#1644,.T.);
#286=ORIENTED_EDGE('',*,*,#1645,.F.);
#287=ORIENTED_EDGE('',*,*,#1646,.T.);
#288=ORIENTED_EDGE('',*,*,#1647,.T.);
#289=ORIENTED_EDGE('',*,*,#1648,.T.);
#290=ORIENTED_EDGE('',*,*,#1649,.F.);
#291=ORIENTED_EDGE('',*,*,#1650,.F.);
#292=ORIENTED_EDGE('',*,*,#1651,.T.);
#293=ORIENTED_EDGE('',*,*,#1652,.T.);
#294=ORIENTED_EDGE('',*,*,#1653,.F.);
#295=ORIENTED_EDGE('',*,*,#1654,.T.);
#296=ORIENTED_EDGE('',*,*,#1630,.T.);
#297=ORIENTED_EDGE('',*,*,#1655,.T.);
#298=ORIENTED_EDGE('',*,*,#1651,.F.);
#299=ORIENTED_EDGE('',*,*,#1654,.F.);
#300=ORIENTED_EDGE('',*,*,#1653,.T.);
#301=ORIENTED_EDGE('',*,*,#1656,.T.);
#302=ORIENTED_EDGE('',*,*,#1657,.F.);
#303=ORIENTED_EDGE('',*,*,#1658,.F.);
#304=ORIENTED_EDGE('',*,*,#1659,.F.);
#305=ORIENTED_EDGE('',*,*,#1660,.T.);
#306=ORIENTED_EDGE('',*,*,#1533,.F.);
#307=ORIENTED_EDGE('',*,*,#1661,.T.);
#308=ORIENTED_EDGE('',*,*,#1662,.T.);
#309=ORIENTED_EDGE('',*,*,#1663,.F.);
#310=ORIENTED_EDGE('',*,*,#1664,.T.);
#311=ORIENTED_EDGE('',*,*,#1665,.T.);
#312=ORIENTED_EDGE('',*,*,#1666,.F.);
#313=ORIENTED_EDGE('',*,*,#1667,.F.);
#314=ORIENTED_EDGE('',*,*,#1668,.F.);
#315=ORIENTED_EDGE('',*,*,#1669,.F.);
#316=ORIENTED_EDGE('',*,*,#1670,.F.);
#317=ORIENTED_EDGE('',*,*,#1671,.F.);
#318=ORIENTED_EDGE('',*,*,#1672,.F.);
#319=ORIENTED_EDGE('',*,*,#1673,.F.);
#320=ORIENTED_EDGE('',*,*,#1674,.F.);
#321=ORIENTED_EDGE('',*,*,#1675,.F.);
#322=ORIENTED_EDGE('',*,*,#1676,.T.);
#323=ORIENTED_EDGE('',*,*,#1677,.F.);
#324=ORIENTED_EDGE('',*,*,#1678,.F.);
#325=ORIENTED_EDGE('',*,*,#1679,.F.);
#326=ORIENTED_EDGE('',*,*,#1680,.F.);
#327=ORIENTED_EDGE('',*,*,#1681,.F.);
#328=ORIENTED_EDGE('',*,*,#1682,.F.);
#329=ORIENTED_EDGE('',*,*,#1683,.F.);
#330=ORIENTED_EDGE('',*,*,#1684,.F.);
#331=ORIENTED_EDGE('',*,*,#1685,.T.);
#332=ORIENTED_EDGE('',*,*,#1686,.T.);
#333=ORIENTED_EDGE('',*,*,#1687,.F.);
#334=ORIENTED_EDGE('',*,*,#1688,.T.);
#335=ORIENTED_EDGE('',*,*,#1689,.F.);
#336=ORIENTED_EDGE('',*,*,#1690,.T.);
#337=ORIENTED_EDGE('',*,*,#1691,.F.);
#338=ORIENTED_EDGE('',*,*,#1668,.T.);
#339=ORIENTED_EDGE('',*,*,#1692,.T.);
#340=ORIENTED_EDGE('',*,*,#1693,.F.);
#341=ORIENTED_EDGE('',*,*,#1694,.F.);
#342=ORIENTED_EDGE('',*,*,#1667,.T.);
#343=ORIENTED_EDGE('',*,*,#1674,.T.);
#344=ORIENTED_EDGE('',*,*,#1695,.T.);
#345=ORIENTED_EDGE('',*,*,#1696,.F.);
#346=ORIENTED_EDGE('',*,*,#1692,.F.);
#347=ORIENTED_EDGE('',*,*,#1697,.F.);
#348=ORIENTED_EDGE('',*,*,#1670,.T.);
#349=ORIENTED_EDGE('',*,*,#1669,.T.);
#350=ORIENTED_EDGE('',*,*,#1691,.T.);
#351=ORIENTED_EDGE('',*,*,#1644,.F.);
#352=ORIENTED_EDGE('',*,*,#1698,.T.);
#353=ORIENTED_EDGE('',*,*,#1699,.F.);
#354=ORIENTED_EDGE('',*,*,#1700,.T.);
#355=ORIENTED_EDGE('',*,*,#1701,.T.);
#356=ORIENTED_EDGE('',*,*,#1702,.F.);
#357=ORIENTED_EDGE('',*,*,#1703,.T.);
#358=ORIENTED_EDGE('',*,*,#1704,.T.);
#359=ORIENTED_EDGE('',*,*,#1705,.F.);
#360=ORIENTED_EDGE('',*,*,#1706,.F.);
#361=ORIENTED_EDGE('',*,*,#1707,.T.);
#362=ORIENTED_EDGE('',*,*,#1708,.F.);
#363=ORIENTED_EDGE('',*,*,#1690,.F.);
#364=ORIENTED_EDGE('',*,*,#1709,.T.);
#365=ORIENTED_EDGE('',*,*,#1701,.F.);
#366=ORIENTED_EDGE('',*,*,#1710,.F.);
#367=ORIENTED_EDGE('',*,*,#1711,.T.);
#368=ORIENTED_EDGE('',*,*,#1712,.T.);
#369=ORIENTED_EDGE('',*,*,#1713,.F.);
#370=ORIENTED_EDGE('',*,*,#1714,.T.);
#371=ORIENTED_EDGE('',*,*,#1699,.T.);
#372=ORIENTED_EDGE('',*,*,#1715,.F.);
#373=ORIENTED_EDGE('',*,*,#1688,.F.);
#374=ORIENTED_EDGE('',*,*,#1716,.T.);
#375=ORIENTED_EDGE('',*,*,#1717,.T.);
#376=ORIENTED_EDGE('',*,*,#1718,.T.);
#377=ORIENTED_EDGE('',*,*,#1682,.T.);
#378=ORIENTED_EDGE('',*,*,#1719,.T.);
#379=ORIENTED_EDGE('',*,*,#1720,.F.);
#380=ORIENTED_EDGE('',*,*,#1645,.T.);
#381=ORIENTED_EDGE('',*,*,#1694,.T.);
#382=ORIENTED_EDGE('',*,*,#1721,.F.);
#383=ORIENTED_EDGE('',*,*,#1722,.F.);
#384=ORIENTED_EDGE('',*,*,#1723,.T.);
#385=ORIENTED_EDGE('',*,*,#1724,.F.);
#386=ORIENTED_EDGE('',*,*,#1725,.T.);
#387=ORIENTED_EDGE('',*,*,#1726,.T.);
#388=ORIENTED_EDGE('',*,*,#1727,.F.);
#389=ORIENTED_EDGE('',*,*,#1728,.T.);
#390=ORIENTED_EDGE('',*,*,#1729,.T.);
#391=ORIENTED_EDGE('',*,*,#1730,.F.);
#392=ORIENTED_EDGE('',*,*,#1731,.T.);
#393=ORIENTED_EDGE('',*,*,#1732,.F.);
#394=ORIENTED_EDGE('',*,*,#1733,.T.);
#395=ORIENTED_EDGE('',*,*,#1734,.F.);
#396=ORIENTED_EDGE('',*,*,#1735,.F.);
#397=ORIENTED_EDGE('',*,*,#1736,.T.);
#398=ORIENTED_EDGE('',*,*,#1737,.F.);
#399=ORIENTED_EDGE('',*,*,#1686,.F.);
#400=ORIENTED_EDGE('',*,*,#1738,.T.);
#401=ORIENTED_EDGE('',*,*,#1739,.F.);
#402=ORIENTED_EDGE('',*,*,#1740,.T.);
#403=ORIENTED_EDGE('',*,*,#1741,.F.);
#404=ORIENTED_EDGE('',*,*,#1742,.T.);
#405=ORIENTED_EDGE('',*,*,#1743,.T.);
#406=ORIENTED_EDGE('',*,*,#1744,.F.);
#407=ORIENTED_EDGE('',*,*,#1745,.F.);
#408=ORIENTED_EDGE('',*,*,#1746,.T.);
#409=ORIENTED_EDGE('',*,*,#1747,.T.);
#410=ORIENTED_EDGE('',*,*,#1748,.F.);
#411=ORIENTED_EDGE('',*,*,#1749,.F.);
#412=ORIENTED_EDGE('',*,*,#1744,.T.);
#413=ORIENTED_EDGE('',*,*,#1750,.T.);
#414=ORIENTED_EDGE('',*,*,#1751,.F.);
#415=ORIENTED_EDGE('',*,*,#1752,.F.);
#416=ORIENTED_EDGE('',*,*,#1753,.T.);
#417=ORIENTED_EDGE('',*,*,#1754,.F.);
#418=ORIENTED_EDGE('',*,*,#1755,.T.);
#419=ORIENTED_EDGE('',*,*,#1756,.F.);
#420=ORIENTED_EDGE('',*,*,#1757,.F.);
#421=ORIENTED_EDGE('',*,*,#1758,.F.);
#422=ORIENTED_EDGE('',*,*,#1759,.T.);
#423=ORIENTED_EDGE('',*,*,#1760,.T.);
#424=ORIENTED_EDGE('',*,*,#1761,.T.);
#425=ORIENTED_EDGE('',*,*,#1762,.F.);
#426=ORIENTED_EDGE('',*,*,#1763,.F.);
#427=ORIENTED_EDGE('',*,*,#1758,.T.);
#428=ORIENTED_EDGE('',*,*,#1764,.F.);
#429=ORIENTED_EDGE('',*,*,#1759,.F.);
#430=ORIENTED_EDGE('',*,*,#1763,.T.);
#431=ORIENTED_EDGE('',*,*,#1765,.F.);
#432=ORIENTED_EDGE('',*,*,#1766,.T.);
#433=ORIENTED_EDGE('',*,*,#1767,.T.);
#434=ORIENTED_EDGE('',*,*,#1768,.T.);
#435=ORIENTED_EDGE('',*,*,#1761,.F.);
#436=ORIENTED_EDGE('',*,*,#1757,.T.);
#437=ORIENTED_EDGE('',*,*,#1769,.F.);
#438=ORIENTED_EDGE('',*,*,#1770,.T.);
#439=ORIENTED_EDGE('',*,*,#1771,.T.);
#440=ORIENTED_EDGE('',*,*,#1772,.F.);
#441=ORIENTED_EDGE('',*,*,#1773,.T.);
#442=ORIENTED_EDGE('',*,*,#1760,.F.);
#443=ORIENTED_EDGE('',*,*,#1774,.F.);
#444=ORIENTED_EDGE('',*,*,#1775,.F.);
#445=ORIENTED_EDGE('',*,*,#1776,.F.);
#446=ORIENTED_EDGE('',*,*,#1777,.T.);
#447=ORIENTED_EDGE('',*,*,#1778,.T.);
#448=ORIENTED_EDGE('',*,*,#1710,.T.);
#449=ORIENTED_EDGE('',*,*,#1700,.F.);
#450=ORIENTED_EDGE('',*,*,#1714,.F.);
#451=ORIENTED_EDGE('',*,*,#1779,.T.);
#452=ORIENTED_EDGE('',*,*,#1780,.F.);
#453=ORIENTED_EDGE('',*,*,#1781,.T.);
#454=ORIENTED_EDGE('',*,*,#1782,.T.);
#455=ORIENTED_EDGE('',*,*,#1783,.F.);
#456=ORIENTED_EDGE('',*,*,#1784,.F.);
#457=ORIENTED_EDGE('',*,*,#1785,.T.);
#458=ORIENTED_EDGE('',*,*,#1786,.T.);
#459=ORIENTED_EDGE('',*,*,#1787,.F.);
#460=ORIENTED_EDGE('',*,*,#1788,.F.);
#461=ORIENTED_EDGE('',*,*,#1789,.F.);
#462=ORIENTED_EDGE('',*,*,#1790,.T.);
#463=ORIENTED_EDGE('',*,*,#1791,.F.);
#464=ORIENTED_EDGE('',*,*,#1792,.F.);
#465=ORIENTED_EDGE('',*,*,#1793,.F.);
#466=ORIENTED_EDGE('',*,*,#1794,.F.);
#467=ORIENTED_EDGE('',*,*,#1795,.F.);
#468=ORIENTED_EDGE('',*,*,#1796,.T.);
#469=ORIENTED_EDGE('',*,*,#1797,.T.);
#470=ORIENTED_EDGE('',*,*,#1798,.T.);
#471=ORIENTED_EDGE('',*,*,#1799,.F.);
#472=ORIENTED_EDGE('',*,*,#1800,.T.);
#473=ORIENTED_EDGE('',*,*,#1801,.F.);
#474=ORIENTED_EDGE('',*,*,#1802,.F.);
#475=ORIENTED_EDGE('',*,*,#1649,.T.);
#476=ORIENTED_EDGE('',*,*,#1640,.T.);
#477=ORIENTED_EDGE('',*,*,#1720,.T.);
#478=ORIENTED_EDGE('',*,*,#1803,.F.);
#479=ORIENTED_EDGE('',*,*,#1740,.F.);
#480=ORIENTED_EDGE('',*,*,#1804,.F.);
#481=ORIENTED_EDGE('',*,*,#1805,.T.);
#482=ORIENTED_EDGE('',*,*,#1806,.T.);
#483=ORIENTED_EDGE('',*,*,#1807,.T.);
#484=ORIENTED_EDGE('',*,*,#1808,.T.);
#485=ORIENTED_EDGE('',*,*,#1809,.T.);
#486=ORIENTED_EDGE('',*,*,#1732,.T.);
#487=ORIENTED_EDGE('',*,*,#1810,.T.);
#488=ORIENTED_EDGE('',*,*,#1729,.F.);
#489=ORIENTED_EDGE('',*,*,#1811,.F.);
#490=ORIENTED_EDGE('',*,*,#1647,.F.);
#491=ORIENTED_EDGE('',*,*,#1646,.F.);
#492=ORIENTED_EDGE('',*,*,#1810,.F.);
#493=ORIENTED_EDGE('',*,*,#1812,.F.);
#494=ORIENTED_EDGE('',*,*,#1775,.T.);
#495=ORIENTED_EDGE('',*,*,#1813,.T.);
#496=ORIENTED_EDGE('',*,*,#1814,.T.);
#497=ORIENTED_EDGE('',*,*,#1815,.F.);
#498=ORIENTED_EDGE('',*,*,#1816,.F.);
#499=ORIENTED_EDGE('',*,*,#1817,.F.);
#500=ORIENTED_EDGE('',*,*,#1717,.F.);
#501=ORIENTED_EDGE('',*,*,#1818,.T.);
#502=ORIENTED_EDGE('',*,*,#1803,.T.);
#503=ORIENTED_EDGE('',*,*,#1819,.T.);
#504=ORIENTED_EDGE('',*,*,#1820,.T.);
#505=ORIENTED_EDGE('',*,*,#1821,.T.);
#506=ORIENTED_EDGE('',*,*,#1822,.T.);
#507=ORIENTED_EDGE('',*,*,#1823,.F.);
#508=ORIENTED_EDGE('',*,*,#1824,.F.);
#509=ORIENTED_EDGE('',*,*,#1825,.F.);
#510=ORIENTED_EDGE('',*,*,#1826,.T.);
#511=ORIENTED_EDGE('',*,*,#1827,.T.);
#512=ORIENTED_EDGE('',*,*,#1815,.T.);
#513=ORIENTED_EDGE('',*,*,#1828,.T.);
#514=ORIENTED_EDGE('',*,*,#1829,.T.);
#515=ORIENTED_EDGE('',*,*,#1830,.T.);
#516=ORIENTED_EDGE('',*,*,#1831,.T.);
#517=ORIENTED_EDGE('',*,*,#1832,.F.);
#518=ORIENTED_EDGE('',*,*,#1833,.F.);
#519=ORIENTED_EDGE('',*,*,#1718,.F.);
#520=ORIENTED_EDGE('',*,*,#1817,.T.);
#521=ORIENTED_EDGE('',*,*,#1834,.F.);
#522=ORIENTED_EDGE('',*,*,#1835,.F.);
#523=ORIENTED_EDGE('',*,*,#1833,.T.);
#524=ORIENTED_EDGE('',*,*,#1836,.F.);
#525=ORIENTED_EDGE('',*,*,#1837,.F.);
#526=ORIENTED_EDGE('',*,*,#1703,.F.);
#527=ORIENTED_EDGE('',*,*,#1838,.F.);
#528=ORIENTED_EDGE('',*,*,#1836,.T.);
#529=ORIENTED_EDGE('',*,*,#1839,.T.);
#530=ORIENTED_EDGE('',*,*,#1712,.F.);
#531=ORIENTED_EDGE('',*,*,#1840,.F.);
#532=ORIENTED_EDGE('',*,*,#1835,.T.);
#533=ORIENTED_EDGE('',*,*,#1838,.T.);
#534=ORIENTED_EDGE('',*,*,#1841,.T.);
#535=ORIENTED_EDGE('',*,*,#1842,.T.);
#536=ORIENTED_EDGE('',*,*,#1839,.F.);
#537=ORIENTED_EDGE('',*,*,#1832,.T.);
#538=ORIENTED_EDGE('',*,*,#1843,.F.);
#539=ORIENTED_EDGE('',*,*,#1841,.F.);
#540=ORIENTED_EDGE('',*,*,#1831,.F.);
#541=ORIENTED_EDGE('',*,*,#1844,.T.);
#542=ORIENTED_EDGE('',*,*,#1845,.F.);
#543=ORIENTED_EDGE('',*,*,#1677,.T.);
#544=ORIENTED_EDGE('',*,*,#1846,.T.);
#545=ORIENTED_EDGE('',*,*,#1847,.F.);
#546=ORIENTED_EDGE('',*,*,#1848,.T.);
#547=ORIENTED_EDGE('',*,*,#1844,.F.);
#548=ORIENTED_EDGE('',*,*,#1830,.F.);
#549=ORIENTED_EDGE('',*,*,#1768,.F.);
#550=ORIENTED_EDGE('',*,*,#1849,.F.);
#551=ORIENTED_EDGE('',*,*,#1850,.T.);
#552=ORIENTED_EDGE('',*,*,#1851,.T.);
#553=ORIENTED_EDGE('',*,*,#1762,.T.);
#554=ORIENTED_EDGE('',*,*,#1852,.F.);
#555=ORIENTED_EDGE('',*,*,#1850,.F.);
#556=ORIENTED_EDGE('',*,*,#1853,.F.);
#557=ORIENTED_EDGE('',*,*,#1854,.F.);
#558=ORIENTED_EDGE('',*,*,#1664,.F.);
#559=ORIENTED_EDGE('',*,*,#1855,.F.);
#560=ORIENTED_EDGE('',*,*,#1856,.F.);
#561=ORIENTED_EDGE('',*,*,#1813,.F.);
#562=ORIENTED_EDGE('',*,*,#1774,.T.);
#563=ORIENTED_EDGE('',*,*,#1764,.T.);
#564=ORIENTED_EDGE('',*,*,#1857,.T.);
#565=ORIENTED_EDGE('',*,*,#1858,.F.);
#566=ORIENTED_EDGE('',*,*,#1859,.F.);
#567=ORIENTED_EDGE('',*,*,#1851,.F.);
#568=ORIENTED_EDGE('',*,*,#1860,.F.);
#569=ORIENTED_EDGE('',*,*,#1857,.F.);
#570=ORIENTED_EDGE('',*,*,#1852,.T.);
#571=ORIENTED_EDGE('',*,*,#1663,.T.);
#572=ORIENTED_EDGE('',*,*,#1861,.T.);
#573=ORIENTED_EDGE('',*,*,#1862,.F.);
#574=ORIENTED_EDGE('',*,*,#1863,.T.);
#575=ORIENTED_EDGE('',*,*,#1864,.F.);
#576=ORIENTED_EDGE('',*,*,#1858,.T.);
#577=ORIENTED_EDGE('',*,*,#1860,.T.);
#578=ORIENTED_EDGE('',*,*,#1829,.F.);
#579=ORIENTED_EDGE('',*,*,#1865,.T.);
#580=ORIENTED_EDGE('',*,*,#1859,.T.);
#581=ORIENTED_EDGE('',*,*,#1866,.F.);
#582=ORIENTED_EDGE('',*,*,#1546,.F.);
#583=ORIENTED_EDGE('',*,*,#1867,.T.);
#584=ORIENTED_EDGE('',*,*,#1657,.T.);
#585=ORIENTED_EDGE('',*,*,#1868,.F.);
#586=ORIENTED_EDGE('',*,*,#1869,.F.);
#587=ORIENTED_EDGE('',*,*,#1870,.T.);
#588=ORIENTED_EDGE('',*,*,#1871,.T.);
#589=ORIENTED_EDGE('',*,*,#1872,.T.);
#590=ORIENTED_EDGE('',*,*,#1847,.T.);
#591=ORIENTED_EDGE('',*,*,#1866,.T.);
#592=ORIENTED_EDGE('',*,*,#1864,.T.);
#593=ORIENTED_EDGE('',*,*,#1863,.F.);
#594=ORIENTED_EDGE('',*,*,#1873,.F.);
#595=ORIENTED_EDGE('',*,*,#1874,.F.);
#596=ORIENTED_EDGE('',*,*,#1875,.T.);
#597=ORIENTED_EDGE('',*,*,#1876,.F.);
#598=ORIENTED_EDGE('',*,*,#1856,.T.);
#599=ORIENTED_EDGE('',*,*,#1855,.T.);
#600=ORIENTED_EDGE('',*,*,#1865,.F.);
#601=ORIENTED_EDGE('',*,*,#1828,.F.);
#602=ORIENTED_EDGE('',*,*,#1814,.F.);
#603=ORIENTED_EDGE('',*,*,#1877,.T.);
#604=ORIENTED_EDGE('',*,*,#1878,.T.);
#605=ORIENTED_EDGE('',*,*,#1879,.F.);
#606=ORIENTED_EDGE('',*,*,#1880,.T.);
#607=ORIENTED_EDGE('',*,*,#1823,.T.);
#608=ORIENTED_EDGE('',*,*,#1881,.F.);
#609=ORIENTED_EDGE('',*,*,#1877,.F.);
#610=ORIENTED_EDGE('',*,*,#1822,.F.);
#611=ORIENTED_EDGE('',*,*,#1882,.F.);
#612=ORIENTED_EDGE('',*,*,#1883,.F.);
#613=ORIENTED_EDGE('',*,*,#1884,.T.);
#614=ORIENTED_EDGE('',*,*,#1885,.T.);
#615=ORIENTED_EDGE('',*,*,#1790,.F.);
#616=ORIENTED_EDGE('',*,*,#1886,.F.);
#617=ORIENTED_EDGE('',*,*,#1887,.F.);
#618=ORIENTED_EDGE('',*,*,#1888,.T.);
#619=ORIENTED_EDGE('',*,*,#1796,.F.);
#620=ORIENTED_EDGE('',*,*,#1889,.T.);
#621=ORIENTED_EDGE('',*,*,#1890,.F.);
#622=ORIENTED_EDGE('',*,*,#1891,.F.);
#623=ORIENTED_EDGE('',*,*,#1892,.T.);
#624=ORIENTED_EDGE('',*,*,#1754,.T.);
#625=ORIENTED_EDGE('',*,*,#1893,.F.);
#626=ORIENTED_EDGE('',*,*,#1894,.F.);
#627=ORIENTED_EDGE('',*,*,#1895,.T.);
#628=ORIENTED_EDGE('',*,*,#1896,.F.);
#629=ORIENTED_EDGE('',*,*,#1897,.F.);
#630=ORIENTED_EDGE('',*,*,#1898,.T.);
#631=ORIENTED_EDGE('',*,*,#1899,.T.);
#632=ORIENTED_EDGE('',*,*,#1900,.T.);
#633=ORIENTED_EDGE('',*,*,#1901,.F.);
#634=ORIENTED_EDGE('',*,*,#1902,.T.);
#635=ORIENTED_EDGE('',*,*,#1784,.T.);
#636=ORIENTED_EDGE('',*,*,#1903,.T.);
#637=ORIENTED_EDGE('',*,*,#1799,.T.);
#638=ORIENTED_EDGE('',*,*,#1904,.F.);
#639=ORIENTED_EDGE('',*,*,#1905,.F.);
#640=ORIENTED_EDGE('',*,*,#1906,.T.);
#641=ORIENTED_EDGE('',*,*,#1907,.T.);
#642=ORIENTED_EDGE('',*,*,#1908,.F.);
#643=ORIENTED_EDGE('',*,*,#1909,.F.);
#644=ORIENTED_EDGE('',*,*,#1910,.T.);
#645=ORIENTED_EDGE('',*,*,#1826,.F.);
#646=ORIENTED_EDGE('',*,*,#1911,.F.);
#647=ORIENTED_EDGE('',*,*,#1912,.T.);
#648=ORIENTED_EDGE('',*,*,#1913,.T.);
#649=ORIENTED_EDGE('',*,*,#1911,.T.);
#650=ORIENTED_EDGE('',*,*,#1834,.T.);
#651=ORIENTED_EDGE('',*,*,#1914,.F.);
#652=ORIENTED_EDGE('',*,*,#1827,.F.);
#653=ORIENTED_EDGE('',*,*,#1913,.F.);
#654=ORIENTED_EDGE('',*,*,#1915,.T.);
#655=ORIENTED_EDGE('',*,*,#1816,.T.);
#656=ORIENTED_EDGE('',*,*,#1915,.F.);
#657=ORIENTED_EDGE('',*,*,#1912,.F.);
#658=ORIENTED_EDGE('',*,*,#1914,.T.);
#659=ORIENTED_EDGE('',*,*,#1916,.T.);
#660=ORIENTED_EDGE('',*,*,#1917,.T.);
#661=ORIENTED_EDGE('',*,*,#1643,.F.);
#662=ORIENTED_EDGE('',*,*,#1918,.T.);
#663=ORIENTED_EDGE('',*,*,#1919,.T.);
#664=ORIENTED_EDGE('',*,*,#1920,.F.);
#665=ORIENTED_EDGE('',*,*,#1921,.F.);
#666=ORIENTED_EDGE('',*,*,#1922,.F.);
#667=ORIENTED_EDGE('',*,*,#1923,.T.);
#668=ORIENTED_EDGE('',*,*,#1797,.F.);
#669=ORIENTED_EDGE('',*,*,#1924,.F.);
#670=ORIENTED_EDGE('',*,*,#1782,.F.);
#671=ORIENTED_EDGE('',*,*,#1925,.F.);
#672=ORIENTED_EDGE('',*,*,#1926,.F.);
#673=ORIENTED_EDGE('',*,*,#1750,.F.);
#674=ORIENTED_EDGE('',*,*,#1743,.F.);
#675=ORIENTED_EDGE('',*,*,#1927,.F.);
#676=ORIENTED_EDGE('',*,*,#1928,.F.);
#677=ORIENTED_EDGE('',*,*,#1929,.F.);
#678=ORIENTED_EDGE('',*,*,#1930,.T.);
#679=ORIENTED_EDGE('',*,*,#1931,.T.);
#680=ORIENTED_EDGE('',*,*,#1748,.T.);
#681=ORIENTED_EDGE('',*,*,#1932,.F.);
#682=ORIENTED_EDGE('',*,*,#1933,.F.);
#683=ORIENTED_EDGE('',*,*,#1934,.T.);
#684=ORIENTED_EDGE('',*,*,#1935,.T.);
#685=ORIENTED_EDGE('',*,*,#1936,.F.);
#686=ORIENTED_EDGE('',*,*,#1794,.T.);
#687=ORIENTED_EDGE('',*,*,#1937,.F.);
#688=ORIENTED_EDGE('',*,*,#1938,.T.);
#689=ORIENTED_EDGE('',*,*,#1939,.T.);
#690=ORIENTED_EDGE('',*,*,#1792,.T.);
#691=ORIENTED_EDGE('',*,*,#1940,.F.);
#692=ORIENTED_EDGE('',*,*,#1941,.F.);
#693=ORIENTED_EDGE('',*,*,#1807,.F.);
#694=ORIENTED_EDGE('',*,*,#1942,.T.);
#695=ORIENTED_EDGE('',*,*,#1889,.F.);
#696=ORIENTED_EDGE('',*,*,#1795,.T.);
#697=ORIENTED_EDGE('',*,*,#1936,.T.);
#698=ORIENTED_EDGE('',*,*,#1943,.F.);
#699=ORIENTED_EDGE('',*,*,#1944,.T.);
#700=ORIENTED_EDGE('',*,*,#1783,.T.);
#701=ORIENTED_EDGE('',*,*,#1924,.T.);
#702=ORIENTED_EDGE('',*,*,#1800,.F.);
#703=ORIENTED_EDGE('',*,*,#1903,.F.);
#704=ORIENTED_EDGE('',*,*,#1788,.T.);
#705=ORIENTED_EDGE('',*,*,#1805,.F.);
#706=ORIENTED_EDGE('',*,*,#1650,.T.);
#707=ORIENTED_EDGE('',*,*,#1802,.T.);
#708=ORIENTED_EDGE('',*,*,#1945,.F.);
#709=ORIENTED_EDGE('',*,*,#1946,.F.);
#710=ORIENTED_EDGE('',*,*,#1811,.T.);
#711=ORIENTED_EDGE('',*,*,#1728,.F.);
#712=ORIENTED_EDGE('',*,*,#1947,.F.);
#713=ORIENTED_EDGE('',*,*,#1910,.F.);
#714=ORIENTED_EDGE('',*,*,#1948,.T.);
#715=ORIENTED_EDGE('',*,*,#1809,.F.);
#716=ORIENTED_EDGE('',*,*,#1949,.T.);
#717=ORIENTED_EDGE('',*,*,#1804,.T.);
#718=ORIENTED_EDGE('',*,*,#1739,.T.);
#719=ORIENTED_EDGE('',*,*,#1916,.F.);
#720=ORIENTED_EDGE('',*,*,#1950,.T.);
#721=ORIENTED_EDGE('',*,*,#1883,.T.);
#722=ORIENTED_EDGE('',*,*,#1733,.F.);
#723=ORIENTED_EDGE('',*,*,#1808,.F.);
#724=ORIENTED_EDGE('',*,*,#1945,.T.);
#725=ORIENTED_EDGE('',*,*,#1801,.T.);
#726=ORIENTED_EDGE('',*,*,#1949,.F.);
#727=ORIENTED_EDGE('',*,*,#1907,.F.);
#728=ORIENTED_EDGE('',*,*,#1951,.T.);
#729=ORIENTED_EDGE('',*,*,#1920,.T.);
#730=ORIENTED_EDGE('',*,*,#1952,.T.);
#731=ORIENTED_EDGE('',*,*,#1952,.F.);
#732=ORIENTED_EDGE('',*,*,#1919,.F.);
#733=ORIENTED_EDGE('',*,*,#1953,.T.);
#734=ORIENTED_EDGE('',*,*,#1908,.T.);
#735=ORIENTED_EDGE('',*,*,#1642,.F.);
#736=ORIENTED_EDGE('',*,*,#1954,.F.);
#737=ORIENTED_EDGE('',*,*,#1948,.F.);
#738=ORIENTED_EDGE('',*,*,#1909,.T.);
#739=ORIENTED_EDGE('',*,*,#1953,.F.);
#740=ORIENTED_EDGE('',*,*,#1918,.F.);
#741=ORIENTED_EDGE('',*,*,#1791,.T.);
#742=ORIENTED_EDGE('',*,*,#1885,.F.);
#743=ORIENTED_EDGE('',*,*,#1955,.F.);
#744=ORIENTED_EDGE('',*,*,#1940,.T.);
#745=ORIENTED_EDGE('',*,*,#1950,.F.);
#746=ORIENTED_EDGE('',*,*,#1941,.T.);
#747=ORIENTED_EDGE('',*,*,#1955,.T.);
#748=ORIENTED_EDGE('',*,*,#1884,.F.);
#749=ORIENTED_EDGE('',*,*,#1923,.F.);
#750=ORIENTED_EDGE('',*,*,#1956,.T.);
#751=ORIENTED_EDGE('',*,*,#1904,.T.);
#752=ORIENTED_EDGE('',*,*,#1798,.F.);
#753=ORIENTED_EDGE('',*,*,#1906,.F.);
#754=ORIENTED_EDGE('',*,*,#1957,.T.);
#755=ORIENTED_EDGE('',*,*,#1921,.T.);
#756=ORIENTED_EDGE('',*,*,#1951,.F.);
#757=ORIENTED_EDGE('',*,*,#1956,.F.);
#758=ORIENTED_EDGE('',*,*,#1922,.T.);
#759=ORIENTED_EDGE('',*,*,#1957,.F.);
#760=ORIENTED_EDGE('',*,*,#1905,.T.);
#761=ORIENTED_EDGE('',*,*,#1958,.F.);
#762=ORIENTED_EDGE('',*,*,#1937,.T.);
#763=ORIENTED_EDGE('',*,*,#1793,.T.);
#764=ORIENTED_EDGE('',*,*,#1888,.F.);
#765=ORIENTED_EDGE('',*,*,#1959,.F.);
#766=ORIENTED_EDGE('',*,*,#1886,.T.);
#767=ORIENTED_EDGE('',*,*,#1789,.T.);
#768=ORIENTED_EDGE('',*,*,#1939,.F.);
#769=ORIENTED_EDGE('',*,*,#1938,.F.);
#770=ORIENTED_EDGE('',*,*,#1958,.T.);
#771=ORIENTED_EDGE('',*,*,#1887,.T.);
#772=ORIENTED_EDGE('',*,*,#1959,.T.);
#773=ORIENTED_EDGE('',*,*,#1960,.F.);
#774=ORIENTED_EDGE('',*,*,#1961,.F.);
#775=ORIENTED_EDGE('',*,*,#1962,.F.);
#776=ORIENTED_EDGE('',*,*,#1963,.T.);
#777=ORIENTED_EDGE('',*,*,#1746,.F.);
#778=ORIENTED_EDGE('',*,*,#1964,.F.);
#779=ORIENTED_EDGE('',*,*,#1965,.T.);
#780=ORIENTED_EDGE('',*,*,#1966,.F.);
#781=ORIENTED_EDGE('',*,*,#1967,.F.);
#782=ORIENTED_EDGE('',*,*,#1968,.T.);
#783=ORIENTED_EDGE('',*,*,#1741,.T.);
#784=ORIENTED_EDGE('',*,*,#1749,.T.);
#785=ORIENTED_EDGE('',*,*,#1969,.F.);
#786=ORIENTED_EDGE('',*,*,#1970,.T.);
#787=ORIENTED_EDGE('',*,*,#1780,.T.);
#788=ORIENTED_EDGE('',*,*,#1944,.F.);
#789=ORIENTED_EDGE('',*,*,#1935,.F.);
#790=ORIENTED_EDGE('',*,*,#1971,.T.);
#791=ORIENTED_EDGE('',*,*,#1960,.T.);
#792=ORIENTED_EDGE('',*,*,#1943,.T.);
#793=ORIENTED_EDGE('',*,*,#1747,.F.);
#794=ORIENTED_EDGE('',*,*,#1963,.F.);
#795=ORIENTED_EDGE('',*,*,#1972,.F.);
#796=ORIENTED_EDGE('',*,*,#1932,.T.);
#797=ORIENTED_EDGE('',*,*,#1786,.F.);
#798=ORIENTED_EDGE('',*,*,#1973,.F.);
#799=ORIENTED_EDGE('',*,*,#1974,.T.);
#800=ORIENTED_EDGE('',*,*,#1975,.T.);
#801=ORIENTED_EDGE('',*,*,#1976,.F.);
#802=ORIENTED_EDGE('',*,*,#1977,.F.);
#803=ORIENTED_EDGE('',*,*,#1978,.T.);
#804=ORIENTED_EDGE('',*,*,#1979,.F.);
#805=ORIENTED_EDGE('',*,*,#1980,.F.);
#806=ORIENTED_EDGE('',*,*,#1981,.T.);
#807=ORIENTED_EDGE('',*,*,#1982,.T.);
#808=ORIENTED_EDGE('',*,*,#1752,.T.);
#809=ORIENTED_EDGE('',*,*,#1983,.F.);
#810=ORIENTED_EDGE('',*,*,#1984,.T.);
#811=ORIENTED_EDGE('',*,*,#1985,.T.);
#812=ORIENTED_EDGE('',*,*,#1986,.F.);
#813=ORIENTED_EDGE('',*,*,#1806,.F.);
#814=ORIENTED_EDGE('',*,*,#1787,.T.);
#815=ORIENTED_EDGE('',*,*,#1986,.T.);
#816=ORIENTED_EDGE('',*,*,#1987,.T.);
#817=ORIENTED_EDGE('',*,*,#1988,.F.);
#818=ORIENTED_EDGE('',*,*,#1890,.T.);
#819=ORIENTED_EDGE('',*,*,#1942,.F.);
#820=ORIENTED_EDGE('',*,*,#1987,.F.);
#821=ORIENTED_EDGE('',*,*,#1985,.F.);
#822=ORIENTED_EDGE('',*,*,#1989,.F.);
#823=ORIENTED_EDGE('',*,*,#1975,.F.);
#824=ORIENTED_EDGE('',*,*,#1990,.T.);
#825=ORIENTED_EDGE('',*,*,#1900,.F.);
#826=ORIENTED_EDGE('',*,*,#1991,.F.);
#827=ORIENTED_EDGE('',*,*,#1983,.T.);
#828=ORIENTED_EDGE('',*,*,#1755,.F.);
#829=ORIENTED_EDGE('',*,*,#1892,.F.);
#830=ORIENTED_EDGE('',*,*,#1984,.F.);
#831=ORIENTED_EDGE('',*,*,#1991,.T.);
#832=ORIENTED_EDGE('',*,*,#1891,.T.);
#833=ORIENTED_EDGE('',*,*,#1988,.T.);
#834=ORIENTED_EDGE('',*,*,#1933,.T.);
#835=ORIENTED_EDGE('',*,*,#1972,.T.);
#836=ORIENTED_EDGE('',*,*,#1962,.T.);
#837=ORIENTED_EDGE('',*,*,#1992,.T.);
#838=ORIENTED_EDGE('',*,*,#1992,.F.);
#839=ORIENTED_EDGE('',*,*,#1961,.T.);
#840=ORIENTED_EDGE('',*,*,#1971,.F.);
#841=ORIENTED_EDGE('',*,*,#1934,.F.);
#842=ORIENTED_EDGE('',*,*,#1993,.T.);
#843=ORIENTED_EDGE('',*,*,#1901,.T.);
#844=ORIENTED_EDGE('',*,*,#1990,.F.);
#845=ORIENTED_EDGE('',*,*,#1974,.F.);
#846=ORIENTED_EDGE('',*,*,#1993,.F.);
#847=ORIENTED_EDGE('',*,*,#1973,.T.);
#848=ORIENTED_EDGE('',*,*,#1785,.F.);
#849=ORIENTED_EDGE('',*,*,#1902,.F.);
#850=ORIENTED_EDGE('',*,*,#1926,.T.);
#851=ORIENTED_EDGE('',*,*,#1994,.T.);
#852=ORIENTED_EDGE('',*,*,#1969,.T.);
#853=ORIENTED_EDGE('',*,*,#1751,.T.);
#854=ORIENTED_EDGE('',*,*,#1994,.F.);
#855=ORIENTED_EDGE('',*,*,#1925,.T.);
#856=ORIENTED_EDGE('',*,*,#1781,.F.);
#857=ORIENTED_EDGE('',*,*,#1970,.F.);
#858=ORIENTED_EDGE('',*,*,#1896,.T.);
#859=ORIENTED_EDGE('',*,*,#1995,.F.);
#860=ORIENTED_EDGE('',*,*,#1979,.T.);
#861=ORIENTED_EDGE('',*,*,#1996,.T.);
#862=ORIENTED_EDGE('',*,*,#1899,.F.);
#863=ORIENTED_EDGE('',*,*,#1997,.T.);
#864=ORIENTED_EDGE('',*,*,#1976,.T.);
#865=ORIENTED_EDGE('',*,*,#1989,.T.);
#866=ORIENTED_EDGE('',*,*,#1998,.F.);
#867=ORIENTED_EDGE('',*,*,#1893,.T.);
#868=ORIENTED_EDGE('',*,*,#1753,.F.);
#869=ORIENTED_EDGE('',*,*,#1982,.F.);
#870=ORIENTED_EDGE('',*,*,#1929,.T.);
#871=ORIENTED_EDGE('',*,*,#1999,.F.);
#872=ORIENTED_EDGE('',*,*,#1966,.T.);
#873=ORIENTED_EDGE('',*,*,#2000,.T.);
#874=ORIENTED_EDGE('',*,*,#1965,.F.);
#875=ORIENTED_EDGE('',*,*,#2001,.F.);
#876=ORIENTED_EDGE('',*,*,#1930,.F.);
#877=ORIENTED_EDGE('',*,*,#2000,.F.);
#878=ORIENTED_EDGE('',*,*,#1931,.F.);
#879=ORIENTED_EDGE('',*,*,#2001,.T.);
#880=ORIENTED_EDGE('',*,*,#1964,.T.);
#881=ORIENTED_EDGE('',*,*,#1745,.T.);
#882=ORIENTED_EDGE('',*,*,#2002,.F.);
#883=ORIENTED_EDGE('',*,*,#1980,.T.);
#884=ORIENTED_EDGE('',*,*,#1995,.T.);
#885=ORIENTED_EDGE('',*,*,#1895,.F.);
#886=ORIENTED_EDGE('',*,*,#1981,.F.);
#887=ORIENTED_EDGE('',*,*,#2002,.T.);
#888=ORIENTED_EDGE('',*,*,#1894,.T.);
#889=ORIENTED_EDGE('',*,*,#1998,.T.);
#890=ORIENTED_EDGE('',*,*,#1967,.T.);
#891=ORIENTED_EDGE('',*,*,#1999,.T.);
#892=ORIENTED_EDGE('',*,*,#1928,.T.);
#893=ORIENTED_EDGE('',*,*,#2003,.T.);
#894=ORIENTED_EDGE('',*,*,#2003,.F.);
#895=ORIENTED_EDGE('',*,*,#1927,.T.);
#896=ORIENTED_EDGE('',*,*,#1742,.F.);
#897=ORIENTED_EDGE('',*,*,#1968,.F.);
#898=ORIENTED_EDGE('',*,*,#2004,.T.);
#899=ORIENTED_EDGE('',*,*,#1897,.T.);
#900=ORIENTED_EDGE('',*,*,#1996,.F.);
#901=ORIENTED_EDGE('',*,*,#1978,.F.);
#902=ORIENTED_EDGE('',*,*,#2004,.F.);
#903=ORIENTED_EDGE('',*,*,#1977,.T.);
#904=ORIENTED_EDGE('',*,*,#1997,.F.);
#905=ORIENTED_EDGE('',*,*,#1898,.F.);
#906=ORIENTED_EDGE('',*,*,#2005,.T.);
#907=ORIENTED_EDGE('',*,*,#1721,.T.);
#908=ORIENTED_EDGE('',*,*,#1693,.T.);
#909=ORIENTED_EDGE('',*,*,#1696,.T.);
#910=ORIENTED_EDGE('',*,*,#2006,.T.);
#911=ORIENTED_EDGE('',*,*,#1735,.T.);
#912=ORIENTED_EDGE('',*,*,#1917,.F.);
#913=ORIENTED_EDGE('',*,*,#1738,.F.);
#914=ORIENTED_EDGE('',*,*,#2007,.F.);
#915=ORIENTED_EDGE('',*,*,#2008,.T.);
#916=ORIENTED_EDGE('',*,*,#2009,.F.);
#917=ORIENTED_EDGE('',*,*,#2010,.F.);
#918=ORIENTED_EDGE('',*,*,#2011,.F.);
#919=ORIENTED_EDGE('',*,*,#1726,.F.);
#920=ORIENTED_EDGE('',*,*,#2012,.F.);
#921=ORIENTED_EDGE('',*,*,#2013,.F.);
#922=ORIENTED_EDGE('',*,*,#2014,.T.);
#923=ORIENTED_EDGE('',*,*,#1734,.T.);
#924=ORIENTED_EDGE('',*,*,#1882,.T.);
#925=ORIENTED_EDGE('',*,*,#1723,.F.);
#926=ORIENTED_EDGE('',*,*,#2015,.F.);
#927=ORIENTED_EDGE('',*,*,#2016,.T.);
#928=ORIENTED_EDGE('',*,*,#1727,.T.);
#929=ORIENTED_EDGE('',*,*,#2011,.T.);
#930=ORIENTED_EDGE('',*,*,#2017,.F.);
#931=ORIENTED_EDGE('',*,*,#2018,.F.);
#932=ORIENTED_EDGE('',*,*,#2019,.F.);
#933=ORIENTED_EDGE('',*,*,#2017,.T.);
#934=ORIENTED_EDGE('',*,*,#2010,.T.);
#935=ORIENTED_EDGE('',*,*,#2020,.F.);
#936=ORIENTED_EDGE('',*,*,#2021,.F.);
#937=ORIENTED_EDGE('',*,*,#2022,.T.);
#938=ORIENTED_EDGE('',*,*,#2023,.T.);
#939=ORIENTED_EDGE('',*,*,#2020,.T.);
#940=ORIENTED_EDGE('',*,*,#2009,.T.);
#941=ORIENTED_EDGE('',*,*,#1722,.T.);
#942=ORIENTED_EDGE('',*,*,#2024,.F.);
#943=ORIENTED_EDGE('',*,*,#2025,.F.);
#944=ORIENTED_EDGE('',*,*,#2026,.F.);
#945=ORIENTED_EDGE('',*,*,#2024,.T.);
#946=ORIENTED_EDGE('',*,*,#1947,.T.);
#947=ORIENTED_EDGE('',*,*,#2016,.F.);
#948=ORIENTED_EDGE('',*,*,#1736,.F.);
#949=ORIENTED_EDGE('',*,*,#2006,.F.);
#950=ORIENTED_EDGE('',*,*,#1695,.F.);
#951=ORIENTED_EDGE('',*,*,#2027,.F.);
#952=ORIENTED_EDGE('',*,*,#2028,.T.);
#953=ORIENTED_EDGE('',*,*,#2029,.T.);
#954=ORIENTED_EDGE('',*,*,#1697,.T.);
#955=ORIENTED_EDGE('',*,*,#1779,.F.);
#956=ORIENTED_EDGE('',*,*,#1713,.T.);
#957=ORIENTED_EDGE('',*,*,#1840,.T.);
#958=ORIENTED_EDGE('',*,*,#1711,.F.);
#959=ORIENTED_EDGE('',*,*,#2030,.F.);
#960=ORIENTED_EDGE('',*,*,#1658,.T.);
#961=ORIENTED_EDGE('',*,*,#1867,.F.);
#962=ORIENTED_EDGE('',*,*,#1545,.F.);
#963=ORIENTED_EDGE('',*,*,#2031,.T.);
#964=ORIENTED_EDGE('',*,*,#2032,.F.);
#965=ORIENTED_EDGE('',*,*,#1861,.F.);
#966=ORIENTED_EDGE('',*,*,#1666,.T.);
#967=ORIENTED_EDGE('',*,*,#2033,.T.);
#968=ORIENTED_EDGE('',*,*,#2034,.T.);
#969=ORIENTED_EDGE('',*,*,#2035,.T.);
#970=ORIENTED_EDGE('',*,*,#2036,.T.);
#971=ORIENTED_EDGE('',*,*,#2037,.T.);
#972=ORIENTED_EDGE('',*,*,#1846,.F.);
#973=ORIENTED_EDGE('',*,*,#1676,.F.);
#974=ORIENTED_EDGE('',*,*,#2038,.F.);
#975=ORIENTED_EDGE('',*,*,#2039,.F.);
#976=ORIENTED_EDGE('',*,*,#2040,.F.);
#977=ORIENTED_EDGE('',*,*,#2041,.F.);
#978=ORIENTED_EDGE('',*,*,#2042,.T.);
#979=ORIENTED_EDGE('',*,*,#2043,.F.);
#980=ORIENTED_EDGE('',*,*,#1770,.F.);
#981=ORIENTED_EDGE('',*,*,#2044,.T.);
#982=ORIENTED_EDGE('',*,*,#1777,.F.);
#983=ORIENTED_EDGE('',*,*,#2045,.T.);
#984=ORIENTED_EDGE('',*,*,#1730,.T.);
#985=ORIENTED_EDGE('',*,*,#2046,.T.);
#986=ORIENTED_EDGE('',*,*,#2047,.T.);
#987=ORIENTED_EDGE('',*,*,#2048,.F.);
#988=ORIENTED_EDGE('',*,*,#1725,.F.);
#989=ORIENTED_EDGE('',*,*,#2049,.T.);
#990=ORIENTED_EDGE('',*,*,#2050,.T.);
#991=ORIENTED_EDGE('',*,*,#2051,.T.);
#992=ORIENTED_EDGE('',*,*,#2052,.T.);
#993=ORIENTED_EDGE('',*,*,#1862,.T.);
#994=ORIENTED_EDGE('',*,*,#2032,.T.);
#995=ORIENTED_EDGE('',*,*,#2053,.F.);
#996=ORIENTED_EDGE('',*,*,#2025,.T.);
#997=ORIENTED_EDGE('',*,*,#2026,.T.);
#998=ORIENTED_EDGE('',*,*,#2015,.T.);
#999=ORIENTED_EDGE('',*,*,#2019,.T.);
#1000=ORIENTED_EDGE('',*,*,#2018,.T.);
#1001=ORIENTED_EDGE('',*,*,#2054,.T.);
#1002=ORIENTED_EDGE('',*,*,#2055,.F.);
#1003=ORIENTED_EDGE('',*,*,#2056,.T.);
#1004=ORIENTED_EDGE('',*,*,#2012,.T.);
#1005=ORIENTED_EDGE('',*,*,#2048,.T.);
#1006=ORIENTED_EDGE('',*,*,#1825,.T.);
#1007=ORIENTED_EDGE('',*,*,#2057,.F.);
#1008=ORIENTED_EDGE('',*,*,#2049,.F.);
#1009=ORIENTED_EDGE('',*,*,#1724,.T.);
#1010=ORIENTED_EDGE('',*,*,#1812,.T.);
#1011=ORIENTED_EDGE('',*,*,#1731,.F.);
#1012=ORIENTED_EDGE('',*,*,#2045,.F.);
#1013=ORIENTED_EDGE('',*,*,#1776,.T.);
#1014=ORIENTED_EDGE('',*,*,#2014,.F.);
#1015=ORIENTED_EDGE('',*,*,#2058,.F.);
#1016=ORIENTED_EDGE('',*,*,#2046,.F.);
#1017=ORIENTED_EDGE('',*,*,#2059,.T.);
#1018=ORIENTED_EDGE('',*,*,#2021,.T.);
#1019=ORIENTED_EDGE('',*,*,#2053,.T.);
#1020=ORIENTED_EDGE('',*,*,#2023,.F.);
#1021=ORIENTED_EDGE('',*,*,#2060,.F.);
#1022=ORIENTED_EDGE('',*,*,#2054,.F.);
#1023=ORIENTED_EDGE('',*,*,#2022,.F.);
#1024=ORIENTED_EDGE('',*,*,#2059,.F.);
#1025=ORIENTED_EDGE('',*,*,#2055,.T.);
#1026=ORIENTED_EDGE('',*,*,#2060,.T.);
#1027=ORIENTED_EDGE('',*,*,#2013,.T.);
#1028=ORIENTED_EDGE('',*,*,#2056,.F.);
#1029=ORIENTED_EDGE('',*,*,#2047,.F.);
#1030=ORIENTED_EDGE('',*,*,#2058,.T.);
#1031=ORIENTED_EDGE('',*,*,#1756,.T.);
#1032=ORIENTED_EDGE('',*,*,#1778,.F.);
#1033=ORIENTED_EDGE('',*,*,#2044,.F.);
#1034=ORIENTED_EDGE('',*,*,#1769,.T.);
#1035=ORIENTED_EDGE('',*,*,#2005,.F.);
#1036=ORIENTED_EDGE('',*,*,#2061,.F.);
#1037=ORIENTED_EDGE('',*,*,#1683,.T.);
#1038=ORIENTED_EDGE('',*,*,#2062,.T.);
#1039=ORIENTED_EDGE('',*,*,#2007,.T.);
#1040=ORIENTED_EDGE('',*,*,#1685,.F.);
#1041=ORIENTED_EDGE('',*,*,#2029,.F.);
#1042=ORIENTED_EDGE('',*,*,#2063,.F.);
#1043=ORIENTED_EDGE('',*,*,#1671,.T.);
#1044=ORIENTED_EDGE('',*,*,#2064,.T.);
#1045=ORIENTED_EDGE('',*,*,#2027,.T.);
#1046=ORIENTED_EDGE('',*,*,#1673,.T.);
#1047=ORIENTED_EDGE('',*,*,#1821,.F.);
#1048=ORIENTED_EDGE('',*,*,#1820,.F.);
#1049=ORIENTED_EDGE('',*,*,#2065,.F.);
#1050=ORIENTED_EDGE('',*,*,#2066,.T.);
#1051=ORIENTED_EDGE('',*,*,#2067,.T.);
#1052=ORIENTED_EDGE('',*,*,#2068,.T.);
#1053=ORIENTED_EDGE('',*,*,#1819,.F.);
#1054=ORIENTED_EDGE('',*,*,#1719,.F.);
#1055=ORIENTED_EDGE('',*,*,#1681,.T.);
#1056=ORIENTED_EDGE('',*,*,#2065,.T.);
#1057=ORIENTED_EDGE('',*,*,#2008,.F.);
#1058=ORIENTED_EDGE('',*,*,#2062,.F.);
#1059=ORIENTED_EDGE('',*,*,#1684,.T.);
#1060=ORIENTED_EDGE('',*,*,#2061,.T.);
#1061=ORIENTED_EDGE('',*,*,#1818,.F.);
#1062=ORIENTED_EDGE('',*,*,#1716,.F.);
#1063=ORIENTED_EDGE('',*,*,#1687,.T.);
#1064=ORIENTED_EDGE('',*,*,#1737,.T.);
#1065=ORIENTED_EDGE('',*,*,#1698,.F.);
#1066=ORIENTED_EDGE('',*,*,#1709,.F.);
#1067=ORIENTED_EDGE('',*,*,#1689,.T.);
#1068=ORIENTED_EDGE('',*,*,#1715,.T.);
#1069=ORIENTED_EDGE('',*,*,#1848,.F.);
#1070=ORIENTED_EDGE('',*,*,#1872,.F.);
#1071=ORIENTED_EDGE('',*,*,#1678,.T.);
#1072=ORIENTED_EDGE('',*,*,#1845,.T.);
#1073=ORIENTED_EDGE('',*,*,#2028,.F.);
#1074=ORIENTED_EDGE('',*,*,#2064,.F.);
#1075=ORIENTED_EDGE('',*,*,#1672,.T.);
#1076=ORIENTED_EDGE('',*,*,#2063,.T.);
#1077=ORIENTED_EDGE('',*,*,#2069,.F.);
#1078=ORIENTED_EDGE('',*,*,#2070,.F.);
#1079=ORIENTED_EDGE('',*,*,#2071,.F.);
#1080=ORIENTED_EDGE('',*,*,#2067,.F.);
#1081=ORIENTED_EDGE('',*,*,#2066,.F.);
#1082=ORIENTED_EDGE('',*,*,#1680,.T.);
#1083=ORIENTED_EDGE('',*,*,#2070,.T.);
#1084=ORIENTED_EDGE('',*,*,#2069,.T.);
#1085=ORIENTED_EDGE('',*,*,#1679,.T.);
#1086=ORIENTED_EDGE('',*,*,#1871,.F.);
#1087=ORIENTED_EDGE('',*,*,#1870,.F.);
#1088=ORIENTED_EDGE('',*,*,#2072,.F.);
#1089=ORIENTED_EDGE('',*,*,#1824,.T.);
#1090=ORIENTED_EDGE('',*,*,#1880,.F.);
#1091=ORIENTED_EDGE('',*,*,#2073,.F.);
#1092=ORIENTED_EDGE('',*,*,#2057,.T.);
#1093=ORIENTED_EDGE('',*,*,#2074,.T.);
#1094=ORIENTED_EDGE('',*,*,#2075,.T.);
#1095=ORIENTED_EDGE('',*,*,#2051,.F.);
#1096=ORIENTED_EDGE('',*,*,#2050,.F.);
#1097=ORIENTED_EDGE('',*,*,#2073,.T.);
#1098=ORIENTED_EDGE('',*,*,#1879,.T.);
#1099=ORIENTED_EDGE('',*,*,#2076,.T.);
#1100=ORIENTED_EDGE('',*,*,#1874,.T.);
#1101=ORIENTED_EDGE('',*,*,#1873,.T.);
#1102=ORIENTED_EDGE('',*,*,#2052,.F.);
#1103=ORIENTED_EDGE('',*,*,#2075,.F.);
#1104=ORIENTED_EDGE('',*,*,#2074,.F.);
#1105=ORIENTED_EDGE('',*,*,#2077,.T.);
#1106=ORIENTED_EDGE('',*,*,#1659,.T.);
#1107=ORIENTED_EDGE('',*,*,#2030,.T.);
#1108=ORIENTED_EDGE('',*,*,#1544,.T.);
#1109=ORIENTED_EDGE('',*,*,#2078,.F.);
#1110=ORIENTED_EDGE('',*,*,#1660,.F.);
#1111=ORIENTED_EDGE('',*,*,#2079,.F.);
#1112=ORIENTED_EDGE('',*,*,#1541,.F.);
#1113=ORIENTED_EDGE('',*,*,#1534,.T.);
#1114=ORIENTED_EDGE('',*,*,#1538,.F.);
#1115=ORIENTED_EDGE('',*,*,#1542,.T.);
#1116=ORIENTED_EDGE('',*,*,#2079,.T.);
#1117=ORIENTED_EDGE('',*,*,#2078,.T.);
#1118=ORIENTED_EDGE('',*,*,#1543,.T.);
#1119=ORIENTED_EDGE('',*,*,#1551,.F.);
#1120=ORIENTED_EDGE('',*,*,#2080,.T.);
#1121=ORIENTED_EDGE('',*,*,#1661,.F.);
#1122=ORIENTED_EDGE('',*,*,#1532,.F.);
#1123=ORIENTED_EDGE('',*,*,#1536,.F.);
#1124=ORIENTED_EDGE('',*,*,#1540,.T.);
#1125=ORIENTED_EDGE('',*,*,#2038,.T.);
#1126=ORIENTED_EDGE('',*,*,#1675,.T.);
#1127=ORIENTED_EDGE('',*,*,#1708,.T.);
#1128=ORIENTED_EDGE('',*,*,#2081,.T.);
#1129=ORIENTED_EDGE('',*,*,#1704,.F.);
#1130=ORIENTED_EDGE('',*,*,#1837,.T.);
#1131=ORIENTED_EDGE('',*,*,#1842,.F.);
#1132=ORIENTED_EDGE('',*,*,#1843,.T.);
#1133=ORIENTED_EDGE('',*,*,#2042,.F.);
#1134=ORIENTED_EDGE('',*,*,#2082,.F.);
#1135=ORIENTED_EDGE('',*,*,#2041,.T.);
#1136=ORIENTED_EDGE('',*,*,#2083,.F.);
#1137=ORIENTED_EDGE('',*,*,#1705,.T.);
#1138=ORIENTED_EDGE('',*,*,#2082,.T.);
#1139=ORIENTED_EDGE('',*,*,#2084,.T.);
#1140=ORIENTED_EDGE('',*,*,#1766,.F.);
#1141=ORIENTED_EDGE('',*,*,#2085,.T.);
#1142=ORIENTED_EDGE('',*,*,#2033,.F.);
#1143=ORIENTED_EDGE('',*,*,#1665,.F.);
#1144=ORIENTED_EDGE('',*,*,#1854,.T.);
#1145=ORIENTED_EDGE('',*,*,#1771,.F.);
#1146=ORIENTED_EDGE('',*,*,#2043,.T.);
#1147=ORIENTED_EDGE('',*,*,#2036,.F.);
#1148=ORIENTED_EDGE('',*,*,#2086,.F.);
#1149=ORIENTED_EDGE('',*,*,#2084,.F.);
#1150=ORIENTED_EDGE('',*,*,#1853,.T.);
#1151=ORIENTED_EDGE('',*,*,#1849,.T.);
#1152=ORIENTED_EDGE('',*,*,#1767,.F.);
#1153=ORIENTED_EDGE('',*,*,#2081,.F.);
#1154=ORIENTED_EDGE('',*,*,#1707,.F.);
#1155=ORIENTED_EDGE('',*,*,#2087,.T.);
#1156=ORIENTED_EDGE('',*,*,#2039,.T.);
#1157=ORIENTED_EDGE('',*,*,#2087,.F.);
#1158=ORIENTED_EDGE('',*,*,#1706,.T.);
#1159=ORIENTED_EDGE('',*,*,#2083,.T.);
#1160=ORIENTED_EDGE('',*,*,#2040,.T.);
#1161=ORIENTED_EDGE('',*,*,#2086,.T.);
#1162=ORIENTED_EDGE('',*,*,#2035,.F.);
#1163=ORIENTED_EDGE('',*,*,#2088,.F.);
#1164=ORIENTED_EDGE('',*,*,#1772,.T.);
#1165=ORIENTED_EDGE('',*,*,#1773,.F.);
#1166=ORIENTED_EDGE('',*,*,#2088,.T.);
#1167=ORIENTED_EDGE('',*,*,#2034,.F.);
#1168=ORIENTED_EDGE('',*,*,#2085,.F.);
#1169=ORIENTED_EDGE('',*,*,#2037,.F.);
#1170=ORIENTED_EDGE('',*,*,#1702,.T.);
#1171=ORIENTED_EDGE('',*,*,#2031,.F.);
#1172=ORIENTED_EDGE('',*,*,#1765,.T.);
#1173=ORIENTED_EDGE('',*,*,#1550,.T.);
#1174=ORIENTED_EDGE('',*,*,#1530,.T.);
#1175=ORIENTED_EDGE('',*,*,#1662,.F.);
#1176=ORIENTED_EDGE('',*,*,#2080,.F.);
#1177=ORIENTED_EDGE('',*,*,#2076,.F.);
#1178=ORIENTED_EDGE('',*,*,#1620,.T.);
#1179=ORIENTED_EDGE('',*,*,#2089,.F.);
#1180=ORIENTED_EDGE('',*,*,#2090,.T.);
#1181=ORIENTED_EDGE('',*,*,#2077,.F.);
#1182=ORIENTED_EDGE('',*,*,#1622,.F.);
#1183=ORIENTED_EDGE('',*,*,#2071,.T.);
#1184=ORIENTED_EDGE('',*,*,#2072,.T.);
#1185=ORIENTED_EDGE('',*,*,#2091,.F.);
#1186=ORIENTED_EDGE('',*,*,#2092,.F.);
#1187=ORIENTED_EDGE('',*,*,#2068,.F.);
#1188=ORIENTED_EDGE('',*,*,#1621,.T.);
#1189=ORIENTED_EDGE('',*,*,#1878,.F.);
#1190=ORIENTED_EDGE('',*,*,#1881,.T.);
#1191=ORIENTED_EDGE('',*,*,#2091,.T.);
#1192=ORIENTED_EDGE('',*,*,#1869,.T.);
#1193=ORIENTED_EDGE('',*,*,#1868,.T.);
#1194=ORIENTED_EDGE('',*,*,#1656,.F.);
#1195=ORIENTED_EDGE('',*,*,#2093,.F.);
#1196=ORIENTED_EDGE('',*,*,#1875,.F.);
#1197=ORIENTED_EDGE('',*,*,#2090,.F.);
#1198=ORIENTED_EDGE('',*,*,#2094,.F.);
#1199=ORIENTED_EDGE('',*,*,#1547,.F.);
#1200=ORIENTED_EDGE('',*,*,#1876,.T.);
#1201=ORIENTED_EDGE('',*,*,#1641,.F.);
#1202=ORIENTED_EDGE('',*,*,#2095,.T.);
#1203=ORIENTED_EDGE('',*,*,#1624,.T.);
#1204=ORIENTED_EDGE('',*,*,#1634,.F.);
#1205=ORIENTED_EDGE('',*,*,#2096,.F.);
#1206=ORIENTED_EDGE('',*,*,#2097,.F.);
#1207=ORIENTED_EDGE('',*,*,#1639,.F.);
#1208=ORIENTED_EDGE('',*,*,#2098,.T.);
#1209=ORIENTED_EDGE('',*,*,#1954,.T.);
#1210=ORIENTED_EDGE('',*,*,#2098,.F.);
#1211=ORIENTED_EDGE('',*,*,#1638,.T.);
#1212=ORIENTED_EDGE('',*,*,#2099,.T.);
#1213=ORIENTED_EDGE('',*,*,#2100,.F.);
#1214=ORIENTED_EDGE('',*,*,#2101,.T.);
#1215=ORIENTED_EDGE('',*,*,#1946,.T.);
#1216=ORIENTED_EDGE('',*,*,#2099,.F.);
#1217=ORIENTED_EDGE('',*,*,#1637,.T.);
#1218=ORIENTED_EDGE('',*,*,#2102,.T.);
#1219=ORIENTED_EDGE('',*,*,#2103,.T.);
#1220=ORIENTED_EDGE('',*,*,#1632,.T.);
#1221=ORIENTED_EDGE('',*,*,#1626,.F.);
#1222=ORIENTED_EDGE('',*,*,#2101,.F.);
#1223=ORIENTED_EDGE('',*,*,#2104,.T.);
#1224=ORIENTED_EDGE('',*,*,#1648,.F.);
#1225=ORIENTED_EDGE('',*,*,#2102,.F.);
#1226=ORIENTED_EDGE('',*,*,#1636,.T.);
#1227=ORIENTED_EDGE('',*,*,#2097,.T.);
#1228=ORIENTED_EDGE('',*,*,#2105,.F.);
#1229=ORIENTED_EDGE('',*,*,#2104,.F.);
#1230=ORIENTED_EDGE('',*,*,#2100,.T.);
#1231=ORIENTED_EDGE('',*,*,#1625,.T.);
#1232=ORIENTED_EDGE('',*,*,#2095,.F.);
#1233=ORIENTED_EDGE('',*,*,#2103,.F.);
#1234=ORIENTED_EDGE('',*,*,#2105,.T.);
#1235=ORIENTED_EDGE('',*,*,#2096,.T.);
#1236=ORIENTED_EDGE('',*,*,#1633,.F.);
#1237=ORIENTED_EDGE('',*,*,#1616,.F.);
#1238=ORIENTED_EDGE('',*,*,#2106,.F.);
#1239=ORIENTED_EDGE('',*,*,#2092,.T.);
#1240=ORIENTED_EDGE('',*,*,#2107,.T.);
#1241=ORIENTED_EDGE('',*,*,#2106,.T.);
#1242=ORIENTED_EDGE('',*,*,#1615,.F.);
#1243=ORIENTED_EDGE('',*,*,#2108,.F.);
#1244=ORIENTED_EDGE('',*,*,#1635,.T.);
#1245=ORIENTED_EDGE('',*,*,#1623,.T.);
#1246=ORIENTED_EDGE('',*,*,#2108,.T.);
#1247=ORIENTED_EDGE('',*,*,#1609,.T.);
#1248=ORIENTED_EDGE('',*,*,#2109,.F.);
#1249=ORIENTED_EDGE('',*,*,#1655,.F.);
#1250=ORIENTED_EDGE('',*,*,#2109,.T.);
#1251=ORIENTED_EDGE('',*,*,#1618,.T.);
#1252=ORIENTED_EDGE('',*,*,#2110,.F.);
#1253=ORIENTED_EDGE('',*,*,#1652,.F.);
#1254=ORIENTED_EDGE('',*,*,#2110,.T.);
#1255=ORIENTED_EDGE('',*,*,#1601,.F.);
#1256=ORIENTED_EDGE('',*,*,#2107,.F.);
#1257=ORIENTED_EDGE('',*,*,#2093,.T.);
#1258=ORIENTED_EDGE('',*,*,#1598,.F.);
#1259=ORIENTED_EDGE('',*,*,#2111,.F.);
#1260=ORIENTED_EDGE('',*,*,#2094,.T.);
#1261=ORIENTED_EDGE('',*,*,#2112,.T.);
#1262=ORIENTED_EDGE('',*,*,#2111,.T.);
#1263=ORIENTED_EDGE('',*,*,#1603,.F.);
#1264=ORIENTED_EDGE('',*,*,#2113,.F.);
#1265=ORIENTED_EDGE('',*,*,#1548,.F.);
#1266=ORIENTED_EDGE('',*,*,#2113,.T.);
#1267=ORIENTED_EDGE('',*,*,#1607,.T.);
#1268=ORIENTED_EDGE('',*,*,#2114,.F.);
#1269=ORIENTED_EDGE('',*,*,#1619,.T.);
#1270=ORIENTED_EDGE('',*,*,#1631,.T.);
#1271=ORIENTED_EDGE('',*,*,#2114,.T.);
#1272=ORIENTED_EDGE('',*,*,#1613,.T.);
#1273=ORIENTED_EDGE('',*,*,#2112,.F.);
#1274=ORIENTED_EDGE('',*,*,#2089,.T.);
#1275=ORIENTED_EDGE('',*,*,#2115,.F.);
#1276=ORIENTED_EDGE('',*,*,#2116,.F.);
#1277=ORIENTED_EDGE('',*,*,#2117,.F.);
#1278=ORIENTED_EDGE('',*,*,#2118,.F.);
#1279=ORIENTED_EDGE('',*,*,#2119,.F.);
#1280=ORIENTED_EDGE('',*,*,#2120,.F.);
#1281=ORIENTED_EDGE('',*,*,#2121,.F.);
#1282=ORIENTED_EDGE('',*,*,#2122,.F.);
#1283=ORIENTED_EDGE('',*,*,#2123,.F.);
#1284=ORIENTED_EDGE('',*,*,#2124,.F.);
#1285=ORIENTED_EDGE('',*,*,#2125,.T.);
#1286=ORIENTED_EDGE('',*,*,#2126,.T.);
#1287=ORIENTED_EDGE('',*,*,#2127,.T.);
#1288=ORIENTED_EDGE('',*,*,#1605,.F.);
#1289=ORIENTED_EDGE('',*,*,#1578,.F.);
#1290=ORIENTED_EDGE('',*,*,#1614,.T.);
#1291=ORIENTED_EDGE('',*,*,#2128,.F.);
#1292=ORIENTED_EDGE('',*,*,#2129,.F.);
#1293=ORIENTED_EDGE('',*,*,#2130,.T.);
#1294=ORIENTED_EDGE('',*,*,#2131,.F.);
#1295=ORIENTED_EDGE('',*,*,#2127,.F.);
#1296=ORIENTED_EDGE('',*,*,#2132,.F.);
#1297=ORIENTED_EDGE('',*,*,#2133,.T.);
#1298=ORIENTED_EDGE('',*,*,#2134,.T.);
#1299=ORIENTED_EDGE('',*,*,#2135,.F.);
#1300=ORIENTED_EDGE('',*,*,#2136,.F.);
#1301=ORIENTED_EDGE('',*,*,#2137,.F.);
#1302=ORIENTED_EDGE('',*,*,#2138,.T.);
#1303=ORIENTED_EDGE('',*,*,#2139,.F.);
#1304=ORIENTED_EDGE('',*,*,#2140,.F.);
#1305=ORIENTED_EDGE('',*,*,#1552,.T.);
#1306=ORIENTED_EDGE('',*,*,#2141,.F.);
#1307=ORIENTED_EDGE('',*,*,#2142,.T.);
#1308=ORIENTED_EDGE('',*,*,#2143,.T.);
#1309=ORIENTED_EDGE('',*,*,#1553,.F.);
#1310=ORIENTED_EDGE('',*,*,#2140,.T.);
#1311=ORIENTED_EDGE('',*,*,#2144,.F.);
#1312=ORIENTED_EDGE('',*,*,#2145,.F.);
#1313=ORIENTED_EDGE('',*,*,#2146,.T.);
#1314=ORIENTED_EDGE('',*,*,#1583,.F.);
#1315=ORIENTED_EDGE('',*,*,#2147,.F.);
#1316=ORIENTED_EDGE('',*,*,#1611,.T.);
#1317=ORIENTED_EDGE('',*,*,#1572,.F.);
#1318=ORIENTED_EDGE('',*,*,#2139,.T.);
#1319=ORIENTED_EDGE('',*,*,#2148,.T.);
#1320=ORIENTED_EDGE('',*,*,#2149,.F.);
#1321=ORIENTED_EDGE('',*,*,#2150,.T.);
#1322=ORIENTED_EDGE('',*,*,#2151,.F.);
#1323=ORIENTED_EDGE('',*,*,#2152,.F.);
#1324=ORIENTED_EDGE('',*,*,#2145,.T.);
#1325=ORIENTED_EDGE('',*,*,#2153,.T.);
#1326=ORIENTED_EDGE('',*,*,#2154,.F.);
#1327=ORIENTED_EDGE('',*,*,#2155,.T.);
#1328=ORIENTED_EDGE('',*,*,#2156,.T.);
#1329=ORIENTED_EDGE('',*,*,#2157,.T.);
#1330=ORIENTED_EDGE('',*,*,#2135,.T.);
#1331=ORIENTED_EDGE('',*,*,#2134,.F.);
#1332=ORIENTED_EDGE('',*,*,#2158,.F.);
#1333=ORIENTED_EDGE('',*,*,#2159,.T.);
#1334=ORIENTED_EDGE('',*,*,#2137,.T.);
#1335=ORIENTED_EDGE('',*,*,#1590,.F.);
#1336=ORIENTED_EDGE('',*,*,#2160,.T.);
#1337=ORIENTED_EDGE('',*,*,#2158,.T.);
#1338=ORIENTED_EDGE('',*,*,#2161,.F.);
#1339=ORIENTED_EDGE('',*,*,#2162,.F.);
#1340=ORIENTED_EDGE('',*,*,#1557,.T.);
#1341=ORIENTED_EDGE('',*,*,#2163,.F.);
#1342=ORIENTED_EDGE('',*,*,#1518,.T.);
#1343=ORIENTED_EDGE('',*,*,#1517,.T.);
#1344=ORIENTED_EDGE('',*,*,#1558,.T.);
#1345=ORIENTED_EDGE('',*,*,#2162,.T.);
#1346=ORIENTED_EDGE('',*,*,#2164,.F.);
#1347=ORIENTED_EDGE('',*,*,#2165,.F.);
#1348=ORIENTED_EDGE('',*,*,#2166,.T.);
#1349=ORIENTED_EDGE('',*,*,#1514,.F.);
#1350=ORIENTED_EDGE('',*,*,#1589,.F.);
#1351=ORIENTED_EDGE('',*,*,#1568,.F.);
#1352=ORIENTED_EDGE('',*,*,#1612,.T.);
#1353=ORIENTED_EDGE('',*,*,#2147,.T.);
#1354=ORIENTED_EDGE('',*,*,#2138,.F.);
#1355=ORIENTED_EDGE('',*,*,#2159,.F.);
#1356=ORIENTED_EDGE('',*,*,#2160,.F.);
#1357=ORIENTED_EDGE('',*,*,#1584,.F.);
#1358=ORIENTED_EDGE('',*,*,#2146,.F.);
#1359=ORIENTED_EDGE('',*,*,#2152,.T.);
#1360=ORIENTED_EDGE('',*,*,#2167,.T.);
#1361=ORIENTED_EDGE('',*,*,#2128,.T.);
#1362=ORIENTED_EDGE('',*,*,#1617,.T.);
#1363=ORIENTED_EDGE('',*,*,#1564,.F.);
#1364=ORIENTED_EDGE('',*,*,#1556,.F.);
#1365=ORIENTED_EDGE('',*,*,#1519,.T.);
#1366=ORIENTED_EDGE('',*,*,#1522,.F.);
#1367=ORIENTED_EDGE('',*,*,#2166,.F.);
#1368=ORIENTED_EDGE('',*,*,#2168,.F.);
#1369=ORIENTED_EDGE('',*,*,#2141,.T.);
#1370=ORIENTED_EDGE('',*,*,#2169,.F.);
#1371=ORIENTED_EDGE('',*,*,#2170,.F.);
#1372=ORIENTED_EDGE('',*,*,#2170,.T.);
#1373=ORIENTED_EDGE('',*,*,#2171,.T.);
#1374=ORIENTED_EDGE('',*,*,#2172,.F.);
#1375=ORIENTED_EDGE('',*,*,#2173,.F.);
#1376=ORIENTED_EDGE('',*,*,#2173,.T.);
#1377=ORIENTED_EDGE('',*,*,#2174,.T.);
#1378=ORIENTED_EDGE('',*,*,#2119,.T.);
#1379=ORIENTED_EDGE('',*,*,#2175,.F.);
#1380=ORIENTED_EDGE('',*,*,#2171,.F.);
#1381=ORIENTED_EDGE('',*,*,#2169,.T.);
#1382=ORIENTED_EDGE('',*,*,#2176,.F.);
#1383=ORIENTED_EDGE('',*,*,#2120,.T.);
#1384=ORIENTED_EDGE('',*,*,#2177,.F.);
#1385=ORIENTED_EDGE('',*,*,#2121,.T.);
#1386=ORIENTED_EDGE('',*,*,#2122,.T.);
#1387=ORIENTED_EDGE('',*,*,#2178,.F.);
#1388=ORIENTED_EDGE('',*,*,#2174,.F.);
#1389=ORIENTED_EDGE('',*,*,#2172,.T.);
#1390=ORIENTED_EDGE('',*,*,#2179,.T.);
#1391=ORIENTED_EDGE('',*,*,#2180,.F.);
#1392=ORIENTED_EDGE('',*,*,#2181,.F.);
#1393=ORIENTED_EDGE('',*,*,#2126,.F.);
#1394=ORIENTED_EDGE('',*,*,#2182,.T.);
#1395=ORIENTED_EDGE('',*,*,#2183,.F.);
#1396=ORIENTED_EDGE('',*,*,#2179,.F.);
#1397=ORIENTED_EDGE('',*,*,#2125,.F.);
#1398=ORIENTED_EDGE('',*,*,#2124,.T.);
#1399=ORIENTED_EDGE('',*,*,#2184,.T.);
#1400=ORIENTED_EDGE('',*,*,#2185,.T.);
#1401=ORIENTED_EDGE('',*,*,#2186,.T.);
#1402=ORIENTED_EDGE('',*,*,#2182,.F.);
#1403=ORIENTED_EDGE('',*,*,#2123,.T.);
#1404=ORIENTED_EDGE('',*,*,#2181,.T.);
#1405=ORIENTED_EDGE('',*,*,#2187,.T.);
#1406=ORIENTED_EDGE('',*,*,#2184,.F.);
#1407=ORIENTED_EDGE('',*,*,#2188,.F.);
#1408=ORIENTED_EDGE('',*,*,#2183,.T.);
#1409=ORIENTED_EDGE('',*,*,#2186,.F.);
#1410=ORIENTED_EDGE('',*,*,#2130,.F.);
#1411=ORIENTED_EDGE('',*,*,#2189,.F.);
#1412=ORIENTED_EDGE('',*,*,#2190,.T.);
#1413=ORIENTED_EDGE('',*,*,#2132,.T.);
#1414=ORIENTED_EDGE('',*,*,#2191,.T.);
#1415=ORIENTED_EDGE('',*,*,#2192,.T.);
#1416=ORIENTED_EDGE('',*,*,#2193,.F.);
#1417=ORIENTED_EDGE('',*,*,#2194,.F.);
#1418=ORIENTED_EDGE('',*,*,#2195,.T.);
#1419=ORIENTED_EDGE('',*,*,#2144,.T.);
#1420=ORIENTED_EDGE('',*,*,#2196,.T.);
#1421=ORIENTED_EDGE('',*,*,#2197,.T.);
#1422=ORIENTED_EDGE('',*,*,#2161,.T.);
#1423=ORIENTED_EDGE('',*,*,#2198,.T.);
#1424=ORIENTED_EDGE('',*,*,#2199,.T.);
#1425=ORIENTED_EDGE('',*,*,#2200,.T.);
#1426=ORIENTED_EDGE('',*,*,#2201,.F.);
#1427=ORIENTED_EDGE('',*,*,#2192,.F.);
#1428=ORIENTED_EDGE('',*,*,#2201,.T.);
#1429=ORIENTED_EDGE('',*,*,#2164,.T.);
#1430=ORIENTED_EDGE('',*,*,#2197,.F.);
#1431=ORIENTED_EDGE('',*,*,#2202,.T.);
#1432=ORIENTED_EDGE('',*,*,#2188,.T.);
#1433=ORIENTED_EDGE('',*,*,#2203,.T.);
#1434=ORIENTED_EDGE('',*,*,#2193,.T.);
#1435=ORIENTED_EDGE('',*,*,#2143,.F.);
#1436=ORIENTED_EDGE('',*,*,#2199,.F.);
#1437=ORIENTED_EDGE('',*,*,#2191,.F.);
#1438=ORIENTED_EDGE('',*,*,#2204,.F.);
#1439=ORIENTED_EDGE('',*,*,#2196,.F.);
#1440=ORIENTED_EDGE('',*,*,#2205,.F.);
#1441=ORIENTED_EDGE('',*,*,#2206,.F.);
#1442=ORIENTED_EDGE('',*,*,#2207,.F.);
#1443=ORIENTED_EDGE('',*,*,#2208,.F.);
#1444=ORIENTED_EDGE('',*,*,#2178,.T.);
#1445=ORIENTED_EDGE('',*,*,#2177,.T.);
#1446=ORIENTED_EDGE('',*,*,#2176,.T.);
#1447=ORIENTED_EDGE('',*,*,#2175,.T.);
#1448=ORIENTED_EDGE('',*,*,#2195,.F.);
#1449=ORIENTED_EDGE('',*,*,#2204,.T.);
#1450=ORIENTED_EDGE('',*,*,#2194,.T.);
#1451=ORIENTED_EDGE('',*,*,#2203,.F.);
#1452=ORIENTED_EDGE('',*,*,#2185,.F.);
#1453=ORIENTED_EDGE('',*,*,#2187,.F.);
#1454=ORIENTED_EDGE('',*,*,#2180,.T.);
#1455=ORIENTED_EDGE('',*,*,#2202,.F.);
#1456=ORIENTED_EDGE('',*,*,#2198,.F.);
#1457=ORIENTED_EDGE('',*,*,#2133,.F.);
#1458=ORIENTED_EDGE('',*,*,#2190,.F.);
#1459=ORIENTED_EDGE('',*,*,#2209,.T.);
#1460=ORIENTED_EDGE('',*,*,#1575,.T.);
#1461=ORIENTED_EDGE('',*,*,#2131,.T.);
#1462=ORIENTED_EDGE('',*,*,#2210,.F.);
#1463=ORIENTED_EDGE('',*,*,#2154,.T.);
#1464=ORIENTED_EDGE('',*,*,#2153,.F.);
#1465=ORIENTED_EDGE('',*,*,#2209,.F.);
#1466=ORIENTED_EDGE('',*,*,#2189,.T.);
#1467=ORIENTED_EDGE('',*,*,#2129,.T.);
#1468=ORIENTED_EDGE('',*,*,#2167,.F.);
#1469=ORIENTED_EDGE('',*,*,#2151,.T.);
#1470=ORIENTED_EDGE('',*,*,#2211,.T.);
#1471=ORIENTED_EDGE('',*,*,#2212,.T.);
#1472=ORIENTED_EDGE('',*,*,#2200,.F.);
#1473=ORIENTED_EDGE('',*,*,#2142,.F.);
#1474=ORIENTED_EDGE('',*,*,#2168,.T.);
#1475=ORIENTED_EDGE('',*,*,#2165,.T.);
#1476=ORIENTED_EDGE('',*,*,#1561,.T.);
#1477=ORIENTED_EDGE('',*,*,#1591,.T.);
#1478=ORIENTED_EDGE('',*,*,#2163,.T.);
#1479=ORIENTED_EDGE('',*,*,#1562,.T.);
#1480=ORIENTED_EDGE('',*,*,#2211,.F.);
#1481=ORIENTED_EDGE('',*,*,#2150,.F.);
#1482=ORIENTED_EDGE('',*,*,#2149,.T.);
#1483=ORIENTED_EDGE('',*,*,#2148,.F.);
#1484=ORIENTED_EDGE('',*,*,#2210,.T.);
#1485=ORIENTED_EDGE('',*,*,#2212,.F.);
#1486=ORIENTED_EDGE('',*,*,#2155,.F.);
#1487=ORIENTED_EDGE('',*,*,#2136,.T.);
#1488=ORIENTED_EDGE('',*,*,#2157,.F.);
#1489=ORIENTED_EDGE('',*,*,#2156,.F.);
#1490=ORIENTED_EDGE('',*,*,#2208,.T.);
#1491=ORIENTED_EDGE('',*,*,#2213,.T.);
#1492=ORIENTED_EDGE('',*,*,#2207,.T.);
#1493=ORIENTED_EDGE('',*,*,#2214,.T.);
#1494=ORIENTED_EDGE('',*,*,#2206,.T.);
#1495=ORIENTED_EDGE('',*,*,#2215,.T.);
#1496=ORIENTED_EDGE('',*,*,#2205,.T.);
#1497=ORIENTED_EDGE('',*,*,#2216,.T.);
#1498=ORIENTED_EDGE('',*,*,#2217,.F.);
#1499=ORIENTED_EDGE('',*,*,#2115,.T.);
#1500=ORIENTED_EDGE('',*,*,#2216,.F.);
#1501=ORIENTED_EDGE('',*,*,#2217,.T.);
#1502=ORIENTED_EDGE('',*,*,#2218,.F.);
#1503=ORIENTED_EDGE('',*,*,#2118,.T.);
#1504=ORIENTED_EDGE('',*,*,#2215,.F.);
#1505=ORIENTED_EDGE('',*,*,#2218,.T.);
#1506=ORIENTED_EDGE('',*,*,#2219,.F.);
#1507=ORIENTED_EDGE('',*,*,#2117,.T.);
#1508=ORIENTED_EDGE('',*,*,#2214,.F.);
#1509=ORIENTED_EDGE('',*,*,#2219,.T.);
#1510=ORIENTED_EDGE('',*,*,#2220,.F.);
#1511=ORIENTED_EDGE('',*,*,#2116,.T.);
#1512=ORIENTED_EDGE('',*,*,#2213,.F.);
#1513=ORIENTED_EDGE('',*,*,#2220,.T.);
#1514=EDGE_CURVE('',#2221,#2222,#2681,.T.);
#1515=EDGE_CURVE('',#2222,#2223,#2682,.T.);
#1516=EDGE_CURVE('',#2223,#2224,#2683,.T.);
#1517=EDGE_CURVE('',#2225,#2224,#2684,.T.);
#1518=EDGE_CURVE('',#2221,#2225,#2685,.T.);
#1519=EDGE_CURVE('',#2226,#2227,#2686,.T.);
#1520=EDGE_CURVE('',#2228,#2226,#2687,.T.);
#1521=EDGE_CURVE('',#2227,#2228,#2688,.T.);
#1522=EDGE_CURVE('',#2222,#2227,#2689,.T.);
#1523=EDGE_CURVE('',#2228,#2223,#2690,.T.);
#1524=EDGE_CURVE('',#2229,#2230,#2691,.T.);
#1525=EDGE_CURVE('',#2229,#2231,#2692,.T.);
#1526=EDGE_CURVE('',#2232,#2231,#2693,.T.);
#1527=EDGE_CURVE('',#2230,#2232,#2694,.T.);
#1528=EDGE_CURVE('',#2233,#2232,#2695,.T.);
#1529=EDGE_CURVE('',#2233,#2234,#2696,.T.);
#1530=EDGE_CURVE('',#2235,#2234,#2697,.T.);
#1531=EDGE_CURVE('',#2236,#2235,#2698,.T.);
#1532=EDGE_CURVE('',#2236,#2237,#2699,.T.);
#1533=EDGE_CURVE('',#2237,#2238,#2700,.T.);
#1534=EDGE_CURVE('',#2239,#2238,#2701,.T.);
#1535=EDGE_CURVE('',#2230,#2239,#2702,.T.);
#1536=EDGE_CURVE('',#2240,#2240,#95,.F.);
#1537=EDGE_CURVE('',#2229,#2241,#2703,.T.);
#1538=EDGE_CURVE('',#2241,#2242,#2704,.T.);
#1539=EDGE_CURVE('',#2242,#2231,#2705,.T.);
#1540=EDGE_CURVE('',#2243,#2243,#66,.F.);
#1541=EDGE_CURVE('',#2239,#2244,#2706,.T.);
#1542=EDGE_CURVE('',#2241,#2244,#2707,.T.);
#1543=EDGE_CURVE('',#2245,#2242,#2708,.T.);
#1544=EDGE_CURVE('',#2246,#2245,#2709,.T.);
#1545=EDGE_CURVE('',#2246,#2247,#2710,.T.);
#1546=EDGE_CURVE('',#2247,#2248,#2711,.T.);
#1547=EDGE_CURVE('',#2248,#2249,#2712,.T.);
#1548=EDGE_CURVE('',#2249,#2250,#2713,.T.);
#1549=EDGE_CURVE('',#2233,#2250,#2714,.T.);
#1550=EDGE_CURVE('',#2251,#2235,#2715,.T.);
#1551=EDGE_CURVE('',#2251,#2236,#2716,.T.);
#1552=EDGE_CURVE('',#2252,#2253,#2717,.T.);
#1553=EDGE_CURVE('',#2252,#2254,#2718,.T.);
#1554=EDGE_CURVE('',#2254,#2255,#2719,.T.);
#1555=EDGE_CURVE('',#2228,#2255,#2720,.T.);
#1556=EDGE_CURVE('',#2226,#2253,#2721,.T.);
#1557=EDGE_CURVE('',#2256,#2257,#2722,.T.);
#1558=EDGE_CURVE('',#2224,#2256,#2723,.T.);
#1559=EDGE_CURVE('',#2223,#2258,#2724,.T.);
#1560=EDGE_CURVE('',#2258,#2259,#2725,.T.);
#1561=EDGE_CURVE('',#2260,#2259,#2726,.T.);
#1562=EDGE_CURVE('',#2257,#2260,#2727,.T.);
#1563=EDGE_CURVE('',#2261,#2262,#2728,.T.);
#1564=EDGE_CURVE('',#2261,#2263,#2729,.F.);
#1565=EDGE_CURVE('',#2264,#2263,#2730,.F.);
#1566=EDGE_CURVE('',#2262,#2264,#2731,.T.);
#1567=EDGE_CURVE('',#2265,#2266,#2732,.F.);
#1568=EDGE_CURVE('',#2265,#2267,#2733,.F.);
#1569=EDGE_CURVE('',#2267,#2268,#2734,.F.);
#1570=EDGE_CURVE('',#2266,#2268,#2735,.T.);
#1571=EDGE_CURVE('',#2269,#2270,#2736,.T.);
#1572=EDGE_CURVE('',#2269,#2271,#2737,.T.);
#1573=EDGE_CURVE('',#2271,#2272,#2738,.T.);
#1574=EDGE_CURVE('',#2272,#2270,#2739,.T.);
#1575=EDGE_CURVE('',#2269,#2273,#2740,.T.);
#1576=EDGE_CURVE('',#2270,#2273,#2741,.T.);
#1577=EDGE_CURVE('',#2274,#2275,#2742,.T.);
#1578=EDGE_CURVE('',#2275,#2276,#2743,.T.);
#1579=EDGE_CURVE('',#2276,#2274,#2744,.T.);
#1580=EDGE_CURVE('',#2277,#2278,#2745,.T.);
#1581=EDGE_CURVE('',#2278,#2262,#2746,.T.);
#1582=EDGE_CURVE('',#2264,#2277,#2747,.T.);
#1583=EDGE_CURVE('',#2254,#2279,#2748,.T.);
#1584=EDGE_CURVE('',#2279,#2261,#2749,.T.);
#1585=EDGE_CURVE('',#2280,#2278,#2750,.T.);
#1586=EDGE_CURVE('',#2255,#2280,#2751,.T.);
#1587=EDGE_CURVE('',#2280,#2281,#2752,.T.);
#1588=EDGE_CURVE('',#2281,#2258,#2753,.F.);
#1589=EDGE_CURVE('',#2267,#2282,#2754,.F.);
#1590=EDGE_CURVE('',#2282,#2283,#2755,.F.);
#1591=EDGE_CURVE('',#2259,#2283,#2756,.F.);
#1592=EDGE_CURVE('',#2284,#2281,#2757,.F.);
#1593=EDGE_CURVE('',#2268,#2284,#2758,.T.);
#1594=EDGE_CURVE('',#2285,#2266,#2759,.T.);
#1595=EDGE_CURVE('',#2285,#2284,#2760,.T.);
#1596=EDGE_CURVE('',#2286,#2287,#2761,.T.);
#1597=EDGE_CURVE('',#2286,#2288,#2762,.T.);
#1598=EDGE_CURVE('',#2288,#2289,#2763,.T.);
#1599=EDGE_CURVE('',#2285,#2289,#2764,.T.);
#1600=EDGE_CURVE('',#2290,#2277,#2765,.T.);
#1601=EDGE_CURVE('',#2290,#2287,#2766,.T.);
#1602=EDGE_CURVE('',#2291,#2292,#2767,.T.);
#1603=EDGE_CURVE('',#2292,#2288,#2768,.T.);
#1604=EDGE_CURVE('',#2291,#2286,#2769,.T.);
#1605=EDGE_CURVE('',#2276,#2273,#2770,.T.);
#1606=EDGE_CURVE('',#2293,#2272,#2771,.T.);
#1607=EDGE_CURVE('',#2292,#2293,#2772,.T.);
#1608=EDGE_CURVE('',#2291,#2294,#2773,.T.);
#1609=EDGE_CURVE('',#2295,#2294,#2774,.T.);
#1610=EDGE_CURVE('',#2295,#2274,#2775,.T.);
#1611=EDGE_CURVE('',#2296,#2271,#2776,.T.);
#1612=EDGE_CURVE('',#2265,#2296,#2777,.T.);
#1613=EDGE_CURVE('',#2293,#2289,#2778,.T.);
#1614=EDGE_CURVE('',#2275,#2297,#2779,.T.);
#1615=EDGE_CURVE('',#2295,#2298,#2780,.T.);
#1616=EDGE_CURVE('',#2298,#2290,#2781,.T.);
#1617=EDGE_CURVE('',#2297,#2263,#2782,.T.);
#1618=EDGE_CURVE('',#2294,#2287,#2783,.T.);
#1619=EDGE_CURVE('',#2299,#2300,#2784,.F.);
#1620=EDGE_CURVE('',#2301,#2299,#2785,.T.);
#1621=EDGE_CURVE('',#2302,#2301,#2786,.T.);
#1622=EDGE_CURVE('',#2302,#2303,#2787,.T.);
#1623=EDGE_CURVE('',#2304,#2303,#2788,.T.);
#1624=EDGE_CURVE('',#2305,#2304,#2789,.T.);
#1625=EDGE_CURVE('',#2306,#2305,#2790,.T.);
#1626=EDGE_CURVE('',#2306,#2300,#2791,.T.);
#1627=EDGE_CURVE('',#2250,#2307,#2792,.T.);
#1628=EDGE_CURVE('',#2308,#2307,#2793,.T.);
#1629=EDGE_CURVE('',#2308,#2309,#2794,.T.);
#1630=EDGE_CURVE('',#2234,#2309,#2795,.T.);
#1631=EDGE_CURVE('',#2300,#2250,#2796,.T.);
#1632=EDGE_CURVE('',#2310,#2300,#2797,.T.);
#1633=EDGE_CURVE('',#2310,#2311,#2798,.T.);
#1634=EDGE_CURVE('',#2311,#2304,#2799,.T.);
#1635=EDGE_CURVE('',#2309,#2304,#2800,.T.);
#1636=EDGE_CURVE('',#2312,#2313,#2801,.T.);
#1637=EDGE_CURVE('',#2314,#2312,#2802,.T.);
#1638=EDGE_CURVE('',#2315,#2314,#2803,.T.);
#1639=EDGE_CURVE('',#2315,#2313,#2804,.T.);
#1640=EDGE_CURVE('',#2316,#2317,#2805,.T.);
#1641=EDGE_CURVE('',#2316,#2318,#2806,.T.);
#1642=EDGE_CURVE('',#2318,#2319,#2807,.T.);
#1643=EDGE_CURVE('',#2319,#2320,#2808,.T.);
#1644=EDGE_CURVE('',#2320,#2321,#2809,.F.);
#1645=EDGE_CURVE('',#2317,#2321,#2810,.T.);
#1646=EDGE_CURVE('',#2322,#2323,#2811,.T.);
#1647=EDGE_CURVE('',#2323,#2324,#2812,.T.);
#1648=EDGE_CURVE('',#2324,#2316,#2813,.T.);
#1649=EDGE_CURVE('',#2325,#2316,#2814,.T.);
#1650=EDGE_CURVE('',#2322,#2325,#2815,.T.);
#1651=EDGE_CURVE('',#2326,#2327,#2816,.T.);
#1652=EDGE_CURVE('',#2327,#2328,#2817,.T.);
#1653=EDGE_CURVE('',#2329,#2328,#2818,.T.);
#1654=EDGE_CURVE('',#2329,#2326,#2819,.T.);
#1655=EDGE_CURVE('',#2309,#2327,#2820,.T.);
#1656=EDGE_CURVE('',#2328,#2330,#2821,.T.);
#1657=EDGE_CURVE('',#2331,#2330,#2822,.T.);
#1658=EDGE_CURVE('',#2332,#2331,#2823,.T.);
#1659=EDGE_CURVE('',#2333,#2332,#2824,.T.);
#1660=EDGE_CURVE('',#2333,#2238,#2825,.T.);
#1661=EDGE_CURVE('',#2237,#2334,#2826,.T.);
#1662=EDGE_CURVE('',#2334,#2234,#2827,.T.);
#1663=EDGE_CURVE('',#2335,#2336,#2828,.T.);
#1664=EDGE_CURVE('',#2335,#2337,#2829,.T.);
#1665=EDGE_CURVE('',#2337,#2338,#2830,.T.);
#1666=EDGE_CURVE('',#2336,#2338,#2831,.T.);
#1667=EDGE_CURVE('',#2339,#2340,#37,.T.);
#1668=EDGE_CURVE('',#2341,#2339,#38,.T.);
#1669=EDGE_CURVE('',#2342,#2341,#39,.F.);
#1670=EDGE_CURVE('',#2343,#2342,#2832,.F.);
#1671=EDGE_CURVE('',#2344,#2343,#2833,.F.);
#1672=EDGE_CURVE('',#2345,#2344,#2834,.F.);
#1673=EDGE_CURVE('',#2346,#2345,#2835,.T.);
#1674=EDGE_CURVE('',#2340,#2346,#2836,.T.);
#1675=EDGE_CURVE('',#2347,#2348,#2837,.T.);
#1676=EDGE_CURVE('',#2347,#2349,#2838,.T.);
#1677=EDGE_CURVE('',#2350,#2349,#2839,.T.);
#1678=EDGE_CURVE('',#2351,#2350,#2840,.T.);
#1679=EDGE_CURVE('',#2352,#2351,#2841,.T.);
#1680=EDGE_CURVE('',#2353,#2352,#2842,.T.);
#1681=EDGE_CURVE('',#2354,#2353,#2843,.T.);
#1682=EDGE_CURVE('',#2355,#2354,#2844,.T.);
#1683=EDGE_CURVE('',#2356,#2355,#2845,.T.);
#1684=EDGE_CURVE('',#2357,#2356,#2846,.T.);
#1685=EDGE_CURVE('',#2357,#2358,#2847,.T.);
#1686=EDGE_CURVE('',#2358,#2359,#2848,.T.);
#1687=EDGE_CURVE('',#2360,#2359,#2849,.T.);
#1688=EDGE_CURVE('',#2360,#2361,#2850,.T.);
#1689=EDGE_CURVE('',#2362,#2361,#2851,.T.);
#1690=EDGE_CURVE('',#2362,#2348,#2852,.T.);
#1691=EDGE_CURVE('',#2341,#2321,#40,.T.);
#1692=EDGE_CURVE('',#2339,#2363,#41,.T.);
#1693=EDGE_CURVE('',#2364,#2363,#42,.T.);
#1694=EDGE_CURVE('',#2321,#2364,#43,.T.);
#1695=EDGE_CURVE('',#2346,#2365,#44,.T.);
#1696=EDGE_CURVE('',#2363,#2365,#45,.T.);
#1697=EDGE_CURVE('',#2343,#2320,#46,.T.);
#1698=EDGE_CURVE('',#2366,#2367,#2853,.T.);
#1699=EDGE_CURVE('',#2368,#2367,#2854,.T.);
#1700=EDGE_CURVE('',#2368,#2369,#2855,.T.);
#1701=EDGE_CURVE('',#2369,#2366,#2856,.T.);
#1702=EDGE_CURVE('',#2370,#2370,#67,.F.);
#1703=EDGE_CURVE('',#2371,#2372,#2857,.T.);
#1704=EDGE_CURVE('',#2372,#2373,#2858,.T.);
#1705=EDGE_CURVE('',#2374,#2373,#2859,.T.);
#1706=EDGE_CURVE('',#2375,#2374,#2860,.T.);
#1707=EDGE_CURVE('',#2375,#2376,#2861,.T.);
#1708=EDGE_CURVE('',#2348,#2376,#2862,.T.);
#1709=EDGE_CURVE('',#2362,#2366,#2863,.T.);
#1710=EDGE_CURVE('',#2377,#2369,#2864,.T.);
#1711=EDGE_CURVE('',#2377,#2378,#2865,.T.);
#1712=EDGE_CURVE('',#2378,#2371,#2866,.T.);
#1713=EDGE_CURVE('',#2379,#2380,#2867,.T.);
#1714=EDGE_CURVE('',#2379,#2368,#2868,.T.);
#1715=EDGE_CURVE('',#2361,#2367,#2869,.T.);
#1716=EDGE_CURVE('',#2360,#2381,#2870,.T.);
#1717=EDGE_CURVE('',#2381,#2382,#2871,.T.);
#1718=EDGE_CURVE('',#2382,#2380,#2872,.T.);
#1719=EDGE_CURVE('',#2354,#2383,#2873,.T.);
#1720=EDGE_CURVE('',#2317,#2383,#2874,.T.);
#1721=EDGE_CURVE('',#2355,#2364,#2875,.T.);
#1722=EDGE_CURVE('',#2384,#2385,#47,.T.);
#1723=EDGE_CURVE('',#2384,#2385,#2876,.T.);
#1724=EDGE_CURVE('',#2386,#2387,#2877,.T.);
#1725=EDGE_CURVE('',#2386,#2388,#2878,.T.);
#1726=EDGE_CURVE('',#2388,#2389,#2879,.T.);
#1727=EDGE_CURVE('',#2390,#2389,#48,.T.);
#1728=EDGE_CURVE('',#2390,#2391,#2880,.T.);
#1729=EDGE_CURVE('',#2391,#2387,#2881,.T.);
#1730=EDGE_CURVE('',#2392,#2393,#2882,.T.);
#1731=EDGE_CURVE('',#2392,#2394,#2883,.T.);
#1732=EDGE_CURVE('',#2395,#2394,#2884,.T.);
#1733=EDGE_CURVE('',#2395,#2396,#2885,.T.);
#1734=EDGE_CURVE('',#2393,#2396,#2886,.T.);
#1735=EDGE_CURVE('',#2397,#2320,#2887,.T.);
#1736=EDGE_CURVE('',#2397,#2320,#49,.T.);
#1737=EDGE_CURVE('',#2359,#2398,#2888,.T.);
#1738=EDGE_CURVE('',#2358,#2399,#2889,.T.);
#1739=EDGE_CURVE('',#2400,#2399,#2890,.T.);
#1740=EDGE_CURVE('',#2400,#2398,#2891,.T.);
#1741=EDGE_CURVE('',#2401,#2402,#2892,.T.);
#1742=EDGE_CURVE('',#2401,#2403,#2893,.T.);
#1743=EDGE_CURVE('',#2403,#2404,#2894,.T.);
#1744=EDGE_CURVE('',#2402,#2404,#2895,.T.);
#1745=EDGE_CURVE('',#2405,#2406,#2896,.T.);
#1746=EDGE_CURVE('',#2405,#2407,#2897,.T.);
#1747=EDGE_CURVE('',#2407,#2408,#2898,.T.);
#1748=EDGE_CURVE('',#2406,#2408,#2899,.T.);
#1749=EDGE_CURVE('',#2402,#2409,#2900,.T.);
#1750=EDGE_CURVE('',#2404,#2410,#2901,.T.);
#1751=EDGE_CURVE('',#2409,#2410,#2902,.T.);
#1752=EDGE_CURVE('',#2411,#2412,#2903,.T.);
#1753=EDGE_CURVE('',#2411,#2413,#2904,.T.);
#1754=EDGE_CURVE('',#2414,#2413,#2905,.T.);
#1755=EDGE_CURVE('',#2414,#2412,#2906,.T.);
#1756=EDGE_CURVE('',#2415,#2416,#2907,.T.);
#1757=EDGE_CURVE('',#2417,#2415,#2908,.T.);
#1758=EDGE_CURVE('',#2418,#2417,#2909,.T.);
#1759=EDGE_CURVE('',#2418,#2419,#2910,.T.);
#1760=EDGE_CURVE('',#2419,#2416,#2911,.T.);
#1761=EDGE_CURVE('',#2417,#2420,#2912,.T.);
#1762=EDGE_CURVE('',#2421,#2420,#2913,.T.);
#1763=EDGE_CURVE('',#2418,#2421,#2914,.T.);
#1764=EDGE_CURVE('',#2419,#2421,#2915,.T.);
#1765=EDGE_CURVE('',#2422,#2422,#68,.F.);
#1766=EDGE_CURVE('',#2423,#2424,#2916,.T.);
#1767=EDGE_CURVE('',#2424,#2425,#2917,.T.);
#1768=EDGE_CURVE('',#2425,#2420,#2918,.T.);
#1769=EDGE_CURVE('',#2426,#2415,#2919,.T.);
#1770=EDGE_CURVE('',#2426,#2427,#2920,.T.);
#1771=EDGE_CURVE('',#2427,#2428,#2921,.T.);
#1772=EDGE_CURVE('',#2429,#2428,#2922,.T.);
#1773=EDGE_CURVE('',#2429,#2423,#2923,.T.);
#1774=EDGE_CURVE('',#2430,#2419,#2924,.T.);
#1775=EDGE_CURVE('',#2431,#2430,#2925,.T.);
#1776=EDGE_CURVE('',#2432,#2431,#2926,.T.);
#1777=EDGE_CURVE('',#2432,#2433,#2927,.T.);
#1778=EDGE_CURVE('',#2433,#2416,#2928,.T.);
#1779=EDGE_CURVE('',#2379,#2377,#2929,.T.);
#1780=EDGE_CURVE('',#2434,#2435,#2930,.T.);
#1781=EDGE_CURVE('',#2434,#2436,#2931,.T.);
#1782=EDGE_CURVE('',#2436,#2437,#2932,.T.);
#1783=EDGE_CURVE('',#2435,#2437,#2933,.T.);
#1784=EDGE_CURVE('',#2438,#2439,#2934,.T.);
#1785=EDGE_CURVE('',#2438,#2440,#2935,.T.);
#1786=EDGE_CURVE('',#2440,#2441,#2936,.T.);
#1787=EDGE_CURVE('',#2442,#2441,#2937,.T.);
#1788=EDGE_CURVE('',#2439,#2442,#2938,.T.);
#1789=EDGE_CURVE('',#2443,#2444,#2939,.T.);
#1790=EDGE_CURVE('',#2443,#2445,#2940,.T.);
#1791=EDGE_CURVE('',#2446,#2445,#2941,.T.);
#1792=EDGE_CURVE('',#2444,#2446,#2942,.T.);
#1793=EDGE_CURVE('',#2447,#2448,#2943,.T.);
#1794=EDGE_CURVE('',#2449,#2447,#2944,.T.);
#1795=EDGE_CURVE('',#2450,#2449,#2945,.T.);
#1796=EDGE_CURVE('',#2450,#2448,#2946,.T.);
#1797=EDGE_CURVE('',#2451,#2452,#2947,.T.);
#1798=EDGE_CURVE('',#2452,#2453,#2948,.T.);
#1799=EDGE_CURVE('',#2454,#2453,#2949,.T.);
#1800=EDGE_CURVE('',#2454,#2451,#2950,.T.);
#1801=EDGE_CURVE('',#2455,#2456,#2951,.T.);
#1802=EDGE_CURVE('',#2325,#2455,#2952,.T.);
#1803=EDGE_CURVE('',#2398,#2383,#2953,.T.);
#1804=EDGE_CURVE('',#2456,#2400,#2954,.T.);
#1805=EDGE_CURVE('',#2322,#2442,#2955,.T.);
#1806=EDGE_CURVE('',#2442,#2457,#2956,.T.);
#1807=EDGE_CURVE('',#2457,#2458,#2957,.T.);
#1808=EDGE_CURVE('',#2458,#2459,#2958,.T.);
#1809=EDGE_CURVE('',#2459,#2395,#2959,.T.);
#1810=EDGE_CURVE('',#2394,#2387,#2960,.T.);
#1811=EDGE_CURVE('',#2324,#2391,#2961,.T.);
#1812=EDGE_CURVE('',#2431,#2394,#2962,.T.);
#1813=EDGE_CURVE('',#2430,#2460,#2963,.T.);
#1814=EDGE_CURVE('',#2460,#2461,#2964,.T.);
#1815=EDGE_CURVE('',#2462,#2461,#2965,.T.);
#1816=EDGE_CURVE('',#2463,#2462,#2966,.T.);
#1817=EDGE_CURVE('',#2382,#2463,#2967,.T.);
#1818=EDGE_CURVE('',#2381,#2398,#2968,.T.);
#1819=EDGE_CURVE('',#2383,#2464,#2969,.T.);
#1820=EDGE_CURVE('',#2464,#2465,#2970,.T.);
#1821=EDGE_CURVE('',#2465,#2466,#2971,.T.);
#1822=EDGE_CURVE('',#2466,#2467,#2972,.T.);
#1823=EDGE_CURVE('',#2468,#2467,#2973,.T.);
#1824=EDGE_CURVE('',#2469,#2468,#2974,.T.);
#1825=EDGE_CURVE('',#2387,#2469,#2975,.T.);
#1826=EDGE_CURVE('',#2470,#2471,#2976,.T.);
#1827=EDGE_CURVE('',#2471,#2462,#2977,.T.);
#1828=EDGE_CURVE('',#2461,#2472,#2978,.T.);
#1829=EDGE_CURVE('',#2472,#2473,#2979,.T.);
#1830=EDGE_CURVE('',#2473,#2474,#2980,.T.);
#1831=EDGE_CURVE('',#2474,#2475,#2981,.T.);
#1832=EDGE_CURVE('',#2476,#2475,#2982,.T.);
#1833=EDGE_CURVE('',#2380,#2476,#2983,.T.);
#1834=EDGE_CURVE('',#2470,#2463,#2984,.T.);
#1835=EDGE_CURVE('',#2380,#2477,#2985,.T.);
#1836=EDGE_CURVE('',#2477,#2476,#2986,.T.);
#1837=EDGE_CURVE('',#2372,#2478,#2987,.T.);
#1838=EDGE_CURVE('',#2477,#2371,#2988,.T.);
#1839=EDGE_CURVE('',#2476,#2478,#2989,.T.);
#1840=EDGE_CURVE('',#2380,#2378,#2990,.T.);
#1841=EDGE_CURVE('',#2475,#2479,#2991,.T.);
#1842=EDGE_CURVE('',#2479,#2478,#2992,.T.);
#1843=EDGE_CURVE('',#2479,#2480,#2993,.T.);
#1844=EDGE_CURVE('',#2474,#2481,#2994,.T.);
#1845=EDGE_CURVE('',#2350,#2481,#2995,.T.);
#1846=EDGE_CURVE('',#2349,#2480,#2996,.T.);
#1847=EDGE_CURVE('',#2482,#2473,#2997,.T.);
#1848=EDGE_CURVE('',#2482,#2481,#2998,.T.);
#1849=EDGE_CURVE('',#2483,#2425,#2999,.T.);
#1850=EDGE_CURVE('',#2483,#2484,#3000,.T.);
#1851=EDGE_CURVE('',#2484,#2421,#3001,.T.);
#1852=EDGE_CURVE('',#2484,#2335,#3002,.T.);
#1853=EDGE_CURVE('',#2485,#2483,#3003,.T.);
#1854=EDGE_CURVE('',#2337,#2485,#3004,.T.);
#1855=EDGE_CURVE('',#2486,#2487,#3005,.T.);
#1856=EDGE_CURVE('',#2460,#2486,#3006,.T.);
#1857=EDGE_CURVE('',#2421,#2488,#3007,.T.);
#1858=EDGE_CURVE('',#2489,#2488,#3008,.T.);
#1859=EDGE_CURVE('',#2487,#2489,#3009,.T.);
#1860=EDGE_CURVE('',#2488,#2484,#3010,.T.);
#1861=EDGE_CURVE('',#2336,#2490,#3011,.T.);
#1862=EDGE_CURVE('',#2491,#2490,#3012,.T.);
#1863=EDGE_CURVE('',#2491,#2492,#3013,.T.);
#1864=EDGE_CURVE('',#2489,#2492,#3014,.T.);
#1865=EDGE_CURVE('',#2472,#2487,#3015,.T.);
#1866=EDGE_CURVE('',#2473,#2489,#3016,.T.);
#1867=EDGE_CURVE('',#2247,#2331,#3017,.T.);
#1868=EDGE_CURVE('',#2493,#2330,#3018,.T.);
#1869=EDGE_CURVE('',#2494,#2493,#3019,.T.);
#1870=EDGE_CURVE('',#2494,#2495,#3020,.T.);
#1871=EDGE_CURVE('',#2495,#2351,#3021,.T.);
#1872=EDGE_CURVE('',#2351,#2482,#3022,.T.);
#1873=EDGE_CURVE('',#2496,#2491,#3023,.T.);
#1874=EDGE_CURVE('',#2497,#2496,#3024,.T.);
#1875=EDGE_CURVE('',#2497,#2498,#3025,.T.);
#1876=EDGE_CURVE('',#2248,#2498,#3026,.T.);
#1877=EDGE_CURVE('',#2467,#2499,#3027,.T.);
#1878=EDGE_CURVE('',#2499,#2301,#3028,.T.);
#1879=EDGE_CURVE('',#2500,#2301,#3029,.T.);
#1880=EDGE_CURVE('',#2500,#2468,#3030,.T.);
#1881=EDGE_CURVE('',#2499,#2466,#3031,.T.);
#1882=EDGE_CURVE('',#2396,#2385,#3032,.T.);
#1883=EDGE_CURVE('',#2501,#2396,#3033,.T.);
#1884=EDGE_CURVE('',#2501,#2502,#3034,.T.);
#1885=EDGE_CURVE('',#2502,#2445,#3035,.T.);
#1886=EDGE_CURVE('',#2503,#2443,#3036,.T.);
#1887=EDGE_CURVE('',#2504,#2503,#3037,.T.);
#1888=EDGE_CURVE('',#2504,#2448,#3038,.T.);
#1889=EDGE_CURVE('',#2450,#2505,#3039,.T.);
#1890=EDGE_CURVE('',#2506,#2505,#3040,.T.);
#1891=EDGE_CURVE('',#2507,#2506,#3041,.T.);
#1892=EDGE_CURVE('',#2507,#2414,#3042,.T.);
#1893=EDGE_CURVE('',#2508,#2413,#3043,.T.);
#1894=EDGE_CURVE('',#2509,#2508,#3044,.T.);
#1895=EDGE_CURVE('',#2509,#2510,#3045,.T.);
#1896=EDGE_CURVE('',#2511,#2510,#3046,.T.);
#1897=EDGE_CURVE('',#2512,#2511,#3047,.T.);
#1898=EDGE_CURVE('',#2512,#2513,#3048,.T.);
#1899=EDGE_CURVE('',#2513,#2514,#3049,.T.);
#1900=EDGE_CURVE('',#2514,#2515,#3050,.T.);
#1901=EDGE_CURVE('',#2516,#2515,#3051,.T.);
#1902=EDGE_CURVE('',#2516,#2438,#3052,.T.);
#1903=EDGE_CURVE('',#2439,#2454,#3053,.T.);
#1904=EDGE_CURVE('',#2517,#2453,#3054,.T.);
#1905=EDGE_CURVE('',#2518,#2517,#3055,.T.);
#1906=EDGE_CURVE('',#2518,#2519,#3056,.T.);
#1907=EDGE_CURVE('',#2519,#2520,#3057,.T.);
#1908=EDGE_CURVE('',#2521,#2520,#3058,.T.);
#1909=EDGE_CURVE('',#2522,#2521,#3059,.T.);
#1910=EDGE_CURVE('',#2522,#2385,#3060,.T.);
#1911=EDGE_CURVE('',#2523,#2470,#3061,.T.);
#1912=EDGE_CURVE('',#2523,#2524,#3062,.T.);
#1913=EDGE_CURVE('',#2524,#2471,#3063,.T.);
#1914=EDGE_CURVE('',#2523,#2463,#3064,.T.);
#1915=EDGE_CURVE('',#2524,#2462,#3065,.T.);
#1916=EDGE_CURVE('',#2525,#2399,#3066,.T.);
#1917=EDGE_CURVE('',#2399,#2320,#3067,.T.);
#1918=EDGE_CURVE('',#2319,#2526,#3068,.T.);
#1919=EDGE_CURVE('',#2526,#2527,#3069,.T.);
#1920=EDGE_CURVE('',#2528,#2527,#3070,.T.);
#1921=EDGE_CURVE('',#2529,#2528,#3071,.T.);
#1922=EDGE_CURVE('',#2530,#2529,#3072,.T.);
#1923=EDGE_CURVE('',#2530,#2452,#3073,.T.);
#1924=EDGE_CURVE('',#2437,#2451,#3074,.T.);
#1925=EDGE_CURVE('',#2531,#2436,#3075,.T.);
#1926=EDGE_CURVE('',#2410,#2531,#3076,.T.);
#1927=EDGE_CURVE('',#2532,#2403,#3077,.T.);
#1928=EDGE_CURVE('',#2533,#2532,#3078,.T.);
#1929=EDGE_CURVE('',#2534,#2533,#3079,.T.);
#1930=EDGE_CURVE('',#2534,#2535,#3080,.T.);
#1931=EDGE_CURVE('',#2535,#2406,#3081,.T.);
#1932=EDGE_CURVE('',#2536,#2408,#3082,.T.);
#1933=EDGE_CURVE('',#2537,#2536,#3083,.T.);
#1934=EDGE_CURVE('',#2537,#2538,#3084,.T.);
#1935=EDGE_CURVE('',#2538,#2539,#3085,.T.);
#1936=EDGE_CURVE('',#2449,#2539,#3086,.T.);
#1937=EDGE_CURVE('',#2540,#2447,#3087,.T.);
#1938=EDGE_CURVE('',#2540,#2541,#3088,.T.);
#1939=EDGE_CURVE('',#2541,#2444,#3089,.T.);
#1940=EDGE_CURVE('',#2542,#2446,#3090,.T.);
#1941=EDGE_CURVE('',#2525,#2542,#3091,.T.);
#1942=EDGE_CURVE('',#2457,#2505,#3092,.T.);
#1943=EDGE_CURVE('',#2543,#2539,#3093,.T.);
#1944=EDGE_CURVE('',#2543,#2435,#3094,.T.);
#1945=EDGE_CURVE('',#2458,#2455,#3095,.T.);
#1946=EDGE_CURVE('',#2324,#2544,#3096,.T.);
#1947=EDGE_CURVE('',#2385,#2390,#3097,.T.);
#1948=EDGE_CURVE('',#2522,#2544,#3098,.T.);
#1949=EDGE_CURVE('',#2459,#2456,#3099,.T.);
#1950=EDGE_CURVE('',#2525,#2501,#3100,.T.);
#1951=EDGE_CURVE('',#2519,#2528,#3101,.T.);
#1952=EDGE_CURVE('',#2527,#2520,#3102,.T.);
#1953=EDGE_CURVE('',#2526,#2521,#3103,.T.);
#1954=EDGE_CURVE('',#2544,#2318,#3104,.T.);
#1955=EDGE_CURVE('',#2542,#2502,#3105,.T.);
#1956=EDGE_CURVE('',#2530,#2517,#3106,.T.);
#1957=EDGE_CURVE('',#2518,#2529,#3107,.T.);
#1958=EDGE_CURVE('',#2540,#2504,#3108,.T.);
#1959=EDGE_CURVE('',#2503,#2541,#3109,.T.);
#1960=EDGE_CURVE('',#2545,#2543,#3110,.T.);
#1961=EDGE_CURVE('',#2546,#2545,#3111,.T.);
#1962=EDGE_CURVE('',#2547,#2546,#3112,.T.);
#1963=EDGE_CURVE('',#2547,#2407,#3113,.T.);
#1964=EDGE_CURVE('',#2548,#2405,#3114,.T.);
#1965=EDGE_CURVE('',#2548,#2549,#3115,.T.);
#1966=EDGE_CURVE('',#2550,#2549,#3116,.T.);
#1967=EDGE_CURVE('',#2551,#2550,#3117,.T.);
#1968=EDGE_CURVE('',#2551,#2401,#3118,.T.);
#1969=EDGE_CURVE('',#2552,#2409,#3119,.T.);
#1970=EDGE_CURVE('',#2552,#2434,#3120,.T.);
#1971=EDGE_CURVE('',#2538,#2545,#3121,.T.);
#1972=EDGE_CURVE('',#2536,#2547,#3122,.T.);
#1973=EDGE_CURVE('',#2553,#2440,#3123,.T.);
#1974=EDGE_CURVE('',#2553,#2554,#3124,.T.);
#1975=EDGE_CURVE('',#2554,#2555,#3125,.T.);
#1976=EDGE_CURVE('',#2556,#2555,#3126,.T.);
#1977=EDGE_CURVE('',#2557,#2556,#3127,.T.);
#1978=EDGE_CURVE('',#2557,#2558,#3128,.T.);
#1979=EDGE_CURVE('',#2559,#2558,#3129,.T.);
#1980=EDGE_CURVE('',#2560,#2559,#3130,.T.);
#1981=EDGE_CURVE('',#2560,#2561,#3131,.T.);
#1982=EDGE_CURVE('',#2561,#2411,#3132,.T.);
#1983=EDGE_CURVE('',#2562,#2412,#3133,.T.);
#1984=EDGE_CURVE('',#2562,#2563,#3134,.T.);
#1985=EDGE_CURVE('',#2563,#2564,#3135,.T.);
#1986=EDGE_CURVE('',#2441,#2564,#3136,.T.);
#1987=EDGE_CURVE('',#2564,#2457,#3137,.T.);
#1988=EDGE_CURVE('',#2506,#2563,#3138,.T.);
#1989=EDGE_CURVE('',#2555,#2514,#3139,.T.);
#1990=EDGE_CURVE('',#2554,#2515,#3140,.T.);
#1991=EDGE_CURVE('',#2562,#2507,#3141,.T.);
#1992=EDGE_CURVE('',#2546,#2537,#3142,.T.);
#1993=EDGE_CURVE('',#2553,#2516,#3143,.T.);
#1994=EDGE_CURVE('',#2531,#2552,#3144,.T.);
#1995=EDGE_CURVE('',#2559,#2510,#3145,.T.);
#1996=EDGE_CURVE('',#2558,#2511,#3146,.T.);
#1997=EDGE_CURVE('',#2513,#2556,#3147,.T.);
#1998=EDGE_CURVE('',#2508,#2561,#3148,.T.);
#1999=EDGE_CURVE('',#2550,#2533,#3149,.T.);
#2000=EDGE_CURVE('',#2549,#2534,#3150,.T.);
#2001=EDGE_CURVE('',#2535,#2548,#3151,.T.);
#2002=EDGE_CURVE('',#2560,#2509,#3152,.T.);
#2003=EDGE_CURVE('',#2532,#2551,#3153,.T.);
#2004=EDGE_CURVE('',#2557,#2512,#3154,.T.);
#2005=EDGE_CURVE('',#2565,#2355,#3155,.T.);
#2006=EDGE_CURVE('',#2365,#2397,#50,.T.);
#2007=EDGE_CURVE('',#2566,#2358,#3156,.T.);
#2008=EDGE_CURVE('',#2566,#2565,#3157,.T.);
#2009=EDGE_CURVE('',#2567,#2384,#51,.T.);
#2010=EDGE_CURVE('',#2568,#2567,#52,.T.);
#2011=EDGE_CURVE('',#2389,#2568,#53,.T.);
#2012=EDGE_CURVE('',#2569,#2388,#3158,.T.);
#2013=EDGE_CURVE('',#2570,#2569,#3159,.T.);
#2014=EDGE_CURVE('',#2570,#2393,#3160,.T.);
#2015=EDGE_CURVE('',#2571,#2572,#54,.T.);
#2016=EDGE_CURVE('',#2571,#2390,#55,.T.);
#2017=EDGE_CURVE('',#2572,#2568,#56,.T.);
#2018=EDGE_CURVE('',#2573,#2574,#3161,.T.);
#2019=EDGE_CURVE('',#2572,#2573,#57,.T.);
#2020=EDGE_CURVE('',#2574,#2567,#58,.T.);
#2021=EDGE_CURVE('',#2575,#2576,#59,.T.);
#2022=EDGE_CURVE('',#2575,#2577,#3162,.T.);
#2023=EDGE_CURVE('',#2577,#2574,#60,.T.);
#2024=EDGE_CURVE('',#2578,#2385,#61,.T.);
#2025=EDGE_CURVE('',#2576,#2578,#62,.T.);
#2026=EDGE_CURVE('',#2578,#2571,#63,.T.);
#2027=EDGE_CURVE('',#2579,#2346,#64,.T.);
#2028=EDGE_CURVE('',#2579,#2580,#3163,.F.);
#2029=EDGE_CURVE('',#2580,#2343,#65,.T.);
#2030=EDGE_CURVE('',#2332,#2246,#3164,.T.);
#2031=EDGE_CURVE('',#2581,#2581,#69,.F.);
#2032=EDGE_CURVE('',#2490,#2582,#3165,.T.);
#2033=EDGE_CURVE('',#2338,#2583,#3166,.T.);
#2034=EDGE_CURVE('',#2583,#2584,#3167,.T.);
#2035=EDGE_CURVE('',#2584,#2585,#3168,.T.);
#2036=EDGE_CURVE('',#2585,#2582,#3169,.T.);
#2037=EDGE_CURVE('',#2586,#2586,#70,.F.);
#2038=EDGE_CURVE('',#2587,#2347,#3170,.T.);
#2039=EDGE_CURVE('',#2588,#2587,#3171,.T.);
#2040=EDGE_CURVE('',#2589,#2588,#3172,.T.);
#2041=EDGE_CURVE('',#2590,#2589,#3173,.T.);
#2042=EDGE_CURVE('',#2590,#2480,#3174,.T.);
#2043=EDGE_CURVE('',#2427,#2582,#3175,.T.);
#2044=EDGE_CURVE('',#2426,#2433,#3176,.T.);
#2045=EDGE_CURVE('',#2432,#2392,#3177,.T.);
#2046=EDGE_CURVE('',#2393,#2591,#3178,.T.);
#2047=EDGE_CURVE('',#2591,#2592,#3179,.T.);
#2048=EDGE_CURVE('',#2388,#2592,#3180,.T.);
#2049=EDGE_CURVE('',#2386,#2593,#3181,.T.);
#2050=EDGE_CURVE('',#2593,#2594,#3182,.T.);
#2051=EDGE_CURVE('',#2594,#2595,#3183,.T.);
#2052=EDGE_CURVE('',#2595,#2491,#3184,.T.);
#2053=EDGE_CURVE('',#2576,#2596,#3185,.T.);
#2054=EDGE_CURVE('',#2574,#2597,#3186,.T.);
#2055=EDGE_CURVE('',#2596,#2597,#3187,.T.);
#2056=EDGE_CURVE('',#2592,#2569,#3188,.T.);
#2057=EDGE_CURVE('',#2593,#2469,#3189,.T.);
#2058=EDGE_CURVE('',#2591,#2570,#3190,.T.);
#2059=EDGE_CURVE('',#2596,#2575,#3191,.T.);
#2060=EDGE_CURVE('',#2597,#2577,#3192,.T.);
#2061=EDGE_CURVE('',#2356,#2565,#3193,.T.);
#2062=EDGE_CURVE('',#2357,#2566,#3194,.T.);
#2063=EDGE_CURVE('',#2344,#2580,#3195,.T.);
#2064=EDGE_CURVE('',#2345,#2579,#3196,.T.);
#2065=EDGE_CURVE('',#2353,#2464,#3197,.T.);
#2066=EDGE_CURVE('',#2353,#2598,#3198,.T.);
#2067=EDGE_CURVE('',#2598,#2302,#3199,.T.);
#2068=EDGE_CURVE('',#2302,#2466,#3200,.T.);
#2069=EDGE_CURVE('',#2599,#2352,#3201,.T.);
#2070=EDGE_CURVE('',#2600,#2599,#3202,.T.);
#2071=EDGE_CURVE('',#2302,#2600,#3203,.T.);
#2072=EDGE_CURVE('',#2600,#2494,#3204,.T.);
#2073=EDGE_CURVE('',#2593,#2500,#3205,.T.);
#2074=EDGE_CURVE('',#2601,#2602,#3206,.T.);
#2075=EDGE_CURVE('',#2602,#2595,#3207,.T.);
#2076=EDGE_CURVE('',#2301,#2601,#3208,.T.);
#2077=EDGE_CURVE('',#2601,#2497,#3209,.T.);
#2078=EDGE_CURVE('',#2333,#2245,#3210,.T.);
#2079=EDGE_CURVE('',#2244,#2333,#3211,.T.);
#2080=EDGE_CURVE('',#2251,#2334,#3212,.T.);
#2081=EDGE_CURVE('',#2376,#2587,#3213,.T.);
#2082=EDGE_CURVE('',#2373,#2590,#3214,.T.);
#2083=EDGE_CURVE('',#2374,#2589,#3215,.T.);
#2084=EDGE_CURVE('',#2485,#2424,#3216,.T.);
#2085=EDGE_CURVE('',#2423,#2583,#3217,.T.);
#2086=EDGE_CURVE('',#2428,#2585,#3218,.T.);
#2087=EDGE_CURVE('',#2375,#2588,#3219,.T.);
#2088=EDGE_CURVE('',#2429,#2584,#3220,.T.);
#2089=EDGE_CURVE('',#2603,#2299,#3221,.F.);
#2090=EDGE_CURVE('',#2603,#2497,#3222,.T.);
#2091=EDGE_CURVE('',#2604,#2494,#3223,.T.);
#2092=EDGE_CURVE('',#2303,#2604,#3224,.T.);
#2093=EDGE_CURVE('',#2604,#2328,#3225,.T.);
#2094=EDGE_CURVE('',#2249,#2603,#3226,.T.);
#2095=EDGE_CURVE('',#2316,#2305,#3227,.T.);
#2096=EDGE_CURVE('',#2605,#2311,#3228,.T.);
#2097=EDGE_CURVE('',#2313,#2605,#3229,.T.);
#2098=EDGE_CURVE('',#2315,#2318,#3230,.T.);
#2099=EDGE_CURVE('',#2314,#2544,#3231,.T.);
#2100=EDGE_CURVE('',#2606,#2306,#3232,.T.);
#2101=EDGE_CURVE('',#2606,#2324,#3233,.T.);
#2102=EDGE_CURVE('',#2312,#2607,#3234,.T.);
#2103=EDGE_CURVE('',#2607,#2310,#3235,.T.);
#2104=EDGE_CURVE('',#2606,#2316,#3236,.T.);
#2105=EDGE_CURVE('',#2607,#2605,#3237,.T.);
#2106=EDGE_CURVE('',#2303,#2298,#3238,.T.);
#2107=EDGE_CURVE('',#2604,#2290,#3239,.T.);
#2108=EDGE_CURVE('',#2309,#2295,#3240,.T.);
#2109=EDGE_CURVE('',#2327,#2294,#3241,.T.);
#2110=EDGE_CURVE('',#2328,#2287,#3242,.T.);
#2111=EDGE_CURVE('',#2249,#2288,#3243,.T.);
#2112=EDGE_CURVE('',#2603,#2289,#3244,.T.);
#2113=EDGE_CURVE('',#2250,#2292,#3245,.T.);
#2114=EDGE_CURVE('',#2299,#2293,#3246,.T.);
#2115=EDGE_CURVE('',#2608,#2608,#71,.T.);
#2116=EDGE_CURVE('',#2609,#2609,#72,.T.);
#2117=EDGE_CURVE('',#2610,#2610,#73,.T.);
#2118=EDGE_CURVE('',#2611,#2611,#74,.T.);
#2119=EDGE_CURVE('',#2612,#2612,#75,.T.);
#2120=EDGE_CURVE('',#2613,#2613,#76,.T.);
#2121=EDGE_CURVE('',#2614,#2614,#77,.T.);
#2122=EDGE_CURVE('',#2615,#2615,#78,.T.);
#2123=EDGE_CURVE('',#2616,#2617,#3247,.T.);
#2124=EDGE_CURVE('',#2618,#2616,#3248,.T.);
#2125=EDGE_CURVE('',#2618,#2619,#3249,.T.);
#2126=EDGE_CURVE('',#2619,#2617,#3250,.T.);
#2127=EDGE_CURVE('',#2620,#2273,#3251,.T.);
#2128=EDGE_CURVE('',#2621,#2297,#3252,.T.);
#2129=EDGE_CURVE('',#2622,#2621,#3253,.T.);
#2130=EDGE_CURVE('',#2622,#2620,#3254,.T.);
#2131=EDGE_CURVE('',#2273,#2269,#3255,.T.);
#2132=EDGE_CURVE('',#2623,#2620,#3256,.T.);
#2133=EDGE_CURVE('',#2623,#2624,#3257,.T.);
#2134=EDGE_CURVE('',#2624,#2625,#3258,.T.);
#2135=EDGE_CURVE('',#2626,#2625,#3259,.T.);
#2136=EDGE_CURVE('',#2627,#2626,#3260,.T.);
#2137=EDGE_CURVE('',#2628,#2627,#3261,.T.);
#2138=EDGE_CURVE('',#2628,#2629,#3262,.T.);
#2139=EDGE_CURVE('',#2269,#2629,#3263,.T.);
#2140=EDGE_CURVE('',#2252,#2630,#3264,.T.);
#2141=EDGE_CURVE('',#2631,#2253,#3265,.T.);
#2142=EDGE_CURVE('',#2631,#2632,#3266,.T.);
#2143=EDGE_CURVE('',#2632,#2630,#3267,.T.);
#2144=EDGE_CURVE('',#2633,#2630,#3268,.T.);
#2145=EDGE_CURVE('',#2634,#2633,#3269,.T.);
#2146=EDGE_CURVE('',#2634,#2279,#3270,.T.);
#2147=EDGE_CURVE('',#2296,#2629,#3271,.T.);
#2148=EDGE_CURVE('',#2635,#2636,#3272,.T.);
#2149=EDGE_CURVE('',#2637,#2636,#3273,.T.);
#2150=EDGE_CURVE('',#2637,#2638,#3274,.T.);
#2151=EDGE_CURVE('',#2639,#2638,#3275,.T.);
#2152=EDGE_CURVE('',#2634,#2639,#3276,.T.);
#2153=EDGE_CURVE('',#2633,#2640,#3277,.T.);
#2154=EDGE_CURVE('',#2635,#2640,#3278,.T.);
#2155=EDGE_CURVE('',#2627,#2641,#3279,.T.);
#2156=EDGE_CURVE('',#2641,#2642,#3280,.T.);
#2157=EDGE_CURVE('',#2642,#2626,#3281,.T.);
#2158=EDGE_CURVE('',#2643,#2624,#3282,.T.);
#2159=EDGE_CURVE('',#2643,#2628,#3283,.T.);
#2160=EDGE_CURVE('',#2282,#2643,#3284,.T.);
#2161=EDGE_CURVE('',#2644,#2624,#3285,.T.);
#2162=EDGE_CURVE('',#2256,#2644,#3286,.T.);
#2163=EDGE_CURVE('',#2283,#2257,#3287,.T.);
#2164=EDGE_CURVE('',#2645,#2644,#3288,.T.);
#2165=EDGE_CURVE('',#2646,#2645,#3289,.T.);
#2166=EDGE_CURVE('',#2646,#2222,#3290,.T.);
#2167=EDGE_CURVE('',#2639,#2621,#3291,.T.);
#2168=EDGE_CURVE('',#2631,#2646,#3292,.T.);
#2169=EDGE_CURVE('',#2647,#2648,#96,.F.);
#2170=EDGE_CURVE('',#2648,#2647,#3293,.T.);
#2171=EDGE_CURVE('',#2647,#2648,#97,.F.);
#2172=EDGE_CURVE('',#2649,#2650,#98,.F.);
#2173=EDGE_CURVE('',#2650,#2649,#3294,.T.);
#2174=EDGE_CURVE('',#2649,#2650,#99,.F.);
#2175=EDGE_CURVE('',#2651,#2651,#79,.T.);
#2176=EDGE_CURVE('',#2652,#2652,#80,.T.);
#2177=EDGE_CURVE('',#2653,#2653,#81,.T.);
#2178=EDGE_CURVE('',#2654,#2654,#82,.T.);
#2179=EDGE_CURVE('',#2619,#2655,#3295,.T.);
#2180=EDGE_CURVE('',#2656,#2655,#3296,.T.);
#2181=EDGE_CURVE('',#2617,#2656,#3297,.T.);
#2182=EDGE_CURVE('',#2618,#2657,#3298,.T.);
#2183=EDGE_CURVE('',#2655,#2657,#3299,.T.);
#2184=EDGE_CURVE('',#2616,#2658,#3300,.T.);
#2185=EDGE_CURVE('',#2658,#2659,#3301,.T.);
#2186=EDGE_CURVE('',#2659,#2657,#3302,.T.);
#2187=EDGE_CURVE('',#2656,#2658,#3303,.T.);
#2188=EDGE_CURVE('',#2655,#2659,#3304,.T.);
#2189=EDGE_CURVE('',#2660,#2622,#3305,.T.);
#2190=EDGE_CURVE('',#2660,#2623,#3306,.T.);
#2191=EDGE_CURVE('',#2661,#2662,#3307,.T.);
#2192=EDGE_CURVE('',#2662,#2663,#3308,.T.);
#2193=EDGE_CURVE('',#2664,#2663,#3309,.T.);
#2194=EDGE_CURVE('',#2661,#2664,#3310,.T.);
#2195=EDGE_CURVE('',#2665,#2633,#3311,.T.);
#2196=EDGE_CURVE('',#2630,#2665,#3312,.T.);
#2197=EDGE_CURVE('',#2666,#2644,#3313,.T.);
#2198=EDGE_CURVE('',#2624,#2666,#3314,.T.);
#2199=EDGE_CURVE('',#2662,#2632,#3315,.T.);
#2200=EDGE_CURVE('',#2632,#2645,#3316,.T.);
#2201=EDGE_CURVE('',#2663,#2645,#3317,.T.);
#2202=EDGE_CURVE('',#2666,#2655,#3318,.T.);
#2203=EDGE_CURVE('',#2659,#2664,#3319,.T.);
#2204=EDGE_CURVE('',#2665,#2661,#3320,.T.);
#2205=EDGE_CURVE('',#2667,#2667,#83,.T.);
#2206=EDGE_CURVE('',#2668,#2668,#84,.T.);
#2207=EDGE_CURVE('',#2669,#2669,#85,.T.);
#2208=EDGE_CURVE('',#2670,#2670,#86,.T.);
#2209=EDGE_CURVE('',#2660,#2633,#3321,.T.);
#2210=EDGE_CURVE('',#2635,#2671,#3322,.T.);
#2211=EDGE_CURVE('',#2638,#2672,#3323,.T.);
#2212=EDGE_CURVE('',#2672,#2671,#3324,.T.);
#2213=EDGE_CURVE('',#2673,#2673,#87,.T.);
#2214=EDGE_CURVE('',#2674,#2674,#88,.T.);
#2215=EDGE_CURVE('',#2675,#2675,#89,.T.);
#2216=EDGE_CURVE('',#2676,#2676,#90,.T.);
#2217=EDGE_CURVE('',#2677,#2677,#91,.T.);
#2218=EDGE_CURVE('',#2678,#2678,#92,.T.);
#2219=EDGE_CURVE('',#2679,#2679,#93,.T.);
#2220=EDGE_CURVE('',#2680,#2680,#94,.T.);
#2221=VERTEX_POINT('',#6578);
#2222=VERTEX_POINT('',#6579);
#2223=VERTEX_POINT('',#6581);
#2224=VERTEX_POINT('',#6583);
#2225=VERTEX_POINT('',#6585);
#2226=VERTEX_POINT('',#6589);
#2227=VERTEX_POINT('',#6590);
#2228=VERTEX_POINT('',#6592);
#2229=VERTEX_POINT('',#6599);
#2230=VERTEX_POINT('',#6600);
#2231=VERTEX_POINT('',#6602);
#2232=VERTEX_POINT('',#6604);
#2233=VERTEX_POINT('',#6608);
#2234=VERTEX_POINT('',#6610);
#2235=VERTEX_POINT('',#6612);
#2236=VERTEX_POINT('',#6614);
#2237=VERTEX_POINT('',#6616);
#2238=VERTEX_POINT('',#6618);
#2239=VERTEX_POINT('',#6620);
#2240=VERTEX_POINT('',#6623);
#2241=VERTEX_POINT('',#6626);
#2242=VERTEX_POINT('',#6628);
#2243=VERTEX_POINT('',#6631);
#2244=VERTEX_POINT('',#6634);
#2245=VERTEX_POINT('',#6638);
#2246=VERTEX_POINT('',#6640);
#2247=VERTEX_POINT('',#6642);
#2248=VERTEX_POINT('',#6644);
#2249=VERTEX_POINT('',#6646);
#2250=VERTEX_POINT('',#6648);
#2251=VERTEX_POINT('',#6651);
#2252=VERTEX_POINT('',#6655);
#2253=VERTEX_POINT('',#6656);
#2254=VERTEX_POINT('',#6658);
#2255=VERTEX_POINT('',#6660);
#2256=VERTEX_POINT('',#6665);
#2257=VERTEX_POINT('',#6666);
#2258=VERTEX_POINT('',#6669);
#2259=VERTEX_POINT('',#6671);
#2260=VERTEX_POINT('',#6673);
#2261=VERTEX_POINT('',#6677);
#2262=VERTEX_POINT('',#6678);
#2263=VERTEX_POINT('',#6680);
#2264=VERTEX_POINT('',#6682);
#2265=VERTEX_POINT('',#6686);
#2266=VERTEX_POINT('',#6687);
#2267=VERTEX_POINT('',#6689);
#2268=VERTEX_POINT('',#6691);
#2269=VERTEX_POINT('',#6695);
#2270=VERTEX_POINT('',#6696);
#2271=VERTEX_POINT('',#6698);
#2272=VERTEX_POINT('',#6700);
#2273=VERTEX_POINT('',#6704);
#2274=VERTEX_POINT('',#6708);
#2275=VERTEX_POINT('',#6709);
#2276=VERTEX_POINT('',#6711);
#2277=VERTEX_POINT('',#6715);
#2278=VERTEX_POINT('',#6716);
#2279=VERTEX_POINT('',#6721);
#2280=VERTEX_POINT('',#6724);
#2281=VERTEX_POINT('',#6728);
#2282=VERTEX_POINT('',#6732);
#2283=VERTEX_POINT('',#6734);
#2284=VERTEX_POINT('',#6737);
#2285=VERTEX_POINT('',#6741);
#2286=VERTEX_POINT('',#6745);
#2287=VERTEX_POINT('',#6746);
#2288=VERTEX_POINT('',#6748);
#2289=VERTEX_POINT('',#6750);
#2290=VERTEX_POINT('',#6753);
#2291=VERTEX_POINT('',#6757);
#2292=VERTEX_POINT('',#6758);
#2293=VERTEX_POINT('',#6764);
#2294=VERTEX_POINT('',#6767);
#2295=VERTEX_POINT('',#6769);
#2296=VERTEX_POINT('',#6773);
#2297=VERTEX_POINT('',#6778);
#2298=VERTEX_POINT('',#6780);
#2299=VERTEX_POINT('',#6787);
#2300=VERTEX_POINT('',#6788);
#2301=VERTEX_POINT('',#6790);
#2302=VERTEX_POINT('',#6792);
#2303=VERTEX_POINT('',#6794);
#2304=VERTEX_POINT('',#6796);
#2305=VERTEX_POINT('',#6798);
#2306=VERTEX_POINT('',#6800);
#2307=VERTEX_POINT('',#6804);
#2308=VERTEX_POINT('',#6806);
#2309=VERTEX_POINT('',#6808);
#2310=VERTEX_POINT('',#6813);
#2311=VERTEX_POINT('',#6815);
#2312=VERTEX_POINT('',#6820);
#2313=VERTEX_POINT('',#6821);
#2314=VERTEX_POINT('',#6823);
#2315=VERTEX_POINT('',#6825);
#2316=VERTEX_POINT('',#6829);
#2317=VERTEX_POINT('',#6830);
#2318=VERTEX_POINT('',#6832);
#2319=VERTEX_POINT('',#6834);
#2320=VERTEX_POINT('',#6836);
#2321=VERTEX_POINT('',#6838);
#2322=VERTEX_POINT('',#6842);
#2323=VERTEX_POINT('',#6843);
#2324=VERTEX_POINT('',#6845);
#2325=VERTEX_POINT('',#6848);
#2326=VERTEX_POINT('',#6852);
#2327=VERTEX_POINT('',#6853);
#2328=VERTEX_POINT('',#6855);
#2329=VERTEX_POINT('',#6857);
#2330=VERTEX_POINT('',#6862);
#2331=VERTEX_POINT('',#6864);
#2332=VERTEX_POINT('',#6866);
#2333=VERTEX_POINT('',#6868);
#2334=VERTEX_POINT('',#6871);
#2335=VERTEX_POINT('',#6875);
#2336=VERTEX_POINT('',#6876);
#2337=VERTEX_POINT('',#6878);
#2338=VERTEX_POINT('',#6880);
#2339=VERTEX_POINT('',#6887);
#2340=VERTEX_POINT('',#6888);
#2341=VERTEX_POINT('',#6893);
#2342=VERTEX_POINT('',#6898);
#2343=VERTEX_POINT('',#6900);
#2344=VERTEX_POINT('',#6902);
#2345=VERTEX_POINT('',#6904);
#2346=VERTEX_POINT('',#6906);
#2347=VERTEX_POINT('',#6909);
#2348=VERTEX_POINT('',#6910);
#2349=VERTEX_POINT('',#6912);
#2350=VERTEX_POINT('',#6914);
#2351=VERTEX_POINT('',#6916);
#2352=VERTEX_POINT('',#6918);
#2353=VERTEX_POINT('',#6920);
#2354=VERTEX_POINT('',#6922);
#2355=VERTEX_POINT('',#6924);
#2356=VERTEX_POINT('',#6926);
#2357=VERTEX_POINT('',#6928);
#2358=VERTEX_POINT('',#6930);
#2359=VERTEX_POINT('',#6932);
#2360=VERTEX_POINT('',#6934);
#2361=VERTEX_POINT('',#6936);
#2362=VERTEX_POINT('',#6938);
#2363=VERTEX_POINT('',#6972);
#2364=VERTEX_POINT('',#6977);
#2365=VERTEX_POINT('',#7035);
#2366=VERTEX_POINT('',#7094);
#2367=VERTEX_POINT('',#7095);
#2368=VERTEX_POINT('',#7097);
#2369=VERTEX_POINT('',#7099);
#2370=VERTEX_POINT('',#7103);
#2371=VERTEX_POINT('',#7105);
#2372=VERTEX_POINT('',#7106);
#2373=VERTEX_POINT('',#7108);
#2374=VERTEX_POINT('',#7110);
#2375=VERTEX_POINT('',#7112);
#2376=VERTEX_POINT('',#7114);
#2377=VERTEX_POINT('',#7118);
#2378=VERTEX_POINT('',#7120);
#2379=VERTEX_POINT('',#7124);
#2380=VERTEX_POINT('',#7125);
#2381=VERTEX_POINT('',#7129);
#2382=VERTEX_POINT('',#7131);
#2383=VERTEX_POINT('',#7135);
#2384=VERTEX_POINT('',#7143);
#2385=VERTEX_POINT('',#7144);
#2386=VERTEX_POINT('',#7148);
#2387=VERTEX_POINT('',#7149);
#2388=VERTEX_POINT('',#7151);
#2389=VERTEX_POINT('',#7153);
#2390=VERTEX_POINT('',#7159);
#2391=VERTEX_POINT('',#7161);
#2392=VERTEX_POINT('',#7165);
#2393=VERTEX_POINT('',#7166);
#2394=VERTEX_POINT('',#7168);
#2395=VERTEX_POINT('',#7170);
#2396=VERTEX_POINT('',#7172);
#2397=VERTEX_POINT('',#7176);
#2398=VERTEX_POINT('',#7183);
#2399=VERTEX_POINT('',#7185);
#2400=VERTEX_POINT('',#7187);
#2401=VERTEX_POINT('',#7191);
#2402=VERTEX_POINT('',#7192);
#2403=VERTEX_POINT('',#7194);
#2404=VERTEX_POINT('',#7196);
#2405=VERTEX_POINT('',#7200);
#2406=VERTEX_POINT('',#7201);
#2407=VERTEX_POINT('',#7203);
#2408=VERTEX_POINT('',#7205);
#2409=VERTEX_POINT('',#7209);
#2410=VERTEX_POINT('',#7211);
#2411=VERTEX_POINT('',#7215);
#2412=VERTEX_POINT('',#7216);
#2413=VERTEX_POINT('',#7218);
#2414=VERTEX_POINT('',#7220);
#2415=VERTEX_POINT('',#7224);
#2416=VERTEX_POINT('',#7225);
#2417=VERTEX_POINT('',#7227);
#2418=VERTEX_POINT('',#7229);
#2419=VERTEX_POINT('',#7231);
#2420=VERTEX_POINT('',#7235);
#2421=VERTEX_POINT('',#7237);
#2422=VERTEX_POINT('',#7243);
#2423=VERTEX_POINT('',#7245);
#2424=VERTEX_POINT('',#7246);
#2425=VERTEX_POINT('',#7248);
#2426=VERTEX_POINT('',#7251);
#2427=VERTEX_POINT('',#7253);
#2428=VERTEX_POINT('',#7255);
#2429=VERTEX_POINT('',#7257);
#2430=VERTEX_POINT('',#7261);
#2431=VERTEX_POINT('',#7263);
#2432=VERTEX_POINT('',#7265);
#2433=VERTEX_POINT('',#7267);
#2434=VERTEX_POINT('',#7273);
#2435=VERTEX_POINT('',#7274);
#2436=VERTEX_POINT('',#7276);
#2437=VERTEX_POINT('',#7278);
#2438=VERTEX_POINT('',#7282);
#2439=VERTEX_POINT('',#7283);
#2440=VERTEX_POINT('',#7285);
#2441=VERTEX_POINT('',#7287);
#2442=VERTEX_POINT('',#7289);
#2443=VERTEX_POINT('',#7293);
#2444=VERTEX_POINT('',#7294);
#2445=VERTEX_POINT('',#7296);
#2446=VERTEX_POINT('',#7298);
#2447=VERTEX_POINT('',#7302);
#2448=VERTEX_POINT('',#7303);
#2449=VERTEX_POINT('',#7305);
#2450=VERTEX_POINT('',#7307);
#2451=VERTEX_POINT('',#7311);
#2452=VERTEX_POINT('',#7312);
#2453=VERTEX_POINT('',#7314);
#2454=VERTEX_POINT('',#7316);
#2455=VERTEX_POINT('',#7320);
#2456=VERTEX_POINT('',#7321);
#2457=VERTEX_POINT('',#7328);
#2458=VERTEX_POINT('',#7330);
#2459=VERTEX_POINT('',#7332);
#2460=VERTEX_POINT('',#7339);
#2461=VERTEX_POINT('',#7341);
#2462=VERTEX_POINT('',#7343);
#2463=VERTEX_POINT('',#7345);
#2464=VERTEX_POINT('',#7349);
#2465=VERTEX_POINT('',#7351);
#2466=VERTEX_POINT('',#7353);
#2467=VERTEX_POINT('',#7355);
#2468=VERTEX_POINT('',#7357);
#2469=VERTEX_POINT('',#7359);
#2470=VERTEX_POINT('',#7363);
#2471=VERTEX_POINT('',#7364);
#2472=VERTEX_POINT('',#7367);
#2473=VERTEX_POINT('',#7369);
#2474=VERTEX_POINT('',#7371);
#2475=VERTEX_POINT('',#7373);
#2476=VERTEX_POINT('',#7375);
#2477=VERTEX_POINT('',#7380);
#2478=VERTEX_POINT('',#7384);
#2479=VERTEX_POINT('',#7391);
#2480=VERTEX_POINT('',#7395);
#2481=VERTEX_POINT('',#7397);
#2482=VERTEX_POINT('',#7402);
#2483=VERTEX_POINT('',#7406);
#2484=VERTEX_POINT('',#7408);
#2485=VERTEX_POINT('',#7413);
#2486=VERTEX_POINT('',#7417);
#2487=VERTEX_POINT('',#7418);
#2488=VERTEX_POINT('',#7421);
#2489=VERTEX_POINT('',#7423);
#2490=VERTEX_POINT('',#7429);
#2491=VERTEX_POINT('',#7431);
#2492=VERTEX_POINT('',#7433);
#2493=VERTEX_POINT('',#7441);
#2494=VERTEX_POINT('',#7443);
#2495=VERTEX_POINT('',#7445);
#2496=VERTEX_POINT('',#7449);
#2497=VERTEX_POINT('',#7451);
#2498=VERTEX_POINT('',#7453);
#2499=VERTEX_POINT('',#7458);
#2500=VERTEX_POINT('',#7461);
#2501=VERTEX_POINT('',#7468);
#2502=VERTEX_POINT('',#7470);
#2503=VERTEX_POINT('',#7473);
#2504=VERTEX_POINT('',#7475);
#2505=VERTEX_POINT('',#7478);
#2506=VERTEX_POINT('',#7480);
#2507=VERTEX_POINT('',#7482);
#2508=VERTEX_POINT('',#7485);
#2509=VERTEX_POINT('',#7487);
#2510=VERTEX_POINT('',#7489);
#2511=VERTEX_POINT('',#7491);
#2512=VERTEX_POINT('',#7493);
#2513=VERTEX_POINT('',#7495);
#2514=VERTEX_POINT('',#7497);
#2515=VERTEX_POINT('',#7499);
#2516=VERTEX_POINT('',#7501);
#2517=VERTEX_POINT('',#7505);
#2518=VERTEX_POINT('',#7507);
#2519=VERTEX_POINT('',#7509);
#2520=VERTEX_POINT('',#7511);
#2521=VERTEX_POINT('',#7513);
#2522=VERTEX_POINT('',#7515);
#2523=VERTEX_POINT('',#7519);
#2524=VERTEX_POINT('',#7521);
#2525=VERTEX_POINT('',#7530);
#2526=VERTEX_POINT('',#7533);
#2527=VERTEX_POINT('',#7535);
#2528=VERTEX_POINT('',#7537);
#2529=VERTEX_POINT('',#7539);
#2530=VERTEX_POINT('',#7541);
#2531=VERTEX_POINT('',#7545);
#2532=VERTEX_POINT('',#7548);
#2533=VERTEX_POINT('',#7550);
#2534=VERTEX_POINT('',#7552);
#2535=VERTEX_POINT('',#7554);
#2536=VERTEX_POINT('',#7557);
#2537=VERTEX_POINT('',#7559);
#2538=VERTEX_POINT('',#7561);
#2539=VERTEX_POINT('',#7563);
#2540=VERTEX_POINT('',#7566);
#2541=VERTEX_POINT('',#7568);
#2542=VERTEX_POINT('',#7571);
#2543=VERTEX_POINT('',#7576);
#2544=VERTEX_POINT('',#7581);
#2545=VERTEX_POINT('',#7610);
#2546=VERTEX_POINT('',#7612);
#2547=VERTEX_POINT('',#7614);
#2548=VERTEX_POINT('',#7617);
#2549=VERTEX_POINT('',#7619);
#2550=VERTEX_POINT('',#7621);
#2551=VERTEX_POINT('',#7623);
#2552=VERTEX_POINT('',#7626);
#2553=VERTEX_POINT('',#7634);
#2554=VERTEX_POINT('',#7636);
#2555=VERTEX_POINT('',#7638);
#2556=VERTEX_POINT('',#7640);
#2557=VERTEX_POINT('',#7642);
#2558=VERTEX_POINT('',#7644);
#2559=VERTEX_POINT('',#7646);
#2560=VERTEX_POINT('',#7648);
#2561=VERTEX_POINT('',#7650);
#2562=VERTEX_POINT('',#7653);
#2563=VERTEX_POINT('',#7655);
#2564=VERTEX_POINT('',#7657);
#2565=VERTEX_POINT('',#7702);
#2566=VERTEX_POINT('',#7708);
#2567=VERTEX_POINT('',#7715);
#2568=VERTEX_POINT('',#7720);
#2569=VERTEX_POINT('',#7726);
#2570=VERTEX_POINT('',#7728);
#2571=VERTEX_POINT('',#7758);
#2572=VERTEX_POINT('',#7759);
#2573=VERTEX_POINT('',#7817);
#2574=VERTEX_POINT('',#7818);
#2575=VERTEX_POINT('',#7855);
#2576=VERTEX_POINT('',#7856);
#2577=VERTEX_POINT('',#7858);
#2578=VERTEX_POINT('',#7867);
#2579=VERTEX_POINT('',#7952);
#2580=VERTEX_POINT('',#7954);
#2581=VERTEX_POINT('',#7964);
#2582=VERTEX_POINT('',#7966);
#2583=VERTEX_POINT('',#7968);
#2584=VERTEX_POINT('',#7970);
#2585=VERTEX_POINT('',#7972);
#2586=VERTEX_POINT('',#7976);
#2587=VERTEX_POINT('',#7978);
#2588=VERTEX_POINT('',#7980);
#2589=VERTEX_POINT('',#7982);
#2590=VERTEX_POINT('',#7984);
#2591=VERTEX_POINT('',#7991);
#2592=VERTEX_POINT('',#7993);
#2593=VERTEX_POINT('',#7996);
#2594=VERTEX_POINT('',#7998);
#2595=VERTEX_POINT('',#8000);
#2596=VERTEX_POINT('',#8003);
#2597=VERTEX_POINT('',#8005);
#2598=VERTEX_POINT('',#8032);
#2599=VERTEX_POINT('',#8043);
#2600=VERTEX_POINT('',#8045);
#2601=VERTEX_POINT('',#8053);
#2602=VERTEX_POINT('',#8054);
#2603=VERTEX_POINT('',#8090);
#2604=VERTEX_POINT('',#8094);
#2605=VERTEX_POINT('',#8104);
#2606=VERTEX_POINT('',#8111);
#2607=VERTEX_POINT('',#8114);
#2608=VERTEX_POINT('',#8156);
#2609=VERTEX_POINT('',#8158);
#2610=VERTEX_POINT('',#8160);
#2611=VERTEX_POINT('',#8162);
#2612=VERTEX_POINT('',#8164);
#2613=VERTEX_POINT('',#8166);
#2614=VERTEX_POINT('',#8168);
#2615=VERTEX_POINT('',#8170);
#2616=VERTEX_POINT('',#8172);
#2617=VERTEX_POINT('',#8173);
#2618=VERTEX_POINT('',#8175);
#2619=VERTEX_POINT('',#8177);
#2620=VERTEX_POINT('',#8180);
#2621=VERTEX_POINT('',#8182);
#2622=VERTEX_POINT('',#8184);
#2623=VERTEX_POINT('',#8189);
#2624=VERTEX_POINT('',#8191);
#2625=VERTEX_POINT('',#8193);
#2626=VERTEX_POINT('',#8195);
#2627=VERTEX_POINT('',#8197);
#2628=VERTEX_POINT('',#8199);
#2629=VERTEX_POINT('',#8201);
#2630=VERTEX_POINT('',#8205);
#2631=VERTEX_POINT('',#8207);
#2632=VERTEX_POINT('',#8209);
#2633=VERTEX_POINT('',#8213);
#2634=VERTEX_POINT('',#8215);
#2635=VERTEX_POINT('',#8221);
#2636=VERTEX_POINT('',#8222);
#2637=VERTEX_POINT('',#8224);
#2638=VERTEX_POINT('',#8226);
#2639=VERTEX_POINT('',#8228);
#2640=VERTEX_POINT('',#8231);
#2641=VERTEX_POINT('',#8235);
#2642=VERTEX_POINT('',#8237);
#2643=VERTEX_POINT('',#8240);
#2644=VERTEX_POINT('',#8245);
#2645=VERTEX_POINT('',#8250);
#2646=VERTEX_POINT('',#8252);
#2647=VERTEX_POINT('',#8261);
#2648=VERTEX_POINT('',#8262);
#2649=VERTEX_POINT('',#8268);
#2650=VERTEX_POINT('',#8269);
#2651=VERTEX_POINT('',#8275);
#2652=VERTEX_POINT('',#8278);
#2653=VERTEX_POINT('',#8281);
#2654=VERTEX_POINT('',#8284);
#2655=VERTEX_POINT('',#8287);
#2656=VERTEX_POINT('',#8289);
#2657=VERTEX_POINT('',#8293);
#2658=VERTEX_POINT('',#8297);
#2659=VERTEX_POINT('',#8299);
#2660=VERTEX_POINT('',#8307);
#2661=VERTEX_POINT('',#8311);
#2662=VERTEX_POINT('',#8312);
#2663=VERTEX_POINT('',#8314);
#2664=VERTEX_POINT('',#8316);
#2665=VERTEX_POINT('',#8320);
#2666=VERTEX_POINT('',#8324);
#2667=VERTEX_POINT('',#8337);
#2668=VERTEX_POINT('',#8339);
#2669=VERTEX_POINT('',#8341);
#2670=VERTEX_POINT('',#8343);
#2671=VERTEX_POINT('',#8348);
#2672=VERTEX_POINT('',#8350);
#2673=VERTEX_POINT('',#8358);
#2674=VERTEX_POINT('',#8361);
#2675=VERTEX_POINT('',#8364);
#2676=VERTEX_POINT('',#8367);
#2677=VERTEX_POINT('',#8370);
#2678=VERTEX_POINT('',#8374);
#2679=VERTEX_POINT('',#8378);
#2680=VERTEX_POINT('',#8382);
#2681=LINE('',#6577,#3325);
#2682=LINE('',#6580,#3326);
#2683=LINE('',#6582,#3327);
#2684=LINE('',#6584,#3328);
#2685=LINE('',#6586,#3329);
#2686=LINE('',#6588,#3330);
#2687=LINE('',#6591,#3331);
#2688=LINE('',#6593,#3332);
#2689=LINE('',#6595,#3333);
#2690=LINE('',#6596,#3334);
#2691=LINE('',#6598,#3335);
#2692=LINE('',#6601,#3336);
#2693=LINE('',#6603,#3337);
#2694=LINE('',#6605,#3338);
#2695=LINE('',#6607,#3339);
#2696=LINE('',#6609,#3340);
#2697=LINE('',#6611,#3341);
#2698=LINE('',#6613,#3342);
#2699=LINE('',#6615,#3343);
#2700=LINE('',#6617,#3344);
#2701=LINE('',#6619,#3345);
#2702=LINE('',#6621,#3346);
#2703=LINE('',#6625,#3347);
#2704=LINE('',#6627,#3348);
#2705=LINE('',#6629,#3349);
#2706=LINE('',#6633,#3350);
#2707=LINE('',#6635,#3351);
#2708=LINE('',#6637,#3352);
#2709=LINE('',#6639,#3353);
#2710=LINE('',#6641,#3354);
#2711=LINE('',#6643,#3355);
#2712=LINE('',#6645,#3356);
#2713=LINE('',#6647,#3357);
#2714=LINE('',#6649,#3358);
#2715=LINE('',#6650,#3359);
#2716=LINE('',#6652,#3360);
#2717=LINE('',#6654,#3361);
#2718=LINE('',#6657,#3362);
#2719=LINE('',#6659,#3363);
#2720=LINE('',#6661,#3364);
#2721=LINE('',#6662,#3365);
#2722=LINE('',#6664,#3366);
#2723=LINE('',#6667,#3367);
#2724=LINE('',#6668,#3368);
#2725=LINE('',#6670,#3369);
#2726=LINE('',#6672,#3370);
#2727=LINE('',#6674,#3371);
#2728=LINE('',#6676,#3372);
#2729=LINE('',#6679,#3373);
#2730=LINE('',#6681,#3374);
#2731=LINE('',#6683,#3375);
#2732=LINE('',#6685,#3376);
#2733=LINE('',#6688,#3377);
#2734=LINE('',#6690,#3378);
#2735=LINE('',#6692,#3379);
#2736=LINE('',#6694,#3380);
#2737=LINE('',#6697,#3381);
#2738=LINE('',#6699,#3382);
#2739=LINE('',#6701,#3383);
#2740=LINE('',#6703,#3384);
#2741=LINE('',#6705,#3385);
#2742=LINE('',#6707,#3386);
#2743=LINE('',#6710,#3387);
#2744=LINE('',#6712,#3388);
#2745=LINE('',#6714,#3389);
#2746=LINE('',#6717,#3390);
#2747=LINE('',#6718,#3391);
#2748=LINE('',#6720,#3392);
#2749=LINE('',#6722,#3393);
#2750=LINE('',#6723,#3394);
#2751=LINE('',#6725,#3395);
#2752=LINE('',#6727,#3396);
#2753=LINE('',#6729,#3397);
#2754=LINE('',#6731,#3398);
#2755=LINE('',#6733,#3399);
#2756=LINE('',#6735,#3400);
#2757=LINE('',#6736,#3401);
#2758=LINE('',#6738,#3402);
#2759=LINE('',#6740,#3403);
#2760=LINE('',#6742,#3404);
#2761=LINE('',#6744,#3405);
#2762=LINE('',#6747,#3406);
#2763=LINE('',#6749,#3407);
#2764=LINE('',#6751,#3408);
#2765=LINE('',#6752,#3409);
#2766=LINE('',#6754,#3410);
#2767=LINE('',#6756,#3411);
#2768=LINE('',#6759,#3412);
#2769=LINE('',#6760,#3413);
#2770=LINE('',#6762,#3414);
#2771=LINE('',#6763,#3415);
#2772=LINE('',#6765,#3416);
#2773=LINE('',#6766,#3417);
#2774=LINE('',#6768,#3418);
#2775=LINE('',#6770,#3419);
#2776=LINE('',#6772,#3420);
#2777=LINE('',#6774,#3421);
#2778=LINE('',#6775,#3422);
#2779=LINE('',#6777,#3423);
#2780=LINE('',#6779,#3424);
#2781=LINE('',#6781,#3425);
#2782=LINE('',#6782,#3426);
#2783=LINE('',#6784,#3427);
#2784=LINE('',#6786,#3428);
#2785=LINE('',#6789,#3429);
#2786=LINE('',#6791,#3430);
#2787=LINE('',#6793,#3431);
#2788=LINE('',#6795,#3432);
#2789=LINE('',#6797,#3433);
#2790=LINE('',#6799,#3434);
#2791=LINE('',#6801,#3435);
#2792=LINE('',#6803,#3436);
#2793=LINE('',#6805,#3437);
#2794=LINE('',#6807,#3438);
#2795=LINE('',#6809,#3439);
#2796=LINE('',#6811,#3440);
#2797=LINE('',#6812,#3441);
#2798=LINE('',#6814,#3442);
#2799=LINE('',#6816,#3443);
#2800=LINE('',#6817,#3444);
#2801=LINE('',#6819,#3445);
#2802=LINE('',#6822,#3446);
#2803=LINE('',#6824,#3447);
#2804=LINE('',#6826,#3448);
#2805=LINE('',#6828,#3449);
#2806=LINE('',#6831,#3450);
#2807=LINE('',#6833,#3451);
#2808=LINE('',#6835,#3452);
#2809=LINE('',#6837,#3453);
#2810=LINE('',#6839,#3454);
#2811=LINE('',#6841,#3455);
#2812=LINE('',#6844,#3456);
#2813=LINE('',#6846,#3457);
#2814=LINE('',#6847,#3458);
#2815=LINE('',#6849,#3459);
#2816=LINE('',#6851,#3460);
#2817=LINE('',#6854,#3461);
#2818=LINE('',#6856,#3462);
#2819=LINE('',#6858,#3463);
#2820=LINE('',#6860,#3464);
#2821=LINE('',#6861,#3465);
#2822=LINE('',#6863,#3466);
#2823=LINE('',#6865,#3467);
#2824=LINE('',#6867,#3468);
#2825=LINE('',#6869,#3469);
#2826=LINE('',#6870,#3470);
#2827=LINE('',#6872,#3471);
#2828=LINE('',#6874,#3472);
#2829=LINE('',#6877,#3473);
#2830=LINE('',#6879,#3474);
#2831=LINE('',#6881,#3475);
#2832=LINE('',#6899,#3476);
#2833=LINE('',#6901,#3477);
#2834=LINE('',#6903,#3478);
#2835=LINE('',#6905,#3479);
#2836=LINE('',#6907,#3480);
#2837=LINE('',#6908,#3481);
#2838=LINE('',#6911,#3482);
#2839=LINE('',#6913,#3483);
#2840=LINE('',#6915,#3484);
#2841=LINE('',#6917,#3485);
#2842=LINE('',#6919,#3486);
#2843=LINE('',#6921,#3487);
#2844=LINE('',#6923,#3488);
#2845=LINE('',#6925,#3489);
#2846=LINE('',#6927,#3490);
#2847=LINE('',#6929,#3491);
#2848=LINE('',#6931,#3492);
#2849=LINE('',#6933,#3493);
#2850=LINE('',#6935,#3494);
#2851=LINE('',#6937,#3495);
#2852=LINE('',#6939,#3496);
#2853=LINE('',#7093,#3497);
#2854=LINE('',#7096,#3498);
#2855=LINE('',#7098,#3499);
#2856=LINE('',#7100,#3500);
#2857=LINE('',#7104,#3501);
#2858=LINE('',#7107,#3502);
#2859=LINE('',#7109,#3503);
#2860=LINE('',#7111,#3504);
#2861=LINE('',#7113,#3505);
#2862=LINE('',#7115,#3506);
#2863=LINE('',#7116,#3507);
#2864=LINE('',#7117,#3508);
#2865=LINE('',#7119,#3509);
#2866=LINE('',#7121,#3510);
#2867=LINE('',#7123,#3511);
#2868=LINE('',#7126,#3512);
#2869=LINE('',#7127,#3513);
#2870=LINE('',#7128,#3514);
#2871=LINE('',#7130,#3515);
#2872=LINE('',#7132,#3516);
#2873=LINE('',#7134,#3517);
#2874=LINE('',#7136,#3518);
#2875=LINE('',#7137,#3519);
#2876=LINE('',#7145,#3520);
#2877=LINE('',#7147,#3521);
#2878=LINE('',#7150,#3522);
#2879=LINE('',#7152,#3523);
#2880=LINE('',#7160,#3524);
#2881=LINE('',#7162,#3525);
#2882=LINE('',#7164,#3526);
#2883=LINE('',#7167,#3527);
#2884=LINE('',#7169,#3528);
#2885=LINE('',#7171,#3529);
#2886=LINE('',#7173,#3530);
#2887=LINE('',#7175,#3531);
#2888=LINE('',#7182,#3532);
#2889=LINE('',#7184,#3533);
#2890=LINE('',#7186,#3534);
#2891=LINE('',#7188,#3535);
#2892=LINE('',#7190,#3536);
#2893=LINE('',#7193,#3537);
#2894=LINE('',#7195,#3538);
#2895=LINE('',#7197,#3539);
#2896=LINE('',#7199,#3540);
#2897=LINE('',#7202,#3541);
#2898=LINE('',#7204,#3542);
#2899=LINE('',#7206,#3543);
#2900=LINE('',#7208,#3544);
#2901=LINE('',#7210,#3545);
#2902=LINE('',#7212,#3546);
#2903=LINE('',#7214,#3547);
#2904=LINE('',#7217,#3548);
#2905=LINE('',#7219,#3549);
#2906=LINE('',#7221,#3550);
#2907=LINE('',#7223,#3551);
#2908=LINE('',#7226,#3552);
#2909=LINE('',#7228,#3553);
#2910=LINE('',#7230,#3554);
#2911=LINE('',#7232,#3555);
#2912=LINE('',#7234,#3556);
#2913=LINE('',#7236,#3557);
#2914=LINE('',#7238,#3558);
#2915=LINE('',#7240,#3559);
#2916=LINE('',#7244,#3560);
#2917=LINE('',#7247,#3561);
#2918=LINE('',#7249,#3562);
#2919=LINE('',#7250,#3563);
#2920=LINE('',#7252,#3564);
#2921=LINE('',#7254,#3565);
#2922=LINE('',#7256,#3566);
#2923=LINE('',#7258,#3567);
#2924=LINE('',#7260,#3568);
#2925=LINE('',#7262,#3569);
#2926=LINE('',#7264,#3570);
#2927=LINE('',#7266,#3571);
#2928=LINE('',#7268,#3572);
#2929=LINE('',#7270,#3573);
#2930=LINE('',#7272,#3574);
#2931=LINE('',#7275,#3575);
#2932=LINE('',#7277,#3576);
#2933=LINE('',#7279,#3577);
#2934=LINE('',#7281,#3578);
#2935=LINE('',#7284,#3579);
#2936=LINE('',#7286,#3580);
#2937=LINE('',#7288,#3581);
#2938=LINE('',#7290,#3582);
#2939=LINE('',#7292,#3583);
#2940=LINE('',#7295,#3584);
#2941=LINE('',#7297,#3585);
#2942=LINE('',#7299,#3586);
#2943=LINE('',#7301,#3587);
#2944=LINE('',#7304,#3588);
#2945=LINE('',#7306,#3589);
#2946=LINE('',#7308,#3590);
#2947=LINE('',#7310,#3591);
#2948=LINE('',#7313,#3592);
#2949=LINE('',#7315,#3593);
#2950=LINE('',#7317,#3594);
#2951=LINE('',#7319,#3595);
#2952=LINE('',#7322,#3596);
#2953=LINE('',#7323,#3597);
#2954=LINE('',#7324,#3598);
#2955=LINE('',#7326,#3599);
#2956=LINE('',#7327,#3600);
#2957=LINE('',#7329,#3601);
#2958=LINE('',#7331,#3602);
#2959=LINE('',#7333,#3603);
#2960=LINE('',#7334,#3604);
#2961=LINE('',#7335,#3605);
#2962=LINE('',#7337,#3606);
#2963=LINE('',#7338,#3607);
#2964=LINE('',#7340,#3608);
#2965=LINE('',#7342,#3609);
#2966=LINE('',#7344,#3610);
#2967=LINE('',#7346,#3611);
#2968=LINE('',#7347,#3612);
#2969=LINE('',#7348,#3613);
#2970=LINE('',#7350,#3614);
#2971=LINE('',#7352,#3615);
#2972=LINE('',#7354,#3616);
#2973=LINE('',#7356,#3617);
#2974=LINE('',#7358,#3618);
#2975=LINE('',#7360,#3619);
#2976=LINE('',#7362,#3620);
#2977=LINE('',#7365,#3621);
#2978=LINE('',#7366,#3622);
#2979=LINE('',#7368,#3623);
#2980=LINE('',#7370,#3624);
#2981=LINE('',#7372,#3625);
#2982=LINE('',#7374,#3626);
#2983=LINE('',#7376,#3627);
#2984=LINE('',#7377,#3628);
#2985=LINE('',#7379,#3629);
#2986=LINE('',#7381,#3630);
#2987=LINE('',#7383,#3631);
#2988=LINE('',#7385,#3632);
#2989=LINE('',#7386,#3633);
#2990=LINE('',#7388,#3634);
#2991=LINE('',#7390,#3635);
#2992=LINE('',#7392,#3636);
#2993=LINE('',#7394,#3637);
#2994=LINE('',#7396,#3638);
#2995=LINE('',#7398,#3639);
#2996=LINE('',#7399,#3640);
#2997=LINE('',#7401,#3641);
#2998=LINE('',#7403,#3642);
#2999=LINE('',#7405,#3643);
#3000=LINE('',#7407,#3644);
#3001=LINE('',#7409,#3645);
#3002=LINE('',#7411,#3646);
#3003=LINE('',#7412,#3647);
#3004=LINE('',#7414,#3648);
#3005=LINE('',#7416,#3649);
#3006=LINE('',#7419,#3650);
#3007=LINE('',#7420,#3651);
#3008=LINE('',#7422,#3652);
#3009=LINE('',#7424,#3653);
#3010=LINE('',#7426,#3654);
#3011=LINE('',#7428,#3655);
#3012=LINE('',#7430,#3656);
#3013=LINE('',#7432,#3657);
#3014=LINE('',#7434,#3658);
#3015=LINE('',#7436,#3659);
#3016=LINE('',#7437,#3660);
#3017=LINE('',#7439,#3661);
#3018=LINE('',#7440,#3662);
#3019=LINE('',#7442,#3663);
#3020=LINE('',#7444,#3664);
#3021=LINE('',#7446,#3665);
#3022=LINE('',#7447,#3666);
#3023=LINE('',#7448,#3667);
#3024=LINE('',#7450,#3668);
#3025=LINE('',#7452,#3669);
#3026=LINE('',#7454,#3670);
#3027=LINE('',#7457,#3671);
#3028=LINE('',#7459,#3672);
#3029=LINE('',#7460,#3673);
#3030=LINE('',#7462,#3674);
#3031=LINE('',#7464,#3675);
#3032=LINE('',#7466,#3676);
#3033=LINE('',#7467,#3677);
#3034=LINE('',#7469,#3678);
#3035=LINE('',#7471,#3679);
#3036=LINE('',#7472,#3680);
#3037=LINE('',#7474,#3681);
#3038=LINE('',#7476,#3682);
#3039=LINE('',#7477,#3683);
#3040=LINE('',#7479,#3684);
#3041=LINE('',#7481,#3685);
#3042=LINE('',#7483,#3686);
#3043=LINE('',#7484,#3687);
#3044=LINE('',#7486,#3688);
#3045=LINE('',#7488,#3689);
#3046=LINE('',#7490,#3690);
#3047=LINE('',#7492,#3691);
#3048=LINE('',#7494,#3692);
#3049=LINE('',#7496,#3693);
#3050=LINE('',#7498,#3694);
#3051=LINE('',#7500,#3695);
#3052=LINE('',#7502,#3696);
#3053=LINE('',#7503,#3697);
#3054=LINE('',#7504,#3698);
#3055=LINE('',#7506,#3699);
#3056=LINE('',#7508,#3700);
#3057=LINE('',#7510,#3701);
#3058=LINE('',#7512,#3702);
#3059=LINE('',#7514,#3703);
#3060=LINE('',#7516,#3704);
#3061=LINE('',#7518,#3705);
#3062=LINE('',#7520,#3706);
#3063=LINE('',#7522,#3707);
#3064=LINE('',#7524,#3708);
#3065=LINE('',#7526,#3709);
#3066=LINE('',#7529,#3710);
#3067=LINE('',#7531,#3711);
#3068=LINE('',#7532,#3712);
#3069=LINE('',#7534,#3713);
#3070=LINE('',#7536,#3714);
#3071=LINE('',#7538,#3715);
#3072=LINE('',#7540,#3716);
#3073=LINE('',#7542,#3717);
#3074=LINE('',#7543,#3718);
#3075=LINE('',#7544,#3719);
#3076=LINE('',#7546,#3720);
#3077=LINE('',#7547,#3721);
#3078=LINE('',#7549,#3722);
#3079=LINE('',#7551,#3723);
#3080=LINE('',#7553,#3724);
#3081=LINE('',#7555,#3725);
#3082=LINE('',#7556,#3726);
#3083=LINE('',#7558,#3727);
#3084=LINE('',#7560,#3728);
#3085=LINE('',#7562,#3729);
#3086=LINE('',#7564,#3730);
#3087=LINE('',#7565,#3731);
#3088=LINE('',#7567,#3732);
#3089=LINE('',#7569,#3733);
#3090=LINE('',#7570,#3734);
#3091=LINE('',#7572,#3735);
#3092=LINE('',#7574,#3736);
#3093=LINE('',#7575,#3737);
#3094=LINE('',#7577,#3738);
#3095=LINE('',#7578,#3739);
#3096=LINE('',#7580,#3740);
#3097=LINE('',#7582,#3741);
#3098=LINE('',#7583,#3742);
#3099=LINE('',#7585,#3743);
#3100=LINE('',#7586,#3744);
#3101=LINE('',#7589,#3745);
#3102=LINE('',#7590,#3746);
#3103=LINE('',#7592,#3747);
#3104=LINE('',#7594,#3748);
#3105=LINE('',#7596,#3749);
#3106=LINE('',#7599,#3750);
#3107=LINE('',#7601,#3751);
#3108=LINE('',#7604,#3752);
#3109=LINE('',#7606,#3753);
#3110=LINE('',#7609,#3754);
#3111=LINE('',#7611,#3755);
#3112=LINE('',#7613,#3756);
#3113=LINE('',#7615,#3757);
#3114=LINE('',#7616,#3758);
#3115=LINE('',#7618,#3759);
#3116=LINE('',#7620,#3760);
#3117=LINE('',#7622,#3761);
#3118=LINE('',#7624,#3762);
#3119=LINE('',#7625,#3763);
#3120=LINE('',#7627,#3764);
#3121=LINE('',#7629,#3765);
#3122=LINE('',#7631,#3766);
#3123=LINE('',#7633,#3767);
#3124=LINE('',#7635,#3768);
#3125=LINE('',#7637,#3769);
#3126=LINE('',#7639,#3770);
#3127=LINE('',#7641,#3771);
#3128=LINE('',#7643,#3772);
#3129=LINE('',#7645,#3773);
#3130=LINE('',#7647,#3774);
#3131=LINE('',#7649,#3775);
#3132=LINE('',#7651,#3776);
#3133=LINE('',#7652,#3777);
#3134=LINE('',#7654,#3778);
#3135=LINE('',#7656,#3779);
#3136=LINE('',#7658,#3780);
#3137=LINE('',#7660,#3781);
#3138=LINE('',#7662,#3782);
#3139=LINE('',#7664,#3783);
#3140=LINE('',#7665,#3784);
#3141=LINE('',#7667,#3785);
#3142=LINE('',#7670,#3786);
#3143=LINE('',#7673,#3787);
#3144=LINE('',#7676,#3788);
#3145=LINE('',#7679,#3789);
#3146=LINE('',#7680,#3790);
#3147=LINE('',#7682,#3791);
#3148=LINE('',#7684,#3792);
#3149=LINE('',#7686,#3793);
#3150=LINE('',#7687,#3794);
#3151=LINE('',#7689,#3795);
#3152=LINE('',#7692,#3796);
#3153=LINE('',#7695,#3797);
#3154=LINE('',#7698,#3798);
#3155=LINE('',#7701,#3799);
#3156=LINE('',#7707,#3800);
#3157=LINE('',#7709,#3801);
#3158=LINE('',#7725,#3802);
#3159=LINE('',#7727,#3803);
#3160=LINE('',#7729,#3804);
#3161=LINE('',#7816,#3805);
#3162=LINE('',#7857,#3806);
#3163=LINE('',#7953,#3807);
#3164=LINE('',#7961,#3808);
#3165=LINE('',#7965,#3809);
#3166=LINE('',#7967,#3810);
#3167=LINE('',#7969,#3811);
#3168=LINE('',#7971,#3812);
#3169=LINE('',#7973,#3813);
#3170=LINE('',#7977,#3814);
#3171=LINE('',#7979,#3815);
#3172=LINE('',#7981,#3816);
#3173=LINE('',#7983,#3817);
#3174=LINE('',#7985,#3818);
#3175=LINE('',#7987,#3819);
#3176=LINE('',#7988,#3820);
#3177=LINE('',#7989,#3821);
#3178=LINE('',#7990,#3822);
#3179=LINE('',#7992,#3823);
#3180=LINE('',#7994,#3824);
#3181=LINE('',#7995,#3825);
#3182=LINE('',#7997,#3826);
#3183=LINE('',#7999,#3827);
#3184=LINE('',#8001,#3828);
#3185=LINE('',#8002,#3829);
#3186=LINE('',#8004,#3830);
#3187=LINE('',#8006,#3831);
#3188=LINE('',#8008,#3832);
#3189=LINE('',#8010,#3833);
#3190=LINE('',#8013,#3834);
#3191=LINE('',#8015,#3835);
#3192=LINE('',#8017,#3836);
#3193=LINE('',#8022,#3837);
#3194=LINE('',#8024,#3838);
#3195=LINE('',#8026,#3839);
#3196=LINE('',#8028,#3840);
#3197=LINE('',#8030,#3841);
#3198=LINE('',#8031,#3842);
#3199=LINE('',#8033,#3843);
#3200=LINE('',#8034,#3844);
#3201=LINE('',#8042,#3845);
#3202=LINE('',#8044,#3846);
#3203=LINE('',#8046,#3847);
#3204=LINE('',#8048,#3848);
#3205=LINE('',#8050,#3849);
#3206=LINE('',#8052,#3850);
#3207=LINE('',#8055,#3851);
#3208=LINE('',#8056,#3852);
#3209=LINE('',#8058,#3853);
#3210=LINE('',#8060,#3854);
#3211=LINE('',#8062,#3855);
#3212=LINE('',#8065,#3856);
#3213=LINE('',#8068,#3857);
#3214=LINE('',#8070,#3858);
#3215=LINE('',#8072,#3859);
#3216=LINE('',#8074,#3860);
#3217=LINE('',#8075,#3861);
#3218=LINE('',#8077,#3862);
#3219=LINE('',#8080,#3863);
#3220=LINE('',#8083,#3864);
#3221=LINE('',#8089,#3865);
#3222=LINE('',#8091,#3866);
#3223=LINE('',#8093,#3867);
#3224=LINE('',#8095,#3868);
#3225=LINE('',#8098,#3869);
#3226=LINE('',#8100,#3870);
#3227=LINE('',#8102,#3871);
#3228=LINE('',#8103,#3872);
#3229=LINE('',#8105,#3873);
#3230=LINE('',#8106,#3874);
#3231=LINE('',#8108,#3875);
#3232=LINE('',#8110,#3876);
#3233=LINE('',#8112,#3877);
#3234=LINE('',#8113,#3878);
#3235=LINE('',#8115,#3879);
#3236=LINE('',#8117,#3880);
#3237=LINE('',#8119,#3881);
#3238=LINE('',#8123,#3882);
#3239=LINE('',#8124,#3883);
#3240=LINE('',#8133,#3884);
#3241=LINE('',#8142,#3885);
#3242=LINE('',#8144,#3886);
#3243=LINE('',#8147,#3887);
#3244=LINE('',#8148,#3888);
#3245=LINE('',#8150,#3889);
#3246=LINE('',#8152,#3890);
#3247=LINE('',#8171,#3891);
#3248=LINE('',#8174,#3892);
#3249=LINE('',#8176,#3893);
#3250=LINE('',#8178,#3894);
#3251=LINE('',#8179,#3895);
#3252=LINE('',#8181,#3896);
#3253=LINE('',#8183,#3897);
#3254=LINE('',#8185,#3898);
#3255=LINE('',#8187,#3899);
#3256=LINE('',#8188,#3900);
#3257=LINE('',#8190,#3901);
#3258=LINE('',#8192,#3902);
#3259=LINE('',#8194,#3903);
#3260=LINE('',#8196,#3904);
#3261=LINE('',#8198,#3905);
#3262=LINE('',#8200,#3906);
#3263=LINE('',#8202,#3907);
#3264=LINE('',#8204,#3908);
#3265=LINE('',#8206,#3909);
#3266=LINE('',#8208,#3910);
#3267=LINE('',#8210,#3911);
#3268=LINE('',#8212,#3912);
#3269=LINE('',#8214,#3913);
#3270=LINE('',#8216,#3914);
#3271=LINE('',#8218,#3915);
#3272=LINE('',#8220,#3916);
#3273=LINE('',#8223,#3917);
#3274=LINE('',#8225,#3918);
#3275=LINE('',#8227,#3919);
#3276=LINE('',#8229,#3920);
#3277=LINE('',#8230,#3921);
#3278=LINE('',#8232,#3922);
#3279=LINE('',#8234,#3923);
#3280=LINE('',#8236,#3924);
#3281=LINE('',#8238,#3925);
#3282=LINE('',#8239,#3926);
#3283=LINE('',#8241,#3927);
#3284=LINE('',#8243,#3928);
#3285=LINE('',#8244,#3929);
#3286=LINE('',#8246,#3930);
#3287=LINE('',#8247,#3931);
#3288=LINE('',#8249,#3932);
#3289=LINE('',#8251,#3933);
#3290=LINE('',#8253,#3934);
#3291=LINE('',#8256,#3935);
#3292=LINE('',#8258,#3936);
#3293=LINE('',#8263,#3937);
#3294=LINE('',#8270,#3938);
#3295=LINE('',#8286,#3939);
#3296=LINE('',#8288,#3940);
#3297=LINE('',#8290,#3941);
#3298=LINE('',#8292,#3942);
#3299=LINE('',#8294,#3943);
#3300=LINE('',#8296,#3944);
#3301=LINE('',#8298,#3945);
#3302=LINE('',#8300,#3946);
#3303=LINE('',#8302,#3947);
#3304=LINE('',#8304,#3948);
#3305=LINE('',#8306,#3949);
#3306=LINE('',#8308,#3950);
#3307=LINE('',#8310,#3951);
#3308=LINE('',#8313,#3952);
#3309=LINE('',#8315,#3953);
#3310=LINE('',#8317,#3954);
#3311=LINE('',#8319,#3955);
#3312=LINE('',#8321,#3956);
#3313=LINE('',#8323,#3957);
#3314=LINE('',#8325,#3958);
#3315=LINE('',#8327,#3959);
#3316=LINE('',#8328,#3960);
#3317=LINE('',#8329,#3961);
#3318=LINE('',#8331,#3962);
#3319=LINE('',#8332,#3963);
#3320=LINE('',#8334,#3964);
#3321=LINE('',#8344,#3965);
#3322=LINE('',#8347,#3966);
#3323=LINE('',#8349,#3967);
#3324=LINE('',#8351,#3968);
#3325=VECTOR('',#5369,1.);
#3326=VECTOR('',#5370,1.);
#3327=VECTOR('',#5371,1.);
#3328=VECTOR('',#5372,1.);
#3329=VECTOR('',#5373,1.);
#3330=VECTOR('',#5376,1.);
#3331=VECTOR('',#5377,1.);
#3332=VECTOR('',#5378,1.);
#3333=VECTOR('',#5381,1.);
#3334=VECTOR('',#5382,1.);
#3335=VECTOR('',#5385,1.);
#3336=VECTOR('',#5386,1.);
#3337=VECTOR('',#5387,1.);
#3338=VECTOR('',#5388,1.);
#3339=VECTOR('',#5391,1.);
#3340=VECTOR('',#5392,1.);
#3341=VECTOR('',#5393,1.);
#3342=VECTOR('',#5394,1.);
#3343=VECTOR('',#5395,1.);
#3344=VECTOR('',#5396,1.);
#3345=VECTOR('',#5397,1.);
#3346=VECTOR('',#5398,1.);
#3347=VECTOR('',#5403,1.);
#3348=VECTOR('',#5404,1.);
#3349=VECTOR('',#5405,1.);
#3350=VECTOR('',#5410,1.);
#3351=VECTOR('',#5411,1.);
#3352=VECTOR('',#5414,1.);
#3353=VECTOR('',#5415,1.);
#3354=VECTOR('',#5416,1.);
#3355=VECTOR('',#5417,1.);
#3356=VECTOR('',#5418,1.);
#3357=VECTOR('',#5419,1.);
#3358=VECTOR('',#5420,1.);
#3359=VECTOR('',#5421,1.);
#3360=VECTOR('',#5422,1.);
#3361=VECTOR('',#5425,1.);
#3362=VECTOR('',#5426,1.);
#3363=VECTOR('',#5427,1.);
#3364=VECTOR('',#5428,1.);
#3365=VECTOR('',#5429,1.);
#3366=VECTOR('',#5432,1.);
#3367=VECTOR('',#5433,1.);
#3368=VECTOR('',#5434,1.);
#3369=VECTOR('',#5435,1.);
#3370=VECTOR('',#5436,1.);
#3371=VECTOR('',#5437,1.);
#3372=VECTOR('',#5440,1.);
#3373=VECTOR('',#5441,1.);
#3374=VECTOR('',#5442,1.);
#3375=VECTOR('',#5443,1.);
#3376=VECTOR('',#5446,1.);
#3377=VECTOR('',#5447,1.);
#3378=VECTOR('',#5448,1.);
#3379=VECTOR('',#5449,1.);
#3380=VECTOR('',#5452,1.);
#3381=VECTOR('',#5453,1.);
#3382=VECTOR('',#5454,1.);
#3383=VECTOR('',#5455,1.);
#3384=VECTOR('',#5458,1.);
#3385=VECTOR('',#5459,1.);
#3386=VECTOR('',#5462,1.);
#3387=VECTOR('',#5463,1.);
#3388=VECTOR('',#5464,1.);
#3389=VECTOR('',#5467,1.);
#3390=VECTOR('',#5468,1.);
#3391=VECTOR('',#5469,1.);
#3392=VECTOR('',#5472,1.);
#3393=VECTOR('',#5473,1.);
#3394=VECTOR('',#5474,1.);
#3395=VECTOR('',#5475,1.);
#3396=VECTOR('',#5478,1.);
#3397=VECTOR('',#5479,1.);
#3398=VECTOR('',#5482,1.);
#3399=VECTOR('',#5483,1.);
#3400=VECTOR('',#5484,1.);
#3401=VECTOR('',#5485,1.);
#3402=VECTOR('',#5486,1.);
#3403=VECTOR('',#5489,1.);
#3404=VECTOR('',#5490,1.);
#3405=VECTOR('',#5493,1.);
#3406=VECTOR('',#5494,1.);
#3407=VECTOR('',#5495,1.);
#3408=VECTOR('',#5496,1.);
#3409=VECTOR('',#5497,1.);
#3410=VECTOR('',#5498,1.);
#3411=VECTOR('',#5501,1.);
#3412=VECTOR('',#5502,1.);
#3413=VECTOR('',#5503,1.);
#3414=VECTOR('',#5506,1.);
#3415=VECTOR('',#5507,1.);
#3416=VECTOR('',#5508,1.);
#3417=VECTOR('',#5509,1.);
#3418=VECTOR('',#5510,1.);
#3419=VECTOR('',#5511,1.);
#3420=VECTOR('',#5514,1.);
#3421=VECTOR('',#5515,1.);
#3422=VECTOR('',#5516,1.);
#3423=VECTOR('',#5519,1.);
#3424=VECTOR('',#5520,1.);
#3425=VECTOR('',#5521,1.);
#3426=VECTOR('',#5522,1.);
#3427=VECTOR('',#5525,1.);
#3428=VECTOR('',#5528,1.);
#3429=VECTOR('',#5529,1.);
#3430=VECTOR('',#5530,1.);
#3431=VECTOR('',#5531,1.);
#3432=VECTOR('',#5532,1.);
#3433=VECTOR('',#5533,1.);
#3434=VECTOR('',#5534,1.);
#3435=VECTOR('',#5535,1.);
#3436=VECTOR('',#5538,1.);
#3437=VECTOR('',#5539,1.);
#3438=VECTOR('',#5540,1.);
#3439=VECTOR('',#5541,1.);
#3440=VECTOR('',#5544,1.);
#3441=VECTOR('',#5545,1.);
#3442=VECTOR('',#5546,1.);
#3443=VECTOR('',#5547,1.);
#3444=VECTOR('',#5548,1.);
#3445=VECTOR('',#5551,1.);
#3446=VECTOR('',#5552,1.);
#3447=VECTOR('',#5553,1.);
#3448=VECTOR('',#5554,1.);
#3449=VECTOR('',#5557,1.);
#3450=VECTOR('',#5558,1.);
#3451=VECTOR('',#5559,1.);
#3452=VECTOR('',#5560,1.);
#3453=VECTOR('',#5561,1.);
#3454=VECTOR('',#5562,1.);
#3455=VECTOR('',#5565,1.);
#3456=VECTOR('',#5566,1.);
#3457=VECTOR('',#5567,1.);
#3458=VECTOR('',#5568,1.);
#3459=VECTOR('',#5569,1.);
#3460=VECTOR('',#5572,1.);
#3461=VECTOR('',#5573,1.);
#3462=VECTOR('',#5574,1.);
#3463=VECTOR('',#5575,1.);
#3464=VECTOR('',#5578,1.);
#3465=VECTOR('',#5579,1.);
#3466=VECTOR('',#5580,1.);
#3467=VECTOR('',#5581,1.);
#3468=VECTOR('',#5582,1.);
#3469=VECTOR('',#5583,1.);
#3470=VECTOR('',#5584,1.);
#3471=VECTOR('',#5585,1.);
#3472=VECTOR('',#5588,1.);
#3473=VECTOR('',#5589,1.);
#3474=VECTOR('',#5590,1.);
#3475=VECTOR('',#5591,1.);
#3476=VECTOR('',#5594,1.);
#3477=VECTOR('',#5595,1.);
#3478=VECTOR('',#5596,1.);
#3479=VECTOR('',#5597,1.);
#3480=VECTOR('',#5598,1.);
#3481=VECTOR('',#5599,1.);
#3482=VECTOR('',#5600,1.);
#3483=VECTOR('',#5601,1.);
#3484=VECTOR('',#5602,1.);
#3485=VECTOR('',#5603,1.);
#3486=VECTOR('',#5604,1.);
#3487=VECTOR('',#5605,1.);
#3488=VECTOR('',#5606,1.);
#3489=VECTOR('',#5607,1.);
#3490=VECTOR('',#5608,1.);
#3491=VECTOR('',#5609,1.);
#3492=VECTOR('',#5610,1.);
#3493=VECTOR('',#5611,1.);
#3494=VECTOR('',#5612,1.);
#3495=VECTOR('',#5613,1.);
#3496=VECTOR('',#5614,1.);
#3497=VECTOR('',#5617,1.);
#3498=VECTOR('',#5618,1.);
#3499=VECTOR('',#5619,1.);
#3500=VECTOR('',#5620,1.);
#3501=VECTOR('',#5625,1.);
#3502=VECTOR('',#5626,1.);
#3503=VECTOR('',#5627,1.);
#3504=VECTOR('',#5628,1.);
#3505=VECTOR('',#5629,1.);
#3506=VECTOR('',#5630,1.);
#3507=VECTOR('',#5631,1.);
#3508=VECTOR('',#5632,1.);
#3509=VECTOR('',#5633,1.);
#3510=VECTOR('',#5634,1.);
#3511=VECTOR('',#5637,1.);
#3512=VECTOR('',#5638,1.);
#3513=VECTOR('',#5639,1.);
#3514=VECTOR('',#5640,1.);
#3515=VECTOR('',#5641,1.);
#3516=VECTOR('',#5642,1.);
#3517=VECTOR('',#5645,1.);
#3518=VECTOR('',#5646,1.);
#3519=VECTOR('',#5647,1.);
#3520=VECTOR('',#5650,1.);
#3521=VECTOR('',#5653,1.);
#3522=VECTOR('',#5654,1.);
#3523=VECTOR('',#5655,1.);
#3524=VECTOR('',#5656,1.);
#3525=VECTOR('',#5657,1.);
#3526=VECTOR('',#5660,1.);
#3527=VECTOR('',#5661,1.);
#3528=VECTOR('',#5662,1.);
#3529=VECTOR('',#5663,1.);
#3530=VECTOR('',#5664,1.);
#3531=VECTOR('',#5667,1.);
#3532=VECTOR('',#5670,1.);
#3533=VECTOR('',#5671,1.);
#3534=VECTOR('',#5672,1.);
#3535=VECTOR('',#5673,1.);
#3536=VECTOR('',#5676,1.);
#3537=VECTOR('',#5677,1.);
#3538=VECTOR('',#5678,1.);
#3539=VECTOR('',#5679,1.);
#3540=VECTOR('',#5682,1.);
#3541=VECTOR('',#5683,1.);
#3542=VECTOR('',#5684,1.);
#3543=VECTOR('',#5685,1.);
#3544=VECTOR('',#5688,1.);
#3545=VECTOR('',#5689,1.);
#3546=VECTOR('',#5690,1.);
#3547=VECTOR('',#5693,1.);
#3548=VECTOR('',#5694,1.);
#3549=VECTOR('',#5695,1.);
#3550=VECTOR('',#5696,1.);
#3551=VECTOR('',#5699,1.);
#3552=VECTOR('',#5700,1.);
#3553=VECTOR('',#5701,1.);
#3554=VECTOR('',#5702,1.);
#3555=VECTOR('',#5703,1.);
#3556=VECTOR('',#5706,1.);
#3557=VECTOR('',#5707,1.);
#3558=VECTOR('',#5708,1.);
#3559=VECTOR('',#5711,1.);
#3560=VECTOR('',#5716,1.);
#3561=VECTOR('',#5717,1.);
#3562=VECTOR('',#5718,1.);
#3563=VECTOR('',#5719,1.);
#3564=VECTOR('',#5720,1.);
#3565=VECTOR('',#5721,1.);
#3566=VECTOR('',#5722,1.);
#3567=VECTOR('',#5723,1.);
#3568=VECTOR('',#5726,1.);
#3569=VECTOR('',#5727,1.);
#3570=VECTOR('',#5728,1.);
#3571=VECTOR('',#5729,1.);
#3572=VECTOR('',#5730,1.);
#3573=VECTOR('',#5733,1.);
#3574=VECTOR('',#5736,1.);
#3575=VECTOR('',#5737,1.);
#3576=VECTOR('',#5738,1.);
#3577=VECTOR('',#5739,1.);
#3578=VECTOR('',#5742,1.);
#3579=VECTOR('',#5743,1.);
#3580=VECTOR('',#5744,1.);
#3581=VECTOR('',#5745,1.);
#3582=VECTOR('',#5746,1.);
#3583=VECTOR('',#5749,1.);
#3584=VECTOR('',#5750,1.);
#3585=VECTOR('',#5751,1.);
#3586=VECTOR('',#5752,1.);
#3587=VECTOR('',#5755,1.);
#3588=VECTOR('',#5756,1.);
#3589=VECTOR('',#5757,1.);
#3590=VECTOR('',#5758,1.);
#3591=VECTOR('',#5761,1.);
#3592=VECTOR('',#5762,1.);
#3593=VECTOR('',#5763,1.);
#3594=VECTOR('',#5764,1.);
#3595=VECTOR('',#5767,1.);
#3596=VECTOR('',#5768,1.);
#3597=VECTOR('',#5769,1.);
#3598=VECTOR('',#5770,1.);
#3599=VECTOR('',#5773,1.);
#3600=VECTOR('',#5774,1.);
#3601=VECTOR('',#5775,1.);
#3602=VECTOR('',#5776,1.);
#3603=VECTOR('',#5777,1.);
#3604=VECTOR('',#5778,1.);
#3605=VECTOR('',#5779,1.);
#3606=VECTOR('',#5782,1.);
#3607=VECTOR('',#5783,1.);
#3608=VECTOR('',#5784,1.);
#3609=VECTOR('',#5785,1.);
#3610=VECTOR('',#5786,1.);
#3611=VECTOR('',#5787,1.);
#3612=VECTOR('',#5788,1.);
#3613=VECTOR('',#5789,1.);
#3614=VECTOR('',#5790,1.);
#3615=VECTOR('',#5791,1.);
#3616=VECTOR('',#5792,1.);
#3617=VECTOR('',#5793,1.);
#3618=VECTOR('',#5794,1.);
#3619=VECTOR('',#5795,1.);
#3620=VECTOR('',#5798,1.);
#3621=VECTOR('',#5799,1.);
#3622=VECTOR('',#5800,1.);
#3623=VECTOR('',#5801,1.);
#3624=VECTOR('',#5802,1.);
#3625=VECTOR('',#5803,1.);
#3626=VECTOR('',#5804,1.);
#3627=VECTOR('',#5805,1.);
#3628=VECTOR('',#5806,1.);
#3629=VECTOR('',#5809,1.);
#3630=VECTOR('',#5810,1.);
#3631=VECTOR('',#5813,1.);
#3632=VECTOR('',#5814,1.);
#3633=VECTOR('',#5815,1.);
#3634=VECTOR('',#5818,1.);
#3635=VECTOR('',#5821,1.);
#3636=VECTOR('',#5822,1.);
#3637=VECTOR('',#5825,1.);
#3638=VECTOR('',#5826,1.);
#3639=VECTOR('',#5827,1.);
#3640=VECTOR('',#5828,1.);
#3641=VECTOR('',#5831,1.);
#3642=VECTOR('',#5832,1.);
#3643=VECTOR('',#5835,1.);
#3644=VECTOR('',#5836,1.);
#3645=VECTOR('',#5837,1.);
#3646=VECTOR('',#5840,1.);
#3647=VECTOR('',#5841,1.);
#3648=VECTOR('',#5842,1.);
#3649=VECTOR('',#5845,1.);
#3650=VECTOR('',#5846,1.);
#3651=VECTOR('',#5847,1.);
#3652=VECTOR('',#5848,1.);
#3653=VECTOR('',#5849,1.);
#3654=VECTOR('',#5852,1.);
#3655=VECTOR('',#5855,1.);
#3656=VECTOR('',#5856,1.);
#3657=VECTOR('',#5857,1.);
#3658=VECTOR('',#5858,1.);
#3659=VECTOR('',#5861,1.);
#3660=VECTOR('',#5862,1.);
#3661=VECTOR('',#5865,1.);
#3662=VECTOR('',#5866,1.);
#3663=VECTOR('',#5867,1.);
#3664=VECTOR('',#5868,1.);
#3665=VECTOR('',#5869,1.);
#3666=VECTOR('',#5870,1.);
#3667=VECTOR('',#5871,1.);
#3668=VECTOR('',#5872,1.);
#3669=VECTOR('',#5873,1.);
#3670=VECTOR('',#5874,1.);
#3671=VECTOR('',#5879,1.);
#3672=VECTOR('',#5880,1.);
#3673=VECTOR('',#5881,1.);
#3674=VECTOR('',#5882,1.);
#3675=VECTOR('',#5885,1.);
#3676=VECTOR('',#5888,1.);
#3677=VECTOR('',#5889,1.);
#3678=VECTOR('',#5890,1.);
#3679=VECTOR('',#5891,1.);
#3680=VECTOR('',#5892,1.);
#3681=VECTOR('',#5893,1.);
#3682=VECTOR('',#5894,1.);
#3683=VECTOR('',#5895,1.);
#3684=VECTOR('',#5896,1.);
#3685=VECTOR('',#5897,1.);
#3686=VECTOR('',#5898,1.);
#3687=VECTOR('',#5899,1.);
#3688=VECTOR('',#5900,1.);
#3689=VECTOR('',#5901,1.);
#3690=VECTOR('',#5902,1.);
#3691=VECTOR('',#5903,1.);
#3692=VECTOR('',#5904,1.);
#3693=VECTOR('',#5905,1.);
#3694=VECTOR('',#5906,1.);
#3695=VECTOR('',#5907,1.);
#3696=VECTOR('',#5908,1.);
#3697=VECTOR('',#5909,1.);
#3698=VECTOR('',#5910,1.);
#3699=VECTOR('',#5911,1.);
#3700=VECTOR('',#5912,1.);
#3701=VECTOR('',#5913,1.);
#3702=VECTOR('',#5914,1.);
#3703=VECTOR('',#5915,1.);
#3704=VECTOR('',#5916,1.);
#3705=VECTOR('',#5919,1.);
#3706=VECTOR('',#5920,1.);
#3707=VECTOR('',#5921,1.);
#3708=VECTOR('',#5924,1.);
#3709=VECTOR('',#5927,1.);
#3710=VECTOR('',#5932,1.);
#3711=VECTOR('',#5933,1.);
#3712=VECTOR('',#5934,1.);
#3713=VECTOR('',#5935,1.);
#3714=VECTOR('',#5936,1.);
#3715=VECTOR('',#5937,1.);
#3716=VECTOR('',#5938,1.);
#3717=VECTOR('',#5939,1.);
#3718=VECTOR('',#5940,1.);
#3719=VECTOR('',#5941,1.);
#3720=VECTOR('',#5942,1.);
#3721=VECTOR('',#5943,1.);
#3722=VECTOR('',#5944,1.);
#3723=VECTOR('',#5945,1.);
#3724=VECTOR('',#5946,1.);
#3725=VECTOR('',#5947,1.);
#3726=VECTOR('',#5948,1.);
#3727=VECTOR('',#5949,1.);
#3728=VECTOR('',#5950,1.);
#3729=VECTOR('',#5951,1.);
#3730=VECTOR('',#5952,1.);
#3731=VECTOR('',#5953,1.);
#3732=VECTOR('',#5954,1.);
#3733=VECTOR('',#5955,1.);
#3734=VECTOR('',#5956,1.);
#3735=VECTOR('',#5957,1.);
#3736=VECTOR('',#5960,1.);
#3737=VECTOR('',#5961,1.);
#3738=VECTOR('',#5962,1.);
#3739=VECTOR('',#5963,1.);
#3740=VECTOR('',#5966,1.);
#3741=VECTOR('',#5967,1.);
#3742=VECTOR('',#5968,1.);
#3743=VECTOR('',#5971,1.);
#3744=VECTOR('',#5972,1.);
#3745=VECTOR('',#5977,1.);
#3746=VECTOR('',#5978,1.);
#3747=VECTOR('',#5981,1.);
#3748=VECTOR('',#5984,1.);
#3749=VECTOR('',#5987,1.);
#3750=VECTOR('',#5992,1.);
#3751=VECTOR('',#5995,1.);
#3752=VECTOR('',#6000,1.);
#3753=VECTOR('',#6003,1.);
#3754=VECTOR('',#6008,1.);
#3755=VECTOR('',#6009,1.);
#3756=VECTOR('',#6010,1.);
#3757=VECTOR('',#6011,1.);
#3758=VECTOR('',#6012,1.);
#3759=VECTOR('',#6013,1.);
#3760=VECTOR('',#6014,1.);
#3761=VECTOR('',#6015,1.);
#3762=VECTOR('',#6016,1.);
#3763=VECTOR('',#6017,1.);
#3764=VECTOR('',#6018,1.);
#3765=VECTOR('',#6021,1.);
#3766=VECTOR('',#6024,1.);
#3767=VECTOR('',#6027,1.);
#3768=VECTOR('',#6028,1.);
#3769=VECTOR('',#6029,1.);
#3770=VECTOR('',#6030,1.);
#3771=VECTOR('',#6031,1.);
#3772=VECTOR('',#6032,1.);
#3773=VECTOR('',#6033,1.);
#3774=VECTOR('',#6034,1.);
#3775=VECTOR('',#6035,1.);
#3776=VECTOR('',#6036,1.);
#3777=VECTOR('',#6037,1.);
#3778=VECTOR('',#6038,1.);
#3779=VECTOR('',#6039,1.);
#3780=VECTOR('',#6040,1.);
#3781=VECTOR('',#6043,1.);
#3782=VECTOR('',#6046,1.);
#3783=VECTOR('',#6049,1.);
#3784=VECTOR('',#6050,1.);
#3785=VECTOR('',#6053,1.);
#3786=VECTOR('',#6058,1.);
#3787=VECTOR('',#6063,1.);
#3788=VECTOR('',#6068,1.);
#3789=VECTOR('',#6073,1.);
#3790=VECTOR('',#6074,1.);
#3791=VECTOR('',#6077,1.);
#3792=VECTOR('',#6080,1.);
#3793=VECTOR('',#6083,1.);
#3794=VECTOR('',#6084,1.);
#3795=VECTOR('',#6087,1.);
#3796=VECTOR('',#6092,1.);
#3797=VECTOR('',#6097,1.);
#3798=VECTOR('',#6102,1.);
#3799=VECTOR('',#6107,1.);
#3800=VECTOR('',#6108,1.);
#3801=VECTOR('',#6109,1.);
#3802=VECTOR('',#6112,1.);
#3803=VECTOR('',#6113,1.);
#3804=VECTOR('',#6114,1.);
#3805=VECTOR('',#6115,1.);
#3806=VECTOR('',#6116,1.);
#3807=VECTOR('',#6117,1.);
#3808=VECTOR('',#6122,1.);
#3809=VECTOR('',#6127,1.);
#3810=VECTOR('',#6128,1.);
#3811=VECTOR('',#6129,1.);
#3812=VECTOR('',#6130,1.);
#3813=VECTOR('',#6131,1.);
#3814=VECTOR('',#6136,1.);
#3815=VECTOR('',#6137,1.);
#3816=VECTOR('',#6138,1.);
#3817=VECTOR('',#6139,1.);
#3818=VECTOR('',#6140,1.);
#3819=VECTOR('',#6143,1.);
#3820=VECTOR('',#6144,1.);
#3821=VECTOR('',#6145,1.);
#3822=VECTOR('',#6146,1.);
#3823=VECTOR('',#6147,1.);
#3824=VECTOR('',#6148,1.);
#3825=VECTOR('',#6149,1.);
#3826=VECTOR('',#6150,1.);
#3827=VECTOR('',#6151,1.);
#3828=VECTOR('',#6152,1.);
#3829=VECTOR('',#6153,1.);
#3830=VECTOR('',#6154,1.);
#3831=VECTOR('',#6155,1.);
#3832=VECTOR('',#6158,1.);
#3833=VECTOR('',#6161,1.);
#3834=VECTOR('',#6166,1.);
#3835=VECTOR('',#6169,1.);
#3836=VECTOR('',#6172,1.);
#3837=VECTOR('',#6181,1.);
#3838=VECTOR('',#6184,1.);
#3839=VECTOR('',#6187,1.);
#3840=VECTOR('',#6190,1.);
#3841=VECTOR('',#6193,1.);
#3842=VECTOR('',#6194,1.);
#3843=VECTOR('',#6195,1.);
#3844=VECTOR('',#6196,1.);
#3845=VECTOR('',#6211,1.);
#3846=VECTOR('',#6212,1.);
#3847=VECTOR('',#6213,1.);
#3848=VECTOR('',#6216,1.);
#3849=VECTOR('',#6219,1.);
#3850=VECTOR('',#6222,1.);
#3851=VECTOR('',#6223,1.);
#3852=VECTOR('',#6224,1.);
#3853=VECTOR('',#6227,1.);
#3854=VECTOR('',#6230,1.);
#3855=VECTOR('',#6233,1.);
#3856=VECTOR('',#6238,1.);
#3857=VECTOR('',#6243,1.);
#3858=VECTOR('',#6246,1.);
#3859=VECTOR('',#6249,1.);
#3860=VECTOR('',#6252,1.);
#3861=VECTOR('',#6253,1.);
#3862=VECTOR('',#6256,1.);
#3863=VECTOR('',#6261,1.);
#3864=VECTOR('',#6266,1.);
#3865=VECTOR('',#6277,1.);
#3866=VECTOR('',#6278,1.);
#3867=VECTOR('',#6281,1.);
#3868=VECTOR('',#6282,1.);
#3869=VECTOR('',#6287,1.);
#3870=VECTOR('',#6290,1.);
#3871=VECTOR('',#6293,1.);
#3872=VECTOR('',#6294,1.);
#3873=VECTOR('',#6295,1.);
#3874=VECTOR('',#6296,1.);
#3875=VECTOR('',#6299,1.);
#3876=VECTOR('',#6302,1.);
#3877=VECTOR('',#6303,1.);
#3878=VECTOR('',#6304,1.);
#3879=VECTOR('',#6305,1.);
#3880=VECTOR('',#6308,1.);
#3881=VECTOR('',#6311,1.);
#3882=VECTOR('',#6318,1.);
#3883=VECTOR('',#6319,1.);
#3884=VECTOR('',#6320,1.);
#3885=VECTOR('',#6321,1.);
#3886=VECTOR('',#6324,1.);
#3887=VECTOR('',#6329,1.);
#3888=VECTOR('',#6330,1.);
#3889=VECTOR('',#6333,1.);
#3890=VECTOR('',#6336,1.);
#3891=VECTOR('',#6357,1.);
#3892=VECTOR('',#6358,1.);
#3893=VECTOR('',#6359,1.);
#3894=VECTOR('',#6360,1.);
#3895=VECTOR('',#6361,1.);
#3896=VECTOR('',#6362,1.);
#3897=VECTOR('',#6363,1.);
#3898=VECTOR('',#6364,1.);
#3899=VECTOR('',#6367,1.);
#3900=VECTOR('',#6368,1.);
#3901=VECTOR('',#6369,1.);
#3902=VECTOR('',#6370,1.);
#3903=VECTOR('',#6371,1.);
#3904=VECTOR('',#6372,1.);
#3905=VECTOR('',#6373,1.);
#3906=VECTOR('',#6374,1.);
#3907=VECTOR('',#6375,1.);
#3908=VECTOR('',#6378,1.);
#3909=VECTOR('',#6379,1.);
#3910=VECTOR('',#6380,1.);
#3911=VECTOR('',#6381,1.);
#3912=VECTOR('',#6384,1.);
#3913=VECTOR('',#6385,1.);
#3914=VECTOR('',#6386,1.);
#3915=VECTOR('',#6389,1.);
#3916=VECTOR('',#6392,1.);
#3917=VECTOR('',#6393,1.);
#3918=VECTOR('',#6394,1.);
#3919=VECTOR('',#6395,1.);
#3920=VECTOR('',#6396,1.);
#3921=VECTOR('',#6397,1.);
#3922=VECTOR('',#6398,1.);
#3923=VECTOR('',#6401,1.);
#3924=VECTOR('',#6402,1.);
#3925=VECTOR('',#6403,1.);
#3926=VECTOR('',#6404,1.);
#3927=VECTOR('',#6405,1.);
#3928=VECTOR('',#6408,1.);
#3929=VECTOR('',#6409,1.);
#3930=VECTOR('',#6410,1.);
#3931=VECTOR('',#6411,1.);
#3932=VECTOR('',#6414,1.);
#3933=VECTOR('',#6415,1.);
#3934=VECTOR('',#6416,1.);
#3935=VECTOR('',#6421,1.);
#3936=VECTOR('',#6424,1.);
#3937=VECTOR('',#6429,1.);
#3938=VECTOR('',#6438,1.);
#3939=VECTOR('',#6461,1.);
#3940=VECTOR('',#6462,1.);
#3941=VECTOR('',#6463,1.);
#3942=VECTOR('',#6466,1.);
#3943=VECTOR('',#6467,1.);
#3944=VECTOR('',#6470,1.);
#3945=VECTOR('',#6471,1.);
#3946=VECTOR('',#6472,1.);
#3947=VECTOR('',#6475,1.);
#3948=VECTOR('',#6478,1.);
#3949=VECTOR('',#6481,1.);
#3950=VECTOR('',#6482,1.);
#3951=VECTOR('',#6485,1.);
#3952=VECTOR('',#6486,1.);
#3953=VECTOR('',#6487,1.);
#3954=VECTOR('',#6488,1.);
#3955=VECTOR('',#6491,1.);
#3956=VECTOR('',#6492,1.);
#3957=VECTOR('',#6495,1.);
#3958=VECTOR('',#6496,1.);
#3959=VECTOR('',#6499,1.);
#3960=VECTOR('',#6500,1.);
#3961=VECTOR('',#6501,1.);
#3962=VECTOR('',#6504,1.);
#3963=VECTOR('',#6505,1.);
#3964=VECTOR('',#6508,1.);
#3965=VECTOR('',#6519,1.);
#3966=VECTOR('',#6524,1.);
#3967=VECTOR('',#6525,1.);
#3968=VECTOR('',#6526,1.);
#3969=EDGE_LOOP('',(#100,#101,#102,#103,#104));
#3970=EDGE_LOOP('',(#105,#106,#107));
#3971=EDGE_LOOP('',(#108,#109,#110,#111));
#3972=EDGE_LOOP('',(#112,#113,#114,#115));
#3973=EDGE_LOOP('',(#116,#117,#118,#119,#120,#121,#122,#123,#124));
#3974=EDGE_LOOP('',(#125));
#3975=EDGE_LOOP('',(#126,#127,#128,#129));
#3976=EDGE_LOOP('',(#130));
#3977=EDGE_LOOP('',(#131,#132,#133,#134,#135));
#3978=EDGE_LOOP('',(#136,#137,#138,#139,#140,#141,#142,#143,#144,#145));
#3979=EDGE_LOOP('',(#146,#147,#148));
#3980=EDGE_LOOP('',(#149,#150,#151,#152,#153,#154));
#3981=EDGE_LOOP('',(#155,#156,#157,#158,#159,#160,#161));
#3982=EDGE_LOOP('',(#162,#163,#164,#165));
#3983=EDGE_LOOP('',(#166,#167,#168,#169));
#3984=EDGE_LOOP('',(#170,#171,#172,#173));
#3985=EDGE_LOOP('',(#174,#175,#176));
#3986=EDGE_LOOP('',(#177,#178,#179));
#3987=EDGE_LOOP('',(#180,#181,#182,#183));
#3988=EDGE_LOOP('',(#184,#185,#186,#187,#188,#189,#190));
#3989=EDGE_LOOP('',(#191,#192,#193,#194,#195,#196));
#3990=EDGE_LOOP('',(#197,#198,#199,#200,#201,#202,#203,#204));
#3991=EDGE_LOOP('',(#205,#206,#207,#208));
#3992=EDGE_LOOP('',(#209,#210,#211,#212,#213,#214,#215,#216,#217,#218,#219));
#3993=EDGE_LOOP('',(#220,#221,#222,#223));
#3994=EDGE_LOOP('',(#224,#225,#226,#227,#228,#229,#230,#231,#232,#233));
#3995=EDGE_LOOP('',(#234,#235,#236,#237,#238,#239,#240,#241));
#3996=EDGE_LOOP('',(#242,#243,#244,#245,#246,#247,#248,#249,#250));
#3997=EDGE_LOOP('',(#251,#252,#253,#254));
#3998=EDGE_LOOP('',(#255,#256,#257,#258,#259,#260,#261,#262));
#3999=EDGE_LOOP('',(#263,#264,#265,#266,#267,#268));
#4000=EDGE_LOOP('',(#269,#270,#271,#272,#273,#274,#275,#276));
#4001=EDGE_LOOP('',(#277,#278,#279,#280));
#4002=EDGE_LOOP('',(#281,#282,#283,#284,#285,#286));
#4003=EDGE_LOOP('',(#287,#288,#289,#290,#291));
#4004=EDGE_LOOP('',(#292,#293,#294,#295));
#4005=EDGE_LOOP('',(#296,#297,#298,#299,#300,#301,#302,#303,#304,#305,#306,
#307,#308));
#4006=EDGE_LOOP('',(#309,#310,#311,#312));
#4007=EDGE_LOOP('',(#313,#314,#315,#316,#317,#318,#319,#320));
#4008=EDGE_LOOP('',(#321,#322,#323,#324,#325,#326,#327,#328,#329,#330,#331,
#332,#333,#334,#335,#336));
#4009=EDGE_LOOP('',(#337,#338,#339,#340,#341));
#4010=EDGE_LOOP('',(#342,#343,#344,#345,#346));
#4011=EDGE_LOOP('',(#347,#348,#349,#350,#351));
#4012=EDGE_LOOP('',(#352,#353,#354,#355));
#4013=EDGE_LOOP('',(#356));
#4014=EDGE_LOOP('',(#357,#358,#359,#360,#361,#362,#363,#364,#365,#366,#367,
#368));
#4015=EDGE_LOOP('',(#369,#370,#371,#372,#373,#374,#375,#376));
#4016=EDGE_LOOP('',(#377,#378,#379,#380,#381,#382));
#4017=EDGE_LOOP('',(#383,#384));
#4018=EDGE_LOOP('',(#385,#386,#387,#388,#389,#390));
#4019=EDGE_LOOP('',(#391,#392,#393,#394,#395));
#4020=EDGE_LOOP('',(#396,#397));
#4021=EDGE_LOOP('',(#398,#399,#400,#401,#402));
#4022=EDGE_LOOP('',(#403,#404,#405,#406));
#4023=EDGE_LOOP('',(#407,#408,#409,#410));
#4024=EDGE_LOOP('',(#411,#412,#413,#414));
#4025=EDGE_LOOP('',(#415,#416,#417,#418));
#4026=EDGE_LOOP('',(#419,#420,#421,#422,#423));
#4027=EDGE_LOOP('',(#424,#425,#426,#427));
#4028=EDGE_LOOP('',(#428,#429,#430));
#4029=EDGE_LOOP('',(#431));
#4030=EDGE_LOOP('',(#432,#433,#434,#435,#436,#437,#438,#439,#440,#441));
#4031=EDGE_LOOP('',(#442,#443,#444,#445,#446,#447));
#4032=EDGE_LOOP('',(#448,#449,#450,#451));
#4033=EDGE_LOOP('',(#452,#453,#454,#455));
#4034=EDGE_LOOP('',(#456,#457,#458,#459,#460));
#4035=EDGE_LOOP('',(#461,#462,#463,#464));
#4036=EDGE_LOOP('',(#465,#466,#467,#468));
#4037=EDGE_LOOP('',(#469,#470,#471,#472));
#4038=EDGE_LOOP('',(#473,#474,#475,#476,#477,#478,#479,#480));
#4039=EDGE_LOOP('',(#481,#482,#483,#484,#485,#486,#487,#488,#489,#490,#491));
#4040=EDGE_LOOP('',(#492,#493,#494,#495,#496,#497,#498,#499,#500,#501,#502,
#503,#504,#505,#506,#507,#508,#509));
#4041=EDGE_LOOP('',(#510,#511,#512,#513,#514,#515,#516,#517,#518,#519,#520,
#521));
#4042=EDGE_LOOP('',(#522,#523,#524));
#4043=EDGE_LOOP('',(#525,#526,#527,#528,#529));
#4044=EDGE_LOOP('',(#530,#531,#532,#533));
#4045=EDGE_LOOP('',(#534,#535,#536,#537));
#4046=EDGE_LOOP('',(#538,#539,#540,#541,#542,#543,#544));
#4047=EDGE_LOOP('',(#545,#546,#547,#548));
#4048=EDGE_LOOP('',(#549,#550,#551,#552,#553));
#4049=EDGE_LOOP('',(#554,#555,#556,#557,#558));
#4050=EDGE_LOOP('',(#559,#560,#561,#562,#563,#564,#565,#566));
#4051=EDGE_LOOP('',(#567,#568,#569));
#4052=EDGE_LOOP('',(#570,#571,#572,#573,#574,#575,#576,#577));
#4053=EDGE_LOOP('',(#578,#579,#580,#581));
#4054=EDGE_LOOP('',(#582,#583,#584,#585,#586,#587,#588,#589,#590,#591,#592,
#593,#594,#595,#596,#597));
#4055=EDGE_LOOP('',(#598,#599,#600,#601,#602));
#4056=EDGE_LOOP('',(#603,#604,#605,#606,#607));
#4057=EDGE_LOOP('',(#608,#609,#610));
#4058=EDGE_LOOP('',(#611,#612,#613,#614,#615,#616,#617,#618,#619,#620,#621,
#622,#623,#624,#625,#626,#627,#628,#629,#630,#631,#632,#633,#634,#635,#636,
#637,#638,#639,#640,#641,#642,#643,#644));
#4059=EDGE_LOOP('',(#645,#646,#647,#648));
#4060=EDGE_LOOP('',(#649,#650,#651));
#4061=EDGE_LOOP('',(#652,#653,#654));
#4062=EDGE_LOOP('',(#655,#656,#657,#658));
#4063=EDGE_LOOP('',(#659,#660,#661,#662,#663,#664,#665,#666,#667,#668,#669,
#670,#671,#672,#673,#674,#675,#676,#677,#678,#679,#680,#681,#682,#683,#684,
#685,#686,#687,#688,#689,#690,#691,#692));
#4064=EDGE_LOOP('',(#693,#694,#695,#696,#697,#698,#699,#700,#701,#702,#703,
#704,#705,#706,#707,#708));
#4065=EDGE_LOOP('',(#709,#710,#711,#712,#713,#714));
#4066=EDGE_LOOP('',(#715,#716,#717,#718,#719,#720,#721,#722));
#4067=EDGE_LOOP('',(#723,#724,#725,#726));
#4068=EDGE_LOOP('',(#727,#728,#729,#730));
#4069=EDGE_LOOP('',(#731,#732,#733,#734));
#4070=EDGE_LOOP('',(#735,#736,#737,#738,#739,#740));
#4071=EDGE_LOOP('',(#741,#742,#743,#744));
#4072=EDGE_LOOP('',(#745,#746,#747,#748));
#4073=EDGE_LOOP('',(#749,#750,#751,#752));
#4074=EDGE_LOOP('',(#753,#754,#755,#756));
#4075=EDGE_LOOP('',(#757,#758,#759,#760));
#4076=EDGE_LOOP('',(#761,#762,#763,#764));
#4077=EDGE_LOOP('',(#765,#766,#767,#768));
#4078=EDGE_LOOP('',(#769,#770,#771,#772));
#4079=EDGE_LOOP('',(#773,#774,#775,#776,#777,#778,#779,#780,#781,#782,#783,
#784,#785,#786,#787,#788));
#4080=EDGE_LOOP('',(#789,#790,#791,#792));
#4081=EDGE_LOOP('',(#793,#794,#795,#796));
#4082=EDGE_LOOP('',(#797,#798,#799,#800,#801,#802,#803,#804,#805,#806,#807,
#808,#809,#810,#811,#812));
#4083=EDGE_LOOP('',(#813,#814,#815,#816));
#4084=EDGE_LOOP('',(#817,#818,#819,#820,#821));
#4085=EDGE_LOOP('',(#822,#823,#824,#825));
#4086=EDGE_LOOP('',(#826,#827,#828,#829));
#4087=EDGE_LOOP('',(#830,#831,#832,#833));
#4088=EDGE_LOOP('',(#834,#835,#836,#837));
#4089=EDGE_LOOP('',(#838,#839,#840,#841));
#4090=EDGE_LOOP('',(#842,#843,#844,#845));
#4091=EDGE_LOOP('',(#846,#847,#848,#849));
#4092=EDGE_LOOP('',(#850,#851,#852,#853));
#4093=EDGE_LOOP('',(#854,#855,#856,#857));
#4094=EDGE_LOOP('',(#858,#859,#860,#861));
#4095=EDGE_LOOP('',(#862,#863,#864,#865));
#4096=EDGE_LOOP('',(#866,#867,#868,#869));
#4097=EDGE_LOOP('',(#870,#871,#872,#873));
#4098=EDGE_LOOP('',(#874,#875,#876,#877));
#4099=EDGE_LOOP('',(#878,#879,#880,#881));
#4100=EDGE_LOOP('',(#882,#883,#884,#885));
#4101=EDGE_LOOP('',(#886,#887,#888,#889));
#4102=EDGE_LOOP('',(#890,#891,#892,#893));
#4103=EDGE_LOOP('',(#894,#895,#896,#897));
#4104=EDGE_LOOP('',(#898,#899,#900,#901));
#4105=EDGE_LOOP('',(#902,#903,#904,#905));
#4106=EDGE_LOOP('',(#906,#907,#908,#909,#910,#911,#912,#913,#914,#915));
#4107=EDGE_LOOP('',(#916,#917,#918,#919,#920,#921,#922,#923,#924,#925));
#4108=EDGE_LOOP('',(#926,#927,#928,#929,#930));
#4109=EDGE_LOOP('',(#931,#932,#933,#934,#935));
#4110=EDGE_LOOP('',(#936,#937,#938,#939,#940,#941,#942,#943));
#4111=EDGE_LOOP('',(#944,#945,#946,#947));
#4112=EDGE_LOOP('',(#948,#949,#950,#951,#952,#953,#954));
#4113=EDGE_LOOP('',(#955,#956,#957,#958));
#4114=EDGE_LOOP('',(#959,#960,#961,#962));
#4115=EDGE_LOOP('',(#963));
#4116=EDGE_LOOP('',(#964,#965,#966,#967,#968,#969,#970));
#4117=EDGE_LOOP('',(#971));
#4118=EDGE_LOOP('',(#972,#973,#974,#975,#976,#977,#978));
#4119=EDGE_LOOP('',(#979,#980,#981,#982,#983,#984,#985,#986,#987,#988,#989,
#990,#991,#992,#993,#994));
#4120=EDGE_LOOP('',(#995,#996,#997,#998,#999,#1000,#1001,#1002));
#4121=EDGE_LOOP('',(#1003,#1004,#1005));
#4122=EDGE_LOOP('',(#1006,#1007,#1008,#1009));
#4123=EDGE_LOOP('',(#1010,#1011,#1012,#1013));
#4124=EDGE_LOOP('',(#1014,#1015,#1016));
#4125=EDGE_LOOP('',(#1017,#1018,#1019));
#4126=EDGE_LOOP('',(#1020,#1021,#1022));
#4127=EDGE_LOOP('',(#1023,#1024,#1025,#1026));
#4128=EDGE_LOOP('',(#1027,#1028,#1029,#1030));
#4129=EDGE_LOOP('',(#1031,#1032,#1033,#1034));
#4130=EDGE_LOOP('',(#1035,#1036,#1037));
#4131=EDGE_LOOP('',(#1038,#1039,#1040));
#4132=EDGE_LOOP('',(#1041,#1042,#1043));
#4133=EDGE_LOOP('',(#1044,#1045,#1046));
#4134=EDGE_LOOP('',(#1047,#1048,#1049,#1050,#1051,#1052));
#4135=EDGE_LOOP('',(#1053,#1054,#1055,#1056));
#4136=EDGE_LOOP('',(#1057,#1058,#1059,#1060));
#4137=EDGE_LOOP('',(#1061,#1062,#1063,#1064));
#4138=EDGE_LOOP('',(#1065,#1066,#1067,#1068));
#4139=EDGE_LOOP('',(#1069,#1070,#1071,#1072));
#4140=EDGE_LOOP('',(#1073,#1074,#1075,#1076));
#4141=EDGE_LOOP('',(#1077,#1078,#1079,#1080,#1081,#1082));
#4142=EDGE_LOOP('',(#1083,#1084,#1085,#1086,#1087,#1088));
#4143=EDGE_LOOP('',(#1089,#1090,#1091,#1092));
#4144=EDGE_LOOP('',(#1093,#1094,#1095,#1096,#1097,#1098,#1099));
#4145=EDGE_LOOP('',(#1100,#1101,#1102,#1103,#1104,#1105));
#4146=EDGE_LOOP('',(#1106,#1107,#1108,#1109));
#4147=EDGE_LOOP('',(#1110,#1111,#1112,#1113));
#4148=EDGE_LOOP('',(#1114,#1115,#1116,#1117,#1118));
#4149=EDGE_LOOP('',(#1119,#1120,#1121,#1122));
#4150=EDGE_LOOP('',(#1123));
#4151=EDGE_LOOP('',(#1124));
#4152=EDGE_LOOP('',(#1125,#1126,#1127,#1128));
#4153=EDGE_LOOP('',(#1129,#1130,#1131,#1132,#1133,#1134));
#4154=EDGE_LOOP('',(#1135,#1136,#1137,#1138));
#4155=EDGE_LOOP('',(#1139,#1140,#1141,#1142,#1143,#1144));
#4156=EDGE_LOOP('',(#1145,#1146,#1147,#1148));
#4157=EDGE_LOOP('',(#1149,#1150,#1151,#1152));
#4158=EDGE_LOOP('',(#1153,#1154,#1155,#1156));
#4159=EDGE_LOOP('',(#1157,#1158,#1159,#1160));
#4160=EDGE_LOOP('',(#1161,#1162,#1163,#1164));
#4161=EDGE_LOOP('',(#1165,#1166,#1167,#1168));
#4162=EDGE_LOOP('',(#1169));
#4163=EDGE_LOOP('',(#1170));
#4164=EDGE_LOOP('',(#1171));
#4165=EDGE_LOOP('',(#1172));
#4166=EDGE_LOOP('',(#1173,#1174,#1175,#1176));
#4167=EDGE_LOOP('',(#1177,#1178,#1179,#1180,#1181));
#4168=EDGE_LOOP('',(#1182,#1183,#1184,#1185,#1186));
#4169=EDGE_LOOP('',(#1187,#1188,#1189,#1190));
#4170=EDGE_LOOP('',(#1191,#1192,#1193,#1194,#1195));
#4171=EDGE_LOOP('',(#1196,#1197,#1198,#1199,#1200));
#4172=EDGE_LOOP('',(#1201,#1202,#1203,#1204,#1205,#1206,#1207,#1208));
#4173=EDGE_LOOP('',(#1209,#1210,#1211,#1212));
#4174=EDGE_LOOP('',(#1213,#1214,#1215,#1216,#1217,#1218,#1219,#1220,#1221));
#4175=EDGE_LOOP('',(#1222,#1223,#1224));
#4176=EDGE_LOOP('',(#1225,#1226,#1227,#1228));
#4177=EDGE_LOOP('',(#1229,#1230,#1231,#1232));
#4178=EDGE_LOOP('',(#1233,#1234,#1235,#1236));
#4179=EDGE_LOOP('',(#1237,#1238,#1239,#1240));
#4180=EDGE_LOOP('',(#1241,#1242,#1243,#1244,#1245));
#4181=EDGE_LOOP('',(#1246,#1247,#1248,#1249));
#4182=EDGE_LOOP('',(#1250,#1251,#1252,#1253));
#4183=EDGE_LOOP('',(#1254,#1255,#1256,#1257));
#4184=EDGE_LOOP('',(#1258,#1259,#1260,#1261));
#4185=EDGE_LOOP('',(#1262,#1263,#1264,#1265));
#4186=EDGE_LOOP('',(#1266,#1267,#1268,#1269,#1270));
#4187=EDGE_LOOP('',(#1271,#1272,#1273,#1274));
#4188=EDGE_LOOP('',(#1275));
#4189=EDGE_LOOP('',(#1276));
#4190=EDGE_LOOP('',(#1277));
#4191=EDGE_LOOP('',(#1278));
#4192=EDGE_LOOP('',(#1279));
#4193=EDGE_LOOP('',(#1280));
#4194=EDGE_LOOP('',(#1281));
#4195=EDGE_LOOP('',(#1282));
#4196=EDGE_LOOP('',(#1283,#1284,#1285,#1286));
#4197=EDGE_LOOP('',(#1287,#1288,#1289,#1290,#1291,#1292,#1293));
#4198=EDGE_LOOP('',(#1294,#1295,#1296,#1297,#1298,#1299,#1300,#1301,#1302,
#1303));
#4199=EDGE_LOOP('',(#1304,#1305,#1306,#1307,#1308));
#4200=EDGE_LOOP('',(#1309,#1310,#1311,#1312,#1313,#1314));
#4201=EDGE_LOOP('',(#1315,#1316,#1317,#1318));
#4202=EDGE_LOOP('',(#1319,#1320,#1321,#1322,#1323,#1324,#1325,#1326));
#4203=EDGE_LOOP('',(#1327,#1328,#1329,#1330,#1331,#1332,#1333,#1334));
#4204=EDGE_LOOP('',(#1335,#1336,#1337,#1338,#1339,#1340,#1341));
#4205=EDGE_LOOP('',(#1342,#1343,#1344,#1345,#1346,#1347,#1348,#1349));
#4206=EDGE_LOOP('',(#1350,#1351,#1352,#1353,#1354,#1355,#1356));
#4207=EDGE_LOOP('',(#1357,#1358,#1359,#1360,#1361,#1362,#1363));
#4208=EDGE_LOOP('',(#1364,#1365,#1366,#1367,#1368,#1369));
#4209=EDGE_LOOP('',(#1370,#1371));
#4210=EDGE_LOOP('',(#1372,#1373));
#4211=EDGE_LOOP('',(#1374,#1375));
#4212=EDGE_LOOP('',(#1376,#1377));
#4213=EDGE_LOOP('',(#1378));
#4214=EDGE_LOOP('',(#1379));
#4215=EDGE_LOOP('',(#1380,#1381));
#4216=EDGE_LOOP('',(#1382));
#4217=EDGE_LOOP('',(#1383));
#4218=EDGE_LOOP('',(#1384));
#4219=EDGE_LOOP('',(#1385));
#4220=EDGE_LOOP('',(#1386));
#4221=EDGE_LOOP('',(#1387));
#4222=EDGE_LOOP('',(#1388,#1389));
#4223=EDGE_LOOP('',(#1390,#1391,#1392,#1393));
#4224=EDGE_LOOP('',(#1394,#1395,#1396,#1397));
#4225=EDGE_LOOP('',(#1398,#1399,#1400,#1401,#1402));
#4226=EDGE_LOOP('',(#1403,#1404,#1405,#1406));
#4227=EDGE_LOOP('',(#1407,#1408,#1409));
#4228=EDGE_LOOP('',(#1410,#1411,#1412,#1413));
#4229=EDGE_LOOP('',(#1414,#1415,#1416,#1417));
#4230=EDGE_LOOP('',(#1418,#1419,#1420));
#4231=EDGE_LOOP('',(#1421,#1422,#1423));
#4232=EDGE_LOOP('',(#1424,#1425,#1426,#1427));
#4233=EDGE_LOOP('',(#1428,#1429,#1430,#1431,#1432,#1433,#1434));
#4234=EDGE_LOOP('',(#1435,#1436,#1437,#1438,#1439));
#4235=EDGE_LOOP('',(#1440));
#4236=EDGE_LOOP('',(#1441));
#4237=EDGE_LOOP('',(#1442));
#4238=EDGE_LOOP('',(#1443));
#4239=EDGE_LOOP('',(#1444));
#4240=EDGE_LOOP('',(#1445));
#4241=EDGE_LOOP('',(#1446));
#4242=EDGE_LOOP('',(#1447));
#4243=EDGE_LOOP('',(#1448,#1449,#1450,#1451,#1452,#1453,#1454,#1455,#1456,
#1457,#1458,#1459));
#4244=EDGE_LOOP('',(#1460,#1461));
#4245=EDGE_LOOP('',(#1462,#1463,#1464,#1465,#1466,#1467,#1468,#1469,#1470,
#1471));
#4246=EDGE_LOOP('',(#1472,#1473,#1474,#1475));
#4247=EDGE_LOOP('',(#1476,#1477,#1478,#1479));
#4248=EDGE_LOOP('',(#1480,#1481,#1482,#1483,#1484,#1485));
#4249=EDGE_LOOP('',(#1486,#1487,#1488,#1489));
#4250=EDGE_LOOP('',(#1490));
#4251=EDGE_LOOP('',(#1491));
#4252=EDGE_LOOP('',(#1492));
#4253=EDGE_LOOP('',(#1493));
#4254=EDGE_LOOP('',(#1494));
#4255=EDGE_LOOP('',(#1495));
#4256=EDGE_LOOP('',(#1496));
#4257=EDGE_LOOP('',(#1497));
#4258=EDGE_LOOP('',(#1498));
#4259=EDGE_LOOP('',(#1499));
#4260=EDGE_LOOP('',(#1500));
#4261=EDGE_LOOP('',(#1501));
#4262=EDGE_LOOP('',(#1502));
#4263=EDGE_LOOP('',(#1503));
#4264=EDGE_LOOP('',(#1504));
#4265=EDGE_LOOP('',(#1505));
#4266=EDGE_LOOP('',(#1506));
#4267=EDGE_LOOP('',(#1507));
#4268=EDGE_LOOP('',(#1508));
#4269=EDGE_LOOP('',(#1509));
#4270=EDGE_LOOP('',(#1510));
#4271=EDGE_LOOP('',(#1511));
#4272=EDGE_LOOP('',(#1512));
#4273=EDGE_LOOP('',(#1513));
#4274=FACE_BOUND('',#3969,.T.);
#4275=FACE_BOUND('',#3970,.T.);
#4276=FACE_BOUND('',#3971,.T.);
#4277=FACE_BOUND('',#3972,.T.);
#4278=FACE_BOUND('',#3973,.T.);
#4279=FACE_BOUND('',#3974,.T.);
#4280=FACE_BOUND('',#3975,.T.);
#4281=FACE_BOUND('',#3976,.T.);
#4282=FACE_BOUND('',#3977,.T.);
#4283=FACE_BOUND('',#3978,.T.);
#4284=FACE_BOUND('',#3979,.T.);
#4285=FACE_BOUND('',#3980,.T.);
#4286=FACE_BOUND('',#3981,.T.);
#4287=FACE_BOUND('',#3982,.T.);
#4288=FACE_BOUND('',#3983,.T.);
#4289=FACE_BOUND('',#3984,.T.);
#4290=FACE_BOUND('',#3985,.T.);
#4291=FACE_BOUND('',#3986,.T.);
#4292=FACE_BOUND('',#3987,.T.);
#4293=FACE_BOUND('',#3988,.T.);
#4294=FACE_BOUND('',#3989,.T.);
#4295=FACE_BOUND('',#3990,.T.);
#4296=FACE_BOUND('',#3991,.T.);
#4297=FACE_BOUND('',#3992,.T.);
#4298=FACE_BOUND('',#3993,.T.);
#4299=FACE_BOUND('',#3994,.T.);
#4300=FACE_BOUND('',#3995,.T.);
#4301=FACE_BOUND('',#3996,.T.);
#4302=FACE_BOUND('',#3997,.T.);
#4303=FACE_BOUND('',#3998,.T.);
#4304=FACE_BOUND('',#3999,.T.);
#4305=FACE_BOUND('',#4000,.T.);
#4306=FACE_BOUND('',#4001,.T.);
#4307=FACE_BOUND('',#4002,.T.);
#4308=FACE_BOUND('',#4003,.T.);
#4309=FACE_BOUND('',#4004,.T.);
#4310=FACE_BOUND('',#4005,.T.);
#4311=FACE_BOUND('',#4006,.T.);
#4312=FACE_BOUND('',#4007,.T.);
#4313=FACE_BOUND('',#4008,.T.);
#4314=FACE_BOUND('',#4009,.T.);
#4315=FACE_BOUND('',#4010,.T.);
#4316=FACE_BOUND('',#4011,.T.);
#4317=FACE_BOUND('',#4012,.T.);
#4318=FACE_BOUND('',#4013,.T.);
#4319=FACE_BOUND('',#4014,.T.);
#4320=FACE_BOUND('',#4015,.T.);
#4321=FACE_BOUND('',#4016,.T.);
#4322=FACE_BOUND('',#4017,.T.);
#4323=FACE_BOUND('',#4018,.T.);
#4324=FACE_BOUND('',#4019,.T.);
#4325=FACE_BOUND('',#4020,.T.);
#4326=FACE_BOUND('',#4021,.T.);
#4327=FACE_BOUND('',#4022,.T.);
#4328=FACE_BOUND('',#4023,.T.);
#4329=FACE_BOUND('',#4024,.T.);
#4330=FACE_BOUND('',#4025,.T.);
#4331=FACE_BOUND('',#4026,.T.);
#4332=FACE_BOUND('',#4027,.T.);
#4333=FACE_BOUND('',#4028,.T.);
#4334=FACE_BOUND('',#4029,.T.);
#4335=FACE_BOUND('',#4030,.T.);
#4336=FACE_BOUND('',#4031,.T.);
#4337=FACE_BOUND('',#4032,.T.);
#4338=FACE_BOUND('',#4033,.T.);
#4339=FACE_BOUND('',#4034,.T.);
#4340=FACE_BOUND('',#4035,.T.);
#4341=FACE_BOUND('',#4036,.T.);
#4342=FACE_BOUND('',#4037,.T.);
#4343=FACE_BOUND('',#4038,.T.);
#4344=FACE_BOUND('',#4039,.T.);
#4345=FACE_BOUND('',#4040,.T.);
#4346=FACE_BOUND('',#4041,.T.);
#4347=FACE_BOUND('',#4042,.T.);
#4348=FACE_BOUND('',#4043,.T.);
#4349=FACE_BOUND('',#4044,.T.);
#4350=FACE_BOUND('',#4045,.T.);
#4351=FACE_BOUND('',#4046,.T.);
#4352=FACE_BOUND('',#4047,.T.);
#4353=FACE_BOUND('',#4048,.T.);
#4354=FACE_BOUND('',#4049,.T.);
#4355=FACE_BOUND('',#4050,.T.);
#4356=FACE_BOUND('',#4051,.T.);
#4357=FACE_BOUND('',#4052,.T.);
#4358=FACE_BOUND('',#4053,.T.);
#4359=FACE_BOUND('',#4054,.T.);
#4360=FACE_BOUND('',#4055,.T.);
#4361=FACE_BOUND('',#4056,.T.);
#4362=FACE_BOUND('',#4057,.T.);
#4363=FACE_BOUND('',#4058,.T.);
#4364=FACE_BOUND('',#4059,.T.);
#4365=FACE_BOUND('',#4060,.T.);
#4366=FACE_BOUND('',#4061,.T.);
#4367=FACE_BOUND('',#4062,.T.);
#4368=FACE_BOUND('',#4063,.T.);
#4369=FACE_BOUND('',#4064,.T.);
#4370=FACE_BOUND('',#4065,.T.);
#4371=FACE_BOUND('',#4066,.T.);
#4372=FACE_BOUND('',#4067,.T.);
#4373=FACE_BOUND('',#4068,.T.);
#4374=FACE_BOUND('',#4069,.T.);
#4375=FACE_BOUND('',#4070,.T.);
#4376=FACE_BOUND('',#4071,.T.);
#4377=FACE_BOUND('',#4072,.T.);
#4378=FACE_BOUND('',#4073,.T.);
#4379=FACE_BOUND('',#4074,.T.);
#4380=FACE_BOUND('',#4075,.T.);
#4381=FACE_BOUND('',#4076,.T.);
#4382=FACE_BOUND('',#4077,.T.);
#4383=FACE_BOUND('',#4078,.T.);
#4384=FACE_BOUND('',#4079,.T.);
#4385=FACE_BOUND('',#4080,.T.);
#4386=FACE_BOUND('',#4081,.T.);
#4387=FACE_BOUND('',#4082,.T.);
#4388=FACE_BOUND('',#4083,.T.);
#4389=FACE_BOUND('',#4084,.T.);
#4390=FACE_BOUND('',#4085,.T.);
#4391=FACE_BOUND('',#4086,.T.);
#4392=FACE_BOUND('',#4087,.T.);
#4393=FACE_BOUND('',#4088,.T.);
#4394=FACE_BOUND('',#4089,.T.);
#4395=FACE_BOUND('',#4090,.T.);
#4396=FACE_BOUND('',#4091,.T.);
#4397=FACE_BOUND('',#4092,.T.);
#4398=FACE_BOUND('',#4093,.T.);
#4399=FACE_BOUND('',#4094,.T.);
#4400=FACE_BOUND('',#4095,.T.);
#4401=FACE_BOUND('',#4096,.T.);
#4402=FACE_BOUND('',#4097,.T.);
#4403=FACE_BOUND('',#4098,.T.);
#4404=FACE_BOUND('',#4099,.T.);
#4405=FACE_BOUND('',#4100,.T.);
#4406=FACE_BOUND('',#4101,.T.);
#4407=FACE_BOUND('',#4102,.T.);
#4408=FACE_BOUND('',#4103,.T.);
#4409=FACE_BOUND('',#4104,.T.);
#4410=FACE_BOUND('',#4105,.T.);
#4411=FACE_BOUND('',#4106,.T.);
#4412=FACE_BOUND('',#4107,.T.);
#4413=FACE_BOUND('',#4108,.T.);
#4414=FACE_BOUND('',#4109,.T.);
#4415=FACE_BOUND('',#4110,.T.);
#4416=FACE_BOUND('',#4111,.T.);
#4417=FACE_BOUND('',#4112,.T.);
#4418=FACE_BOUND('',#4113,.T.);
#4419=FACE_BOUND('',#4114,.T.);
#4420=FACE_BOUND('',#4115,.T.);
#4421=FACE_BOUND('',#4116,.T.);
#4422=FACE_BOUND('',#4117,.T.);
#4423=FACE_BOUND('',#4118,.T.);
#4424=FACE_BOUND('',#4119,.T.);
#4425=FACE_BOUND('',#4120,.T.);
#4426=FACE_BOUND('',#4121,.T.);
#4427=FACE_BOUND('',#4122,.T.);
#4428=FACE_BOUND('',#4123,.T.);
#4429=FACE_BOUND('',#4124,.T.);
#4430=FACE_BOUND('',#4125,.T.);
#4431=FACE_BOUND('',#4126,.T.);
#4432=FACE_BOUND('',#4127,.T.);
#4433=FACE_BOUND('',#4128,.T.);
#4434=FACE_BOUND('',#4129,.T.);
#4435=FACE_BOUND('',#4130,.T.);
#4436=FACE_BOUND('',#4131,.T.);
#4437=FACE_BOUND('',#4132,.T.);
#4438=FACE_BOUND('',#4133,.T.);
#4439=FACE_BOUND('',#4134,.T.);
#4440=FACE_BOUND('',#4135,.T.);
#4441=FACE_BOUND('',#4136,.T.);
#4442=FACE_BOUND('',#4137,.T.);
#4443=FACE_BOUND('',#4138,.T.);
#4444=FACE_BOUND('',#4139,.T.);
#4445=FACE_BOUND('',#4140,.T.);
#4446=FACE_BOUND('',#4141,.T.);
#4447=FACE_BOUND('',#4142,.T.);
#4448=FACE_BOUND('',#4143,.T.);
#4449=FACE_BOUND('',#4144,.T.);
#4450=FACE_BOUND('',#4145,.T.);
#4451=FACE_BOUND('',#4146,.T.);
#4452=FACE_BOUND('',#4147,.T.);
#4453=FACE_BOUND('',#4148,.T.);
#4454=FACE_BOUND('',#4149,.T.);
#4455=FACE_BOUND('',#4150,.T.);
#4456=FACE_BOUND('',#4151,.T.);
#4457=FACE_BOUND('',#4152,.T.);
#4458=FACE_BOUND('',#4153,.T.);
#4459=FACE_BOUND('',#4154,.T.);
#4460=FACE_BOUND('',#4155,.T.);
#4461=FACE_BOUND('',#4156,.T.);
#4462=FACE_BOUND('',#4157,.T.);
#4463=FACE_BOUND('',#4158,.T.);
#4464=FACE_BOUND('',#4159,.T.);
#4465=FACE_BOUND('',#4160,.T.);
#4466=FACE_BOUND('',#4161,.T.);
#4467=FACE_BOUND('',#4162,.T.);
#4468=FACE_BOUND('',#4163,.T.);
#4469=FACE_BOUND('',#4164,.T.);
#4470=FACE_BOUND('',#4165,.T.);
#4471=FACE_BOUND('',#4166,.T.);
#4472=FACE_BOUND('',#4167,.T.);
#4473=FACE_BOUND('',#4168,.T.);
#4474=FACE_BOUND('',#4169,.T.);
#4475=FACE_BOUND('',#4170,.T.);
#4476=FACE_BOUND('',#4171,.T.);
#4477=FACE_BOUND('',#4172,.T.);
#4478=FACE_BOUND('',#4173,.T.);
#4479=FACE_BOUND('',#4174,.T.);
#4480=FACE_BOUND('',#4175,.T.);
#4481=FACE_BOUND('',#4176,.T.);
#4482=FACE_BOUND('',#4177,.T.);
#4483=FACE_BOUND('',#4178,.T.);
#4484=FACE_BOUND('',#4179,.T.);
#4485=FACE_BOUND('',#4180,.T.);
#4486=FACE_BOUND('',#4181,.T.);
#4487=FACE_BOUND('',#4182,.T.);
#4488=FACE_BOUND('',#4183,.T.);
#4489=FACE_BOUND('',#4184,.T.);
#4490=FACE_BOUND('',#4185,.T.);
#4491=FACE_BOUND('',#4186,.T.);
#4492=FACE_BOUND('',#4187,.T.);
#4493=FACE_BOUND('',#4188,.T.);
#4494=FACE_BOUND('',#4189,.T.);
#4495=FACE_BOUND('',#4190,.T.);
#4496=FACE_BOUND('',#4191,.T.);
#4497=FACE_BOUND('',#4192,.T.);
#4498=FACE_BOUND('',#4193,.T.);
#4499=FACE_BOUND('',#4194,.T.);
#4500=FACE_BOUND('',#4195,.T.);
#4501=FACE_BOUND('',#4196,.T.);
#4502=FACE_BOUND('',#4197,.T.);
#4503=FACE_BOUND('',#4198,.T.);
#4504=FACE_BOUND('',#4199,.T.);
#4505=FACE_BOUND('',#4200,.T.);
#4506=FACE_BOUND('',#4201,.T.);
#4507=FACE_BOUND('',#4202,.T.);
#4508=FACE_BOUND('',#4203,.T.);
#4509=FACE_BOUND('',#4204,.T.);
#4510=FACE_BOUND('',#4205,.T.);
#4511=FACE_BOUND('',#4206,.T.);
#4512=FACE_BOUND('',#4207,.T.);
#4513=FACE_BOUND('',#4208,.T.);
#4514=FACE_BOUND('',#4209,.T.);
#4515=FACE_BOUND('',#4210,.T.);
#4516=FACE_BOUND('',#4211,.T.);
#4517=FACE_BOUND('',#4212,.T.);
#4518=FACE_BOUND('',#4213,.T.);
#4519=FACE_BOUND('',#4214,.T.);
#4520=FACE_BOUND('',#4215,.T.);
#4521=FACE_BOUND('',#4216,.T.);
#4522=FACE_BOUND('',#4217,.T.);
#4523=FACE_BOUND('',#4218,.T.);
#4524=FACE_BOUND('',#4219,.T.);
#4525=FACE_BOUND('',#4220,.T.);
#4526=FACE_BOUND('',#4221,.T.);
#4527=FACE_BOUND('',#4222,.T.);
#4528=FACE_BOUND('',#4223,.T.);
#4529=FACE_BOUND('',#4224,.T.);
#4530=FACE_BOUND('',#4225,.T.);
#4531=FACE_BOUND('',#4226,.T.);
#4532=FACE_BOUND('',#4227,.T.);
#4533=FACE_BOUND('',#4228,.T.);
#4534=FACE_BOUND('',#4229,.T.);
#4535=FACE_BOUND('',#4230,.T.);
#4536=FACE_BOUND('',#4231,.T.);
#4537=FACE_BOUND('',#4232,.T.);
#4538=FACE_BOUND('',#4233,.T.);
#4539=FACE_BOUND('',#4234,.T.);
#4540=FACE_BOUND('',#4235,.T.);
#4541=FACE_BOUND('',#4236,.T.);
#4542=FACE_BOUND('',#4237,.T.);
#4543=FACE_BOUND('',#4238,.T.);
#4544=FACE_BOUND('',#4239,.T.);
#4545=FACE_BOUND('',#4240,.T.);
#4546=FACE_BOUND('',#4241,.T.);
#4547=FACE_BOUND('',#4242,.T.);
#4548=FACE_BOUND('',#4243,.T.);
#4549=FACE_BOUND('',#4244,.T.);
#4550=FACE_BOUND('',#4245,.T.);
#4551=FACE_BOUND('',#4246,.T.);
#4552=FACE_BOUND('',#4247,.T.);
#4553=FACE_BOUND('',#4248,.T.);
#4554=FACE_BOUND('',#4249,.T.);
#4555=FACE_BOUND('',#4250,.T.);
#4556=FACE_BOUND('',#4251,.T.);
#4557=FACE_BOUND('',#4252,.T.);
#4558=FACE_BOUND('',#4253,.T.);
#4559=FACE_BOUND('',#4254,.T.);
#4560=FACE_BOUND('',#4255,.T.);
#4561=FACE_BOUND('',#4256,.T.);
#4562=FACE_BOUND('',#4257,.T.);
#4563=FACE_BOUND('',#4258,.T.);
#4564=FACE_BOUND('',#4259,.T.);
#4565=FACE_BOUND('',#4260,.T.);
#4566=FACE_BOUND('',#4261,.T.);
#4567=FACE_BOUND('',#4262,.T.);
#4568=FACE_BOUND('',#4263,.T.);
#4569=FACE_BOUND('',#4264,.T.);
#4570=FACE_BOUND('',#4265,.T.);
#4571=FACE_BOUND('',#4266,.T.);
#4572=FACE_BOUND('',#4267,.T.);
#4573=FACE_BOUND('',#4268,.T.);
#4574=FACE_BOUND('',#4269,.T.);
#4575=FACE_BOUND('',#4270,.T.);
#4576=FACE_BOUND('',#4271,.T.);
#4577=FACE_BOUND('',#4272,.T.);
#4578=FACE_BOUND('',#4273,.T.);
#4579=PLANE('',#5083);
#4580=PLANE('',#5084);
#4581=PLANE('',#5085);
#4582=PLANE('',#5086);
#4583=PLANE('',#5087);
#4584=PLANE('',#5089);
#4585=PLANE('',#5091);
#4586=PLANE('',#5092);
#4587=PLANE('',#5093);
#4588=PLANE('',#5094);
#4589=PLANE('',#5095);
#4590=PLANE('',#5096);
#4591=PLANE('',#5097);
#4592=PLANE('',#5098);
#4593=PLANE('',#5099);
#4594=PLANE('',#5100);
#4595=PLANE('',#5101);
#4596=PLANE('',#5102);
#4597=PLANE('',#5103);
#4598=PLANE('',#5104);
#4599=PLANE('',#5105);
#4600=PLANE('',#5106);
#4601=PLANE('',#5107);
#4602=PLANE('',#5108);
#4603=PLANE('',#5109);
#4604=PLANE('',#5110);
#4605=PLANE('',#5111);
#4606=PLANE('',#5112);
#4607=PLANE('',#5113);
#4608=PLANE('',#5114);
#4609=PLANE('',#5115);
#4610=PLANE('',#5116);
#4611=PLANE('',#5117);
#4612=PLANE('',#5118);
#4613=PLANE('',#5119);
#4614=PLANE('',#5120);
#4615=PLANE('',#5121);
#4616=PLANE('',#5122);
#4617=PLANE('',#5124);
#4618=PLANE('',#5125);
#4619=PLANE('',#5126);
#4620=PLANE('',#5127);
#4621=PLANE('',#5128);
#4622=PLANE('',#5129);
#4623=PLANE('',#5130);
#4624=PLANE('',#5131);
#4625=PLANE('',#5132);
#4626=PLANE('',#5133);
#4627=PLANE('',#5134);
#4628=PLANE('',#5135);
#4629=PLANE('',#5136);
#4630=PLANE('',#5137);
#4631=PLANE('',#5138);
#4632=PLANE('',#5140);
#4633=PLANE('',#5141);
#4634=PLANE('',#5142);
#4635=PLANE('',#5143);
#4636=PLANE('',#5144);
#4637=PLANE('',#5145);
#4638=PLANE('',#5146);
#4639=PLANE('',#5147);
#4640=PLANE('',#5148);
#4641=PLANE('',#5149);
#4642=PLANE('',#5150);
#4643=PLANE('',#5151);
#4644=PLANE('',#5152);
#4645=PLANE('',#5153);
#4646=PLANE('',#5154);
#4647=PLANE('',#5155);
#4648=PLANE('',#5156);
#4649=PLANE('',#5157);
#4650=PLANE('',#5158);
#4651=PLANE('',#5159);
#4652=PLANE('',#5160);
#4653=PLANE('',#5161);
#4654=PLANE('',#5162);
#4655=PLANE('',#5163);
#4656=PLANE('',#5164);
#4657=PLANE('',#5165);
#4658=PLANE('',#5166);
#4659=PLANE('',#5167);
#4660=PLANE('',#5168);
#4661=PLANE('',#5169);
#4662=PLANE('',#5170);
#4663=PLANE('',#5171);
#4664=PLANE('',#5172);
#4665=PLANE('',#5173);
#4666=PLANE('',#5174);
#4667=PLANE('',#5175);
#4668=PLANE('',#5176);
#4669=PLANE('',#5177);
#4670=PLANE('',#5178);
#4671=PLANE('',#5179);
#4672=PLANE('',#5180);
#4673=PLANE('',#5181);
#4674=PLANE('',#5182);
#4675=PLANE('',#5183);
#4676=PLANE('',#5184);
#4677=PLANE('',#5185);
#4678=PLANE('',#5186);
#4679=PLANE('',#5187);
#4680=PLANE('',#5188);
#4681=PLANE('',#5189);
#4682=PLANE('',#5190);
#4683=PLANE('',#5191);
#4684=PLANE('',#5192);
#4685=PLANE('',#5193);
#4686=PLANE('',#5194);
#4687=PLANE('',#5195);
#4688=PLANE('',#5196);
#4689=PLANE('',#5197);
#4690=PLANE('',#5198);
#4691=PLANE('',#5199);
#4692=PLANE('',#5200);
#4693=PLANE('',#5201);
#4694=PLANE('',#5202);
#4695=PLANE('',#5203);
#4696=PLANE('',#5204);
#4697=PLANE('',#5205);
#4698=PLANE('',#5206);
#4699=PLANE('',#5207);
#4700=PLANE('',#5208);
#4701=PLANE('',#5209);
#4702=PLANE('',#5210);
#4703=PLANE('',#5211);
#4704=PLANE('',#5212);
#4705=PLANE('',#5213);
#4706=PLANE('',#5214);
#4707=PLANE('',#5215);
#4708=PLANE('',#5216);
#4709=PLANE('',#5217);
#4710=PLANE('',#5218);
#4711=PLANE('',#5219);
#4712=PLANE('',#5221);
#4713=PLANE('',#5223);
#4714=PLANE('',#5224);
#4715=PLANE('',#5225);
#4716=PLANE('',#5226);
#4717=PLANE('',#5227);
#4718=PLANE('',#5228);
#4719=PLANE('',#5229);
#4720=PLANE('',#5230);
#4721=PLANE('',#5231);
#4722=PLANE('',#5232);
#4723=PLANE('',#5233);
#4724=PLANE('',#5234);
#4725=PLANE('',#5235);
#4726=PLANE('',#5236);
#4727=PLANE('',#5237);
#4728=PLANE('',#5238);
#4729=PLANE('',#5239);
#4730=PLANE('',#5240);
#4731=PLANE('',#5241);
#4732=PLANE('',#5242);
#4733=PLANE('',#5243);
#4734=PLANE('',#5244);
#4735=PLANE('',#5245);
#4736=PLANE('',#5246);
#4737=PLANE('',#5247);
#4738=PLANE('',#5248);
#4739=PLANE('',#5249);
#4740=PLANE('',#5250);
#4741=PLANE('',#5251);
#4742=PLANE('',#5252);
#4743=PLANE('',#5254);
#4744=PLANE('',#5255);
#4745=PLANE('',#5256);
#4746=PLANE('',#5257);
#4747=PLANE('',#5258);
#4748=PLANE('',#5259);
#4749=PLANE('',#5260);
#4750=PLANE('',#5261);
#4751=PLANE('',#5262);
#4752=PLANE('',#5263);
#4753=PLANE('',#5266);
#4754=PLANE('',#5267);
#4755=PLANE('',#5268);
#4756=PLANE('',#5269);
#4757=PLANE('',#5270);
#4758=PLANE('',#5271);
#4759=PLANE('',#5272);
#4760=PLANE('',#5273);
#4761=PLANE('',#5274);
#4762=PLANE('',#5275);
#4763=PLANE('',#5276);
#4764=PLANE('',#5277);
#4765=PLANE('',#5278);
#4766=PLANE('',#5279);
#4767=PLANE('',#5280);
#4768=PLANE('',#5281);
#4769=PLANE('',#5282);
#4770=PLANE('',#5283);
#4771=PLANE('',#5284);
#4772=PLANE('',#5285);
#4773=PLANE('',#5286);
#4774=PLANE('',#5295);
#4775=PLANE('',#5296);
#4776=PLANE('',#5297);
#4777=PLANE('',#5298);
#4778=PLANE('',#5299);
#4779=PLANE('',#5300);
#4780=PLANE('',#5301);
#4781=PLANE('',#5302);
#4782=PLANE('',#5303);
#4783=PLANE('',#5304);
#4784=PLANE('',#5305);
#4785=PLANE('',#5306);
#4786=PLANE('',#5308);
#4787=PLANE('',#5310);
#4788=PLANE('',#5312);
#4789=PLANE('',#5322);
#4790=PLANE('',#5323);
#4791=PLANE('',#5324);
#4792=PLANE('',#5325);
#4793=PLANE('',#5326);
#4794=PLANE('',#5327);
#4795=PLANE('',#5328);
#4796=PLANE('',#5329);
#4797=PLANE('',#5330);
#4798=PLANE('',#5331);
#4799=PLANE('',#5332);
#4800=PLANE('',#5333);
#4801=PLANE('',#5334);
#4802=PLANE('',#5339);
#4803=PLANE('',#5340);
#4804=PLANE('',#5341);
#4805=PLANE('',#5342);
#4806=PLANE('',#5343);
#4807=PLANE('',#5344);
#4808=PLANE('',#5355);
#4809=PLANE('',#5358);
#4810=PLANE('',#5361);
#4811=PLANE('',#5364);
#4812=ADVANCED_FACE('',(#4274),#4579,.F.);
#4813=ADVANCED_FACE('',(#4275),#4580,.T.);
#4814=ADVANCED_FACE('',(#4276),#4581,.F.);
#4815=ADVANCED_FACE('',(#4277),#4582,.T.);
#4816=ADVANCED_FACE('',(#4278,#4279),#4583,.T.);
#4817=ADVANCED_FACE('',(#4280,#4281),#4584,.F.);
#4818=ADVANCED_FACE('',(#4282),#4585,.F.);
#4819=ADVANCED_FACE('',(#4283,#4284),#4586,.T.);
#4820=ADVANCED_FACE('',(#4285),#4587,.F.);
#4821=ADVANCED_FACE('',(#4286),#4588,.T.);
#4822=ADVANCED_FACE('',(#4287),#4589,.T.);
#4823=ADVANCED_FACE('',(#4288),#4590,.T.);
#4824=ADVANCED_FACE('',(#4289),#4591,.F.);
#4825=ADVANCED_FACE('',(#4290),#4592,.T.);
#4826=ADVANCED_FACE('',(#4291),#4593,.F.);
#4827=ADVANCED_FACE('',(#4292),#4594,.T.);
#4828=ADVANCED_FACE('',(#4293),#4595,.F.);
#4829=ADVANCED_FACE('',(#4294),#4596,.T.);
#4830=ADVANCED_FACE('',(#4295),#4597,.T.);
#4831=ADVANCED_FACE('',(#4296),#4598,.T.);
#4832=ADVANCED_FACE('',(#4297),#4599,.T.);
#4833=ADVANCED_FACE('',(#4298),#4600,.T.);
#4834=ADVANCED_FACE('',(#4299),#4601,.F.);
#4835=ADVANCED_FACE('',(#4300),#4602,.T.);
#4836=ADVANCED_FACE('',(#4301),#4603,.T.);
#4837=ADVANCED_FACE('',(#4302),#4604,.F.);
#4838=ADVANCED_FACE('',(#4303),#4605,.F.);
#4839=ADVANCED_FACE('',(#4304),#4606,.T.);
#4840=ADVANCED_FACE('',(#4305),#4607,.F.);
#4841=ADVANCED_FACE('',(#4306),#4608,.F.);
#4842=ADVANCED_FACE('',(#4307),#4609,.T.);
#4843=ADVANCED_FACE('',(#4308),#4610,.T.);
#4844=ADVANCED_FACE('',(#4309),#4611,.T.);
#4845=ADVANCED_FACE('',(#4310),#4612,.T.);
#4846=ADVANCED_FACE('',(#4311),#4613,.T.);
#4847=ADVANCED_FACE('',(#4312,#4313),#4614,.F.);
#4848=ADVANCED_FACE('',(#4314),#27,.T.);
#4849=ADVANCED_FACE('',(#4315),#28,.T.);
#4850=ADVANCED_FACE('',(#4316),#29,.T.);
#4851=ADVANCED_FACE('',(#4317),#4615,.F.);
#4852=ADVANCED_FACE('',(#4318,#4319),#4616,.F.);
#4853=ADVANCED_FACE('',(#4320),#4617,.F.);
#4854=ADVANCED_FACE('',(#4321),#4618,.F.);
#4855=ADVANCED_FACE('',(#4322),#4619,.T.);
#4856=ADVANCED_FACE('',(#4323),#4620,.T.);
#4857=ADVANCED_FACE('',(#4324),#4621,.F.);
#4858=ADVANCED_FACE('',(#4325),#4622,.F.);
#4859=ADVANCED_FACE('',(#4326),#4623,.T.);
#4860=ADVANCED_FACE('',(#4327),#4624,.T.);
#4861=ADVANCED_FACE('',(#4328),#4625,.F.);
#4862=ADVANCED_FACE('',(#4329),#4626,.T.);
#4863=ADVANCED_FACE('',(#4330),#4627,.T.);
#4864=ADVANCED_FACE('',(#4331),#4628,.T.);
#4865=ADVANCED_FACE('',(#4332),#4629,.F.);
#4866=ADVANCED_FACE('',(#4333),#4630,.T.);
#4867=ADVANCED_FACE('',(#4334,#4335),#4631,.F.);
#4868=ADVANCED_FACE('',(#4336),#4632,.T.);
#4869=ADVANCED_FACE('',(#4337),#4633,.F.);
#4870=ADVANCED_FACE('',(#4338),#4634,.T.);
#4871=ADVANCED_FACE('',(#4339),#4635,.T.);
#4872=ADVANCED_FACE('',(#4340),#4636,.F.);
#4873=ADVANCED_FACE('',(#4341),#4637,.F.);
#4874=ADVANCED_FACE('',(#4342),#4638,.F.);
#4875=ADVANCED_FACE('',(#4343),#4639,.T.);
#4876=ADVANCED_FACE('',(#4344),#4640,.F.);
#4877=ADVANCED_FACE('',(#4345),#4641,.F.);
#4878=ADVANCED_FACE('',(#4346),#4642,.T.);
#4879=ADVANCED_FACE('',(#4347),#4643,.T.);
#4880=ADVANCED_FACE('',(#4348),#4644,.T.);
#4881=ADVANCED_FACE('',(#4349),#4645,.T.);
#4882=ADVANCED_FACE('',(#4350),#4646,.F.);
#4883=ADVANCED_FACE('',(#4351),#4647,.T.);
#4884=ADVANCED_FACE('',(#4352),#4648,.T.);
#4885=ADVANCED_FACE('',(#4353),#4649,.T.);
#4886=ADVANCED_FACE('',(#4354),#4650,.T.);
#4887=ADVANCED_FACE('',(#4355),#4651,.F.);
#4888=ADVANCED_FACE('',(#4356),#4652,.F.);
#4889=ADVANCED_FACE('',(#4357),#4653,.F.);
#4890=ADVANCED_FACE('',(#4358),#4654,.F.);
#4891=ADVANCED_FACE('',(#4359),#4655,.F.);
#4892=ADVANCED_FACE('',(#4360),#4656,.T.);
#4893=ADVANCED_FACE('',(#4361),#4657,.F.);
#4894=ADVANCED_FACE('',(#4362),#4658,.T.);
#4895=ADVANCED_FACE('',(#4363),#4659,.T.);
#4896=ADVANCED_FACE('',(#4364),#4660,.F.);
#4897=ADVANCED_FACE('',(#4365),#4661,.T.);
#4898=ADVANCED_FACE('',(#4366),#4662,.F.);
#4899=ADVANCED_FACE('',(#4367),#4663,.F.);
#4900=ADVANCED_FACE('',(#4368),#4664,.F.);
#4901=ADVANCED_FACE('',(#4369),#4665,.F.);
#4902=ADVANCED_FACE('',(#4370),#4666,.T.);
#4903=ADVANCED_FACE('',(#4371),#4667,.T.);
#4904=ADVANCED_FACE('',(#4372),#4668,.F.);
#4905=ADVANCED_FACE('',(#4373),#4669,.F.);
#4906=ADVANCED_FACE('',(#4374),#4670,.T.);
#4907=ADVANCED_FACE('',(#4375),#4671,.T.);
#4908=ADVANCED_FACE('',(#4376),#4672,.F.);
#4909=ADVANCED_FACE('',(#4377),#4673,.T.);
#4910=ADVANCED_FACE('',(#4378),#4674,.T.);
#4911=ADVANCED_FACE('',(#4379),#4675,.T.);
#4912=ADVANCED_FACE('',(#4380),#4676,.T.);
#4913=ADVANCED_FACE('',(#4381),#4677,.F.);
#4914=ADVANCED_FACE('',(#4382),#4678,.F.);
#4915=ADVANCED_FACE('',(#4383),#4679,.T.);
#4916=ADVANCED_FACE('',(#4384),#4680,.T.);
#4917=ADVANCED_FACE('',(#4385),#4681,.F.);
#4918=ADVANCED_FACE('',(#4386),#4682,.T.);
#4919=ADVANCED_FACE('',(#4387),#4683,.T.);
#4920=ADVANCED_FACE('',(#4388),#4684,.F.);
#4921=ADVANCED_FACE('',(#4389),#4685,.T.);
#4922=ADVANCED_FACE('',(#4390),#4686,.T.);
#4923=ADVANCED_FACE('',(#4391),#4687,.F.);
#4924=ADVANCED_FACE('',(#4392),#4688,.F.);
#4925=ADVANCED_FACE('',(#4393),#4689,.F.);
#4926=ADVANCED_FACE('',(#4394),#4690,.T.);
#4927=ADVANCED_FACE('',(#4395),#4691,.F.);
#4928=ADVANCED_FACE('',(#4396),#4692,.T.);
#4929=ADVANCED_FACE('',(#4397),#4693,.F.);
#4930=ADVANCED_FACE('',(#4398),#4694,.T.);
#4931=ADVANCED_FACE('',(#4399),#4695,.F.);
#4932=ADVANCED_FACE('',(#4400),#4696,.F.);
#4933=ADVANCED_FACE('',(#4401),#4697,.T.);
#4934=ADVANCED_FACE('',(#4402),#4698,.F.);
#4935=ADVANCED_FACE('',(#4403),#4699,.F.);
#4936=ADVANCED_FACE('',(#4404),#4700,.F.);
#4937=ADVANCED_FACE('',(#4405),#4701,.F.);
#4938=ADVANCED_FACE('',(#4406),#4702,.F.);
#4939=ADVANCED_FACE('',(#4407),#4703,.F.);
#4940=ADVANCED_FACE('',(#4408),#4704,.T.);
#4941=ADVANCED_FACE('',(#4409),#4705,.F.);
#4942=ADVANCED_FACE('',(#4410),#4706,.T.);
#4943=ADVANCED_FACE('',(#4411),#4707,.F.);
#4944=ADVANCED_FACE('',(#4412),#4708,.T.);
#4945=ADVANCED_FACE('',(#4413),#30,.T.);
#4946=ADVANCED_FACE('',(#4414),#31,.T.);
#4947=ADVANCED_FACE('',(#4415),#32,.T.);
#4948=ADVANCED_FACE('',(#4416),#33,.T.);
#4949=ADVANCED_FACE('',(#4417),#34,.T.);
#4950=ADVANCED_FACE('',(#4418),#4709,.F.);
#4951=ADVANCED_FACE('',(#4419),#4710,.T.);
#4952=ADVANCED_FACE('',(#4420,#4421),#4711,.T.);
#4953=ADVANCED_FACE('',(#4422,#4423),#4712,.T.);
#4954=ADVANCED_FACE('',(#4424,#4425),#4713,.T.);
#4955=ADVANCED_FACE('',(#4426),#4714,.T.);
#4956=ADVANCED_FACE('',(#4427),#4715,.F.);
#4957=ADVANCED_FACE('',(#4428),#4716,.F.);
#4958=ADVANCED_FACE('',(#4429),#4717,.F.);
#4959=ADVANCED_FACE('',(#4430),#4718,.T.);
#4960=ADVANCED_FACE('',(#4431),#4719,.F.);
#4961=ADVANCED_FACE('',(#4432),#4720,.T.);
#4962=ADVANCED_FACE('',(#4433),#4721,.F.);
#4963=ADVANCED_FACE('',(#4434),#4722,.F.);
#4964=ADVANCED_FACE('',(#4435),#4723,.T.);
#4965=ADVANCED_FACE('',(#4436),#4724,.F.);
#4966=ADVANCED_FACE('',(#4437),#4725,.T.);
#4967=ADVANCED_FACE('',(#4438),#4726,.T.);
#4968=ADVANCED_FACE('',(#4439),#4727,.T.);
#4969=ADVANCED_FACE('',(#4440),#4728,.T.);
#4970=ADVANCED_FACE('',(#4441),#4729,.T.);
#4971=ADVANCED_FACE('',(#4442),#4730,.T.);
#4972=ADVANCED_FACE('',(#4443),#4731,.T.);
#4973=ADVANCED_FACE('',(#4444),#4732,.T.);
#4974=ADVANCED_FACE('',(#4445),#4733,.T.);
#4975=ADVANCED_FACE('',(#4446),#4734,.T.);
#4976=ADVANCED_FACE('',(#4447),#4735,.F.);
#4977=ADVANCED_FACE('',(#4448),#4736,.F.);
#4978=ADVANCED_FACE('',(#4449),#4737,.F.);
#4979=ADVANCED_FACE('',(#4450),#4738,.T.);
#4980=ADVANCED_FACE('',(#4451),#4739,.F.);
#4981=ADVANCED_FACE('',(#4452),#4740,.T.);
#4982=ADVANCED_FACE('',(#4453),#4741,.F.);
#4983=ADVANCED_FACE('',(#4454),#4742,.F.);
#4984=ADVANCED_FACE('',(#4455,#4456),#12,.F.);
#4985=ADVANCED_FACE('',(#4457),#4743,.F.);
#4986=ADVANCED_FACE('',(#4458),#4744,.T.);
#4987=ADVANCED_FACE('',(#4459),#4745,.F.);
#4988=ADVANCED_FACE('',(#4460),#4746,.T.);
#4989=ADVANCED_FACE('',(#4461),#4747,.T.);
#4990=ADVANCED_FACE('',(#4462),#4748,.F.);
#4991=ADVANCED_FACE('',(#4463),#4749,.T.);
#4992=ADVANCED_FACE('',(#4464),#4750,.F.);
#4993=ADVANCED_FACE('',(#4465),#4751,.F.);
#4994=ADVANCED_FACE('',(#4466),#4752,.T.);
#4995=ADVANCED_FACE('',(#4467,#4468),#13,.F.);
#4996=ADVANCED_FACE('',(#4469,#4470),#14,.F.);
#4997=ADVANCED_FACE('',(#4471),#4753,.T.);
#4998=ADVANCED_FACE('',(#4472),#4754,.T.);
#4999=ADVANCED_FACE('',(#4473),#4755,.F.);
#5000=ADVANCED_FACE('',(#4474),#4756,.T.);
#5001=ADVANCED_FACE('',(#4475),#4757,.F.);
#5002=ADVANCED_FACE('',(#4476),#4758,.F.);
#5003=ADVANCED_FACE('',(#4477),#4759,.F.);
#5004=ADVANCED_FACE('',(#4478),#4760,.T.);
#5005=ADVANCED_FACE('',(#4479),#4761,.T.);
#5006=ADVANCED_FACE('',(#4480),#4762,.F.);
#5007=ADVANCED_FACE('',(#4481),#4763,.F.);
#5008=ADVANCED_FACE('',(#4482),#4764,.T.);
#5009=ADVANCED_FACE('',(#4483),#4765,.F.);
#5010=ADVANCED_FACE('',(#4484),#4766,.T.);
#5011=ADVANCED_FACE('',(#4485),#35,.T.);
#5012=ADVANCED_FACE('',(#4486),#36,.T.);
#5013=ADVANCED_FACE('',(#4487),#4767,.T.);
#5014=ADVANCED_FACE('',(#4488),#4768,.T.);
#5015=ADVANCED_FACE('',(#4489),#4769,.T.);
#5016=ADVANCED_FACE('',(#4490),#4770,.T.);
#5017=ADVANCED_FACE('',(#4491),#4771,.T.);
#5018=ADVANCED_FACE('',(#4492),#4772,.F.);
#5019=ADVANCED_FACE('',(#4493,#4494,#4495,#4496,#4497,#4498,#4499,#4500,
#4501,#4502),#4773,.T.);
#5020=ADVANCED_FACE('',(#4503),#4774,.T.);
#5021=ADVANCED_FACE('',(#4504),#4775,.F.);
#5022=ADVANCED_FACE('',(#4505),#4776,.T.);
#5023=ADVANCED_FACE('',(#4506),#4777,.T.);
#5024=ADVANCED_FACE('',(#4507),#4778,.F.);
#5025=ADVANCED_FACE('',(#4508),#4779,.T.);
#5026=ADVANCED_FACE('',(#4509),#4780,.T.);
#5027=ADVANCED_FACE('',(#4510),#4781,.T.);
#5028=ADVANCED_FACE('',(#4511),#4782,.T.);
#5029=ADVANCED_FACE('',(#4512),#4783,.T.);
#5030=ADVANCED_FACE('',(#4513),#4784,.T.);
#5031=ADVANCED_FACE('',(#4514),#4785,.T.);
#5032=ADVANCED_FACE('',(#4515),#4786,.F.);
#5033=ADVANCED_FACE('',(#4516),#4787,.T.);
#5034=ADVANCED_FACE('',(#4517),#4788,.F.);
#5035=ADVANCED_FACE('',(#4518,#4519,#4520),#15,.F.);
#5036=ADVANCED_FACE('',(#4521,#4522),#16,.F.);
#5037=ADVANCED_FACE('',(#4523,#4524),#17,.F.);
#5038=ADVANCED_FACE('',(#4525,#4526,#4527),#18,.F.);
#5039=ADVANCED_FACE('',(#4528),#4789,.T.);
#5040=ADVANCED_FACE('',(#4529),#4790,.T.);
#5041=ADVANCED_FACE('',(#4530),#4791,.F.);
#5042=ADVANCED_FACE('',(#4531),#4792,.F.);
#5043=ADVANCED_FACE('',(#4532),#4793,.T.);
#5044=ADVANCED_FACE('',(#4533),#4794,.T.);
#5045=ADVANCED_FACE('',(#4534),#4795,.F.);
#5046=ADVANCED_FACE('',(#4535),#4796,.T.);
#5047=ADVANCED_FACE('',(#4536),#4797,.T.);
#5048=ADVANCED_FACE('',(#4537),#4798,.T.);
#5049=ADVANCED_FACE('',(#4538),#4799,.T.);
#5050=ADVANCED_FACE('',(#4539),#4800,.F.);
#5051=ADVANCED_FACE('',(#4540,#4541,#4542,#4543,#4544,#4545,#4546,#4547,
#4548),#4801,.F.);
#5052=ADVANCED_FACE('',(#4549),#4802,.T.);
#5053=ADVANCED_FACE('',(#4550),#4803,.F.);
#5054=ADVANCED_FACE('',(#4551),#4804,.T.);
#5055=ADVANCED_FACE('',(#4552),#4805,.T.);
#5056=ADVANCED_FACE('',(#4553),#4806,.F.);
#5057=ADVANCED_FACE('',(#4554),#4807,.T.);
#5058=ADVANCED_FACE('',(#4555,#4556),#19,.F.);
#5059=ADVANCED_FACE('',(#4557,#4558),#20,.F.);
#5060=ADVANCED_FACE('',(#4559,#4560),#21,.F.);
#5061=ADVANCED_FACE('',(#4561,#4562),#22,.F.);
#5062=ADVANCED_FACE('',(#4563,#4564),#23,.T.);
#5063=ADVANCED_FACE('',(#4565,#4566),#4808,.T.);
#5064=ADVANCED_FACE('',(#4567,#4568),#24,.T.);
#5065=ADVANCED_FACE('',(#4569,#4570),#4809,.T.);
#5066=ADVANCED_FACE('',(#4571,#4572),#25,.T.);
#5067=ADVANCED_FACE('',(#4573,#4574),#4810,.T.);
#5068=ADVANCED_FACE('',(#4575,#4576),#26,.T.);
#5069=ADVANCED_FACE('',(#4577,#4578),#4811,.T.);
#5070=CLOSED_SHELL('',(#4812,#4813,#4814,#4815,#4816,#4817,#4818,#4819,
#4820,#4821,#4822,#4823,#4824,#4825,#4826,#4827,#4828,#4829,#4830,#4831,
#4832,#4833,#4834,#4835,#4836,#4837,#4838,#4839,#4840,#4841,#4842,#4843,
#4844,#4845,#4846,#4847,#4848,#4849,#4850,#4851,#4852,#4853,#4854,#4855,
#4856,#4857,#4858,#4859,#4860,#4861,#4862,#4863,#4864,#4865,#4866,#4867,
#4868,#4869,#4870,#4871,#4872,#4873,#4874,#4875,#4876,#4877,#4878,#4879,
#4880,#4881,#4882,#4883,#4884,#4885,#4886,#4887,#4888,#4889,#4890,#4891,
#4892,#4893,#4894,#4895,#4896,#4897,#4898,#4899,#4900,#4901,#4902,#4903,
#4904,#4905,#4906,#4907,#4908,#4909,#4910,#4911,#4912,#4913,#4914,#4915,
#4916,#4917,#4918,#4919,#4920,#4921,#4922,#4923,#4924,#4925,#4926,#4927,
#4928,#4929,#4930,#4931,#4932,#4933,#4934,#4935,#4936,#4937,#4938,#4939,
#4940,#4941,#4942,#4943,#4944,#4945,#4946,#4947,#4948,#4949,#4950,#4951,
#4952,#4953,#4954,#4955,#4956,#4957,#4958,#4959,#4960,#4961,#4962,#4963,
#4964,#4965,#4966,#4967,#4968,#4969,#4970,#4971,#4972,#4973,#4974,#4975,
#4976,#4977,#4978,#4979,#4980,#4981,#4982,#4983,#4984,#4985,#4986,#4987,
#4988,#4989,#4990,#4991,#4992,#4993,#4994,#4995,#4996,#4997,#4998,#4999,
#5000,#5001,#5002,#5003,#5004,#5005,#5006,#5007,#5008,#5009,#5010,#5011,
#5012,#5013,#5014,#5015,#5016,#5017,#5018,#5019,#5020,#5021,#5022,#5023,
#5024,#5025,#5026,#5027,#5028,#5029,#5030,#5031,#5032,#5033,#5034,#5035,
#5036,#5037,#5038,#5039,#5040,#5041,#5042,#5043,#5044,#5045,#5046,#5047,
#5048,#5049,#5050,#5051,#5052,#5053,#5054,#5055,#5056,#5057,#5058,#5059,
#5060,#5061,#5062,#5063,#5064,#5065,#5066,#5067,#5068,#5069));
#5071=STYLED_ITEM('',(#5072),#5079);
#5072=PRESENTATION_STYLE_ASSIGNMENT((#5073));
#5073=SURFACE_STYLE_USAGE(.BOTH.,#5074);
#5074=SURFACE_SIDE_STYLE('',(#5075));
#5075=SURFACE_STYLE_FILL_AREA(#5076);
#5076=FILL_AREA_STYLE('',(#5077));
#5077=FILL_AREA_STYLE_COLOUR('',#5078);
#5078=COLOUR_RGB('',0.647058823529412,0.647058823529412,0.647058823529412);
#5079=MANIFOLD_SOLID_BREP('Claw Follower',#5070);
#5080=SHAPE_DEFINITION_REPRESENTATION(#8390,#5081);
#5081=SHAPE_REPRESENTATION('Claw Follower',(#5082),#8385);
#5082=AXIS2_PLACEMENT_3D('',#6575,#5365,#5366);
#5083=AXIS2_PLACEMENT_3D('',#6576,#5367,#5368);
#5084=AXIS2_PLACEMENT_3D('',#6587,#5374,#5375);
#5085=AXIS2_PLACEMENT_3D('',#6594,#5379,#5380);
#5086=AXIS2_PLACEMENT_3D('',#6597,#5383,#5384);
#5087=AXIS2_PLACEMENT_3D('',#6606,#5389,#5390);
#5088=AXIS2_PLACEMENT_3D('',#6622,#5399,#5400);
#5089=AXIS2_PLACEMENT_3D('',#6624,#5401,#5402);
#5090=AXIS2_PLACEMENT_3D('',#6630,#5406,#5407);
#5091=AXIS2_PLACEMENT_3D('',#6632,#5408,#5409);
#5092=AXIS2_PLACEMENT_3D('',#6636,#5412,#5413);
#5093=AXIS2_PLACEMENT_3D('',#6653,#5423,#5424);
#5094=AXIS2_PLACEMENT_3D('',#6663,#5430,#5431);
#5095=AXIS2_PLACEMENT_3D('',#6675,#5438,#5439);
#5096=AXIS2_PLACEMENT_3D('',#6684,#5444,#5445);
#5097=AXIS2_PLACEMENT_3D('',#6693,#5450,#5451);
#5098=AXIS2_PLACEMENT_3D('',#6702,#5456,#5457);
#5099=AXIS2_PLACEMENT_3D('',#6706,#5460,#5461);
#5100=AXIS2_PLACEMENT_3D('',#6713,#5465,#5466);
#5101=AXIS2_PLACEMENT_3D('',#6719,#5470,#5471);
#5102=AXIS2_PLACEMENT_3D('',#6726,#5476,#5477);
#5103=AXIS2_PLACEMENT_3D('',#6730,#5480,#5481);
#5104=AXIS2_PLACEMENT_3D('',#6739,#5487,#5488);
#5105=AXIS2_PLACEMENT_3D('',#6743,#5491,#5492);
#5106=AXIS2_PLACEMENT_3D('',#6755,#5499,#5500);
#5107=AXIS2_PLACEMENT_3D('',#6761,#5504,#5505);
#5108=AXIS2_PLACEMENT_3D('',#6771,#5512,#5513);
#5109=AXIS2_PLACEMENT_3D('',#6776,#5517,#5518);
#5110=AXIS2_PLACEMENT_3D('',#6783,#5523,#5524);
#5111=AXIS2_PLACEMENT_3D('',#6785,#5526,#5527);
#5112=AXIS2_PLACEMENT_3D('',#6802,#5536,#5537);
#5113=AXIS2_PLACEMENT_3D('',#6810,#5542,#5543);
#5114=AXIS2_PLACEMENT_3D('',#6818,#5549,#5550);
#5115=AXIS2_PLACEMENT_3D('',#6827,#5555,#5556);
#5116=AXIS2_PLACEMENT_3D('',#6840,#5563,#5564);
#5117=AXIS2_PLACEMENT_3D('',#6850,#5570,#5571);
#5118=AXIS2_PLACEMENT_3D('',#6859,#5576,#5577);
#5119=AXIS2_PLACEMENT_3D('',#6873,#5586,#5587);
#5120=AXIS2_PLACEMENT_3D('',#6882,#5592,#5593);
#5121=AXIS2_PLACEMENT_3D('',#7092,#5615,#5616);
#5122=AXIS2_PLACEMENT_3D('',#7101,#5621,#5622);
#5123=AXIS2_PLACEMENT_3D('',#7102,#5623,#5624);
#5124=AXIS2_PLACEMENT_3D('',#7122,#5635,#5636);
#5125=AXIS2_PLACEMENT_3D('',#7133,#5643,#5644);
#5126=AXIS2_PLACEMENT_3D('',#7138,#5648,#5649);
#5127=AXIS2_PLACEMENT_3D('',#7146,#5651,#5652);
#5128=AXIS2_PLACEMENT_3D('',#7163,#5658,#5659);
#5129=AXIS2_PLACEMENT_3D('',#7174,#5665,#5666);
#5130=AXIS2_PLACEMENT_3D('',#7181,#5668,#5669);
#5131=AXIS2_PLACEMENT_3D('',#7189,#5674,#5675);
#5132=AXIS2_PLACEMENT_3D('',#7198,#5680,#5681);
#5133=AXIS2_PLACEMENT_3D('',#7207,#5686,#5687);
#5134=AXIS2_PLACEMENT_3D('',#7213,#5691,#5692);
#5135=AXIS2_PLACEMENT_3D('',#7222,#5697,#5698);
#5136=AXIS2_PLACEMENT_3D('',#7233,#5704,#5705);
#5137=AXIS2_PLACEMENT_3D('',#7239,#5709,#5710);
#5138=AXIS2_PLACEMENT_3D('',#7241,#5712,#5713);
#5139=AXIS2_PLACEMENT_3D('',#7242,#5714,#5715);
#5140=AXIS2_PLACEMENT_3D('',#7259,#5724,#5725);
#5141=AXIS2_PLACEMENT_3D('',#7269,#5731,#5732);
#5142=AXIS2_PLACEMENT_3D('',#7271,#5734,#5735);
#5143=AXIS2_PLACEMENT_3D('',#7280,#5740,#5741);
#5144=AXIS2_PLACEMENT_3D('',#7291,#5747,#5748);
#5145=AXIS2_PLACEMENT_3D('',#7300,#5753,#5754);
#5146=AXIS2_PLACEMENT_3D('',#7309,#5759,#5760);
#5147=AXIS2_PLACEMENT_3D('',#7318,#5765,#5766);
#5148=AXIS2_PLACEMENT_3D('',#7325,#5771,#5772);
#5149=AXIS2_PLACEMENT_3D('',#7336,#5780,#5781);
#5150=AXIS2_PLACEMENT_3D('',#7361,#5796,#5797);
#5151=AXIS2_PLACEMENT_3D('',#7378,#5807,#5808);
#5152=AXIS2_PLACEMENT_3D('',#7382,#5811,#5812);
#5153=AXIS2_PLACEMENT_3D('',#7387,#5816,#5817);
#5154=AXIS2_PLACEMENT_3D('',#7389,#5819,#5820);
#5155=AXIS2_PLACEMENT_3D('',#7393,#5823,#5824);
#5156=AXIS2_PLACEMENT_3D('',#7400,#5829,#5830);
#5157=AXIS2_PLACEMENT_3D('',#7404,#5833,#5834);
#5158=AXIS2_PLACEMENT_3D('',#7410,#5838,#5839);
#5159=AXIS2_PLACEMENT_3D('',#7415,#5843,#5844);
#5160=AXIS2_PLACEMENT_3D('',#7425,#5850,#5851);
#5161=AXIS2_PLACEMENT_3D('',#7427,#5853,#5854);
#5162=AXIS2_PLACEMENT_3D('',#7435,#5859,#5860);
#5163=AXIS2_PLACEMENT_3D('',#7438,#5863,#5864);
#5164=AXIS2_PLACEMENT_3D('',#7455,#5875,#5876);
#5165=AXIS2_PLACEMENT_3D('',#7456,#5877,#5878);
#5166=AXIS2_PLACEMENT_3D('',#7463,#5883,#5884);
#5167=AXIS2_PLACEMENT_3D('',#7465,#5886,#5887);
#5168=AXIS2_PLACEMENT_3D('',#7517,#5917,#5918);
#5169=AXIS2_PLACEMENT_3D('',#7523,#5922,#5923);
#5170=AXIS2_PLACEMENT_3D('',#7525,#5925,#5926);
#5171=AXIS2_PLACEMENT_3D('',#7527,#5928,#5929);
#5172=AXIS2_PLACEMENT_3D('',#7528,#5930,#5931);
#5173=AXIS2_PLACEMENT_3D('',#7573,#5958,#5959);
#5174=AXIS2_PLACEMENT_3D('',#7579,#5964,#5965);
#5175=AXIS2_PLACEMENT_3D('',#7584,#5969,#5970);
#5176=AXIS2_PLACEMENT_3D('',#7587,#5973,#5974);
#5177=AXIS2_PLACEMENT_3D('',#7588,#5975,#5976);
#5178=AXIS2_PLACEMENT_3D('',#7591,#5979,#5980);
#5179=AXIS2_PLACEMENT_3D('',#7593,#5982,#5983);
#5180=AXIS2_PLACEMENT_3D('',#7595,#5985,#5986);
#5181=AXIS2_PLACEMENT_3D('',#7597,#5988,#5989);
#5182=AXIS2_PLACEMENT_3D('',#7598,#5990,#5991);
#5183=AXIS2_PLACEMENT_3D('',#7600,#5993,#5994);
#5184=AXIS2_PLACEMENT_3D('',#7602,#5996,#5997);
#5185=AXIS2_PLACEMENT_3D('',#7603,#5998,#5999);
#5186=AXIS2_PLACEMENT_3D('',#7605,#6001,#6002);
#5187=AXIS2_PLACEMENT_3D('',#7607,#6004,#6005);
#5188=AXIS2_PLACEMENT_3D('',#7608,#6006,#6007);
#5189=AXIS2_PLACEMENT_3D('',#7628,#6019,#6020);
#5190=AXIS2_PLACEMENT_3D('',#7630,#6022,#6023);
#5191=AXIS2_PLACEMENT_3D('',#7632,#6025,#6026);
#5192=AXIS2_PLACEMENT_3D('',#7659,#6041,#6042);
#5193=AXIS2_PLACEMENT_3D('',#7661,#6044,#6045);
#5194=AXIS2_PLACEMENT_3D('',#7663,#6047,#6048);
#5195=AXIS2_PLACEMENT_3D('',#7666,#6051,#6052);
#5196=AXIS2_PLACEMENT_3D('',#7668,#6054,#6055);
#5197=AXIS2_PLACEMENT_3D('',#7669,#6056,#6057);
#5198=AXIS2_PLACEMENT_3D('',#7671,#6059,#6060);
#5199=AXIS2_PLACEMENT_3D('',#7672,#6061,#6062);
#5200=AXIS2_PLACEMENT_3D('',#7674,#6064,#6065);
#5201=AXIS2_PLACEMENT_3D('',#7675,#6066,#6067);
#5202=AXIS2_PLACEMENT_3D('',#7677,#6069,#6070);
#5203=AXIS2_PLACEMENT_3D('',#7678,#6071,#6072);
#5204=AXIS2_PLACEMENT_3D('',#7681,#6075,#6076);
#5205=AXIS2_PLACEMENT_3D('',#7683,#6078,#6079);
#5206=AXIS2_PLACEMENT_3D('',#7685,#6081,#6082);
#5207=AXIS2_PLACEMENT_3D('',#7688,#6085,#6086);
#5208=AXIS2_PLACEMENT_3D('',#7690,#6088,#6089);
#5209=AXIS2_PLACEMENT_3D('',#7691,#6090,#6091);
#5210=AXIS2_PLACEMENT_3D('',#7693,#6093,#6094);
#5211=AXIS2_PLACEMENT_3D('',#7694,#6095,#6096);
#5212=AXIS2_PLACEMENT_3D('',#7696,#6098,#6099);
#5213=AXIS2_PLACEMENT_3D('',#7697,#6100,#6101);
#5214=AXIS2_PLACEMENT_3D('',#7699,#6103,#6104);
#5215=AXIS2_PLACEMENT_3D('',#7700,#6105,#6106);
#5216=AXIS2_PLACEMENT_3D('',#7710,#6110,#6111);
#5217=AXIS2_PLACEMENT_3D('',#7959,#6118,#6119);
#5218=AXIS2_PLACEMENT_3D('',#7960,#6120,#6121);
#5219=AXIS2_PLACEMENT_3D('',#7962,#6123,#6124);
#5220=AXIS2_PLACEMENT_3D('',#7963,#6125,#6126);
#5221=AXIS2_PLACEMENT_3D('',#7974,#6132,#6133);
#5222=AXIS2_PLACEMENT_3D('',#7975,#6134,#6135);
#5223=AXIS2_PLACEMENT_3D('',#7986,#6141,#6142);
#5224=AXIS2_PLACEMENT_3D('',#8007,#6156,#6157);
#5225=AXIS2_PLACEMENT_3D('',#8009,#6159,#6160);
#5226=AXIS2_PLACEMENT_3D('',#8011,#6162,#6163);
#5227=AXIS2_PLACEMENT_3D('',#8012,#6164,#6165);
#5228=AXIS2_PLACEMENT_3D('',#8014,#6167,#6168);
#5229=AXIS2_PLACEMENT_3D('',#8016,#6170,#6171);
#5230=AXIS2_PLACEMENT_3D('',#8018,#6173,#6174);
#5231=AXIS2_PLACEMENT_3D('',#8019,#6175,#6176);
#5232=AXIS2_PLACEMENT_3D('',#8020,#6177,#6178);
#5233=AXIS2_PLACEMENT_3D('',#8021,#6179,#6180);
#5234=AXIS2_PLACEMENT_3D('',#8023,#6182,#6183);
#5235=AXIS2_PLACEMENT_3D('',#8025,#6185,#6186);
#5236=AXIS2_PLACEMENT_3D('',#8027,#6188,#6189);
#5237=AXIS2_PLACEMENT_3D('',#8029,#6191,#6192);
#5238=AXIS2_PLACEMENT_3D('',#8035,#6197,#6198);
#5239=AXIS2_PLACEMENT_3D('',#8036,#6199,#6200);
#5240=AXIS2_PLACEMENT_3D('',#8037,#6201,#6202);
#5241=AXIS2_PLACEMENT_3D('',#8038,#6203,#6204);
#5242=AXIS2_PLACEMENT_3D('',#8039,#6205,#6206);
#5243=AXIS2_PLACEMENT_3D('',#8040,#6207,#6208);
#5244=AXIS2_PLACEMENT_3D('',#8041,#6209,#6210);
#5245=AXIS2_PLACEMENT_3D('',#8047,#6214,#6215);
#5246=AXIS2_PLACEMENT_3D('',#8049,#6217,#6218);
#5247=AXIS2_PLACEMENT_3D('',#8051,#6220,#6221);
#5248=AXIS2_PLACEMENT_3D('',#8057,#6225,#6226);
#5249=AXIS2_PLACEMENT_3D('',#8059,#6228,#6229);
#5250=AXIS2_PLACEMENT_3D('',#8061,#6231,#6232);
#5251=AXIS2_PLACEMENT_3D('',#8063,#6234,#6235);
#5252=AXIS2_PLACEMENT_3D('',#8064,#6236,#6237);
#5253=AXIS2_PLACEMENT_3D('',#8066,#6239,#6240);
#5254=AXIS2_PLACEMENT_3D('',#8067,#6241,#6242);
#5255=AXIS2_PLACEMENT_3D('',#8069,#6244,#6245);
#5256=AXIS2_PLACEMENT_3D('',#8071,#6247,#6248);
#5257=AXIS2_PLACEMENT_3D('',#8073,#6250,#6251);
#5258=AXIS2_PLACEMENT_3D('',#8076,#6254,#6255);
#5259=AXIS2_PLACEMENT_3D('',#8078,#6257,#6258);
#5260=AXIS2_PLACEMENT_3D('',#8079,#6259,#6260);
#5261=AXIS2_PLACEMENT_3D('',#8081,#6262,#6263);
#5262=AXIS2_PLACEMENT_3D('',#8082,#6264,#6265);
#5263=AXIS2_PLACEMENT_3D('',#8084,#6267,#6268);
#5264=AXIS2_PLACEMENT_3D('',#8085,#6269,#6270);
#5265=AXIS2_PLACEMENT_3D('',#8086,#6271,#6272);
#5266=AXIS2_PLACEMENT_3D('',#8087,#6273,#6274);
#5267=AXIS2_PLACEMENT_3D('',#8088,#6275,#6276);
#5268=AXIS2_PLACEMENT_3D('',#8092,#6279,#6280);
#5269=AXIS2_PLACEMENT_3D('',#8096,#6283,#6284);
#5270=AXIS2_PLACEMENT_3D('',#8097,#6285,#6286);
#5271=AXIS2_PLACEMENT_3D('',#8099,#6288,#6289);
#5272=AXIS2_PLACEMENT_3D('',#8101,#6291,#6292);
#5273=AXIS2_PLACEMENT_3D('',#8107,#6297,#6298);
#5274=AXIS2_PLACEMENT_3D('',#8109,#6300,#6301);
#5275=AXIS2_PLACEMENT_3D('',#8116,#6306,#6307);
#5276=AXIS2_PLACEMENT_3D('',#8118,#6309,#6310);
#5277=AXIS2_PLACEMENT_3D('',#8120,#6312,#6313);
#5278=AXIS2_PLACEMENT_3D('',#8121,#6314,#6315);
#5279=AXIS2_PLACEMENT_3D('',#8122,#6316,#6317);
#5280=AXIS2_PLACEMENT_3D('',#8143,#6322,#6323);
#5281=AXIS2_PLACEMENT_3D('',#8145,#6325,#6326);
#5282=AXIS2_PLACEMENT_3D('',#8146,#6327,#6328);
#5283=AXIS2_PLACEMENT_3D('',#8149,#6331,#6332);
#5284=AXIS2_PLACEMENT_3D('',#8151,#6334,#6335);
#5285=AXIS2_PLACEMENT_3D('',#8153,#6337,#6338);
#5286=AXIS2_PLACEMENT_3D('',#8154,#6339,#6340);
#5287=AXIS2_PLACEMENT_3D('',#8155,#6341,#6342);
#5288=AXIS2_PLACEMENT_3D('',#8157,#6343,#6344);
#5289=AXIS2_PLACEMENT_3D('',#8159,#6345,#6346);
#5290=AXIS2_PLACEMENT_3D('',#8161,#6347,#6348);
#5291=AXIS2_PLACEMENT_3D('',#8163,#6349,#6350);
#5292=AXIS2_PLACEMENT_3D('',#8165,#6351,#6352);
#5293=AXIS2_PLACEMENT_3D('',#8167,#6353,#6354);
#5294=AXIS2_PLACEMENT_3D('',#8169,#6355,#6356);
#5295=AXIS2_PLACEMENT_3D('',#8186,#6365,#6366);
#5296=AXIS2_PLACEMENT_3D('',#8203,#6376,#6377);
#5297=AXIS2_PLACEMENT_3D('',#8211,#6382,#6383);
#5298=AXIS2_PLACEMENT_3D('',#8217,#6387,#6388);
#5299=AXIS2_PLACEMENT_3D('',#8219,#6390,#6391);
#5300=AXIS2_PLACEMENT_3D('',#8233,#6399,#6400);
#5301=AXIS2_PLACEMENT_3D('',#8242,#6406,#6407);
#5302=AXIS2_PLACEMENT_3D('',#8248,#6412,#6413);
#5303=AXIS2_PLACEMENT_3D('',#8254,#6417,#6418);
#5304=AXIS2_PLACEMENT_3D('',#8255,#6419,#6420);
#5305=AXIS2_PLACEMENT_3D('',#8257,#6422,#6423);
#5306=AXIS2_PLACEMENT_3D('',#8259,#6425,#6426);
#5307=AXIS2_PLACEMENT_3D('',#8260,#6427,#6428);
#5308=AXIS2_PLACEMENT_3D('',#8264,#6430,#6431);
#5309=AXIS2_PLACEMENT_3D('',#8265,#6432,#6433);
#5310=AXIS2_PLACEMENT_3D('',#8266,#6434,#6435);
#5311=AXIS2_PLACEMENT_3D('',#8267,#6436,#6437);
#5312=AXIS2_PLACEMENT_3D('',#8271,#6439,#6440);
#5313=AXIS2_PLACEMENT_3D('',#8272,#6441,#6442);
#5314=AXIS2_PLACEMENT_3D('',#8273,#6443,#6444);
#5315=AXIS2_PLACEMENT_3D('',#8274,#6445,#6446);
#5316=AXIS2_PLACEMENT_3D('',#8276,#6447,#6448);
#5317=AXIS2_PLACEMENT_3D('',#8277,#6449,#6450);
#5318=AXIS2_PLACEMENT_3D('',#8279,#6451,#6452);
#5319=AXIS2_PLACEMENT_3D('',#8280,#6453,#6454);
#5320=AXIS2_PLACEMENT_3D('',#8282,#6455,#6456);
#5321=AXIS2_PLACEMENT_3D('',#8283,#6457,#6458);
#5322=AXIS2_PLACEMENT_3D('',#8285,#6459,#6460);
#5323=AXIS2_PLACEMENT_3D('',#8291,#6464,#6465);
#5324=AXIS2_PLACEMENT_3D('',#8295,#6468,#6469);
#5325=AXIS2_PLACEMENT_3D('',#8301,#6473,#6474);
#5326=AXIS2_PLACEMENT_3D('',#8303,#6476,#6477);
#5327=AXIS2_PLACEMENT_3D('',#8305,#6479,#6480);
#5328=AXIS2_PLACEMENT_3D('',#8309,#6483,#6484);
#5329=AXIS2_PLACEMENT_3D('',#8318,#6489,#6490);
#5330=AXIS2_PLACEMENT_3D('',#8322,#6493,#6494);
#5331=AXIS2_PLACEMENT_3D('',#8326,#6497,#6498);
#5332=AXIS2_PLACEMENT_3D('',#8330,#6502,#6503);
#5333=AXIS2_PLACEMENT_3D('',#8333,#6506,#6507);
#5334=AXIS2_PLACEMENT_3D('',#8335,#6509,#6510);
#5335=AXIS2_PLACEMENT_3D('',#8336,#6511,#6512);
#5336=AXIS2_PLACEMENT_3D('',#8338,#6513,#6514);
#5337=AXIS2_PLACEMENT_3D('',#8340,#6515,#6516);
#5338=AXIS2_PLACEMENT_3D('',#8342,#6517,#6518);
#5339=AXIS2_PLACEMENT_3D('',#8345,#6520,#6521);
#5340=AXIS2_PLACEMENT_3D('',#8346,#6522,#6523);
#5341=AXIS2_PLACEMENT_3D('',#8352,#6527,#6528);
#5342=AXIS2_PLACEMENT_3D('',#8353,#6529,#6530);
#5343=AXIS2_PLACEMENT_3D('',#8354,#6531,#6532);
#5344=AXIS2_PLACEMENT_3D('',#8355,#6533,#6534);
#5345=AXIS2_PLACEMENT_3D('',#8356,#6535,#6536);
#5346=AXIS2_PLACEMENT_3D('',#8357,#6537,#6538);
#5347=AXIS2_PLACEMENT_3D('',#8359,#6539,#6540);
#5348=AXIS2_PLACEMENT_3D('',#8360,#6541,#6542);
#5349=AXIS2_PLACEMENT_3D('',#8362,#6543,#6544);
#5350=AXIS2_PLACEMENT_3D('',#8363,#6545,#6546);
#5351=AXIS2_PLACEMENT_3D('',#8365,#6547,#6548);
#5352=AXIS2_PLACEMENT_3D('',#8366,#6549,#6550);
#5353=AXIS2_PLACEMENT_3D('',#8368,#6551,#6552);
#5354=AXIS2_PLACEMENT_3D('',#8369,#6553,#6554);
#5355=AXIS2_PLACEMENT_3D('',#8371,#6555,#6556);
#5356=AXIS2_PLACEMENT_3D('',#8372,#6557,#6558);
#5357=AXIS2_PLACEMENT_3D('',#8373,#6559,#6560);
#5358=AXIS2_PLACEMENT_3D('',#8375,#6561,#6562);
#5359=AXIS2_PLACEMENT_3D('',#8376,#6563,#6564);
#5360=AXIS2_PLACEMENT_3D('',#8377,#6565,#6566);
#5361=AXIS2_PLACEMENT_3D('',#8379,#6567,#6568);
#5362=AXIS2_PLACEMENT_3D('',#8380,#6569,#6570);
#5363=AXIS2_PLACEMENT_3D('',#8381,#6571,#6572);
#5364=AXIS2_PLACEMENT_3D('',#8383,#6573,#6574);
#5365=DIRECTION('',(0.,0.,1.));
#5366=DIRECTION('',(1.,0.,0.));
#5367=DIRECTION('',(0.0051854314795753,0.99998483653825,-0.00185418282263113));
#5368=DIRECTION('',(0.999986555513586,-0.00518544039333928,0.));
#5369=DIRECTION('',(0.94159855397431,-0.00550696772907839,-0.336692495401842));
#5370=DIRECTION('',(0.94159855397431,-0.00550696772907839,-0.336692495401842));
#5371=DIRECTION('',(0.336697600903035,-3.05702753946543E-19,0.941612832084472));
#5372=DIRECTION('',(0.94159855397431,-0.00550696772907839,-0.336692495401842));
#5373=DIRECTION('',(0.336697600903035,-3.05702753946543E-19,0.941612832084472));
#5374=DIRECTION('',(0.0051854314795753,0.99998483653825,-0.00185418282263113));
#5375=DIRECTION('',(0.999986555513586,-0.00518544039333928,0.));
#5376=DIRECTION('',(-0.703087851290507,0.0023273412657773,-0.711099189178507));
#5377=DIRECTION('',(0.336697600903035,-3.05702753946543E-19,0.941612832084472));
#5378=DIRECTION('',(0.94159855397431,-0.00550696772907839,-0.336692495401842));
#5379=DIRECTION('',(0.336695711281355,-0.000360192089649135,0.941613438873087));
#5380=DIRECTION('',(0.941613499954776,0.,-0.336695733122529));
#5381=DIRECTION('',(0.00458212892935992,0.999988713310705,-0.00125592423170606));
#5382=DIRECTION('',(-0.00530670879462859,-0.999984771668094,0.0015150160657789));
#5383=DIRECTION('',(-1.,9.49482051989685E-34,0.));
#5384=DIRECTION('',(9.49482051989686E-34,1.,0.));
#5385=DIRECTION('',(-9.22369731138877E-50,-9.71445146547012E-17,1.));
#5386=DIRECTION('',(-9.49482051989685E-34,-1.,-9.71445146547011E-17));
#5387=DIRECTION('',(9.22369731138877E-50,9.71445146547012E-17,-1.));
#5388=DIRECTION('',(-9.49482051989685E-34,-1.,-9.71445146547011E-17));
#5389=DIRECTION('',(0.00149632464668235,-9.71444059019658E-17,0.999998880505649));
#5390=DIRECTION('',(0.999998880505649,0.,-0.00149632464668235));
#5391=DIRECTION('',(-0.999998880505649,-1.45359731567823E-19,0.00149632464668235));
#5392=DIRECTION('',(-1.47439474671456E-15,1.,1.33492731581823E-7));
#5393=DIRECTION('',(-8.92136487927674E-5,0.999999996020453,1.33492731050583E-7));
#5394=DIRECTION('',(-0.999998880505649,-1.45359731567823E-19,0.00149632464668235));
#5395=DIRECTION('',(-1.99748240400061E-10,1.,2.98985694360741E-13));
#5396=DIRECTION('',(0.999998880505649,1.99749938811931E-10,-0.00149632464668235));
#5397=DIRECTION('',(-9.49482051989685E-34,-1.,-9.71445146547011E-17));
#5398=DIRECTION('',(0.999998880505649,1.45359731567823E-19,-0.00149632464668235));
#5399=DIRECTION('',(0.00149632464668235,-9.71444059019658E-17,0.999998880505649));
#5400=DIRECTION('',(-0.999998880505649,-1.45359731584299E-19,0.00149632464668235));
#5401=DIRECTION('',(1.36667019949451E-65,-9.71445146547011E-17,1.));
#5402=DIRECTION('',(0.,-1.,-9.71445146547012E-17));
#5403=DIRECTION('',(1.,-9.49482051989685E-34,-9.22369731138877E-50));
#5404=DIRECTION('',(-9.49482051989685E-34,-1.,-9.71445146547011E-17));
#5405=DIRECTION('',(-1.,9.49482051989685E-34,9.22369731138877E-50));
#5406=DIRECTION('',(1.36667019949451E-65,-9.71445146547011E-17,1.));
#5407=DIRECTION('',(0.,-1.,-9.71445146547012E-17));
#5408=DIRECTION('',(-9.49482051989685E-34,-1.,-9.71445146547012E-17));
#5409=DIRECTION('',(0.,9.71445146547012E-17,-1.));
#5410=DIRECTION('',(-0.00149632464668129,9.71444059019658E-17,-0.999998880505649));
#5411=DIRECTION('',(0.672723635652968,-7.18766290045364E-17,0.739893850517663));
#5412=DIRECTION('',(-9.49482051989685E-34,-1.,-9.71445146547012E-17));
#5413=DIRECTION('',(0.,9.71445146547012E-17,-1.));
#5414=DIRECTION('',(-0.672723635652967,7.18766290045364E-17,-0.739893850517663));
#5415=DIRECTION('',(-1.,9.49482051989685E-34,9.22369731138877E-50));
#5416=DIRECTION('',(0.00149632464668129,-9.71444059019658E-17,0.999998880505649));
#5417=DIRECTION('',(-0.999998880505649,-1.45359731567723E-19,0.00149632464668132));
#5418=DIRECTION('',(-1.,9.49482051989685E-34,0.));
#5419=DIRECTION('',(0.,-9.71445146547012E-17,1.));
#5420=DIRECTION('',(0.424810370066784,-8.79432153887536E-17,0.905282358981838));
#5421=DIRECTION('',(-1.,9.49456747137388E-34,2.60486682004731E-22));
#5422=DIRECTION('',(-0.70816405050702,6.85886833529365E-17,-0.706047928663127));
#5423=DIRECTION('',(0.,-1.,0.));
#5424=DIRECTION('',(-1.,0.,0.));
#5425=DIRECTION('',(-0.298370920435417,1.81720349449936E-19,-0.954449995462582));
#5426=DIRECTION('',(0.711106300295639,0.,-0.703084511051018));
#5427=DIRECTION('',(0.,0.,-1.));
#5428=DIRECTION('',(0.961580715674725,0.,-0.274522362008061));
#5429=DIRECTION('',(0.703096609355744,0.,0.711094338264942));
#5430=DIRECTION('',(0.,-1.,0.));
#5431=DIRECTION('',(-1.,0.,0.));
#5432=DIRECTION('',(0.711106300295639,0.,-0.703084511051018));
#5433=DIRECTION('',(0.336697600903035,-3.05702753946543E-19,0.941612832084472));
#5434=DIRECTION('',(0.961580715674725,0.,-0.274522362008061));
#5435=DIRECTION('',(0.,0.,1.));
#5436=DIRECTION('',(0.703096609355744,0.,0.711094338264942));
#5437=DIRECTION('',(-0.298370920435417,1.81720349449936E-19,-0.954449995462582));
#5438=DIRECTION('',(-0.707106781186548,0.,-0.707106781186548));
#5439=DIRECTION('',(0.,1.,0.));
#5440=DIRECTION('',(0.577350269189626,0.577350269189626,-0.577350269189626));
#5441=DIRECTION('',(-0.00292843992649515,-0.999991424202825,0.00292843992649515));
#5442=DIRECTION('',(0.707106781186548,0.,-0.707106781186548));
#5443=DIRECTION('',(0.,1.,0.));
#5444=DIRECTION('',(-0.707106781186548,0.,-0.707106781186548));
#5445=DIRECTION('',(0.,1.,0.));
#5446=DIRECTION('',(-0.707106781186548,0.,0.707106781186548));
#5447=DIRECTION('',(-0.00292843992649515,-0.999991424202825,0.00292843992649515));
#5448=DIRECTION('',(-0.577350269189626,0.577350269189626,0.577350269189626));
#5449=DIRECTION('',(0.,1.,0.));
#5450=DIRECTION('',(-1.,0.,0.));
#5451=DIRECTION('',(0.,0.,1.));
#5452=DIRECTION('',(0.,0.,1.));
#5453=DIRECTION('',(0.,0.999982975821549,0.00583507215718554));
#5454=DIRECTION('',(0.,0.,1.));
#5455=DIRECTION('',(0.,-1.,0.));
#5456=DIRECTION('',(0.,-1.,0.));
#5457=DIRECTION('',(-1.,0.,0.));
#5458=DIRECTION('',(-0.711106420507516,0.,0.703084389467572));
#5459=DIRECTION('',(-1.,0.,0.));
#5460=DIRECTION('',(-1.,0.,0.));
#5461=DIRECTION('',(0.,0.,1.));
#5462=DIRECTION('',(0.,0.,-1.));
#5463=DIRECTION('',(0.,0.999982975821549,0.00583507215718554));
#5464=DIRECTION('',(0.,-1.,0.));
#5465=DIRECTION('',(-1.,0.,0.));
#5466=DIRECTION('',(0.,1.,0.));
#5467=DIRECTION('',(0.,-1.,0.));
#5468=DIRECTION('',(0.,0.,1.));
#5469=DIRECTION('',(0.,0.,-1.));
#5470=DIRECTION('',(0.707106781186548,-0.707106781186548,0.));
#5471=DIRECTION('',(0.,0.,-1.));
#5472=DIRECTION('',(0.580632836216266,0.580632836216266,-0.570728498513005));
#5473=DIRECTION('',(0.576294732574535,0.576294732574535,0.579455574150159));
#5474=DIRECTION('',(0.707106781186548,0.707106781186548,0.));
#5475=DIRECTION('',(0.69312454182958,0.69312454182958,-0.197880618118777));
#5476=DIRECTION('',(-0.274522362008061,0.,-0.961580715674724));
#5477=DIRECTION('',(-0.961580715674725,0.,0.274522362008061));
#5478=DIRECTION('',(0.,-1.,0.));
#5479=DIRECTION('',(0.69312454182958,-0.69312454182958,-0.197880618118777));
#5480=DIRECTION('',(-0.707106781186548,-0.707106781186548,0.));
#5481=DIRECTION('',(0.,0.,-1.));
#5482=DIRECTION('',(0.574027788463051,-0.574027788463051,0.583938520860235));
#5483=DIRECTION('',(0.578409430796977,-0.578409430796977,-0.575226095314039));
#5484=DIRECTION('',(0.00139697559140313,-0.00139697559140313,-0.999998048457293));
#5485=DIRECTION('',(0.707106781186548,-0.707106781186548,0.));
#5486=DIRECTION('',(0.,0.,-1.));
#5487=DIRECTION('',(-1.,0.,0.));
#5488=DIRECTION('',(0.,1.,0.));
#5489=DIRECTION('',(0.,0.,1.));
#5490=DIRECTION('',(0.,1.,0.));
#5491=DIRECTION('',(0.,0.,-1.));
#5492=DIRECTION('',(-1.,0.,0.));
#5493=DIRECTION('',(0.590191580798413,0.807263214790982,0.));
#5494=DIRECTION('',(0.590191580798413,-0.807263214790982,0.));
#5495=DIRECTION('',(0.,-1.,0.));
#5496=DIRECTION('',(1.,0.,0.));
#5497=DIRECTION('',(-1.,0.,0.));
#5498=DIRECTION('',(0.,-1.,0.));
#5499=DIRECTION('',(0.807263214790982,0.590191580798413,0.));
#5500=DIRECTION('',(0.590191580798413,-0.807263214790982,0.));
#5501=DIRECTION('',(0.590191580798413,-0.807263214790982,0.));
#5502=DIRECTION('',(0.,0.,-1.));
#5503=DIRECTION('',(0.,0.,-1.));
#5504=DIRECTION('',(0.,0.,-1.));
#5505=DIRECTION('',(0.,1.,0.));
#5506=DIRECTION('',(-0.00590164668156212,-0.999982585131584,0.));
#5507=DIRECTION('',(-1.,0.,0.));
#5508=DIRECTION('',(0.,-1.,0.));
#5509=DIRECTION('',(0.590191580798413,0.807263214790982,0.));
#5510=DIRECTION('',(0.,-1.,0.));
#5511=DIRECTION('',(-1.,0.,0.));
#5512=DIRECTION('',(0.,-1.,0.));
#5513=DIRECTION('',(1.,0.,0.));
#5514=DIRECTION('',(-0.711106420507516,0.,0.703084389467572));
#5515=DIRECTION('',(0.703096609355744,0.,0.711094338264942));
#5516=DIRECTION('',(0.,0.,-1.));
#5517=DIRECTION('',(0.,1.,0.));
#5518=DIRECTION('',(1.,0.,0.));
#5519=DIRECTION('',(0.711106420507516,0.,-0.703084389467572));
#5520=DIRECTION('',(0.,0.,-1.));
#5521=DIRECTION('',(0.,0.,-1.));
#5522=DIRECTION('',(-0.703096609355744,0.,-0.711094338264942));
#5523=DIRECTION('',(-0.807263214790982,0.590191580798413,0.));
#5524=DIRECTION('',(0.590191580798413,0.807263214790982,0.));
#5525=DIRECTION('',(0.,0.,-1.));
#5526=DIRECTION('',(1.,0.,0.));
#5527=DIRECTION('',(0.,0.,-1.));
#5528=DIRECTION('',(0.,-1.,0.));
#5529=DIRECTION('',(0.,0.,-1.));
#5530=DIRECTION('',(0.,-1.,0.));
#5531=DIRECTION('',(0.,0.,-1.));
#5532=DIRECTION('',(0.,1.,0.));
#5533=DIRECTION('',(0.,0.,-1.));
#5534=DIRECTION('',(0.,1.,0.));
#5535=DIRECTION('',(0.,0.,-1.));
#5536=DIRECTION('',(-0.905282358981837,-5.6709098039244E-8,0.424810370066784));
#5537=DIRECTION('',(0.424810370066784,0.,0.905282358981838));
#5538=DIRECTION('',(0.,1.,1.33492734723798E-7));
#5539=DIRECTION('',(0.,-1.,0.));
#5540=DIRECTION('',(0.,1.,1.33492734723798E-7));
#5541=DIRECTION('',(0.424810370066787,-1.20848614326983E-7,0.905282358981829));
#5542=DIRECTION('',(0.671863457176529,0.,0.74067502652027));
#5543=DIRECTION('',(0.74067502652027,0.,-0.671863457176529));
#5544=DIRECTION('',(0.,1.,0.));
#5545=DIRECTION('',(0.74067502652027,0.,-0.671863457176529));
#5546=DIRECTION('',(0.,1.,0.));
#5547=DIRECTION('',(0.74067502652027,0.,-0.671863457176529));
#5548=DIRECTION('',(0.,1.,0.));
#5549=DIRECTION('',(0.,0.,1.));
#5550=DIRECTION('',(1.,0.,0.));
#5551=DIRECTION('',(0.,1.,0.));
#5552=DIRECTION('',(1.,0.,0.));
#5553=DIRECTION('',(0.,-1.,0.));
#5554=DIRECTION('',(1.,0.,0.));
#5555=DIRECTION('',(0.00722892899150899,-0.0174521784124419,-0.999821566107821));
#5556=DIRECTION('',(0.,0.999847691176682,-0.0174526344331742));
#5557=DIRECTION('',(0.999973870951454,0.000126163855032178,0.00722782796184045));
#5558=DIRECTION('',(-0.999973862990578,0.,-0.00723003013134074));
#5559=DIRECTION('',(2.46655923417524E-18,0.999847691176682,-0.0174526344331742));
#5560=DIRECTION('',(0.999973870951454,0.000126163855032178,0.00722782796184045));
#5561=DIRECTION('',(5.93585179214583E-18,0.999847691176682,-0.0174526344331746));
#5562=DIRECTION('',(5.93585179214583E-18,0.999847691176682,-0.0174526344331746));
#5563=DIRECTION('',(0.999973870951454,0.00012616385503223,0.00722782796184325));
#5564=DIRECTION('',(0.00722782801936707,0.,-0.999973878909906));
#5565=DIRECTION('',(0.0072289289915118,-0.0174521784124417,-0.999821566107821));
#5566=DIRECTION('',(0.0072289289915118,-0.0174521784124417,-0.999821566107821));
#5567=DIRECTION('',(-8.95435353261738E-19,0.999847691176682,-0.0174526344331741));
#5568=DIRECTION('',(0.0072289289915118,-0.0174521784124417,-0.999821566107821));
#5569=DIRECTION('',(-8.95435353261738E-19,0.999847691176682,-0.0174526344331741));
#5570=DIRECTION('',(8.9213648856285E-5,0.999999996020462,2.90632649979579E-15));
#5571=DIRECTION('',(0.999999996020463,-8.9213648856285E-5,0.));
#5572=DIRECTION('',(0.501295294907839,-4.4722382593705E-5,0.865276271085236));
#5573=DIRECTION('',(5.08779237126363E-8,-4.53609891218777E-12,-1.));
#5574=DIRECTION('',(0.999998876526107,-8.9213548982104E-5,-0.00149632465263598));
#5575=DIRECTION('',(0.0014963246466813,-1.33492585041592E-7,0.99999888050564));
#5576=DIRECTION('',(-1.47439474671456E-15,1.,1.33492731581823E-7));
#5577=DIRECTION('',(0.,-1.33492731581823E-7,1.));
#5578=DIRECTION('',(0.,1.33492731581823E-7,-1.));
#5579=DIRECTION('',(1.,1.47439474671457E-15,0.));
#5580=DIRECTION('',(-0.999998880505649,-1.99749938811789E-10,0.00149632464668129));
#5581=DIRECTION('',(0.0014963246466813,-1.33492582135258E-7,0.99999888050564));
#5582=DIRECTION('',(1.,1.47439474671457E-15,1.43229362079028E-31));
#5583=DIRECTION('',(0.0014963246466813,-1.33492582135258E-7,0.99999888050564));
#5584=DIRECTION('',(0.708164050507016,-9.42522655808158E-8,0.706047928663124));
#5585=DIRECTION('',(-1.,-1.47439474671458E-15,6.366569983591E-23));
#5586=DIRECTION('',(-2.462691575599E-5,0.999901343817111,-0.0140464239666076));
#5587=DIRECTION('',(0.,0.014046423970867,0.999901344120324));
#5588=DIRECTION('',(-0.999973870951454,-0.000126163855032181,-0.00722782796184046));
#5589=DIRECTION('',(0.00722888704292021,-0.0140458789478035,-0.999875220453385));
#5590=DIRECTION('',(-0.999973870951454,-0.000126163855032181,-0.00722782796184045));
#5591=DIRECTION('',(0.00722888704292021,-0.0140458789478035,-0.999875220453385));
#5592=DIRECTION('',(0.000126167150655642,-0.999999992040925,-6.57256754083477E-16));
#5593=DIRECTION('',(-0.999999992040925,-0.000126167150655642,0.));
#5594=DIRECTION('',(-8.29242119118885E-20,6.57256748852322E-16,-1.));
#5595=DIRECTION('',(-8.29242119118885E-20,6.57256748852322E-16,-1.));
#5596=DIRECTION('',(0.999999992040925,0.000126167150655642,6.05192686138889E-31));
#5597=DIRECTION('',(-8.29242119118885E-20,6.57256748852322E-16,-1.));
#5598=DIRECTION('',(-8.29242119118885E-20,6.57256748852322E-16,-1.));
#5599=DIRECTION('',(0.999973870951454,0.000126163855032181,0.00722782796184046));
#5600=DIRECTION('',(0.00722782790431363,9.11914460031828E-7,-0.999973878910321));
#5601=DIRECTION('',(0.999973870951454,0.000126163855032181,0.00722782796184045));
#5602=DIRECTION('',(-0.00149632467543296,-1.8878702160042E-7,-0.999998880505588));
#5603=DIRECTION('',(-0.00149632467543296,-1.8878702160042E-7,-0.999998880505588));
#5604=DIRECTION('',(0.00722782790431363,9.11914459387989E-7,-0.999973878910321));
#5605=DIRECTION('',(-0.999973870951454,-0.000126163855032181,-0.00722782796184045));
#5606=DIRECTION('',(-0.00722782790431362,-9.11914460031827E-7,0.999973878910321));
#5607=DIRECTION('',(-0.00722782790431362,-9.11914460031827E-7,0.999973878910321));
#5608=DIRECTION('',(-0.999973870951454,-0.000126163855032181,-0.00722782796184045));
#5609=DIRECTION('',(-0.00722782790431362,-9.11914460031827E-7,0.999973878910321));
#5610=DIRECTION('',(-0.00722782790431362,-9.11914460031827E-7,0.999973878910321));
#5611=DIRECTION('',(-0.999973870951454,-0.000126163855032181,-0.00722782796184045));
#5612=DIRECTION('',(0.00722782790431363,9.11914460031828E-7,-0.999973878910321));
#5613=DIRECTION('',(-0.999973870951454,-0.000126163855032181,-0.00722782796184045));
#5614=DIRECTION('',(0.00722782790431363,9.11914460031828E-7,-0.999973878910321));
#5615=DIRECTION('',(0.00722889839895827,-0.0145432684546497,-0.999868109487743));
#5616=DIRECTION('',(0.,0.999894235551631,-0.01454364846313));
#5617=DIRECTION('',(-0.999973870951454,-0.000126163855032181,-0.00722782796184045));
#5618=DIRECTION('',(-2.10309728236432E-5,0.999894233119352,-0.0145438004785719));
#5619=DIRECTION('',(0.999973870951454,0.000126163855032181,0.00722782796184045));
#5620=DIRECTION('',(-2.10309728236432E-5,0.999894233119352,-0.0145438004785719));
#5621=DIRECTION('',(-0.999973870951454,-0.000126163855032181,-0.00722782796184045));
#5622=DIRECTION('',(0.00722843966083861,-0.0290843722771891,-0.999550823594934));
#5623=DIRECTION('',(-0.999973870951454,-0.000126163855032181,-0.00722782796184045));
#5624=DIRECTION('',(-0.00722782801936427,0.,0.999973878909906));
#5625=DIRECTION('',(-2.10309728235941E-5,0.999894233119352,-0.0145438004785786));
#5626=DIRECTION('',(0.007228928991509,-0.0174521784124446,-0.999821566107821));
#5627=DIRECTION('',(-5.26040449698208E-18,-0.999847691176682,0.0174526344331748));
#5628=DIRECTION('',(0.007228928991509,-0.0174521784124422,-0.999821566107821));
#5629=DIRECTION('',(-2.93268831680704E-18,-0.999847691176682,0.0174526344331745));
#5630=DIRECTION('',(-0.000126167150655638,0.999999992040925,5.1882885601694E-18));
#5631=DIRECTION('',(0.000126167150655642,-0.999999992040925,-6.57256754083477E-16));
#5632=DIRECTION('',(-0.007228806621565,0.0116342354037537,0.999906190060546));
#5633=DIRECTION('',(0.00722889839895827,-0.014543268454653,-0.999868109487743));
#5634=DIRECTION('',(0.007228928991509,-0.0174521784124418,-0.999821566107821));
#5635=DIRECTION('',(-0.999973870951454,-0.000126163855032181,-0.00722782796184045));
#5636=DIRECTION('',(-0.00722782790431363,-9.11914459374554E-7,0.999973878910321));
#5637=DIRECTION('',(0.00722889839895827,-0.014543268454653,-0.999868109487743));
#5638=DIRECTION('',(-0.007228806621565,0.0116342354037537,0.999906190060546));
#5639=DIRECTION('',(0.000126167150655642,-0.999999992040925,-6.57256754083477E-16));
#5640=DIRECTION('',(0.000126167150655642,-0.999999992040925,-6.57256754083477E-16));
#5641=DIRECTION('',(8.1112766893675E-19,-0.999847691176682,0.0174526344331741));
#5642=DIRECTION('',(0.00722782790431363,9.11914459387989E-7,-0.999973878910321));
#5643=DIRECTION('',(0.999973870951454,0.000126163855032183,0.00722782796184045));
#5644=DIRECTION('',(0.00722782801936426,0.,-0.999973878909906));
#5645=DIRECTION('',(0.000126167150655642,-0.999999992040925,-6.57256754083477E-16));
#5646=DIRECTION('',(0.00722892899150899,-0.0174521784124417,-0.999821566107821));
#5647=DIRECTION('',(-0.00182737406072026,0.971786452065129,0.235855363065401));
#5648=DIRECTION('',(-0.999973870951454,-0.000126163855032178,-0.00722782796184045));
#5649=DIRECTION('',(-0.00722782801936426,0.,0.999973878909906));
#5650=DIRECTION('',(-0.00185844753191359,-0.961754977790971,0.273904926693661));
#5651=DIRECTION('',(-0.999973870951454,-0.000126163855032178,-0.00722782796184045));
#5652=DIRECTION('',(-0.00722782801936426,0.,0.999973878909906));
#5653=DIRECTION('',(-0.00012616715065564,0.999999992040925,4.07948682048774E-16));
#5654=DIRECTION('',(0.00722782790431362,9.11914459782512E-7,-0.999973878910321));
#5655=DIRECTION('',(-0.00185844753191359,-0.961754977790971,0.273904926693661));
#5656=DIRECTION('',(2.90016503086577E-18,0.999847691176682,-0.0174526344331742));
#5657=DIRECTION('',(0.00722892899150899,-0.0174521784124417,-0.999821566107821));
#5658=DIRECTION('',(-0.999973870951454,-0.000126163855032178,-0.00722782796184045));
#5659=DIRECTION('',(-0.00722782801936426,0.,0.999973878909906));
#5660=DIRECTION('',(0.00722782790431362,9.11914459782512E-7,-0.999973878910321));
#5661=DIRECTION('',(-0.00012616715065564,0.999999992040925,4.07948682048774E-16));
#5662=DIRECTION('',(0.00722892899150899,-0.0174521784124417,-0.999821566107821));
#5663=DIRECTION('',(-2.90016503086577E-18,-0.999847691176682,0.0174526344331742));
#5664=DIRECTION('',(-0.00185844753191358,-0.961754977790971,0.273904926693661));
#5665=DIRECTION('',(0.999973870951454,0.000126163855032183,0.00722782796184045));
#5666=DIRECTION('',(0.00722782801936426,0.,-0.999973878909906));
#5667=DIRECTION('',(-0.00182737406072026,0.971786452065129,0.235855363065401));
#5668=DIRECTION('',(0.999973870951454,0.000126163855032183,0.00722782796184045));
#5669=DIRECTION('',(0.00722782801936426,0.,-0.999973878909906));
#5670=DIRECTION('',(0.000126167150655642,-0.999999992040925,-6.57256754083477E-16));
#5671=DIRECTION('',(-0.00182737406072026,0.971786452065129,0.235855363065401));
#5672=DIRECTION('',(6.04426917647726E-18,0.999847691176682,-0.0174526344331746));
#5673=DIRECTION('',(0.00722892899150899,-0.0174521784124417,-0.999821566107821));
#5674=DIRECTION('',(-0.999973870951454,-0.000126163855032179,-0.00722782796184045));
#5675=DIRECTION('',(-0.00722782801936427,0.,0.999973878909906));
#5676=DIRECTION('',(0.00722892899150899,-0.0174521784124417,-0.999821566107821));
#5677=DIRECTION('',(-2.08703464838004E-18,0.999847691176682,-0.0174526344331738));
#5678=DIRECTION('',(0.00722892899150899,-0.0174521784124417,-0.999821566107821));
#5679=DIRECTION('',(1.20385851146304E-18,0.999847691176682,-0.0174526344331741));
#5680=DIRECTION('',(-0.999973870951454,-0.000126163855032179,-0.00722782796184045));
#5681=DIRECTION('',(-0.00722782801936427,0.,0.999973878909906));
#5682=DIRECTION('',(-2.00572161013146E-18,0.999847691176682,-0.0174526344331738));
#5683=DIRECTION('',(0.00722892899150899,-0.0174521784124417,-0.999821566107821));
#5684=DIRECTION('',(1.10353696884112E-18,0.999847691176682,-0.0174526344331741));
#5685=DIRECTION('',(0.00722892899150899,-0.0174521784124417,-0.999821566107821));
#5686=DIRECTION('',(-0.00722892899150899,0.0174521784124417,0.999821566107821));
#5687=DIRECTION('',(-0.999973870951455,-0.000126163855032179,-0.00722782796184045));
#5688=DIRECTION('',(-0.999973870951454,-0.000126163855032608,-0.00722782796184044));
#5689=DIRECTION('',(-0.999973870951454,-0.000126163855031221,-0.00722782796184046));
#5690=DIRECTION('',(1.14674619344616E-17,0.999847691176682,-0.0174526344331738));
#5691=DIRECTION('',(-0.00722892899150899,0.0174521784124417,0.999821566107821));
#5692=DIRECTION('',(-0.999973870951455,-0.000126163855032179,-0.00722782796184045));
#5693=DIRECTION('',(0.999973870951454,0.000126163855031915,0.00722782796184045));
#5694=DIRECTION('',(8.02572340975359E-19,-0.999847691176682,0.0174526344331741));
#5695=DIRECTION('',(-0.999973870951454,-0.000126163855031915,-0.00722782796184045));
#5696=DIRECTION('',(-9.89334553215951E-18,0.999847691176682,-0.0174526344331741));
#5697=DIRECTION('',(-0.00722889839895827,0.0145432684546519,0.999868109487743));
#5698=DIRECTION('',(0.,-0.999894235551631,0.0145436484631322));
#5699=DIRECTION('',(-0.999973870951454,-0.000126163855032181,-0.00722782796184046));
#5700=DIRECTION('',(2.1030972823627E-5,-0.999894233119352,0.0145438004785741));
#5701=DIRECTION('',(0.999973870951454,0.000126163855032181,0.00722782796184045));
#5702=DIRECTION('',(2.1030972823627E-5,-0.999894233119352,0.0145438004785741));
#5703=DIRECTION('',(2.1030972823627E-5,-0.999894233119352,0.0145438004785741));
#5704=DIRECTION('',(4.20617676426935E-5,-0.999932312033796,0.0116348434263627));
#5705=DIRECTION('',(0.,-0.0116348434366549,-0.999932312918332));
#5706=DIRECTION('',(0.007228806621565,-0.0116342354037537,-0.999906190060546));
#5707=DIRECTION('',(0.999973870951454,0.000126163855032181,0.00722782796184045));
#5708=DIRECTION('',(0.007228806621565,-0.0116342354037537,-0.999906190060546));
#5709=DIRECTION('',(-0.999973870951454,-0.000126163855032181,-0.00722782796184045));
#5710=DIRECTION('',(0.00722843966083861,-0.0290843722771891,-0.999550823594934));
#5711=DIRECTION('',(0.00722782790431363,9.11914459387989E-7,-0.999973878910321));
#5712=DIRECTION('',(-0.999973870951454,-0.000126163855032181,-0.00722782796184045));
#5713=DIRECTION('',(0.00722843966083861,-0.0290843722771891,-0.999550823594934));
#5714=DIRECTION('',(-0.999973870951454,-0.000126163855032181,-0.00722782796184045));
#5715=DIRECTION('',(-0.00722782801936427,0.,0.999973878909906));
#5716=DIRECTION('',(-2.16840505320029E-18,0.999847691176682,-0.0174526344331738));
#5717=DIRECTION('',(-0.00722889839895827,0.0145432684546542,0.999868109487743));
#5718=DIRECTION('',(-0.007228928991509,0.0174521784124418,0.999821566107821));
#5719=DIRECTION('',(-0.00012616715065564,0.999999992040925,4.07948682048774E-16));
#5720=DIRECTION('',(0.00722782790431363,9.11914459787632E-7,-0.999973878910321));
#5721=DIRECTION('',(0.000126167150655637,-0.999999992040925,-1.75240528875074E-18));
#5722=DIRECTION('',(-2.70593406550753E-18,0.999847691176682,-0.0174526344331737));
#5723=DIRECTION('',(0.007228928991509,-0.0174521784124414,-0.999821566107821));
#5724=DIRECTION('',(0.999973870951454,0.000126163855032181,0.00722782796184045));
#5725=DIRECTION('',(0.00722782801936427,0.,-0.999973878909906));
#5726=DIRECTION('',(0.00722782790431363,9.11914459387989E-7,-0.999973878910321));
#5727=DIRECTION('',(-8.38232723248888E-19,0.999847691176682,-0.0174526344331741));
#5728=DIRECTION('',(-0.00012616715065564,0.999999992040925,4.07948682048774E-16));
#5729=DIRECTION('',(0.00722782790431363,9.11914459387989E-7,-0.999973878910321));
#5730=DIRECTION('',(-0.00012616715065564,0.999999992040925,4.07948682048774E-16));
#5731=DIRECTION('',(-4.20617676426935E-5,0.999932312033796,-0.0116348434263627));
#5732=DIRECTION('',(0.,0.0116348434366549,0.999932312918332));
#5733=DIRECTION('',(0.999973870951454,0.000126163855032181,0.00722782796184045));
#5734=DIRECTION('',(-0.999973870951454,-0.000126163855032184,-0.00722782796184045));
#5735=DIRECTION('',(-0.00722782801936427,0.,0.999973878909906));
#5736=DIRECTION('',(0.00722892899150899,-0.0174521784124417,-0.999821566107821));
#5737=DIRECTION('',(-1.95151291796575E-18,0.999847691176682,-0.0174526344331739));
#5738=DIRECTION('',(0.00722892899150899,-0.0174521784124417,-0.999821566107821));
#5739=DIRECTION('',(-4.38906748970899E-18,0.999847691176682,-0.0174526344331741));
#5740=DIRECTION('',(-0.999973870951454,-0.000126163855032181,-0.00722782796184045));
#5741=DIRECTION('',(-0.00722782801936427,0.,0.999973878909906));
#5742=DIRECTION('',(0.00722892899150899,-0.0174521784124417,-0.999821566107821));
#5743=DIRECTION('',(-5.69191267740011E-18,0.999847691176682,-0.0174526344331734));
#5744=DIRECTION('',(0.00722892899150899,-0.0174521784124417,-0.999821566107821));
#5745=DIRECTION('',(-9.78135040563719E-19,0.999847691176682,-0.0174526344331741));
#5746=DIRECTION('',(-9.78135040563719E-19,0.999847691176682,-0.0174526344331741));
#5747=DIRECTION('',(0.999973870951454,0.00012616385503218,0.00722782796184044));
#5748=DIRECTION('',(0.00722782790431362,9.1191445937455E-7,-0.999973878910321));
#5749=DIRECTION('',(-1.49344946916546E-17,0.999847691176682,-0.017452634433172));
#5750=DIRECTION('',(-0.00722892899150899,0.0174521784124417,0.999821566107821));
#5751=DIRECTION('',(1.64794424183774E-17,-0.999847691176682,0.0174526344331719));
#5752=DIRECTION('',(-0.00722892899150899,0.0174521784124434,0.999821566107821));
#5753=DIRECTION('',(0.999973870951454,0.00012616385503218,0.00722782796184044));
#5754=DIRECTION('',(0.00722782790431362,9.1191445937455E-7,-0.999973878910321));
#5755=DIRECTION('',(-2.71043460828577E-19,-0.999847691176682,0.0174526344331741));
#5756=DIRECTION('',(-0.00722892899150899,0.0174521784124434,0.999821566107821));
#5757=DIRECTION('',(-6.23416957408445E-19,0.999847691176682,-0.0174526344331741));
#5758=DIRECTION('',(-0.00722892899150899,0.0174521784124417,0.999821566107821));
#5759=DIRECTION('',(-0.999973870951454,-0.000126163855032179,-0.00722782796184045));
#5760=DIRECTION('',(-0.00722782790431362,-9.11914459374538E-7,0.999973878910321));
#5761=DIRECTION('',(-0.00722892899150899,0.0174521784124434,0.999821566107821));
#5762=DIRECTION('',(-2.16834768662861E-18,-0.999847691176682,0.0174526344331741));
#5763=DIRECTION('',(-0.00722892899150899,0.0174521784124417,0.999821566107821));
#5764=DIRECTION('',(1.19262238973405E-18,0.999847691176682,-0.0174526344331741));
#5765=DIRECTION('',(8.95435353261738E-19,-0.999847691176682,0.0174526344331741));
#5766=DIRECTION('',(0.,-0.0174526344331741,-0.999847691176682));
#5767=DIRECTION('',(0.00722892899151183,-0.0174521784124417,-0.999821566107821));
#5768=DIRECTION('',(0.999973870951454,0.000126163855032181,0.00722782796184045));
#5769=DIRECTION('',(-0.999973870951454,-0.000126163855032181,-0.00722782796184045));
#5770=DIRECTION('',(-0.999973870951454,-0.000126163855032178,-0.00722782796184045));
#5771=DIRECTION('',(8.67452998472308E-19,-0.999847691176682,0.0174526344331741));
#5772=DIRECTION('',(0.,-0.0174526344331741,-0.999847691176682));
#5773=DIRECTION('',(0.999973870951454,0.000126163855032181,0.00722782796184045));
#5774=DIRECTION('',(0.999973870951454,0.000126163855032181,0.00722782796184045));
#5775=DIRECTION('',(0.999973870951454,0.000126163855032181,0.00722782796184045));
#5776=DIRECTION('',(0.00722892899151183,-0.0174521784124417,-0.999821566107821));
#5777=DIRECTION('',(-0.999973870951454,-0.000126163855032178,-0.00722782796184045));
#5778=DIRECTION('',(-0.999973870951454,-0.000126163855032181,-0.00722782796184045));
#5779=DIRECTION('',(0.999973870951454,0.000126163855032178,0.00722782796184045));
#5780=DIRECTION('',(0.00722892899150899,-0.0174521784124417,-0.999821566107821));
#5781=DIRECTION('',(0.999973868961486,6.30859075765761E-5,0.00722892899150892));
#5782=DIRECTION('',(-0.999973870951454,-0.000126163855032181,-0.00722782796184045));
#5783=DIRECTION('',(-0.999973870951454,-0.000126163855032181,-0.00722782796184045));
#5784=DIRECTION('',(0.00021533674037625,0.999847695162469,-0.0174510775709323));
#5785=DIRECTION('',(-0.999973870951454,-0.000126163855032181,-0.00722782796184045));
#5786=DIRECTION('',(-0.999973870951454,-0.000126163855032181,-0.00722782796184045));
#5787=DIRECTION('',(-0.999973870951454,-0.000126163855032181,-0.00722782796184045));
#5788=DIRECTION('',(-0.999973870951454,-0.000126163855032181,-0.00722782796184045));
#5789=DIRECTION('',(-0.999973870951454,-0.000126163855032181,-0.00722782796184045));
#5790=DIRECTION('',(-0.999973847748835,8.92249035665579E-5,-0.00723158746797677));
#5791=DIRECTION('',(-0.999973847748835,8.92249035665579E-5,-0.00723158746797677));
#5792=DIRECTION('',(-0.000215350319592388,-0.999847695161258,0.0174510774727304));
#5793=DIRECTION('',(0.00021533674037625,0.999847695162469,-0.0174510775709323));
#5794=DIRECTION('',(-0.999973847748835,8.92249035665579E-5,-0.00723158746797677));
#5795=DIRECTION('',(-0.999973870951454,-0.000126163855032181,-0.00722782796184045));
#5796=DIRECTION('',(0.000126167150655642,-0.999999992040925,-6.57256754083477E-16));
#5797=DIRECTION('',(-0.999999992040925,-0.000126167150655642,0.));
#5798=DIRECTION('',(-0.999973870951454,-0.000126163855032181,-0.00722782796184045));
#5799=DIRECTION('',(-0.00722782790431362,-9.11914460031827E-7,0.999973878910321));
#5800=DIRECTION('',(0.00722782790431363,9.11914459387989E-7,-0.999973878910321));
#5801=DIRECTION('',(-0.00149632467543296,-1.8878702160042E-7,-0.999998880505588));
#5802=DIRECTION('',(-0.00149632467543296,-1.8878702160042E-7,-0.999998880505588));
#5803=DIRECTION('',(0.999973870951454,0.000126163855032181,0.00722782796184045));
#5804=DIRECTION('',(0.00722782790431363,9.11914460031828E-7,-0.999973878910321));
#5805=DIRECTION('',(0.00722782790431363,9.11914460031828E-7,-0.999973878910321));
#5806=DIRECTION('',(-0.00722782790431362,-9.11914460031827E-7,0.999973878910321));
#5807=DIRECTION('',(-0.999973870951454,-0.000126163855032181,-0.00722782796184045));
#5808=DIRECTION('',(-0.00722782790431363,-9.11914459374554E-7,0.999973878910321));
#5809=DIRECTION('',(0.007228928991509,-0.0174521784124418,-0.999821566107821));
#5810=DIRECTION('',(-2.10309728235941E-5,0.999894233119352,-0.0145438004785786));
#5811=DIRECTION('',(0.00722889839895827,-0.0145432684546565,-0.999868109487743));
#5812=DIRECTION('',(0.,0.999894235551631,-0.0145436484631368));
#5813=DIRECTION('',(-0.999973870951454,-0.000126163855032181,-0.00722782796184045));
#5814=DIRECTION('',(0.999973870951454,0.000126163855032181,0.00722782796184045));
#5815=DIRECTION('',(-2.10309728235941E-5,0.999894233119352,-0.0145438004785786));
#5816=DIRECTION('',(5.29395592033938E-20,-0.999847691176682,0.0174526344331741));
#5817=DIRECTION('',(0.,-0.0174526344331741,-0.999847691176682));
#5818=DIRECTION('',(0.999973870951454,0.000126163855032181,0.00722782796184045));
#5819=DIRECTION('',(-0.999973870951454,-0.000126163855032181,-0.00722782796184045));
#5820=DIRECTION('',(-0.00722782790431363,-9.11914459374554E-7,0.999973878910321));
#5821=DIRECTION('',(-0.000126167150655638,0.999999992040925,1.34402555679407E-17));
#5822=DIRECTION('',(-0.007228928991509,0.0174521784124446,0.999821566107821));
#5823=DIRECTION('',(0.00722782790431363,9.11914459387995E-7,-0.999973878910321));
#5824=DIRECTION('',(-0.999973878910737,0.,-0.00722782790431664));
#5825=DIRECTION('',(-0.999973870951454,-0.000126163855032181,-0.00722782796184045));
#5826=DIRECTION('',(8.92159783263044E-5,0.999999996019043,1.55679285854107E-6));
#5827=DIRECTION('',(0.000126167150655642,-0.999999992040925,-6.57256754083477E-16));
#5828=DIRECTION('',(0.000126167150655642,-0.999999992040925,-6.57256754083477E-16));
#5829=DIRECTION('',(-0.999998876526107,8.9213548982104E-5,0.00149632465263598));
#5830=DIRECTION('',(-6.30859075785723E-5,-0.999847697146334,0.0174521784124419));
#5831=DIRECTION('',(-8.92136488562807E-5,-0.999999996020462,5.00890818081866E-21));
#5832=DIRECTION('',(-0.00149632467543296,-1.8878702160042E-7,-0.999998880505588));
#5833=DIRECTION('',(-5.29395592033938E-20,0.999847691176682,-0.0174526344331741));
#5834=DIRECTION('',(0.,0.0174526344331741,0.999847691176682));
#5835=DIRECTION('',(0.999973870951454,0.000126163855032181,0.00722782796184045));
#5836=DIRECTION('',(-0.007228928991509,0.0174521784124418,0.999821566107821));
#5837=DIRECTION('',(-0.007228928991509,0.0174521784124418,0.999821566107821));
#5838=DIRECTION('',(-0.999973870951454,-0.000126163855032181,-0.00722782796184045));
#5839=DIRECTION('',(-0.00722782790431363,-9.11914459374554E-7,0.999973878910321));
#5840=DIRECTION('',(0.000126167150655638,-0.999999992040925,-1.34339864265178E-17));
#5841=DIRECTION('',(-0.00722889839895827,0.0145432684546542,0.999868109487743));
#5842=DIRECTION('',(-2.19551010751242E-18,0.999847691176682,-0.0174526344331738));
#5843=DIRECTION('',(0.00012616715065564,-0.999999992040925,-4.07948682048774E-16));
#5844=DIRECTION('',(-0.999999992040925,-0.00012616715065564,0.));
#5845=DIRECTION('',(0.00722782782296567,0.,-0.999973878911325));
#5846=DIRECTION('',(0.00722782790431327,9.11914459242626E-7,-0.999973878910321));
#5847=DIRECTION('',(0.00722782790431363,9.11914459782513E-7,-0.999973878910321));
#5848=DIRECTION('',(0.999973870951454,0.000126163855032181,0.00722782796184046));
#5849=DIRECTION('',(-0.00149632467543296,-1.88787021849725E-7,-0.999998880505588));
#5850=DIRECTION('',(-0.999973870951454,-0.000126163855032181,-0.00722782796184045));
#5851=DIRECTION('',(-0.00722782790431363,-9.11914459374554E-7,0.999973878910321));
#5852=DIRECTION('',(0.000126167150655638,-0.999999992040925,-1.34339864265178E-17));
#5853=DIRECTION('',(-0.00722782790431363,-9.11914459387988E-7,0.999973878910321));
#5854=DIRECTION('',(0.999973878910737,0.,0.00722782790431664));
#5855=DIRECTION('',(0.000126167150655638,-0.999999992040925,-1.34339583882549E-17));
#5856=DIRECTION('',(0.999973870951454,0.000126163855032181,0.00722782796184046));
#5857=DIRECTION('',(-0.00012616715065564,0.999999992040925,4.07948682048774E-16));
#5858=DIRECTION('',(-8.92159783263044E-5,-0.999999996019043,-1.55679285854107E-6));
#5859=DIRECTION('',(-0.999998876526107,8.9213548982104E-5,0.00149632465263598));
#5860=DIRECTION('',(0.0014963246466813,-1.33492582135263E-7,0.99999888050564));
#5861=DIRECTION('',(-8.92136488562807E-5,-0.999999996020462,4.96835021984037E-21));
#5862=DIRECTION('',(-8.92136488562807E-5,-0.999999996020462,5.00890818081866E-21));
#5863=DIRECTION('',(0.0014963246466813,-1.33492582135258E-7,0.99999888050564));
#5864=DIRECTION('',(0.999998880505649,0.,-0.00149632464668132));
#5865=DIRECTION('',(2.52692968634623E-19,1.,1.33492731579616E-7));
#5866=DIRECTION('',(-8.92136488562807E-5,-0.999999996020462,5.00890818081866E-21));
#5867=DIRECTION('',(0.000126167150655642,-0.999999992040925,-6.57256754083477E-16));
#5868=DIRECTION('',(0.999998876526107,-8.9213548982104E-5,-0.00149632465263598));
#5869=DIRECTION('',(0.999998876526107,-8.9213548982104E-5,-0.00149632465263598));
#5870=DIRECTION('',(0.000126167150655642,-0.999999992040925,-6.57256754083477E-16));
#5871=DIRECTION('',(0.999998876526107,-8.9213548982104E-5,-0.00149632465263598));
#5872=DIRECTION('',(0.999998876526107,-8.9213548982104E-5,-0.00149632465263598));
#5873=DIRECTION('',(8.92136488562815E-5,0.999999996020462,5.10514238124832E-16));
#5874=DIRECTION('',(-8.92136488562807E-5,-0.999999996020462,5.00890818081866E-21));
#5875=DIRECTION('',(0.999973874932099,-8.92113184986665E-5,0.00722782779420376));
#5876=DIRECTION('',(0.00722782782296567,0.,-0.999973878911325));
#5877=DIRECTION('',(0.999973874932099,-8.92113184986665E-5,0.00722782779420376));
#5878=DIRECTION('',(0.00722782782296567,0.,-0.999973878911325));
#5879=DIRECTION('',(0.00722782790431363,9.11914459387989E-7,-0.999973878910321));
#5880=DIRECTION('',(-8.92136488562807E-5,-0.999999996020463,0.));
#5881=DIRECTION('',(0.00722782790431363,9.11914459387989E-7,-0.999973878910321));
#5882=DIRECTION('',(8.92136488562815E-5,0.999999996020462,5.10514238124832E-16));
#5883=DIRECTION('',(-0.999973874930888,8.9224900138598E-5,-0.00722782779418262));
#5884=DIRECTION('',(-0.00722782782295328,0.,0.999973878911325));
#5885=DIRECTION('',(8.92272308509888E-5,0.999999996019251,0.));
#5886=DIRECTION('',(-2.65078960843233E-16,-0.999847691176682,0.0174526344331741));
#5887=DIRECTION('',(0.,-0.0174526344331741,-0.999847691176682));
#5888=DIRECTION('',(-0.999973870951454,-0.000126163855032178,-0.00722782796184045));
#5889=DIRECTION('',(-0.999973870951454,-0.000126163855032178,-0.00722782796184045));
#5890=DIRECTION('',(-0.00722892899150899,0.0174521784124417,0.999821566107821));
#5891=DIRECTION('',(-0.999973870951454,-0.00012616385503218,-0.00722782796184044));
#5892=DIRECTION('',(0.999973870951454,0.00012616385503218,0.00722782796184044));
#5893=DIRECTION('',(-0.00722892899150899,0.0174521784124417,0.999821566107821));
#5894=DIRECTION('',(0.999973870951454,0.00012616385503218,0.00722782796184044));
#5895=DIRECTION('',(-0.999973870951454,-0.000126163855031915,-0.00722782796184045));
#5896=DIRECTION('',(0.00722892899150899,-0.0174521784124417,-0.999821566107821));
#5897=DIRECTION('',(-0.999973870951454,-0.000126163855032181,-0.00722782796184045));
#5898=DIRECTION('',(-0.00722892899150899,0.0174521784124417,0.999821566107821));
#5899=DIRECTION('',(0.00722892899150899,-0.0174521784124417,-0.999821566107821));
#5900=DIRECTION('',(-0.999973870951454,-0.000126163855032181,-0.00722782796184045));
#5901=DIRECTION('',(-0.00722892899150676,0.0174521784124417,0.999821566107821));
#5902=DIRECTION('',(0.999973870951454,0.000126163855031907,0.00722782796184001));
#5903=DIRECTION('',(-0.00722892899150676,0.0174521784124417,0.999821566107821));
#5904=DIRECTION('',(0.999973870951454,0.000126163855032181,0.00722782796184045));
#5905=DIRECTION('',(0.00722892899150899,-0.0174521784124417,-0.999821566107821));
#5906=DIRECTION('',(-0.999973870951454,-0.000126163855031915,-0.00722782796184045));
#5907=DIRECTION('',(-0.00722892899150899,0.0174521784124417,0.999821566107821));
#5908=DIRECTION('',(0.999973870951454,0.000126163855032181,0.00722782796184045));
#5909=DIRECTION('',(-0.999973870951454,-0.000126163855031915,-0.00722782796184045));
#5910=DIRECTION('',(-0.999973870951454,-0.000126163855032179,-0.00722782796184044));
#5911=DIRECTION('',(0.00722892899150899,-0.0174521784124396,-0.999821566107821));
#5912=DIRECTION('',(-0.999973870951454,-0.000126163855032179,-0.00722782796184044));
#5913=DIRECTION('',(-0.00722892899150899,0.0174521784124417,0.999821566107821));
#5914=DIRECTION('',(0.999973870951454,0.000126163855032179,0.00722782796184045));
#5915=DIRECTION('',(-0.00722892899150899,0.0174521784124417,0.999821566107821));
#5916=DIRECTION('',(0.999973870951454,0.000126163855032178,0.00722782796184045));
#5917=DIRECTION('',(-0.00722892899150899,0.0174521784124417,0.999821566107821));
#5918=DIRECTION('',(0.999973870951454,0.00012616385503218,0.00722782796184045));
#5919=DIRECTION('',(-3.43601283480076E-18,0.999847691176682,-0.0174526344331741));
#5920=DIRECTION('',(-0.999973870951454,-0.000126163855032181,-0.00722782796184045));
#5921=DIRECTION('',(-3.43601283480076E-18,0.999847691176682,-0.0174526344331741));
#5922=DIRECTION('',(0.999973870951454,0.000126163855032183,0.00722782796184045));
#5923=DIRECTION('',(0.00722782801936426,0.,-0.999973878909906));
#5924=DIRECTION('',(-0.00722892899150899,0.0174521784124417,0.999821566107821));
#5925=DIRECTION('',(0.999973870951454,0.000126163855032183,0.00722782796184045));
#5926=DIRECTION('',(0.00722782801936426,0.,-0.999973878909906));
#5927=DIRECTION('',(-0.00722892899150899,0.0174521784124417,0.999821566107821));
#5928=DIRECTION('',(-8.89384594617015E-19,0.999847691176682,-0.0174526344331741));
#5929=DIRECTION('',(0.,0.0174526344331741,0.999847691176682));
#5930=DIRECTION('',(-9.58841296291868E-16,-0.999847691176682,0.0174526344331741));
#5931=DIRECTION('',(0.,-0.0174526344331741,-0.999847691176682));
#5932=DIRECTION('',(-0.999973870951454,-0.000126163855032178,-0.00722782796184045));
#5933=DIRECTION('',(-0.999973870951454,-0.000126163855032178,-0.00722782796184045));
#5934=DIRECTION('',(-0.00722892899150899,0.0174521784124434,0.999821566107821));
#5935=DIRECTION('',(0.999973870951454,0.000126163855032179,0.00722782796184045));
#5936=DIRECTION('',(-0.00722892899150899,0.0174521784124434,0.999821566107821));
#5937=DIRECTION('',(-0.999973870951454,-0.000126163855032179,-0.00722782796184044));
#5938=DIRECTION('',(-0.00722892899150899,0.0174521784124399,0.999821566107821));
#5939=DIRECTION('',(-0.999973870951454,-0.000126163855032179,-0.00722782796184044));
#5940=DIRECTION('',(-0.999973870951454,-0.000126163855031221,-0.00722782796184046));
#5941=DIRECTION('',(0.999973870951454,0.000126163855032181,0.00722782796184045));
#5942=DIRECTION('',(0.00722892899150899,-0.0174521784124486,-0.999821566107821));
#5943=DIRECTION('',(0.999973870951454,0.000126163855032181,0.00722782796184045));
#5944=DIRECTION('',(0.00722892899150676,-0.0174521784124426,-0.999821566107821));
#5945=DIRECTION('',(-0.999973870951454,-0.00012616385502985,-0.00722782796184005));
#5946=DIRECTION('',(0.00722892899150676,-0.0174521784124423,-0.999821566107821));
#5947=DIRECTION('',(-0.999973870951454,-0.000126163855032181,-0.00722782796184045));
#5948=DIRECTION('',(-0.999973870951454,-0.000126163855031221,-0.00722782796184046));
#5949=DIRECTION('',(-0.00722892899150899,0.0174521784124409,0.999821566107821));
#5950=DIRECTION('',(-0.999973870951454,-0.000126163855032181,-0.00722782796184045));
#5951=DIRECTION('',(0.00722892899150899,-0.0174521784124417,-0.999821566107821));
#5952=DIRECTION('',(-0.999973870951454,-0.000126163855031221,-0.00722782796184046));
#5953=DIRECTION('',(0.999973870951454,0.00012616385503218,0.00722782796184044));
#5954=DIRECTION('',(-0.00722892899150899,0.0174521784124434,0.999821566107821));
#5955=DIRECTION('',(0.999973870951454,0.00012616385503218,0.00722782796184044));
#5956=DIRECTION('',(-0.999973870951454,-0.00012616385503218,-0.00722782796184044));
#5957=DIRECTION('',(-0.00722892899150899,0.0174521784124434,0.999821566107821));
#5958=DIRECTION('',(0.00722892899150899,-0.0174521784124417,-0.999821566107821));
#5959=DIRECTION('',(-0.999973870951454,-0.00012616385503218,-0.00722782796184045));
#5960=DIRECTION('',(8.27652726630839E-19,-0.999847691176682,0.0174526344331741));
#5961=DIRECTION('',(-4.21350479012063E-18,0.999847691176682,-0.0174526344331741));
#5962=DIRECTION('',(-0.999973870951454,-0.000126163855032608,-0.00722782796184044));
#5963=DIRECTION('',(-8.95435353261738E-19,0.999847691176682,-0.0174526344331741));
#5964=DIRECTION('',(0.00722892899150899,-0.0174521784124419,-0.999821566107821));
#5965=DIRECTION('',(0.,0.999847691176682,-0.0174526344331742));
#5966=DIRECTION('',(-0.999973862990578,0.,-0.00723003013134074));
#5967=DIRECTION('',(2.90016503086577E-18,0.999847691176682,-0.0174526344331742));
#5968=DIRECTION('',(2.46655923417524E-18,0.999847691176682,-0.0174526344331742));
#5969=DIRECTION('',(0.00722892899150899,-0.0174521784124419,-0.999821566107821));
#5970=DIRECTION('',(0.,0.999847691176682,-0.0174526344331742));
#5971=DIRECTION('',(-8.95435353261738E-19,0.999847691176682,-0.0174526344331741));
#5972=DIRECTION('',(-5.6920543232561E-19,-0.999847691176682,0.0174526344331742));
#5973=DIRECTION('',(0.999973870951454,0.00012616385503223,0.00722782796184328));
#5974=DIRECTION('',(0.00722782801936711,0.,-0.999973878909906));
#5975=DIRECTION('',(-0.999973870951454,-0.000126163855032179,-0.00722782796184045));
#5976=DIRECTION('',(-0.00722782790431362,-9.11914459374538E-7,0.999973878910321));
#5977=DIRECTION('',(-1.31185035041031E-17,0.999847691176682,-0.017452634433172));
#5978=DIRECTION('',(1.4663451230826E-17,-0.999847691176682,0.0174526344331719));
#5979=DIRECTION('',(-0.00722892899150899,0.0174521784124395,0.999821566107821));
#5980=DIRECTION('',(0.,-0.999847691176682,0.0174526344331719));
#5981=DIRECTION('',(1.4663451230826E-17,-0.999847691176682,0.0174526344331719));
#5982=DIRECTION('',(-0.999973870951454,-0.000126163855032179,-0.00722782796184045));
#5983=DIRECTION('',(-0.00722782790431362,-9.11914459374538E-7,0.999973878910321));
#5984=DIRECTION('',(2.46655923417524E-18,0.999847691176682,-0.0174526344331742));
#5985=DIRECTION('',(0.00722892899150899,-0.0174521784124395,-0.999821566107821));
#5986=DIRECTION('',(0.,0.999847691176682,-0.0174526344331719));
#5987=DIRECTION('',(1.64794424183774E-17,-0.999847691176682,0.0174526344331719));
#5988=DIRECTION('',(0.999973870951454,0.00012616385503218,0.00722782796184044));
#5989=DIRECTION('',(0.00722782790431362,9.1191445937455E-7,-0.999973878910321));
#5990=DIRECTION('',(0.00722892899150899,-0.0174521784124418,-0.999821566107821));
#5991=DIRECTION('',(0.,0.999847691176682,-0.0174526344331741));
#5992=DIRECTION('',(-2.222613745366E-18,-0.999847691176682,0.0174526344331741));
#5993=DIRECTION('',(-0.00722892899150899,0.0174521784124397,0.999821566107821));
#5994=DIRECTION('',(0.,-0.999847691176682,0.017452634433172));
#5995=DIRECTION('',(-1.30917419409917E-17,0.999847691176682,-0.017452634433172));
#5996=DIRECTION('',(0.999973870951454,0.000126163855032179,0.00722782796184045));
#5997=DIRECTION('',(-0.00722782801936427,-2.11758236813575E-22,0.999973878909906));
#5998=DIRECTION('',(-0.00722892899150899,0.0174521784124418,0.999821566107821));
#5999=DIRECTION('',(0.,-0.999847691176682,0.0174526344331741));
#6000=DIRECTION('',(-2.98154889204234E-19,-0.999847691176682,0.0174526344331741));
#6001=DIRECTION('',(0.00722892899150899,-0.0174521784124397,-0.999821566107821));
#6002=DIRECTION('',(0.,0.999847691176682,-0.017452634433172));
#6003=DIRECTION('',(-1.49348849259878E-17,0.999847691176682,-0.017452634433172));
#6004=DIRECTION('',(-0.999973870951454,-0.00012616385503218,-0.00722782796184044));
#6005=DIRECTION('',(-0.00722782801936426,0.,0.999973878909906));
#6006=DIRECTION('',(4.28664205372019E-16,-0.999847691176682,0.0174526344331741));
#6007=DIRECTION('',(0.,-0.0174526344331741,-0.999847691176682));
#6008=DIRECTION('',(0.00722892899150899,-0.0174521784124417,-0.999821566107821));
#6009=DIRECTION('',(-0.999973870951454,-0.000126163855032181,-0.00722782796184045));
#6010=DIRECTION('',(0.00722892899150899,-0.0174521784124412,-0.999821566107821));
#6011=DIRECTION('',(-0.999973870951454,-0.000126163855032608,-0.00722782796184044));
#6012=DIRECTION('',(-0.999973870951454,-0.000126163855032181,-0.00722782796184045));
#6013=DIRECTION('',(-0.00722892899150676,0.0174521784124424,0.999821566107821));
#6014=DIRECTION('',(0.999973870951454,0.000126163855032601,0.00722782796184));
#6015=DIRECTION('',(-0.00722892899150676,0.0174521784124424,0.999821566107821));
#6016=DIRECTION('',(0.999973870951454,0.000126163855032181,0.00722782796184045));
#6017=DIRECTION('',(-0.00722892899150899,0.0174521784124412,0.999821566107821));
#6018=DIRECTION('',(0.999973870951454,0.000126163855032181,0.00722782796184045));
#6019=DIRECTION('',(-0.999973870951454,-0.000126163855032184,-0.00722782796184045));
#6020=DIRECTION('',(-0.00722782801936427,0.,0.999973878909906));
#6021=DIRECTION('',(1.70757380322003E-18,-0.999847691176682,0.0174526344331739));
#6022=DIRECTION('',(-0.00722892899150899,0.0174521784124417,0.999821566107821));
#6023=DIRECTION('',(-0.999973870951455,-0.000126163855032179,-0.00722782796184045));
#6024=DIRECTION('',(1.1300783687734E-17,-0.999847691176682,0.0174526344331738));
#6025=DIRECTION('',(2.6510415829133E-16,0.999847691176682,-0.0174526344331741));
#6026=DIRECTION('',(0.,0.0174526344331741,0.999847691176682));
#6027=DIRECTION('',(0.999973870951454,0.000126163855032181,0.00722782796184045));
#6028=DIRECTION('',(-0.00722892899150899,0.0174521784124417,0.999821566107821));
#6029=DIRECTION('',(0.999973870951454,0.000126163855031915,0.00722782796184045));
#6030=DIRECTION('',(0.00722892899150899,-0.0174521784124417,-0.999821566107821));
#6031=DIRECTION('',(0.999973870951454,0.000126163855032181,0.00722782796184045));
#6032=DIRECTION('',(-0.00722892899150676,0.0174521784124417,0.999821566107821));
#6033=DIRECTION('',(-0.999973870951454,-0.000126163855031907,-0.00722782796184001));
#6034=DIRECTION('',(-0.00722892899150676,0.0174521784124417,0.999821566107821));
#6035=DIRECTION('',(-0.999973870951454,-0.000126163855032181,-0.00722782796184045));
#6036=DIRECTION('',(0.00722892899150899,-0.0174521784124417,-0.999821566107821));
#6037=DIRECTION('',(-0.00722892899150899,0.0174521784124417,0.999821566107821));
#6038=DIRECTION('',(-0.999973870951454,-0.000126163855032181,-0.00722782796184045));
#6039=DIRECTION('',(0.00722892899150899,-0.0174521784124417,-0.999821566107821));
#6040=DIRECTION('',(0.999973870951454,0.000126163855031915,0.00722782796184045));
#6041=DIRECTION('',(-0.00722892899150899,0.0174521784124417,0.999821566107821));
#6042=DIRECTION('',(0.999973870951454,0.00012616385503218,0.00722782796184045));
#6043=DIRECTION('',(8.27652726630839E-19,-0.999847691176682,0.0174526344331741));
#6044=DIRECTION('',(0.999973870951454,0.000126163855032181,0.00722782796184045));
#6045=DIRECTION('',(0.00722782801936427,0.,-0.999973878909906));
#6046=DIRECTION('',(0.,0.999847691176682,-0.0174526344331741));
#6047=DIRECTION('',(-0.00722892899150899,0.0174521784124417,0.999821566107821));
#6048=DIRECTION('',(-0.999973870951455,-0.000126163855032179,-0.00722782796184045));
#6049=DIRECTION('',(9.02893883597279E-19,-0.999847691176682,0.0174526344331741));
#6050=DIRECTION('',(-1.29562159612018E-17,-0.999847691176682,0.0174526344331741));
#6051=DIRECTION('',(-0.999973870951454,-0.00012616385503219,-0.00722782796184044));
#6052=DIRECTION('',(-0.00722782801936426,0.,0.999973878909906));
#6053=DIRECTION('',(9.15948439707513E-18,-0.999847691176682,0.0174526344331741));
#6054=DIRECTION('',(-0.00722892899150899,0.0174521784124418,0.999821566107821));
#6055=DIRECTION('',(0.,-0.999847691176682,0.0174526344331741));
#6056=DIRECTION('',(-0.999973870951454,-0.00012616385503219,-0.00722782796184044));
#6057=DIRECTION('',(-0.00722782801936426,0.,0.999973878909906));
#6058=DIRECTION('',(-1.08671028187398E-17,0.999847691176682,-0.0174526344331739));
#6059=DIRECTION('',(0.00722892899150899,-0.0174521784124416,-0.999821566107821));
#6060=DIRECTION('',(0.,0.999847691176682,-0.0174526344331739));
#6061=DIRECTION('',(0.999973870951454,0.000126163855032167,0.00722782796184045));
#6062=DIRECTION('',(-0.00722782801936427,-2.11758236813575E-22,0.999973878909906));
#6063=DIRECTION('',(-8.2128314565777E-18,-0.999847691176682,0.0174526344331734));
#6064=DIRECTION('',(0.00722892899150899,-0.017452178412441,-0.999821566107821));
#6065=DIRECTION('',(0.,0.999847691176682,-0.0174526344331734));
#6066=DIRECTION('',(0.999973870951454,0.000126163855032167,0.00722782796184045));
#6067=DIRECTION('',(-0.00722782801936427,-2.11758236813575E-22,0.999973878909906));
#6068=DIRECTION('',(-1.19282478577679E-17,-0.999847691176682,0.0174526344331739));
#6069=DIRECTION('',(0.00722892899150899,-0.0174521784124416,-0.999821566107821));
#6070=DIRECTION('',(0.,0.999847691176682,-0.0174526344331739));
#6071=DIRECTION('',(0.00722892899150855,-0.0174521784124417,-0.999821566107821));
#6072=DIRECTION('',(0.,0.999847691176682,-0.0174526344331741));
#6073=DIRECTION('',(3.20083586372033E-16,-0.999847691176682,0.0174526344331741));
#6074=DIRECTION('',(8.53727895669398E-16,-0.999847691176682,0.0174526344331741));
#6075=DIRECTION('',(0.999973870951454,0.000126163855032181,0.00722782796184045));
#6076=DIRECTION('',(0.00722782801936427,0.,-0.999973878909906));
#6077=DIRECTION('',(-5.8274344078144E-18,0.999847691176682,-0.0174526344331733));
#6078=DIRECTION('',(0.999973870951454,0.000126163855032181,0.00722782796184045));
#6079=DIRECTION('',(0.00722782801936427,0.,-0.999973878909906));
#6080=DIRECTION('',(-5.74612136956582E-18,0.999847691176682,-0.0174526344331733));
#6081=DIRECTION('',(0.00722892899150855,-0.0174521784124417,-0.999821566107821));
#6082=DIRECTION('',(0.,0.999847691176682,-0.0174526344331741));
#6083=DIRECTION('',(-8.54814122510541E-16,0.999847691176682,-0.0174526344331739));
#6084=DIRECTION('',(-3.21005158926875E-16,0.999847691176682,-0.0174526344331739));
#6085=DIRECTION('',(-0.999973870951454,-0.000126163855032461,-0.0072278279618382));
#6086=DIRECTION('',(-0.00722782801936202,0.,0.999973878909906));
#6087=DIRECTION('',(3.21278233430424E-16,-0.999847691176682,0.0174526344331738));
#6088=DIRECTION('',(-0.00722892899150899,0.0174521784124415,0.999821566107821));
#6089=DIRECTION('',(0.,-0.999847691176682,0.0174526344331738));
#6090=DIRECTION('',(-0.999973870951454,-0.000126163855032461,-0.0072278279618382));
#6091=DIRECTION('',(-0.00722782801936202,0.,0.999973878909906));
#6092=DIRECTION('',(3.24991625871186E-16,-0.999847691176682,0.0174526344331733));
#6093=DIRECTION('',(-0.00722892899150899,0.017452178412441,0.999821566107821));
#6094=DIRECTION('',(0.,-0.999847691176682,0.0174526344331733));
#6095=DIRECTION('',(0.999973870951454,0.000126163855032994,0.00722782796183819));
#6096=DIRECTION('',(0.00722782801936201,0.,-0.999973878909906));
#6097=DIRECTION('',(8.54922542727789E-16,-0.999847691176682,0.0174526344331739));
#6098=DIRECTION('',(0.00722892899150899,-0.0174521784124415,-0.999821566107821));
#6099=DIRECTION('',(0.,0.999847691176682,-0.0174526344331738));
#6100=DIRECTION('',(0.999973870951454,0.000126163855032994,0.00722782796183819));
#6101=DIRECTION('',(0.00722782801936201,0.,-0.999973878909906));
#6102=DIRECTION('',(8.5860883011424E-16,-0.999847691176682,0.0174526344331733));
#6103=DIRECTION('',(0.00722892899150899,-0.017452178412441,-0.999821566107821));
#6104=DIRECTION('',(0.,0.999847691176682,-0.0174526344331733));
#6105=DIRECTION('',(-0.00699414886933971,-0.235862408334502,0.971761290758303));
#6106=DIRECTION('',(0.,-0.971785059997308,-0.235868177518776));
#6107=DIRECTION('',(-0.00182737406072026,0.971786452065129,0.235855363065401));
#6108=DIRECTION('',(-0.00182737406072026,0.971786452065129,0.235855363065401));
#6109=DIRECTION('',(-0.999973870951454,-0.000126163855032181,-0.00722782796184045));
#6110=DIRECTION('',(0.0069859564223808,-0.273911202357571,-0.961729613579562));
#6111=DIRECTION('',(0.,0.961753082366085,-0.273917886526847));
#6112=DIRECTION('',(-0.00185844753191359,-0.961754977790971,0.273904926693661));
#6113=DIRECTION('',(-0.999973870951454,-0.000126163855032181,-0.00722782796184045));
#6114=DIRECTION('',(-0.00185844753191358,-0.961754977790971,0.273904926693661));
#6115=DIRECTION('',(-5.14697228278177E-20,4.0794867880188E-16,-1.));
#6116=DIRECTION('',(0.999999992040925,0.00012616715065564,-1.91194734233847E-31));
#6117=DIRECTION('',(0.999999992040925,0.000126167150655642,6.05192686138889E-31));
#6118=DIRECTION('',(-2.10309728236189E-5,0.999894233119352,-0.0145438004785752));
#6119=DIRECTION('',(0.,0.0145438004817916,0.99989423334048));
#6120=DIRECTION('',(0.999998880505649,1.99748464162699E-10,-0.00149632464668129));
#6121=DIRECTION('',(-0.00149632464668129,0.,-0.999998880505649));
#6122=DIRECTION('',(1.99748687634866E-10,-1.,-9.71445146547012E-17));
#6123=DIRECTION('',(-0.999973870951454,-0.000126163855032181,-0.00722782796184045));
#6124=DIRECTION('',(0.00722843966083861,-0.0290843722771891,-0.999550823594934));
#6125=DIRECTION('',(-0.999973870951454,-0.000126163855032181,-0.00722782796184045));
#6126=DIRECTION('',(-0.00722782801936427,0.,0.999973878909906));
#6127=DIRECTION('',(-0.00722782790431363,-9.11914459782514E-7,0.999973878910322));
#6128=DIRECTION('',(2.22255637879433E-18,-0.999847691176682,0.0174526344331738));
#6129=DIRECTION('',(-0.007228928991509,0.0174521784124414,0.999821566107821));
#6130=DIRECTION('',(-2.70593406550753E-18,0.999847691176682,-0.0174526344331737));
#6131=DIRECTION('',(-0.000126167150655638,0.999999992040925,1.75202911702078E-18));
#6132=DIRECTION('',(-0.999973870951454,-0.000126163855032181,-0.00722782796184045));
#6133=DIRECTION('',(0.00722843966083861,-0.0290843722771891,-0.999550823594934));
#6134=DIRECTION('',(-0.999973870951454,-0.000126163855032181,-0.00722782796184045));
#6135=DIRECTION('',(-0.00722782801936427,0.,0.999973878909906));
#6136=DIRECTION('',(0.000126167150655638,-0.999999992040925,-5.18810634875816E-18));
#6137=DIRECTION('',(-2.93268831680704E-18,-0.999847691176682,0.0174526344331745));
#6138=DIRECTION('',(-0.007228928991509,0.0174521784124422,0.999821566107821));
#6139=DIRECTION('',(5.20403444790867E-18,0.999847691176682,-0.0174526344331748));
#6140=DIRECTION('',(-0.007228928991509,0.0174521784124446,0.999821566107821));
#6141=DIRECTION('',(0.00012616715065564,-0.999999992040925,-4.07948682048774E-16));
#6142=DIRECTION('',(0.999999992040925,0.00012616715065564,5.1469723237469E-20));
#6143=DIRECTION('',(-0.999973870951454,-0.000126163855032181,-0.00722782796184045));
#6144=DIRECTION('',(-0.999973870951454,-0.000126163855032181,-0.00722782796184046));
#6145=DIRECTION('',(-0.999973870951454,-0.000126163855032181,-0.00722782796184045));
#6146=DIRECTION('',(0.00722782790431362,9.11914459782512E-7,-0.999973878910321));
#6147=DIRECTION('',(-0.999973870951454,-0.000126163855032181,-0.00722782796184045));
#6148=DIRECTION('',(0.00722782790431362,9.11914459782512E-7,-0.999973878910321));
#6149=DIRECTION('',(-0.999973870951454,-0.000126163855032181,-0.00722782796184045));
#6150=DIRECTION('',(0.00722782790431363,9.11914459387989E-7,-0.999973878910321));
#6151=DIRECTION('',(-0.00149632467543296,-1.88787021849725E-7,-0.999998880505588));
#6152=DIRECTION('',(-0.0014963246466813,1.33492582645777E-7,-0.99999888050564));
#6153=DIRECTION('',(-5.14697228278177E-20,4.0794867880188E-16,-1.));
#6154=DIRECTION('',(-5.14697228278177E-20,4.0794867880188E-16,-1.));
#6155=DIRECTION('',(0.999999992040925,0.00012616715065564,-1.91194734233847E-31));
#6156=DIRECTION('',(0.999973870951454,0.000126163855032181,0.00722782796184045));
#6157=DIRECTION('',(0.00722782801936427,0.,-0.999973878909906));
#6158=DIRECTION('',(-0.00012616715065564,0.999999992040925,4.07948682048774E-16));
#6159=DIRECTION('',(0.00722782790431362,9.11914459782512E-7,-0.999973878910321));
#6160=DIRECTION('',(-0.999973878910737,0.,-0.00722782790431663));
#6161=DIRECTION('',(-0.00012616715065564,0.999999992040925,4.07948682048774E-16));
#6162=DIRECTION('',(0.00722782790431362,9.11914459782512E-7,-0.999973878910321));
#6163=DIRECTION('',(-0.999973878910737,0.,-0.00722782790431663));
#6164=DIRECTION('',(0.999973870951454,0.000126163855032181,0.00722782796184045));
#6165=DIRECTION('',(0.00722782801936427,0.,-0.999973878909906));
#6166=DIRECTION('',(-0.00012616715065564,0.999999992040925,4.07948682048774E-16));
#6167=DIRECTION('',(0.999999992040925,0.00012616715065564,5.87747175411144E-36));
#6168=DIRECTION('',(0.00012616715065564,-0.999999992040925,0.));
#6169=DIRECTION('',(-0.00012616715065564,0.999999992040925,4.07948682048774E-16));
#6170=DIRECTION('',(0.999999992040925,0.00012616715065564,5.87747175411144E-36));
#6171=DIRECTION('',(0.00012616715065564,-0.999999992040925,0.));
#6172=DIRECTION('',(-0.00012616715065564,0.999999992040925,4.07948682048774E-16));
#6173=DIRECTION('',(5.14697228280089E-20,-4.0794867880188E-16,1.));
#6174=DIRECTION('',(0.,-1.,-4.0794867880188E-16));
#6175=DIRECTION('',(0.00722782790431362,9.11914459782512E-7,-0.999973878910321));
#6176=DIRECTION('',(-0.999973878910737,0.,-0.00722782790431663));
#6177=DIRECTION('',(0.00722782790431363,9.11914459782513E-7,-0.999973878910321));
#6178=DIRECTION('',(-0.999973878910737,0.,-0.00722782790431664));
#6179=DIRECTION('',(0.999973870951454,0.000126163855032181,0.00722782796184045));
#6180=DIRECTION('',(0.00722782801936427,0.,-0.999973878909906));
#6181=DIRECTION('',(0.000126167150655642,-0.999999992040925,-6.57256754083477E-16));
#6182=DIRECTION('',(0.999973870951454,0.000126163855032181,0.00722782796184045));
#6183=DIRECTION('',(0.00722782801936427,0.,-0.999973878909906));
#6184=DIRECTION('',(0.000126167150655642,-0.999999992040925,-6.57256754083477E-16));
#6185=DIRECTION('',(0.999999992040925,0.000126167150655642,3.52648305246687E-35));
#6186=DIRECTION('',(0.000126167150655642,-0.999999992040925,0.));
#6187=DIRECTION('',(0.000126167150655642,-0.999999992040925,-6.57256754083477E-16));
#6188=DIRECTION('',(-0.999999992040925,-0.000126167150655642,-3.52648305246687E-35));
#6189=DIRECTION('',(-0.000126167150655642,0.999999992040925,0.));
#6190=DIRECTION('',(0.000126167150655642,-0.999999992040925,-6.57256754083477E-16));
#6191=DIRECTION('',(-0.00723158757816507,-9.12388807372835E-7,0.999973851728267));
#6192=DIRECTION('',(0.999973851728684,0.,0.00723158757816808));
#6193=DIRECTION('',(0.000126167150655642,-0.999999992040925,-6.57256754083477E-16));
#6194=DIRECTION('',(-0.999973847748835,8.92249035665579E-5,-0.00723158746797677));
#6195=DIRECTION('',(-0.999973847748835,8.92249035665579E-5,-0.00723158746797677));
#6196=DIRECTION('',(0.000126167150655642,-0.999999992040925,-6.57256754083477E-16));
#6197=DIRECTION('',(-0.00722782790431362,-9.11914460031827E-7,0.999973878910321));
#6198=DIRECTION('',(0.999973878910737,0.,0.00722782790431663));
#6199=DIRECTION('',(-0.00722782790431362,-9.11914460031828E-7,0.999973878910321));
#6200=DIRECTION('',(0.999973878910737,0.,0.00722782790431663));
#6201=DIRECTION('',(-0.00722782790431362,-9.11914460031827E-7,0.999973878910321));
#6202=DIRECTION('',(0.999973878910737,0.,0.00722782790431663));
#6203=DIRECTION('',(-0.00722782790431363,-9.11914460031828E-7,0.999973878910321));
#6204=DIRECTION('',(0.999973878910737,0.,0.00722782790431664));
#6205=DIRECTION('',(-0.999998872546522,-0.000126167009412223,0.00149632468734232));
#6206=DIRECTION('',(0.00149632469925166,0.,0.999998880505571));
#6207=DIRECTION('',(8.29242119112834E-20,-6.57256748852322E-16,1.));
#6208=DIRECTION('',(0.,-1.,-6.57256748852322E-16));
#6209=DIRECTION('',(8.92159783263044E-5,0.999999996019043,1.55679285854107E-6));
#6210=DIRECTION('',(0.999999996020255,-8.92159783264126E-5,0.));
#6211=DIRECTION('',(0.999998876526107,-8.9213548982104E-5,-0.00149632465263598));
#6212=DIRECTION('',(0.999998876526107,-8.9213548982104E-5,-0.00149632465263598));
#6213=DIRECTION('',(0.00722782790431363,9.11914459387989E-7,-0.999973878910321));
#6214=DIRECTION('',(-8.921316662136E-5,-0.999999996020454,3.22279244228E-7));
#6215=DIRECTION('',(-0.999999996020505,8.92131666213646E-5,0.));
#6216=DIRECTION('',(-0.00149632467543296,-1.8878702160042E-7,-0.999998880505588));
#6217=DIRECTION('',(0.0072315874391984,-6.45156304531064E-7,-0.999973851729481));
#6218=DIRECTION('',(-0.999973851729689,0.,-0.0072315874391999));
#6219=DIRECTION('',(-0.999973847748835,8.92249035665579E-5,-0.00723158746797677));
#6220=DIRECTION('',(8.92159783263044E-5,0.999999996019043,1.55679285854107E-6));
#6221=DIRECTION('',(0.999999996020255,-8.92159783264126E-5,0.));
#6222=DIRECTION('',(0.999998876526107,-8.9213548982104E-5,-0.00149632465263598));
#6223=DIRECTION('',(0.999998876526107,-8.9213548982104E-5,-0.00149632465263598));
#6224=DIRECTION('',(0.00722782790431363,9.11914459387989E-7,-0.999973878910321));
#6225=DIRECTION('',(-8.92136488562815E-5,-0.999999996020462,-5.10514238124832E-16));
#6226=DIRECTION('',(-0.999999996020462,8.92136488562815E-5,0.));
#6227=DIRECTION('',(-0.0014963246466813,1.33492582645777E-7,-0.99999888050564));
#6228=DIRECTION('',(-1.18694596821997E-65,-9.71445146547012E-17,1.));
#6229=DIRECTION('',(0.,-1.,-9.71445146547012E-17));
#6230=DIRECTION('',(1.99748687634866E-10,-1.,-9.71445146547012E-17));
#6231=DIRECTION('',(0.999998880505649,1.4535973156772E-19,-0.00149632464668129));
#6232=DIRECTION('',(-0.00149632464668129,0.,-0.999998880505649));
#6233=DIRECTION('',(-9.49482051989685E-34,-1.,-9.71445146547011E-17));
#6234=DIRECTION('',(-0.739893850517663,-6.53514110822535E-17,0.672723635652967));
#6235=DIRECTION('',(0.672723635652968,0.,0.739893850517663));
#6236=DIRECTION('',(0.706047928663127,1.4124356230893E-10,-0.708164050507019));
#6237=DIRECTION('',(1.99748240400061E-10,-1.,-2.98985694360741E-13));
#6238=DIRECTION('',(1.33692779365064E-7,0.999999999999982,1.33492731581821E-7));
#6239=DIRECTION('',(9.77391317836737E-18,-9.71445146547012E-17,1.));
#6240=DIRECTION('',(0.,-1.,-9.71445146547012E-17));
#6241=DIRECTION('',(0.00722782790431363,9.11914459379742E-7,-0.999973878910321));
#6242=DIRECTION('',(-0.999973878910737,0.,-0.00722782790431664));
#6243=DIRECTION('',(-0.999973870951454,-0.000126163855032181,-0.00722782796184045));
#6244=DIRECTION('',(-2.00601927649637E-17,-0.999847691176682,0.0174526344331769));
#6245=DIRECTION('',(0.,-0.0174526344331769,-0.999847691176682));
#6246=DIRECTION('',(-0.999973870951454,-0.000126163855032181,-0.00722782796184045));
#6247=DIRECTION('',(-0.007228928991509,0.0174521784124425,0.999821566107821));
#6248=DIRECTION('',(0.,-0.999847691176682,0.0174526344331748));
#6249=DIRECTION('',(-0.999973870951454,-0.000126163855032181,-0.00722782796184045));
#6250=DIRECTION('',(0.007228928991509,-0.0174521784124415,-0.999821566107821));
#6251=DIRECTION('',(0.,0.999847691176682,-0.0174526344331738));
#6252=DIRECTION('',(0.999973870951454,0.000126163855032181,0.00722782796184046));
#6253=DIRECTION('',(-0.999973870951454,-0.000126163855032181,-0.00722782796184045));
#6254=DIRECTION('',(-0.00722782790431363,-9.11914459376306E-7,0.999973878910321));
#6255=DIRECTION('',(0.999973878910737,0.,0.00722782790431664));
#6256=DIRECTION('',(-0.999973870951454,-0.000126163855032181,-0.00722782796184045));
#6257=DIRECTION('',(2.10309728236102E-5,-0.999894233119352,0.0145438004785764));
#6258=DIRECTION('',(0.,-0.0145438004817928,-0.99989423334048));
#6259=DIRECTION('',(-0.007228928991509,0.0174521784124422,0.999821566107821));
#6260=DIRECTION('',(0.,-0.999847691176682,0.0174526344331745));
#6261=DIRECTION('',(-0.999973870951454,-0.000126163855032181,-0.00722782796184045));
#6262=DIRECTION('',(-2.93268831680704E-18,-0.999847691176682,0.0174526344331745));
#6263=DIRECTION('',(0.,-0.0174526344331745,-0.999847691176682));
#6264=DIRECTION('',(0.007228928991509,-0.0174521784124414,-0.999821566107821));
#6265=DIRECTION('',(0.,0.999847691176682,-0.0174526344331737));
#6266=DIRECTION('',(-0.999973870951454,-0.000126163855032181,-0.00722782796184045));
#6267=DIRECTION('',(2.70593406550753E-18,-0.999847691176682,0.0174526344331737));
#6268=DIRECTION('',(0.,-0.0174526344331737,-0.999847691176682));
#6269=DIRECTION('',(-0.999973870951454,-0.000126163855032181,-0.00722782796184045));
#6270=DIRECTION('',(-0.00722782801936427,0.,0.999973878909906));
#6271=DIRECTION('',(-0.999973870951454,-0.000126163855032181,-0.00722782796184045));
#6272=DIRECTION('',(-0.00722782801936427,0.,0.999973878909906));
#6273=DIRECTION('',(-2.60486682004728E-22,1.33492731581823E-7,-1.));
#6274=DIRECTION('',(0.,1.,1.33492731581823E-7));
#6275=DIRECTION('',(0.,-1.,0.));
#6276=DIRECTION('',(-1.,0.,0.));
#6277=DIRECTION('',(0.,0.,-1.));
#6278=DIRECTION('',(1.,0.,0.));
#6279=DIRECTION('',(0.,-1.,0.));
#6280=DIRECTION('',(-1.,0.,0.));
#6281=DIRECTION('',(1.,0.,0.));
#6282=DIRECTION('',(0.,0.,-1.));
#6283=DIRECTION('',(0.,0.,1.));
#6284=DIRECTION('',(0.,-1.,0.));
#6285=DIRECTION('',(0.,0.,1.));
#6286=DIRECTION('',(0.,-1.,0.));
#6287=DIRECTION('',(0.,-1.,0.));
#6288=DIRECTION('',(0.,0.,1.));
#6289=DIRECTION('',(0.,-1.,0.));
#6290=DIRECTION('',(0.,-1.,0.));
#6291=DIRECTION('',(0.,-1.,0.));
#6292=DIRECTION('',(-1.,0.,0.));
#6293=DIRECTION('',(0.390441696298734,0.,-0.920627656434113));
#6294=DIRECTION('',(0.,0.,-1.));
#6295=DIRECTION('',(0.740675026520269,0.,-0.67186345717653));
#6296=DIRECTION('',(0.,0.,1.));
#6297=DIRECTION('',(-1.,0.,0.));
#6298=DIRECTION('',(0.,1.,0.));
#6299=DIRECTION('',(0.,0.,1.));
#6300=DIRECTION('',(0.,-1.,0.));
#6301=DIRECTION('',(-1.,0.,0.));
#6302=DIRECTION('',(0.390441696298734,0.,-0.920627656434113));
#6303=DIRECTION('',(0.,0.,1.));
#6304=DIRECTION('',(0.740675026520269,0.,-0.67186345717653));
#6305=DIRECTION('',(0.,0.,-1.));
#6306=DIRECTION('',(-1.,0.,0.));
#6307=DIRECTION('',(0.,1.,0.));
#6308=DIRECTION('',(0.,1.,0.));
#6309=DIRECTION('',(0.67186345717653,0.,0.740675026520269));
#6310=DIRECTION('',(0.740675026520269,0.,-0.67186345717653));
#6311=DIRECTION('',(0.,1.,0.));
#6312=DIRECTION('',(0.920627656434113,0.,0.390441696298734));
#6313=DIRECTION('',(0.390441696298734,0.,-0.920627656434113));
#6314=DIRECTION('',(1.,0.,0.));
#6315=DIRECTION('',(0.,-1.,0.));
#6316=DIRECTION('',(-0.115896051554266,0.99326134790101,0.));
#6317=DIRECTION('',(0.99326134790101,0.115896051554266,0.));
#6318=DIRECTION('',(-0.973332660956374,-0.113570727727483,-0.199311868485129));
#6319=DIRECTION('',(-0.985660680246276,-0.115009187918405,0.123474329764521));
#6320=DIRECTION('',(-0.896373678056126,0.443184024897897,0.0101068968250405));
#6321=DIRECTION('',(-0.971244472784237,0.193672978971439,0.138473648404299));
#6322=DIRECTION('',(-0.195556956962484,-0.980692345531244,-9.9450834203308E-9));
#6323=DIRECTION('',(-0.980692345531244,0.195556956962484,0.));
#6324=DIRECTION('',(-0.973374477185011,0.194097725360341,0.121935229424268));
#6325=DIRECTION('',(-0.12429912556937,0.,-0.992244792066297));
#6326=DIRECTION('',(-0.992244792066298,0.,0.12429912556937));
#6327=DIRECTION('',(-0.12429912556937,0.,-0.992244792066298));
#6328=DIRECTION('',(-0.992244792066298,0.,0.12429912556937));
#6329=DIRECTION('',(-0.989525338484697,-0.0739858446404973,0.123958457918683));
#6330=DIRECTION('',(-0.974694366775278,0.187249409862656,0.12210057281859));
#6331=DIRECTION('',(-0.0745609031967337,0.99721646181483,-2.24044114494472E-9));
#6332=DIRECTION('',(0.99721646181483,0.0745609031967337,0.));
#6333=DIRECTION('',(-0.997153430326533,-0.0745561908525214,0.0112432554711663));
#6334=DIRECTION('',(0.0112746348023404,3.29258921466643E-10,0.999936439285055));
#6335=DIRECTION('',(0.999936439285055,0.,-0.0112746348023404));
#6336=DIRECTION('',(-0.981982071517198,0.188649457363384,0.0110721928854908));
#6337=DIRECTION('',(0.188661022021118,0.98204226933974,0.));
#6338=DIRECTION('',(0.982042269339741,-0.188661022021118,0.));
#6339=DIRECTION('',(0.703078336779396,-0.00414939219425141,0.711100298759561));
#6340=DIRECTION('',(-0.711088240259154,0.00414137323583628,0.703090579934663));
#6341=DIRECTION('',(0.703078336779396,-0.00414939219425141,0.711100298759561));
#6342=DIRECTION('',(0.711106420507516,0.,-0.703084389467572));
#6343=DIRECTION('',(0.703078336779396,-0.00414939219425141,0.711100298759561));
#6344=DIRECTION('',(0.711106420507516,0.,-0.703084389467572));
#6345=DIRECTION('',(0.703078336779396,-0.00414939219425141,0.711100298759561));
#6346=DIRECTION('',(0.711106420507516,0.,-0.703084389467572));
#6347=DIRECTION('',(0.703078336779396,-0.00414939219425141,0.711100298759561));
#6348=DIRECTION('',(0.711106420507516,0.,-0.703084389467572));
#6349=DIRECTION('',(0.703078336779396,-0.00414939219425141,0.711100298759561));
#6350=DIRECTION('',(-0.711088240259154,0.00414137323583628,0.703090579934663));
#6351=DIRECTION('',(0.703078336779396,-0.00414939219425141,0.711100298759561));
#6352=DIRECTION('',(-0.711088240259154,0.00414137323583628,0.703090579934663));
#6353=DIRECTION('',(0.703078336779396,-0.00414939219425141,0.711100298759561));
#6354=DIRECTION('',(-0.711088240259154,0.00414137323583628,0.703090579934663));
#6355=DIRECTION('',(0.703078336779396,-0.00414939219425141,0.711100298759561));
#6356=DIRECTION('',(-0.711088240259154,0.00414137323583628,0.703090579934663));
#6357=DIRECTION('',(0.711088240259154,-0.00414137323583584,-0.703090579934663));
#6358=DIRECTION('',(-0.0058623303095097,-0.999982815638419,-3.88741869217302E-5));
#6359=DIRECTION('',(0.711088240259154,-0.00414137323583584,-0.703090579934663));
#6360=DIRECTION('',(-0.00586233030951009,-0.999982815638419,-3.88741869213469E-5));
#6361=DIRECTION('',(0.711088240259154,-0.00414137323583628,-0.703090579934663));
#6362=DIRECTION('',(-0.00586233030951064,-0.999982815638419,-3.88741869208503E-5));
#6363=DIRECTION('',(0.711088240259154,-0.00414137323583628,-0.703090579934663));
#6364=DIRECTION('',(-0.00586233030951081,-0.999982815638419,-3.88741869206933E-5));
#6365=DIRECTION('',(-0.00586233030951061,-0.999982815638419,-3.88741869208316E-5));
#6366=DIRECTION('',(-0.90629230971261,0.0052966469547104,0.422618261421368));
#6367=DIRECTION('',(0.711088240259154,-0.00414137323583628,-0.703090579934663));
#6368=DIRECTION('',(0.703078336779396,-0.00414939219425141,0.711100298759561));
#6369=DIRECTION('',(0.711088240259154,-0.00414137323583628,-0.703090579934663));
#6370=DIRECTION('',(0.703078336779396,-0.00414939219425141,0.711100298759561));
#6371=DIRECTION('',(-0.711088240259154,0.00414137323583628,0.703090579934663));
#6372=DIRECTION('',(-0.711088240259154,0.00414137323583628,0.703090579934663));
#6373=DIRECTION('',(-0.711088240259154,0.00414137323583628,0.703090579934663));
#6374=DIRECTION('',(0.703078336779396,-0.00414939219425141,0.711100298759561));
#6375=DIRECTION('',(0.711088240259154,-0.00414137323583628,-0.703090579934663));
#6376=DIRECTION('',(-0.00444882377112874,-0.9999891368342,0.00139074823171151));
#6377=DIRECTION('',(-0.99999010391542,0.0044488280735494,0.));
#6378=DIRECTION('',(-0.711088240259154,0.00414137323583628,0.703090579934663));
#6379=DIRECTION('',(0.703088701752626,-0.00213898137253875,0.711098939829399));
#6380=DIRECTION('',(-0.711088240259154,0.00414137323583628,0.703090579934663));
#6381=DIRECTION('',(0.703088701752626,-0.00213898137253875,0.711098939829399));
#6382=DIRECTION('',(-0.703078578204203,0.00410810829758891,-0.71110029975846));
#6383=DIRECTION('',(-0.711106300295639,0.,0.703084511051018));
#6384=DIRECTION('',(-0.00583330399480104,-0.999982986092232,-9.51669366182047E-6));
#6385=DIRECTION('',(-0.711088240259154,0.00414137323583628,0.703090579934663));
#6386=DIRECTION('',(-0.00583330399480104,-0.999982986092232,-9.51669366182047E-6));
#6387=DIRECTION('',(0.703078336779396,-0.00414939219425141,0.711100298759561));
#6388=DIRECTION('',(-0.711088240259154,0.00414137323583628,0.703090579934663));
#6389=DIRECTION('',(-0.00586233030951064,-0.999982815638419,-3.88741869208503E-5));
#6390=DIRECTION('',(-0.00444882377113063,-0.9999891368342,0.0013907482317096));
#6391=DIRECTION('',(-0.99999010391542,0.00444882807355129,0.));
#6392=DIRECTION('',(-0.298370920434927,0.,-0.954449995462735));
#6393=DIRECTION('',(-1.,0.,0.));
#6394=DIRECTION('',(0.,0.,1.));
#6395=DIRECTION('',(-0.711088240259154,0.00414137323583628,0.703090579934663));
#6396=DIRECTION('',(0.703078336779396,-0.00414939219425141,0.711100298759561));
#6397=DIRECTION('',(0.703078336779396,-0.00414939219425141,0.711100298759561));
#6398=DIRECTION('',(-0.711088240259154,0.00414137323583628,0.703090579934663));
#6399=DIRECTION('',(-0.00444882377112875,-0.9999891368342,0.00139074823171149));
#6400=DIRECTION('',(-0.99999010391542,0.00444882807354941,0.));
#6401=DIRECTION('',(-0.298370920435412,0.,-0.954449995462583));
#6402=DIRECTION('',(-1.,0.,0.));
#6403=DIRECTION('',(0.336686495477366,-0.00201040649897128,0.941614656868126));
#6404=DIRECTION('',(-0.711088240259154,0.00414137323583628,0.703090579934663));
#6405=DIRECTION('',(0.703078336779396,-0.00414939219425141,0.711100298759561));
#6406=DIRECTION('',(-0.703078578204203,0.00410810829758891,-0.71110029975846));
#6407=DIRECTION('',(-0.711106300295639,0.,0.703084511051018));
#6408=DIRECTION('',(-0.00583330399480104,-0.999982986092232,-9.51669366182047E-6));
#6409=DIRECTION('',(-0.00583330399480104,-0.999982986092232,-9.51669366182047E-6));
#6410=DIRECTION('',(-0.711088240259154,0.00414137323583628,0.703090579934663));
#6411=DIRECTION('',(-0.711088240259154,0.00414137323583628,0.703090579934663));
#6412=DIRECTION('',(-0.00444882377112874,-0.9999891368342,0.00139074823171151));
#6413=DIRECTION('',(-0.99999010391542,0.0044488280735494,0.));
#6414=DIRECTION('',(0.703088701752626,-0.00213898137253875,0.711098939829399));
#6415=DIRECTION('',(-0.711088240259154,0.00414137323583628,0.703090579934663));
#6416=DIRECTION('',(0.703088701752626,-0.00213898137253875,0.711098939829399));
#6417=DIRECTION('',(0.711088240259154,-0.00414137323583628,-0.703090579934663));
#6418=DIRECTION('',(-0.703078578204203,0.00410810829758892,-0.71110029975846));
#6419=DIRECTION('',(0.711088240259154,-0.00414137323583628,-0.703090579934663));
#6420=DIRECTION('',(-0.703078578204203,0.00410810829758892,-0.71110029975846));
#6421=DIRECTION('',(0.703078336779396,-0.00414939219425141,0.711100298759561));
#6422=DIRECTION('',(0.711088240259154,-0.00414137323583628,-0.703090579934663));
#6423=DIRECTION('',(-0.703078578204203,0.00410810829758892,-0.71110029975846));
#6424=DIRECTION('',(-0.00470207431138071,-0.999988301507912,0.00113461204449774));
#6425=DIRECTION('',(-0.906311006949125,-0.000565674202531964,0.422610977963848));
#6426=DIRECTION('',(0.422611020667508,-0.00247388569914373,0.906307787178238));
#6427=DIRECTION('',(-0.906311006949125,-0.000565674202531964,0.422610977963848));
#6428=DIRECTION('',(0.422608919842256,-0.00460893119693992,0.906300424044359));
#6429=DIRECTION('',(-0.000532816319925353,-0.999996779945938,-0.0024811699911653));
#6430=DIRECTION('',(-0.422611020667508,0.00247388569914373,-0.906307787178238));
#6431=DIRECTION('',(0.000532816319925353,0.999996779945938,0.0024811699911653));
#6432=DIRECTION('',(-0.422611020667508,0.00247388569914373,-0.906307787178238));
#6433=DIRECTION('',(0.906291668802409,-0.00540536297436172,-0.422618259319755));
#6434=DIRECTION('',(-0.906311006949125,-0.000565674202531964,0.422610977963848));
#6435=DIRECTION('',(0.422611020667508,-0.00247388569914373,0.906307787178238));
#6436=DIRECTION('',(-0.906311006949125,-0.000565674202531964,0.422610977963848));
#6437=DIRECTION('',(0.422608919842256,-0.00460893119693992,0.906300424044359));
#6438=DIRECTION('',(-0.000532816319925353,-0.999996779945938,-0.0024811699911653));
#6439=DIRECTION('',(-0.422611020667508,0.00247388569914373,-0.906307787178238));
#6440=DIRECTION('',(0.000532816319925353,0.999996779945938,0.0024811699911653));
#6441=DIRECTION('',(-0.422611020667508,0.00247388569914373,-0.906307787178238));
#6442=DIRECTION('',(0.906291668802409,-0.00540536297436172,-0.422618259319755));
#6443=DIRECTION('',(0.703078336779396,-0.00414939219425141,0.711100298759561));
#6444=DIRECTION('',(0.711109741385314,0.00136557378601855,-0.703079704525132));
#6445=DIRECTION('',(0.703078336779396,-0.00414939219425141,0.711100298759561));
#6446=DIRECTION('',(-0.711088240259154,0.00414137323583628,0.703090579934663));
#6447=DIRECTION('',(0.703078336779396,-0.00414939219425141,0.711100298759561));
#6448=DIRECTION('',(0.711109741385314,0.00136557378601855,-0.703079704525132));
#6449=DIRECTION('',(0.703078336779396,-0.00414939219425141,0.711100298759561));
#6450=DIRECTION('',(-0.711088240259154,0.00414137323583628,0.703090579934663));
#6451=DIRECTION('',(0.703078336779396,-0.00414939219425141,0.711100298759561));
#6452=DIRECTION('',(0.711109741385314,0.00136557378601855,-0.703079704525132));
#6453=DIRECTION('',(0.703078336779396,-0.00414939219425141,0.711100298759561));
#6454=DIRECTION('',(-0.711088240259154,0.00414137323583628,0.703090579934663));
#6455=DIRECTION('',(0.703078336779396,-0.00414939219425141,0.711100298759561));
#6456=DIRECTION('',(0.711109741385314,0.00136557378601855,-0.703079704525132));
#6457=DIRECTION('',(0.703078336779396,-0.00414939219425141,0.711100298759561));
#6458=DIRECTION('',(-0.711088240259154,0.00414137323583628,0.703090579934663));
#6459=DIRECTION('',(-0.711088240259154,0.00414137323583554,0.703090579934663));
#6460=DIRECTION('',(0.703088701752626,-0.00213898137253875,0.711098939829399));
#6461=DIRECTION('',(-0.703078336779396,0.00414939219425141,-0.711100298759561));
#6462=DIRECTION('',(0.00586233030951009,0.999982815638419,3.88741869213464E-5));
#6463=DIRECTION('',(-0.703078336779396,0.00414939219425141,-0.711100298759561));
#6464=DIRECTION('',(-0.0058623303095103,-0.999982815638419,-3.88741869211409E-5));
#6465=DIRECTION('',(-0.90629230971261,0.00529664695470998,0.422618261421368));
#6466=DIRECTION('',(-0.703078336779396,0.00414939219425141,-0.711100298759561));
#6467=DIRECTION('',(-0.711088240259154,0.00414137323583584,0.703090579934663));
#6468=DIRECTION('',(-0.711088240259154,0.004141373235835,0.703090579934663));
#6469=DIRECTION('',(0.703088701752626,-0.00213898137253875,0.711098939829399));
#6470=DIRECTION('',(-0.703078336779396,0.00414939219425141,-0.711100298759561));
#6471=DIRECTION('',(0.0058623303095097,0.999982815638419,3.88741869217302E-5));
#6472=DIRECTION('',(0.0058623303095097,0.999982815638419,3.88741869217302E-5));
#6473=DIRECTION('',(-0.0058623303095103,-0.999982815638419,-3.88741869211409E-5));
#6474=DIRECTION('',(-0.90629230971261,0.00529664695470998,0.422618261421368));
#6475=DIRECTION('',(-0.711088240259154,0.00414137323583584,0.703090579934663));
#6476=DIRECTION('',(0.703078336779396,-0.00414939219425141,0.711100298759561));
#6477=DIRECTION('',(-0.711088240259154,0.00414137323583628,0.703090579934663));
#6478=DIRECTION('',(-0.711109741385314,-0.00136557378601855,0.703079704525132));
#6479=DIRECTION('',(-0.711088240259154,0.00414137323583652,0.703090579934663));
#6480=DIRECTION('',(0.703088701752626,-0.00213898137253875,0.711098939829399));
#6481=DIRECTION('',(0.703078336779396,-0.00414939219425141,0.711100298759561));
#6482=DIRECTION('',(-0.00586233030951081,-0.999982815638419,-3.88741869206933E-5));
#6483=DIRECTION('',(0.906311006949124,0.000565674202531964,-0.422610977963848));
#6484=DIRECTION('',(-0.000532816319925353,-0.999996779945938,-0.0024811699911653));
#6485=DIRECTION('',(-0.422611020667508,0.00247388569914373,-0.906307787178238));
#6486=DIRECTION('',(-0.000532816319925353,-0.999996779945938,-0.0024811699911653));
#6487=DIRECTION('',(-0.422611020667508,0.00247388569914373,-0.906307787178238));
#6488=DIRECTION('',(-0.0014351141508812,-0.999989218824842,-0.00441618403777252));
#6489=DIRECTION('',(-0.422611020667508,0.00247388569914373,-0.906307787178238));
#6490=DIRECTION('',(0.000532816319925353,0.999996779945938,0.0024811699911653));
#6491=DIRECTION('',(0.00594443182411711,0.999982330814231,-4.2303964969976E-5));
#6492=DIRECTION('',(-0.906311006949125,-0.000565674202531964,0.422610977963848));
#6493=DIRECTION('',(-0.422611020667508,0.00247388569914373,-0.906307787178238));
#6494=DIRECTION('',(0.000532816319925353,0.999996779945938,0.0024811699911653));
#6495=DIRECTION('',(0.906311006949125,0.000565674202531964,-0.422610977963848));
#6496=DIRECTION('',(0.00594443182411711,0.999982330814231,-4.2303964969976E-5));
#6497=DIRECTION('',(-0.655177246047066,0.00222355056287399,-0.755471926735254));
#6498=DIRECTION('',(-0.755475011081738,-0.00122307834997631,0.655176321084941));
#6499=DIRECTION('',(0.755475011081738,0.00122307834997631,-0.655176321084941));
#6500=DIRECTION('',(-0.00470207431138071,-0.999988301507912,0.00113461204449774));
#6501=DIRECTION('',(0.755475011081738,0.00122307834997631,-0.655176321084941));
#6502=DIRECTION('',(-0.000532816319925353,-0.999996779945938,-0.0024811699911653));
#6503=DIRECTION('',(-0.906311006949125,-0.000565674202531964,0.422610977963848));
#6504=DIRECTION('',(-0.711109741385314,-0.00136557378601855,0.703079704525132));
#6505=DIRECTION('',(-0.711109741385314,-0.00136557378601855,0.703079704525132));
#6506=DIRECTION('',(-0.000532816319925353,-0.999996779945938,-0.0024811699911653));
#6507=DIRECTION('',(-0.906311006949125,-0.000565674202531964,0.422610977963848));
#6508=DIRECTION('',(-0.711109741385314,-0.00136557378601855,0.703079704525132));
#6509=DIRECTION('',(0.703078336779396,-0.00414939219425141,0.711100298759561));
#6510=DIRECTION('',(-0.711088240259154,0.00414137323583628,0.703090579934663));
#6511=DIRECTION('',(-0.703078336779396,0.00414939219425141,-0.711100298759561));
#6512=DIRECTION('',(-0.711106420507516,0.,0.703084389467572));
#6513=DIRECTION('',(-0.703078336779396,0.00414939219425141,-0.711100298759561));
#6514=DIRECTION('',(-0.711106420507516,0.,0.703084389467572));
#6515=DIRECTION('',(-0.703078336779396,0.00414939219425141,-0.711100298759561));
#6516=DIRECTION('',(-0.711106420507516,0.,0.703084389467572));
#6517=DIRECTION('',(-0.703078336779396,0.00414939219425141,-0.711100298759561));
#6518=DIRECTION('',(-0.711106420507516,0.,0.703084389467572));
#6519=DIRECTION('',(0.711088240259154,-0.00414137323583628,-0.703090579934663));
#6520=DIRECTION('',(0.703078336779396,-0.00414939219425141,0.711100298759561));
#6521=DIRECTION('',(-0.711088240259154,0.00414137323583628,0.703090579934663));
#6522=DIRECTION('',(-0.00586233030951061,-0.999982815638419,-3.88741869208316E-5));
#6523=DIRECTION('',(-0.90629230971261,0.0052966469547104,0.422618261421368));
#6524=DIRECTION('',(0.336686495477366,-0.00201040649897128,0.941614656868126));
#6525=DIRECTION('',(0.,-3.88748549310208E-5,0.999999999244373));
#6526=DIRECTION('',(-1.,0.,0.));
#6527=DIRECTION('',(-0.703087053687031,0.0024991748723858,-0.711099394643708));
#6528=DIRECTION('',(-0.711101615373092,0.,0.703089249394257));
#6529=DIRECTION('',(-0.00444882377112874,-0.9999891368342,0.00139074823171151));
#6530=DIRECTION('',(-0.99999010391542,0.0044488280735494,0.));
#6531=DIRECTION('',(0.,-1.,0.));
#6532=DIRECTION('',(-1.,0.,0.));
#6533=DIRECTION('',(0.,-1.,0.));
#6534=DIRECTION('',(-1.,0.,0.));
#6535=DIRECTION('',(-0.703078336779396,0.00414939219425141,-0.711100298759561));
#6536=DIRECTION('',(-0.711106420507515,0.,0.703084389467572));
#6537=DIRECTION('',(0.703078336779396,-0.00414939219425141,0.711100298759561));
#6538=DIRECTION('',(0.711106420507516,0.,-0.703084389467572));
#6539=DIRECTION('',(-0.703078336779396,0.00414939219425141,-0.711100298759561));
#6540=DIRECTION('',(-0.711106420507515,0.,0.703084389467572));
#6541=DIRECTION('',(0.703078336779396,-0.00414939219425141,0.711100298759561));
#6542=DIRECTION('',(0.711106420507516,0.,-0.703084389467572));
#6543=DIRECTION('',(-0.703078336779396,0.00414939219425141,-0.711100298759561));
#6544=DIRECTION('',(-0.711106420507515,0.,0.703084389467572));
#6545=DIRECTION('',(0.703078336779396,-0.00414939219425141,0.711100298759561));
#6546=DIRECTION('',(0.711106420507516,0.,-0.703084389467572));
#6547=DIRECTION('',(-0.703078336779396,0.00414939219425141,-0.711100298759561));
#6548=DIRECTION('',(-0.711106420507515,0.,0.703084389467572));
#6549=DIRECTION('',(0.703078336779396,-0.00414939219425141,0.711100298759561));
#6550=DIRECTION('',(0.711106420507516,0.,-0.703084389467572));
#6551=DIRECTION('',(-0.703078336779396,0.00414939219425141,-0.711100298759561));
#6552=DIRECTION('',(-0.711106420507516,0.,0.703084389467572));
#6553=DIRECTION('',(0.703078336779396,-0.00414939219425141,0.711100298759561));
#6554=DIRECTION('',(0.711106420507516,0.,-0.703084389467572));
#6555=DIRECTION('',(0.703078336779396,-0.00414939219425141,0.711100298759561));
#6556=DIRECTION('',(0.71111240486404,0.00410251282726177,-0.703066367448326));
#6557=DIRECTION('',(-0.703078336779396,0.00414939219425141,-0.711100298759561));
#6558=DIRECTION('',(-0.711106420507516,0.,0.703084389467572));
#6559=DIRECTION('',(0.703078336779396,-0.00414939219425141,0.711100298759561));
#6560=DIRECTION('',(0.711106420507516,0.,-0.703084389467572));
#6561=DIRECTION('',(0.703078336779396,-0.00414939219425141,0.711100298759561));
#6562=DIRECTION('',(0.71111240486404,0.00410251282726177,-0.703066367448326));
#6563=DIRECTION('',(-0.703078336779396,0.00414939219425141,-0.711100298759561));
#6564=DIRECTION('',(-0.711106420507516,0.,0.703084389467572));
#6565=DIRECTION('',(0.703078336779396,-0.00414939219425141,0.711100298759561));
#6566=DIRECTION('',(0.711106420507516,0.,-0.703084389467572));
#6567=DIRECTION('',(0.703078336779396,-0.00414939219425141,0.711100298759561));
#6568=DIRECTION('',(0.71111240486404,0.00410251282726177,-0.703066367448326));
#6569=DIRECTION('',(-0.703078336779396,0.00414939219425141,-0.711100298759561));
#6570=DIRECTION('',(-0.711106420507516,0.,0.703084389467572));
#6571=DIRECTION('',(0.703078336779396,-0.00414939219425141,0.711100298759561));
#6572=DIRECTION('',(0.711106420507516,0.,-0.703084389467572));
#6573=DIRECTION('',(0.703078336779396,-0.00414939219425141,0.711100298759561));
#6574=DIRECTION('',(0.71111240486404,0.00410251282726177,-0.703066367448326));
#6575=CARTESIAN_POINT('',(0.,0.,0.));
#6576=CARTESIAN_POINT('',(-0.122113254273384,0.0565154211586334,0.071445965330823));
#6577=CARTESIAN_POINT('',(-0.124753562674892,0.0565154211586334,0.0640620449677063));
#6578=CARTESIAN_POINT('',(-0.124753561215879,0.0565156991224243,0.0640620445016043));
#6579=CARTESIAN_POINT('',(-0.123971574786413,0.0565114784670306,0.0637824255638391));
#6580=CARTESIAN_POINT('',(-0.124753562674892,0.0565154211586334,0.0640620449677063));
#6581=CARTESIAN_POINT('',(-0.123811964120917,0.0565099141909043,0.0637253524723044));
#6582=CARTESIAN_POINT('',(-0.121171655719409,0.0565099141909043,0.0711092728354212));
#6583=CARTESIAN_POINT('',(-0.123689563067709,0.0565105827354902,0.0640676498939174));
#6584=CARTESIAN_POINT('',(-0.124631164366675,0.056515588295582,0.0644043429137002));
#6585=CARTESIAN_POINT('',(-0.124631163520712,0.0565157484544293,0.064404342659961));
#6586=CARTESIAN_POINT('',(-0.122113254273384,0.0565154211586334,0.071445965330823));
#6587=CARTESIAN_POINT('',(-0.122084830245949,0.0619968543894598,0.0714358015973656));
#6588=CARTESIAN_POINT('',(-0.119196340086146,0.0619765804413913,0.0685797871970796));
#6589=CARTESIAN_POINT('',(-0.123657432505026,0.0619913474217308,0.0640678628392721));
#6590=CARTESIAN_POINT('',(-0.123946460195965,0.0619923041529143,0.063775541820925));
#6591=CARTESIAN_POINT('',(-0.121143231691974,0.0619913474217308,0.0710991091019638));
#6592=CARTESIAN_POINT('',(-0.12378287530801,0.0619913474217308,0.0637170478864313));
#6593=CARTESIAN_POINT('',(-0.124724473861984,0.0619968543894598,0.0640537403818331));
#6594=CARTESIAN_POINT('',(-0.124621135656522,0.0814696831790799,0.0640242382841029));
#6595=CARTESIAN_POINT('',(-0.123857228937996,0.0814658397558678,0.0637510842596393));
#6596=CARTESIAN_POINT('',(-0.123679537102548,0.0814641762113509,0.0636875457887011));
#6597=CARTESIAN_POINT('',(-0.113510039233399,0.0636333202239766,0.0516174645212023));
#6598=CARTESIAN_POINT('',(-0.113510039233399,0.0636313202239766,0.0516174645212023));
#6599=CARTESIAN_POINT('',(-0.113510039233399,0.0636313202239766,0.0481000000000007));
#6600=CARTESIAN_POINT('',(-0.113510039233399,0.0636313202239766,0.0551349290424039));
#6601=CARTESIAN_POINT('',(-0.113510039233399,0.0636333202239766,0.0481000000000007));
#6602=CARTESIAN_POINT('',(-0.113510039233399,0.0527771351632081,0.0481000000000007));
#6603=CARTESIAN_POINT('',(-0.113510039233399,0.0527771351632081,0.0516174645212023));
#6604=CARTESIAN_POINT('',(-0.113510039233399,0.0527771351632081,0.0551349290424039));
#6605=CARTESIAN_POINT('',(-0.113510039233399,0.0636333202239766,0.0551349290424039));
#6606=CARTESIAN_POINT('',(-0.106421428858105,0.0636333202239766,0.0551243221681143));
#6607=CARTESIAN_POINT('',(-0.106421428858105,0.0527771351632081,0.0551243221681143));
#6608=CARTESIAN_POINT('',(-0.103421428858105,0.0527771351632082,0.055119831740194));
#6609=CARTESIAN_POINT('',(-0.103421428858105,0.0527751351632081,0.055119831739927));
#6610=CARTESIAN_POINT('',(-0.103421428856877,0.0636117040853,0.055119833189147));
#6611=CARTESIAN_POINT('',(-0.103421429060405,0.0636335878655052,0.0551198331894515));
#6612=CARTESIAN_POINT('',(-0.103420460516643,0.0527771351632081,0.055119831740194));
#6613=CARTESIAN_POINT('',(-0.106421428858105,0.0527771351632081,0.0551243221681143));
#6614=CARTESIAN_POINT('',(-0.10133281624274,0.0527771351632081,0.0551167079431164));
#6615=CARTESIAN_POINT('',(-0.101332816243827,0.063633320224993,0.055116707943118));
#6616=CARTESIAN_POINT('',(-0.101332816243822,0.0636117040857172,0.055116707943118));
#6617=CARTESIAN_POINT('',(-0.0973328207239641,0.0636117040865162,0.0551107226445345));
#6618=CARTESIAN_POINT('',(-0.0993328184828112,0.0636117040861167,0.0551137152938246));
#6619=CARTESIAN_POINT('',(-0.0993328184828112,0.0636333202239766,0.0551137152938246));
#6620=CARTESIAN_POINT('',(-0.0993328184828112,0.0636313202239766,0.0551137152938246));
#6621=CARTESIAN_POINT('',(-0.106421428858105,0.0636313202239766,0.0551243221681143));
#6622=CARTESIAN_POINT('',(-0.107794483253625,0.0582042276935924,0.0551263767055475));
#6623=CARTESIAN_POINT('',(-0.110044483253625,0.0582042276935924,0.0551297434397716));
#6624=CARTESIAN_POINT('',(-0.107794483253625,0.0636333202239766,0.0481000000000007));
#6625=CARTESIAN_POINT('',(-0.107794483253625,0.0636313202239766,0.0481000000000007));
#6626=CARTESIAN_POINT('',(-0.102078927273852,0.0636313202239766,0.0481000000000007));
#6627=CARTESIAN_POINT('',(-0.102078927273852,0.0636333202239766,0.0481000000000007));
#6628=CARTESIAN_POINT('',(-0.102078927273852,0.0527771351632081,0.0481000000000007));
#6629=CARTESIAN_POINT('',(-0.107794483253625,0.0527771351632081,0.0481000000000007));
#6630=CARTESIAN_POINT('',(-0.107794483253625,0.0582042276935924,0.0481000000000007));
#6631=CARTESIAN_POINT('',(-0.107794483253625,0.0559542276935924,0.0481000000000007));
#6632=CARTESIAN_POINT('',(-0.113510039233399,0.0636313202239766,0.0421000000000007));
#6633=CARTESIAN_POINT('',(-0.099352294242364,0.0636313202239766,0.0420979985555287));
#6634=CARTESIAN_POINT('',(-0.0993388037813979,0.0636313202239766,0.051113719771802));
#6635=CARTESIAN_POINT('',(-0.100708865527625,0.0636313202239766,0.0496068598859014));
#6636=CARTESIAN_POINT('',(-0.108510039233399,0.0527771351632081,0.0421000000000007));
#6637=CARTESIAN_POINT('',(-0.100708865527625,0.0527771351632081,0.0496068598859014));
#6638=CARTESIAN_POINT('',(-0.0993388037813979,0.0527771351632081,0.051113719771802));
#6639=CARTESIAN_POINT('',(-0.101010039233399,0.0527771351632081,0.051113719771802));
#6640=CARTESIAN_POINT('',(-0.0953387993034155,0.0527771351632081,0.051113719771802));
#6641=CARTESIAN_POINT('',(-0.0953522987203414,0.0527771351632081,0.042092013256942));
#6642=CARTESIAN_POINT('',(-0.0953174589692267,0.0527771351633095,0.0608031451991251));
#6643=CARTESIAN_POINT('',(-0.0973242985067975,0.0527771351632081,0.0608061480859488));
#6644=CARTESIAN_POINT('',(-0.0963252289909652,0.0527771351632081,0.060804653151935));
#6645=CARTESIAN_POINT('',(-0.108510039233399,0.0527771351632081,0.0608046532076204));
#6646=CARTESIAN_POINT('',(-0.0964106149208751,0.0527771351632081,0.0608046532076204));
#6647=CARTESIAN_POINT('',(-0.0964106149208751,0.0527771351632081,0.0421000000000007));
#6648=CARTESIAN_POINT('',(-0.0964106149214021,0.0527771351701001,0.0700600662280866));
#6649=CARTESIAN_POINT('',(-0.0998654240204164,0.0527771351632081,0.0626977739818288));
#6650=CARTESIAN_POINT('',(-0.0998654240203137,0.0527771351632081,0.055119831740194));
#6651=CARTESIAN_POINT('',(-0.101329682357882,0.0527771351632081,0.055119831740194));
#6652=CARTESIAN_POINT('',(-0.0993298258341015,0.0527771351632081,0.0571137130542541));
#6653=CARTESIAN_POINT('',(-0.132279200821597,0.0619913474217308,0.0750810579050337));
#6654=CARTESIAN_POINT('',(-0.121014851513709,0.0619913474217308,0.071559706040527));
#6655=CARTESIAN_POINT('',(-0.122274576295121,0.061991347421731,0.0675300093460975));
#6656=CARTESIAN_POINT('',(-0.123217920002275,0.0619913474217308,0.0645123747998533));
#6657=CARTESIAN_POINT('',(-0.13110891782053,0.0619913474217308,0.0762646931609761));
#6658=CARTESIAN_POINT('',(-0.122182457170757,0.0619913474217308,0.0674389293915464));
#6659=CARTESIAN_POINT('',(-0.122182457170757,0.0619913474217308,0.0750810579050337));
#6660=CARTESIAN_POINT('',(-0.122182457170757,0.0619913474217308,0.063260143374852));
#6661=CARTESIAN_POINT('',(-0.134638715454891,0.0619913474217308,0.0668162894062786));
#6662=CARTESIAN_POINT('',(-0.122413313891291,0.0619913474217308,0.0653261333110471));
#6663=CARTESIAN_POINT('',(-0.132279200821597,0.0565099141909043,0.0750810579050337));
#6664=CARTESIAN_POINT('',(-0.131124750237077,0.0565099141909043,0.0762486801056772));
#6665=CARTESIAN_POINT('',(-0.122413660957826,0.0565102258453639,0.067635859963658));
#6666=CARTESIAN_POINT('',(-0.122306634822722,0.0565099141909043,0.067530039359679));
#6667=CARTESIAN_POINT('',(-0.121171655719409,0.0565099141909043,0.0711092728354212));
#6668=CARTESIAN_POINT('',(-0.131648771412903,0.0565099141909043,0.0659626881564839));
#6669=CARTESIAN_POINT('',(-0.122182457170757,0.0565099141909043,0.063260143374852));
#6670=CARTESIAN_POINT('',(-0.122182457170757,0.0565099141909043,0.0679277993085032));
#6671=CARTESIAN_POINT('',(-0.122182460118998,0.0565092514968531,0.06559322284959));
#6672=CARTESIAN_POINT('',(-0.122429456341144,0.0565099141909043,0.0653420942056122));
#6673=CARTESIAN_POINT('',(-0.123250054526749,0.0565099141909045,0.0645121617098363));
#6674=CARTESIAN_POINT('',(-0.121044064571657,0.0565099141909043,0.0715688383439796));
#6675=CARTESIAN_POINT('',(-0.122182457170757,0.0591928590876218,0.0679277993085032));
#6676=CARTESIAN_POINT('',(-0.124566876702933,0.0596069278895539,0.07031221884068));
#6677=CARTESIAN_POINT('',(-0.12100160388251,0.0631722007099774,0.0667469460202565));
#6678=CARTESIAN_POINT('',(-0.120682457170757,0.0634913474217308,0.0664277993085032));
#6679=CARTESIAN_POINT('',(-0.121013277298892,0.0591860112828603,0.0667586194366383));
#6680=CARTESIAN_POINT('',(-0.120975777319678,0.0719913474217307,0.0667211194574248));
#6681=CARTESIAN_POINT('',(-0.122182457170757,0.0719913474217307,0.0679277993085032));
#6682=CARTESIAN_POINT('',(-0.120682457170757,0.0719913474217307,0.0664277993085032));
#6683=CARTESIAN_POINT('',(-0.120682457170757,0.0719913474217307,0.0664277993085032));
#6684=CARTESIAN_POINT('',(-0.122182457170757,0.0591928590876218,0.0679277993085032));
#6685=CARTESIAN_POINT('',(-0.122182457170757,0.0465099141909043,0.0679277993085032));
#6686=CARTESIAN_POINT('',(-0.121050398806074,0.0465099141909043,0.066795740943821));
#6687=CARTESIAN_POINT('',(-0.120682457170757,0.0465099141909043,0.0664277993085032));
#6688=CARTESIAN_POINT('',(-0.121013277298892,0.0591860112828603,0.0667586194366383));
#6689=CARTESIAN_POINT('',(-0.121024505177601,0.0553519621977485,0.0667698473153473));
#6690=CARTESIAN_POINT('',(-0.123076772136329,0.0574042291564768,0.0688221142740756));
#6691=CARTESIAN_POINT('',(-0.120682457170757,0.0550099141909043,0.0664277993085032));
#6692=CARTESIAN_POINT('',(-0.120682457170757,0.0565099141909043,0.0664277993085032));
#6693=CARTESIAN_POINT('',(-0.120682457170757,0.0591928590876218,0.0690894827759106));
#6694=CARTESIAN_POINT('',(-0.120682457170757,0.0401925325791408,0.0690894827759106));
#6695=CARTESIAN_POINT('',(-0.120682470141108,0.0401881075982525,0.070046498695046));
#6696=CARTESIAN_POINT('',(-0.120682457170757,0.0401925325791408,0.0702511662433181));
#6697=CARTESIAN_POINT('',(-0.120682457170757,0.0591866278497466,0.070157358480893));
#6698=CARTESIAN_POINT('',(-0.120682457170757,0.0465099141909043,0.0700833876826856));
#6699=CARTESIAN_POINT('',(-0.120682457170757,0.0465099141909043,0.0665894827759106));
#6700=CARTESIAN_POINT('',(-0.120682457170757,0.0465099141909043,0.0702511662433181));
#6701=CARTESIAN_POINT('',(-0.120682457170757,0.0591928590876218,0.0702511662433181));
#6702=CARTESIAN_POINT('',(-0.120682457170757,0.0401925325791408,0.0690894827759106));
#6703=CARTESIAN_POINT('',(-0.120203967014175,0.0401925325791408,0.0695734323950346));
#6704=CARTESIAN_POINT('',(-0.120889524610298,0.0401848625288419,0.0702512114217658));
#6705=CARTESIAN_POINT('',(-0.120682457170757,0.0401925325791408,0.0702511662433181));
#6706=CARTESIAN_POINT('',(-0.120682457170757,0.0591928590876218,0.0690894827759106));
#6707=CARTESIAN_POINT('',(-0.120682457170757,0.0719913474217307,0.0665894827759106));
#6708=CARTESIAN_POINT('',(-0.120682457170757,0.0719913474217307,0.0702511662433181));
#6709=CARTESIAN_POINT('',(-0.120682457170757,0.0719913474217307,0.0702320762155561));
#6710=CARTESIAN_POINT('',(-0.120682457170757,0.0591866278497466,0.070157358480893));
#6711=CARTESIAN_POINT('',(-0.120682457170757,0.0752628927009767,0.0702511662433181));
#6712=CARTESIAN_POINT('',(-0.120682457170757,0.0591928590876218,0.0702511662433181));
#6713=CARTESIAN_POINT('',(-0.120682457170757,0.0719913474217307,0.0665894827759106));
#6714=CARTESIAN_POINT('',(-0.120682457170757,0.0719913474217307,0.0629277993085032));
#6715=CARTESIAN_POINT('',(-0.120682457170757,0.0719913474217307,0.0629277993085032));
#6716=CARTESIAN_POINT('',(-0.120682457170757,0.0634913474217308,0.0629277993085032));
#6717=CARTESIAN_POINT('',(-0.120682457170757,0.0634913474217308,0.0665894827759106));
#6718=CARTESIAN_POINT('',(-0.120682457170757,0.0719913474217307,0.0665894827759106));
#6719=CARTESIAN_POINT('',(-0.122182457170757,0.0619913474217308,0.0750810579050337));
#6720=CARTESIAN_POINT('',(-0.124714934045406,0.0594588705470813,0.0699282076996875));
#6721=CARTESIAN_POINT('',(-0.12123733148782,0.0629364731046671,0.0665099255042647));
#6722=CARTESIAN_POINT('',(-0.119002893576754,0.0651709110157337,0.0687566187837188));
#6723=CARTESIAN_POINT('',(-0.122182457170757,0.0619913474217308,0.0629277993085032));
#6724=CARTESIAN_POINT('',(-0.121018342004209,0.0631554625882781,0.0629277993085032));
#6725=CARTESIAN_POINT('',(-0.123803765492926,0.0603700390995612,0.0637230118401716));
#6726=CARTESIAN_POINT('',(-0.131648771412903,0.0815099141909043,0.0659626881564839));
#6727=CARTESIAN_POINT('',(-0.121018342004209,0.0815099141909043,0.0629277993085032));
#6728=CARTESIAN_POINT('',(-0.121018342004209,0.055345799024357,0.0629277993085032));
#6729=CARTESIAN_POINT('',(-0.123803765492926,0.0581312225130738,0.0637230118401716));
#6730=CARTESIAN_POINT('',(-0.122182457170757,0.0565099141909043,0.0750810579050337));
#6731=CARTESIAN_POINT('',(-0.119001721502723,0.0533291785228706,0.0688275548529754));
#6732=CARTESIAN_POINT('',(-0.121280084103412,0.0556075411235601,0.0665098557558775));
#6733=CARTESIAN_POINT('',(-0.124735653198096,0.0590631102182442,0.069946406772489));
#6734=CARTESIAN_POINT('',(-0.122181729724285,0.0565091867444323,0.0674065390778224));
#6735=CARTESIAN_POINT('',(-0.122183827065529,0.0565112840856767,0.0689078803784376));
#6736=CARTESIAN_POINT('',(-0.122182457170757,0.0565099141909043,0.0629277993085032));
#6737=CARTESIAN_POINT('',(-0.120682457170757,0.0550099141909043,0.0629277993085032));
#6738=CARTESIAN_POINT('',(-0.120682457170757,0.0550099141909043,0.0629277993085032));
#6739=CARTESIAN_POINT('',(-0.120682457170757,0.0465099141909043,0.0665894827759106));
#6740=CARTESIAN_POINT('',(-0.120682457170757,0.0465099141909043,0.0665894827759106));
#6741=CARTESIAN_POINT('',(-0.120682457170757,0.0465099141909043,0.0629277993085032));
#6742=CARTESIAN_POINT('',(-0.120682457170757,0.0465099141909043,0.0629277993085032));
#6743=CARTESIAN_POINT('',(-0.131480816496177,0.0591486720121691,0.0629277993085032));
#6744=CARTESIAN_POINT('',(-0.116188716120076,0.0631209891140241,0.0629277993085032));
#6745=CARTESIAN_POINT('',(-0.119018342004209,0.0592506308063175,0.0629277993085032));
#6746=CARTESIAN_POINT('',(-0.113359090235942,0.0669913474603504,0.0629277993085032));
#6747=CARTESIAN_POINT('',(-0.116188716120076,0.0553802724986109,0.0629277993085032));
#6748=CARTESIAN_POINT('',(-0.113359090235942,0.0515099141909043,0.0629277993085032));
#6749=CARTESIAN_POINT('',(-0.113359090235942,0.0719913474217307,0.0629277993085032));
#6750=CARTESIAN_POINT('',(-0.113359090235942,0.0465099141909043,0.0629277993085032));
#6751=CARTESIAN_POINT('',(-0.131480828996177,0.0465099141909043,0.0629277993085032));
#6752=CARTESIAN_POINT('',(-0.132279200821597,0.0719913474217307,0.0629277993085032));
#6753=CARTESIAN_POINT('',(-0.113359090235942,0.0719913474217307,0.0629277993085032));
#6754=CARTESIAN_POINT('',(-0.113359090235942,0.0719913474217307,0.0629277993085032));
#6755=CARTESIAN_POINT('',(-0.116188716120076,0.0553802724986109,0.0879277993085032));
#6756=CARTESIAN_POINT('',(-0.119570471998595,0.0600058334367034,0.0702511662433181));
#6757=CARTESIAN_POINT('',(-0.119018342004209,0.0592506308063175,0.0702511662433181));
#6758=CARTESIAN_POINT('',(-0.113359090235942,0.0515099141950177,0.0702511662433181));
#6759=CARTESIAN_POINT('',(-0.113359090235942,0.0515099141909043,0.0879277993085032));
#6760=CARTESIAN_POINT('',(-0.119018342004209,0.0592506308063175,0.0879277993085032));
#6761=CARTESIAN_POINT('',(-0.120682457170757,0.0591928590876218,0.0702511662433181));
#6762=CARTESIAN_POINT('',(-0.120777295179683,0.0591934187977897,0.0702511662433181));
#6763=CARTESIAN_POINT('',(-0.0964086149208751,0.0465099141909043,0.0702511662433181));
#6764=CARTESIAN_POINT('',(-0.113359090235942,0.0465099141909043,0.0702511662445529));
#6765=CARTESIAN_POINT('',(-0.113359090235942,0.0719913474217307,0.0702511662433181));
#6766=CARTESIAN_POINT('',(-0.119625521508459,0.0584201315337036,0.0702511662433181));
#6767=CARTESIAN_POINT('',(-0.113359090235942,0.0669913474217308,0.0702511662433181));
#6768=CARTESIAN_POINT('',(-0.113359090235942,0.0719913474217307,0.0702511662433181));
#6769=CARTESIAN_POINT('',(-0.113359090235942,0.0719913474217307,0.0702511662433181));
#6770=CARTESIAN_POINT('',(-0.0964086149208751,0.0719913474217307,0.0702511662433181));
#6771=CARTESIAN_POINT('',(-0.119344907871236,0.0465099141909043,0.0689975770044646));
#6772=CARTESIAN_POINT('',(-0.119463225083348,0.0465099141909043,0.0688779098201977));
#6773=CARTESIAN_POINT('',(-0.119224765764497,0.0465099141909043,0.0686421405741716));
#6774=CARTESIAN_POINT('',(-0.119106450547643,0.0465099141909043,0.0687618016274547));
#6775=CARTESIAN_POINT('',(-0.113359090235942,0.0465099141909043,0.0665894827759106));
#6776=CARTESIAN_POINT('',(-0.119344907871236,0.0719913474217307,0.0690034286067684));
#6777=CARTESIAN_POINT('',(-0.119391811214056,0.0719913474217307,0.0689559901076034));
#6778=CARTESIAN_POINT('',(-0.119075382619084,0.0719913474217307,0.0686431311611927));
#6779=CARTESIAN_POINT('',(-0.113359090235942,0.0719913474217307,0.0665894827759106));
#6780=CARTESIAN_POINT('',(-0.113359090235942,0.0719913474217307,0.0665894827759106));
#6781=CARTESIAN_POINT('',(-0.113359090235942,0.0719913474217307,0.0665894827759106));
#6782=CARTESIAN_POINT('',(-0.119028483837483,0.0719913474217307,0.0686905634167667));
#6783=CARTESIAN_POINT('',(-0.116188716120076,0.0631209891140241,0.0879277993085032));
#6784=CARTESIAN_POINT('',(-0.113359090235942,0.0669913474217307,0.0879277993085032));
#6785=CARTESIAN_POINT('',(-0.0964106149208751,0.0586114312239294,0.0714322058204647));
#6786=CARTESIAN_POINT('',(-0.0964106149208751,0.0480155312726634,0.0700600662291259));
#6787=CARTESIAN_POINT('',(-0.0964106149208751,0.0432539273821187,0.0700600662295375));
#6788=CARTESIAN_POINT('',(-0.0964106151989862,0.0442935053756893,0.0700600662291259));
#6789=CARTESIAN_POINT('',(-0.0964106149208751,0.0432539273821187,0.0714322058204647));
#6790=CARTESIAN_POINT('',(-0.0964023695494916,0.043253920021619,0.082059785858217));
#6791=CARTESIAN_POINT('',(-0.0964106149208751,0.0586114312239294,0.082059758433309));
#6792=CARTESIAN_POINT('',(-0.0963998444160518,0.0739689350657402,0.082059758433309));
#6793=CARTESIAN_POINT('',(-0.0964106149208751,0.0739689350657402,0.0714322058204647));
#6794=CARTESIAN_POINT('',(-0.0964106150184572,0.0739689350759878,0.0700600662471101));
#6795=CARTESIAN_POINT('',(-0.0964106151989862,0.0442915053756893,0.0700600662291259));
#6796=CARTESIAN_POINT('',(-0.0964106151989862,0.0730085217063383,0.0700600662291259));
#6797=CARTESIAN_POINT('',(-0.0964106151989862,0.0730085217063383,0.0760598544018559));
#6798=CARTESIAN_POINT('',(-0.0964106149208751,0.0730085217063383,0.082059641918824));
#6799=CARTESIAN_POINT('',(-0.0964106151989862,0.0442915053756893,0.0820596425745859));
#6800=CARTESIAN_POINT('',(-0.0964106151989862,0.0442935053756893,0.0820596425745859));
#6801=CARTESIAN_POINT('',(-0.0964106151989862,0.0442935053756893,0.0760598544018559));
#6802=CARTESIAN_POINT('',(-0.0998654240203137,0.0527751341516079,0.0626977739817806));
#6803=CARTESIAN_POINT('',(-0.0964106149208751,0.0527751331687955,0.070060065375185));
#6804=CARTESIAN_POINT('',(-0.0964106149208751,0.0565099141909044,0.0700600658737511));
#6805=CARTESIAN_POINT('',(-0.0964106149208751,0.0815099141909044,0.0700600658737511));
#6806=CARTESIAN_POINT('',(-0.0964106149208751,0.0619913474217307,0.0700600658737511));
#6807=CARTESIAN_POINT('',(-0.0964106149208751,0.0527751331687955,0.070060065375185));
#6808=CARTESIAN_POINT('',(-0.0964106151989862,0.0636117020908875,0.0700600662291259));
#6809=CARTESIAN_POINT('',(-0.0998654240203137,0.0636117030736998,0.0626977754283838));
#6810=CARTESIAN_POINT('',(-0.0989532781238893,0.0442915053756893,0.0723665059523413));
#6811=CARTESIAN_POINT('',(-0.0964106151989862,0.0442915053756893,0.0700600662291259));
#6812=CARTESIAN_POINT('',(-0.0989532781238893,0.0442935053756893,0.0723665059523413));
#6813=CARTESIAN_POINT('',(-0.101495941048792,0.0442935053756893,0.0746729456755567));
#6814=CARTESIAN_POINT('',(-0.101495941048792,0.0442915053756893,0.0746729456755567));
#6815=CARTESIAN_POINT('',(-0.101495941048792,0.0730085217063383,0.0746729456755567));
#6816=CARTESIAN_POINT('',(-0.0989532781238893,0.0730085217063383,0.0723665059523413));
#6817=CARTESIAN_POINT('',(-0.0964106151989862,0.0442915053756893,0.0700600662291259));
#6818=CARTESIAN_POINT('',(-0.101982109985121,0.0586510135410138,0.08396444970382));
#6819=CARTESIAN_POINT('',(-0.106226976538211,0.0586510135410138,0.08396444970382));
#6820=CARTESIAN_POINT('',(-0.106226976538211,0.0442935053756893,0.08396444970382));
#6821=CARTESIAN_POINT('',(-0.106226976538211,0.0730085217063383,0.08396444970382));
#6822=CARTESIAN_POINT('',(-0.101982109985121,0.0442935053756893,0.08396444970382));
#6823=CARTESIAN_POINT('',(-0.106581266898599,0.0442935053756893,0.08396444970382));
#6824=CARTESIAN_POINT('',(-0.106581266898599,0.0586510135410138,0.08396444970382));
#6825=CARTESIAN_POINT('',(-0.106581266898599,0.0730085217063383,0.08396444970382));
#6826=CARTESIAN_POINT('',(-0.101982109985121,0.0730085217063383,0.08396444970382));
#6827=CARTESIAN_POINT('',(-0.574093092217428,0.0352348833114581,0.0815649621164453));
#6828=CARTESIAN_POINT('',(-0.574093092217428,0.0729483765459149,0.0809066620409166));
#6829=CARTESIAN_POINT('',(-0.0973829530716436,0.0730085217063383,0.0843523309463775));
#6830=CARTESIAN_POINT('',(-0.0893817163182336,0.0730095311995892,0.0844101640202363));
#6831=CARTESIAN_POINT('',(-0.574088325222187,0.0730085217063383,0.0809056466559371));
#6832=CARTESIAN_POINT('',(-0.106581266898599,0.0730085217063383,0.0842858251219876));
#6833=CARTESIAN_POINT('',(-0.106581266898599,0.035293867946826,0.0849441454548213));
#6834=CARTESIAN_POINT('',(-0.106581266898599,0.0914198664856192,0.08396444970382));
#6835=CARTESIAN_POINT('',(-0.574093092217428,0.0913608818502514,0.080585266365444));
#6836=CARTESIAN_POINT('',(-0.0893817163182336,0.0914220365039258,0.0840887683447636));
#6837=CARTESIAN_POINT('',(-0.0893817163182336,0.0822157838517575,0.0842494661825));
#6838=CARTESIAN_POINT('',(-0.0893817163182336,0.0894223411215724,0.0841236736136299));
#6839=CARTESIAN_POINT('',(-0.0893817163182336,0.0822157838517575,0.0842494661825));
#6840=CARTESIAN_POINT('',(-0.0973937964651307,0.0263207301403101,0.0866674693275013));
#6841=CARTESIAN_POINT('',(-0.0973937964651307,0.0443196836433079,0.0863532923199035));
#6842=CARTESIAN_POINT('',(-0.097404639858618,0.0443458619109266,0.0878530246690651));
#6843=CARTESIAN_POINT('',(-0.0973837546856625,0.0442954406431259,0.0849644299190986));
#6844=CARTESIAN_POINT('',(-0.0973937964651307,0.0443196836433079,0.0863532923199035));
#6845=CARTESIAN_POINT('',(-0.0973829530716435,0.0442935053756893,0.0848535599707418));
#6846=CARTESIAN_POINT('',(-0.0973829530716435,0.0262945518726914,0.0851677369783397));
#6847=CARTESIAN_POINT('',(-0.0973937964651307,0.073034699973957,0.0858520632955391));
#6848=CARTESIAN_POINT('',(-0.097404639858618,0.0730608782415756,0.0873517956447007));
#6849=CARTESIAN_POINT('',(-0.097404639858618,0.0263469084079288,0.088167201676663));
#6850=CARTESIAN_POINT('',(-0.0993227999431626,0.063611703192326,0.0618091410620839));
#6851=CARTESIAN_POINT('',(-0.0978183472345466,0.0636115689746098,0.0654049041506884));
#6852=CARTESIAN_POINT('',(-0.0993213013085238,0.0636117030586274,0.0628106837182337));
#6853=CARTESIAN_POINT('',(-0.0964106149266667,0.0636115728868115,0.0678347641043532));
#6854=CARTESIAN_POINT('',(-0.0964093165950519,0.0636114432698446,0.0643197086610599));
#6855=CARTESIAN_POINT('',(-0.0964106149440654,0.0636115733560383,0.0608047823635028));
#6856=CARTESIAN_POINT('',(-0.0993242962678093,0.0636117033258186,0.0608091421815783));
#6857=CARTESIAN_POINT('',(-0.0993242962678093,0.0636117033258186,0.0608091421815783));
#6858=CARTESIAN_POINT('',(-0.0993227999431626,0.063611703192326,0.0618091410620839));
#6859=CARTESIAN_POINT('',(-0.0973522964813521,0.0636117058240196,0.0420950073529463));
#6860=CARTESIAN_POINT('',(-0.0964106149208751,0.0636117058240196,0.0420950073529463));
#6861=CARTESIAN_POINT('',(-0.0973522964813521,0.0636117033264178,0.0608046532076204));
#6862=CARTESIAN_POINT('',(-0.0963242996262923,0.0636115695057948,0.0608046532076204));
#6863=CARTESIAN_POINT('',(-0.097324298506798,0.0636117033262181,0.0608061495322849));
#6864=CARTESIAN_POINT('',(-0.0953174589681446,0.0636117033267202,0.0608031466454596));
#6865=CARTESIAN_POINT('',(-0.0953522987203408,0.0636117058244191,0.042092014703653));
#6866=CARTESIAN_POINT('',(-0.0953387993055797,0.063611704620087,0.051113719771802));
#6867=CARTESIAN_POINT('',(-0.0973522964813521,0.063611704620087,0.051113719771802));
#6868=CARTESIAN_POINT('',(-0.0993388037813979,0.063611704620087,0.051113719771802));
#6869=CARTESIAN_POINT('',(-0.0993522942423634,0.0636117058236201,0.0420980000022397));
#6870=CARTESIAN_POINT('',(-0.0993298255014398,0.0636117038191315,0.0571137133880826));
#6871=CARTESIAN_POINT('',(-0.101329682358422,0.0636117040853001,0.055119832463904));
#6872=CARTESIAN_POINT('',(-0.0998654240203137,0.0636117040853,0.0551198331865302));
#6873=CARTESIAN_POINT('',(-0.0626873202180506,0.0441441432887759,0.0660906573362718));
#6874=CARTESIAN_POINT('',(-0.0943280054878155,0.0440690649751938,0.060801646102645));
#6875=CARTESIAN_POINT('',(-0.0646526848317291,0.0440728076898651,0.0610161398396737));
#6876=CARTESIAN_POINT('',(-0.0661526456381796,0.044072619780093,0.0610052980776335));
#6877=CARTESIAN_POINT('',(-0.0646892679076954,0.0441438907087381,0.0660761872246922));
#6878=CARTESIAN_POINT('',(-0.0646308073685074,0.0440303006565236,0.0579901230544599));
#6879=CARTESIAN_POINT('',(-0.0626288596788626,0.0440305532365615,0.0580045931660395));
#6880=CARTESIAN_POINT('',(-0.0661307681749346,0.0440301114107411,0.0579792813125172));
#6881=CARTESIAN_POINT('',(-0.0661892287141226,0.0441437014629555,0.0660653454827494));
#6882=CARTESIAN_POINT('',(-0.0943631089565795,0.0739687606113564,0.0652571538733703));
#6883=CARTESIAN_POINT('',(-0.0793513296814672,0.0739706546062988,0.0752066101269902));
#6884=CARTESIAN_POINT('',(-0.0793513285504146,0.0739706546064415,0.0751749027150278));
#6885=CARTESIAN_POINT('',(-0.0793513274203037,0.0739706546050742,0.0751431953030653));
#6886=CARTESIAN_POINT('',(-0.0793513262991615,0.0739706546052156,0.0751114878911026));
#6887=CARTESIAN_POINT('',(-0.0793513296814695,0.0739706546082794,0.0752066101271657));
#6888=CARTESIAN_POINT('',(-0.0793511117510936,0.0739706546322846,0.0751114878981823));
#6889=CARTESIAN_POINT('',(-0.0893513261696019,0.0739693929370347,0.075205895991567));
#6890=CARTESIAN_POINT('',(-0.086017994007722,0.0739698134940591,0.0752061455169458));
#6891=CARTESIAN_POINT('',(-0.0826846618433606,0.0739702340477645,0.0752063606924233));
#6892=CARTESIAN_POINT('',(-0.0793513296814631,0.0739706546047889,0.075206610125864));
#6893=CARTESIAN_POINT('',(-0.0893513261696023,0.073969392940354,0.075205895991567));
#6894=CARTESIAN_POINT('',(-0.0893513261696019,0.0739693929370347,0.075205895991567));
#6895=CARTESIAN_POINT('',(-0.0893513250586769,0.0739693929371748,0.0751744266248356));
#6896=CARTESIAN_POINT('',(-0.0893513239486604,0.0739693929339956,0.0751429572581041));
#6897=CARTESIAN_POINT('',(-0.0893513228474236,0.0739693929341346,0.0751114878913724));
#6898=CARTESIAN_POINT('',(-0.0893511099854293,0.0739693929609908,0.0751114878983172));
#6899=CARTESIAN_POINT('',(-0.089350897123435,0.073969392987847,0.074111487905262));
#6900=CARTESIAN_POINT('',(-0.0893512215593045,0.0739697100462983,0.0732029155413125));
#6901=CARTESIAN_POINT('',(-0.089350897123435,0.073969392987847,0.074111487905262));
#6902=CARTESIAN_POINT('',(-0.089350897123435,0.073969392987847,0.073111487905262));
#6903=CARTESIAN_POINT('',(-0.0843508971632304,0.0739700238236002,0.073111487905262));
#6904=CARTESIAN_POINT('',(-0.0793508972030258,0.0739706546593535,0.073111487905262));
#6905=CARTESIAN_POINT('',(-0.0793508972030258,0.0739706546593535,0.074111487905262));
#6906=CARTESIAN_POINT('',(-0.079351223932802,0.0739709736584083,0.0732034795802573));
#6907=CARTESIAN_POINT('',(-0.0793508972030258,0.0739706546593535,0.074111487905262));
#6908=CARTESIAN_POINT('',(-0.0944208032689658,0.0739687533322294,0.0732391930297799));
#6909=CARTESIAN_POINT('',(-0.0662463167494815,0.073972308026943,0.0734428386923233));
#6910=CARTESIAN_POINT('',(-0.0627464082011513,0.0739727496004356,0.0734681360901898));
#6911=CARTESIAN_POINT('',(-0.0661886224370951,0.0739723153060701,0.0654607995359137));
#6912=CARTESIAN_POINT('',(-0.066152374493656,0.0739723198793779,0.0604458770608292));
#6913=CARTESIAN_POINT('',(-0.0943268610131403,0.0739687651846643,0.0602422313982857));
#6914=CARTESIAN_POINT('',(-0.0943244302971663,0.0739687654913408,0.0602422489675417));
#6915=CARTESIAN_POINT('',(-0.0943169264662125,0.0739687664380697,0.0652570847692919));
#6916=CARTESIAN_POINT('',(-0.0943235932348623,0.0739687655969425,0.0608016605583151));
#6917=CARTESIAN_POINT('',(-0.0943169264662125,0.0739687664380697,0.0652570847692919));
#6918=CARTESIAN_POINT('',(-0.0943094214294701,0.0739687673849588,0.0702727264035488));
#6919=CARTESIAN_POINT('',(-0.0943983606487896,0.0739687561637508,0.0825775152429523));
#6920=CARTESIAN_POINT('',(-0.0943947228300106,0.0739687566227241,0.0820742210578383));
#6921=CARTESIAN_POINT('',(-0.0944846583005591,0.0739687452758219,0.0820735710027442));
#6922=CARTESIAN_POINT('',(-0.0893652159487037,0.0739693911812815,0.082110574418188));
#6923=CARTESIAN_POINT('',(-0.0892436666047242,0.0739694065168161,0.0652941572888141));
#6924=CARTESIAN_POINT('',(-0.089348897886238,0.073969393240085,0.0798529616974323));
#6925=CARTESIAN_POINT('',(-0.0892436666047242,0.0739694065168161,0.0652941572888141));
#6926=CARTESIAN_POINT('',(-0.089347143626225,0.073969393461415,0.0796102588808977));
#6927=CARTESIAN_POINT('',(-0.0944665859780803,0.0739687475559554,0.0795732554654538));
#6928=CARTESIAN_POINT('',(-0.0793474049167104,0.0739706550999653,0.0796825371605161));
#6929=CARTESIAN_POINT('',(-0.0792439278952096,0.0739706681553664,0.0653664355684325));
#6930=CARTESIAN_POINT('',(-0.0793491591767234,0.0739706548786353,0.0799252399770507));
#6931=CARTESIAN_POINT('',(-0.0792439278952096,0.0739706681553664,0.0653664355684325));
#6932=CARTESIAN_POINT('',(-0.0793654772391892,0.0739706528198319,0.0821828526978064));
#6933=CARTESIAN_POINT('',(-0.0944846583005591,0.0739687452758219,0.0820735710027442));
#6934=CARTESIAN_POINT('',(-0.0648102109746475,0.0739724892163181,0.0822880584072304));
#6935=CARTESIAN_POINT('',(-0.0646886616306679,0.0739725045518526,0.0654716412778565));
#6936=CARTESIAN_POINT('',(-0.064799034087773,0.0739724906264741,0.0807417300953169));
#6937=CARTESIAN_POINT('',(-0.0397996873139866,0.0739756447228499,0.0809224257943629));
#6938=CARTESIAN_POINT('',(-0.06279908634587,0.0739727429541841,0.0807561857512406));
#6939=CARTESIAN_POINT('',(-0.0627689909432685,0.0739727467512354,0.0765924706109193));
#6940=CARTESIAN_POINT('',(-0.0893512388874887,0.0738752966859068,0.0751892553472438));
#6941=CARTESIAN_POINT('',(-0.0893559135717589,0.0791241851894404,0.0760742481372396));
#6942=CARTESIAN_POINT('',(-0.0893931488307211,0.0842872547987928,0.0842132253905495));
#6943=CARTESIAN_POINT('',(-0.0893817163182336,0.0894223411215724,0.0841236736136299));
#6944=CARTESIAN_POINT('',(-0.0882401280777706,0.0738754372650251,0.0751893239328342));
#6945=CARTESIAN_POINT('',(-0.0882448060864475,0.0791243301880935,0.0760750973077497));
#6946=CARTESIAN_POINT('',(-0.0882820717910317,0.0842874391464018,0.0842212555031503));
#6947=CARTESIAN_POINT('',(-0.0882706342393987,0.0894224813036336,0.0841317045335875));
#6948=CARTESIAN_POINT('',(-0.0860179064630808,0.0738757560414355,0.075189461104015));
#6949=CARTESIAN_POINT('',(-0.0860225911449328,0.0791248508953842,0.0760767956487697));
#6950=CARTESIAN_POINT('',(-0.0860599177116527,0.0842878078416198,0.0842373157283522));
#6951=CARTESIAN_POINT('',(-0.0860484700817288,0.0894227616677559,0.0841477663735027));
#6952=CARTESIAN_POINT('',(-0.0826845743735753,0.0738762718222191,0.0751896668584042));
#6953=CARTESIAN_POINT('',(-0.0826892727823181,0.0791258626582391,0.0760793431310824));
#6954=CARTESIAN_POINT('',(-0.0827267235792814,0.0842883609623801,0.0842614057973725));
#6955=CARTESIAN_POINT('',(-0.0827152238452239,0.0894231822139393,0.0841718591333755));
#6956=CARTESIAN_POINT('',(-0.0804623527588655,0.0738765905932362,0.0751898040295851));
#6957=CARTESIAN_POINT('',(-0.0804670578405641,0.0791263833324516,0.0760810414721041));
#6958=CARTESIAN_POINT('',(-0.0805045694977396,0.0842887296575609,0.0842774660225906));
#6959=CARTESIAN_POINT('',(-0.080493059687554,0.0894234625780616,0.0841879209732907));
#6960=CARTESIAN_POINT('',(-0.0793512419491374,0.0738767311683097,0.0751898726151756));
#6961=CARTESIAN_POINT('',(-0.0793559503551321,0.079126528306297,0.076081890642615));
#6962=CARTESIAN_POINT('',(-0.0793934924569687,0.0842889140051513,0.0842854961351997));
#6963=CARTESIAN_POINT('',(-0.079381977608719,0.0894236027601228,0.0841959518932483));
#6964=CARTESIAN_POINT('',(-0.0893507709562843,0.072969392995806,0.075111487905262));
#6965=CARTESIAN_POINT('',(-0.0893514725974492,0.0785305961746739,0.075111487905262));
#6966=CARTESIAN_POINT('',(-0.0893938059162843,0.0839921148553973,0.0842183723938732));
#6967=CARTESIAN_POINT('',(-0.0893817163182336,0.0894223411215724,0.0841236736136299));
#6968=CARTESIAN_POINT('',(-0.0793507710358751,0.0729706546673126,0.075111487905262));
#6969=CARTESIAN_POINT('',(-0.0793514728235209,0.0785330188531735,0.075111487905262));
#6970=CARTESIAN_POINT('',(-0.0793941542747936,0.0839937969120319,0.0842906427054499));
#6971=CARTESIAN_POINT('',(-0.079381977608719,0.0894236027601228,0.0841959518932483));
#6972=CARTESIAN_POINT('',(-0.0793817425147566,0.0850137395353588,0.0826053432861905));
#6973=CARTESIAN_POINT('',(-0.0893696027889623,0.0849801350424023,0.0825253003577277));
#6974=CARTESIAN_POINT('',(-0.0860403160260624,0.0849913358748433,0.082551981172049));
#6975=CARTESIAN_POINT('',(-0.0827110303089469,0.0850027337603719,0.0825787098068607));
#6976=CARTESIAN_POINT('',(-0.0793817425147509,0.0850137395323735,0.0826053432842357));
#6977=CARTESIAN_POINT('',(-0.0893696027889623,0.0849801350424023,0.0825253003577276));
#6978=CARTESIAN_POINT('',(-0.0893817163182336,0.0894223411215724,0.0841236736136299));
#6979=CARTESIAN_POINT('',(-0.0893817163182336,0.0886122413896778,0.0841378141418323));
#6980=CARTESIAN_POINT('',(-0.089378732266076,0.087039040547993,0.0837524296087573));
#6981=CARTESIAN_POINT('',(-0.0893728390085737,0.0856484040184581,0.0829613682440221));
#6982=CARTESIAN_POINT('',(-0.0893696027889623,0.0849801350424023,0.0825253003577276));
#6983=CARTESIAN_POINT('',(-0.0793511601759707,0.0737815119403076,0.0751745001583505));
#6984=CARTESIAN_POINT('',(-0.0793548006933195,0.0782183512141638,0.0758530538580068));
#6985=CARTESIAN_POINT('',(-0.0793822373308512,0.0825925225691946,0.0818193015941183));
#6986=CARTESIAN_POINT('',(-0.079384065758122,0.0869400515443632,0.0836589618652461));
#6987=CARTESIAN_POINT('',(-0.0793511628665959,0.0737896240943883,0.0750089642553981));
#6988=CARTESIAN_POINT('',(-0.0793548267729873,0.0782709233537003,0.0756996951836381));
#6989=CARTESIAN_POINT('',(-0.0793824210759671,0.0826900734621287,0.0817730245723036));
#6990=CARTESIAN_POINT('',(-0.0793841520180869,0.0870816292958761,0.0836461249580365));
#6991=CARTESIAN_POINT('',(-0.0793511655824625,0.0737979363126663,0.0748434283524456));
#6992=CARTESIAN_POINT('',(-0.0793548530019996,0.0783246791962262,0.0755463365092693));
#6993=CARTESIAN_POINT('',(-0.0793826048682569,0.0827879982555704,0.0817267475504887));
#6994=CARTESIAN_POINT('',(-0.0793842382893291,0.0872232964307426,0.0836332880508267));
#6995=CARTESIAN_POINT('',(-0.0793511701680773,0.0738091419617571,0.0746227138082755));
#6996=CARTESIAN_POINT('',(-0.0793548991431649,0.0783970795835242,0.0753418581962315));
#6997=CARTESIAN_POINT('',(-0.0793829478166357,0.0829187941702236,0.081665044143162));
#6998=CARTESIAN_POINT('',(-0.0793843994811132,0.0874122408662937,0.0836161718389375));
#6999=CARTESIAN_POINT('',(-0.0793511738486035,0.0738175784597907,0.0744571778984228));
#7000=CARTESIAN_POINT('',(-0.0793549365425118,0.0784515707544142,0.0751884994413164));
#7001=CARTESIAN_POINT('',(-0.0793832295012925,0.0830169514555692,0.0816187664097733));
#7002=CARTESIAN_POINT('',(-0.0793845319159062,0.0875539636331966,0.0836033345961181));
#7003=CARTESIAN_POINT('',(-0.0793511784863722,0.0738260804495087,0.07429164198167));
#7004=CARTESIAN_POINT('',(-0.0793549850683091,0.0785064494272384,0.0750351406058552));
#7005=CARTESIAN_POINT('',(-0.0793836090644542,0.0831152313636374,0.081572487964811));
#7006=CARTESIAN_POINT('',(-0.079384710510936,0.087695715767192,0.0835904970176891));
#7007=CARTESIAN_POINT('',(-0.0793511847214736,0.073837419017616,0.0740709274256285));
#7008=CARTESIAN_POINT('',(-0.0793550503676116,0.0785796362672241,0.0748306621542407));
#7009=CARTESIAN_POINT('',(-0.0793841204173096,0.083246276076832,0.0815107833332502));
#7010=CARTESIAN_POINT('',(-0.0793849511224243,0.0878847197710542,0.0835733802283971));
#7011=CARTESIAN_POINT('',(-0.0793511894363488,0.0738459248126574,0.0739053915083189));
#7012=CARTESIAN_POINT('',(-0.0793550997907179,0.0786345374555892,0.0746773033122802));
#7013=CARTESIAN_POINT('',(-0.0793845078834153,0.083344563112589,0.0814645048308715));
#7014=CARTESIAN_POINT('',(-0.0793851334446231,0.0880264736127388,0.083560542622888));
#7015=CARTESIAN_POINT('',(-0.0793511933089103,0.0738543650331916,0.0737398555970744));
#7016=CARTESIAN_POINT('',(-0.0793551394290145,0.0786890506533465,0.0745239445411172));
#7017=CARTESIAN_POINT('',(-0.0793848093240661,0.0834427273947006,0.081418226953942));
#7018=CARTESIAN_POINT('',(-0.0793852751970119,0.0881681980616862,0.0835477053123684));
#7019=CARTESIAN_POINT('',(-0.0793511981887182,0.0738655743219342,0.07351914105077));
#7020=CARTESIAN_POINT('',(-0.079355189001692,0.0787614725785326,0.0743194662031656));
#7021=CARTESIAN_POINT('',(-0.0793851825644817,0.0835735301724964,0.0813565233265192));
#7022=CARTESIAN_POINT('',(-0.0793854506756596,0.088357144152363,0.0835305889966722));
#7023=CARTESIAN_POINT('',(-0.0793512012099343,0.0738738773807083,0.0733536051455905));
#7024=CARTESIAN_POINT('',(-0.0793552188017403,0.0788151742314111,0.0741661075028001));
#7025=CARTESIAN_POINT('',(-0.0793853979627981,0.0836714379113565,0.0813102460750389));
#7026=CARTESIAN_POINT('',(-0.0793855518542031,0.0884988072252956,0.0835177519811421));
#7027=CARTESIAN_POINT('',(-0.0793512042068115,0.0738819875292265,0.0731880692404109));
#7028=CARTESIAN_POINT('',(-0.0793552484577844,0.0788677345084224,0.0740127488024345));
#7029=CARTESIAN_POINT('',(-0.0793856133156274,0.083768985119729,0.0812639688235587));
#7030=CARTESIAN_POINT('',(-0.0793856530218726,0.088640384111065,0.083504914965612));
#7031=CARTESIAN_POINT('',(-0.0793507710358751,0.0729706546673126,0.073111487905262));
#7032=CARTESIAN_POINT('',(-0.0793515599246608,0.0792233819050133,0.073111487905262));
#7033=CARTESIAN_POINT('',(-0.079398972700864,0.0853385598765024,0.0842671346355751));
#7034=CARTESIAN_POINT('',(-0.079381977608719,0.0914232981424761,0.0841610466243819));
#7035=CARTESIAN_POINT('',(-0.0793856491295343,0.0885537355151014,0.0834645302702533));
#7036=CARTESIAN_POINT('',(-0.0793817425147524,0.0850137395354997,0.0826053432856095));
#7037=CARTESIAN_POINT('',(-0.0793834768762644,0.0861937384872375,0.082891735907803));
#7038=CARTESIAN_POINT('',(-0.0793852423312251,0.0873737376381041,0.0831781283539215));
#7039=CARTESIAN_POINT('',(-0.0793856491295343,0.0885537355151015,0.0834645302702533));
#7040=CARTESIAN_POINT('',(-0.0893511880549263,0.0738634747838877,0.0731847899382999));
#7041=CARTESIAN_POINT('',(-0.0893559060138351,0.0798045467494405,0.074143841265471));
#7042=CARTESIAN_POINT('',(-0.0893978174621427,0.0856272721376226,0.0841898012400091));
#7043=CARTESIAN_POINT('',(-0.0893817163182336,0.0914220365039258,0.0840887683447636));
#7044=CARTESIAN_POINT('',(-0.0893511851507604,0.0738555169778124,0.0733503672066748));
#7045=CARTESIAN_POINT('',(-0.0893558717974875,0.0797436163193532,0.0742951648615655));
#7046=CARTESIAN_POINT('',(-0.0893975255421133,0.0855126042337702,0.0841918049125177));
#7047=CARTESIAN_POINT('',(-0.0893817163182336,0.091255395222063,0.0840916771171692));
#7048=CARTESIAN_POINT('',(-0.0893511822227422,0.073847370118192,0.0735159444750497));
#7049=CARTESIAN_POINT('',(-0.0893558374145328,0.0796813653620259,0.0744464884576599));
#7050=CARTESIAN_POINT('',(-0.089397233622084,0.0853979363299179,0.0841938085850261));
#7051=CARTESIAN_POINT('',(-0.0893817163182336,0.0910887539402002,0.0840945858895747));
#7052=CARTESIAN_POINT('',(-0.0893511774952342,0.0738363718320018,0.0737367141720797));
#7053=CARTESIAN_POINT('',(-0.0893557801863087,0.0795974154709338,0.0746482533343638));
#7054=CARTESIAN_POINT('',(-0.0893967263715442,0.0852450455119725,0.0841964810065873));
#7055=CARTESIAN_POINT('',(-0.0893817163182336,0.0908665655643832,0.0840984642527821));
#7056=CARTESIAN_POINT('',(-0.0893511737439037,0.0738280905245693,0.073902291446318));
#7057=CARTESIAN_POINT('',(-0.0893557344202671,0.0795342253906727,0.0747995770123694));
#7058=CARTESIAN_POINT('',(-0.0893963164276808,0.0851303773286446,0.0841984855373122));
#7059=CARTESIAN_POINT('',(-0.0893817163182336,0.0906999242825204,0.0841013730251876));
#7060=CARTESIAN_POINT('',(-0.0893511691781153,0.0738197449494506,0.0740678687264198));
#7061=CARTESIAN_POINT('',(-0.0893556773329863,0.0794705863912884,0.0749509007722862));
#7062=CARTESIAN_POINT('',(-0.0893957884599834,0.0850157088658411,0.0842004909262537));
#7063=CARTESIAN_POINT('',(-0.0893817163182336,0.0905332830006576,0.0841042817975932));
#7064=CARTESIAN_POINT('',(-0.0893511631400909,0.0738086199663214,0.0742886384328633));
#7065=CARTESIAN_POINT('',(-0.0893556019086636,0.0793857515084397,0.075152665780496));
#7066=CARTESIAN_POINT('',(-0.0893950917313377,0.0848628175968062,0.0842031647256569));
#7067=CARTESIAN_POINT('',(-0.0893817163182336,0.0903110946248406,0.0841081601608005));
#7068=CARTESIAN_POINT('',(-0.0893511586488511,0.0738002781330245,0.0744542157124268));
#7069=CARTESIAN_POINT('',(-0.0893555458595189,0.0793221386465,0.075303989532894));
#7070=CARTESIAN_POINT('',(-0.0893945746060666,0.0847481491560574,0.0842051700358203));
#7071=CARTESIAN_POINT('',(-0.0893817163182336,0.0901444533429778,0.084111068933206));
#7072=CARTESIAN_POINT('',(-0.0893511550831735,0.0737920004859682,0.0746197929853196));
#7073=CARTESIAN_POINT('',(-0.0893555026837997,0.0792589741363701,0.0754553131921025));
#7074=CARTESIAN_POINT('',(-0.0893941917682688,0.0846334810278663,0.0842071743696));
#7075=CARTESIAN_POINT('',(-0.0893817163182336,0.089977812061115,0.0841139777056116));
#7076=CARTESIAN_POINT('',(-0.0893511506400766,0.0737810057786835,0.0748405626802864));
#7077=CARTESIAN_POINT('',(-0.089355449425611,0.079175049247745,0.075657078039984));
#7078=CARTESIAN_POINT('',(-0.0893937260803631,0.0844805902944642,0.0842098464891785));
#7079=CARTESIAN_POINT('',(-0.0893817163182336,0.089755623685298,0.084117856068819));
#7080=CARTESIAN_POINT('',(-0.0893511480072278,0.0737728499123841,0.0750061399465085));
#7081=CARTESIAN_POINT('',(-0.0893554191740734,0.0791127353835349,0.0758084016060031));
#7082=CARTESIAN_POINT('',(-0.0893934775300388,0.0843659224788308,0.0842118498465746));
#7083=CARTESIAN_POINT('',(-0.0893817163182336,0.0895889824034352,0.0841207648412245));
#7084=CARTESIAN_POINT('',(-0.0893511453991188,0.0737648901341947,0.0751717172127304));
#7085=CARTESIAN_POINT('',(-0.0893553890953423,0.0790517911825639,0.0759597251720221));
#7086=CARTESIAN_POINT('',(-0.0893932289797145,0.0842512546631975,0.0842138532039707));
#7087=CARTESIAN_POINT('',(-0.0893817163182336,0.0894223411215724,0.08412367361363));
#7088=CARTESIAN_POINT('',(-0.0893507709562843,0.072969392995806,0.073111487905262));
#7089=CARTESIAN_POINT('',(-0.0893515596892823,0.0792208854605969,0.073111487905262));
#7090=CARTESIAN_POINT('',(-0.0893986243423547,0.0853368778198677,0.0841948643239985));
#7091=CARTESIAN_POINT('',(-0.0893817163182336,0.0914220365039258,0.0840887683447635));
#7092=CARTESIAN_POINT('',(-0.0647989945745613,0.0770923558725344,0.0806818052592324));
#7093=CARTESIAN_POINT('',(-0.039799561146836,0.072975644730809,0.0809224257943629));
#7094=CARTESIAN_POINT('',(-0.0627989601787194,0.0729727429621432,0.0807561857512406));
#7095=CARTESIAN_POINT('',(-0.0647989079206223,0.0729724906344332,0.0807417300953169));
#7096=CARTESIAN_POINT('',(-0.0647989945745613,0.0770923558725344,0.0806818052592324));
#7097=CARTESIAN_POINT('',(-0.0647988683881903,0.0710929650846261,0.0807690684313948));
#7098=CARTESIAN_POINT('',(-0.0647988683881903,0.0710929650846262,0.0807690684313982));
#7099=CARTESIAN_POINT('',(-0.0627989206462874,0.0710932174123362,0.0807835240873219));
#7100=CARTESIAN_POINT('',(-0.0627990468326584,0.0770926082002445,0.080696260915156));
#7101=CARTESIAN_POINT('',(-0.0627670634984497,0.0586958320117149,0.0765924706109193));
#7102=CARTESIAN_POINT('',(-0.0626893943283225,0.0824287545902383,0.06543263419323));
#7103=CARTESIAN_POINT('',(-0.0627056569413661,0.0824287545902383,0.0676825754207773));
#7104=CARTESIAN_POINT('',(-0.0626524202272081,0.076797621333924,0.0604155405756205));
#7105=CARTESIAN_POINT('',(-0.0626522940408371,0.0707982305460157,0.0605028037477864));
#7106=CARTESIAN_POINT('',(-0.0626522982470495,0.070998210238946,0.0604998949753808));
#7107=CARTESIAN_POINT('',(-0.0626884605491774,0.0710855137591884,0.0655014449408162));
#7108=CARTESIAN_POINT('',(-0.0626308596266045,0.07094645283071,0.0575347537914426));
#7109=CARTESIAN_POINT('',(-0.0626308596266045,0.0792451886674765,0.0573898969256472));
#7110=CARTESIAN_POINT('',(-0.0626308596266045,0.0907434371160083,0.0571891916296657));
#7111=CARTESIAN_POINT('',(-0.0626893943283225,0.090884752386763,0.0652850322738448));
#7112=CARTESIAN_POINT('',(-0.0627479290300405,0.0910260676575177,0.0733808729180239));
#7113=CARTESIAN_POINT('',(-0.0627479290300405,0.0910260676575177,0.0733808729180239));
#7114=CARTESIAN_POINT('',(-0.0627479290300405,0.0860268292016343,0.0734681360901898));
#7115=CARTESIAN_POINT('',(-0.0627461717528755,0.0720986621480308,0.0734681360901898));
#7116=CARTESIAN_POINT('',(-0.06279908634587,0.0739727429541841,0.0807561857512406));
#7117=CARTESIAN_POINT('',(-0.0627675844093449,0.071042784031511,0.0764490192468462));
#7118=CARTESIAN_POINT('',(-0.0627266325800718,0.0709768750582987,0.0707844621867164));
#7119=CARTESIAN_POINT('',(-0.0629361550325292,0.0713983972744369,0.0997646479455996));
#7120=CARTESIAN_POINT('',(-0.0627245833307522,0.0709727523301401,0.0705010194088646));
#7121=CARTESIAN_POINT('',(-0.0626836308082425,0.0708738841948855,0.0648369417509163));
#7122=CARTESIAN_POINT('',(-0.064688649828538,0.063614382586705,0.065650812500985));
#7123=CARTESIAN_POINT('',(-0.0649361027744321,0.0713981449467268,0.099750192289676));
#7124=CARTESIAN_POINT('',(-0.0647265803219747,0.0709766227305886,0.0707700065307927));
#7125=CARTESIAN_POINT('',(-0.0647245310726551,0.0709725000024301,0.0704865637529409));
#7126=CARTESIAN_POINT('',(-0.0647675321512478,0.071042531703801,0.0764345635909225));
#7127=CARTESIAN_POINT('',(-0.064799034087773,0.0739724906264741,0.0807417300953169));
#7128=CARTESIAN_POINT('',(-0.0648102109746475,0.0739724892163181,0.0822880584072304));
#7129=CARTESIAN_POINT('',(-0.0648100848074969,0.0729724892242772,0.0822880584072304));
#7130=CARTESIAN_POINT('',(-0.0648100848074969,0.0719640108962756,0.0823056616919584));
#7131=CARTESIAN_POINT('',(-0.0648100848074968,0.070972489208359,0.0823229689935649));
#7132=CARTESIAN_POINT('',(-0.0648134702919746,0.0709724887812221,0.0827913525923444));
#7133=CARTESIAN_POINT('',(-0.0893470174590743,0.0813397891357792,0.0794641511717776));
#7134=CARTESIAN_POINT('',(-0.0893652159487037,0.0739693911812815,0.082110574418188));
#7135=CARTESIAN_POINT('',(-0.0893650897815531,0.0729693911892406,0.082110574418188));
#7136=CARTESIAN_POINT('',(-0.0928662338848266,0.0814219007670451,0.566348195871627));
#7137=CARTESIAN_POINT('',(-0.089364366888654,0.0821957149866499,0.0818495136128307));
#7138=CARTESIAN_POINT('',(-0.0893470174590743,0.0362122675167118,0.0802518652852801));
#7139=CARTESIAN_POINT('',(-0.0893764725642281,0.0290112274040409,0.0844526911296519));
#7140=CARTESIAN_POINT('',(-0.0893795545567876,0.028170779859084,0.0848937567096576));
#7141=CARTESIAN_POINT('',(-0.0893817163182336,0.0272610758549327,0.08520871671387));
#7142=CARTESIAN_POINT('',(-0.0893817163182336,0.0262975610613248,0.0852255351469295));
#7143=CARTESIAN_POINT('',(-0.0893764725642281,0.029011227404041,0.0844526911296519));
#7144=CARTESIAN_POINT('',(-0.0893817163182336,0.0262975610613248,0.0852255351469295));
#7145=CARTESIAN_POINT('',(-0.089364366888654,0.0352759691000249,0.0826685115260958));
#7146=CARTESIAN_POINT('',(-0.0893470174590743,0.0362122675167118,0.0802518652852801));
#7147=CARTESIAN_POINT('',(-0.0893649636144024,0.0432543748665507,0.0826118034425524));
#7148=CARTESIAN_POINT('',(-0.0893649636144024,0.0432543748665507,0.0826118034425524));
#7149=CARTESIAN_POINT('',(-0.0893650897815531,0.0442543748585916,0.0826118034425524));
#7150=CARTESIAN_POINT('',(-0.0892436246152103,0.0432543901755466,0.0658244876276766));
#7151=CARTESIAN_POINT('',(-0.0893489498098734,0.0432543768869668,0.0803962849710184));
#7152=CARTESIAN_POINT('',(-0.089364366888654,0.0352759691000249,0.0826685115260958));
#7153=CARTESIAN_POINT('',(-0.0893698629711131,0.0324317216447382,0.083478544651714));
#7154=CARTESIAN_POINT('',(-0.0893817163182336,0.0282972564436782,0.0851906298780632));
#7155=CARTESIAN_POINT('',(-0.0893817163182336,0.029065784448526,0.0851772149965381));
#7156=CARTESIAN_POINT('',(-0.0893787680537678,0.0305429009532044,0.0847435375267037));
#7157=CARTESIAN_POINT('',(-0.0893730232507258,0.0318200398863007,0.0839264481136397));
#7158=CARTESIAN_POINT('',(-0.0893698629711131,0.0324317216447383,0.083478544651714));
#7159=CARTESIAN_POINT('',(-0.0893817163182336,0.0282972564436781,0.0851906298780632));
#7160=CARTESIAN_POINT('',(-0.0893817163182336,0.0352960379651325,0.085068464095765));
#7161=CARTESIAN_POINT('',(-0.0893817163182336,0.0442945148689402,0.0849113930446006));
#7162=CARTESIAN_POINT('',(-0.0928662338848266,0.0527068844363961,0.566849424895991));
#7163=CARTESIAN_POINT('',(-0.0793472787495598,0.0362135291552622,0.0803241435648985));
#7164=CARTESIAN_POINT('',(-0.0792438859056957,0.0432556518140969,0.065896765907295));
#7165=CARTESIAN_POINT('',(-0.0793652249048879,0.043255636505101,0.0826840817221708));
#7166=CARTESIAN_POINT('',(-0.0793492111003588,0.0432556385255171,0.0804685632506369));
#7167=CARTESIAN_POINT('',(-0.0793652249048879,0.043255636505101,0.0826840817221708));
#7168=CARTESIAN_POINT('',(-0.0793653510720385,0.0442556364971419,0.0826840817221708));
#7169=CARTESIAN_POINT('',(-0.0828664951753121,0.0527081460749464,0.56692170317561));
#7170=CARTESIAN_POINT('',(-0.079381977608719,0.0442957765074906,0.0849836713242188));
#7171=CARTESIAN_POINT('',(-0.079381977608719,0.0352972996036828,0.0851407423753833));
#7172=CARTESIAN_POINT('',(-0.079381977608719,0.026298822699875,0.0852978134265479));
#7173=CARTESIAN_POINT('',(-0.0793646281791394,0.0352772307385752,0.0827407898057142));
#7174=CARTESIAN_POINT('',(-0.0893470174590743,0.0813397891357792,0.0794641511717776));
#7175=CARTESIAN_POINT('',(-0.089364366888654,0.0821957149866499,0.0818495136128307));
#7176=CARTESIAN_POINT('',(-0.0893762799349251,0.0885310008035759,0.0833871056767032));
#7177=CARTESIAN_POINT('',(-0.089376279934925,0.0885310008035759,0.0833871056767032));
#7178=CARTESIAN_POINT('',(-0.089379479510605,0.089435730516431,0.083813976364007));
#7179=CARTESIAN_POINT('',(-0.0893817163182336,0.0904081073542156,0.0841064667751817));
#7180=CARTESIAN_POINT('',(-0.0893817163182336,0.0914220365039258,0.0840887683447635));
#7181=CARTESIAN_POINT('',(-0.0793472787495598,0.0813410507743296,0.079536429451396));
#7182=CARTESIAN_POINT('',(-0.0793654772391892,0.0739706528198319,0.0821828526978064));
#7183=CARTESIAN_POINT('',(-0.0793653510720385,0.0729706528277909,0.0821828526978064));
#7184=CARTESIAN_POINT('',(-0.0793646281791394,0.0821969766252002,0.0819217918924491));
#7185=CARTESIAN_POINT('',(-0.079381977608719,0.0914232981424761,0.0841610466243821));
#7186=CARTESIAN_POINT('',(-0.079381977608719,0.0822170454903078,0.0843217444621184));
#7187=CARTESIAN_POINT('',(-0.079381977608719,0.0730107928381396,0.0844824422998547));
#7188=CARTESIAN_POINT('',(-0.0828664951753121,0.0814231624055954,0.566420474151245));
#7189=CARTESIAN_POINT('',(-0.0929683003631219,0.0908963800584554,0.580303768015284));
#7190=CARTESIAN_POINT('',(-0.0929683003631219,0.0817119437693694,0.58046408504201));
#7191=CARTESIAN_POINT('',(-0.0894785839667198,0.0732870231164805,0.0978070113840601));
#7192=CARTESIAN_POINT('',(-0.0894612345371402,0.0732451378882906,0.0954074396254013));
#7193=CARTESIAN_POINT('',(-0.0894785839667198,0.0824714594055665,0.0976466943573342));
#7194=CARTESIAN_POINT('',(-0.0894785839667198,0.0916558956946525,0.0974863773306083));
#7195=CARTESIAN_POINT('',(-0.0929683003631219,0.100080816347541,0.580143450988559));
#7196=CARTESIAN_POINT('',(-0.0894612345371402,0.0916140104664626,0.0950868055719495));
#7197=CARTESIAN_POINT('',(-0.0894612345371402,0.0824295741773767,0.0952471225986754));
#7198=CARTESIAN_POINT('',(-0.0829685616536073,0.0908976416970058,0.580376046294903));
#7199=CARTESIAN_POINT('',(-0.0794788452572053,0.0824727210441168,0.0977189726369526));
#7200=CARTESIAN_POINT('',(-0.0794788452572052,0.0732882847550308,0.0978792896636785));
#7201=CARTESIAN_POINT('',(-0.0794788452572053,0.0916571573332028,0.0975586556102267));
#7202=CARTESIAN_POINT('',(-0.0829685616536073,0.0817132054079198,0.580536363321629));
#7203=CARTESIAN_POINT('',(-0.0794614958276256,0.073246399526841,0.0954797179050197));
#7204=CARTESIAN_POINT('',(-0.0794614958276256,0.082430835815927,0.0953194008782938));
#7205=CARTESIAN_POINT('',(-0.0794614958276256,0.091615272105013,0.0951590838515679));
#7206=CARTESIAN_POINT('',(-0.0829685616536073,0.100082077986092,0.580215729268177));
#7207=CARTESIAN_POINT('',(-0.0949610908273731,0.0590510788439594,0.0956154359192423));
#7208=CARTESIAN_POINT('',(-0.0844613651823829,0.0732457687075658,0.0954435787652105));
#7209=CARTESIAN_POINT('',(-0.0952610829886586,0.0732444061379315,0.0953655182232227));
#7210=CARTESIAN_POINT('',(-0.0844613651823829,0.0916146412857378,0.0951229447117587));
#7211=CARTESIAN_POINT('',(-0.0952610829886586,0.0916132787161035,0.0950448841697709));
#7212=CARTESIAN_POINT('',(-0.0952610829886586,0.0824288424270175,0.0952052011964968));
#7213=CARTESIAN_POINT('',(-0.0949610908273731,0.0590510788439594,0.0956154359192423));
#7214=CARTESIAN_POINT('',(-0.0844613651823829,0.0445307523769168,0.0959448077895749));
#7215=CARTESIAN_POINT('',(-0.0794614958276256,0.044531383196192,0.095980946929384));
#7216=CARTESIAN_POINT('',(-0.0736616473761071,0.0445321149465512,0.0960228683315628));
#7217=CARTESIAN_POINT('',(-0.0794614958276256,0.035511089929302,0.096138398791559));
#7218=CARTESIAN_POINT('',(-0.0794614958276256,0.0264907966624119,0.0962958506537339));
#7219=CARTESIAN_POINT('',(-0.0844613651823829,0.0264901658431368,0.0962597115139247));
#7220=CARTESIAN_POINT('',(-0.0736616473761071,0.0264915284127711,0.0963377720559126));
#7221=CARTESIAN_POINT('',(-0.0736616473761071,0.0355118216796611,0.0961803201937377));
#7222=CARTESIAN_POINT('',(-0.0647971976979836,0.0403744352060644,0.0810741284866331));
#7223=CARTESIAN_POINT('',(-0.064797279370716,0.0442574745092537,0.0810176483640307));
#7224=CARTESIAN_POINT('',(-0.0627973316288131,0.0442577268369638,0.0810321040199544));
#7225=CARTESIAN_POINT('',(-0.064797279370716,0.0442574745092537,0.0810176483640307));
#7226=CARTESIAN_POINT('',(-0.0627972499560807,0.0403746875337744,0.0810885841425568));
#7227=CARTESIAN_POINT('',(-0.0627973761424517,0.0463740783216827,0.0810013209703909));
#7228=CARTESIAN_POINT('',(-0.0647973238843546,0.0463738259939726,0.0809868653144672));
#7229=CARTESIAN_POINT('',(-0.0647973238843546,0.0463738259939726,0.0809868653144672));
#7230=CARTESIAN_POINT('',(-0.0647971976979836,0.0403744352060644,0.0810741284866331));
#7231=CARTESIAN_POINT('',(-0.0647973214371111,0.0462574745198644,0.0809885576860889));
#7232=CARTESIAN_POINT('',(-0.0647971976979836,0.0403744352060644,0.0810741284866331));
#7233=CARTESIAN_POINT('',(-0.0647664923843516,0.0463242049503255,0.0767221769204222));
#7234=CARTESIAN_POINT('',(-0.0627665446424487,0.0463244572780356,0.0767366325763459));
#7235=CARTESIAN_POINT('',(-0.062725088076236,0.0462577359676451,0.0710022590697854));
#7236=CARTESIAN_POINT('',(-0.0647250358181389,0.0462574836399351,0.0709878034138617));
#7237=CARTESIAN_POINT('',(-0.0647250358181389,0.0462574836399351,0.0709878034138617));
#7238=CARTESIAN_POINT('',(-0.0647664923843516,0.0463242049503255,0.0767221769204222));
#7239=CARTESIAN_POINT('',(-0.0647670112403526,0.0586955796840048,0.0765780149549956));
#7240=CARTESIAN_POINT('',(-0.0648103520684135,0.0462574728758268,0.0827913525368574));
#7241=CARTESIAN_POINT('',(-0.0627670634984497,0.0586958320117149,0.0765924706109193));
#7242=CARTESIAN_POINT('',(-0.062689621203362,0.0350319163498628,0.0662913481765974));
#7243=CARTESIAN_POINT('',(-0.0627058838164056,0.0350319163498628,0.0685412894041447));
#7244=CARTESIAN_POINT('',(-0.0626308596266045,0.0375315429915853,0.0581180208341993));
#7245=CARTESIAN_POINT('',(-0.0626308596266045,0.0260332945430535,0.0583187261301807));
#7246=CARTESIAN_POINT('',(-0.0626308596266045,0.0460390764640762,0.0579695193444887));
#7247=CARTESIAN_POINT('',(-0.0626308451635016,0.0460390473668643,0.0579675188743493));
#7248=CARTESIAN_POINT('',(-0.0626527987863209,0.0460832141835207,0.0610040434087071));
#7249=CARTESIAN_POINT('',(-0.0626836308082425,0.0461576492689979,0.0652683708741044));
#7250=CARTESIAN_POINT('',(-0.0627972054616624,0.0432577268449228,0.0810321040199544));
#7251=CARTESIAN_POINT('',(-0.0627972054616624,0.0432577268449228,0.0810321040199544));
#7252=CARTESIAN_POINT('',(-0.0627651157172046,0.0432577308935944,0.0765924706109193));
#7253=CARTESIAN_POINT('',(-0.0627476545378298,0.0432577330966218,0.0741767070508481));
#7254=CARTESIAN_POINT('',(-0.0627469639700505,0.037784297497824,0.0741767070508481));
#7255=CARTESIAN_POINT('',(-0.0627461472351206,0.0313108619069853,0.0741767070508481));
#7256=CARTESIAN_POINT('',(-0.0627461472351206,0.0263116234511018,0.074263970223014));
#7257=CARTESIAN_POINT('',(-0.0627461472351206,0.0263116234511018,0.074263970223014));
#7258=CARTESIAN_POINT('',(-0.0626885034308625,0.0261724589970777,0.0662913481765974));
#7259=CARTESIAN_POINT('',(-0.0648102259012629,0.0452574728837859,0.0827913525368574));
#7260=CARTESIAN_POINT('',(-0.0648103520684135,0.0462574728758268,0.0827913525368574));
#7261=CARTESIAN_POINT('',(-0.0648100848074968,0.0462574729095463,0.0827543768452603));
#7262=CARTESIAN_POINT('',(-0.0648100848074969,0.0452571322533024,0.0827718380845431));
#7263=CARTESIAN_POINT('',(-0.0648100848074969,0.0442574728936281,0.0827892874315948));
#7264=CARTESIAN_POINT('',(-0.0648099586403462,0.0432574729015873,0.0827892874315948));
#7265=CARTESIAN_POINT('',(-0.0648099586403462,0.0432574729015873,0.0827892874315948));
#7266=CARTESIAN_POINT('',(-0.0648099735669615,0.043257472899704,0.0827913525368574));
#7267=CARTESIAN_POINT('',(-0.0647971532035653,0.0432574745172127,0.0810176483640307));
#7268=CARTESIAN_POINT('',(-0.0647971532035653,0.0432574745172127,0.0810176483640307));
#7269=CARTESIAN_POINT('',(-0.0647675321512478,0.071042531703801,0.0764345635909225));
#7270=CARTESIAN_POINT('',(-0.0647265803219747,0.0709766227305886,0.0707700065307927));
#7271=CARTESIAN_POINT('',(-0.0929104689311898,0.0907567626311559,0.572305195486422));
#7272=CARTESIAN_POINT('',(-0.0929104689311898,0.0815723263420699,0.572465512513148));
#7273=CARTESIAN_POINT('',(-0.0894484814997269,0.0732143493324068,0.0936435874898934));
#7274=CARTESIAN_POINT('',(-0.0894034031052072,0.0731055204609911,0.0874088670965387));
#7275=CARTESIAN_POINT('',(-0.0894484814997269,0.0823987856214928,0.0934832704631675));
#7276=CARTESIAN_POINT('',(-0.089448481499727,0.0915832219105787,0.0933229534364416));
#7277=CARTESIAN_POINT('',(-0.0929104689311898,0.0999411989202419,0.572144878459696));
#7278=CARTESIAN_POINT('',(-0.0894034031052081,0.0914743930391631,0.0870882330430869));
#7279=CARTESIAN_POINT('',(-0.0894034031052081,0.0822899567500771,0.0872485500698128));
#7280=CARTESIAN_POINT('',(-0.0929104689311898,0.0438370167445309,0.573124193399687));
#7281=CARTESIAN_POINT('',(-0.0929104689311898,0.0348167234776409,0.573281645261862));
#7282=CARTESIAN_POINT('',(-0.0894479053044237,0.0264573554094619,0.0943800275910241));
#7283=CARTESIAN_POINT('',(-0.0894034031052081,0.0263499175965621,0.0882249998452528));
#7284=CARTESIAN_POINT('',(-0.0894479053044237,0.035477648676352,0.0942225757288491));
#7285=CARTESIAN_POINT('',(-0.0894479053044237,0.0444979419432419,0.0940651238666742));
#7286=CARTESIAN_POINT('',(-0.0929104689311898,0.0528573100114209,0.572966741537512));
#7287=CARTESIAN_POINT('',(-0.0894034031052081,0.0443905041303421,0.087910096120903));
#7288=CARTESIAN_POINT('',(-0.0894034031052081,0.0353702108634521,0.088067547983078));
#7289=CARTESIAN_POINT('',(-0.0894034031052081,0.0443468714041775,0.0879108577429239));
#7290=CARTESIAN_POINT('',(-0.0894034031052081,0.0353702108634521,0.088067547983078));
#7291=CARTESIAN_POINT('',(-0.0652300595725523,0.0589780363254392,0.0914308875188346));
#7292=CARTESIAN_POINT('',(-0.065276324718098,0.0590897302672788,0.0978297455419247));
#7293=CARTESIAN_POINT('',(-0.065276324718098,0.0265274925459782,0.0983981289430076));
#7294=CARTESIAN_POINT('',(-0.0652763247180978,0.0916519679885793,0.0972613621408418));
#7295=CARTESIAN_POINT('',(-0.0651476497820491,0.0262168437702368,0.0806013050662884));
#7296=CARTESIAN_POINT('',(-0.0652777705038963,0.0265309829816607,0.0985980932562291));
#7297=CARTESIAN_POINT('',(-0.0652777705038963,0.0590932207029612,0.0980297098551462));
#7298=CARTESIAN_POINT('',(-0.0652777705038963,0.0916554584242618,0.0974613264540633));
#7299=CARTESIAN_POINT('',(-0.0651931920346955,0.0914512679368362,0.0857634141306019));
#7300=CARTESIAN_POINT('',(-0.0652300595725523,0.0589780363254392,0.0914308875188346));
#7301=CARTESIAN_POINT('',(-0.0652647584317116,0.0590618067818189,0.0962300310361524));
#7302=CARTESIAN_POINT('',(-0.0652647584317114,0.0916240445031194,0.0956616476350695));
#7303=CARTESIAN_POINT('',(-0.0652647584317116,0.0264995690605184,0.0967984144372354));
#7304=CARTESIAN_POINT('',(-0.0651931920346955,0.0914512679368362,0.0857634141306019));
#7305=CARTESIAN_POINT('',(-0.0652040354281828,0.0914774462044549,0.0872631464797637));
#7306=CARTESIAN_POINT('',(-0.0652040354281828,0.0363514476736207,0.0882253869375976));
#7307=CARTESIAN_POINT('',(-0.0652040354281828,0.0263529707618538,0.0883999132819294));
#7308=CARTESIAN_POINT('',(-0.0651476497820491,0.0262168437702368,0.0806013050662884));
#7309=CARTESIAN_POINT('',(-0.103629056217088,0.0589731916334059,0.0911533389251));
#7310=CARTESIAN_POINT('',(-0.103592188679231,0.0914464232448029,0.0854858655368673));
#7311=CARTESIAN_POINT('',(-0.103603032072719,0.0914726015124216,0.0869855978860287));
#7312=CARTESIAN_POINT('',(-0.103663755076247,0.0916191998110861,0.0953840990413348));
#7313=CARTESIAN_POINT('',(-0.103663755076247,0.0590569620897856,0.0959524824424177));
#7314=CARTESIAN_POINT('',(-0.103663755076247,0.0264947243684851,0.0965208658435007));
#7315=CARTESIAN_POINT('',(-0.103546646426585,0.0262119990782036,0.0803237564725537));
#7316=CARTESIAN_POINT('',(-0.103603032072719,0.0263481260698206,0.0881223646881947));
#7317=CARTESIAN_POINT('',(-0.103603032072719,0.0363466029815874,0.087947838343863));
#7318=CARTESIAN_POINT('',(-0.097985676236682,0.0814212548615855,0.566311192456183));
#7319=CARTESIAN_POINT('',(-0.0713944758203929,0.0730379802341878,0.086039986822547));
#7320=CARTESIAN_POINT('',(-0.0714053192138802,0.0730641585018065,0.0875397191717086));
#7321=CARTESIAN_POINT('',(-0.0713836324269058,0.0730118019665692,0.0845402544733853));
#7322=CARTESIAN_POINT('',(-0.0945228454570634,0.0730612418293669,0.0873726253031157));
#7323=CARTESIAN_POINT('',(-0.0944845321334084,0.072968745283781,0.0820735710027442));
#7324=CARTESIAN_POINT('',(0.405329398290475,0.0730719474918139,0.0879859442791743));
#7325=CARTESIAN_POINT('',(-0.0979865495668336,0.0527062384207509,0.566812415168102));
#7326=CARTESIAN_POINT('',(-0.094523718787215,0.0443462253885323,0.0878738480150351));
#7327=CARTESIAN_POINT('',(-0.094523718787215,0.0443462253885323,0.0878738480150351));
#7328=CARTESIAN_POINT('',(-0.0794036643956936,0.0443481330427278,0.0879831360225423));
#7329=CARTESIAN_POINT('',(-0.094523718787215,0.0443462253885323,0.0878738480150351));
#7330=CARTESIAN_POINT('',(-0.0714053192138802,0.0443491421711575,0.0880409481960729));
#7331=CARTESIAN_POINT('',(-0.0713944758203929,0.0443229639035388,0.0865412158469113));
#7332=CARTESIAN_POINT('',(-0.0713836324269056,0.0442967856359201,0.0850414834977495));
#7333=CARTESIAN_POINT('',(0.405329398290475,0.0443569311611648,0.0884871733035385));
#7334=CARTESIAN_POINT('',(-0.09448540546356,0.0442537288429464,0.0825747937146635));
#7335=CARTESIAN_POINT('',(-0.574093092217428,0.0442333602152659,0.0814078910652808));
#7336=CARTESIAN_POINT('',(-0.0943649591164106,0.0588196587324759,0.0823214119936925));
#7337=CARTESIAN_POINT('',(-0.09448540546356,0.0442537288429464,0.0825747937146635));
#7338=CARTESIAN_POINT('',(-0.09448540546356,0.0462537288588646,0.0825398831283291));
#7339=CARTESIAN_POINT('',(-0.0943981639282355,0.0462537398658806,0.082540513711614));
#7340=CARTESIAN_POINT('',(-0.0943976897829859,0.0586068366749308,0.082324890215179));
#7341=CARTESIAN_POINT('',(-0.094395027429122,0.0709687565604164,0.082109128530587));
#7342=CARTESIAN_POINT('',(-0.0944845321334084,0.0709687452678628,0.0821084815890787));
#7343=CARTESIAN_POINT('',(-0.0893650897815531,0.0709693911733225,0.0821454850045225));
#7344=CARTESIAN_POINT('',(-0.0944845321334084,0.0709687452678628,0.0821084815890787));
#7345=CARTESIAN_POINT('',(-0.0793653510720385,0.0709706528118728,0.0822177632841409));
#7346=CARTESIAN_POINT('',(-0.0944845321334084,0.0709687452678628,0.0821084815890787));
#7347=CARTESIAN_POINT('',(-0.0944845321334084,0.072968745283781,0.0820735710027442));
#7348=CARTESIAN_POINT('',(-0.0944845321334084,0.072968745283781,0.0820735710027442));
#7349=CARTESIAN_POINT('',(-0.0943945966628599,0.0729687566306831,0.0820742210578383));
#7350=CARTESIAN_POINT('',(-0.096394466291002,0.0729689350735245,0.0820597584474681));
#7351=CARTESIAN_POINT('',(-0.0953106718504189,0.0729688383695411,0.0820675962067375));
#7352=CARTESIAN_POINT('',(-0.096394466291002,0.0729689350735245,0.0820597584474681));
#7353=CARTESIAN_POINT('',(-0.0963944682489012,0.0729689350736992,0.082059758433309));
#7354=CARTESIAN_POINT('',(-0.0963946855278882,0.0719601327893487,0.0820773658018153));
#7355=CARTESIAN_POINT('',(-0.096394899001582,0.0709689350034313,0.0820946659061559));
#7356=CARTESIAN_POINT('',(-0.0963975614346309,0.0586067105079258,0.0823104329072324));
#7357=CARTESIAN_POINT('',(-0.096400652589648,0.0442539149104549,0.0825609428104338));
#7358=CARTESIAN_POINT('',(-0.0964006525160877,0.0442539149104483,0.0825609428109657));
#7359=CARTESIAN_POINT('',(-0.0943988446748268,0.0442537390882452,0.0825754194071875));
#7360=CARTESIAN_POINT('',(-0.09448540546356,0.0442537288429464,0.0825747937146635));
#7361=CARTESIAN_POINT('',(-0.0943627304551275,0.0709687606352337,0.0652571538733703));
#7362=CARTESIAN_POINT('',(-0.0944664598109297,0.0709687475479963,0.0796081660517883));
#7363=CARTESIAN_POINT('',(-0.0793472787495598,0.0709706550920062,0.0797174477468506));
#7364=CARTESIAN_POINT('',(-0.0893470174590743,0.0709693934534559,0.0796451694672321));
#7365=CARTESIAN_POINT('',(-0.0892432881032722,0.0709694065406933,0.0652941572888141));
#7366=CARTESIAN_POINT('',(-0.0943984129135997,0.0709687561332795,0.0825775121293665));
#7367=CARTESIAN_POINT('',(-0.0943094736942803,0.0709687673544875,0.070272723289963));
#7368=CARTESIAN_POINT('',(-0.0943169787253992,0.0709687664075991,0.0652570854138504));
#7369=CARTESIAN_POINT('',(-0.0943236454950134,0.0709687655664718,0.0608016605583151));
#7370=CARTESIAN_POINT('',(-0.0943169787253992,0.0709687664075991,0.0652570854138504));
#7371=CARTESIAN_POINT('',(-0.0943244825619765,0.0709687654608614,0.060242245853956));
#7372=CARTESIAN_POINT('',(-0.0943264825116884,0.0709687652085334,0.0602422313982858));
#7373=CARTESIAN_POINT('',(-0.0646520351857768,0.0709725091490296,0.060456718802772));
#7374=CARTESIAN_POINT('',(-0.064688283129216,0.0709725045757299,0.0654716412778565));
#7375=CARTESIAN_POINT('',(-0.064652245453683,0.0709725091225007,0.0604858094807137));
#7376=CARTESIAN_POINT('',(-0.064688283129216,0.0709725045757299,0.0654716412778565));
#7377=CARTESIAN_POINT('',(-0.0792435493937577,0.0709706681792436,0.0653664355684325));
#7378=CARTESIAN_POINT('',(-0.064683580091389,0.0585277309289259,0.0650382006454465));
#7379=CARTESIAN_POINT('',(-0.0646835785501454,0.0708736318671754,0.0648224860949926));
#7380=CARTESIAN_POINT('',(-0.06465224178274,0.0707979782183056,0.0604883480918627));
#7381=CARTESIAN_POINT('',(-0.064652367969111,0.0767973690062139,0.0604010849196968));
#7382=CARTESIAN_POINT('',(-0.064652367969111,0.0767973690062139,0.0604010849196968));
#7383=CARTESIAN_POINT('',(-0.0646522459889524,0.0709979579112359,0.0604854393194571));
#7384=CARTESIAN_POINT('',(-0.0646522459889524,0.0709979579112359,0.0604854393194571));
#7385=CARTESIAN_POINT('',(-0.06465224178274,0.0707979782183056,0.0604883480918627));
#7386=CARTESIAN_POINT('',(-0.064652367969111,0.0767973690062139,0.0604010849196968));
#7387=CARTESIAN_POINT('',(-0.0646835785501454,0.0708736318671754,0.0648224860949926));
#7388=CARTESIAN_POINT('',(-0.0647245310726551,0.0709725000024301,0.0704865637529409));
#7389=CARTESIAN_POINT('',(-0.064688649828538,0.063614382586705,0.065650812500985));
#7390=CARTESIAN_POINT('',(-0.0646521613529275,0.0719725091410706,0.060456718802772));
#7391=CARTESIAN_POINT('',(-0.0646520351857768,0.0709974565865984,0.0604567188255225));
#7392=CARTESIAN_POINT('',(-0.064688649828538,0.0710858445544845,0.0655203959429875));
#7393=CARTESIAN_POINT('',(-0.094326608678839,0.0719687652005744,0.0602422313982858));
#7394=CARTESIAN_POINT('',(-0.0943264856592355,0.0709937126457051,0.0602422313982858));
#7395=CARTESIAN_POINT('',(-0.0661519991397511,0.0709972673404187,0.0604458770608292));
#7396=CARTESIAN_POINT('',(-0.0943243933460387,0.0719687650029064,0.0602422474107481));
#7397=CARTESIAN_POINT('',(-0.0943243041300157,0.0729687654992999,0.0602422489675417));
#7398=CARTESIAN_POINT('',(-0.0943244302971663,0.0739687654913408,0.0602422489675417));
#7399=CARTESIAN_POINT('',(-0.066152374493656,0.0739723198793779,0.0604458770608292));
#7400=CARTESIAN_POINT('',(-0.0943041245053962,0.0719007909875845,0.0737920355789906));
#7401=CARTESIAN_POINT('',(-0.0943247479532869,0.0586112588041388,0.0608016605583151));
#7402=CARTESIAN_POINT('',(-0.0943234670677116,0.0729687656049016,0.0608016605583151));
#7403=CARTESIAN_POINT('',(-0.0943168002990618,0.0729687664460288,0.0652570847692919));
#7404=CARTESIAN_POINT('',(-0.0646835785501454,0.0461573969412878,0.0652539152181807));
#7405=CARTESIAN_POINT('',(-0.0646527465282238,0.0460829618558106,0.0609895877527834));
#7406=CARTESIAN_POINT('',(-0.0646527465282238,0.0460829618558106,0.0609895877527834));
#7407=CARTESIAN_POINT('',(-0.0646835785501454,0.0461573969412878,0.0652539152181807));
#7408=CARTESIAN_POINT('',(-0.0646529385054845,0.046083425329917,0.0610161398195762));
#7409=CARTESIAN_POINT('',(-0.0646835785501454,0.0461573969412878,0.0652539152181807));
#7410=CARTESIAN_POINT('',(-0.064683580091389,0.0585277309289259,0.0650382006454465));
#7411=CARTESIAN_POINT('',(-0.0646528342999224,0.0452574927414359,0.0610161398195762));
#7412=CARTESIAN_POINT('',(-0.0646307929054045,0.0460387950391543,0.0579530632184256));
#7413=CARTESIAN_POINT('',(-0.0646308073685074,0.0460388241363662,0.057955063688565));
#7414=CARTESIAN_POINT('',(-0.0646308073685074,0.0400397438091135,0.0580597793935776));
#7415=CARTESIAN_POINT('',(-0.0943643187986692,0.0462537441360242,0.0657874778997878));
#7416=CARTESIAN_POINT('',(-0.0944006177671216,0.0462537512622151,0.0825775072747895));
#7417=CARTESIAN_POINT('',(-0.0943131149388566,0.0462537508317167,0.0707739402802161));
#7418=CARTESIAN_POINT('',(-0.0943116786064189,0.0462537510198512,0.0702727264035489));
#7419=CARTESIAN_POINT('',(-0.0944003502637658,0.0462537405318263,0.0825404979087449));
#7420=CARTESIAN_POINT('',(-0.064688998142606,0.0462574881867059,0.066001971616719));
#7421=CARTESIAN_POINT('',(-0.064652960467073,0.0462574927334768,0.0610161398195762));
#7422=CARTESIAN_POINT('',(-0.0943282811231362,0.0462537486827951,0.060801646102645));
#7423=CARTESIAN_POINT('',(-0.0943258504118326,0.046253748989471,0.0608016605583151));
#7424=CARTESIAN_POINT('',(-0.0943183901047995,0.0462537499307167,0.0657874091754718));
#7425=CARTESIAN_POINT('',(-0.064688649828538,0.063614382586705,0.065650812500985));
#7426=CARTESIAN_POINT('',(-0.0646528342999224,0.0452574927414359,0.0610161398195762));
#7427=CARTESIAN_POINT('',(-0.0943281549559856,0.0452537486907541,0.060801646102645));
#7428=CARTESIAN_POINT('',(-0.0661527951063496,0.0452573034956533,0.0610052980776335));
#7429=CARTESIAN_POINT('',(-0.0661525427720483,0.0432573035115715,0.0610052980776335));
#7430=CARTESIAN_POINT('',(-0.0943279026216842,0.0432537487066723,0.060801646102645));
#7431=CARTESIAN_POINT('',(-0.0943260103623836,0.0432537489570105,0.0608016605583151));
#7432=CARTESIAN_POINT('',(-0.0943259026719838,0.0432537489590002,0.0608016605583151));
#7433=CARTESIAN_POINT('',(-0.0943260288391344,0.0442537489510412,0.0608016605583151));
#7434=CARTESIAN_POINT('',(-0.0943259396231966,0.0452537484930861,0.0608016621151072));
#7435=CARTESIAN_POINT('',(-0.0943180805815323,0.0586112582093182,0.0652574879118786));
#7436=CARTESIAN_POINT('',(-0.0943105761481671,0.0586112575398203,0.0702727264035489));
#7437=CARTESIAN_POINT('',(-0.0943247479532869,0.0586112588041388,0.0608016605583151));
#7438=CARTESIAN_POINT('',(-0.0963247457063391,0.0586114372312367,0.0608046532076203));
#7439=CARTESIAN_POINT('',(-0.0953243007457867,0.0586115248792217,0.0608031562155041));
#7440=CARTESIAN_POINT('',(-0.0963247457063391,0.0586114372312367,0.0608046532076203));
#7441=CARTESIAN_POINT('',(-0.0963234648207638,0.0729689440319995,0.0608046532076203));
#7442=CARTESIAN_POINT('',(-0.0963235909879145,0.0739689440240404,0.0608046532076203));
#7443=CARTESIAN_POINT('',(-0.096323590986633,0.0739689350657402,0.0608046532076204));
#7444=CARTESIAN_POINT('',(-0.0963235909879145,0.0739689440240404,0.0608046532076203));
#7445=CARTESIAN_POINT('',(-0.095310614920634,0.0739688536527489,0.0608031376259954));
#7446=CARTESIAN_POINT('',(-0.0963235909879145,0.0739689440240404,0.0608046532076203));
#7447=CARTESIAN_POINT('',(-0.0943235932348623,0.0739687655969425,0.0608016605583151));
#7448=CARTESIAN_POINT('',(-0.0963261158058355,0.0432539273821187,0.0608046532076203));
#7449=CARTESIAN_POINT('',(-0.0953106149208751,0.0432538367855789,0.0608031336869043));
#7450=CARTESIAN_POINT('',(-0.0963261158058355,0.0432539273821187,0.0608046532076203));
#7451=CARTESIAN_POINT('',(-0.0963261158058355,0.0432539273821187,0.0608046532076204));
#7452=CARTESIAN_POINT('',(-0.0963261158058355,0.0432539273821187,0.0608046532076203));
#7453=CARTESIAN_POINT('',(-0.0963260265921867,0.0442539273781392,0.0608046532076204));
#7454=CARTESIAN_POINT('',(-0.0963247457063391,0.0586114372312367,0.0608046532076203));
#7455=CARTESIAN_POINT('',(-0.0943995153674865,0.0586112463186123,0.0825775152429523));
#7456=CARTESIAN_POINT('',(-0.0963995131205387,0.0586114247457103,0.0825805078922576));
#7457=CARTESIAN_POINT('',(-0.0963984106666519,0.0709689345603775,0.0825805047786718));
#7458=CARTESIAN_POINT('',(-0.0963946466897843,0.0709689350352648,0.0820597584332108));
#7459=CARTESIAN_POINT('',(-0.0963957491348211,0.0586114244099114,0.082059758433309));
#7460=CARTESIAN_POINT('',(-0.0964008832200352,0.0432539148965922,0.0825805078922576));
#7461=CARTESIAN_POINT('',(-0.0964007418032968,0.0432539149144344,0.0825609428104338));
#7462=CARTESIAN_POINT('',(-0.0964007418032968,0.0432539149144344,0.0825609428104338));
#7463=CARTESIAN_POINT('',(-0.0963983214523956,0.07196891525439,0.0825805063354346));
#7464=CARTESIAN_POINT('',(-0.0963945574779308,0.071968914918541,0.082059758433309));
#7465=CARTESIAN_POINT('',(-0.084347148104317,0.0262144214242202,0.080462530769421));
#7466=CARTESIAN_POINT('',(-0.0793799776609771,0.0262988229522028,0.0852978278822038));
#7467=CARTESIAN_POINT('',(0.405329398290475,0.0263599773535493,0.0888013154058675));
#7468=CARTESIAN_POINT('',(-0.0621824270283539,0.0263009927181816,0.0854221320674915));
#7469=CARTESIAN_POINT('',(-0.0621477281691947,0.0262172222618019,0.0806229885501739));
#7470=CARTESIAN_POINT('',(-0.0622778488910419,0.0265313614732258,0.0986197767401146));
#7471=CARTESIAN_POINT('',(-0.0622778488910419,0.0265313614732258,0.0986197767401146));
#7472=CARTESIAN_POINT('',(-0.55040685979566,0.0264662850081843,0.0948915972740952));
#7473=CARTESIAN_POINT('',(-0.0692762202019039,0.0265269878905581,0.0983692176311602));
#7474=CARTESIAN_POINT('',(-0.069147545265855,0.0262163391148167,0.080572393754441));
#7475=CARTESIAN_POINT('',(-0.0692646539155175,0.0264990644050982,0.0967695031253881));
#7476=CARTESIAN_POINT('',(-0.550395293509274,0.0264383615227244,0.093291882768323));
#7477=CARTESIAN_POINT('',(-0.0844035337504508,0.0263505484158372,0.088261138985062));
#7478=CARTESIAN_POINT('',(-0.0794036643956936,0.0263511792351124,0.0882972781248713));
#7479=CARTESIAN_POINT('',(-0.0829107302216752,0.0348179851161912,0.57335392354148));
#7480=CARTESIAN_POINT('',(-0.0794481665949091,0.0264586170480123,0.0944523058706425));
#7481=CARTESIAN_POINT('',(0.405682368482653,0.0265198245858062,0.0979588375395548));
#7482=CARTESIAN_POINT('',(-0.0736483181433906,0.0264593487983714,0.0944942272728211));
#7483=CARTESIAN_POINT('',(-0.0771108817701567,0.0348187168665504,0.573395844943659));
#7484=CARTESIAN_POINT('',(-0.0829685616536073,0.0349576025434907,0.581352496070343));
#7485=CARTESIAN_POINT('',(-0.0794797554129263,0.0265348792008873,0.0988213045893326));
#7486=CARTESIAN_POINT('',(0.405650779664636,0.0265960867386812,0.102327836258245));
#7487=CARTESIAN_POINT('',(-0.0746798808323592,0.0265354847873915,0.0988559981635494));
#7488=CARTESIAN_POINT('',(-0.0781686870730392,0.0349582081299949,0.581387189644561));
#7489=CARTESIAN_POINT('',(-0.0746905369630246,0.0265612109625658,0.100329830492382));
#7490=CARTESIAN_POINT('',(-0.0844902808983491,0.0265599745567865,0.100258997778356));
#7491=CARTESIAN_POINT('',(-0.0942900248336732,0.0265587381510072,0.10018816506433));
#7492=CARTESIAN_POINT('',(-0.0977681749436877,0.0349557353184363,0.581245524216507));
#7493=CARTESIAN_POINT('',(-0.0942793687030078,0.0265330119758329,0.0987143327354972));
#7494=CARTESIAN_POINT('',(-0.574610029200003,0.026472410024543,0.0952424946408016));
#7495=CARTESIAN_POINT('',(-0.0894794941224408,0.026533617562337,0.098749026309714));
#7496=CARTESIAN_POINT('',(-0.0929683003631218,0.0349563409049404,0.581280217790725));
#7497=CARTESIAN_POINT('',(-0.0894612345371402,0.0264895350238616,0.0962235723741155));
#7498=CARTESIAN_POINT('',(-0.0844613651823829,0.0264901658431368,0.0962597115139247));
#7499=CARTESIAN_POINT('',(-0.0952610829886587,0.0264888032735024,0.0961816509719368));
#7500=CARTESIAN_POINT('',(-0.0987103173827082,0.0348159917272817,0.573239723859683));
#7501=CARTESIAN_POINT('',(-0.0952477537559421,0.0264566236591028,0.0943381061888454));
#7502=CARTESIAN_POINT('',(-0.574578440381986,0.026396147871668,0.0908734959221117));
#7503=CARTESIAN_POINT('',(-0.0844035337504508,0.0263505484158372,0.088261138985062));
#7504=CARTESIAN_POINT('',(0.381466780001315,0.026555931906279,0.100027397512413));
#7505=CARTESIAN_POINT('',(-0.0996638595924416,0.0264952290239052,0.0965497771553481));
#7506=CARTESIAN_POINT('',(-0.0996291607332823,0.0264114585675255,0.0917506336380303));
#7507=CARTESIAN_POINT('',(-0.099675425878828,0.0265231525093652,0.0981494916611203));
#7508=CARTESIAN_POINT('',(0.381455213714929,0.026583855391739,0.101627112018185));
#7509=CARTESIAN_POINT('',(-0.103675321362634,0.026522647853945,0.0981205803492729));
#7510=CARTESIAN_POINT('',(-0.103546646426585,0.0262119990782036,0.0803237564725537));
#7511=CARTESIAN_POINT('',(-0.103676767148432,0.0265261382896275,0.0983205446624944));
#7512=CARTESIAN_POINT('',(-0.106676688761286,0.0265257597980624,0.0982988611786089));
#7513=CARTESIAN_POINT('',(-0.106676688761286,0.0265257597980624,0.0982988611786089));
#7514=CARTESIAN_POINT('',(-0.106546568039439,0.0262116205866385,0.0803020729886682));
#7515=CARTESIAN_POINT('',(-0.106581266898599,0.0262953910430182,0.0851012165059858));
#7516=CARTESIAN_POINT('',(-0.574093092217428,0.0262364064076504,0.0817220331676098));
#7517=CARTESIAN_POINT('',(-0.0876534934397678,0.0587762419933473,0.0798702490486306));
#7518=CARTESIAN_POINT('',(-0.0793472787495598,0.0813410507743296,0.079536429451396));
#7519=CARTESIAN_POINT('',(-0.0793472787495598,0.0709270223658417,0.0797182093688714));
#7520=CARTESIAN_POINT('',(-0.0944664598109296,0.0709251148218317,0.0796089276738091));
#7521=CARTESIAN_POINT('',(-0.0893470174590743,0.0709257607272913,0.079645931089253));
#7522=CARTESIAN_POINT('',(-0.0893470174590743,0.0813397891357792,0.0794641511717776));
#7523=CARTESIAN_POINT('',(-0.0793472787495598,0.0813410507743296,0.079536429451396));
#7524=CARTESIAN_POINT('',(-0.0793472787495598,0.0709270223658417,0.0797182093688714));
#7525=CARTESIAN_POINT('',(-0.0893470174590743,0.0813397891357792,0.0794641511717776));
#7526=CARTESIAN_POINT('',(-0.0893470174590743,0.0709257607272913,0.079645931089253));
#7527=CARTESIAN_POINT('',(-0.0944664598109296,0.0709251148218317,0.0796089276738091));
#7528=CARTESIAN_POINT('',(-0.0843471481043171,0.0913388968668212,0.0793257639672551));
#7529=CARTESIAN_POINT('',(0.405329398290475,0.0914844527961504,0.0876645486037017));
#7530=CARTESIAN_POINT('',(-0.0621824270283539,0.0914254681607826,0.0842853652653257));
#7531=CARTESIAN_POINT('',(-0.0793799776609771,0.0914232983948038,0.084161061080038));
#7532=CARTESIAN_POINT('',(-0.106592110292086,0.0914460447532378,0.0854641820529817));
#7533=CARTESIAN_POINT('',(-0.106676688761286,0.0916502352406634,0.0971620943764431));
#7534=CARTESIAN_POINT('',(-0.106676688761286,0.0916502352406634,0.0971620943764431));
#7535=CARTESIAN_POINT('',(-0.103676767148432,0.0916506137322285,0.0971837778603286));
#7536=CARTESIAN_POINT('',(-0.103592188679231,0.0914464232448029,0.0854858655368673));
#7537=CARTESIAN_POINT('',(-0.103675321362634,0.091647123296546,0.0969838135471071));
#7538=CARTESIAN_POINT('',(0.381455213714929,0.09170833083434,0.100490345216019));
#7539=CARTESIAN_POINT('',(-0.099675425878828,0.0916476279519662,0.0970127248589544));
#7540=CARTESIAN_POINT('',(-0.0996291607332823,0.0915359340101266,0.0906138668358644));
#7541=CARTESIAN_POINT('',(-0.0996638595924415,0.0916197044665063,0.0954130103531821));
#7542=CARTESIAN_POINT('',(0.381466780001315,0.0916804073488801,0.0988906307102472));
#7543=CARTESIAN_POINT('',(-0.0844035337504508,0.0914750238584383,0.0871243721828961));
#7544=CARTESIAN_POINT('',(-0.574579016577289,0.0915220143727848,0.0898164217675291));
#7545=CARTESIAN_POINT('',(-0.0952483299512454,0.0915824901602195,0.0932810320342629));
#7546=CARTESIAN_POINT('',(-0.0952547064699519,0.0915978844381615,0.0941629581020169));
#7547=CARTESIAN_POINT('',(-0.574609119044282,0.0915946881568586,0.0939798456616959));
#7548=CARTESIAN_POINT('',(-0.0942784585472868,0.0916552901081483,0.0974516837563915));
#7549=CARTESIAN_POINT('',(-0.09428424169048,0.0916692518508783,0.0982515410092766));
#7550=CARTESIAN_POINT('',(-0.0942900248336733,0.0916832135936083,0.0990513982621639));
#7551=CARTESIAN_POINT('',(-0.0844902808983492,0.0916844499993876,0.0991222309761899));
#7552=CARTESIAN_POINT('',(-0.0746905369630246,0.0916856864051669,0.099193063690216));
#7553=CARTESIAN_POINT('',(-0.0746847538198314,0.0916717246624369,0.0983932064373308));
#7554=CARTESIAN_POINT('',(-0.0746789706766381,0.091657762919707,0.0975933491844435));
#7555=CARTESIAN_POINT('',(0.405651689820357,0.0917183648709968,0.101065187279139));
#7556=CARTESIAN_POINT('',(-0.0844613651823829,0.0916146412857378,0.0951229447117587));
#7557=CARTESIAN_POINT('',(-0.0736616473761071,0.0916160038553722,0.0952010052537467));
#7558=CARTESIAN_POINT('',(-0.0736552708574005,0.0916006095774302,0.0943190791859927));
#7559=CARTESIAN_POINT('',(-0.0736488943386939,0.0915852152994882,0.0934371531182386));
#7560=CARTESIAN_POINT('',(0.40568179228735,0.091645691086923,0.0969017633849724));
#7561=CARTESIAN_POINT('',(-0.0794487427902124,0.091584483549129,0.09339523171606));
#7562=CARTESIAN_POINT('',(-0.0829107302216752,0.0999424605587922,0.572217156739314));
#7563=CARTESIAN_POINT('',(-0.0794036643956936,0.0914756546777134,0.0871605113227053));
#7564=CARTESIAN_POINT('',(-0.0844035337504508,0.0914750238584383,0.0871243721828961));
#7565=CARTESIAN_POINT('',(-0.550395293509274,0.0915628369653254,0.092155115966157));
#7566=CARTESIAN_POINT('',(-0.0692646539155175,0.0916235398476992,0.0956327363232221));
#7567=CARTESIAN_POINT('',(-0.0691930875185015,0.0914507632814161,0.0857345028187546));
#7568=CARTESIAN_POINT('',(-0.0692762202019039,0.0916514633331592,0.0972324508289944));
#7569=CARTESIAN_POINT('',(-0.55040685979566,0.0915907604507853,0.0937548304719293));
#7570=CARTESIAN_POINT('',(-0.0622778488910419,0.0916558369158269,0.0974830099379488));
#7571=CARTESIAN_POINT('',(-0.0622778488910419,0.0916558369158269,0.0974830099379488));
#7572=CARTESIAN_POINT('',(-0.0621932704218411,0.0914516464284013,0.0857850976144874));
#7573=CARTESIAN_POINT('',(-0.0816813312945219,0.0730466809338231,0.0874657264288833));
#7574=CARTESIAN_POINT('',(-0.0794036643956936,0.0353714725020024,0.0881398262626964));
#7575=CARTESIAN_POINT('',(-0.0794036643956936,0.0822912183886275,0.0873208283494312));
#7576=CARTESIAN_POINT('',(-0.0794036643956936,0.0731067820995414,0.0874811453761571));
#7577=CARTESIAN_POINT('',(-0.0844035337504508,0.0731061512802663,0.0874450062363479));
#7578=CARTESIAN_POINT('',(-0.0714053192138802,0.0263501886681596,0.0883551252036708));
#7579=CARTESIAN_POINT('',(-0.574093092217428,0.0352348833114581,0.0815649621164453));
#7580=CARTESIAN_POINT('',(-0.574091949028418,0.0442935053756893,0.0814068494793884));
#7581=CARTESIAN_POINT('',(-0.106581266898599,0.0442935053756893,0.0847870541463519));
#7582=CARTESIAN_POINT('',(-0.0893817163182336,0.0352960379651325,0.085068464095765));
#7583=CARTESIAN_POINT('',(-0.106581266898599,0.035293867946826,0.0849441454548213));
#7584=CARTESIAN_POINT('',(0.405329398290475,0.0353584542573571,0.088644244354703));
#7585=CARTESIAN_POINT('',(-0.0713836324269058,0.0262978321329223,0.0853556605053475));
#7586=CARTESIAN_POINT('',(-0.062182427028354,0.0352994696219893,0.085265061016327));
#7587=CARTESIAN_POINT('',(-0.0713944758203929,0.0263240104005409,0.0868553928545092));
#7588=CARTESIAN_POINT('',(-0.103629056217088,0.0589731916334059,0.0911533389251));
#7589=CARTESIAN_POINT('',(-0.103675321362634,0.0590848855752455,0.09755219694819));
#7590=CARTESIAN_POINT('',(-0.103676767148432,0.059088376010928,0.0977521612614115));
#7591=CARTESIAN_POINT('',(-0.106676688761286,0.0590879975193629,0.097730477777526));
#7592=CARTESIAN_POINT('',(-0.106676688761286,0.0590879975193629,0.097730477777526));
#7593=CARTESIAN_POINT('',(-0.106628977829942,0.0589728131418408,0.0911316554412145));
#7594=CARTESIAN_POINT('',(-0.106581266898599,0.035293867946826,0.0849441454548213));
#7595=CARTESIAN_POINT('',(-0.0622778488910419,0.0590935991945263,0.0980513933390317));
#7596=CARTESIAN_POINT('',(-0.0622778488910419,0.0590935991945263,0.0980513933390317));
#7597=CARTESIAN_POINT('',(-0.0622301379596979,0.0589784148170042,0.0914525710027202));
#7598=CARTESIAN_POINT('',(0.381466780001315,0.0591181696275796,0.0994590141113302));
#7599=CARTESIAN_POINT('',(-0.0996638595924415,0.0590574667452058,0.0959813937542651));
#7600=CARTESIAN_POINT('',(0.381455213714929,0.0591460931130395,0.101058728617102));
#7601=CARTESIAN_POINT('',(-0.099675425878828,0.0590853902306657,0.0975811082600374));
#7602=CARTESIAN_POINT('',(-0.103010813752416,0.0671358841517312,0.558893283830838));
#7603=CARTESIAN_POINT('',(-0.550395293509274,0.059000599244025,0.09272349936724));
#7604=CARTESIAN_POINT('',(-0.0692646539155174,0.0590613021263988,0.0962011197243051));
#7605=CARTESIAN_POINT('',(-0.55040685979566,0.0590285227294848,0.0943232138730122));
#7606=CARTESIAN_POINT('',(-0.0692762202019038,0.0590892256118587,0.0978008342300773));
#7607=CARTESIAN_POINT('',(-0.0726116080754915,0.0671397195329242,0.559113009800877));
#7608=CARTESIAN_POINT('',(-0.0879105995764325,0.0815729571613451,0.572501651652957));
#7609=CARTESIAN_POINT('',(-0.0829107302216752,0.0815735879806202,0.572537790792766));
#7610=CARTESIAN_POINT('',(-0.0794487427902124,0.0732156109709571,0.0937158657695117));
#7611=CARTESIAN_POINT('',(0.40568179228735,0.073276818508751,0.0972223974384242));
#7612=CARTESIAN_POINT('',(-0.0736488943386939,0.0732163427213163,0.0937577871716904));
#7613=CARTESIAN_POINT('',(-0.0736552708574005,0.0732317369992582,0.0946397132394445));
#7614=CARTESIAN_POINT('',(-0.073661647376107,0.0732471312772001,0.0955216393071985));
#7615=CARTESIAN_POINT('',(-0.0844613651823829,0.0732457687075658,0.0954435787652105));
#7616=CARTESIAN_POINT('',(0.405651689820357,0.0733494922928248,0.101385821332591));
#7617=CARTESIAN_POINT('',(-0.0746789706766382,0.073288890341535,0.0979139832378953));
#7618=CARTESIAN_POINT('',(-0.0746847538198314,0.0733028520842649,0.0987138404907826));
#7619=CARTESIAN_POINT('',(-0.0746905369630246,0.0733168138269949,0.0995136977436678));
#7620=CARTESIAN_POINT('',(-0.0844902808983492,0.0733155774212156,0.0994428650296418));
#7621=CARTESIAN_POINT('',(-0.0942900248336732,0.0733143410154363,0.0993720323156157));
#7622=CARTESIAN_POINT('',(-0.09428424169048,0.0733003792727063,0.0985721750627284));
#7623=CARTESIAN_POINT('',(-0.0942784585472868,0.0732864175299764,0.0977723178098432));
#7624=CARTESIAN_POINT('',(-0.574609119044282,0.0732258155786866,0.0943004797151476));
#7625=CARTESIAN_POINT('',(-0.095254706469952,0.0732290118599895,0.0944835921554687));
#7626=CARTESIAN_POINT('',(-0.0952483299512455,0.0732136175820476,0.0936016660877147));
#7627=CARTESIAN_POINT('',(-0.574579016577289,0.0731531417946128,0.0901370558209809));
#7628=CARTESIAN_POINT('',(-0.0829107302216752,0.0907580242697063,0.57237747376604));
#7629=CARTESIAN_POINT('',(-0.0794487427902124,0.0824000472600431,0.0935555487427859));
#7630=CARTESIAN_POINT('',(-0.0949610908273731,0.0590510788439594,0.0956154359192423));
#7631=CARTESIAN_POINT('',(-0.0736616473761071,0.0824315675662862,0.0953613222804726));
#7632=CARTESIAN_POINT('',(-0.0879105995764325,0.0528579408306961,0.573002880677321));
#7633=CARTESIAN_POINT('',(-0.574578440381986,0.044436734405448,0.0905585921977619));
#7634=CARTESIAN_POINT('',(-0.0952477537559421,0.0444972101928827,0.0940232024644957));
#7635=CARTESIAN_POINT('',(-0.0987103173827082,0.0528565782610617,0.572924820135333));
#7636=CARTESIAN_POINT('',(-0.0952610829886587,0.0445293898072825,0.095866747247587));
#7637=CARTESIAN_POINT('',(-0.0844613651823829,0.0445307523769168,0.0959448077895749));
#7638=CARTESIAN_POINT('',(-0.0894612345371402,0.0445301215576416,0.0959086686497656));
#7639=CARTESIAN_POINT('',(-0.0929683003631219,0.0529969274387204,0.580965314066375));
#7640=CARTESIAN_POINT('',(-0.0894794941224408,0.0445742040961171,0.0984341225853643));
#7641=CARTESIAN_POINT('',(-0.574610029200003,0.0445129965583231,0.0949275909164519));
#7642=CARTESIAN_POINT('',(-0.0942793687030078,0.0445735985096129,0.0983994290111475));
#7643=CARTESIAN_POINT('',(-0.0977681749436877,0.0529963218522163,0.580930620492157));
#7644=CARTESIAN_POINT('',(-0.0942900248336732,0.0445993246847872,0.0998732613399799));
#7645=CARTESIAN_POINT('',(-0.0844902808983491,0.0446005610905665,0.0999440940540061));
#7646=CARTESIAN_POINT('',(-0.0746905369630246,0.0446017974963458,0.100014926768032));
#7647=CARTESIAN_POINT('',(-0.0781686870730392,0.0529987946637749,0.581072285920211));
#7648=CARTESIAN_POINT('',(-0.0746798808323592,0.0445760713211715,0.0985410944391995));
#7649=CARTESIAN_POINT('',(0.405650779664636,0.0446366732724612,0.102012932533895));
#7650=CARTESIAN_POINT('',(-0.0794797554129263,0.0445754657346673,0.0985064008649827));
#7651=CARTESIAN_POINT('',(-0.0829685616536073,0.0529981890772708,0.581037592345993));
#7652=CARTESIAN_POINT('',(-0.0771108817701567,0.0528593034003304,0.573080941219309));
#7653=CARTESIAN_POINT('',(-0.0736483181433905,0.0444999353321514,0.0941793235484711));
#7654=CARTESIAN_POINT('',(0.405682368482653,0.0445604111195862,0.0976439338152049));
#7655=CARTESIAN_POINT('',(-0.0794481665949091,0.0444992035817922,0.0941374021462925));
#7656=CARTESIAN_POINT('',(-0.0829107302216752,0.0528585716499712,0.573039019817131));
#7657=CARTESIAN_POINT('',(-0.0794036643956936,0.0443917657688924,0.0879823744005215));
#7658=CARTESIAN_POINT('',(-0.0844035337504508,0.0443911349496172,0.0879462352607122));
#7659=CARTESIAN_POINT('',(-0.0844035337504509,0.0589127861371377,0.0876927555839791));
#7660=CARTESIAN_POINT('',(-0.0794036643956936,0.0353714725020024,0.0881398262626964));
#7661=CARTESIAN_POINT('',(-0.0829107302216752,0.0438382783830812,0.573196471679305));
#7662=CARTESIAN_POINT('',(-0.0794481665949091,0.0354789103149023,0.0942948540084675));
#7663=CARTESIAN_POINT('',(-0.0949610908273731,0.0590510788439594,0.0956154359192423));
#7664=CARTESIAN_POINT('',(-0.0894612345371402,0.0355098282907516,0.0960661205119406));
#7665=CARTESIAN_POINT('',(-0.0952610829886586,0.0355090965403924,0.0960241991097619));
#7666=CARTESIAN_POINT('',(-0.0770114931076779,0.041351622670322,0.559531336455426));
#7667=CARTESIAN_POINT('',(-0.0736483181433906,0.0354796420652614,0.0943367754106462));
#7668=CARTESIAN_POINT('',(0.405682368482653,0.0355401178526962,0.0978013856773799));
#7669=CARTESIAN_POINT('',(-0.0770114931076779,0.041351622670322,0.559531336455426));
#7670=CARTESIAN_POINT('',(-0.0736488943386939,0.0824007790104022,0.0935974701449645));
#7671=CARTESIAN_POINT('',(0.40568179228735,0.082461254797837,0.0970620804116983));
#7672=CARTESIAN_POINT('',(-0.0986109287202293,0.0947514826071376,0.558443057600477));
#7673=CARTESIAN_POINT('',(-0.0952477537559421,0.0354769169259928,0.0941806543266704));
#7674=CARTESIAN_POINT('',(-0.574578440381986,0.035416441138558,0.0907160440599366));
#7675=CARTESIAN_POINT('',(-0.0986109287202293,0.0947514826071376,0.558443057600477));
#7676=CARTESIAN_POINT('',(-0.0952483299512454,0.0823980538711336,0.0934413490609888));
#7677=CARTESIAN_POINT('',(-0.574579016577289,0.0823375780836988,0.089976738794255));
#7678=CARTESIAN_POINT('',(-0.0764904899307373,0.00928385871998928,0.10061839768419));
#7679=CARTESIAN_POINT('',(-0.0746905369630246,0.0355815042294557,0.100172378630207));
#7680=CARTESIAN_POINT('',(-0.0942900248336732,0.0355790314178977,0.100030713202155));
#7681=CARTESIAN_POINT('',(-0.0929683003631218,0.0439766341718305,0.58112276592855));
#7682=CARTESIAN_POINT('',(-0.0894794941224408,0.035553910829227,0.0985915744475392));
#7683=CARTESIAN_POINT('',(-0.0829685616536073,0.0439778958103808,0.581195044208168));
#7684=CARTESIAN_POINT('',(-0.0794797554129263,0.0355551724677774,0.0986638527271576));
#7685=CARTESIAN_POINT('',(-0.0764904899307373,0.00928385871998928,0.10061839768419));
#7686=CARTESIAN_POINT('',(-0.0942900248336732,0.0824987773045227,0.0992117152888898));
#7687=CARTESIAN_POINT('',(-0.0746905369630247,0.0825012501160808,0.0993533807169419));
#7688=CARTESIAN_POINT('',(-0.0746847538198315,0.00927012407219838,0.0998315505216346));
#7689=CARTESIAN_POINT('',(-0.0746789706766382,0.0824733266306208,0.0977536662111694));
#7690=CARTESIAN_POINT('',(0.405651689820357,0.0825339285819108,0.101225504305865));
#7691=CARTESIAN_POINT('',(-0.0746847538198315,0.00927012407219838,0.0998315505216346));
#7692=CARTESIAN_POINT('',(-0.0746798808323593,0.0355557780542814,0.0986985463013745));
#7693=CARTESIAN_POINT('',(0.405650779664636,0.0356163800055713,0.10217038439607));
#7694=CARTESIAN_POINT('',(-0.0942842416904799,0.108946376998516,0.0979499637271388));
#7695=CARTESIAN_POINT('',(-0.0942784585472867,0.0824708538190628,0.0976120007831173));
#7696=CARTESIAN_POINT('',(-0.574609119044282,0.0824102518677726,0.0941401626884217));
#7697=CARTESIAN_POINT('',(-0.0942842416904799,0.108946376998516,0.0979499637271388));
#7698=CARTESIAN_POINT('',(-0.0942793687030078,0.0355533052427233,0.0985568808733224));
#7699=CARTESIAN_POINT('',(-0.574610029200003,0.0354927032914331,0.0950850427786268));
#7700=CARTESIAN_POINT('',(-0.0793626282313975,0.0821969768775279,0.081921806348105));
#7701=CARTESIAN_POINT('',(-0.089364366888654,0.0821957149866499,0.0818495136128307));
#7702=CARTESIAN_POINT('',(-0.0893470174590743,0.0729693934693741,0.0796102588808977));
#7703=CARTESIAN_POINT('',(-0.0793856491295946,0.0885537354264948,0.0834645302388444));
#7704=CARTESIAN_POINT('',(-0.0827158598363442,0.0885462630064754,0.0834387477213996));
#7705=CARTESIAN_POINT('',(-0.0860460696663355,0.0885385790614166,0.08341291387957));
#7706=CARTESIAN_POINT('',(-0.0893762799349251,0.088531000803576,0.0833871056767032));
#7707=CARTESIAN_POINT('',(-0.0793646281791394,0.0821969766252002,0.0819217918924491));
#7708=CARTESIAN_POINT('',(-0.0793472787495598,0.0729706551079244,0.0796825371605161));
#7709=CARTESIAN_POINT('',(-0.0944664598109297,0.0729687475639144,0.0795732554654538));
#7710=CARTESIAN_POINT('',(-0.0793626282313975,0.0352772309909029,0.0827408042613701));
#7711=CARTESIAN_POINT('',(-0.0793853453993963,0.0289943906195455,0.0845300614898564));
#7712=CARTESIAN_POINT('',(-0.082715721499594,0.0289999052675559,0.0845042991697371));
#7713=CARTESIAN_POINT('',(-0.0860460967859467,0.0290056296096703,0.0844784771284333));
#7714=CARTESIAN_POINT('',(-0.0893764725642281,0.0290112274040408,0.0844526911296519));
#7715=CARTESIAN_POINT('',(-0.0793853453993963,0.0289943906195454,0.0845300614898565));
#7716=CARTESIAN_POINT('',(-0.0793813473486367,0.0324064084551122,0.083558310211582));
#7717=CARTESIAN_POINT('',(-0.0793831173340663,0.0312690687937408,0.08388222423554));
#7718=CARTESIAN_POINT('',(-0.0793848960328812,0.0301317289314322,0.0842061382534336));
#7719=CARTESIAN_POINT('',(-0.0793853453994305,0.0289943906185174,0.0845300614862466));
#7720=CARTESIAN_POINT('',(-0.0793813473486367,0.032406408455112,0.0835583102115821));
#7721=CARTESIAN_POINT('',(-0.0893698629711131,0.0324317216447382,0.083478544651714));
#7722=CARTESIAN_POINT('',(-0.086040357618244,0.0324233139058114,0.0835051246309731));
#7723=CARTESIAN_POINT('',(-0.0827108534014724,0.0324146696087175,0.083531771976355));
#7724=CARTESIAN_POINT('',(-0.0793813473486367,0.032406408455112,0.0835583102115822));
#7725=CARTESIAN_POINT('',(-0.089364366888654,0.0352759691000249,0.0826685115260958));
#7726=CARTESIAN_POINT('',(-0.0893470174590743,0.044254377138725,0.080111487905262));
#7727=CARTESIAN_POINT('',(-0.0944673331410813,0.0442537311230798,0.0800744781773732));
#7728=CARTESIAN_POINT('',(-0.0793472787495598,0.0442556387772754,0.0801837661848804));
#7729=CARTESIAN_POINT('',(-0.0793646281791394,0.0352772307385752,0.0827407898057142));
#7730=CARTESIAN_POINT('',(-0.0793474703313371,0.0433466596061383,0.0752028182341931));
#7731=CARTESIAN_POINT('',(-0.0793516243901678,0.0382584198679574,0.0762080224338463));
#7732=CARTESIAN_POINT('',(-0.0793934715213862,0.0333735221197108,0.0851742393715804));
#7733=CARTESIAN_POINT('',(-0.079381977608719,0.0282985180822285,0.0852629081576816));
#7734=CARTESIAN_POINT('',(-0.0804585811218238,0.0433465190023423,0.0752027453275886));
#7735=CARTESIAN_POINT('',(-0.0804627317550178,0.0382582747241315,0.0762071471752916));
#7736=CARTESIAN_POINT('',(-0.0805045484822247,0.0333733378341933,0.0851662092584659));
#7737=CARTESIAN_POINT('',(-0.080493059687554,0.0282983779001673,0.085254877237724));
#7738=CARTESIAN_POINT('',(-0.0826808027082176,0.0433462807586442,0.0752025995143796));
#7739=CARTESIAN_POINT('',(-0.0826849465169429,0.0382582398517759,0.076205396658182));
#7740=CARTESIAN_POINT('',(-0.0827267024039016,0.0333729692631581,0.0851501490322366));
#7741=CARTESIAN_POINT('',(-0.0827152238452239,0.028298097536045,0.0852388153978088));
#7742=CARTESIAN_POINT('',(-0.0860141347524858,0.0433459663606489,0.0752023807970155));
#7743=CARTESIAN_POINT('',(-0.0860182646406965,0.0382584429851112,0.0762027709116414));
#7744=CARTESIAN_POINT('',(-0.0860598971591174,0.0333724164926986,0.0851260589525983));
#7745=CARTESIAN_POINT('',(-0.0860484700817287,0.0282976769898615,0.085214722637936));
#7746=CARTESIAN_POINT('',(-0.0882363563389006,0.0433457281226426,0.0752022349838063));
#7747=CARTESIAN_POINT('',(-0.0882404794028654,0.0382584081465941,0.0762010203945301));
#7748=CARTESIAN_POINT('',(-0.08828205108293,0.0333720479216898,0.0851099987263532));
#7749=CARTESIAN_POINT('',(-0.0882706342393986,0.0282973966257393,0.0851986607980208));
#7750=CARTESIAN_POINT('',(-0.0893474671293978,0.0433455875231153,0.0752021620772017));
#7751=CARTESIAN_POINT('',(-0.0893515867678384,0.0382582630281461,0.0762001451359745));
#7752=CARTESIAN_POINT('',(-0.0893931280448363,0.0333718636361854,0.0851019686132306));
#7753=CARTESIAN_POINT('',(-0.0893817163182336,0.0282972564436781,0.0851906298780632));
#7754=CARTESIAN_POINT('',(-0.0893475449999013,0.0432543770665164,0.0752209028060775));
#7755=CARTESIAN_POINT('',(-0.0860142128883884,0.0432547976235344,0.0752211670475347));
#7756=CARTESIAN_POINT('',(-0.082680880773451,0.0432552181782442,0.0752213859385076));
#7757=CARTESIAN_POINT('',(-0.0793475486619413,0.0432556387352623,0.075221650078529));
#7758=CARTESIAN_POINT('',(-0.0893475449999016,0.0432543770688251,0.0752209028060775));
#7759=CARTESIAN_POINT('',(-0.0793475486619486,0.0432556387315129,0.0752216500801502));
#7760=CARTESIAN_POINT('',(-0.0893471480645217,0.0442543771222469,0.075111487905262));
#7761=CARTESIAN_POINT('',(-0.0893464647102746,0.038838115931468,0.075111487905262));
#7762=CARTESIAN_POINT('',(-0.0893938059162843,0.0336733019237574,0.085096702018432));
#7763=CARTESIAN_POINT('',(-0.0893817163182336,0.0282972564436781,0.0851906298780631));
#7764=CARTESIAN_POINT('',(-0.0793471481441125,0.0442556387937535,0.075111487905262));
#7765=CARTESIAN_POINT('',(-0.0793464646271186,0.0388380876732421,0.075111487905262));
#7766=CARTESIAN_POINT('',(-0.0793941542747936,0.0336749839803921,0.0851689723300086));
#7767=CARTESIAN_POINT('',(-0.079381977608719,0.0282985180822285,0.0852629081576816));
#7768=CARTESIAN_POINT('',(-0.0793474164441431,0.0433427331127989,0.0731988319164321));
#7769=CARTESIAN_POINT('',(-0.0793508412943498,0.038444721715873,0.074122287734577));
#7770=CARTESIAN_POINT('',(-0.0793849154634691,0.0337346922039108,0.0821062312417088));
#7771=CARTESIAN_POINT('',(-0.0793853567822856,0.0289085625503406,0.0845745433007779));
#7772=CARTESIAN_POINT('',(-0.0793474151896158,0.0433510449995344,0.0733642797359269));
#7773=CARTESIAN_POINT('',(-0.0793508215363698,0.0384977044564074,0.0742748494729396));
#7774=CARTESIAN_POINT('',(-0.0793846977824706,0.033831820011582,0.0821473918043189));
#7775=CARTESIAN_POINT('',(-0.0793852588344005,0.0290508183722435,0.0845815455723987));
#7776=CARTESIAN_POINT('',(-0.0793474139626401,0.0433595752605779,0.0735297275554216));
#7777=CARTESIAN_POINT('',(-0.0793508019385532,0.0385519566518139,0.0744274112113022));
#7778=CARTESIAN_POINT('',(-0.0793844801495499,0.0339293288844605,0.082188552366929));
#7779=CARTESIAN_POINT('',(-0.0793851608974344,0.0291931607383368,0.0845885478440194));
#7780=CARTESIAN_POINT('',(-0.0793474114908667,0.0433711056930836,0.0737503246542278));
#7781=CARTESIAN_POINT('',(-0.0793507661058597,0.038625204151747,0.0746308269329787));
#7782=CARTESIAN_POINT('',(-0.0793841047805995,0.0340596144692221,0.0822434337293342));
#7783=CARTESIAN_POINT('',(-0.0793849921173485,0.0293830127824595,0.0845978844806444));
#7784=CARTESIAN_POINT('',(-0.0793474094278895,0.0433797911535004,0.0739157724798689));
#7785=CARTESIAN_POINT('',(-0.0793507368046337,0.0386803585659534,0.0747833887418675));
#7786=CARTESIAN_POINT('',(-0.0793838019556144,0.0341573943885548,0.0822845949042028));
#7787=CARTESIAN_POINT('',(-0.0793848559828405,0.0295254167562454,0.0846048870267289));
#7788=CARTESIAN_POINT('',(-0.0793474065186941,0.0433885508363541,0.0740812203116566));
#7789=CARTESIAN_POINT('',(-0.0793506977406069,0.0387359444633346,0.0749359506212827));
#7790=CARTESIAN_POINT('',(-0.0793834139207368,0.0342553040488315,0.0823257566913297));
#7791=CARTESIAN_POINT('',(-0.0793846816467414,0.0296678502456548,0.0846118898472774));
#7792=CARTESIAN_POINT('',(-0.0793474026942372,0.0434002276113036,0.0743018174203126));
#7793=CARTESIAN_POINT('',(-0.0793506462822504,0.0388100427027485,0.0751393664559803));
#7794=CARTESIAN_POINT('',(-0.0793829020014009,0.0343858453601298,0.0823806390349037));
#7795=CARTESIAN_POINT('',(-0.0793844516465848,0.0298577604486492,0.0846212269237416));
#7796=CARTESIAN_POINT('',(-0.0793473998667375,0.043408983012672,0.074467265251509));
#7797=CARTESIAN_POINT('',(-0.0793506081586853,0.0388656037098837,0.0752919283286115));
#7798=CARTESIAN_POINT('',(-0.0793825221572575,0.0344837475303373,0.0824218007631376));
#7799=CARTESIAN_POINT('',(-0.0793842809824449,0.0300001922327392,0.0846282297178895));
#7800=CARTESIAN_POINT('',(-0.0793473980088215,0.0434176642843114,0.0746327130756721));
#7801=CARTESIAN_POINT('',(-0.079350581213392,0.0389207337711393,0.0754444901205406));
#7802=CARTESIAN_POINT('',(-0.0793822398105426,0.0345815200931209,0.0824629617907738));
#7803=CARTESIAN_POINT('',(-0.0793841540281605,0.0301425945251688,0.0846352321979726));
#7804=CARTESIAN_POINT('',(-0.079347395851769,0.0434291906207796,0.0748533101722118));
#7805=CARTESIAN_POINT('',(-0.0793505489948353,0.0389939574557847,0.0756479058162121));
#7806=CARTESIAN_POINT('',(-0.0793818958421187,0.0347117984580489,0.0825178429274227));
#7807=CARTESIAN_POINT('',(-0.0793839993245338,0.0303324449133308,0.0846445687333952));
#7808=CARTESIAN_POINT('',(-0.0793473949550372,0.0434377311879914,0.0750187579893417));
#7809=CARTESIAN_POINT('',(-0.0793505331789855,0.0390482695587141,0.0758004675274392));
#7810=CARTESIAN_POINT('',(-0.0793817109781748,0.0348093252399379,0.0825590032544611));
#7811=CARTESIAN_POINT('',(-0.079383916076776,0.0304747913297994,0.0846515708994137));
#7812=CARTESIAN_POINT('',(-0.0793473940297382,0.0434460453319074,0.0751842058064716));
#7813=CARTESIAN_POINT('',(-0.0793505171970688,0.0391012654163453,0.0759530292386662));
#7814=CARTESIAN_POINT('',(-0.0793815260643809,0.0349064569110606,0.0826001635814993));
#7815=CARTESIAN_POINT('',(-0.0793838328176966,0.0306170480121734,0.0846585730654321));
#7816=CARTESIAN_POINT('',(-0.0793470219769618,0.0432556388017125,0.074111487905262));
#7817=CARTESIAN_POINT('',(-0.0793472828185546,0.043255638768803,0.0751114878941168));
#7818=CARTESIAN_POINT('',(-0.0793474157951678,0.0432552517308284,0.0732160907723922));
#7819=CARTESIAN_POINT('',(-0.0793475486619449,0.0432556387340958,0.0752216500795376));
#7820=CARTESIAN_POINT('',(-0.079347546989096,0.0432556387343069,0.0751849293473492));
#7821=CARTESIAN_POINT('',(-0.0793475453174095,0.0432556387356842,0.0751482086151607));
#7822=CARTESIAN_POINT('',(-0.0793475436601475,0.0432556387358933,0.0751114878829716));
#7823=CARTESIAN_POINT('',(-0.0793471481441125,0.0442556387937535,0.073111487905262));
#7824=CARTESIAN_POINT('',(-0.0793463772089849,0.0381452121305534,0.073111487905262));
#7825=CARTESIAN_POINT('',(-0.079398972700864,0.032353486435058,0.0851920046186224));
#7826=CARTESIAN_POINT('',(-0.079381977608719,0.026298822699875,0.0852978134265479));
#7827=CARTESIAN_POINT('',(-0.0893471480645217,0.0442543771222469,0.073111487905262));
#7828=CARTESIAN_POINT('',(-0.0893463772997419,0.0381453006340153,0.073111487905262));
#7829=CARTESIAN_POINT('',(-0.0893986243423547,0.0323518043784234,0.0851197343070457));
#7830=CARTESIAN_POINT('',(-0.0893817163182336,0.0262975610613248,0.0852255351469295));
#7831=CARTESIAN_POINT('',(-0.088236036962254,0.0442545173079699,0.073111487905262));
#7832=CARTESIAN_POINT('',(-0.0882352661974726,0.0381454408071091,0.073111487905262));
#7833=CARTESIAN_POINT('',(-0.0882875476957516,0.0323519912860068,0.0851277643721194));
#7834=CARTESIAN_POINT('',(-0.0882706342393986,0.0262977012433859,0.0852335660668871));
#7835=CARTESIAN_POINT('',(-0.0860138147577186,0.0442547976794158,0.073111487905262));
#7836=CARTESIAN_POINT('',(-0.08601304395508,0.0381454211228391,0.073111487905262));
#7837=CARTESIAN_POINT('',(-0.0860653944025454,0.0323523651011737,0.0851438245022668));
#7838=CARTESIAN_POINT('',(-0.0860484700817288,0.0262979816075082,0.0852496279068023));
#7839=CARTESIAN_POINT('',(-0.0826804814509156,0.0442552182365847,0.073111487905262));
#7840=CARTESIAN_POINT('',(-0.0826797105536394,0.0381450915828103,0.073111487905262));
#7841=CARTESIAN_POINT('',(-0.0827322026376672,0.0323529257122725,0.0851679144234237));
#7842=CARTESIAN_POINT('',(-0.0827152238452239,0.0262984021536916,0.0852737206666751));
#7843=CARTESIAN_POINT('',(-0.0804582592463802,0.0442554986080305,0.073111487905262));
#7844=CARTESIAN_POINT('',(-0.0804574883112511,0.0381450719322083,0.073111487905262));
#7845=CARTESIAN_POINT('',(-0.0805100493464651,0.0323532995274629,0.0851839745535561));
#7846=CARTESIAN_POINT('',(-0.080493059687554,0.0262986825178139,0.0852897825065903));
#7847=CARTESIAN_POINT('',(-0.0793471481441125,0.0442556387937535,0.073111487905262));
#7848=CARTESIAN_POINT('',(-0.0793463772089849,0.0381452121305534,0.073111487905262));
#7849=CARTESIAN_POINT('',(-0.079398972700864,0.032353486435058,0.0851920046186224));
#7850=CARTESIAN_POINT('',(-0.079381977608719,0.026298822699875,0.0852978134265479));
#7851=CARTESIAN_POINT('',(-0.0893471480645217,0.0442543771222469,0.073111487905262));
#7852=CARTESIAN_POINT('',(-0.0893471055545881,0.043917443673267,0.073111487905262));
#7853=CARTESIAN_POINT('',(-0.0893470635227675,0.0435842997441542,0.0731479519782124));
#7854=CARTESIAN_POINT('',(-0.089347021897371,0.0432543771302061,0.0732154126616242));
#7855=CARTESIAN_POINT('',(-0.0893471480645217,0.0442543771222469,0.073111487905262));
#7856=CARTESIAN_POINT('',(-0.0893470218973499,0.043254377130206,0.0732154126616241));
#7857=CARTESIAN_POINT('',(-0.0843471481043171,0.0442550079580002,0.073111487905262));
#7858=CARTESIAN_POINT('',(-0.0793471481441125,0.0442556387937535,0.073111487905262));
#7859=CARTESIAN_POINT('',(-0.0793471481441125,0.0442556387937535,0.073111487905262));
#7860=CARTESIAN_POINT('',(-0.0793463772089849,0.0381452121305534,0.073111487905262));
#7861=CARTESIAN_POINT('',(-0.079398972700864,0.032353486435058,0.0851920046186224));
#7862=CARTESIAN_POINT('',(-0.079381977608719,0.026298822699875,0.0852978134265479));
#7863=CARTESIAN_POINT('',(-0.0893471480645217,0.0442543771222469,0.073111487905262));
#7864=CARTESIAN_POINT('',(-0.0893463772997419,0.0381453006340153,0.073111487905262));
#7865=CARTESIAN_POINT('',(-0.0893986243423547,0.0323518043784234,0.0851197343070457));
#7866=CARTESIAN_POINT('',(-0.0893817163182336,0.0262975610613248,0.0852255351469295));
#7867=CARTESIAN_POINT('',(-0.089347477671936,0.0432543770779025,0.0732154126320257));
#7868=CARTESIAN_POINT('',(-0.0893470218973499,0.043254377130206,0.0732154126616242));
#7869=CARTESIAN_POINT('',(-0.0893471738222117,0.0432543771110381,0.0732154126521126));
#7870=CARTESIAN_POINT('',(-0.0893473257470782,0.0432543770918702,0.0732154126426009));
#7871=CARTESIAN_POINT('',(-0.08934747767194,0.0432543770727022,0.0732154126330891));
#7872=CARTESIAN_POINT('',(-0.0893473813580625,0.04345927385704,0.0751811885786681));
#7873=CARTESIAN_POINT('',(-0.089350965132822,0.0383310285937833,0.0760670763436766));
#7874=CARTESIAN_POINT('',(-0.089393213025594,0.0334096531819072,0.0851013083712071));
#7875=CARTESIAN_POINT('',(-0.0893817163182336,0.0282972564436781,0.0851906298780631));
#7876=CARTESIAN_POINT('',(-0.0893473822311512,0.0434511069910918,0.0750156986444143));
#7877=CARTESIAN_POINT('',(-0.0893509833402711,0.0382701155833991,0.0759165420760282));
#7878=CARTESIAN_POINT('',(-0.0893934632852841,0.0332967570772366,0.0851032771963635));
#7879=CARTESIAN_POINT('',(-0.0893817163182336,0.0281306151618154,0.0851935386504687));
#7880=CARTESIAN_POINT('',(-0.0893473830761899,0.0434427178013581,0.0748502087101606));
#7881=CARTESIAN_POINT('',(-0.089351001357065,0.038207691442747,0.0757660078083799));
#7882=CARTESIAN_POINT('',(-0.089393713544974,0.0331838609725661,0.0851052460215199));
#7883=CARTESIAN_POINT('',(-0.0893817163182336,0.0279639738799526,0.0851964474228742));
#7884=CARTESIAN_POINT('',(-0.0893473851342471,0.0434313958460191,0.0746295554576737));
#7885=CARTESIAN_POINT('',(-0.0893510381569821,0.038123532340943,0.0755652953588704));
#7886=CARTESIAN_POINT('',(-0.0893941786897066,0.0330333324914736,0.0851078701771681));
#7887=CARTESIAN_POINT('',(-0.0893817163182336,0.0277417855041355,0.0852003257860816));
#7888=CARTESIAN_POINT('',(-0.0893473869104022,0.0434228685244011,0.0744640655166047));
#7889=CARTESIAN_POINT('',(-0.0893510689497893,0.0380601693039208,0.075414760998577));
#7890=CARTESIAN_POINT('',(-0.0893945604145424,0.0329204360452714,0.0851098380577643));
#7891=CARTESIAN_POINT('',(-0.0893817163182336,0.0275751442222727,0.0852032345584871));
#7892=CARTESIAN_POINT('',(-0.0893473896259186,0.0434142684185285,0.0742985755687206));
#7893=CARTESIAN_POINT('',(-0.0893511125746491,0.037996311537045,0.0752642265456384));
#7894=CARTESIAN_POINT('',(-0.089395073604524,0.0328075392575375,0.0851118049938001));
#7895=CARTESIAN_POINT('',(-0.0893817163182336,0.0274085029404099,0.0852061433308926));
#7896=CARTESIAN_POINT('',(-0.0893473932993717,0.0434027987497883,0.0740779223044931));
#7897=CARTESIAN_POINT('',(-0.0893511714608614,0.0379111484014897,0.0750635139365281));
#7898=CARTESIAN_POINT('',(-0.0893957652208574,0.0326570101901108,0.0851144275222437));
#7899=CARTESIAN_POINT('',(-0.0893817163182336,0.0271863145645929,0.0852100216941));
#7900=CARTESIAN_POINT('',(-0.0893473960940446,0.0433941944295332,0.073912432356036));
#7901=CARTESIAN_POINT('',(-0.089351216165386,0.0378472619882819,0.0749129794758011));
#7902=CARTESIAN_POINT('',(-0.0893962894553759,0.0325441133767048,0.0851163943788732));
#7903=CARTESIAN_POINT('',(-0.0893817163182336,0.0270196732827301,0.0852129304665055));
#7904=CARTESIAN_POINT('',(-0.0893473980689003,0.0433856629847921,0.0737469424135347));
#7905=CARTESIAN_POINT('',(-0.0893512496628551,0.0377838709233273,0.0747624450960367));
#7906=CARTESIAN_POINT('',(-0.089396698791554,0.0324312168663222,0.0851183620609535));
#7907=CARTESIAN_POINT('',(-0.0893817163182336,0.0268530320008674,0.0852158392389111));
#7908=CARTESIAN_POINT('',(-0.0893474004319205,0.0433743369976201,0.0735262891588516));
#7909=CARTESIAN_POINT('',(-0.0893512906118843,0.0376996844124102,0.0745617326166716));
#7910=CARTESIAN_POINT('',(-0.089397206273678,0.0322806882868199,0.0851209859122109));
#7911=CARTESIAN_POINT('',(-0.0893817163182336,0.0266308436250503,0.0852197176021184));
#7912=CARTESIAN_POINT('',(-0.0893474015969922,0.0433659579525578,0.0733607992223062));
#7913=CARTESIAN_POINT('',(-0.089351312970494,0.0376373292198485,0.0744111983178698));
#7914=CARTESIAN_POINT('',(-0.0893975007115157,0.0321677920794608,0.0851229544197421));
#7915=CARTESIAN_POINT('',(-0.0893817163182336,0.0264642023431875,0.085222626374524));
#7916=CARTESIAN_POINT('',(-0.0893474027891143,0.0433577933084367,0.0731953092857606));
#7917=CARTESIAN_POINT('',(-0.0893513355129645,0.0375764313061421,0.0742606640190679));
#7918=CARTESIAN_POINT('',(-0.0893977951493534,0.0320548958721017,0.0851249229272732));
#7919=CARTESIAN_POINT('',(-0.0893817163182336,0.0262975610613248,0.0852255351469295));
#7920=CARTESIAN_POINT('',(-0.0893474776719356,0.0432543770753024,0.0732154126320257));
#7921=CARTESIAN_POINT('',(-0.0893474992470503,0.0432543770725803,0.0738839093567648));
#7922=CARTESIAN_POINT('',(-0.0893475148092634,0.0432543770680167,0.0745524060816942));
#7923=CARTESIAN_POINT('',(-0.0893475449999057,0.0432543770642076,0.0752209028060775));
#7924=CARTESIAN_POINT('',(-0.0793507710358751,0.0729706546673126,0.073111487905262));
#7925=CARTESIAN_POINT('',(-0.0793515599246608,0.0792233819050133,0.073111487905262));
#7926=CARTESIAN_POINT('',(-0.079398972700864,0.0853385598765024,0.0842671346355751));
#7927=CARTESIAN_POINT('',(-0.079381977608719,0.0914232981424761,0.0841610466243819));
#7928=CARTESIAN_POINT('',(-0.0804618821381428,0.0729705144815896,0.073111487905262));
#7929=CARTESIAN_POINT('',(-0.08046267102693,0.0792232417316253,0.073111487905262));
#7930=CARTESIAN_POINT('',(-0.0805100494634463,0.0853383729929161,0.084259104569244));
#7931=CARTESIAN_POINT('',(-0.080493059687554,0.091423157960415,0.0841530157044243));
#7932=CARTESIAN_POINT('',(-0.0826841043426782,0.0729702341101438,0.073111487905262));
#7933=CARTESIAN_POINT('',(-0.082684893196848,0.0792226869826503,0.073111487905262));
#7934=CARTESIAN_POINT('',(-0.0827322029886107,0.0853379992257435,0.0842430444365818));
#7935=CARTESIAN_POINT('',(-0.0827152238452239,0.0914228775962927,0.0841369538645091));
#7936=CARTESIAN_POINT('',(-0.0860174376494813,0.0729698135529749,0.073111487905262));
#7937=CARTESIAN_POINT('',(-0.0860182264171023,0.0792215804405377,0.073111487905262));
#7938=CARTESIAN_POINT('',(-0.0860653940576769,0.0853374384706811,0.0842189545229687));
#7939=CARTESIAN_POINT('',(-0.0860484700817287,0.0914224570501092,0.0841128611046363));
#7940=CARTESIAN_POINT('',(-0.0882396598540167,0.072969533181529,0.073111487905262));
#7941=CARTESIAN_POINT('',(-0.0882404485870161,0.079221025658661,0.073111487905262));
#7942=CARTESIAN_POINT('',(-0.0882875475807954,0.0853370647034722,0.0842028943903219));
#7943=CARTESIAN_POINT('',(-0.0882706342393986,0.0914221766859869,0.0840967992647211));
#7944=CARTESIAN_POINT('',(-0.0893507709562843,0.072969392995806,0.073111487905262));
#7945=CARTESIAN_POINT('',(-0.0893515596892823,0.0792208854605969,0.073111487905262));
#7946=CARTESIAN_POINT('',(-0.0893986243423547,0.0853368778198677,0.0841948643239985));
#7947=CARTESIAN_POINT('',(-0.0893817163182336,0.0914220365039258,0.0840887683447635));
#7948=CARTESIAN_POINT('',(-0.0793507710358751,0.0729706546673126,0.073111487905262));
#7949=CARTESIAN_POINT('',(-0.0793515599246608,0.0792233819050133,0.073111487905262));
#7950=CARTESIAN_POINT('',(-0.079398972700864,0.0853385598765024,0.0842671346355751));
#7951=CARTESIAN_POINT('',(-0.079381977608719,0.0914232981424761,0.0841610466243819));
#7952=CARTESIAN_POINT('',(-0.0793507710358751,0.0729706546673126,0.073111487905262));
#7953=CARTESIAN_POINT('',(-0.0843507709960797,0.0729700238315593,0.073111487905262));
#7954=CARTESIAN_POINT('',(-0.0893507709562843,0.072969392995806,0.073111487905262));
#7955=CARTESIAN_POINT('',(-0.0893507709562843,0.072969392995806,0.073111487905262));
#7956=CARTESIAN_POINT('',(-0.0893515596892823,0.0792208854605969,0.073111487905262));
#7957=CARTESIAN_POINT('',(-0.0893986243423547,0.0853368778198677,0.0841948643239985));
#7958=CARTESIAN_POINT('',(-0.0893817163182336,0.0914220365039258,0.0840887683447635));
#7959=CARTESIAN_POINT('',(-0.0649361027744321,0.0713981449467268,0.099750192289676));
#7960=CARTESIAN_POINT('',(-0.0953522987203408,0.0586115273770232,0.0420920140361655));
#7961=CARTESIAN_POINT('',(-0.0953387993045809,0.0586115273770259,0.051113719771802));
#7962=CARTESIAN_POINT('',(-0.0662669720467798,0.0586953904382223,0.0765671732130529));
#7963=CARTESIAN_POINT('',(-0.0661895297516921,0.0350314747763702,0.066266050778731));
#7964=CARTESIAN_POINT('',(-0.0662057923647357,0.0350314747763702,0.0685159920062783));
#7965=CARTESIAN_POINT('',(-0.0662650242655347,0.0432572893201019,0.0765671732130529));
#7966=CARTESIAN_POINT('',(-0.0662475630861599,0.0432572915231291,0.0741514096529817));
#7967=CARTESIAN_POINT('',(-0.0661307681749346,0.0375311014180927,0.0580927234363328));
#7968=CARTESIAN_POINT('',(-0.0661307681749346,0.0260328529695609,0.0582934287323143));
#7969=CARTESIAN_POINT('',(-0.0661884119791927,0.0261720174235851,0.0662660507787309));
#7970=CARTESIAN_POINT('',(-0.0662460557834507,0.0263111818776092,0.0742386728251476));
#7971=CARTESIAN_POINT('',(-0.0662460557834507,0.0263111818776092,0.0742386728251476));
#7972=CARTESIAN_POINT('',(-0.0662460557834507,0.0313104203334927,0.0741514096529817));
#7973=CARTESIAN_POINT('',(-0.0662468725183806,0.0377838559243314,0.0741514096529817));
#7974=CARTESIAN_POINT('',(-0.0662669720467798,0.0586953904382223,0.0765671732130529));
#7975=CARTESIAN_POINT('',(-0.0661893028766526,0.0824283130167457,0.0654073367953635));
#7976=CARTESIAN_POINT('',(-0.0662055654896962,0.0824283130167457,0.0676572780229108));
#7977=CARTESIAN_POINT('',(-0.0662460803012056,0.0720982205745381,0.0734428386923233));
#7978=CARTESIAN_POINT('',(-0.0662478375783706,0.0860263876281417,0.0734428386923233));
#7979=CARTESIAN_POINT('',(-0.0662478375783706,0.0910256260840251,0.0733555755201575));
#7980=CARTESIAN_POINT('',(-0.0662478375783706,0.0910256260840251,0.0733555755201575));
#7981=CARTESIAN_POINT('',(-0.0661893028766526,0.0908843108132704,0.0652597348759784));
#7982=CARTESIAN_POINT('',(-0.0661307681749346,0.0907429955425157,0.0571638942317993));
#7983=CARTESIAN_POINT('',(-0.0661307681749346,0.0792447470939839,0.0573645995277808));
#7984=CARTESIAN_POINT('',(-0.0661307681749346,0.0709460112572174,0.0575094563935761));
#7985=CARTESIAN_POINT('',(-0.0661883690975075,0.0710850721856958,0.0654761475429497));
#7986=CARTESIAN_POINT('',(-0.0795559914241526,0.0432556124366326,0.0717954614949549));
#7987=CARTESIAN_POINT('',(-0.0795723241149705,0.0432556103759835,0.0740550980561024));
#7988=CARTESIAN_POINT('',(-0.0647971532035653,0.0432574745172127,0.0810176483640307));
#7989=CARTESIAN_POINT('',(-0.0944852792964094,0.0432537288509055,0.0825747937146635));
#7990=CARTESIAN_POINT('',(-0.0792438859056957,0.0432556518140969,0.065896765907295));
#7991=CARTESIAN_POINT('',(-0.0793471525824091,0.0432556387852345,0.0801837661848804));
#7992=CARTESIAN_POINT('',(-0.0944672069739306,0.0432537311310389,0.0800744781773732));
#7993=CARTESIAN_POINT('',(-0.0893468912919237,0.0432543771466841,0.080111487905262));
#7994=CARTESIAN_POINT('',(-0.0892436246152103,0.0432543901755466,0.0658244876276766));
#7995=CARTESIAN_POINT('',(-0.0944852792964094,0.0432537288509055,0.0825747937146635));
#7996=CARTESIAN_POINT('',(-0.0943966631727288,0.0432537391032674,0.08257543504763));
#7997=CARTESIAN_POINT('',(-0.094396297118348,0.0432537400775335,0.082577502092496));
#7998=CARTESIAN_POINT('',(-0.0943110885584731,0.0432537508396519,0.0707739529694688));
#7999=CARTESIAN_POINT('',(-0.0943184423639862,0.0432537499002461,0.0657874098200303));
#8000=CARTESIAN_POINT('',(-0.0943118385571503,0.0432537489644981,0.0702727264035489));
#8001=CARTESIAN_POINT('',(-0.0943188167694239,0.043253748326841,0.065537193480932));
#8002=CARTESIAN_POINT('',(-0.089347021897371,0.043254377130206,0.074111487905262));
#8003=CARTESIAN_POINT('',(-0.089347021897371,0.043254377130206,0.073111487905262));
#8004=CARTESIAN_POINT('',(-0.0793470219769618,0.0432556388017125,0.074111487905262));
#8005=CARTESIAN_POINT('',(-0.0793470219769618,0.0432556388017126,0.073111487905262));
#8006=CARTESIAN_POINT('',(-0.0843470219371664,0.0432550079659593,0.073111487905262));
#8007=CARTESIAN_POINT('',(-0.0892436246152103,0.0432543901755466,0.0658244876276766));
#8008=CARTESIAN_POINT('',(-0.0893468912919237,0.0432543771466841,0.080111487905262));
#8009=CARTESIAN_POINT('',(-0.0944852792964094,0.0432537288509055,0.0825747937146635));
#8010=CARTESIAN_POINT('',(-0.0943962821918289,0.0432537400794167,0.0825754370005532));
#8011=CARTESIAN_POINT('',(-0.0944852792964094,0.0432537288509055,0.0825747937146635));
#8012=CARTESIAN_POINT('',(-0.0792438859056957,0.0432556518140969,0.065896765907295));
#8013=CARTESIAN_POINT('',(-0.0793471525824091,0.0432556387852345,0.0801837661848804));
#8014=CARTESIAN_POINT('',(-0.089347021897371,0.043254377130206,0.074111487905262));
#8015=CARTESIAN_POINT('',(-0.089347021897371,0.043254377130206,0.073111487905262));
#8016=CARTESIAN_POINT('',(-0.0793470219769618,0.0432556388017125,0.074111487905262));
#8017=CARTESIAN_POINT('',(-0.0793470219769618,0.0432556388017126,0.073111487905262));
#8018=CARTESIAN_POINT('',(-0.0843470219371664,0.0432550079659593,0.073111487905262));
#8019=CARTESIAN_POINT('',(-0.0944672069739306,0.0432537311310389,0.0800744781773732));
#8020=CARTESIAN_POINT('',(-0.0647971532035653,0.0432574745172127,0.0810176483640307));
#8021=CARTESIAN_POINT('',(-0.0892436666047242,0.0739694065168161,0.0652941572888141));
#8022=CARTESIAN_POINT('',(-0.089347143626225,0.073969393461415,0.0796102588808977));
#8023=CARTESIAN_POINT('',(-0.0792439278952096,0.0739706681553664,0.0653664355684325));
#8024=CARTESIAN_POINT('',(-0.0793474049167104,0.0739706550999653,0.0796825371605161));
#8025=CARTESIAN_POINT('',(-0.089350897123435,0.073969392987847,0.074111487905262));
#8026=CARTESIAN_POINT('',(-0.089350897123435,0.073969392987847,0.073111487905262));
#8027=CARTESIAN_POINT('',(-0.0793508972030258,0.0739706546593535,0.074111487905262));
#8028=CARTESIAN_POINT('',(-0.0793508972030258,0.0739706546593535,0.073111487905262));
#8029=CARTESIAN_POINT('',(-0.0963945924581526,0.0739689350655655,0.0820597584474681));
#8030=CARTESIAN_POINT('',(-0.0943947228300106,0.0739687566227241,0.0820742210578383));
#8031=CARTESIAN_POINT('',(-0.0963945924581526,0.0739689350655655,0.0820597584474681));
#8032=CARTESIAN_POINT('',(-0.0953106432690088,0.0739688383477742,0.0820675973258445));
#8033=CARTESIAN_POINT('',(-0.0963945924581526,0.0739689350655655,0.0820597584474681));
#8034=CARTESIAN_POINT('',(-0.0963945944160518,0.0739689350657402,0.082059758433309));
#8035=CARTESIAN_POINT('',(-0.0944846583005591,0.0739687452758219,0.0820735710027442));
#8036=CARTESIAN_POINT('',(-0.0944665859780803,0.0739687475559554,0.0795732554654538));
#8037=CARTESIAN_POINT('',(-0.0944846583005591,0.0739687452758219,0.0820735710027442));
#8038=CARTESIAN_POINT('',(-0.0397996873139866,0.0739756447228499,0.0809224257943629));
#8039=CARTESIAN_POINT('',(-0.0943169264662125,0.0739687664380697,0.0652570847692919));
#8040=CARTESIAN_POINT('',(-0.0843508971632304,0.0739700238236002,0.073111487905262));
#8041=CARTESIAN_POINT('',(-0.0963983584018418,0.0739689345908488,0.0825805078922576));
#8042=CARTESIAN_POINT('',(-0.0963094191825224,0.0739689458120568,0.0702757190528541));
#8043=CARTESIAN_POINT('',(-0.0953106149208751,0.0739688567050837,0.0702742245157352));
#8044=CARTESIAN_POINT('',(-0.0963094191825224,0.0739689458120568,0.0702757190528541));
#8045=CARTESIAN_POINT('',(-0.0963094191818445,0.0739689404388985,0.070275719052859));
#8046=CARTESIAN_POINT('',(-0.0963983584018418,0.0739689345908488,0.0825805078922576));
#8047=CARTESIAN_POINT('',(-0.0963169242192647,0.0739689448651677,0.0652600774185972));
#8048=CARTESIAN_POINT('',(-0.0963169242192647,0.0739689448651677,0.0652600774185972));
#8049=CARTESIAN_POINT('',(-0.0964007417297366,0.0432539149144278,0.0825609428109657));
#8050=CARTESIAN_POINT('',(-0.0964007417297366,0.0432539149144278,0.0825609428109657));
#8051=CARTESIAN_POINT('',(-0.0964008832200352,0.0432539148965922,0.0825805078922576));
#8052=CARTESIAN_POINT('',(-0.0963119440007157,0.0432539261178002,0.0702757190528541));
#8053=CARTESIAN_POINT('',(-0.0963119440006029,0.0432539273821187,0.070275719052854));
#8054=CARTESIAN_POINT('',(-0.0953106149208751,0.0432538367855789,0.0702742207377832));
#8055=CARTESIAN_POINT('',(-0.0963119440007157,0.0432539261178002,0.0702757190528541));
#8056=CARTESIAN_POINT('',(-0.0964008832200352,0.0432539148965922,0.0825805078922576));
#8057=CARTESIAN_POINT('',(-0.0963190299032756,0.0432539267499595,0.0655401861302372));
#8058=CARTESIAN_POINT('',(-0.0963190299032756,0.0432539267499595,0.0655401861302372));
#8059=CARTESIAN_POINT('',(-0.101010039233399,0.0777771351632081,0.051113719771802));
#8060=CARTESIAN_POINT('',(-0.0993388037825634,0.0586115273762269,0.051113719771802));
#8061=CARTESIAN_POINT('',(-0.099352294242364,0.0636333202239766,0.0420979985555287));
#8062=CARTESIAN_POINT('',(-0.0993388037813979,0.0636333202239766,0.051113719771802));
#8063=CARTESIAN_POINT('',(-0.100708865527625,0.0636333202239766,0.0496068598859014));
#8064=CARTESIAN_POINT('',(-0.0993298258346833,0.0586115273762242,0.0571137130548377));
#8065=CARTESIAN_POINT('',(-0.101329682302117,0.0586115279097591,0.055119832519043));
#8066=CARTESIAN_POINT('',(-0.107794483253625,0.0582042276935924,0.0391000000000007));
#8067=CARTESIAN_POINT('',(-0.0627441718051336,0.0720986624003585,0.0734681505458457));
#8068=CARTESIAN_POINT('',(-0.0627459290822986,0.086026829453962,0.0734681505458457));
#8069=CARTESIAN_POINT('',(-0.0626864606014355,0.0710855140115161,0.0655014593964721));
#8070=CARTESIAN_POINT('',(-0.0626288596788626,0.0709464530830377,0.0575347682470985));
#8071=CARTESIAN_POINT('',(-0.0626288596788626,0.0792451889198042,0.0573899113813032));
#8072=CARTESIAN_POINT('',(-0.0626288596788626,0.090743437368336,0.0571892060853216));
#8073=CARTESIAN_POINT('',(-0.0626288596788626,0.037531543243913,0.0581180352898552));
#8074=CARTESIAN_POINT('',(-0.0646308073685074,0.0460388241363662,0.057955063688565));
#8075=CARTESIAN_POINT('',(-0.0626288596788626,0.0260332947953812,0.0583187405858367));
#8076=CARTESIAN_POINT('',(-0.0627449640223086,0.0377842977501516,0.0741767215065041));
#8077=CARTESIAN_POINT('',(-0.0627441472873787,0.031310862159313,0.0741767215065041));
#8078=CARTESIAN_POINT('',(-0.0646307929054045,0.0460387950391543,0.0579530632184256));
#8079=CARTESIAN_POINT('',(-0.0627459290822986,0.0910260679098454,0.0733808873736798));
#8080=CARTESIAN_POINT('',(-0.0627459290822986,0.0910260679098454,0.0733808873736798));
#8081=CARTESIAN_POINT('',(-0.0626873943805806,0.0908847526390907,0.0652850467295007));
#8082=CARTESIAN_POINT('',(-0.0627441472873787,0.0263116237034295,0.0742639846786699));
#8083=CARTESIAN_POINT('',(-0.0627441472873787,0.0263116237034295,0.0742639846786699));
#8084=CARTESIAN_POINT('',(-0.0626865034831206,0.0261724592494054,0.0662913626322533));
#8085=CARTESIAN_POINT('',(-0.0551895902961866,0.0824297008191511,0.0654868429029438));
#8086=CARTESIAN_POINT('',(-0.0551898171712261,0.0350328625787755,0.0663455568863112));
#8087=CARTESIAN_POINT('',(-0.0998654240203137,0.0527751351632082,0.055119831739927));
#8088=CARTESIAN_POINT('',(-0.0964106149208751,0.0432539273821187,0.0714322058204647));
#8089=CARTESIAN_POINT('',(-0.0964106149208751,0.0432539273821187,0.0714322058204647));
#8090=CARTESIAN_POINT('',(-0.0964106149208751,0.0432539273821187,0.0608046532076204));
#8091=CARTESIAN_POINT('',(-0.0964106149208751,0.0432539273821187,0.0608046532076204));
#8092=CARTESIAN_POINT('',(-0.0964106149208751,0.0739689350657402,0.0714322058204647));
#8093=CARTESIAN_POINT('',(-0.0964106149208751,0.0739689350657402,0.0608046532076204));
#8094=CARTESIAN_POINT('',(-0.0964106149208751,0.0739689350657402,0.0608046532076204));
#8095=CARTESIAN_POINT('',(-0.0964106149208751,0.0739689350657402,0.0714322058204647));
#8096=CARTESIAN_POINT('',(-0.0964106149208751,0.0586114312239294,0.082059758433309));
#8097=CARTESIAN_POINT('',(-0.0964106149208751,0.0586114312239294,0.0608046532076204));
#8098=CARTESIAN_POINT('',(-0.0964106149208751,0.0586114312239294,0.0608046532076204));
#8099=CARTESIAN_POINT('',(-0.0964106149208751,0.0586114312239294,0.0608046532076204));
#8100=CARTESIAN_POINT('',(-0.0964106149208751,0.0586114312239294,0.0608046532076204));
#8101=CARTESIAN_POINT('',(-0.101982109985121,0.0730085217063383,0.08396444970382));
#8102=CARTESIAN_POINT('',(-0.0968967841353149,0.0730085217063383,0.0832059867604817));
#8103=CARTESIAN_POINT('',(-0.101495941048792,0.0730085217063383,0.0771729456755567));
#8104=CARTESIAN_POINT('',(-0.101495941048792,0.0730085217063383,0.0796729456755567));
#8105=CARTESIAN_POINT('',(-0.104038603973696,0.0730085217063383,0.0819793853987721));
#8106=CARTESIAN_POINT('',(-0.106581266898599,0.0730085217063383,0.08396444970382));
#8107=CARTESIAN_POINT('',(-0.106581266898599,0.0586510135410138,0.08396444970382));
#8108=CARTESIAN_POINT('',(-0.106581266898599,0.0442935053756893,0.08396444970382));
#8109=CARTESIAN_POINT('',(-0.101982109985121,0.0442935053756893,0.08396444970382));
#8110=CARTESIAN_POINT('',(-0.0968967841353149,0.0442935053756893,0.0832059867604817));
#8111=CARTESIAN_POINT('',(-0.0973829530716435,0.0442935053756893,0.0843523309463771));
#8112=CARTESIAN_POINT('',(-0.0973829530716435,0.0442935053756893,0.08396444970382));
#8113=CARTESIAN_POINT('',(-0.104038603973696,0.0442935053756893,0.0819793853987721));
#8114=CARTESIAN_POINT('',(-0.101495941048792,0.0442935053756893,0.0796729456755567));
#8115=CARTESIAN_POINT('',(-0.101495941048792,0.0442935053756893,0.0771729456755567));
#8116=CARTESIAN_POINT('',(-0.0973829530716435,0.0586510135410138,0.08396444970382));
#8117=CARTESIAN_POINT('',(-0.0973829530716435,0.0442915053756893,0.0843523309463772));
#8118=CARTESIAN_POINT('',(-0.104038603973696,0.0442915053756893,0.0819793853987721));
#8119=CARTESIAN_POINT('',(-0.101495941048792,0.0442915053756893,0.0796729456755567));
#8120=CARTESIAN_POINT('',(-0.0968967841353149,0.0442915053756893,0.0832059867604817));
#8121=CARTESIAN_POINT('',(-0.101495941048792,0.0442915053756893,0.0771729456755567));
#8122=CARTESIAN_POINT('',(-0.0098099162522547,0.0840737066434761,0.));
#8123=CARTESIAN_POINT('',(-0.104884852717464,0.0729801412437355,0.0683247745025183));
#8124=CARTESIAN_POINT('',(-0.0964106149208751,0.0739689350657402,0.0608046532076204));
#8125=CARTESIAN_POINT('',(-0.0964106151989862,0.0636117020908875,0.0700600662291259));
#8126=CARTESIAN_POINT('',(-0.113359090235942,0.0719913474217307,0.0702511662433181));
#8127=CARTESIAN_POINT('',(-0.0964106151989862,0.067064113082505,0.0700600662291259));
#8128=CARTESIAN_POINT('',(-0.113359090235942,0.0719913474217307,0.0690306050875157));
#8129=CARTESIAN_POINT('',(-0.0964106151989862,0.0705165240741226,0.0700600662291259));
#8130=CARTESIAN_POINT('',(-0.113359090235942,0.0719913474217307,0.067810043931713));
#8131=CARTESIAN_POINT('',(-0.0964106151989862,0.0739689350657402,0.0700600662291259));
#8132=CARTESIAN_POINT('',(-0.113359090235942,0.0719913474217307,0.0665894827759106));
#8133=CARTESIAN_POINT('',(-0.104884852578408,0.0678015247563091,0.0701556165325531));
#8134=CARTESIAN_POINT('',(-0.0964106149208751,0.0636117023879491,0.0678347641143673));
#8135=CARTESIAN_POINT('',(-0.113359090235942,0.0669913474217308,0.0702511662433181));
#8136=CARTESIAN_POINT('',(-0.0964106149208751,0.0636117022889286,0.0685765316835076));
#8137=CARTESIAN_POINT('',(-0.113359090235942,0.0686580140883975,0.0702511662433181));
#8138=CARTESIAN_POINT('',(-0.0964106149208751,0.063611702189908,0.0693182992526479));
#8139=CARTESIAN_POINT('',(-0.113359090235942,0.070324680755064,0.0702511662433181));
#8140=CARTESIAN_POINT('',(-0.0964106149208751,0.0636117020908874,0.0700600668217882));
#8141=CARTESIAN_POINT('',(-0.113359090235942,0.0719913474217307,0.0702511662433181));
#8142=CARTESIAN_POINT('',(-0.0964106149208751,0.0636117022394183,0.0678347641143673));
#8143=CARTESIAN_POINT('',(-0.0964106149208751,0.0636117021651529,0.0643197086609938));
#8144=CARTESIAN_POINT('',(-0.0964106149208751,0.0636117020908875,0.0608046532076204));
#8145=CARTESIAN_POINT('',(0.00600978134865618,0.,0.0479743861217534));
#8146=CARTESIAN_POINT('',(0.00600978134865618,0.,0.0479743861217534));
#8147=CARTESIAN_POINT('',(-0.0964106149208751,0.0527771351632081,0.0608046532076204));
#8148=CARTESIAN_POINT('',(-0.0964106149208751,0.0432539273821187,0.0608046532076204));
#8149=CARTESIAN_POINT('',(-0.104884852578408,0.0521435246770562,0.0655279097254692));
#8150=CARTESIAN_POINT('',(-0.0964106151989862,0.0527771351632081,0.0700600662291259));
#8151=CARTESIAN_POINT('',(-0.104884852717464,0.0521435246770562,0.070155616236222));
#8152=CARTESIAN_POINT('',(-0.0964106149208751,0.0432539273821187,0.0700600662291259));
#8153=CARTESIAN_POINT('',(0.00458224792821444,0.0238520978307715,0.));
#8154=CARTESIAN_POINT('',(-0.134794458525129,0.0592661669709567,0.0841106256883147));
#8155=CARTESIAN_POINT('',(-0.124757150537168,0.0732079471645929,0.0742679018078464));
#8156=CARTESIAN_POINT('',(-0.122979384485899,0.0732079471645929,0.0725101908341775));
#8157=CARTESIAN_POINT('',(-0.124921295785834,0.0452084283267171,0.0742668133306126));
#8158=CARTESIAN_POINT('',(-0.123143529734565,0.0452084283267171,0.0725091023569437));
#8159=CARTESIAN_POINT('',(-0.144831766513091,0.0453243867773205,0.0939533495687832));
#8160=CARTESIAN_POINT('',(-0.143054000461822,0.0453243867773205,0.0921956385951143));
#8161=CARTESIAN_POINT('',(-0.144667621264424,0.0733239056151963,0.093954438046017));
#8162=CARTESIAN_POINT('',(-0.142889855213156,0.0733239056151963,0.0921967270723481));
#8163=CARTESIAN_POINT('',(-0.122606298825462,0.0761954714918006,0.072158746690603));
#8164=CARTESIAN_POINT('',(-0.123530713537799,0.0762008552770072,0.0730727644445181));
#8165=CARTESIAN_POINT('',(-0.146783298994273,0.076336278181819,0.0960638264083816));
#8166=CARTESIAN_POINT('',(-0.14770771370661,0.0763416619670256,0.0969778441622967));
#8167=CARTESIAN_POINT('',(-0.146982618224796,0.0423368624501127,0.0960625046860263));
#8168=CARTESIAN_POINT('',(-0.147907032937133,0.0423422462353193,0.0969765224399414));
#8169=CARTESIAN_POINT('',(-0.122805618055985,0.0421960557600943,0.0721574249682477));
#8170=CARTESIAN_POINT('',(-0.123730032768322,0.0422014395453009,0.0730714427221628));
#8171=CARTESIAN_POINT('',(-0.134860468364414,0.0480063604668681,0.0841101879649699));
#8172=CARTESIAN_POINT('',(-0.126882058308706,0.047959894259162,0.076221511658103));
#8173=CARTESIAN_POINT('',(-0.12346172387306,0.0479399742538977,0.0728396459686173));
#8174=CARTESIAN_POINT('',(-0.126816048469421,0.0592197007632506,0.0762219493814478));
#8175=CARTESIAN_POINT('',(-0.126831876761257,0.0565197471610269,0.0762218444211431));
#8176=CARTESIAN_POINT('',(-0.134810286816965,0.056566213368733,0.08411052072801));
#8177=CARTESIAN_POINT('',(-0.123411542325611,0.0564998271557625,0.0728399787316573));
#8178=CARTESIAN_POINT('',(-0.123395714033775,0.0591997807579862,0.072840083691962));
#8179=CARTESIAN_POINT('',(-0.13490584280101,0.0402664934738267,0.0841098870787632));
#8180=CARTESIAN_POINT('',(-0.148416519365934,0.0403451795653076,0.0974686080975218));
#8181=CARTESIAN_POINT('',(-0.119150517239428,0.0591750567597683,0.0686426329297521));
#8182=CARTESIAN_POINT('',(-0.119039132963547,0.0781747302568983,0.0686433715393036));
#8183=CARTESIAN_POINT('',(-0.134683074249248,0.0782658404680867,0.0841113642978661));
#8184=CARTESIAN_POINT('',(-0.148193750814172,0.0783445265595675,0.0974700853166247));
#8185=CARTESIAN_POINT('',(-0.148305135090053,0.0593448530624376,0.0974693467070732));
#8186=CARTESIAN_POINT('',(-0.137015077811348,0.0402789416504094,0.0819765861824845));
#8187=CARTESIAN_POINT('',(-0.13490584280101,0.0402664934738267,0.0841098870787632));
#8188=CARTESIAN_POINT('',(-0.150525754376272,0.0403576277418904,0.095335307201243));
#8189=CARTESIAN_POINT('',(-0.150525754376272,0.0403576277418904,0.095335307201243));
#8190=CARTESIAN_POINT('',(-0.137015077811348,0.0402789416504094,0.0819765861824845));
#8191=CARTESIAN_POINT('',(-0.123504259984215,0.0401995866201639,0.0686185504766851));
#8192=CARTESIAN_POINT('',(-0.123504401246424,0.0402002555589286,0.0686178651637259));
#8193=CARTESIAN_POINT('',(-0.121768501859128,0.0401911537361121,0.0703735712099783));
#8194=CARTESIAN_POINT('',(-0.119635229875817,0.0401794154417605,0.0682642955964401));
#8195=CARTESIAN_POINT('',(-0.121592420446041,0.0401908141068397,0.0701994709189672));
#8196=CARTESIAN_POINT('',(-0.119635229875817,0.0401794154417605,0.0682642955964401));
#8197=CARTESIAN_POINT('',(-0.121573466415791,0.0401916181626448,0.070180734109342));
#8198=CARTESIAN_POINT('',(-0.119635229875817,0.0401794154417605,0.0682642955964401));
#8199=CARTESIAN_POINT('',(-0.119635229875817,0.0401794154417605,0.0682642955964401));
#8200=CARTESIAN_POINT('',(-0.121371136525647,0.040187831439221,0.0665085934239219));
#8201=CARTESIAN_POINT('',(-0.119261901515308,0.0401753832626383,0.0686418943202006));
#8202=CARTESIAN_POINT('',(-0.13490584280101,0.0402664934738267,0.0841098870787632));
#8203=CARTESIAN_POINT('',(-0.118874908618888,0.0619781348350023,0.0689048657937998));
#8204=CARTESIAN_POINT('',(-0.121242879837593,0.0619853388283461,0.0665099164524572));
#8205=CARTESIAN_POINT('',(-0.123376144558371,0.0619977629480536,0.0686191881922612));
#8206=CARTESIAN_POINT('',(-0.118874908618888,0.0619781348350023,0.0689048657937998));
#8207=CARTESIAN_POINT('',(-0.12438698710745,0.0619949040323761,0.0633299885987851));
#8208=CARTESIAN_POINT('',(-0.12438698710745,0.0619949040323761,0.0633299885987851));
#8209=CARTESIAN_POINT('',(-0.126520251828228,0.0620073281520836,0.0654392603385891));
#8210=CARTESIAN_POINT('',(-0.121008173339665,0.0619905589547098,0.0710141375336038));
#8211=CARTESIAN_POINT('',(-0.121259149585383,0.0591962726331897,0.066509889909317));
#8212=CARTESIAN_POINT('',(-0.123392414306161,0.0592086967528972,0.068619161649121));
#8213=CARTESIAN_POINT('',(-0.123281632694663,0.0781996025531885,0.0686193423828289));
#8214=CARTESIAN_POINT('',(-0.121148367973885,0.078187178433481,0.0665100706430249));
#8215=CARTESIAN_POINT('',(-0.121148367973885,0.078187178433481,0.0665100706430249));
#8216=CARTESIAN_POINT('',(-0.121259149585383,0.0591962726331897,0.066509889909317));
#8217=CARTESIAN_POINT('',(-0.134794458525129,0.0592661669709567,0.0841106256883147));
#8218=CARTESIAN_POINT('',(-0.119150517239428,0.0591750567597683,0.0686426329297521));
#8219=CARTESIAN_POINT('',(-0.121148367973885,0.078187178433481,0.0665100706430249));
#8220=CARTESIAN_POINT('',(-0.121602383539736,0.0781931855961027,0.0693770612543531));
#8221=CARTESIAN_POINT('',(-0.1213560792126,0.0781927665624302,0.0701853041584505));
#8222=CARTESIAN_POINT('',(-0.122055437783321,0.0781931855961027,0.0679277993085032));
#8223=CARTESIAN_POINT('',(-0.120682457170757,0.0781931855961027,0.0679277993085032));
#8224=CARTESIAN_POINT('',(-0.120682463964289,0.0781901315217094,0.0679278014322695));
#8225=CARTESIAN_POINT('',(-0.120682457170757,0.0781931855961027,0.0690894827759106));
#8226=CARTESIAN_POINT('',(-0.120682470286454,0.0781900049198715,0.0695192796125368));
#8227=CARTESIAN_POINT('',(-0.119413567382819,0.0781794204096433,0.0682646502997299));
#8228=CARTESIAN_POINT('',(-0.119413567382819,0.0781794204096433,0.0682646502997299));
#8229=CARTESIAN_POINT('',(-0.121148367973885,0.078187178433481,0.0665100706430249));
#8230=CARTESIAN_POINT('',(-0.123281632694663,0.0781996025531885,0.0686193423828289));
#8231=CARTESIAN_POINT('',(-0.121546840785411,0.0781906044007132,0.0703739303116142));
#8232=CARTESIAN_POINT('',(-0.119413567382819,0.0781794204096433,0.0682646502997299));
#8233=CARTESIAN_POINT('',(-0.121370388791457,0.0401865231184215,0.0665093573699187));
#8234=CARTESIAN_POINT('',(-0.121804906353004,0.0401925325791408,0.0694403719762262));
#8235=CARTESIAN_POINT('',(-0.122277752181742,0.0401925325791408,0.0679277993085032));
#8236=CARTESIAN_POINT('',(-0.120682457170757,0.0401925325791408,0.0679277993085032));
#8237=CARTESIAN_POINT('',(-0.122405691367628,0.0401931370217524,0.0679272176438247));
#8238=CARTESIAN_POINT('',(-0.122405225722518,0.0401938386018427,0.0679263220894002));
#8239=CARTESIAN_POINT('',(-0.121370385911942,0.0401871703644678,0.0665093564697526));
#8240=CARTESIAN_POINT('',(-0.121370385911942,0.0401871703644678,0.0665093564697526));
#8241=CARTESIAN_POINT('',(-0.121371136525647,0.040187831439221,0.0665085934239219));
#8242=CARTESIAN_POINT('',(-0.121259149585383,0.0591962726331897,0.066509889909317));
#8243=CARTESIAN_POINT('',(-0.121259149585383,0.0591962726331897,0.066509889909317));
#8244=CARTESIAN_POINT('',(-0.123392414306161,0.0592086967528972,0.068619161649121));
#8245=CARTESIAN_POINT('',(-0.123408119971584,0.056516329233169,0.0686191360262481));
#8246=CARTESIAN_POINT('',(-0.121274855250806,0.0565039051134615,0.0665098642864442));
#8247=CARTESIAN_POINT('',(-0.121274855250806,0.0565039051134615,0.0665098642864442));
#8248=CARTESIAN_POINT('',(-0.118899294919126,0.0564966780320333,0.0689124892029701));
#8249=CARTESIAN_POINT('',(-0.121032559639903,0.0565091021517408,0.071021760942774));
#8250=CARTESIAN_POINT('',(-0.126546026327115,0.0565258755723813,0.0654454797334649));
#8251=CARTESIAN_POINT('',(-0.124412761606337,0.0565134514526738,0.0633362079936609));
#8252=CARTESIAN_POINT('',(-0.124412761606337,0.0565134514526738,0.0633362079936609));
#8253=CARTESIAN_POINT('',(-0.118899294919126,0.0564966780320333,0.0689124892029701));
#8254=CARTESIAN_POINT('',(-0.119261901515308,0.0401753832626383,0.0686418943202006));
#8255=CARTESIAN_POINT('',(-0.119261901515308,0.0401753832626383,0.0686418943202006));
#8256=CARTESIAN_POINT('',(-0.121148367973885,0.078187178433481,0.0665100706430249));
#8257=CARTESIAN_POINT('',(-0.119261901515308,0.0401753832626383,0.0686418943202006));
#8258=CARTESIAN_POINT('',(-0.12429542302506,0.0814678015590094,0.0633078941562385));
#8259=CARTESIAN_POINT('',(-0.123253971646331,0.059196180517568,0.0698363476046032));
#8260=CARTESIAN_POINT('',(-0.121802618437779,0.0761907283715068,0.0729715968865095));
#8261=CARTESIAN_POINT('',(-0.122754532398325,0.075144366077574,0.0709287677947825));
#8262=CARTESIAN_POINT('',(-0.122753406881179,0.077256751677592,0.07093400899942));
#8263=CARTESIAN_POINT('',(-0.122763031410478,0.059193306645451,0.0708891903773508));
#8264=CARTESIAN_POINT('',(-0.120950409396579,0.0591944379938561,0.0700439684214231));
#8265=CARTESIAN_POINT('',(-0.123483478646719,0.0762006483873368,0.0712715584495041));
#8266=CARTESIAN_POINT('',(-0.123253971646331,0.059196180517568,0.0698363476046032));
#8267=CARTESIAN_POINT('',(-0.121585713569721,0.0421888561894515,0.0733912482838891));
#8268=CARTESIAN_POINT('',(-0.12277256072809,0.0413085561759639,0.0708448151282957));
#8269=CARTESIAN_POINT('',(-0.122771609584989,0.0430936742422683,0.0708492443239348));
#8270=CARTESIAN_POINT('',(-0.122763031410478,0.059193306645451,0.0708891903773508));
#8271=CARTESIAN_POINT('',(-0.120950409396579,0.0591944379938561,0.0700439684214231));
#8272=CARTESIAN_POINT('',(-0.123681810982712,0.0422012268312262,0.0712712348819193));
#8273=CARTESIAN_POINT('',(-0.1247155338358,0.0762079196683833,0.0700254457943244));
#8274=CARTESIAN_POINT('',(-0.1247155338358,0.0762079196683833,0.0700254457943244));
#8275=CARTESIAN_POINT('',(-0.125639948548137,0.0762133034535899,0.0709394635482394));
#8276=CARTESIAN_POINT('',(-0.148892534004611,0.0763487263584018,0.0939305255121029));
#8277=CARTESIAN_POINT('',(-0.148892534004611,0.0763487263584018,0.0939305255121029));
#8278=CARTESIAN_POINT('',(-0.149816948716948,0.0763541101436084,0.094844543266018));
#8279=CARTESIAN_POINT('',(-0.149091853235135,0.0423493106266955,0.0939292037897476));
#8280=CARTESIAN_POINT('',(-0.149091853235135,0.0423493106266955,0.0939292037897476));
#8281=CARTESIAN_POINT('',(-0.150016267947471,0.0423546944119021,0.0948432215436627));
#8282=CARTESIAN_POINT('',(-0.124914853066323,0.042208503936677,0.070024124071969));
#8283=CARTESIAN_POINT('',(-0.124914853066323,0.042208503936677,0.070024124071969));
#8284=CARTESIAN_POINT('',(-0.12583926777866,0.0422138877218836,0.0709381418258841));
#8285=CARTESIAN_POINT('',(0.0611592225148708,0.0511304622136864,0.259541864184549));
#8286=CARTESIAN_POINT('',(0.0611843132885955,0.0554103886646188,0.259542030566069));
#8287=CARTESIAN_POINT('',(-0.125520777335949,0.0565122753323453,0.0707066778353786));
#8288=CARTESIAN_POINT('',(-0.125545868109673,0.0522323488814128,0.0707065114538586));
#8289=CARTESIAN_POINT('',(-0.125570958883398,0.0479524224304804,0.0707063450723386));
#8290=CARTESIAN_POINT('',(0.061134131741146,0.046850535762754,0.259541697803029));
#8291=CARTESIAN_POINT('',(0.0594741460707722,0.055420348667251,0.261232963410811));
#8292=CARTESIAN_POINT('',(0.0577639788529489,0.0554303086698832,0.262923896255555));
#8293=CARTESIAN_POINT('',(-0.128941111771595,0.0565321953376096,0.0740885435248644));
#8294=CARTESIAN_POINT('',(-0.127230944553772,0.0565222353349774,0.0723976106801215));
#8295=CARTESIAN_POINT('',(0.0577388880792242,0.0511503822189508,0.262923729874035));
#8296=CARTESIAN_POINT('',(0.0577137973054995,0.0468704557680184,0.262923563492515));
#8297=CARTESIAN_POINT('',(-0.128991293319045,0.0479723424357448,0.0740882107618243));
#8298=CARTESIAN_POINT('',(-0.12896620254532,0.0522522688866772,0.0740883771433444));
#8299=CARTESIAN_POINT('',(-0.128941267058687,0.0565057068228328,0.0740885424951272));
#8300=CARTESIAN_POINT('',(-0.12896620254532,0.0522522688866772,0.0740883771433444));
#8301=CARTESIAN_POINT('',(0.0594239645233227,0.0468604957653862,0.261232630647772));
#8302=CARTESIAN_POINT('',(-0.127281126101221,0.0479623824331126,0.0723972779170815));
#8303=CARTESIAN_POINT('',(-0.136903693535467,0.0592786151475394,0.081977324792036));
#8304=CARTESIAN_POINT('',(-0.131797184838162,0.0565002224844421,0.076912210505398));
#8305=CARTESIAN_POINT('',(-0.150414370100391,0.0593573012390203,0.0953360458107946));
#8306=CARTESIAN_POINT('',(-0.150302985824511,0.0783569747361503,0.095336784420346));
#8307=CARTESIAN_POINT('',(-0.150302985824511,0.0783569747361503,0.095336784420346));
#8308=CARTESIAN_POINT('',(-0.150414370100391,0.0593573012390203,0.0953360458107946));
#8309=CARTESIAN_POINT('',(-0.138482579655009,0.0592280442058715,0.083548501142234));
#8310=CARTESIAN_POINT('',(-0.138481119356468,0.061968751996029,0.0835553013260544));
#8311=CARTESIAN_POINT('',(-0.138481964578509,0.0619687569438004,0.0835534887104801));
#8312=CARTESIAN_POINT('',(-0.141052065429068,0.06198380183243,0.0780417952127186));
#8313=CARTESIAN_POINT('',(-0.141041665618152,0.0815023057507633,0.0780902240948568));
#8314=CARTESIAN_POINT('',(-0.14105498602615,0.0565023862521149,0.0780281948450777));
#8315=CARTESIAN_POINT('',(-0.13848403995355,0.0564873364157139,0.0835417009584135));
#8316=CARTESIAN_POINT('',(-0.138489831078835,0.0564873703158759,0.0835292816373683));
#8317=CARTESIAN_POINT('',(-0.138485897804614,0.0592280803932838,0.0835413852479555));
#8318=CARTESIAN_POINT('',(-0.121932289868287,0.05920018573809,0.0679382828759279));
#8319=CARTESIAN_POINT('',(-0.123394523585037,0.0592089068863301,0.0686201457787484));
#8320=CARTESIAN_POINT('',(-0.123377945134064,0.0619977618242239,0.0686200277970422));
#8321=CARTESIAN_POINT('',(-0.132441055203555,0.0619921050821986,0.0728461375766807));
#8322=CARTESIAN_POINT('',(-0.121932289868287,0.05920018573809,0.0679382828759279));
#8323=CARTESIAN_POINT('',(-0.131720402627621,0.0565111411202292,0.0724951365111202));
#8324=CARTESIAN_POINT('',(-0.123410529721083,0.0565163277291234,0.0686202596875355));
#8325=CARTESIAN_POINT('',(-0.123394523585037,0.0592089068863301,0.0686201457787484));
#8326=CARTESIAN_POINT('',(-0.132689767910115,0.0815158270785612,0.0708471445301278));
#8327=CARTESIAN_POINT('',(-0.135049245621028,0.0619935201140916,0.0728359242834653));
#8328=CARTESIAN_POINT('',(-0.126428687745838,0.0814802256787169,0.0654171658960425));
#8329=CARTESIAN_POINT('',(-0.132703088318113,0.0565159075799127,0.0707851152803487));
#8330=CARTESIAN_POINT('',(-0.129420929884058,0.0564929931577393,0.0793155911787751));
#8331=CARTESIAN_POINT('',(-0.131797184838162,0.0565002224844421,0.076912210505398));
#8332=CARTESIAN_POINT('',(-0.131797184838162,0.0565002224844421,0.076912210505398));
#8333=CARTESIAN_POINT('',(-0.129418009286976,0.0619744087380543,0.079329191546416));
#8334=CARTESIAN_POINT('',(-0.131786516338676,0.0619816144931628,0.0769336472202562));
#8335=CARTESIAN_POINT('',(-0.136903693535467,0.0592786151475394,0.081977324792036));
#8336=CARTESIAN_POINT('',(-0.126866385547506,0.0732203953411756,0.0721346009115677));
#8337=CARTESIAN_POINT('',(-0.127933045178267,0.0732203953411756,0.0731892274957691));
#8338=CARTESIAN_POINT('',(-0.146776856274762,0.073336353791779,0.0918211371497382));
#8339=CARTESIAN_POINT('',(-0.147843515905524,0.073336353791779,0.0928757637339396));
#8340=CARTESIAN_POINT('',(-0.146941001523429,0.0453368349539033,0.0918200486725044));
#8341=CARTESIAN_POINT('',(-0.14800766115419,0.0453368349539033,0.0928746752567058));
#8342=CARTESIAN_POINT('',(-0.127030530796172,0.0452208765032999,0.0721335124343339));
#8343=CARTESIAN_POINT('',(-0.128097190426934,0.0452208765032999,0.0731881390185353));
#8344=CARTESIAN_POINT('',(-0.136792309259587,0.0782782886446694,0.0819780634015875));
#8345=CARTESIAN_POINT('',(-0.134794458525129,0.0592661669709567,0.0841106256883147));
#8346=CARTESIAN_POINT('',(-0.136792309259587,0.0782782886446694,0.0819780634015875));
#8347=CARTESIAN_POINT('',(-0.122182457170757,0.0781931855961027,0.0679277993085032));
#8348=CARTESIAN_POINT('',(-0.121351716457427,0.0781888451930167,0.0702511609997838));
#8349=CARTESIAN_POINT('',(-0.120682457170757,0.0781843467605479,0.0690902210672394));
#8350=CARTESIAN_POINT('',(-0.120682483210684,0.0781887437651949,0.0702511662433181));
#8351=CARTESIAN_POINT('',(-0.120682457170757,0.0781931855961027,0.0702511662433181));
#8352=CARTESIAN_POINT('',(-0.12429542302506,0.0814678015590094,0.0633078941562385));
#8353=CARTESIAN_POINT('',(-0.118899294919126,0.0564966780320333,0.0689124892029701));
#8354=CARTESIAN_POINT('',(-0.120682457170757,0.0781931855961027,0.0690894827759106));
#8355=CARTESIAN_POINT('',(-0.120682457170757,0.0401925325791408,0.0690894827759106));
#8356=CARTESIAN_POINT('',(-0.109453572376687,0.0451171416984436,0.0899110199033229));
#8357=CARTESIAN_POINT('',(-0.123515139112275,0.0452001295423286,0.0756890139281317));
#8358=CARTESIAN_POINT('',(-0.122448479481514,0.0452001295423286,0.0746343873439304));
#8359=CARTESIAN_POINT('',(-0.129364043103944,0.045233100149047,0.109597556141493));
#8360=CARTESIAN_POINT('',(-0.143425609839532,0.045316087992932,0.0953755501663022));
#8361=CARTESIAN_POINT('',(-0.14235895020877,0.045316087992932,0.0943209235821008));
#8362=CARTESIAN_POINT('',(-0.129199897855278,0.0732326189869228,0.109598644618727));
#8363=CARTESIAN_POINT('',(-0.143261464590865,0.0733156068308078,0.095376638643536));
#8364=CARTESIAN_POINT('',(-0.142194804960104,0.0733156068308078,0.0943220120593346));
#8365=CARTESIAN_POINT('',(-0.109289427128021,0.0731166605363193,0.0899121083805567));
#8366=CARTESIAN_POINT('',(-0.123350993863609,0.0731996483802044,0.0756901024053654));
#8367=CARTESIAN_POINT('',(-0.122284334232848,0.0731996483802044,0.074635475821164));
#8368=CARTESIAN_POINT('',(-0.123350993863609,0.0731996483802044,0.0756901024053655));
#8369=CARTESIAN_POINT('',(-0.123350993863609,0.0731996483802044,0.0756901024053655));
#8370=CARTESIAN_POINT('',(-0.12157322781234,0.0731996483802044,0.0739323914316966));
#8371=CARTESIAN_POINT('',(-0.132322044103754,0.0592313978969139,0.0844784425922341));
#8372=CARTESIAN_POINT('',(-0.143261464590866,0.0733156068308078,0.0953766386435361));
#8373=CARTESIAN_POINT('',(-0.143261464590866,0.0733156068308078,0.0953766386435361));
#8374=CARTESIAN_POINT('',(-0.141483698539597,0.0733156068308078,0.0936189276698672));
#8375=CARTESIAN_POINT('',(-0.132322044103754,0.0592313978969139,0.0844784425922341));
#8376=CARTESIAN_POINT('',(-0.143425609839532,0.045316087992932,0.0953755501663023));
#8377=CARTESIAN_POINT('',(-0.143425609839532,0.045316087992932,0.0953755501663023));
#8378=CARTESIAN_POINT('',(-0.141647843788263,0.045316087992932,0.0936178391926334));
#8379=CARTESIAN_POINT('',(-0.132322044103754,0.0592313978969139,0.0844784425922341));
#8380=CARTESIAN_POINT('',(-0.123515139112275,0.0452001295423286,0.0756890139281317));
#8381=CARTESIAN_POINT('',(-0.123515139112275,0.0452001295423286,0.0756890139281317));
#8382=CARTESIAN_POINT('',(-0.121737373061007,0.0452001295423286,0.0739313029544628));
#8383=CARTESIAN_POINT('',(-0.132322044103754,0.0592313978969139,0.0844784425922341));
#8384=MECHANICAL_DESIGN_GEOMETRIC_PRESENTATION_REPRESENTATION('',(#5071),
#8385);
#8385=(
GEOMETRIC_REPRESENTATION_CONTEXT(3)
GLOBAL_UNCERTAINTY_ASSIGNED_CONTEXT((#8386))
GLOBAL_UNIT_ASSIGNED_CONTEXT((#8389,#8388,#8387))
REPRESENTATION_CONTEXT('Claw Follower','TOP_LEVEL_ASSEMBLY_PART')
);
#8386=UNCERTAINTY_MEASURE_WITH_UNIT(LENGTH_MEASURE(6.64679867828565E-5),
#8389,'DISTANCE_ACCURACY_VALUE','Maximum Tolerance applied to model');
#8387=(
NAMED_UNIT(*)
SI_UNIT($,.STERADIAN.)
SOLID_ANGLE_UNIT()
);
#8388=(
NAMED_UNIT(*)
PLANE_ANGLE_UNIT()
SI_UNIT($,.RADIAN.)
);
#8389=(
LENGTH_UNIT()
NAMED_UNIT(*)
SI_UNIT($,.METRE.)
);
#8390=PRODUCT_DEFINITION_SHAPE('','',#8391);
#8391=PRODUCT_DEFINITION('','',#8393,#8392);
#8392=PRODUCT_DEFINITION_CONTEXT('',#8399,'design');
#8393=PRODUCT_DEFINITION_FORMATION_WITH_SPECIFIED_SOURCE('','',#8395,
 .NOT_KNOWN.);
#8394=PRODUCT_RELATED_PRODUCT_CATEGORY('','',(#8395));
#8395=PRODUCT('Claw Follower','Claw Follower','Claw Follower',(#8397));
#8396=PRODUCT_CATEGORY('','');
#8397=PRODUCT_CONTEXT('',#8399,'mechanical');
#8398=APPLICATION_PROTOCOL_DEFINITION('international standard',
'ap242_managed_model_based_3d_engineering',2020,#8399);
#8399=APPLICATION_CONTEXT('managed model based 3d engineering');
ENDSEC;
END-ISO-10303-21;
