ISO-10303-21;
HEADER;
/* Generated by software containing ST-Developer
 * from STEP Tools, Inc. (www.steptools.com) 
 */
/* OPTION: using custom renumber hook */

FILE_DESCRIPTION(
/* description */ ('STEP AP242 Edition 2',
'CAx-IF Rec.Pracs.---Representation and Presentation of Product Manufa
cturing Information (PMI)---4.0---2014-10-13',
'CAx-IF Rec.Pracs.---3D Tessellated Geometry---0.4---2014-09-14','2;1',
'CAx-IF Rec.Pracs.---User Defined Attributes---1.5---2016-08-15'),
/* implementation_level */ '2;1');

FILE_NAME(
/* name */ 'Hexarm - Follower - Link1',
/* time_stamp */ '2026-08-09T23:35:34Z',
/* author */ (''),
/* organization */ (''),
/* preprocessor_version */ 'ST-DEVELOPER v20',
/* originating_system */ 'ONSHAPE BY PTC INC, 1.219',
/* authorisation */ '  ');

FILE_SCHEMA (('AP242_MANAGED_MODEL_BASED_3D_ENGINEERING_MIM_LF { 1 0 10303 442 3 1 4 }'));
ENDSEC;

DATA;
#10=SHAPE_REPRESENTATION_RELATIONSHIP('','',#1381,#11);
#11=ADVANCED_BREP_SHAPE_REPRESENTATION('',(#1379),#2263);
#12=CYLINDRICAL_SURFACE('',#1401,0.003525000000003);
#13=CYLINDRICAL_SURFACE('',#1416,0.001);
#14=CYLINDRICAL_SURFACE('',#1420,0.002);
#15=CYLINDRICAL_SURFACE('',#1421,0.001);
#16=CYLINDRICAL_SURFACE('',#1425,0.002);
#17=CYLINDRICAL_SURFACE('',#1447,0.0015);
#18=CYLINDRICAL_SURFACE('',#1451,0.0027);
#19=CYLINDRICAL_SURFACE('',#1452,0.0015);
#20=CYLINDRICAL_SURFACE('',#1456,0.0027);
#21=CYLINDRICAL_SURFACE('',#1457,0.0015);
#22=CYLINDRICAL_SURFACE('',#1461,0.0027);
#23=CYLINDRICAL_SURFACE('',#1462,0.0015);
#24=CYLINDRICAL_SURFACE('',#1466,0.0027);
#25=CYLINDRICAL_SURFACE('',#1467,0.0015);
#26=CYLINDRICAL_SURFACE('',#1471,0.0027);
#27=CYLINDRICAL_SURFACE('',#1472,0.0015);
#28=CYLINDRICAL_SURFACE('',#1476,0.0027);
#29=CYLINDRICAL_SURFACE('',#1477,0.0015);
#30=CYLINDRICAL_SURFACE('',#1481,0.0027);
#31=CYLINDRICAL_SURFACE('',#1482,0.0015);
#32=CYLINDRICAL_SURFACE('',#1486,0.0027);
#33=CYLINDRICAL_SURFACE('',#1493,0.001);
#34=CYLINDRICAL_SURFACE('',#1495,0.001);
#35=CYLINDRICAL_SURFACE('',#1498,0.002);
#36=CYLINDRICAL_SURFACE('',#1500,0.002);
#37=CIRCLE('',#1385,0.0015);
#38=CIRCLE('',#1386,0.0015);
#39=CIRCLE('',#1387,0.0015);
#40=CIRCLE('',#1388,0.0015);
#41=CIRCLE('',#1391,0.0015);
#42=CIRCLE('',#1392,0.0015);
#43=CIRCLE('',#1393,0.0015);
#44=CIRCLE('',#1394,0.0015);
#45=CIRCLE('',#1395,0.003525000000003);
#46=CIRCLE('',#1402,0.003525000000003);
#47=CIRCLE('',#1405,0.001);
#48=CIRCLE('',#1407,0.001);
#49=CIRCLE('',#1410,0.002);
#50=CIRCLE('',#1411,0.002);
#51=CIRCLE('',#1417,0.001);
#52=CIRCLE('',#1419,0.002);
#53=CIRCLE('',#1422,0.001);
#54=CIRCLE('',#1424,0.002);
#55=CIRCLE('',#1438,0.0027);
#56=CIRCLE('',#1439,0.0027);
#57=CIRCLE('',#1440,0.0027);
#58=CIRCLE('',#1441,0.0027);
#59=CIRCLE('',#1443,0.0027);
#60=CIRCLE('',#1444,0.0027);
#61=CIRCLE('',#1445,0.0027);
#62=CIRCLE('',#1446,0.0027);
#63=CIRCLE('',#1448,0.0015);
#64=CIRCLE('',#1450,0.0027);
#65=CIRCLE('',#1453,0.0015);
#66=CIRCLE('',#1455,0.0027);
#67=CIRCLE('',#1458,0.0015);
#68=CIRCLE('',#1460,0.0027);
#69=CIRCLE('',#1463,0.0015);
#70=CIRCLE('',#1465,0.0027);
#71=CIRCLE('',#1468,0.0015);
#72=CIRCLE('',#1470,0.0027);
#73=CIRCLE('',#1473,0.0015);
#74=CIRCLE('',#1475,0.0027);
#75=CIRCLE('',#1478,0.0015);
#76=CIRCLE('',#1480,0.0027);
#77=CIRCLE('',#1483,0.0015);
#78=CIRCLE('',#1485,0.0027);
#79=CIRCLE('',#1488,0.001);
#80=CIRCLE('',#1489,0.002);
#81=CIRCLE('',#1491,0.001);
#82=CIRCLE('',#1492,0.002);
#83=CIRCLE('',#1494,0.001);
#84=CIRCLE('',#1496,0.001);
#85=CIRCLE('',#1499,0.002);
#86=CIRCLE('',#1501,0.002);
#87=ORIENTED_EDGE('',*,*,#423,.F.);
#88=ORIENTED_EDGE('',*,*,#424,.T.);
#89=ORIENTED_EDGE('',*,*,#425,.T.);
#90=ORIENTED_EDGE('',*,*,#426,.F.);
#91=ORIENTED_EDGE('',*,*,#427,.T.);
#92=ORIENTED_EDGE('',*,*,#428,.F.);
#93=ORIENTED_EDGE('',*,*,#429,.F.);
#94=ORIENTED_EDGE('',*,*,#430,.F.);
#95=ORIENTED_EDGE('',*,*,#431,.F.);
#96=ORIENTED_EDGE('',*,*,#432,.F.);
#97=ORIENTED_EDGE('',*,*,#433,.T.);
#98=ORIENTED_EDGE('',*,*,#434,.F.);
#99=ORIENTED_EDGE('',*,*,#435,.F.);
#100=ORIENTED_EDGE('',*,*,#436,.F.);
#101=ORIENTED_EDGE('',*,*,#437,.F.);
#102=ORIENTED_EDGE('',*,*,#438,.F.);
#103=ORIENTED_EDGE('',*,*,#439,.T.);
#104=ORIENTED_EDGE('',*,*,#440,.T.);
#105=ORIENTED_EDGE('',*,*,#441,.T.);
#106=ORIENTED_EDGE('',*,*,#442,.T.);
#107=ORIENTED_EDGE('',*,*,#432,.T.);
#108=ORIENTED_EDGE('',*,*,#443,.T.);
#109=ORIENTED_EDGE('',*,*,#444,.T.);
#110=ORIENTED_EDGE('',*,*,#445,.T.);
#111=ORIENTED_EDGE('',*,*,#446,.F.);
#112=ORIENTED_EDGE('',*,*,#447,.T.);
#113=ORIENTED_EDGE('',*,*,#448,.T.);
#114=ORIENTED_EDGE('',*,*,#449,.F.);
#115=ORIENTED_EDGE('',*,*,#450,.T.);
#116=ORIENTED_EDGE('',*,*,#426,.T.);
#117=ORIENTED_EDGE('',*,*,#451,.T.);
#118=ORIENTED_EDGE('',*,*,#452,.T.);
#119=ORIENTED_EDGE('',*,*,#453,.F.);
#120=ORIENTED_EDGE('',*,*,#454,.T.);
#121=ORIENTED_EDGE('',*,*,#455,.F.);
#122=ORIENTED_EDGE('',*,*,#456,.F.);
#123=ORIENTED_EDGE('',*,*,#457,.F.);
#124=ORIENTED_EDGE('',*,*,#458,.F.);
#125=ORIENTED_EDGE('',*,*,#459,.T.);
#126=ORIENTED_EDGE('',*,*,#460,.T.);
#127=ORIENTED_EDGE('',*,*,#461,.T.);
#128=ORIENTED_EDGE('',*,*,#430,.T.);
#129=ORIENTED_EDGE('',*,*,#462,.T.);
#130=ORIENTED_EDGE('',*,*,#463,.T.);
#131=ORIENTED_EDGE('',*,*,#464,.F.);
#132=ORIENTED_EDGE('',*,*,#448,.F.);
#133=ORIENTED_EDGE('',*,*,#465,.F.);
#134=ORIENTED_EDGE('',*,*,#466,.F.);
#135=ORIENTED_EDGE('',*,*,#461,.F.);
#136=ORIENTED_EDGE('',*,*,#467,.F.);
#137=ORIENTED_EDGE('',*,*,#439,.F.);
#138=ORIENTED_EDGE('',*,*,#431,.T.);
#139=ORIENTED_EDGE('',*,*,#468,.T.);
#140=ORIENTED_EDGE('',*,*,#469,.F.);
#141=ORIENTED_EDGE('',*,*,#470,.F.);
#142=ORIENTED_EDGE('',*,*,#446,.T.);
#143=ORIENTED_EDGE('',*,*,#471,.T.);
#144=ORIENTED_EDGE('',*,*,#454,.F.);
#145=ORIENTED_EDGE('',*,*,#472,.T.);
#146=ORIENTED_EDGE('',*,*,#473,.T.);
#147=ORIENTED_EDGE('',*,*,#474,.T.);
#148=ORIENTED_EDGE('',*,*,#423,.T.);
#149=ORIENTED_EDGE('',*,*,#475,.T.);
#150=ORIENTED_EDGE('',*,*,#476,.T.);
#151=ORIENTED_EDGE('',*,*,#477,.F.);
#152=ORIENTED_EDGE('',*,*,#478,.T.);
#153=ORIENTED_EDGE('',*,*,#469,.T.);
#154=ORIENTED_EDGE('',*,*,#479,.T.);
#155=ORIENTED_EDGE('',*,*,#480,.F.);
#156=ORIENTED_EDGE('',*,*,#481,.T.);
#157=ORIENTED_EDGE('',*,*,#424,.F.);
#158=ORIENTED_EDGE('',*,*,#482,.F.);
#159=ORIENTED_EDGE('',*,*,#483,.F.);
#160=ORIENTED_EDGE('',*,*,#484,.F.);
#161=ORIENTED_EDGE('',*,*,#485,.T.);
#162=ORIENTED_EDGE('',*,*,#486,.T.);
#163=ORIENTED_EDGE('',*,*,#487,.F.);
#164=ORIENTED_EDGE('',*,*,#488,.F.);
#165=ORIENTED_EDGE('',*,*,#489,.T.);
#166=ORIENTED_EDGE('',*,*,#490,.F.);
#167=ORIENTED_EDGE('',*,*,#491,.F.);
#168=ORIENTED_EDGE('',*,*,#459,.F.);
#169=ORIENTED_EDGE('',*,*,#492,.T.);
#170=ORIENTED_EDGE('',*,*,#493,.F.);
#171=ORIENTED_EDGE('',*,*,#494,.T.);
#172=ORIENTED_EDGE('',*,*,#495,.F.);
#173=ORIENTED_EDGE('',*,*,#496,.F.);
#174=ORIENTED_EDGE('',*,*,#497,.F.);
#175=ORIENTED_EDGE('',*,*,#427,.F.);
#176=ORIENTED_EDGE('',*,*,#450,.F.);
#177=ORIENTED_EDGE('',*,*,#498,.T.);
#178=ORIENTED_EDGE('',*,*,#489,.F.);
#179=ORIENTED_EDGE('',*,*,#499,.T.);
#180=ORIENTED_EDGE('',*,*,#500,.T.);
#181=ORIENTED_EDGE('',*,*,#501,.F.);
#182=ORIENTED_EDGE('',*,*,#502,.F.);
#183=ORIENTED_EDGE('',*,*,#503,.F.);
#184=ORIENTED_EDGE('',*,*,#504,.F.);
#185=ORIENTED_EDGE('',*,*,#505,.F.);
#186=ORIENTED_EDGE('',*,*,#506,.F.);
#187=ORIENTED_EDGE('',*,*,#507,.T.);
#188=ORIENTED_EDGE('',*,*,#508,.T.);
#189=ORIENTED_EDGE('',*,*,#478,.F.);
#190=ORIENTED_EDGE('',*,*,#509,.F.);
#191=ORIENTED_EDGE('',*,*,#500,.F.);
#192=ORIENTED_EDGE('',*,*,#510,.T.);
#193=ORIENTED_EDGE('',*,*,#511,.T.);
#194=ORIENTED_EDGE('',*,*,#512,.F.);
#195=ORIENTED_EDGE('',*,*,#473,.F.);
#196=ORIENTED_EDGE('',*,*,#508,.F.);
#197=ORIENTED_EDGE('',*,*,#513,.T.);
#198=ORIENTED_EDGE('',*,*,#514,.F.);
#199=ORIENTED_EDGE('',*,*,#515,.F.);
#200=ORIENTED_EDGE('',*,*,#516,.F.);
#201=ORIENTED_EDGE('',*,*,#517,.T.);
#202=ORIENTED_EDGE('',*,*,#476,.F.);
#203=ORIENTED_EDGE('',*,*,#518,.F.);
#204=ORIENTED_EDGE('',*,*,#465,.T.);
#205=ORIENTED_EDGE('',*,*,#447,.F.);
#206=ORIENTED_EDGE('',*,*,#470,.T.);
#207=ORIENTED_EDGE('',*,*,#491,.T.);
#208=ORIENTED_EDGE('',*,*,#519,.T.);
#209=ORIENTED_EDGE('',*,*,#520,.T.);
#210=ORIENTED_EDGE('',*,*,#521,.T.);
#211=ORIENTED_EDGE('',*,*,#522,.T.);
#212=ORIENTED_EDGE('',*,*,#523,.T.);
#213=ORIENTED_EDGE('',*,*,#501,.T.);
#214=ORIENTED_EDGE('',*,*,#515,.T.);
#215=ORIENTED_EDGE('',*,*,#524,.F.);
#216=ORIENTED_EDGE('',*,*,#525,.F.);
#217=ORIENTED_EDGE('',*,*,#513,.F.);
#218=ORIENTED_EDGE('',*,*,#507,.F.);
#219=ORIENTED_EDGE('',*,*,#509,.T.);
#220=ORIENTED_EDGE('',*,*,#477,.T.);
#221=ORIENTED_EDGE('',*,*,#517,.F.);
#222=ORIENTED_EDGE('',*,*,#526,.T.);
#223=ORIENTED_EDGE('',*,*,#503,.T.);
#224=ORIENTED_EDGE('',*,*,#527,.F.);
#225=ORIENTED_EDGE('',*,*,#519,.F.);
#226=ORIENTED_EDGE('',*,*,#490,.T.);
#227=ORIENTED_EDGE('',*,*,#528,.F.);
#228=ORIENTED_EDGE('',*,*,#505,.T.);
#229=ORIENTED_EDGE('',*,*,#528,.T.);
#230=ORIENTED_EDGE('',*,*,#529,.F.);
#231=ORIENTED_EDGE('',*,*,#529,.T.);
#232=ORIENTED_EDGE('',*,*,#521,.F.);
#233=ORIENTED_EDGE('',*,*,#530,.F.);
#234=ORIENTED_EDGE('',*,*,#504,.T.);
#235=ORIENTED_EDGE('',*,*,#530,.T.);
#236=ORIENTED_EDGE('',*,*,#531,.F.);
#237=ORIENTED_EDGE('',*,*,#531,.T.);
#238=ORIENTED_EDGE('',*,*,#520,.F.);
#239=ORIENTED_EDGE('',*,*,#522,.F.);
#240=ORIENTED_EDGE('',*,*,#514,.T.);
#241=ORIENTED_EDGE('',*,*,#525,.T.);
#242=ORIENTED_EDGE('',*,*,#532,.F.);
#243=ORIENTED_EDGE('',*,*,#516,.T.);
#244=ORIENTED_EDGE('',*,*,#527,.T.);
#245=ORIENTED_EDGE('',*,*,#502,.T.);
#246=ORIENTED_EDGE('',*,*,#523,.F.);
#247=ORIENTED_EDGE('',*,*,#532,.T.);
#248=ORIENTED_EDGE('',*,*,#524,.T.);
#249=ORIENTED_EDGE('',*,*,#506,.T.);
#250=ORIENTED_EDGE('',*,*,#526,.F.);
#251=ORIENTED_EDGE('',*,*,#471,.F.);
#252=ORIENTED_EDGE('',*,*,#533,.F.);
#253=ORIENTED_EDGE('',*,*,#494,.F.);
#254=ORIENTED_EDGE('',*,*,#534,.T.);
#255=ORIENTED_EDGE('',*,*,#533,.T.);
#256=ORIENTED_EDGE('',*,*,#445,.F.);
#257=ORIENTED_EDGE('',*,*,#535,.F.);
#258=ORIENTED_EDGE('',*,*,#495,.T.);
#259=ORIENTED_EDGE('',*,*,#535,.T.);
#260=ORIENTED_EDGE('',*,*,#444,.F.);
#261=ORIENTED_EDGE('',*,*,#536,.F.);
#262=ORIENTED_EDGE('',*,*,#496,.T.);
#263=ORIENTED_EDGE('',*,*,#536,.T.);
#264=ORIENTED_EDGE('',*,*,#443,.F.);
#265=ORIENTED_EDGE('',*,*,#534,.F.);
#266=ORIENTED_EDGE('',*,*,#493,.T.);
#267=ORIENTED_EDGE('',*,*,#462,.F.);
#268=ORIENTED_EDGE('',*,*,#429,.T.);
#269=ORIENTED_EDGE('',*,*,#537,.F.);
#270=ORIENTED_EDGE('',*,*,#538,.F.);
#271=ORIENTED_EDGE('',*,*,#463,.F.);
#272=ORIENTED_EDGE('',*,*,#538,.T.);
#273=ORIENTED_EDGE('',*,*,#539,.F.);
#274=ORIENTED_EDGE('',*,*,#540,.F.);
#275=ORIENTED_EDGE('',*,*,#460,.F.);
#276=ORIENTED_EDGE('',*,*,#540,.T.);
#277=ORIENTED_EDGE('',*,*,#541,.F.);
#278=ORIENTED_EDGE('',*,*,#498,.F.);
#279=ORIENTED_EDGE('',*,*,#449,.T.);
#280=ORIENTED_EDGE('',*,*,#464,.T.);
#281=ORIENTED_EDGE('',*,*,#542,.F.);
#282=ORIENTED_EDGE('',*,*,#543,.F.);
#283=ORIENTED_EDGE('',*,*,#440,.F.);
#284=ORIENTED_EDGE('',*,*,#467,.T.);
#285=ORIENTED_EDGE('',*,*,#441,.F.);
#286=ORIENTED_EDGE('',*,*,#543,.T.);
#287=ORIENTED_EDGE('',*,*,#544,.F.);
#288=ORIENTED_EDGE('',*,*,#545,.F.);
#289=ORIENTED_EDGE('',*,*,#442,.F.);
#290=ORIENTED_EDGE('',*,*,#545,.T.);
#291=ORIENTED_EDGE('',*,*,#546,.F.);
#292=ORIENTED_EDGE('',*,*,#433,.F.);
#293=ORIENTED_EDGE('',*,*,#547,.T.);
#294=ORIENTED_EDGE('',*,*,#548,.T.);
#295=ORIENTED_EDGE('',*,*,#549,.T.);
#296=ORIENTED_EDGE('',*,*,#550,.T.);
#297=ORIENTED_EDGE('',*,*,#544,.T.);
#298=ORIENTED_EDGE('',*,*,#542,.T.);
#299=ORIENTED_EDGE('',*,*,#466,.T.);
#300=ORIENTED_EDGE('',*,*,#518,.T.);
#301=ORIENTED_EDGE('',*,*,#475,.F.);
#302=ORIENTED_EDGE('',*,*,#434,.T.);
#303=ORIENTED_EDGE('',*,*,#546,.T.);
#304=ORIENTED_EDGE('',*,*,#551,.T.);
#305=ORIENTED_EDGE('',*,*,#552,.T.);
#306=ORIENTED_EDGE('',*,*,#553,.T.);
#307=ORIENTED_EDGE('',*,*,#554,.T.);
#308=ORIENTED_EDGE('',*,*,#497,.T.);
#309=ORIENTED_EDGE('',*,*,#541,.T.);
#310=ORIENTED_EDGE('',*,*,#539,.T.);
#311=ORIENTED_EDGE('',*,*,#537,.T.);
#312=ORIENTED_EDGE('',*,*,#428,.T.);
#313=ORIENTED_EDGE('',*,*,#492,.F.);
#314=ORIENTED_EDGE('',*,*,#458,.T.);
#315=ORIENTED_EDGE('',*,*,#555,.F.);
#316=ORIENTED_EDGE('',*,*,#555,.T.);
#317=ORIENTED_EDGE('',*,*,#556,.F.);
#318=ORIENTED_EDGE('',*,*,#556,.T.);
#319=ORIENTED_EDGE('',*,*,#554,.F.);
#320=ORIENTED_EDGE('',*,*,#457,.T.);
#321=ORIENTED_EDGE('',*,*,#557,.F.);
#322=ORIENTED_EDGE('',*,*,#557,.T.);
#323=ORIENTED_EDGE('',*,*,#558,.F.);
#324=ORIENTED_EDGE('',*,*,#558,.T.);
#325=ORIENTED_EDGE('',*,*,#553,.F.);
#326=ORIENTED_EDGE('',*,*,#456,.T.);
#327=ORIENTED_EDGE('',*,*,#559,.F.);
#328=ORIENTED_EDGE('',*,*,#559,.T.);
#329=ORIENTED_EDGE('',*,*,#560,.F.);
#330=ORIENTED_EDGE('',*,*,#560,.T.);
#331=ORIENTED_EDGE('',*,*,#552,.F.);
#332=ORIENTED_EDGE('',*,*,#455,.T.);
#333=ORIENTED_EDGE('',*,*,#561,.F.);
#334=ORIENTED_EDGE('',*,*,#561,.T.);
#335=ORIENTED_EDGE('',*,*,#562,.F.);
#336=ORIENTED_EDGE('',*,*,#562,.T.);
#337=ORIENTED_EDGE('',*,*,#551,.F.);
#338=ORIENTED_EDGE('',*,*,#438,.T.);
#339=ORIENTED_EDGE('',*,*,#563,.F.);
#340=ORIENTED_EDGE('',*,*,#563,.T.);
#341=ORIENTED_EDGE('',*,*,#564,.F.);
#342=ORIENTED_EDGE('',*,*,#564,.T.);
#343=ORIENTED_EDGE('',*,*,#550,.F.);
#344=ORIENTED_EDGE('',*,*,#437,.T.);
#345=ORIENTED_EDGE('',*,*,#565,.F.);
#346=ORIENTED_EDGE('',*,*,#565,.T.);
#347=ORIENTED_EDGE('',*,*,#566,.F.);
#348=ORIENTED_EDGE('',*,*,#566,.T.);
#349=ORIENTED_EDGE('',*,*,#549,.F.);
#350=ORIENTED_EDGE('',*,*,#436,.T.);
#351=ORIENTED_EDGE('',*,*,#567,.F.);
#352=ORIENTED_EDGE('',*,*,#567,.T.);
#353=ORIENTED_EDGE('',*,*,#568,.F.);
#354=ORIENTED_EDGE('',*,*,#568,.T.);
#355=ORIENTED_EDGE('',*,*,#548,.F.);
#356=ORIENTED_EDGE('',*,*,#435,.T.);
#357=ORIENTED_EDGE('',*,*,#569,.F.);
#358=ORIENTED_EDGE('',*,*,#569,.T.);
#359=ORIENTED_EDGE('',*,*,#570,.F.);
#360=ORIENTED_EDGE('',*,*,#570,.T.);
#361=ORIENTED_EDGE('',*,*,#547,.F.);
#362=ORIENTED_EDGE('',*,*,#571,.T.);
#363=ORIENTED_EDGE('',*,*,#572,.F.);
#364=ORIENTED_EDGE('',*,*,#573,.T.);
#365=ORIENTED_EDGE('',*,*,#574,.F.);
#366=ORIENTED_EDGE('',*,*,#575,.F.);
#367=ORIENTED_EDGE('',*,*,#571,.F.);
#368=ORIENTED_EDGE('',*,*,#576,.F.);
#369=ORIENTED_EDGE('',*,*,#573,.F.);
#370=ORIENTED_EDGE('',*,*,#577,.T.);
#371=ORIENTED_EDGE('',*,*,#578,.T.);
#372=ORIENTED_EDGE('',*,*,#579,.T.);
#373=ORIENTED_EDGE('',*,*,#580,.F.);
#374=ORIENTED_EDGE('',*,*,#572,.T.);
#375=ORIENTED_EDGE('',*,*,#581,.F.);
#376=ORIENTED_EDGE('',*,*,#574,.T.);
#377=ORIENTED_EDGE('',*,*,#582,.F.);
#378=ORIENTED_EDGE('',*,*,#580,.T.);
#379=ORIENTED_EDGE('',*,*,#583,.F.);
#380=ORIENTED_EDGE('',*,*,#486,.F.);
#381=ORIENTED_EDGE('',*,*,#584,.F.);
#382=ORIENTED_EDGE('',*,*,#577,.F.);
#383=ORIENTED_EDGE('',*,*,#584,.T.);
#384=ORIENTED_EDGE('',*,*,#485,.F.);
#385=ORIENTED_EDGE('',*,*,#585,.F.);
#386=ORIENTED_EDGE('',*,*,#585,.T.);
#387=ORIENTED_EDGE('',*,*,#484,.T.);
#388=ORIENTED_EDGE('',*,*,#586,.T.);
#389=ORIENTED_EDGE('',*,*,#578,.F.);
#390=ORIENTED_EDGE('',*,*,#586,.F.);
#391=ORIENTED_EDGE('',*,*,#483,.T.);
#392=ORIENTED_EDGE('',*,*,#587,.T.);
#393=ORIENTED_EDGE('',*,*,#511,.F.);
#394=ORIENTED_EDGE('',*,*,#588,.F.);
#395=ORIENTED_EDGE('',*,*,#487,.T.);
#396=ORIENTED_EDGE('',*,*,#583,.T.);
#397=ORIENTED_EDGE('',*,*,#579,.F.);
#398=ORIENTED_EDGE('',*,*,#576,.T.);
#399=ORIENTED_EDGE('',*,*,#575,.T.);
#400=ORIENTED_EDGE('',*,*,#480,.T.);
#401=ORIENTED_EDGE('',*,*,#589,.T.);
#402=ORIENTED_EDGE('',*,*,#452,.F.);
#403=ORIENTED_EDGE('',*,*,#590,.F.);
#404=ORIENTED_EDGE('',*,*,#582,.T.);
#405=ORIENTED_EDGE('',*,*,#581,.T.);
#406=ORIENTED_EDGE('',*,*,#482,.T.);
#407=ORIENTED_EDGE('',*,*,#474,.F.);
#408=ORIENTED_EDGE('',*,*,#512,.T.);
#409=ORIENTED_EDGE('',*,*,#587,.F.);
#410=ORIENTED_EDGE('',*,*,#510,.F.);
#411=ORIENTED_EDGE('',*,*,#499,.F.);
#412=ORIENTED_EDGE('',*,*,#488,.T.);
#413=ORIENTED_EDGE('',*,*,#588,.T.);
#414=ORIENTED_EDGE('',*,*,#451,.F.);
#415=ORIENTED_EDGE('',*,*,#425,.F.);
#416=ORIENTED_EDGE('',*,*,#481,.F.);
#417=ORIENTED_EDGE('',*,*,#590,.T.);
#418=ORIENTED_EDGE('',*,*,#479,.F.);
#419=ORIENTED_EDGE('',*,*,#468,.F.);
#420=ORIENTED_EDGE('',*,*,#472,.F.);
#421=ORIENTED_EDGE('',*,*,#453,.T.);
#422=ORIENTED_EDGE('',*,*,#589,.F.);
#423=EDGE_CURVE('',#591,#592,#719,.T.);
#424=EDGE_CURVE('',#591,#593,#720,.T.);
#425=EDGE_CURVE('',#593,#594,#721,.T.);
#426=EDGE_CURVE('',#595,#594,#722,.T.);
#427=EDGE_CURVE('',#595,#596,#723,.T.);
#428=EDGE_CURVE('',#597,#596,#724,.T.);
#429=EDGE_CURVE('',#598,#597,#725,.T.);
#430=EDGE_CURVE('',#599,#598,#726,.T.);
#431=EDGE_CURVE('',#600,#599,#727,.T.);
#432=EDGE_CURVE('',#601,#600,#728,.T.);
#433=EDGE_CURVE('',#601,#602,#729,.T.);
#434=EDGE_CURVE('',#592,#602,#730,.T.);
#435=EDGE_CURVE('',#603,#603,#37,.T.);
#436=EDGE_CURVE('',#604,#604,#38,.T.);
#437=EDGE_CURVE('',#605,#605,#39,.T.);
#438=EDGE_CURVE('',#606,#606,#40,.T.);
#439=EDGE_CURVE('',#600,#607,#731,.T.);
#440=EDGE_CURVE('',#607,#608,#732,.T.);
#441=EDGE_CURVE('',#608,#609,#733,.T.);
#442=EDGE_CURVE('',#609,#601,#734,.T.);
#443=EDGE_CURVE('',#610,#611,#735,.T.);
#444=EDGE_CURVE('',#611,#612,#736,.F.);
#445=EDGE_CURVE('',#612,#613,#737,.T.);
#446=EDGE_CURVE('',#614,#613,#738,.T.);
#447=EDGE_CURVE('',#614,#615,#739,.T.);
#448=EDGE_CURVE('',#615,#616,#740,.T.);
#449=EDGE_CURVE('',#617,#616,#741,.T.);
#450=EDGE_CURVE('',#617,#595,#742,.T.);
#451=EDGE_CURVE('',#594,#618,#743,.T.);
#452=EDGE_CURVE('',#618,#619,#744,.T.);
#453=EDGE_CURVE('',#620,#619,#745,.T.);
#454=EDGE_CURVE('',#620,#610,#746,.T.);
#455=EDGE_CURVE('',#621,#621,#41,.T.);
#456=EDGE_CURVE('',#622,#622,#42,.T.);
#457=EDGE_CURVE('',#623,#623,#43,.T.);
#458=EDGE_CURVE('',#624,#624,#44,.T.);
#459=EDGE_CURVE('',#625,#625,#45,.T.);
#460=EDGE_CURVE('',#626,#627,#747,.T.);
#461=EDGE_CURVE('',#627,#599,#748,.T.);
#462=EDGE_CURVE('',#598,#628,#749,.T.);
#463=EDGE_CURVE('',#628,#626,#750,.T.);
#464=EDGE_CURVE('',#616,#629,#751,.T.);
#465=EDGE_CURVE('',#630,#615,#752,.T.);
#466=EDGE_CURVE('',#629,#630,#753,.T.);
#467=EDGE_CURVE('',#607,#627,#754,.T.);
#468=EDGE_CURVE('',#631,#632,#755,.T.);
#469=EDGE_CURVE('',#633,#632,#756,.T.);
#470=EDGE_CURVE('',#614,#633,#757,.T.);
#471=EDGE_CURVE('',#613,#610,#758,.T.);
#472=EDGE_CURVE('',#620,#631,#759,.T.);
#473=EDGE_CURVE('',#634,#635,#760,.T.);
#474=EDGE_CURVE('',#635,#591,#761,.T.);
#475=EDGE_CURVE('',#592,#636,#762,.T.);
#476=EDGE_CURVE('',#636,#637,#763,.T.);
#477=EDGE_CURVE('',#638,#637,#764,.T.);
#478=EDGE_CURVE('',#638,#634,#765,.T.);
#479=EDGE_CURVE('',#632,#639,#766,.T.);
#480=EDGE_CURVE('',#640,#639,#767,.T.);
#481=EDGE_CURVE('',#640,#593,#768,.T.);
#482=EDGE_CURVE('',#641,#591,#769,.T.);
#483=EDGE_CURVE('',#642,#641,#770,.T.);
#484=EDGE_CURVE('',#643,#642,#771,.T.);
#485=EDGE_CURVE('',#643,#644,#772,.T.);
#486=EDGE_CURVE('',#644,#645,#773,.T.);
#487=EDGE_CURVE('',#646,#645,#774,.T.);
#488=EDGE_CURVE('',#647,#646,#775,.T.);
#489=EDGE_CURVE('',#647,#648,#776,.T.);
#490=EDGE_CURVE('',#649,#648,#777,.T.);
#491=EDGE_CURVE('',#633,#649,#778,.T.);
#492=EDGE_CURVE('',#650,#650,#46,.T.);
#493=EDGE_CURVE('',#651,#652,#779,.T.);
#494=EDGE_CURVE('',#651,#653,#780,.T.);
#495=EDGE_CURVE('',#654,#653,#781,.T.);
#496=EDGE_CURVE('',#652,#654,#782,.F.);
#497=EDGE_CURVE('',#596,#655,#783,.T.);
#498=EDGE_CURVE('',#617,#655,#784,.T.);
#499=EDGE_CURVE('',#647,#656,#785,.T.);
#500=EDGE_CURVE('',#656,#657,#786,.T.);
#501=EDGE_CURVE('',#658,#657,#787,.T.);
#502=EDGE_CURVE('',#659,#658,#788,.T.);
#503=EDGE_CURVE('',#648,#659,#789,.T.);
#504=EDGE_CURVE('',#660,#660,#47,.F.);
#505=EDGE_CURVE('',#661,#661,#48,.F.);
#506=EDGE_CURVE('',#662,#663,#790,.T.);
#507=EDGE_CURVE('',#662,#664,#791,.T.);
#508=EDGE_CURVE('',#664,#634,#792,.T.);
#509=EDGE_CURVE('',#663,#638,#793,.T.);
#510=EDGE_CURVE('',#656,#665,#794,.T.);
#511=EDGE_CURVE('',#665,#666,#795,.T.);
#512=EDGE_CURVE('',#635,#666,#796,.T.);
#513=EDGE_CURVE('',#664,#667,#797,.T.);
#514=EDGE_CURVE('',#668,#667,#798,.T.);
#515=EDGE_CURVE('',#657,#668,#799,.T.);
#516=EDGE_CURVE('',#669,#670,#800,.T.);
#517=EDGE_CURVE('',#669,#637,#801,.T.);
#518=EDGE_CURVE('',#630,#636,#802,.T.);
#519=EDGE_CURVE('',#649,#670,#803,.T.);
#520=EDGE_CURVE('',#671,#671,#49,.T.);
#521=EDGE_CURVE('',#672,#672,#50,.T.);
#522=EDGE_CURVE('',#668,#673,#804,.T.);
#523=EDGE_CURVE('',#673,#658,#805,.T.);
#524=EDGE_CURVE('',#674,#662,#806,.T.);
#525=EDGE_CURVE('',#667,#674,#807,.T.);
#526=EDGE_CURVE('',#669,#663,#808,.T.);
#527=EDGE_CURVE('',#670,#659,#809,.T.);
#528=EDGE_CURVE('',#675,#675,#51,.T.);
#529=EDGE_CURVE('',#676,#676,#52,.T.);
#530=EDGE_CURVE('',#677,#677,#53,.T.);
#531=EDGE_CURVE('',#678,#678,#54,.T.);
#532=EDGE_CURVE('',#673,#674,#810,.T.);
#533=EDGE_CURVE('',#653,#613,#811,.T.);
#534=EDGE_CURVE('',#651,#610,#812,.F.);
#535=EDGE_CURVE('',#654,#612,#813,.F.);
#536=EDGE_CURVE('',#652,#611,#814,.T.);
#537=EDGE_CURVE('',#679,#597,#815,.T.);
#538=EDGE_CURVE('',#628,#679,#816,.T.);
#539=EDGE_CURVE('',#680,#679,#817,.T.);
#540=EDGE_CURVE('',#626,#680,#818,.T.);
#541=EDGE_CURVE('',#655,#680,#819,.T.);
#542=EDGE_CURVE('',#681,#629,#820,.T.);
#543=EDGE_CURVE('',#608,#681,#821,.T.);
#544=EDGE_CURVE('',#682,#681,#822,.T.);
#545=EDGE_CURVE('',#609,#682,#823,.T.);
#546=EDGE_CURVE('',#602,#682,#824,.T.);
#547=EDGE_CURVE('',#683,#683,#55,.T.);
#548=EDGE_CURVE('',#684,#684,#56,.T.);
#549=EDGE_CURVE('',#685,#685,#57,.T.);
#550=EDGE_CURVE('',#686,#686,#58,.T.);
#551=EDGE_CURVE('',#687,#687,#59,.T.);
#552=EDGE_CURVE('',#688,#688,#60,.T.);
#553=EDGE_CURVE('',#689,#689,#61,.T.);
#554=EDGE_CURVE('',#690,#690,#62,.T.);
#555=EDGE_CURVE('',#691,#691,#63,.T.);
#556=EDGE_CURVE('',#692,#692,#64,.T.);
#557=EDGE_CURVE('',#693,#693,#65,.T.);
#558=EDGE_CURVE('',#694,#694,#66,.T.);
#559=EDGE_CURVE('',#695,#695,#67,.T.);
#560=EDGE_CURVE('',#696,#696,#68,.T.);
#561=EDGE_CURVE('',#697,#697,#69,.T.);
#562=EDGE_CURVE('',#698,#698,#70,.T.);
#563=EDGE_CURVE('',#699,#699,#71,.T.);
#564=EDGE_CURVE('',#700,#700,#72,.T.);
#565=EDGE_CURVE('',#701,#701,#73,.T.);
#566=EDGE_CURVE('',#702,#702,#74,.T.);
#567=EDGE_CURVE('',#703,#703,#75,.T.);
#568=EDGE_CURVE('',#704,#704,#76,.T.);
#569=EDGE_CURVE('',#705,#705,#77,.T.);
#570=EDGE_CURVE('',#706,#706,#78,.T.);
#571=EDGE_CURVE('',#707,#707,#79,.T.);
#572=EDGE_CURVE('',#708,#708,#80,.T.);
#573=EDGE_CURVE('',#709,#709,#81,.T.);
#574=EDGE_CURVE('',#710,#710,#82,.T.);
#575=EDGE_CURVE('',#711,#711,#83,.F.);
#576=EDGE_CURVE('',#712,#712,#84,.F.);
#577=EDGE_CURVE('',#713,#714,#825,.T.);
#578=EDGE_CURVE('',#714,#715,#826,.T.);
#579=EDGE_CURVE('',#715,#716,#827,.T.);
#580=EDGE_CURVE('',#713,#716,#828,.T.);
#581=EDGE_CURVE('',#717,#717,#85,.T.);
#582=EDGE_CURVE('',#718,#718,#86,.T.);
#583=EDGE_CURVE('',#645,#716,#829,.T.);
#584=EDGE_CURVE('',#713,#644,#830,.T.);
#585=EDGE_CURVE('',#714,#643,#831,.T.);
#586=EDGE_CURVE('',#642,#715,#832,.T.);
#587=EDGE_CURVE('',#641,#666,#833,.T.);
#588=EDGE_CURVE('',#646,#665,#834,.T.);
#589=EDGE_CURVE('',#639,#619,#835,.T.);
#590=EDGE_CURVE('',#640,#618,#836,.T.);
#591=VERTEX_POINT('',#1890);
#592=VERTEX_POINT('',#1891);
#593=VERTEX_POINT('',#1893);
#594=VERTEX_POINT('',#1895);
#595=VERTEX_POINT('',#1897);
#596=VERTEX_POINT('',#1899);
#597=VERTEX_POINT('',#1901);
#598=VERTEX_POINT('',#1903);
#599=VERTEX_POINT('',#1905);
#600=VERTEX_POINT('',#1907);
#601=VERTEX_POINT('',#1909);
#602=VERTEX_POINT('',#1911);
#603=VERTEX_POINT('',#1915);
#604=VERTEX_POINT('',#1917);
#605=VERTEX_POINT('',#1919);
#606=VERTEX_POINT('',#1921);
#607=VERTEX_POINT('',#1923);
#608=VERTEX_POINT('',#1925);
#609=VERTEX_POINT('',#1927);
#610=VERTEX_POINT('',#1931);
#611=VERTEX_POINT('',#1932);
#612=VERTEX_POINT('',#1934);
#613=VERTEX_POINT('',#1936);
#614=VERTEX_POINT('',#1938);
#615=VERTEX_POINT('',#1940);
#616=VERTEX_POINT('',#1942);
#617=VERTEX_POINT('',#1944);
#618=VERTEX_POINT('',#1947);
#619=VERTEX_POINT('',#1949);
#620=VERTEX_POINT('',#1951);
#621=VERTEX_POINT('',#1955);
#622=VERTEX_POINT('',#1957);
#623=VERTEX_POINT('',#1959);
#624=VERTEX_POINT('',#1961);
#625=VERTEX_POINT('',#1963);
#626=VERTEX_POINT('',#1965);
#627=VERTEX_POINT('',#1966);
#628=VERTEX_POINT('',#1969);
#629=VERTEX_POINT('',#1973);
#630=VERTEX_POINT('',#1975);
#631=VERTEX_POINT('',#1981);
#632=VERTEX_POINT('',#1982);
#633=VERTEX_POINT('',#1984);
#634=VERTEX_POINT('',#1990);
#635=VERTEX_POINT('',#1991);
#636=VERTEX_POINT('',#1994);
#637=VERTEX_POINT('',#1996);
#638=VERTEX_POINT('',#1998);
#639=VERTEX_POINT('',#2002);
#640=VERTEX_POINT('',#2004);
#641=VERTEX_POINT('',#2007);
#642=VERTEX_POINT('',#2009);
#643=VERTEX_POINT('',#2011);
#644=VERTEX_POINT('',#2013);
#645=VERTEX_POINT('',#2015);
#646=VERTEX_POINT('',#2017);
#647=VERTEX_POINT('',#2019);
#648=VERTEX_POINT('',#2021);
#649=VERTEX_POINT('',#2023);
#650=VERTEX_POINT('',#2027);
#651=VERTEX_POINT('',#2030);
#652=VERTEX_POINT('',#2031);
#653=VERTEX_POINT('',#2033);
#654=VERTEX_POINT('',#2035);
#655=VERTEX_POINT('',#2038);
#656=VERTEX_POINT('',#2042);
#657=VERTEX_POINT('',#2044);
#658=VERTEX_POINT('',#2046);
#659=VERTEX_POINT('',#2048);
#660=VERTEX_POINT('',#2051);
#661=VERTEX_POINT('',#2054);
#662=VERTEX_POINT('',#2056);
#663=VERTEX_POINT('',#2057);
#664=VERTEX_POINT('',#2059);
#665=VERTEX_POINT('',#2064);
#666=VERTEX_POINT('',#2066);
#667=VERTEX_POINT('',#2069);
#668=VERTEX_POINT('',#2071);
#669=VERTEX_POINT('',#2075);
#670=VERTEX_POINT('',#2076);
#671=VERTEX_POINT('',#2081);
#672=VERTEX_POINT('',#2083);
#673=VERTEX_POINT('',#2086);
#674=VERTEX_POINT('',#2090);
#675=VERTEX_POINT('',#2098);
#676=VERTEX_POINT('',#2101);
#677=VERTEX_POINT('',#2105);
#678=VERTEX_POINT('',#2108);
#679=VERTEX_POINT('',#2123);
#680=VERTEX_POINT('',#2127);
#681=VERTEX_POINT('',#2132);
#682=VERTEX_POINT('',#2136);
#683=VERTEX_POINT('',#2142);
#684=VERTEX_POINT('',#2144);
#685=VERTEX_POINT('',#2146);
#686=VERTEX_POINT('',#2148);
#687=VERTEX_POINT('',#2151);
#688=VERTEX_POINT('',#2153);
#689=VERTEX_POINT('',#2155);
#690=VERTEX_POINT('',#2157);
#691=VERTEX_POINT('',#2160);
#692=VERTEX_POINT('',#2163);
#693=VERTEX_POINT('',#2167);
#694=VERTEX_POINT('',#2170);
#695=VERTEX_POINT('',#2174);
#696=VERTEX_POINT('',#2177);
#697=VERTEX_POINT('',#2181);
#698=VERTEX_POINT('',#2184);
#699=VERTEX_POINT('',#2188);
#700=VERTEX_POINT('',#2191);
#701=VERTEX_POINT('',#2195);
#702=VERTEX_POINT('',#2198);
#703=VERTEX_POINT('',#2202);
#704=VERTEX_POINT('',#2205);
#705=VERTEX_POINT('',#2209);
#706=VERTEX_POINT('',#2212);
#707=VERTEX_POINT('',#2216);
#708=VERTEX_POINT('',#2218);
#709=VERTEX_POINT('',#2221);
#710=VERTEX_POINT('',#2223);
#711=VERTEX_POINT('',#2226);
#712=VERTEX_POINT('',#2229);
#713=VERTEX_POINT('',#2232);
#714=VERTEX_POINT('',#2233);
#715=VERTEX_POINT('',#2235);
#716=VERTEX_POINT('',#2237);
#717=VERTEX_POINT('',#2241);
#718=VERTEX_POINT('',#2244);
#719=LINE('',#1889,#837);
#720=LINE('',#1892,#838);
#721=LINE('',#1894,#839);
#722=LINE('',#1896,#840);
#723=LINE('',#1898,#841);
#724=LINE('',#1900,#842);
#725=LINE('',#1902,#843);
#726=LINE('',#1904,#844);
#727=LINE('',#1906,#845);
#728=LINE('',#1908,#846);
#729=LINE('',#1910,#847);
#730=LINE('',#1912,#848);
#731=LINE('',#1922,#849);
#732=LINE('',#1924,#850);
#733=LINE('',#1926,#851);
#734=LINE('',#1928,#852);
#735=LINE('',#1930,#853);
#736=LINE('',#1933,#854);
#737=LINE('',#1935,#855);
#738=LINE('',#1937,#856);
#739=LINE('',#1939,#857);
#740=LINE('',#1941,#858);
#741=LINE('',#1943,#859);
#742=LINE('',#1945,#860);
#743=LINE('',#1946,#861);
#744=LINE('',#1948,#862);
#745=LINE('',#1950,#863);
#746=LINE('',#1952,#864);
#747=LINE('',#1964,#865);
#748=LINE('',#1967,#866);
#749=LINE('',#1968,#867);
#750=LINE('',#1970,#868);
#751=LINE('',#1972,#869);
#752=LINE('',#1974,#870);
#753=LINE('',#1976,#871);
#754=LINE('',#1978,#872);
#755=LINE('',#1980,#873);
#756=LINE('',#1983,#874);
#757=LINE('',#1985,#875);
#758=LINE('',#1986,#876);
#759=LINE('',#1987,#877);
#760=LINE('',#1989,#878);
#761=LINE('',#1992,#879);
#762=LINE('',#1993,#880);
#763=LINE('',#1995,#881);
#764=LINE('',#1997,#882);
#765=LINE('',#1999,#883);
#766=LINE('',#2001,#884);
#767=LINE('',#2003,#885);
#768=LINE('',#2005,#886);
#769=LINE('',#2006,#887);
#770=LINE('',#2008,#888);
#771=LINE('',#2010,#889);
#772=LINE('',#2012,#890);
#773=LINE('',#2014,#891);
#774=LINE('',#2016,#892);
#775=LINE('',#2018,#893);
#776=LINE('',#2020,#894);
#777=LINE('',#2022,#895);
#778=LINE('',#2024,#896);
#779=LINE('',#2029,#897);
#780=LINE('',#2032,#898);
#781=LINE('',#2034,#899);
#782=LINE('',#2036,#900);
#783=LINE('',#2037,#901);
#784=LINE('',#2039,#902);
#785=LINE('',#2041,#903);
#786=LINE('',#2043,#904);
#787=LINE('',#2045,#905);
#788=LINE('',#2047,#906);
#789=LINE('',#2049,#907);
#790=LINE('',#2055,#908);
#791=LINE('',#2058,#909);
#792=LINE('',#2060,#910);
#793=LINE('',#2061,#911);
#794=LINE('',#2063,#912);
#795=LINE('',#2065,#913);
#796=LINE('',#2067,#914);
#797=LINE('',#2068,#915);
#798=LINE('',#2070,#916);
#799=LINE('',#2072,#917);
#800=LINE('',#2074,#918);
#801=LINE('',#2077,#919);
#802=LINE('',#2078,#920);
#803=LINE('',#2079,#921);
#804=LINE('',#2085,#922);
#805=LINE('',#2087,#923);
#806=LINE('',#2089,#924);
#807=LINE('',#2091,#925);
#808=LINE('',#2093,#926);
#809=LINE('',#2095,#927);
#810=LINE('',#2111,#928);
#811=LINE('',#2114,#929);
#812=LINE('',#2115,#930);
#813=LINE('',#2117,#931);
#814=LINE('',#2119,#932);
#815=LINE('',#2122,#933);
#816=LINE('',#2124,#934);
#817=LINE('',#2126,#935);
#818=LINE('',#2128,#936);
#819=LINE('',#2130,#937);
#820=LINE('',#2131,#938);
#821=LINE('',#2133,#939);
#822=LINE('',#2135,#940);
#823=LINE('',#2137,#941);
#824=LINE('',#2139,#942);
#825=LINE('',#2231,#943);
#826=LINE('',#2234,#944);
#827=LINE('',#2236,#945);
#828=LINE('',#2238,#946);
#829=LINE('',#2246,#947);
#830=LINE('',#2247,#948);
#831=LINE('',#2249,#949);
#832=LINE('',#2251,#950);
#833=LINE('',#2253,#951);
#834=LINE('',#2254,#952);
#835=LINE('',#2256,#953);
#836=LINE('',#2257,#954);
#837=VECTOR('',#1515,1.);
#838=VECTOR('',#1516,1.);
#839=VECTOR('',#1517,1.);
#840=VECTOR('',#1518,1.);
#841=VECTOR('',#1519,1.);
#842=VECTOR('',#1520,1.);
#843=VECTOR('',#1521,1.);
#844=VECTOR('',#1522,1.);
#845=VECTOR('',#1523,1.);
#846=VECTOR('',#1524,1.);
#847=VECTOR('',#1525,1.);
#848=VECTOR('',#1526,1.);
#849=VECTOR('',#1537,1.);
#850=VECTOR('',#1538,1.);
#851=VECTOR('',#1539,1.);
#852=VECTOR('',#1540,1.);
#853=VECTOR('',#1543,1.);
#854=VECTOR('',#1544,1.);
#855=VECTOR('',#1545,1.);
#856=VECTOR('',#1546,1.);
#857=VECTOR('',#1547,1.);
#858=VECTOR('',#1548,1.);
#859=VECTOR('',#1549,1.);
#860=VECTOR('',#1550,1.);
#861=VECTOR('',#1551,1.);
#862=VECTOR('',#1552,1.);
#863=VECTOR('',#1553,1.);
#864=VECTOR('',#1554,1.);
#865=VECTOR('',#1567,1.);
#866=VECTOR('',#1568,1.);
#867=VECTOR('',#1569,1.);
#868=VECTOR('',#1570,1.);
#869=VECTOR('',#1573,1.);
#870=VECTOR('',#1574,1.);
#871=VECTOR('',#1575,1.);
#872=VECTOR('',#1578,1.);
#873=VECTOR('',#1581,1.);
#874=VECTOR('',#1582,1.);
#875=VECTOR('',#1583,1.);
#876=VECTOR('',#1584,1.);
#877=VECTOR('',#1585,1.);
#878=VECTOR('',#1588,1.);
#879=VECTOR('',#1589,1.);
#880=VECTOR('',#1590,1.);
#881=VECTOR('',#1591,1.);
#882=VECTOR('',#1592,1.);
#883=VECTOR('',#1593,1.);
#884=VECTOR('',#1596,1.);
#885=VECTOR('',#1597,1.);
#886=VECTOR('',#1598,1.);
#887=VECTOR('',#1599,1.);
#888=VECTOR('',#1600,1.);
#889=VECTOR('',#1601,1.);
#890=VECTOR('',#1602,1.);
#891=VECTOR('',#1603,1.);
#892=VECTOR('',#1604,1.);
#893=VECTOR('',#1605,1.);
#894=VECTOR('',#1606,1.);
#895=VECTOR('',#1607,1.);
#896=VECTOR('',#1608,1.);
#897=VECTOR('',#1615,1.);
#898=VECTOR('',#1616,1.);
#899=VECTOR('',#1617,1.);
#900=VECTOR('',#1618,1.);
#901=VECTOR('',#1619,1.);
#902=VECTOR('',#1620,1.);
#903=VECTOR('',#1623,1.);
#904=VECTOR('',#1624,1.);
#905=VECTOR('',#1625,1.);
#906=VECTOR('',#1626,1.);
#907=VECTOR('',#1627,1.);
#908=VECTOR('',#1634,1.);
#909=VECTOR('',#1635,1.);
#910=VECTOR('',#1636,1.);
#911=VECTOR('',#1637,1.);
#912=VECTOR('',#1640,1.);
#913=VECTOR('',#1641,1.);
#914=VECTOR('',#1642,1.);
#915=VECTOR('',#1643,1.);
#916=VECTOR('',#1644,1.);
#917=VECTOR('',#1645,1.);
#918=VECTOR('',#1648,1.);
#919=VECTOR('',#1649,1.);
#920=VECTOR('',#1650,1.);
#921=VECTOR('',#1651,1.);
#922=VECTOR('',#1658,1.);
#923=VECTOR('',#1659,1.);
#924=VECTOR('',#1662,1.);
#925=VECTOR('',#1663,1.);
#926=VECTOR('',#1666,1.);
#927=VECTOR('',#1669,1.);
#928=VECTOR('',#1692,1.);
#929=VECTOR('',#1697,1.);
#930=VECTOR('',#1698,1.);
#931=VECTOR('',#1701,1.);
#932=VECTOR('',#1704,1.);
#933=VECTOR('',#1709,1.);
#934=VECTOR('',#1710,1.);
#935=VECTOR('',#1713,1.);
#936=VECTOR('',#1714,1.);
#937=VECTOR('',#1717,1.);
#938=VECTOR('',#1718,1.);
#939=VECTOR('',#1719,1.);
#940=VECTOR('',#1722,1.);
#941=VECTOR('',#1723,1.);
#942=VECTOR('',#1726,1.);
#943=VECTOR('',#1849,1.);
#944=VECTOR('',#1850,1.);
#945=VECTOR('',#1851,1.);
#946=VECTOR('',#1852,1.);
#947=VECTOR('',#1863,1.);
#948=VECTOR('',#1864,1.);
#949=VECTOR('',#1867,1.);
#950=VECTOR('',#1870,1.);
#951=VECTOR('',#1873,1.);
#952=VECTOR('',#1874,1.);
#953=VECTOR('',#1877,1.);
#954=VECTOR('',#1878,1.);
#955=EDGE_LOOP('',(#87,#88,#89,#90,#91,#92,#93,#94,#95,#96,#97,#98));
#956=EDGE_LOOP('',(#99));
#957=EDGE_LOOP('',(#100));
#958=EDGE_LOOP('',(#101));
#959=EDGE_LOOP('',(#102));
#960=EDGE_LOOP('',(#103,#104,#105,#106,#107));
#961=EDGE_LOOP('',(#108,#109,#110,#111,#112,#113,#114,#115,#116,#117,#118,
#119,#120));
#962=EDGE_LOOP('',(#121));
#963=EDGE_LOOP('',(#122));
#964=EDGE_LOOP('',(#123));
#965=EDGE_LOOP('',(#124));
#966=EDGE_LOOP('',(#125));
#967=EDGE_LOOP('',(#126,#127,#128,#129,#130));
#968=EDGE_LOOP('',(#131,#132,#133,#134));
#969=EDGE_LOOP('',(#135,#136,#137,#138));
#970=EDGE_LOOP('',(#139,#140,#141,#142,#143,#144,#145));
#971=EDGE_LOOP('',(#146,#147,#148,#149,#150,#151,#152));
#972=EDGE_LOOP('',(#153,#154,#155,#156,#157,#158,#159,#160,#161,#162,#163,
#164,#165,#166,#167));
#973=EDGE_LOOP('',(#168));
#974=EDGE_LOOP('',(#169));
#975=EDGE_LOOP('',(#170,#171,#172,#173));
#976=EDGE_LOOP('',(#174,#175,#176,#177));
#977=EDGE_LOOP('',(#178,#179,#180,#181,#182,#183));
#978=EDGE_LOOP('',(#184));
#979=EDGE_LOOP('',(#185));
#980=EDGE_LOOP('',(#186,#187,#188,#189,#190));
#981=EDGE_LOOP('',(#191,#192,#193,#194,#195,#196,#197,#198,#199));
#982=EDGE_LOOP('',(#200,#201,#202,#203,#204,#205,#206,#207,#208));
#983=EDGE_LOOP('',(#209));
#984=EDGE_LOOP('',(#210));
#985=EDGE_LOOP('',(#211,#212,#213,#214));
#986=EDGE_LOOP('',(#215,#216,#217,#218));
#987=EDGE_LOOP('',(#219,#220,#221,#222));
#988=EDGE_LOOP('',(#223,#224,#225,#226));
#989=EDGE_LOOP('',(#227));
#990=EDGE_LOOP('',(#228));
#991=EDGE_LOOP('',(#229));
#992=EDGE_LOOP('',(#230));
#993=EDGE_LOOP('',(#231));
#994=EDGE_LOOP('',(#232));
#995=EDGE_LOOP('',(#233));
#996=EDGE_LOOP('',(#234));
#997=EDGE_LOOP('',(#235));
#998=EDGE_LOOP('',(#236));
#999=EDGE_LOOP('',(#237));
#1000=EDGE_LOOP('',(#238));
#1001=EDGE_LOOP('',(#239,#240,#241,#242));
#1002=EDGE_LOOP('',(#243,#244,#245,#246,#247,#248,#249,#250));
#1003=EDGE_LOOP('',(#251,#252,#253,#254));
#1004=EDGE_LOOP('',(#255,#256,#257,#258));
#1005=EDGE_LOOP('',(#259,#260,#261,#262));
#1006=EDGE_LOOP('',(#263,#264,#265,#266));
#1007=EDGE_LOOP('',(#267,#268,#269,#270));
#1008=EDGE_LOOP('',(#271,#272,#273,#274));
#1009=EDGE_LOOP('',(#275,#276,#277,#278,#279,#280,#281,#282,#283,#284));
#1010=EDGE_LOOP('',(#285,#286,#287,#288));
#1011=EDGE_LOOP('',(#289,#290,#291,#292));
#1012=EDGE_LOOP('',(#293));
#1013=EDGE_LOOP('',(#294));
#1014=EDGE_LOOP('',(#295));
#1015=EDGE_LOOP('',(#296));
#1016=EDGE_LOOP('',(#297,#298,#299,#300,#301,#302,#303));
#1017=EDGE_LOOP('',(#304));
#1018=EDGE_LOOP('',(#305));
#1019=EDGE_LOOP('',(#306));
#1020=EDGE_LOOP('',(#307));
#1021=EDGE_LOOP('',(#308,#309,#310,#311,#312));
#1022=EDGE_LOOP('',(#313));
#1023=EDGE_LOOP('',(#314));
#1024=EDGE_LOOP('',(#315));
#1025=EDGE_LOOP('',(#316));
#1026=EDGE_LOOP('',(#317));
#1027=EDGE_LOOP('',(#318));
#1028=EDGE_LOOP('',(#319));
#1029=EDGE_LOOP('',(#320));
#1030=EDGE_LOOP('',(#321));
#1031=EDGE_LOOP('',(#322));
#1032=EDGE_LOOP('',(#323));
#1033=EDGE_LOOP('',(#324));
#1034=EDGE_LOOP('',(#325));
#1035=EDGE_LOOP('',(#326));
#1036=EDGE_LOOP('',(#327));
#1037=EDGE_LOOP('',(#328));
#1038=EDGE_LOOP('',(#329));
#1039=EDGE_LOOP('',(#330));
#1040=EDGE_LOOP('',(#331));
#1041=EDGE_LOOP('',(#332));
#1042=EDGE_LOOP('',(#333));
#1043=EDGE_LOOP('',(#334));
#1044=EDGE_LOOP('',(#335));
#1045=EDGE_LOOP('',(#336));
#1046=EDGE_LOOP('',(#337));
#1047=EDGE_LOOP('',(#338));
#1048=EDGE_LOOP('',(#339));
#1049=EDGE_LOOP('',(#340));
#1050=EDGE_LOOP('',(#341));
#1051=EDGE_LOOP('',(#342));
#1052=EDGE_LOOP('',(#343));
#1053=EDGE_LOOP('',(#344));
#1054=EDGE_LOOP('',(#345));
#1055=EDGE_LOOP('',(#346));
#1056=EDGE_LOOP('',(#347));
#1057=EDGE_LOOP('',(#348));
#1058=EDGE_LOOP('',(#349));
#1059=EDGE_LOOP('',(#350));
#1060=EDGE_LOOP('',(#351));
#1061=EDGE_LOOP('',(#352));
#1062=EDGE_LOOP('',(#353));
#1063=EDGE_LOOP('',(#354));
#1064=EDGE_LOOP('',(#355));
#1065=EDGE_LOOP('',(#356));
#1066=EDGE_LOOP('',(#357));
#1067=EDGE_LOOP('',(#358));
#1068=EDGE_LOOP('',(#359));
#1069=EDGE_LOOP('',(#360));
#1070=EDGE_LOOP('',(#361));
#1071=EDGE_LOOP('',(#362));
#1072=EDGE_LOOP('',(#363));
#1073=EDGE_LOOP('',(#364));
#1074=EDGE_LOOP('',(#365));
#1075=EDGE_LOOP('',(#366));
#1076=EDGE_LOOP('',(#367));
#1077=EDGE_LOOP('',(#368));
#1078=EDGE_LOOP('',(#369));
#1079=EDGE_LOOP('',(#370,#371,#372,#373));
#1080=EDGE_LOOP('',(#374));
#1081=EDGE_LOOP('',(#375));
#1082=EDGE_LOOP('',(#376));
#1083=EDGE_LOOP('',(#377));
#1084=EDGE_LOOP('',(#378,#379,#380,#381));
#1085=EDGE_LOOP('',(#382,#383,#384,#385));
#1086=EDGE_LOOP('',(#386,#387,#388,#389));
#1087=EDGE_LOOP('',(#390,#391,#392,#393,#394,#395,#396,#397));
#1088=EDGE_LOOP('',(#398));
#1089=EDGE_LOOP('',(#399));
#1090=EDGE_LOOP('',(#400,#401,#402,#403));
#1091=EDGE_LOOP('',(#404));
#1092=EDGE_LOOP('',(#405));
#1093=EDGE_LOOP('',(#406,#407,#408,#409));
#1094=EDGE_LOOP('',(#410,#411,#412,#413));
#1095=EDGE_LOOP('',(#414,#415,#416,#417));
#1096=EDGE_LOOP('',(#418,#419,#420,#421,#422));
#1097=FACE_BOUND('',#955,.T.);
#1098=FACE_BOUND('',#956,.T.);
#1099=FACE_BOUND('',#957,.T.);
#1100=FACE_BOUND('',#958,.T.);
#1101=FACE_BOUND('',#959,.T.);
#1102=FACE_BOUND('',#960,.T.);
#1103=FACE_BOUND('',#961,.T.);
#1104=FACE_BOUND('',#962,.T.);
#1105=FACE_BOUND('',#963,.T.);
#1106=FACE_BOUND('',#964,.T.);
#1107=FACE_BOUND('',#965,.T.);
#1108=FACE_BOUND('',#966,.T.);
#1109=FACE_BOUND('',#967,.T.);
#1110=FACE_BOUND('',#968,.T.);
#1111=FACE_BOUND('',#969,.T.);
#1112=FACE_BOUND('',#970,.T.);
#1113=FACE_BOUND('',#971,.T.);
#1114=FACE_BOUND('',#972,.T.);
#1115=FACE_BOUND('',#973,.T.);
#1116=FACE_BOUND('',#974,.T.);
#1117=FACE_BOUND('',#975,.T.);
#1118=FACE_BOUND('',#976,.T.);
#1119=FACE_BOUND('',#977,.T.);
#1120=FACE_BOUND('',#978,.T.);
#1121=FACE_BOUND('',#979,.T.);
#1122=FACE_BOUND('',#980,.T.);
#1123=FACE_BOUND('',#981,.T.);
#1124=FACE_BOUND('',#982,.T.);
#1125=FACE_BOUND('',#983,.T.);
#1126=FACE_BOUND('',#984,.T.);
#1127=FACE_BOUND('',#985,.T.);
#1128=FACE_BOUND('',#986,.T.);
#1129=FACE_BOUND('',#987,.T.);
#1130=FACE_BOUND('',#988,.T.);
#1131=FACE_BOUND('',#989,.T.);
#1132=FACE_BOUND('',#990,.T.);
#1133=FACE_BOUND('',#991,.T.);
#1134=FACE_BOUND('',#992,.T.);
#1135=FACE_BOUND('',#993,.T.);
#1136=FACE_BOUND('',#994,.T.);
#1137=FACE_BOUND('',#995,.T.);
#1138=FACE_BOUND('',#996,.T.);
#1139=FACE_BOUND('',#997,.T.);
#1140=FACE_BOUND('',#998,.T.);
#1141=FACE_BOUND('',#999,.T.);
#1142=FACE_BOUND('',#1000,.T.);
#1143=FACE_BOUND('',#1001,.T.);
#1144=FACE_BOUND('',#1002,.T.);
#1145=FACE_BOUND('',#1003,.T.);
#1146=FACE_BOUND('',#1004,.T.);
#1147=FACE_BOUND('',#1005,.T.);
#1148=FACE_BOUND('',#1006,.T.);
#1149=FACE_BOUND('',#1007,.T.);
#1150=FACE_BOUND('',#1008,.T.);
#1151=FACE_BOUND('',#1009,.T.);
#1152=FACE_BOUND('',#1010,.T.);
#1153=FACE_BOUND('',#1011,.T.);
#1154=FACE_BOUND('',#1012,.T.);
#1155=FACE_BOUND('',#1013,.T.);
#1156=FACE_BOUND('',#1014,.T.);
#1157=FACE_BOUND('',#1015,.T.);
#1158=FACE_BOUND('',#1016,.T.);
#1159=FACE_BOUND('',#1017,.T.);
#1160=FACE_BOUND('',#1018,.T.);
#1161=FACE_BOUND('',#1019,.T.);
#1162=FACE_BOUND('',#1020,.T.);
#1163=FACE_BOUND('',#1021,.T.);
#1164=FACE_BOUND('',#1022,.T.);
#1165=FACE_BOUND('',#1023,.T.);
#1166=FACE_BOUND('',#1024,.T.);
#1167=FACE_BOUND('',#1025,.T.);
#1168=FACE_BOUND('',#1026,.T.);
#1169=FACE_BOUND('',#1027,.T.);
#1170=FACE_BOUND('',#1028,.T.);
#1171=FACE_BOUND('',#1029,.T.);
#1172=FACE_BOUND('',#1030,.T.);
#1173=FACE_BOUND('',#1031,.T.);
#1174=FACE_BOUND('',#1032,.T.);
#1175=FACE_BOUND('',#1033,.T.);
#1176=FACE_BOUND('',#1034,.T.);
#1177=FACE_BOUND('',#1035,.T.);
#1178=FACE_BOUND('',#1036,.T.);
#1179=FACE_BOUND('',#1037,.T.);
#1180=FACE_BOUND('',#1038,.T.);
#1181=FACE_BOUND('',#1039,.T.);
#1182=FACE_BOUND('',#1040,.T.);
#1183=FACE_BOUND('',#1041,.T.);
#1184=FACE_BOUND('',#1042,.T.);
#1185=FACE_BOUND('',#1043,.T.);
#1186=FACE_BOUND('',#1044,.T.);
#1187=FACE_BOUND('',#1045,.T.);
#1188=FACE_BOUND('',#1046,.T.);
#1189=FACE_BOUND('',#1047,.T.);
#1190=FACE_BOUND('',#1048,.T.);
#1191=FACE_BOUND('',#1049,.T.);
#1192=FACE_BOUND('',#1050,.T.);
#1193=FACE_BOUND('',#1051,.T.);
#1194=FACE_BOUND('',#1052,.T.);
#1195=FACE_BOUND('',#1053,.T.);
#1196=FACE_BOUND('',#1054,.T.);
#1197=FACE_BOUND('',#1055,.T.);
#1198=FACE_BOUND('',#1056,.T.);
#1199=FACE_BOUND('',#1057,.T.);
#1200=FACE_BOUND('',#1058,.T.);
#1201=FACE_BOUND('',#1059,.T.);
#1202=FACE_BOUND('',#1060,.T.);
#1203=FACE_BOUND('',#1061,.T.);
#1204=FACE_BOUND('',#1062,.T.);
#1205=FACE_BOUND('',#1063,.T.);
#1206=FACE_BOUND('',#1064,.T.);
#1207=FACE_BOUND('',#1065,.T.);
#1208=FACE_BOUND('',#1066,.T.);
#1209=FACE_BOUND('',#1067,.T.);
#1210=FACE_BOUND('',#1068,.T.);
#1211=FACE_BOUND('',#1069,.T.);
#1212=FACE_BOUND('',#1070,.T.);
#1213=FACE_BOUND('',#1071,.T.);
#1214=FACE_BOUND('',#1072,.T.);
#1215=FACE_BOUND('',#1073,.T.);
#1216=FACE_BOUND('',#1074,.T.);
#1217=FACE_BOUND('',#1075,.T.);
#1218=FACE_BOUND('',#1076,.T.);
#1219=FACE_BOUND('',#1077,.T.);
#1220=FACE_BOUND('',#1078,.T.);
#1221=FACE_BOUND('',#1079,.T.);
#1222=FACE_BOUND('',#1080,.T.);
#1223=FACE_BOUND('',#1081,.T.);
#1224=FACE_BOUND('',#1082,.T.);
#1225=FACE_BOUND('',#1083,.T.);
#1226=FACE_BOUND('',#1084,.T.);
#1227=FACE_BOUND('',#1085,.T.);
#1228=FACE_BOUND('',#1086,.T.);
#1229=FACE_BOUND('',#1087,.T.);
#1230=FACE_BOUND('',#1088,.T.);
#1231=FACE_BOUND('',#1089,.T.);
#1232=FACE_BOUND('',#1090,.T.);
#1233=FACE_BOUND('',#1091,.T.);
#1234=FACE_BOUND('',#1092,.T.);
#1235=FACE_BOUND('',#1093,.T.);
#1236=FACE_BOUND('',#1094,.T.);
#1237=FACE_BOUND('',#1095,.T.);
#1238=FACE_BOUND('',#1096,.T.);
#1239=PLANE('',#1383);
#1240=PLANE('',#1384);
#1241=PLANE('',#1389);
#1242=PLANE('',#1390);
#1243=PLANE('',#1396);
#1244=PLANE('',#1397);
#1245=PLANE('',#1398);
#1246=PLANE('',#1399);
#1247=PLANE('',#1400);
#1248=PLANE('',#1403);
#1249=PLANE('',#1404);
#1250=PLANE('',#1406);
#1251=PLANE('',#1408);
#1252=PLANE('',#1409);
#1253=PLANE('',#1412);
#1254=PLANE('',#1413);
#1255=PLANE('',#1414);
#1256=PLANE('',#1415);
#1257=PLANE('',#1418);
#1258=PLANE('',#1423);
#1259=PLANE('',#1426);
#1260=PLANE('',#1427);
#1261=PLANE('',#1428);
#1262=PLANE('',#1429);
#1263=PLANE('',#1430);
#1264=PLANE('',#1431);
#1265=PLANE('',#1432);
#1266=PLANE('',#1433);
#1267=PLANE('',#1434);
#1268=PLANE('',#1435);
#1269=PLANE('',#1436);
#1270=PLANE('',#1437);
#1271=PLANE('',#1442);
#1272=PLANE('',#1449);
#1273=PLANE('',#1454);
#1274=PLANE('',#1459);
#1275=PLANE('',#1464);
#1276=PLANE('',#1469);
#1277=PLANE('',#1474);
#1278=PLANE('',#1479);
#1279=PLANE('',#1484);
#1280=PLANE('',#1487);
#1281=PLANE('',#1490);
#1282=PLANE('',#1497);
#1283=PLANE('',#1502);
#1284=PLANE('',#1503);
#1285=PLANE('',#1504);
#1286=PLANE('',#1505);
#1287=PLANE('',#1506);
#1288=PLANE('',#1507);
#1289=PLANE('',#1508);
#1290=PLANE('',#1509);
#1291=PLANE('',#1510);
#1292=ADVANCED_FACE('',(#1097),#1239,.T.);
#1293=ADVANCED_FACE('',(#1098,#1099,#1100,#1101,#1102),#1240,.F.);
#1294=ADVANCED_FACE('',(#1103),#1241,.T.);
#1295=ADVANCED_FACE('',(#1104,#1105,#1106,#1107,#1108,#1109),#1242,.F.);
#1296=ADVANCED_FACE('',(#1110),#1243,.T.);
#1297=ADVANCED_FACE('',(#1111),#1244,.F.);
#1298=ADVANCED_FACE('',(#1112),#1245,.T.);
#1299=ADVANCED_FACE('',(#1113),#1246,.T.);
#1300=ADVANCED_FACE('',(#1114),#1247,.T.);
#1301=ADVANCED_FACE('',(#1115,#1116),#12,.F.);
#1302=ADVANCED_FACE('',(#1117,#1118),#1248,.T.);
#1303=ADVANCED_FACE('',(#1119,#1120),#1249,.F.);
#1304=ADVANCED_FACE('',(#1121,#1122),#1250,.F.);
#1305=ADVANCED_FACE('',(#1123),#1251,.F.);
#1306=ADVANCED_FACE('',(#1124,#1125,#1126),#1252,.T.);
#1307=ADVANCED_FACE('',(#1127),#1253,.F.);
#1308=ADVANCED_FACE('',(#1128),#1254,.T.);
#1309=ADVANCED_FACE('',(#1129),#1255,.T.);
#1310=ADVANCED_FACE('',(#1130),#1256,.T.);
#1311=ADVANCED_FACE('',(#1131,#1132),#13,.F.);
#1312=ADVANCED_FACE('',(#1133,#1134),#1257,.T.);
#1313=ADVANCED_FACE('',(#1135,#1136),#14,.F.);
#1314=ADVANCED_FACE('',(#1137,#1138),#15,.F.);
#1315=ADVANCED_FACE('',(#1139,#1140),#1258,.T.);
#1316=ADVANCED_FACE('',(#1141,#1142),#16,.F.);
#1317=ADVANCED_FACE('',(#1143),#1259,.F.);
#1318=ADVANCED_FACE('',(#1144),#1260,.F.);
#1319=ADVANCED_FACE('',(#1145),#1261,.F.);
#1320=ADVANCED_FACE('',(#1146),#1262,.T.);
#1321=ADVANCED_FACE('',(#1147),#1263,.F.);
#1322=ADVANCED_FACE('',(#1148),#1264,.T.);
#1323=ADVANCED_FACE('',(#1149),#1265,.T.);
#1324=ADVANCED_FACE('',(#1150),#1266,.T.);
#1325=ADVANCED_FACE('',(#1151),#1267,.T.);
#1326=ADVANCED_FACE('',(#1152),#1268,.T.);
#1327=ADVANCED_FACE('',(#1153),#1269,.T.);
#1328=ADVANCED_FACE('',(#1154,#1155,#1156,#1157,#1158),#1270,.T.);
#1329=ADVANCED_FACE('',(#1159,#1160,#1161,#1162,#1163,#1164),#1271,.T.);
#1330=ADVANCED_FACE('',(#1165,#1166),#17,.F.);
#1331=ADVANCED_FACE('',(#1167,#1168),#1272,.T.);
#1332=ADVANCED_FACE('',(#1169,#1170),#18,.F.);
#1333=ADVANCED_FACE('',(#1171,#1172),#19,.F.);
#1334=ADVANCED_FACE('',(#1173,#1174),#1273,.T.);
#1335=ADVANCED_FACE('',(#1175,#1176),#20,.F.);
#1336=ADVANCED_FACE('',(#1177,#1178),#21,.F.);
#1337=ADVANCED_FACE('',(#1179,#1180),#1274,.T.);
#1338=ADVANCED_FACE('',(#1181,#1182),#22,.F.);
#1339=ADVANCED_FACE('',(#1183,#1184),#23,.F.);
#1340=ADVANCED_FACE('',(#1185,#1186),#1275,.T.);
#1341=ADVANCED_FACE('',(#1187,#1188),#24,.F.);
#1342=ADVANCED_FACE('',(#1189,#1190),#25,.F.);
#1343=ADVANCED_FACE('',(#1191,#1192),#1276,.T.);
#1344=ADVANCED_FACE('',(#1193,#1194),#26,.F.);
#1345=ADVANCED_FACE('',(#1195,#1196),#27,.F.);
#1346=ADVANCED_FACE('',(#1197,#1198),#1277,.T.);
#1347=ADVANCED_FACE('',(#1199,#1200),#28,.F.);
#1348=ADVANCED_FACE('',(#1201,#1202),#29,.F.);
#1349=ADVANCED_FACE('',(#1203,#1204),#1278,.T.);
#1350=ADVANCED_FACE('',(#1205,#1206),#30,.F.);
#1351=ADVANCED_FACE('',(#1207,#1208),#31,.F.);
#1352=ADVANCED_FACE('',(#1209,#1210),#1279,.T.);
#1353=ADVANCED_FACE('',(#1211,#1212),#32,.F.);
#1354=ADVANCED_FACE('',(#1213,#1214),#1280,.T.);
#1355=ADVANCED_FACE('',(#1215,#1216),#1281,.T.);
#1356=ADVANCED_FACE('',(#1217,#1218),#33,.F.);
#1357=ADVANCED_FACE('',(#1219,#1220),#34,.F.);
#1358=ADVANCED_FACE('',(#1221),#1282,.F.);
#1359=ADVANCED_FACE('',(#1222,#1223),#35,.F.);
#1360=ADVANCED_FACE('',(#1224,#1225),#36,.F.);
#1361=ADVANCED_FACE('',(#1226),#1283,.T.);
#1362=ADVANCED_FACE('',(#1227),#1284,.T.);
#1363=ADVANCED_FACE('',(#1228),#1285,.F.);
#1364=ADVANCED_FACE('',(#1229,#1230,#1231),#1286,.T.);
#1365=ADVANCED_FACE('',(#1232,#1233,#1234),#1287,.T.);
#1366=ADVANCED_FACE('',(#1235),#1288,.F.);
#1367=ADVANCED_FACE('',(#1236),#1289,.F.);
#1368=ADVANCED_FACE('',(#1237),#1290,.T.);
#1369=ADVANCED_FACE('',(#1238),#1291,.T.);
#1370=CLOSED_SHELL('',(#1292,#1293,#1294,#1295,#1296,#1297,#1298,#1299,
#1300,#1301,#1302,#1303,#1304,#1305,#1306,#1307,#1308,#1309,#1310,#1311,
#1312,#1313,#1314,#1315,#1316,#1317,#1318,#1319,#1320,#1321,#1322,#1323,
#1324,#1325,#1326,#1327,#1328,#1329,#1330,#1331,#1332,#1333,#1334,#1335,
#1336,#1337,#1338,#1339,#1340,#1341,#1342,#1343,#1344,#1345,#1346,#1347,
#1348,#1349,#1350,#1351,#1352,#1353,#1354,#1355,#1356,#1357,#1358,#1359,
#1360,#1361,#1362,#1363,#1364,#1365,#1366,#1367,#1368,#1369));
#1371=STYLED_ITEM('',(#1372),#1379);
#1372=PRESENTATION_STYLE_ASSIGNMENT((#1373));
#1373=SURFACE_STYLE_USAGE(.BOTH.,#1374);
#1374=SURFACE_SIDE_STYLE('',(#1375));
#1375=SURFACE_STYLE_FILL_AREA(#1376);
#1376=FILL_AREA_STYLE('',(#1377));
#1377=FILL_AREA_STYLE_COLOUR('',#1378);
#1378=COLOUR_RGB('',0.0941176470588235,0.580392156862745,0.545098039215686);
#1379=MANIFOLD_SOLID_BREP('Link1',#1370);
#1380=SHAPE_DEFINITION_REPRESENTATION(#2268,#1381);
#1381=SHAPE_REPRESENTATION('Link1',(#1382),#2263);
#1382=AXIS2_PLACEMENT_3D('',#1887,#1511,#1512);
#1383=AXIS2_PLACEMENT_3D('',#1888,#1513,#1514);
#1384=AXIS2_PLACEMENT_3D('',#1913,#1527,#1528);
#1385=AXIS2_PLACEMENT_3D('',#1914,#1529,#1530);
#1386=AXIS2_PLACEMENT_3D('',#1916,#1531,#1532);
#1387=AXIS2_PLACEMENT_3D('',#1918,#1533,#1534);
#1388=AXIS2_PLACEMENT_3D('',#1920,#1535,#1536);
#1389=AXIS2_PLACEMENT_3D('',#1929,#1541,#1542);
#1390=AXIS2_PLACEMENT_3D('',#1953,#1555,#1556);
#1391=AXIS2_PLACEMENT_3D('',#1954,#1557,#1558);
#1392=AXIS2_PLACEMENT_3D('',#1956,#1559,#1560);
#1393=AXIS2_PLACEMENT_3D('',#1958,#1561,#1562);
#1394=AXIS2_PLACEMENT_3D('',#1960,#1563,#1564);
#1395=AXIS2_PLACEMENT_3D('',#1962,#1565,#1566);
#1396=AXIS2_PLACEMENT_3D('',#1971,#1571,#1572);
#1397=AXIS2_PLACEMENT_3D('',#1977,#1576,#1577);
#1398=AXIS2_PLACEMENT_3D('',#1979,#1579,#1580);
#1399=AXIS2_PLACEMENT_3D('',#1988,#1586,#1587);
#1400=AXIS2_PLACEMENT_3D('',#2000,#1594,#1595);
#1401=AXIS2_PLACEMENT_3D('',#2025,#1609,#1610);
#1402=AXIS2_PLACEMENT_3D('',#2026,#1611,#1612);
#1403=AXIS2_PLACEMENT_3D('',#2028,#1613,#1614);
#1404=AXIS2_PLACEMENT_3D('',#2040,#1621,#1622);
#1405=AXIS2_PLACEMENT_3D('',#2050,#1628,#1629);
#1406=AXIS2_PLACEMENT_3D('',#2052,#1630,#1631);
#1407=AXIS2_PLACEMENT_3D('',#2053,#1632,#1633);
#1408=AXIS2_PLACEMENT_3D('',#2062,#1638,#1639);
#1409=AXIS2_PLACEMENT_3D('',#2073,#1646,#1647);
#1410=AXIS2_PLACEMENT_3D('',#2080,#1652,#1653);
#1411=AXIS2_PLACEMENT_3D('',#2082,#1654,#1655);
#1412=AXIS2_PLACEMENT_3D('',#2084,#1656,#1657);
#1413=AXIS2_PLACEMENT_3D('',#2088,#1660,#1661);
#1414=AXIS2_PLACEMENT_3D('',#2092,#1664,#1665);
#1415=AXIS2_PLACEMENT_3D('',#2094,#1667,#1668);
#1416=AXIS2_PLACEMENT_3D('',#2096,#1670,#1671);
#1417=AXIS2_PLACEMENT_3D('',#2097,#1672,#1673);
#1418=AXIS2_PLACEMENT_3D('',#2099,#1674,#1675);
#1419=AXIS2_PLACEMENT_3D('',#2100,#1676,#1677);
#1420=AXIS2_PLACEMENT_3D('',#2102,#1678,#1679);
#1421=AXIS2_PLACEMENT_3D('',#2103,#1680,#1681);
#1422=AXIS2_PLACEMENT_3D('',#2104,#1682,#1683);
#1423=AXIS2_PLACEMENT_3D('',#2106,#1684,#1685);
#1424=AXIS2_PLACEMENT_3D('',#2107,#1686,#1687);
#1425=AXIS2_PLACEMENT_3D('',#2109,#1688,#1689);
#1426=AXIS2_PLACEMENT_3D('',#2110,#1690,#1691);
#1427=AXIS2_PLACEMENT_3D('',#2112,#1693,#1694);
#1428=AXIS2_PLACEMENT_3D('',#2113,#1695,#1696);
#1429=AXIS2_PLACEMENT_3D('',#2116,#1699,#1700);
#1430=AXIS2_PLACEMENT_3D('',#2118,#1702,#1703);
#1431=AXIS2_PLACEMENT_3D('',#2120,#1705,#1706);
#1432=AXIS2_PLACEMENT_3D('',#2121,#1707,#1708);
#1433=AXIS2_PLACEMENT_3D('',#2125,#1711,#1712);
#1434=AXIS2_PLACEMENT_3D('',#2129,#1715,#1716);
#1435=AXIS2_PLACEMENT_3D('',#2134,#1720,#1721);
#1436=AXIS2_PLACEMENT_3D('',#2138,#1724,#1725);
#1437=AXIS2_PLACEMENT_3D('',#2140,#1727,#1728);
#1438=AXIS2_PLACEMENT_3D('',#2141,#1729,#1730);
#1439=AXIS2_PLACEMENT_3D('',#2143,#1731,#1732);
#1440=AXIS2_PLACEMENT_3D('',#2145,#1733,#1734);
#1441=AXIS2_PLACEMENT_3D('',#2147,#1735,#1736);
#1442=AXIS2_PLACEMENT_3D('',#2149,#1737,#1738);
#1443=AXIS2_PLACEMENT_3D('',#2150,#1739,#1740);
#1444=AXIS2_PLACEMENT_3D('',#2152,#1741,#1742);
#1445=AXIS2_PLACEMENT_3D('',#2154,#1743,#1744);
#1446=AXIS2_PLACEMENT_3D('',#2156,#1745,#1746);
#1447=AXIS2_PLACEMENT_3D('',#2158,#1747,#1748);
#1448=AXIS2_PLACEMENT_3D('',#2159,#1749,#1750);
#1449=AXIS2_PLACEMENT_3D('',#2161,#1751,#1752);
#1450=AXIS2_PLACEMENT_3D('',#2162,#1753,#1754);
#1451=AXIS2_PLACEMENT_3D('',#2164,#1755,#1756);
#1452=AXIS2_PLACEMENT_3D('',#2165,#1757,#1758);
#1453=AXIS2_PLACEMENT_3D('',#2166,#1759,#1760);
#1454=AXIS2_PLACEMENT_3D('',#2168,#1761,#1762);
#1455=AXIS2_PLACEMENT_3D('',#2169,#1763,#1764);
#1456=AXIS2_PLACEMENT_3D('',#2171,#1765,#1766);
#1457=AXIS2_PLACEMENT_3D('',#2172,#1767,#1768);
#1458=AXIS2_PLACEMENT_3D('',#2173,#1769,#1770);
#1459=AXIS2_PLACEMENT_3D('',#2175,#1771,#1772);
#1460=AXIS2_PLACEMENT_3D('',#2176,#1773,#1774);
#1461=AXIS2_PLACEMENT_3D('',#2178,#1775,#1776);
#1462=AXIS2_PLACEMENT_3D('',#2179,#1777,#1778);
#1463=AXIS2_PLACEMENT_3D('',#2180,#1779,#1780);
#1464=AXIS2_PLACEMENT_3D('',#2182,#1781,#1782);
#1465=AXIS2_PLACEMENT_3D('',#2183,#1783,#1784);
#1466=AXIS2_PLACEMENT_3D('',#2185,#1785,#1786);
#1467=AXIS2_PLACEMENT_3D('',#2186,#1787,#1788);
#1468=AXIS2_PLACEMENT_3D('',#2187,#1789,#1790);
#1469=AXIS2_PLACEMENT_3D('',#2189,#1791,#1792);
#1470=AXIS2_PLACEMENT_3D('',#2190,#1793,#1794);
#1471=AXIS2_PLACEMENT_3D('',#2192,#1795,#1796);
#1472=AXIS2_PLACEMENT_3D('',#2193,#1797,#1798);
#1473=AXIS2_PLACEMENT_3D('',#2194,#1799,#1800);
#1474=AXIS2_PLACEMENT_3D('',#2196,#1801,#1802);
#1475=AXIS2_PLACEMENT_3D('',#2197,#1803,#1804);
#1476=AXIS2_PLACEMENT_3D('',#2199,#1805,#1806);
#1477=AXIS2_PLACEMENT_3D('',#2200,#1807,#1808);
#1478=AXIS2_PLACEMENT_3D('',#2201,#1809,#1810);
#1479=AXIS2_PLACEMENT_3D('',#2203,#1811,#1812);
#1480=AXIS2_PLACEMENT_3D('',#2204,#1813,#1814);
#1481=AXIS2_PLACEMENT_3D('',#2206,#1815,#1816);
#1482=AXIS2_PLACEMENT_3D('',#2207,#1817,#1818);
#1483=AXIS2_PLACEMENT_3D('',#2208,#1819,#1820);
#1484=AXIS2_PLACEMENT_3D('',#2210,#1821,#1822);
#1485=AXIS2_PLACEMENT_3D('',#2211,#1823,#1824);
#1486=AXIS2_PLACEMENT_3D('',#2213,#1825,#1826);
#1487=AXIS2_PLACEMENT_3D('',#2214,#1827,#1828);
#1488=AXIS2_PLACEMENT_3D('',#2215,#1829,#1830);
#1489=AXIS2_PLACEMENT_3D('',#2217,#1831,#1832);
#1490=AXIS2_PLACEMENT_3D('',#2219,#1833,#1834);
#1491=AXIS2_PLACEMENT_3D('',#2220,#1835,#1836);
#1492=AXIS2_PLACEMENT_3D('',#2222,#1837,#1838);
#1493=AXIS2_PLACEMENT_3D('',#2224,#1839,#1840);
#1494=AXIS2_PLACEMENT_3D('',#2225,#1841,#1842);
#1495=AXIS2_PLACEMENT_3D('',#2227,#1843,#1844);
#1496=AXIS2_PLACEMENT_3D('',#2228,#1845,#1846);
#1497=AXIS2_PLACEMENT_3D('',#2230,#1847,#1848);
#1498=AXIS2_PLACEMENT_3D('',#2239,#1853,#1854);
#1499=AXIS2_PLACEMENT_3D('',#2240,#1855,#1856);
#1500=AXIS2_PLACEMENT_3D('',#2242,#1857,#1858);
#1501=AXIS2_PLACEMENT_3D('',#2243,#1859,#1860);
#1502=AXIS2_PLACEMENT_3D('',#2245,#1861,#1862);
#1503=AXIS2_PLACEMENT_3D('',#2248,#1865,#1866);
#1504=AXIS2_PLACEMENT_3D('',#2250,#1868,#1869);
#1505=AXIS2_PLACEMENT_3D('',#2252,#1871,#1872);
#1506=AXIS2_PLACEMENT_3D('',#2255,#1875,#1876);
#1507=AXIS2_PLACEMENT_3D('',#2258,#1879,#1880);
#1508=AXIS2_PLACEMENT_3D('',#2259,#1881,#1882);
#1509=AXIS2_PLACEMENT_3D('',#2260,#1883,#1884);
#1510=AXIS2_PLACEMENT_3D('',#2261,#1885,#1886);
#1511=DIRECTION('',(0.,0.,1.));
#1512=DIRECTION('',(1.,0.,0.));
#1513=DIRECTION('',(1.,-1.52655665885934E-16,-3.42420816794893E-15));
#1514=DIRECTION('',(-3.42420816794893E-15,0.,-1.));
#1515=DIRECTION('',(9.71445146547012E-17,1.,-9.77348966189374E-18));
#1516=DIRECTION('',(-3.42420816794893E-15,1.26384133948311E-30,-1.));
#1517=DIRECTION('',(-1.52655665885934E-16,-1.,3.19535230700495E-31));
#1518=DIRECTION('',(-3.42420816794893E-15,3.76955730077491E-31,-1.));
#1519=DIRECTION('',(-1.52655665885959E-16,-1.,-7.16504958324176E-15));
#1520=DIRECTION('',(3.42420816794893E-15,-7.16504958324176E-15,1.));
#1521=DIRECTION('',(-1.52655665885959E-16,-1.,-7.16504958324176E-15));
#1522=DIRECTION('',(-3.42420816794893E-15,7.16504958324176E-15,-1.));
#1523=DIRECTION('',(-9.71445146547257E-17,-1.,-7.16418264502024E-15));
#1524=DIRECTION('',(3.42420816794893E-15,9.77348966189341E-18,1.));
#1525=DIRECTION('',(9.71445146547012E-17,1.,-9.77348966189374E-18));
#1526=DIRECTION('',(-3.42420816794893E-15,-9.77348966189341E-18,-1.));
#1527=DIRECTION('',(9.71445146547012E-17,1.,-9.77348966189374E-18));
#1528=DIRECTION('',(6.7762635780344E-19,-8.44322441823087E-18,-1.));
#1529=DIRECTION('',(-9.71445146547012E-17,-1.,9.77348966189374E-18));
#1530=DIRECTION('',(-1.,9.71445146547012E-17,0.));
#1531=DIRECTION('',(-9.71445146547012E-17,-1.,9.77348966189374E-18));
#1532=DIRECTION('',(-1.,9.71445146547012E-17,0.));
#1533=DIRECTION('',(-9.71445146547012E-17,-1.,9.77348966189374E-18));
#1534=DIRECTION('',(-1.,9.71445146547012E-17,0.));
#1535=DIRECTION('',(-9.71445146547012E-17,-1.,9.77348966189374E-18));
#1536=DIRECTION('',(-1.,9.71445146547012E-17,0.));
#1537=DIRECTION('',(-1.,1.00613961606655E-16,-1.81414128511137E-16));
#1538=DIRECTION('',(-2.12715961948343E-15,-9.77348966189354E-18,-1.));
#1539=DIRECTION('',(0.866025403784437,-8.90163623602277E-17,-0.5));
#1540=DIRECTION('',(0.86602540378444,-7.92428726983342E-17,0.5));
#1541=DIRECTION('',(-3.69090101271543E-16,-1.,0.));
#1542=DIRECTION('',(1.,-3.69090101271543E-16,1.47636040508617E-15));
#1543=DIRECTION('',(-2.15345169748955E-5,7.94817705109796E-21,-0.999999999768132));
#1544=DIRECTION('',(1.,-3.69090101271543E-16,0.));
#1545=DIRECTION('',(2.1534516974426E-5,-7.94817705092468E-21,0.999999999768132));
#1546=DIRECTION('',(1.,-3.69090101271543E-16,1.47636040508617E-15));
#1547=DIRECTION('',(1.47636040508617E-15,-5.44910011426552E-31,-1.));
#1548=DIRECTION('',(1.,-3.69090101271543E-16,1.47636040508617E-15));
#1549=DIRECTION('',(-2.12715961948343E-15,1.18066638548678E-31,-1.));
#1550=DIRECTION('',(1.,-3.69090101271543E-16,1.86726719156313E-16));
#1551=DIRECTION('',(1.,-3.69090101271543E-16,1.47636040508617E-15));
#1552=DIRECTION('',(-1.47636040508617E-15,5.44910011426552E-31,1.));
#1553=DIRECTION('',(1.,-3.69090101271543E-16,1.47636040508617E-15));
#1554=DIRECTION('',(-1.,1.00613961606655E-16,-3.57407246159846E-16));
#1555=DIRECTION('',(-1.52655665885959E-16,-1.,-7.16504958324176E-15));
#1556=DIRECTION('',(-1.11130722679764E-18,-7.1659482851988E-15,1.));
#1557=DIRECTION('',(1.52655665885959E-16,1.,7.16504958324176E-15));
#1558=DIRECTION('',(0.,-7.16504958324176E-15,1.));
#1559=DIRECTION('',(1.52655665885959E-16,1.,7.16504958324176E-15));
#1560=DIRECTION('',(0.,-7.16504958324176E-15,1.));
#1561=DIRECTION('',(1.52655665885959E-16,1.,7.16504958324176E-15));
#1562=DIRECTION('',(0.,-7.16504958324176E-15,1.));
#1563=DIRECTION('',(1.52655665885959E-16,1.,7.16504958324176E-15));
#1564=DIRECTION('',(0.,-7.16504958324176E-15,1.));
#1565=DIRECTION('',(-1.52655665885959E-16,-1.,-7.16504958324176E-15));
#1566=DIRECTION('',(-1.,1.56125112837912E-16,-1.19262238973405E-18));
#1567=DIRECTION('',(2.12715961948343E-15,-7.16504958324176E-15,1.));
#1568=DIRECTION('',(1.,-1.56125112837912E-16,1.86753824210628E-16));
#1569=DIRECTION('',(-0.86602540378444,3.71472847630974E-15,-0.5));
#1570=DIRECTION('',(-0.866025403784437,-3.45032110693203E-15,0.5));
#1571=DIRECTION('',(1.47636040508617E-15,-5.44910011426552E-31,-1.));
#1572=DIRECTION('',(-3.69090101271543E-16,-1.,0.));
#1573=DIRECTION('',(9.71445146547012E-17,1.,-4.01489696419038E-31));
#1574=DIRECTION('',(-3.69090101271543E-16,-1.,0.));
#1575=DIRECTION('',(-1.,3.69090101271543E-16,-1.47636040508617E-15));
#1576=DIRECTION('',(-1.86726719156316E-16,-7.16531089290599E-15,1.));
#1577=DIRECTION('',(0.0174530903269117,0.999847683218819,7.16630569659027E-15));
#1578=DIRECTION('',(-1.52655665885959E-16,-1.,-7.16504958324176E-15));
#1579=DIRECTION('',(-1.47636040508617E-15,5.44910011426552E-31,1.));
#1580=DIRECTION('',(-3.69090101271543E-16,-1.,0.));
#1581=DIRECTION('',(1.52655665885934E-16,1.,-3.19535230700495E-31));
#1582=DIRECTION('',(1.,-3.69090101271543E-16,1.47636040508617E-15));
#1583=DIRECTION('',(3.69090101271543E-16,1.,0.));
#1584=DIRECTION('',(1.,-3.69090101271543E-16,1.47636040508617E-15));
#1585=DIRECTION('',(9.71445146547012E-17,1.,-9.77348966189374E-18));
#1586=DIRECTION('',(-1.86726719156316E-16,-7.16531089290599E-15,1.));
#1587=DIRECTION('',(0.0174530903269117,0.999847683218819,7.16630569659027E-15));
#1588=DIRECTION('',(1.,-3.69090101271543E-16,1.47636040508617E-15));
#1589=DIRECTION('',(9.71445146547012E-17,1.,-9.77348966189374E-18));
#1590=DIRECTION('',(-1.,3.69090101271543E-16,-1.47636040508617E-15));
#1591=DIRECTION('',(-9.71445146547012E-17,-1.,9.77348966189374E-18));
#1592=DIRECTION('',(-1.,3.69090101271543E-16,-1.47636040508617E-15));
#1593=DIRECTION('',(-3.69090101271543E-16,-1.,0.));
#1594=DIRECTION('',(9.71445146547012E-17,1.,-9.77348966189374E-18));
#1595=DIRECTION('',(6.7762635780344E-19,-8.44322441823087E-18,-1.));
#1596=DIRECTION('',(1.,-3.69090101271543E-16,1.47636040508617E-15));
#1597=DIRECTION('',(-1.47636040508617E-15,5.44910011426552E-31,1.));
#1598=DIRECTION('',(-1.,3.69090101271543E-16,-1.47636040508617E-15));
#1599=DIRECTION('',(-1.,3.69090101271543E-16,-1.47636040508617E-15));
#1600=DIRECTION('',(1.47636040508617E-15,-5.44910011426552E-31,-1.));
#1601=DIRECTION('',(-1.,3.69090101271543E-16,-1.47636040508617E-15));
#1602=DIRECTION('',(-1.47636040508617E-15,5.44910011426552E-31,1.));
#1603=DIRECTION('',(-1.,3.69090101271543E-16,-1.47636040508617E-15));
#1604=DIRECTION('',(1.47636040508617E-15,-5.44910011426552E-31,-1.));
#1605=DIRECTION('',(1.,-3.69090101271543E-16,1.47636040508617E-15));
#1606=DIRECTION('',(-1.47636040508617E-15,5.44910011426552E-31,1.));
#1607=DIRECTION('',(1.,-3.69090101271543E-16,1.47636040508617E-15));
#1608=DIRECTION('',(1.47636040508617E-15,-5.44910011426552E-31,-1.));
#1609=DIRECTION('',(1.52655665885959E-16,1.,7.16418222150377E-15));
#1610=DIRECTION('',(1.,-1.56125112837912E-16,1.19262238973405E-18));
#1611=DIRECTION('',(-1.52655665885959E-16,-1.,-7.16504958324176E-15));
#1612=DIRECTION('',(-1.,1.56125112837912E-16,-1.19262238973405E-18));
#1613=DIRECTION('',(-1.86726719156316E-16,-7.16531089290599E-15,1.));
#1614=DIRECTION('',(0.0174530903269117,0.999847683218819,7.16630569659027E-15));
#1615=DIRECTION('',(5.38362923717032E-5,0.999999998550827,0.));
#1616=DIRECTION('',(-1.,1.56125112837912E-16,-1.8678092926494E-16));
#1617=DIRECTION('',(-5.3836292370529E-5,-0.999999998550827,0.));
#1618=DIRECTION('',(1.,-1.33795499476735E-30,1.86726719156316E-16));
#1619=DIRECTION('',(-1.,1.52655665885959E-16,3.48894869265039E-33));
#1620=DIRECTION('',(-1.52655665885959E-16,-1.,-7.16504958324176E-15));
#1621=DIRECTION('',(-1.,3.69090101271543E-16,-1.47636040508617E-15));
#1622=DIRECTION('',(-3.69090101271543E-16,-1.,0.));
#1623=DIRECTION('',(-3.69090101271543E-16,-1.,0.));
#1624=DIRECTION('',(1.47636040508617E-15,-5.44910011426552E-31,-1.));
#1625=DIRECTION('',(-3.69090101271543E-16,-1.,0.));
#1626=DIRECTION('',(1.47636040508617E-15,-5.44910011426552E-31,-1.));
#1627=DIRECTION('',(1.05782160652961E-15,0.866025403784439,-0.5));
#1628=DIRECTION('',(-1.,3.69090101271543E-16,-1.47636040508617E-15));
#1629=DIRECTION('',(1.47636040508617E-15,-5.44910011426552E-31,-1.));
#1630=DIRECTION('',(-1.,3.69090101271543E-16,-1.47636040508617E-15));
#1631=DIRECTION('',(-3.69090101271543E-16,-1.,0.));
#1632=DIRECTION('',(-1.,3.69090101271543E-16,-1.47636040508617E-15));
#1633=DIRECTION('',(1.47636040508617E-15,-5.44910011426552E-31,-1.));
#1634=DIRECTION('',(1.47636040508617E-15,-5.44910011426552E-31,-1.));
#1635=DIRECTION('',(-3.69090101271543E-16,-1.,0.));
#1636=DIRECTION('',(1.47636040508617E-15,-5.44910011426552E-31,-1.));
#1637=DIRECTION('',(4.18538798556558E-16,-0.866025403784439,-0.5));
#1638=DIRECTION('',(-3.69090101271543E-16,-1.,0.));
#1639=DIRECTION('',(1.,-3.69090101271543E-16,1.47636040508617E-15));
#1640=DIRECTION('',(1.,-3.69090101271543E-16,1.47636040508617E-15));
#1641=DIRECTION('',(1.47636040508617E-15,-5.44910011426552E-31,-1.));
#1642=DIRECTION('',(1.,-3.69090101271543E-16,1.47636040508617E-15));
#1643=DIRECTION('',(-1.,3.69090101271543E-16,-1.47636040508617E-15));
#1644=DIRECTION('',(1.47636040508617E-15,-5.44910011426552E-31,-1.));
#1645=DIRECTION('',(-1.,3.69090101271543E-16,-1.47636040508617E-15));
#1646=DIRECTION('',(-1.,3.69090101271543E-16,-1.47636040508617E-15));
#1647=DIRECTION('',(-3.69090101271543E-16,-1.,0.));
#1648=DIRECTION('',(-1.47636040508617E-15,5.44910011426552E-31,1.));
#1649=DIRECTION('',(4.18538798556558E-16,-0.866025403784439,-0.5));
#1650=DIRECTION('',(-1.47636040508617E-15,5.44910011426552E-31,1.));
#1651=DIRECTION('',(1.05782160652961E-15,0.866025403784439,-0.5));
#1652=DIRECTION('',(1.,-3.69090101271543E-16,1.47636040508617E-15));
#1653=DIRECTION('',(-1.47636040508617E-15,5.44910011426552E-31,1.));
#1654=DIRECTION('',(1.,-3.69090101271543E-16,1.47636040508617E-15));
#1655=DIRECTION('',(-1.47636040508617E-15,5.44910011426552E-31,1.));
#1656=DIRECTION('',(-1.47636040508617E-15,5.44910011426552E-31,1.));
#1657=DIRECTION('',(-3.69090101271543E-16,-1.,0.));
#1658=DIRECTION('',(3.69090101271543E-16,1.,0.));
#1659=DIRECTION('',(1.,-3.69090101271543E-16,1.47636040508617E-15));
#1660=DIRECTION('',(-1.47636040508617E-15,5.44910011426552E-31,1.));
#1661=DIRECTION('',(-3.69090101271543E-16,-1.,0.));
#1662=DIRECTION('',(1.,-3.69090101271543E-16,1.47636040508617E-15));
#1663=DIRECTION('',(3.69090101271543E-16,1.,0.));
#1664=DIRECTION('',(1.46311066658188E-15,0.5,-0.866025403784439));
#1665=DIRECTION('',(-4.18538798556558E-16,0.866025403784439,0.5));
#1666=DIRECTION('',(1.,-3.69090101271543E-16,1.47636040508617E-15));
#1667=DIRECTION('',(-1.09402056531034E-15,0.5,0.866025403784439));
#1668=DIRECTION('',(-1.05782160652961E-15,-0.866025403784439,0.5));
#1669=DIRECTION('',(1.,-3.69090101271543E-16,1.47636040508617E-15));
#1670=DIRECTION('',(1.,-3.69090101271543E-16,1.47636040508617E-15));
#1671=DIRECTION('',(-1.47636040508617E-15,5.44910011426552E-31,1.));
#1672=DIRECTION('',(1.,-3.69090101271543E-16,1.47636040508617E-15));
#1673=DIRECTION('',(-1.47636040508617E-15,5.44910011426552E-31,1.));
#1674=DIRECTION('',(-1.,3.69090101271543E-16,-1.47636040508617E-15));
#1675=DIRECTION('',(1.47636040508617E-15,-5.44910011426552E-31,-1.));
#1676=DIRECTION('',(1.,-3.69090101271543E-16,1.47636040508617E-15));
#1677=DIRECTION('',(-1.47636040508617E-15,5.44910011426552E-31,1.));
#1678=DIRECTION('',(1.,-3.69090101271543E-16,1.47636040508617E-15));
#1679=DIRECTION('',(-1.47636040508617E-15,5.44910011426552E-31,1.));
#1680=DIRECTION('',(1.,-3.69090101271543E-16,1.47636040508617E-15));
#1681=DIRECTION('',(-1.47636040508617E-15,5.44910011426552E-31,1.));
#1682=DIRECTION('',(1.,-3.69090101271543E-16,1.47636040508617E-15));
#1683=DIRECTION('',(-1.47636040508617E-15,5.44910011426552E-31,1.));
#1684=DIRECTION('',(-1.,3.69090101271543E-16,-1.47636040508617E-15));
#1685=DIRECTION('',(1.47636040508617E-15,-5.44910011426552E-31,-1.));
#1686=DIRECTION('',(1.,-3.69090101271543E-16,1.47636040508617E-15));
#1687=DIRECTION('',(-1.47636040508617E-15,5.44910011426552E-31,1.));
#1688=DIRECTION('',(1.,-3.69090101271543E-16,1.47636040508617E-15));
#1689=DIRECTION('',(-1.47636040508617E-15,5.44910011426552E-31,1.));
#1690=DIRECTION('',(-1.,3.69090101271543E-16,-1.47636040508617E-15));
#1691=DIRECTION('',(-3.69090101271543E-16,-1.,0.));
#1692=DIRECTION('',(1.47636040508617E-15,-5.44910011426552E-31,-1.));
#1693=DIRECTION('',(-3.69090101271543E-16,-1.,0.));
#1694=DIRECTION('',(1.47636040508617E-15,-5.44910011426552E-31,-1.));
#1695=DIRECTION('',(2.41786609609536E-16,0.726206167152042,-0.68747698346224));
#1696=DIRECTION('',(0.,0.68747698346224,0.726206167152042));
#1697=DIRECTION('',(5.26497108957346E-5,0.687476982457776,0.726206166194394));
#1698=DIRECTION('',(-5.26497108985886E-5,-0.687476982509399,-0.726206166145523));
#1699=DIRECTION('',(-0.999999998318959,5.38362923580461E-5,2.15345169432188E-5));
#1700=DIRECTION('',(-5.3836292370529E-5,-0.999999998550827,0.));
#1701=DIRECTION('',(-5.40612917842683E-5,-0.731399723731308,-0.681949001907872));
#1702=DIRECTION('',(-1.36571871003758E-16,-0.681949002904412,0.731399724800111));
#1703=DIRECTION('',(0.,-0.731399724800111,-0.681949002904412));
#1704=DIRECTION('',(5.40612917869028E-5,0.731399723779637,0.681949001856038));
#1705=DIRECTION('',(0.999999998318959,-5.38362923592203E-5,-2.15345169436883E-5));
#1706=DIRECTION('',(5.38362923717032E-5,0.999999998550827,0.));
#1707=DIRECTION('',(0.5,6.1287871255195E-15,-0.86602540378444));
#1708=DIRECTION('',(-0.86602540378444,0.,-0.5));
#1709=DIRECTION('',(0.86602540378444,-3.71472847630974E-15,0.5));
#1710=DIRECTION('',(-1.52655665885959E-16,-1.,-7.16504958324176E-15));
#1711=DIRECTION('',(-0.5,6.28144279140544E-15,-0.866025403784437));
#1712=DIRECTION('',(-0.866025403784437,0.,0.5));
#1713=DIRECTION('',(0.866025403784437,3.45032110693203E-15,-0.5));
#1714=DIRECTION('',(-1.52655665885959E-16,-1.,-7.16504958324176E-15));
#1715=DIRECTION('',(-1.,1.52655665885944E-16,2.12715961948343E-15));
#1716=DIRECTION('',(2.12715961948343E-15,0.,1.));
#1717=DIRECTION('',(-2.12715961948343E-15,7.16504958324176E-15,-1.));
#1718=DIRECTION('',(2.12715961948343E-15,9.77348966189354E-18,1.));
#1719=DIRECTION('',(9.71445146547012E-17,1.,-9.77348966189374E-18));
#1720=DIRECTION('',(-0.5,4.01081669965263E-17,-0.866025403784437));
#1721=DIRECTION('',(-0.866025403784437,0.,0.5));
#1722=DIRECTION('',(-0.866025403784437,8.90163623602277E-17,0.5));
#1723=DIRECTION('',(9.71445146547012E-17,1.,-9.77348966189374E-18));
#1724=DIRECTION('',(0.5,-5.70363476581749E-17,-0.86602540378444));
#1725=DIRECTION('',(-0.86602540378444,0.,-0.5));
#1726=DIRECTION('',(-0.86602540378444,7.92428726983342E-17,-0.5));
#1727=DIRECTION('',(9.71445146547012E-17,1.,-9.77348966189374E-18));
#1728=DIRECTION('',(1.,-9.71445146547012E-17,9.49440909687407E-34));
#1729=DIRECTION('',(-9.71445146547012E-17,-1.,9.77348966189374E-18));
#1730=DIRECTION('',(-1.,9.71445146547012E-17,0.));
#1731=DIRECTION('',(-9.71445146547012E-17,-1.,9.77348966189374E-18));
#1732=DIRECTION('',(-1.,9.71445146547012E-17,0.));
#1733=DIRECTION('',(-9.71445146547012E-17,-1.,9.77348966189374E-18));
#1734=DIRECTION('',(-1.,9.71445146547012E-17,0.));
#1735=DIRECTION('',(-9.71445146547012E-17,-1.,9.77348966189374E-18));
#1736=DIRECTION('',(-1.,9.71445146547012E-17,0.));
#1737=DIRECTION('',(-1.52655665885959E-16,-1.,-7.16504958324176E-15));
#1738=DIRECTION('',(-1.11130722679764E-18,-7.1659482851988E-15,1.));
#1739=DIRECTION('',(1.52655665885959E-16,1.,7.16504958324176E-15));
#1740=DIRECTION('',(0.,-7.16504958324176E-15,1.));
#1741=DIRECTION('',(1.52655665885959E-16,1.,7.16504958324176E-15));
#1742=DIRECTION('',(0.,-7.16504958324176E-15,1.));
#1743=DIRECTION('',(1.52655665885959E-16,1.,7.16504958324176E-15));
#1744=DIRECTION('',(0.,-7.16504958324176E-15,1.));
#1745=DIRECTION('',(1.52655665885959E-16,1.,7.16504958324176E-15));
#1746=DIRECTION('',(0.,-7.16504958324176E-15,1.));
#1747=DIRECTION('',(1.52655665885959E-16,1.,7.16504958324176E-15));
#1748=DIRECTION('',(0.,-7.16504958324176E-15,1.));
#1749=DIRECTION('',(1.52655665885959E-16,1.,7.16504958324176E-15));
#1750=DIRECTION('',(0.,-7.16504958324176E-15,1.));
#1751=DIRECTION('',(-1.52655665885959E-16,-1.,-7.16504958324176E-15));
#1752=DIRECTION('',(0.,7.16504958324176E-15,-1.));
#1753=DIRECTION('',(1.52655665885959E-16,1.,7.16504958324176E-15));
#1754=DIRECTION('',(0.,-7.16504958324176E-15,1.));
#1755=DIRECTION('',(1.52655665885959E-16,1.,7.16504958324176E-15));
#1756=DIRECTION('',(0.,-7.16504958324176E-15,1.));
#1757=DIRECTION('',(1.52655665885959E-16,1.,7.16504958324176E-15));
#1758=DIRECTION('',(0.,-7.16504958324176E-15,1.));
#1759=DIRECTION('',(1.52655665885959E-16,1.,7.16504958324176E-15));
#1760=DIRECTION('',(0.,-7.16504958324176E-15,1.));
#1761=DIRECTION('',(-1.52655665885959E-16,-1.,-7.16504958324176E-15));
#1762=DIRECTION('',(0.,7.16504958324176E-15,-1.));
#1763=DIRECTION('',(1.52655665885959E-16,1.,7.16504958324176E-15));
#1764=DIRECTION('',(0.,-7.16504958324176E-15,1.));
#1765=DIRECTION('',(1.52655665885959E-16,1.,7.16504958324176E-15));
#1766=DIRECTION('',(0.,-7.16504958324176E-15,1.));
#1767=DIRECTION('',(1.52655665885959E-16,1.,7.16504958324176E-15));
#1768=DIRECTION('',(0.,-7.16504958324176E-15,1.));
#1769=DIRECTION('',(1.52655665885959E-16,1.,7.16504958324176E-15));
#1770=DIRECTION('',(0.,-7.16504958324176E-15,1.));
#1771=DIRECTION('',(-1.52655665885959E-16,-1.,-7.16504958324176E-15));
#1772=DIRECTION('',(0.,7.16504958324176E-15,-1.));
#1773=DIRECTION('',(1.52655665885959E-16,1.,7.16504958324176E-15));
#1774=DIRECTION('',(0.,-7.16504958324176E-15,1.));
#1775=DIRECTION('',(1.52655665885959E-16,1.,7.16504958324176E-15));
#1776=DIRECTION('',(0.,-7.16504958324176E-15,1.));
#1777=DIRECTION('',(1.52655665885959E-16,1.,7.16504958324176E-15));
#1778=DIRECTION('',(0.,-7.16504958324176E-15,1.));
#1779=DIRECTION('',(1.52655665885959E-16,1.,7.16504958324176E-15));
#1780=DIRECTION('',(0.,-7.16504958324176E-15,1.));
#1781=DIRECTION('',(-1.52655665885959E-16,-1.,-7.16504958324176E-15));
#1782=DIRECTION('',(0.,7.16504958324176E-15,-1.));
#1783=DIRECTION('',(1.52655665885959E-16,1.,7.16504958324176E-15));
#1784=DIRECTION('',(0.,-7.16504958324176E-15,1.));
#1785=DIRECTION('',(1.52655665885959E-16,1.,7.16504958324176E-15));
#1786=DIRECTION('',(0.,-7.16504958324176E-15,1.));
#1787=DIRECTION('',(-9.71445146547012E-17,-1.,9.77348966189374E-18));
#1788=DIRECTION('',(-1.,9.71445146547012E-17,0.));
#1789=DIRECTION('',(-9.71445146547012E-17,-1.,9.77348966189374E-18));
#1790=DIRECTION('',(-1.,9.71445146547012E-17,0.));
#1791=DIRECTION('',(9.71445146547012E-17,1.,-9.77348966189374E-18));
#1792=DIRECTION('',(1.,-9.71445146547012E-17,0.));
#1793=DIRECTION('',(-9.71445146547012E-17,-1.,9.77348966189374E-18));
#1794=DIRECTION('',(-1.,9.71445146547012E-17,0.));
#1795=DIRECTION('',(-9.71445146547012E-17,-1.,9.77348966189374E-18));
#1796=DIRECTION('',(-1.,9.71445146547012E-17,0.));
#1797=DIRECTION('',(-9.71445146547012E-17,-1.,9.77348966189374E-18));
#1798=DIRECTION('',(-1.,9.71445146547012E-17,0.));
#1799=DIRECTION('',(-9.71445146547012E-17,-1.,9.77348966189374E-18));
#1800=DIRECTION('',(-1.,9.71445146547012E-17,0.));
#1801=DIRECTION('',(9.71445146547012E-17,1.,-9.77348966189374E-18));
#1802=DIRECTION('',(1.,-9.71445146547012E-17,0.));
#1803=DIRECTION('',(-9.71445146547012E-17,-1.,9.77348966189374E-18));
#1804=DIRECTION('',(-1.,9.71445146547012E-17,0.));
#1805=DIRECTION('',(-9.71445146547012E-17,-1.,9.77348966189374E-18));
#1806=DIRECTION('',(-1.,9.71445146547012E-17,0.));
#1807=DIRECTION('',(-9.71445146547012E-17,-1.,9.77348966189374E-18));
#1808=DIRECTION('',(-1.,9.71445146547012E-17,0.));
#1809=DIRECTION('',(-9.71445146547012E-17,-1.,9.77348966189374E-18));
#1810=DIRECTION('',(-1.,9.71445146547012E-17,0.));
#1811=DIRECTION('',(9.71445146547012E-17,1.,-9.77348966189374E-18));
#1812=DIRECTION('',(1.,-9.71445146547012E-17,0.));
#1813=DIRECTION('',(-9.71445146547012E-17,-1.,9.77348966189374E-18));
#1814=DIRECTION('',(-1.,9.71445146547012E-17,0.));
#1815=DIRECTION('',(-9.71445146547012E-17,-1.,9.77348966189374E-18));
#1816=DIRECTION('',(-1.,9.71445146547012E-17,0.));
#1817=DIRECTION('',(-9.71445146547012E-17,-1.,9.77348966189374E-18));
#1818=DIRECTION('',(-1.,9.71445146547012E-17,0.));
#1819=DIRECTION('',(-9.71445146547012E-17,-1.,9.77348966189374E-18));
#1820=DIRECTION('',(-1.,9.71445146547012E-17,0.));
#1821=DIRECTION('',(9.71445146547012E-17,1.,-9.77348966189374E-18));
#1822=DIRECTION('',(1.,-9.71445146547012E-17,0.));
#1823=DIRECTION('',(-9.71445146547012E-17,-1.,9.77348966189374E-18));
#1824=DIRECTION('',(-1.,9.71445146547012E-17,0.));
#1825=DIRECTION('',(-9.71445146547012E-17,-1.,9.77348966189374E-18));
#1826=DIRECTION('',(-1.,9.71445146547012E-17,0.));
#1827=DIRECTION('',(1.,-3.69090101271543E-16,1.47636040508617E-15));
#1828=DIRECTION('',(-1.47636040508617E-15,5.44910011426552E-31,1.));
#1829=DIRECTION('',(-1.,3.69090101271543E-16,-1.47636040508617E-15));
#1830=DIRECTION('',(1.47636040508617E-15,-5.44910011426552E-31,-1.));
#1831=DIRECTION('',(-1.,3.69090101271543E-16,-1.47636040508617E-15));
#1832=DIRECTION('',(1.47636040508617E-15,-5.44910011426552E-31,-1.));
#1833=DIRECTION('',(1.,-3.69090101271543E-16,1.47636040508617E-15));
#1834=DIRECTION('',(-1.47636040508617E-15,5.44910011426552E-31,1.));
#1835=DIRECTION('',(-1.,3.69090101271543E-16,-1.47636040508617E-15));
#1836=DIRECTION('',(1.47636040508617E-15,-5.44910011426552E-31,-1.));
#1837=DIRECTION('',(-1.,3.69090101271543E-16,-1.47636040508617E-15));
#1838=DIRECTION('',(1.47636040508617E-15,-5.44910011426552E-31,-1.));
#1839=DIRECTION('',(-1.,3.69090101271543E-16,-1.47636040508617E-15));
#1840=DIRECTION('',(1.47636040508617E-15,-5.44910011426552E-31,-1.));
#1841=DIRECTION('',(-1.,3.69090101271543E-16,-1.47636040508617E-15));
#1842=DIRECTION('',(1.47636040508617E-15,-5.44910011426552E-31,-1.));
#1843=DIRECTION('',(-1.,3.69090101271543E-16,-1.47636040508617E-15));
#1844=DIRECTION('',(1.47636040508617E-15,-5.44910011426552E-31,-1.));
#1845=DIRECTION('',(-1.,3.69090101271543E-16,-1.47636040508617E-15));
#1846=DIRECTION('',(1.47636040508617E-15,-5.44910011426552E-31,-1.));
#1847=DIRECTION('',(-3.69090101271543E-16,-1.,0.));
#1848=DIRECTION('',(1.47636040508617E-15,-5.44910011426552E-31,-1.));
#1849=DIRECTION('',(1.47636040508617E-15,-5.44910011426552E-31,-1.));
#1850=DIRECTION('',(-1.,3.69090101271543E-16,-1.47636040508617E-15));
#1851=DIRECTION('',(-1.47636040508617E-15,5.44910011426552E-31,1.));
#1852=DIRECTION('',(-1.,3.69090101271543E-16,-1.47636040508617E-15));
#1853=DIRECTION('',(-1.,3.69090101271543E-16,-1.47636040508617E-15));
#1854=DIRECTION('',(1.47636040508617E-15,-5.44910011426552E-31,-1.));
#1855=DIRECTION('',(-1.,3.69090101271543E-16,-1.47636040508617E-15));
#1856=DIRECTION('',(1.47636040508617E-15,-5.44910011426552E-31,-1.));
#1857=DIRECTION('',(-1.,3.69090101271543E-16,-1.47636040508617E-15));
#1858=DIRECTION('',(1.47636040508617E-15,-5.44910011426552E-31,-1.));
#1859=DIRECTION('',(-1.,3.69090101271543E-16,-1.47636040508617E-15));
#1860=DIRECTION('',(1.47636040508617E-15,-5.44910011426552E-31,-1.));
#1861=DIRECTION('',(1.47636040508617E-15,-5.44910011426552E-31,-1.));
#1862=DIRECTION('',(3.69090101271543E-16,1.,0.));
#1863=DIRECTION('',(-3.69090101271543E-16,-1.,0.));
#1864=DIRECTION('',(3.69090101271543E-16,1.,0.));
#1865=DIRECTION('',(-1.,3.69090101271543E-16,-1.47636040508617E-15));
#1866=DIRECTION('',(-3.69090101271543E-16,-1.,0.));
#1867=DIRECTION('',(3.69090101271543E-16,1.,0.));
#1868=DIRECTION('',(1.47636040508617E-15,-5.44910011426552E-31,-1.));
#1869=DIRECTION('',(3.69090101271543E-16,1.,0.));
#1870=DIRECTION('',(-3.69090101271543E-16,-1.,0.));
#1871=DIRECTION('',(-1.,3.69090101271543E-16,-1.47636040508617E-15));
#1872=DIRECTION('',(-3.69090101271543E-16,-1.,0.));
#1873=DIRECTION('',(-3.69090101271543E-16,-1.,0.));
#1874=DIRECTION('',(-3.69090101271543E-16,-1.,0.));
#1875=DIRECTION('',(1.,-3.69090101271543E-16,1.47636040508617E-15));
#1876=DIRECTION('',(3.69090101271543E-16,1.,0.));
#1877=DIRECTION('',(-3.69090101271543E-16,-1.,0.));
#1878=DIRECTION('',(-3.69090101271543E-16,-1.,0.));
#1879=DIRECTION('',(1.47636040508617E-15,-5.44910011426552E-31,-1.));
#1880=DIRECTION('',(-3.69090101271543E-16,-1.,0.));
#1881=DIRECTION('',(-1.47636040508617E-15,5.44910011426552E-31,1.));
#1882=DIRECTION('',(-3.69090101271543E-16,-1.,0.));
#1883=DIRECTION('',(1.47636040508617E-15,-5.44910011426552E-31,-1.));
#1884=DIRECTION('',(-3.69090101271543E-16,-1.,0.));
#1885=DIRECTION('',(-1.47636040508617E-15,5.44910011426552E-31,1.));
#1886=DIRECTION('',(-3.69090101271543E-16,-1.,0.));
#1887=CARTESIAN_POINT('',(0.,0.,0.));
#1888=CARTESIAN_POINT('',(0.0113981704812707,0.0132520000000003,0.034316012295453));
#1889=CARTESIAN_POINT('',(0.0113981704812708,0.0502980000000009,0.0510340013602138));
#1890=CARTESIAN_POINT('',(0.0113981704812708,0.0523000000074632,0.0510338830710465));
#1891=CARTESIAN_POINT('',(0.0113981704812708,0.0563000000000007,0.0510340013602138));
#1892=CARTESIAN_POINT('',(0.0113981704812708,0.0523000000074632,0.0490337647818788));
#1893=CARTESIAN_POINT('',(0.0113981704812708,0.0523000000074632,0.049033764781879));
#1894=CARTESIAN_POINT('',(0.0113981704812708,0.0523000000074632,0.049033764781879));
#1895=CARTESIAN_POINT('',(0.0113981704812708,0.0365450000074632,0.049033764781879));
#1896=CARTESIAN_POINT('',(0.0113981704812708,0.0365450000000007,0.063394001360214));
#1897=CARTESIAN_POINT('',(0.0113981704812708,0.0365450000000007,0.0510340013602139));
#1898=CARTESIAN_POINT('',(0.0113981704812708,0.0132520000000002,0.0510340013602138));
#1899=CARTESIAN_POINT('',(0.0113981704812708,0.00725000000000022,0.0510340013602137));
#1900=CARTESIAN_POINT('',(0.0113981704812707,0.00725000000000035,0.034316012295453));
#1901=CARTESIAN_POINT('',(0.0113981704812707,0.00725000000000046,0.0175980232306922));
#1902=CARTESIAN_POINT('',(0.0113981704812707,0.0132520000000005,0.0175980232306922));
#1903=CARTESIAN_POINT('',(0.0113981704812707,0.0132500000000005,0.0175980232306922));
#1904=CARTESIAN_POINT('',(0.0113981704812707,0.0132500000000003,0.034316012295453));
#1905=CARTESIAN_POINT('',(0.0113981704812708,0.0132500000000003,0.0460340013602138));
#1906=CARTESIAN_POINT('',(0.0113981704812708,0.0132520000000003,0.0460340013602137));
#1907=CARTESIAN_POINT('',(0.0113981704812708,0.0503000000000007,0.046034001360214));
#1908=CARTESIAN_POINT('',(0.0113981704812707,0.0503000000000007,0.034316012295453));
#1909=CARTESIAN_POINT('',(0.0113981704812707,0.0503000000000007,0.0175980232306922));
#1910=CARTESIAN_POINT('',(0.0113981704812707,0.0502980000000009,0.0175980232306922));
#1911=CARTESIAN_POINT('',(0.0113981704812707,0.0563000000000007,0.0175980232306922));
#1912=CARTESIAN_POINT('',(0.0113981704812707,0.0563000000000007,0.034316012295453));
#1913=CARTESIAN_POINT('',(-1.82951872630677E-6,0.0503000000000007,0.0241798162994522));
#1914=CARTESIAN_POINT('',(0.00699817234044356,0.0503000000000007,0.0241802579124623));
#1915=CARTESIAN_POINT('',(0.00549817234044356,0.0503000000000007,0.0241802579124623));
#1916=CARTESIAN_POINT('',(-1.38790571616813E-6,0.0503000000000007,0.0171798144402823));
#1917=CARTESIAN_POINT('',(-0.00150138790571617,0.0503000000000007,0.0171798144402823));
#1918=CARTESIAN_POINT('',(-0.00700183137789615,0.0503000000000007,0.024179374686442));
#1919=CARTESIAN_POINT('',(-0.00850183137789615,0.0503000000000007,0.024179374686442));
#1920=CARTESIAN_POINT('',(-2.2711317364402E-6,0.0503000000000007,0.0311798181586221));
#1921=CARTESIAN_POINT('',(-0.00150227113173644,0.0503000000000007,0.0311798181586221));
#1922=CARTESIAN_POINT('',(-0.0047018295187278,0.0503000000000007,0.0460340013602206));
#1923=CARTESIAN_POINT('',(-0.0114018295187232,0.0503000000000007,0.0460340013602172));
#1924=CARTESIAN_POINT('',(-0.0114018295187233,0.0503000000000007,0.0343160122954531));
#1925=CARTESIAN_POINT('',(-0.0114018295187233,0.0503000000000007,0.0175980232306923));
#1926=CARTESIAN_POINT('',(-0.00570182951872478,0.0503000000000007,0.0143071266963123));
#1927=CARTESIAN_POINT('',(-1.82951872626707E-6,0.0503000000000007,0.0110162301619323));
#1928=CARTESIAN_POINT('',(0.00569817048127221,0.0503000000000007,0.0143071266963122));
#1929=CARTESIAN_POINT('',(0.000698170481273668,0.0365450000000007,0.063394001360214));
#1930=CARTESIAN_POINT('',(0.00939973921699611,0.0365450000000006,0.0631440013461308));
#1931=CARTESIAN_POINT('',(0.00939908524063686,0.0365450000000007,0.077754001360214));
#1932=CARTESIAN_POINT('',(0.00939994616370457,0.0365450000000006,0.0727540013594424));
#1933=CARTESIAN_POINT('',(1.7347234759768E-18,0.0365450000000007,0.072754001360214));
#1934=CARTESIAN_POINT('',(-0.00940005383628944,0.0365450000000007,0.072754001360214));
#1935=CARTESIAN_POINT('',(-0.00940026078299792,0.0365450000000007,0.0631440013461308));
#1936=CARTESIAN_POINT('',(-0.00939994885551916,0.0365450000000007,0.0777540013606435));
#1937=CARTESIAN_POINT('',(-0.0169018295187264,0.0365450000000007,0.077754001360214));
#1938=CARTESIAN_POINT('',(-0.0189018295187263,0.0365450000000007,0.077754001360214));
#1939=CARTESIAN_POINT('',(-0.0189018295187263,0.0365450000000007,0.063394001360214));
#1940=CARTESIAN_POINT('',(-0.0189018295187263,0.0365450000000007,0.049034001360214));
#1941=CARTESIAN_POINT('',(-0.0169018295187263,0.0365450000000007,0.049034001360214));
#1942=CARTESIAN_POINT('',(-0.0114018295187232,0.0365450000000007,0.049034001360214));
#1943=CARTESIAN_POINT('',(-0.0114018295187233,0.0365450000000007,0.0241798162994522));
#1944=CARTESIAN_POINT('',(-0.0114018295187232,0.0365450000000007,0.0510340013602139));
#1945=CARTESIAN_POINT('',(-1.82951872928179E-6,0.0365450000000007,0.0510340013602139));
#1946=CARTESIAN_POINT('',(-0.0171018295187263,0.0365450000074632,0.049033764781879));
#1947=CARTESIAN_POINT('',(0.0200981704812737,0.0365450000074632,0.049033764781879));
#1948=CARTESIAN_POINT('',(0.0200981704812737,0.0365450000074632,0.063393764781879));
#1949=CARTESIAN_POINT('',(0.0200981704812737,0.0365450000074632,0.077753764781879));
#1950=CARTESIAN_POINT('',(-0.0171018295187263,0.0365450000074632,0.077753764781879));
#1951=CARTESIAN_POINT('',(0.0113981704812709,0.0365450000018663,0.0777539422156303));
#1952=CARTESIAN_POINT('',(0.0114108112085692,0.0365450000000007,0.077754001360214));
#1953=CARTESIAN_POINT('',(-1.82951872630677E-6,0.0132500000000004,0.0241798162994522));
#1954=CARTESIAN_POINT('',(-2.27113150011418E-6,0.0132500000000004,0.0311798144124221));
#1955=CARTESIAN_POINT('',(-2.27113150011418E-6,0.0132500000000004,0.0326798144124221));
#1956=CARTESIAN_POINT('',(0.00699816859424354,0.0132500000000004,0.024180257912226));
#1957=CARTESIAN_POINT('',(0.00699816859424354,0.0132500000000004,0.025680257912226));
#1958=CARTESIAN_POINT('',(-1.38790595251262E-6,0.0132500000000005,0.0171798181864824));
#1959=CARTESIAN_POINT('',(-1.38790595251262E-6,0.0132500000000004,0.0186798181864824));
#1960=CARTESIAN_POINT('',(-0.00700182763169617,0.0132500000000004,0.0241793746866785));
#1961=CARTESIAN_POINT('',(-0.00700182763169617,0.0132500000000004,0.0256793746866785));
#1962=CARTESIAN_POINT('',(-1.82951872630677E-6,0.0132500000000004,0.0241798162994522));
#1963=CARTESIAN_POINT('',(-0.00352682951872931,0.0132500000000004,0.0241798162994522));
#1964=CARTESIAN_POINT('',(-0.0114018295187233,0.0132500000000003,0.0343160122954531));
#1965=CARTESIAN_POINT('',(-0.0114018295187233,0.0132500000000005,0.0175980232306923));
#1966=CARTESIAN_POINT('',(-0.0114018295187232,0.0132500000000003,0.0460340013602172));
#1967=CARTESIAN_POINT('',(0.00469817048127219,0.0132500000000003,0.0460340013602138));
#1968=CARTESIAN_POINT('',(0.0056981704812722,0.0132500000000005,0.0143071266963122));
#1969=CARTESIAN_POINT('',(-1.8295187262709E-6,0.0132500000000005,0.0110162301619323));
#1970=CARTESIAN_POINT('',(-0.00570182951872478,0.0132500000000005,0.0143071266963123));
#1971=CARTESIAN_POINT('',(0.000698170481273703,0.0523000000000007,0.049034001360214));
#1972=CARTESIAN_POINT('',(-0.0114018295187232,0.0523000000000007,0.049034001360214));
#1973=CARTESIAN_POINT('',(-0.0114018295187232,0.0563000000000007,0.049034001360214));
#1974=CARTESIAN_POINT('',(-0.0189018295187263,0.0533000000000007,0.049034001360214));
#1975=CARTESIAN_POINT('',(-0.0189018295187263,0.0563000000000007,0.049034001360214));
#1976=CARTESIAN_POINT('',(0.000698170481273703,0.0563000000000007,0.049034001360214));
#1977=CARTESIAN_POINT('',(-1.82951872928356E-6,0.0317750000000006,0.0460340013602139));
#1978=CARTESIAN_POINT('',(-0.0114018295187232,0.0132520000000003,0.0460340013602137));
#1979=CARTESIAN_POINT('',(0.000698170481273661,0.0523000000000007,0.077754001360214));
#1980=CARTESIAN_POINT('',(0.0113981704812709,0.0523000000074632,0.077753764781879));
#1981=CARTESIAN_POINT('',(0.0113981704812709,0.0503000000000008,0.0777538830710465));
#1982=CARTESIAN_POINT('',(0.0113981704812709,0.0523000000000007,0.0777538830710465));
#1983=CARTESIAN_POINT('',(0.000698170481273661,0.0523000000000007,0.077754001360214));
#1984=CARTESIAN_POINT('',(-0.0189018295187263,0.0523000000000007,0.077754001360214));
#1985=CARTESIAN_POINT('',(-0.0189018295187263,0.0533000000000007,0.077754001360214));
#1986=CARTESIAN_POINT('',(-0.0169018295187264,0.0365450000000007,0.077754001360214));
#1987=CARTESIAN_POINT('',(0.0113981704812708,-0.655098097898853,0.077754001360214));
#1988=CARTESIAN_POINT('',(-1.82951872928356E-6,0.0317750000000005,0.0510340013602139));
#1989=CARTESIAN_POINT('',(-0.0169018295187263,0.0385450000000007,0.051034001360214));
#1990=CARTESIAN_POINT('',(-0.0161018295187263,0.0385450000000007,0.051034001360214));
#1991=CARTESIAN_POINT('',(0.0113981704812708,0.038545000003732,0.0510338830710465));
#1992=CARTESIAN_POINT('',(0.0113981704812708,0.0502980000000009,0.0510340013602138));
#1993=CARTESIAN_POINT('',(0.0006981704812737,0.0563000000000007,0.051034001360214));
#1994=CARTESIAN_POINT('',(-0.0189018295187263,0.0563000000000007,0.051034001360214));
#1995=CARTESIAN_POINT('',(-0.0189018295187263,0.0563000000000007,0.051034001360214));
#1996=CARTESIAN_POINT('',(-0.0189018295187263,0.0523000000000007,0.051034001360214));
#1997=CARTESIAN_POINT('',(0.000698170481273699,0.0523000000000007,0.051034001360214));
#1998=CARTESIAN_POINT('',(-0.0161018295187263,0.0523000000000007,0.051034001360214));
#1999=CARTESIAN_POINT('',(-0.0161018295187263,0.0533000000000007,0.051034001360214));
#2000=CARTESIAN_POINT('',(-1.82951872630677E-6,0.0523000000000007,0.0241798162994522));
#2001=CARTESIAN_POINT('',(0.000498170481273683,0.0523000000074632,0.077753764781879));
#2002=CARTESIAN_POINT('',(0.0200981704812737,0.0523000000074632,0.077753764781879));
#2003=CARTESIAN_POINT('',(0.0200981704812737,0.0523000000074632,0.049033764781879));
#2004=CARTESIAN_POINT('',(0.0200981704812737,0.0523000000074632,0.049033764781879));
#2005=CARTESIAN_POINT('',(0.000498170481273727,0.0523000000074632,0.049033764781879));
#2006=CARTESIAN_POINT('',(0.000498170481273723,0.0523000000074632,0.051033764781879));
#2007=CARTESIAN_POINT('',(0.0158981704812737,0.0523000000074632,0.051033764781879));
#2008=CARTESIAN_POINT('',(0.0158981704812737,0.0523000000074632,0.063393764781879));
#2009=CARTESIAN_POINT('',(0.0158981704812737,0.0523000000074632,0.054043764781879));
#2010=CARTESIAN_POINT('',(0.0179001704812737,0.0523000000074632,0.054043764781879));
#2011=CARTESIAN_POINT('',(0.0178981704812737,0.0523000000074632,0.054043764781879));
#2012=CARTESIAN_POINT('',(0.0178981704812737,0.0523000000074632,0.063393764781879));
#2013=CARTESIAN_POINT('',(0.0178981704812737,0.0523000000074632,0.072743764781879));
#2014=CARTESIAN_POINT('',(0.0179001704812737,0.0523000000074632,0.072743764781879));
#2015=CARTESIAN_POINT('',(0.0158981704812737,0.0523000000074632,0.072743764781879));
#2016=CARTESIAN_POINT('',(0.0158981704812737,0.0523000000074632,0.063393764781879));
#2017=CARTESIAN_POINT('',(0.0158981704812737,0.0523000000074632,0.075753764781879));
#2018=CARTESIAN_POINT('',(0.000498170481273687,0.0523000000074632,0.075753764781879));
#2019=CARTESIAN_POINT('',(-0.0161018295187263,0.0523000000074632,0.075753764781879));
#2020=CARTESIAN_POINT('',(-0.0161018295187263,0.0523000000074632,0.049033764781879));
#2021=CARTESIAN_POINT('',(-0.0161018295187263,0.0523000000000007,0.075754001360214));
#2022=CARTESIAN_POINT('',(0.000698170481273661,0.0523000000000007,0.075754001360214));
#2023=CARTESIAN_POINT('',(-0.0189018295187263,0.0523000000000007,0.075754001360214));
#2024=CARTESIAN_POINT('',(-0.0189018295187263,0.0523000000000007,0.077754001360214));
#2025=CARTESIAN_POINT('',(-1.82951872629983E-6,0.0112500000000004,0.0241798162994522));
#2026=CARTESIAN_POINT('',(-1.82951872630044E-6,0.00725000000000042,0.0241798162994522));
#2027=CARTESIAN_POINT('',(-0.0035268295187293,0.00725000000000042,0.0241798162994522));
#2028=CARTESIAN_POINT('',(-1.82951872928356E-6,0.0317750000000005,0.0510340013602139));
#2029=CARTESIAN_POINT('',(0.00939882445763403,0.02439750001404,0.0510340013613731));
#2030=CARTESIAN_POINT('',(0.00939811664497831,0.011250000000549,0.0510340013607934));
#2031=CARTESIAN_POINT('',(0.00939822431756317,0.0132499999997945,0.0510340013607934));
#2032=CARTESIAN_POINT('',(0.00469817048127219,0.0112500000000002,0.0510340013602137));
#2033=CARTESIAN_POINT('',(-0.00940188335501571,0.0112500000003519,0.0510340013596341));
#2034=CARTESIAN_POINT('',(-0.00940117554236002,0.02439750001404,0.0510340013590545));
#2035=CARTESIAN_POINT('',(-0.00940177568243087,0.0132499999993786,0.0510340013596341));
#2036=CARTESIAN_POINT('',(-1.82951872630503E-6,0.0132500000000002,0.0510340013602138));
#2037=CARTESIAN_POINT('',(-1.82951872621543E-6,0.00725000000000023,0.0510340013602137));
#2038=CARTESIAN_POINT('',(-0.0114018295187232,0.00725000000000023,0.0510340013602137));
#2039=CARTESIAN_POINT('',(-0.0114018295187232,0.0132520000000002,0.0510340013602138));
#2040=CARTESIAN_POINT('',(-0.0161018295187263,0.0533000000000007,0.063394001360214));
#2041=CARTESIAN_POINT('',(-0.0161018295187263,0.0523000000074632,0.075753764781879));
#2042=CARTESIAN_POINT('',(-0.0161018295187263,0.0385450000000007,0.075753764781879));
#2043=CARTESIAN_POINT('',(-0.0161018295187263,0.0385450000000007,0.063394001360214));
#2044=CARTESIAN_POINT('',(-0.0161018295187263,0.0385450000000007,0.071054001360214));
#2045=CARTESIAN_POINT('',(-0.0161018295187263,0.0533000000000007,0.071054001360214));
#2046=CARTESIAN_POINT('',(-0.0161018295187263,0.0589857161172165,0.071054001360214));
#2047=CARTESIAN_POINT('',(-0.0161018295187263,0.0589857161172165,0.063394001360214));
#2048=CARTESIAN_POINT('',(-0.0161018295187263,0.0589857161172166,0.071894001360214));
#2049=CARTESIAN_POINT('',(-0.0161018295187263,0.0584020369953885,0.0722309886583218));
#2050=CARTESIAN_POINT('',(-0.0161018295187263,0.0448550000000007,0.073644001360214));
#2051=CARTESIAN_POINT('',(-0.0161018295187263,0.0448550000000007,0.072644001360214));
#2052=CARTESIAN_POINT('',(-0.0161018295187263,0.0533000000000007,0.063394001360214));
#2053=CARTESIAN_POINT('',(-0.0161018295187263,0.0448550000000007,0.053144001360214));
#2054=CARTESIAN_POINT('',(-0.0161018295187263,0.0448550000000007,0.052144001360214));
#2055=CARTESIAN_POINT('',(-0.0161018295187263,0.0589857161172165,0.063394001360214));
#2056=CARTESIAN_POINT('',(-0.0161018295187263,0.0589857161172165,0.055734001360214));
#2057=CARTESIAN_POINT('',(-0.0161018295187263,0.0589857161172165,0.054894001360214));
#2058=CARTESIAN_POINT('',(-0.0161018295187263,0.0533000000000007,0.055734001360214));
#2059=CARTESIAN_POINT('',(-0.0161018295187263,0.0385450000000007,0.055734001360214));
#2060=CARTESIAN_POINT('',(-0.0161018295187263,0.0385450000000007,0.063394001360214));
#2061=CARTESIAN_POINT('',(-0.0161018295187263,0.0584020369953885,0.0545570140621062));
#2062=CARTESIAN_POINT('',(0.000698170481273668,0.0385450000000007,0.063394001360214));
#2063=CARTESIAN_POINT('',(-0.0171018295187263,0.0385450000074632,0.075753764781879));
#2064=CARTESIAN_POINT('',(0.0158981704812737,0.0385450000074632,0.075753764781879));
#2065=CARTESIAN_POINT('',(0.0158981704812737,0.0385450000074632,0.063393764781879));
#2066=CARTESIAN_POINT('',(0.0158981704812737,0.0385450000074632,0.051033764781879));
#2067=CARTESIAN_POINT('',(-0.0171018295187263,0.0385450000074632,0.051033764781879));
#2068=CARTESIAN_POINT('',(-0.0160998295187263,0.0385450000000007,0.055734001360214));
#2069=CARTESIAN_POINT('',(-0.0173018295187263,0.0385450000000007,0.055734001360214));
#2070=CARTESIAN_POINT('',(-0.0173018295187263,0.0385450000000007,0.063394001360214));
#2071=CARTESIAN_POINT('',(-0.0173018295187263,0.0385450000000007,0.071054001360214));
#2072=CARTESIAN_POINT('',(-0.0160998295187263,0.0385450000000007,0.071054001360214));
#2073=CARTESIAN_POINT('',(-0.0189018295187263,0.0533000000000007,0.063394001360214));
#2074=CARTESIAN_POINT('',(-0.0189018295187263,0.0589857161172165,0.063394001360214));
#2075=CARTESIAN_POINT('',(-0.0189018295187263,0.0589857161172165,0.054894001360214));
#2076=CARTESIAN_POINT('',(-0.0189018295187263,0.0589857161172166,0.071894001360214));
#2077=CARTESIAN_POINT('',(-0.0189018295187263,0.0584020369953885,0.0545570140621062));
#2078=CARTESIAN_POINT('',(-0.0189018295187263,0.0563000000000007,0.049034001360214));
#2079=CARTESIAN_POINT('',(-0.0189018295187263,0.0584020369953885,0.0722309886583218));
#2080=CARTESIAN_POINT('',(-0.0189018295187263,0.0448550000000007,0.073644001360214));
#2081=CARTESIAN_POINT('',(-0.0189018295187264,0.0448550000000007,0.075644001360214));
#2082=CARTESIAN_POINT('',(-0.0189018295187263,0.0448550000000007,0.053144001360214));
#2083=CARTESIAN_POINT('',(-0.0189018295187263,0.0448550000000007,0.055144001360214));
#2084=CARTESIAN_POINT('',(-0.0160998295187263,0.0533000000000007,0.071054001360214));
#2085=CARTESIAN_POINT('',(-0.0173018295187263,0.0533000000000007,0.071054001360214));
#2086=CARTESIAN_POINT('',(-0.0173018295187263,0.0589857161172165,0.071054001360214));
#2087=CARTESIAN_POINT('',(-0.0160998295187263,0.0589857161172165,0.071054001360214));
#2088=CARTESIAN_POINT('',(-0.0160998295187263,0.0533000000000007,0.055734001360214));
#2089=CARTESIAN_POINT('',(-0.0160998295187263,0.0589857161172165,0.055734001360214));
#2090=CARTESIAN_POINT('',(-0.0173018295187263,0.0589857161172165,0.055734001360214));
#2091=CARTESIAN_POINT('',(-0.0173018295187263,0.0533000000000007,0.055734001360214));
#2092=CARTESIAN_POINT('',(-0.169401913235851,0.0576520369953885,0.0541240013602138));
#2093=CARTESIAN_POINT('',(-0.169401913235851,0.0589857161172166,0.0548940013602138));
#2094=CARTESIAN_POINT('',(-0.169401913235851,0.0576520369953886,0.0726640013602138));
#2095=CARTESIAN_POINT('',(-0.169401913235851,0.0589857161172166,0.0718940013602138));
#2096=CARTESIAN_POINT('',(-0.0189018295187263,0.0448550000000007,0.053144001360214));
#2097=CARTESIAN_POINT('',(-0.0173018295187263,0.0448550000000007,0.053144001360214));
#2098=CARTESIAN_POINT('',(-0.0173018295187263,0.0448550000000007,0.054144001360214));
#2099=CARTESIAN_POINT('',(-0.0173018295187263,0.0428550000000006,0.053144001360214));
#2100=CARTESIAN_POINT('',(-0.0173018295187263,0.0448550000000007,0.053144001360214));
#2101=CARTESIAN_POINT('',(-0.0173018295187263,0.0448550000000007,0.055144001360214));
#2102=CARTESIAN_POINT('',(-0.0189018295187263,0.0448550000000007,0.053144001360214));
#2103=CARTESIAN_POINT('',(-0.0189018295187263,0.0448550000000007,0.073644001360214));
#2104=CARTESIAN_POINT('',(-0.0173018295187263,0.0448550000000007,0.073644001360214));
#2105=CARTESIAN_POINT('',(-0.0173018295187263,0.0448550000000007,0.074644001360214));
#2106=CARTESIAN_POINT('',(-0.0173018295187263,0.0428550000000006,0.073644001360214));
#2107=CARTESIAN_POINT('',(-0.0173018295187263,0.0448550000000007,0.073644001360214));
#2108=CARTESIAN_POINT('',(-0.0173018295187264,0.0448550000000007,0.075644001360214));
#2109=CARTESIAN_POINT('',(-0.0189018295187263,0.0448550000000007,0.073644001360214));
#2110=CARTESIAN_POINT('',(-0.0173018295187263,0.0533000000000007,0.063394001360214));
#2111=CARTESIAN_POINT('',(-0.0173018295187263,0.0589857161172165,0.063394001360214));
#2112=CARTESIAN_POINT('',(0.248943716690062,0.0589857161172164,0.0633940013602144));
#2113=CARTESIAN_POINT('',(-6.50765804957334E-18,-0.019545753244767,0.0185033618385623));
#2114=CARTESIAN_POINT('',(-0.00940188335501554,0.0112500000028986,0.0510340013613731));
#2115=CARTESIAN_POINT('',(0.00939575815814626,-0.0195460933285977,0.018503002596026));
#2116=CARTESIAN_POINT('',(-0.00940091475936013,0.0243975000000004,0.0631440013602139));
#2117=CARTESIAN_POINT('',(-0.00940418103820915,-0.019292258863577,0.0206919596123326));
#2118=CARTESIAN_POINT('',(-3.8636769923588E-18,-0.0192926307087885,0.0206916129079757));
#2119=CARTESIAN_POINT('',(0.00939822431756299,0.0132499999971019,0.0510340013590544));
#2120=CARTESIAN_POINT('',(0.00939908524063388,0.0243975000000004,0.0631440013602139));
#2121=CARTESIAN_POINT('',(0.0056981704812722,0.0132520000000005,0.0143071266963122));
#2122=CARTESIAN_POINT('',(0.0056981704812722,0.00725000000000049,0.0143071266963122));
#2123=CARTESIAN_POINT('',(-1.82951872627181E-6,0.00725000000000051,0.0110162301619322));
#2124=CARTESIAN_POINT('',(-1.8295187262709E-6,0.0132520000000005,0.0110162301619323));
#2125=CARTESIAN_POINT('',(-0.00570182951872478,0.0132520000000005,0.0143071266963123));
#2126=CARTESIAN_POINT('',(-0.00570182951872479,0.00725000000000049,0.0143071266963122));
#2127=CARTESIAN_POINT('',(-0.0114018295187233,0.00725000000000047,0.0175980232306923));
#2128=CARTESIAN_POINT('',(-0.0114018295187233,0.0132520000000005,0.0175980232306923));
#2129=CARTESIAN_POINT('',(-0.0114018295187233,0.0132520000000003,0.0343160122954531));
#2130=CARTESIAN_POINT('',(-0.0114018295187233,0.00725000000000035,0.034316012295453));
#2131=CARTESIAN_POINT('',(-0.0114018295187233,0.0563000000000007,0.0343160122954531));
#2132=CARTESIAN_POINT('',(-0.0114018295187233,0.0563000000000007,0.0175980232306923));
#2133=CARTESIAN_POINT('',(-0.0114018295187233,0.0502980000000009,0.0175980232306923));
#2134=CARTESIAN_POINT('',(-0.00570182951872478,0.0502980000000009,0.0143071266963123));
#2135=CARTESIAN_POINT('',(-0.00570182951872478,0.0563000000000007,0.0143071266963123));
#2136=CARTESIAN_POINT('',(-1.82951872626648E-6,0.0563000000000007,0.0110162301619323));
#2137=CARTESIAN_POINT('',(-1.82951872626707E-6,0.0502980000000009,0.0110162301619323));
#2138=CARTESIAN_POINT('',(0.00569817048127221,0.0502980000000009,0.0143071266963122));
#2139=CARTESIAN_POINT('',(0.00569817048127221,0.0563000000000007,0.0143071266963122));
#2140=CARTESIAN_POINT('',(-0.00375182951872776,0.0563000000000007,0.0310251157610732));
#2141=CARTESIAN_POINT('',(0.00699817234044356,0.0563000000000007,0.0241802579124623));
#2142=CARTESIAN_POINT('',(0.00429817234044356,0.0563000000000007,0.0241802579124623));
#2143=CARTESIAN_POINT('',(-1.38790571616726E-6,0.0563000000000007,0.0171798144402823));
#2144=CARTESIAN_POINT('',(-0.00270138790571617,0.0563000000000007,0.0171798144402823));
#2145=CARTESIAN_POINT('',(-0.00700183137789615,0.0563000000000007,0.024179374686442));
#2146=CARTESIAN_POINT('',(-0.00970183137789615,0.0563000000000007,0.024179374686442));
#2147=CARTESIAN_POINT('',(-2.27113173643933E-6,0.0563000000000007,0.0311798181586221));
#2148=CARTESIAN_POINT('',(-0.00270227113173644,0.0563000000000007,0.0311798181586221));
#2149=CARTESIAN_POINT('',(-1.82951872630044E-6,0.00725000000000042,0.0241798162994522));
#2150=CARTESIAN_POINT('',(-2.2711315001151E-6,0.00725000000000034,0.031179814412422));
#2151=CARTESIAN_POINT('',(-2.2711315001151E-6,0.00725000000000032,0.033879814412422));
#2152=CARTESIAN_POINT('',(0.00699816859424354,0.00725000000000038,0.024180257912226));
#2153=CARTESIAN_POINT('',(0.00699816859424354,0.00725000000000036,0.026880257912226));
#2154=CARTESIAN_POINT('',(-1.38790595251353E-6,0.00725000000000044,0.0171798181864823));
#2155=CARTESIAN_POINT('',(-1.38790595251353E-6,0.00725000000000042,0.0198798181864824));
#2156=CARTESIAN_POINT('',(-0.00700182763169617,0.00725000000000039,0.0241793746866784));
#2157=CARTESIAN_POINT('',(-0.00700182763169617,0.00725000000000037,0.0268793746866784));
#2158=CARTESIAN_POINT('',(-0.00700182763169617,0.00725000000000041,0.0241793746866784));
#2159=CARTESIAN_POINT('',(-0.00700182763169617,0.0112500000000004,0.0241793746866785));
#2160=CARTESIAN_POINT('',(-0.00700182763169617,0.0112500000000004,0.0256793746866785));
#2161=CARTESIAN_POINT('',(-0.00430182763169618,0.0112500000000004,0.0241793746866785));
#2162=CARTESIAN_POINT('',(-0.00700182763169617,0.0112500000000004,0.0241793746866785));
#2163=CARTESIAN_POINT('',(-0.00700182763169617,0.0112500000000004,0.0268793746866785));
#2164=CARTESIAN_POINT('',(-0.00700182763169617,0.00725000000000041,0.0241793746866784));
#2165=CARTESIAN_POINT('',(-1.38790595251353E-6,0.00725000000000047,0.0171798181864823));
#2166=CARTESIAN_POINT('',(-1.38790595251292E-6,0.0112500000000005,0.0171798181864824));
#2167=CARTESIAN_POINT('',(-1.38790595251292E-6,0.0112500000000004,0.0186798181864824));
#2168=CARTESIAN_POINT('',(0.00269861209404749,0.0112500000000005,0.0171798181864824));
#2169=CARTESIAN_POINT('',(-1.38790595251292E-6,0.0112500000000005,0.0171798181864824));
#2170=CARTESIAN_POINT('',(-1.38790595251292E-6,0.0112500000000004,0.0198798181864824));
#2171=CARTESIAN_POINT('',(-1.38790595251353E-6,0.00725000000000047,0.0171798181864823));
#2172=CARTESIAN_POINT('',(0.00699816859424354,0.00725000000000041,0.024180257912226));
#2173=CARTESIAN_POINT('',(0.00699816859424354,0.0112500000000004,0.024180257912226));
#2174=CARTESIAN_POINT('',(0.00699816859424354,0.0112500000000004,0.025680257912226));
#2175=CARTESIAN_POINT('',(0.00969816859424354,0.0112500000000004,0.024180257912226));
#2176=CARTESIAN_POINT('',(0.00699816859424354,0.0112500000000004,0.024180257912226));
#2177=CARTESIAN_POINT('',(0.00699816859424354,0.0112500000000004,0.026880257912226));
#2178=CARTESIAN_POINT('',(0.00699816859424354,0.00725000000000041,0.024180257912226));
#2179=CARTESIAN_POINT('',(-2.2711315001151E-6,0.00725000000000037,0.031179814412422));
#2180=CARTESIAN_POINT('',(-2.27113150011449E-6,0.0112500000000004,0.0311798144124221));
#2181=CARTESIAN_POINT('',(-2.27113150011449E-6,0.0112500000000003,0.0326798144124221));
#2182=CARTESIAN_POINT('',(0.00269772886849988,0.0112500000000004,0.0311798144124221));
#2183=CARTESIAN_POINT('',(-2.27113150011449E-6,0.0112500000000004,0.0311798144124221));
#2184=CARTESIAN_POINT('',(-2.27113150011449E-6,0.0112500000000003,0.0338798144124221));
#2185=CARTESIAN_POINT('',(-2.2711315001151E-6,0.00725000000000037,0.031179814412422));
#2186=CARTESIAN_POINT('',(-2.27113173643933E-6,0.0563000000000007,0.0311798181586221));
#2187=CARTESIAN_POINT('',(-2.27113173643933E-6,0.0523000000000007,0.0311798181586221));
#2188=CARTESIAN_POINT('',(-0.00150227113173644,0.0523000000000007,0.0311798181586221));
#2189=CARTESIAN_POINT('',(0.00269772886826356,0.0523000000000007,0.0311798181586221));
#2190=CARTESIAN_POINT('',(-2.27113173643933E-6,0.0523000000000007,0.0311798181586221));
#2191=CARTESIAN_POINT('',(-0.00270227113173644,0.0523000000000007,0.0311798181586221));
#2192=CARTESIAN_POINT('',(-2.27113173643933E-6,0.0563000000000007,0.0311798181586221));
#2193=CARTESIAN_POINT('',(-0.00700183137789615,0.0563000000000007,0.024179374686442));
#2194=CARTESIAN_POINT('',(-0.00700183137789615,0.0523000000000007,0.024179374686442));
#2195=CARTESIAN_POINT('',(-0.00850183137789615,0.0523000000000007,0.024179374686442));
#2196=CARTESIAN_POINT('',(-0.00430183137789616,0.0523000000000007,0.024179374686442));
#2197=CARTESIAN_POINT('',(-0.00700183137789615,0.0523000000000007,0.024179374686442));
#2198=CARTESIAN_POINT('',(-0.00970183137789615,0.0523000000000007,0.024179374686442));
#2199=CARTESIAN_POINT('',(-0.00700183137789615,0.0563000000000007,0.024179374686442));
#2200=CARTESIAN_POINT('',(-1.38790571616726E-6,0.0563000000000007,0.0171798144402823));
#2201=CARTESIAN_POINT('',(-1.38790571616726E-6,0.0523000000000007,0.0171798144402823));
#2202=CARTESIAN_POINT('',(-0.00150138790571617,0.0523000000000007,0.0171798144402823));
#2203=CARTESIAN_POINT('',(0.00269861209428383,0.0523000000000007,0.0171798144402823));
#2204=CARTESIAN_POINT('',(-1.38790571616726E-6,0.0523000000000007,0.0171798144402823));
#2205=CARTESIAN_POINT('',(-0.00270138790571617,0.0523000000000007,0.0171798144402823));
#2206=CARTESIAN_POINT('',(-1.38790571616726E-6,0.0563000000000007,0.0171798144402823));
#2207=CARTESIAN_POINT('',(0.00699817234044356,0.0563000000000007,0.0241802579124623));
#2208=CARTESIAN_POINT('',(0.00699817234044356,0.0523000000000007,0.0241802579124623));
#2209=CARTESIAN_POINT('',(0.00549817234044356,0.0523000000000007,0.0241802579124623));
#2210=CARTESIAN_POINT('',(0.00969817234044356,0.0523000000000007,0.0241802579124623));
#2211=CARTESIAN_POINT('',(0.00699817234044356,0.0523000000000007,0.0241802579124623));
#2212=CARTESIAN_POINT('',(0.00429817234044356,0.0523000000000007,0.0241802579124623));
#2213=CARTESIAN_POINT('',(0.00699817234044356,0.0563000000000007,0.0241802579124623));
#2214=CARTESIAN_POINT('',(0.0170981704812737,0.0391050000074632,0.073643764781879));
#2215=CARTESIAN_POINT('',(0.0170981704812737,0.0411050000074632,0.073643764781879));
#2216=CARTESIAN_POINT('',(0.0170981704812737,0.0411050000074632,0.072643764781879));
#2217=CARTESIAN_POINT('',(0.0170981704812737,0.0411050000074632,0.073643764781879));
#2218=CARTESIAN_POINT('',(0.0170981704812737,0.0411050000074632,0.071643764781879));
#2219=CARTESIAN_POINT('',(0.0170981704812737,0.0391050000074632,0.053143764781879));
#2220=CARTESIAN_POINT('',(0.0170981704812737,0.0411050000074632,0.053143764781879));
#2221=CARTESIAN_POINT('',(0.0170981704812737,0.0411050000074632,0.052143764781879));
#2222=CARTESIAN_POINT('',(0.0170981704812737,0.0411050000074632,0.053143764781879));
#2223=CARTESIAN_POINT('',(0.0170981704812737,0.0411050000074632,0.051143764781879));
#2224=CARTESIAN_POINT('',(0.0200981704812737,0.0411050000074632,0.073643764781879));
#2225=CARTESIAN_POINT('',(0.0158981704812737,0.0411050000074632,0.073643764781879));
#2226=CARTESIAN_POINT('',(0.0158981704812737,0.0411050000074632,0.072643764781879));
#2227=CARTESIAN_POINT('',(0.0200981704812737,0.0411050000074632,0.053143764781879));
#2228=CARTESIAN_POINT('',(0.0158981704812737,0.0411050000074632,0.053143764781879));
#2229=CARTESIAN_POINT('',(0.0158981704812737,0.0411050000074632,0.052143764781879));
#2230=CARTESIAN_POINT('',(0.0179001704812737,0.0435450000074632,0.063393764781879));
#2231=CARTESIAN_POINT('',(0.0178981704812737,0.0435450000074632,0.063393764781879));
#2232=CARTESIAN_POINT('',(0.0178981704812737,0.0435450000074632,0.072743764781879));
#2233=CARTESIAN_POINT('',(0.0178981704812737,0.0435450000074632,0.054043764781879));
#2234=CARTESIAN_POINT('',(0.0179001704812737,0.0435450000074632,0.054043764781879));
#2235=CARTESIAN_POINT('',(0.0158981704812737,0.0435450000074632,0.054043764781879));
#2236=CARTESIAN_POINT('',(0.0158981704812737,0.0435450000074632,0.063393764781879));
#2237=CARTESIAN_POINT('',(0.0158981704812737,0.0435450000074632,0.072743764781879));
#2238=CARTESIAN_POINT('',(0.0179001704812737,0.0435450000074632,0.072743764781879));
#2239=CARTESIAN_POINT('',(0.0200981704812737,0.0411050000074632,0.073643764781879));
#2240=CARTESIAN_POINT('',(0.0200981704812737,0.0411050000074632,0.073643764781879));
#2241=CARTESIAN_POINT('',(0.0200981704812737,0.0411050000074632,0.071643764781879));
#2242=CARTESIAN_POINT('',(0.0200981704812737,0.0411050000074632,0.053143764781879));
#2243=CARTESIAN_POINT('',(0.0200981704812737,0.0411050000074632,0.053143764781879));
#2244=CARTESIAN_POINT('',(0.0200981704812738,0.0411050000074632,0.051143764781879));
#2245=CARTESIAN_POINT('',(0.0179001704812737,0.0479225000074632,0.072743764781879));
#2246=CARTESIAN_POINT('',(0.0158981704812737,0.0479225000074632,0.072743764781879));
#2247=CARTESIAN_POINT('',(0.0178981704812737,0.0479225000074632,0.072743764781879));
#2248=CARTESIAN_POINT('',(0.0178981704812737,0.0612550000074632,0.063393764781879));
#2249=CARTESIAN_POINT('',(0.0178981704812737,0.0479225000074632,0.054043764781879));
#2250=CARTESIAN_POINT('',(0.0179001704812737,0.0479225000074632,0.054043764781879));
#2251=CARTESIAN_POINT('',(0.0158981704812737,0.0479225000074632,0.054043764781879));
#2252=CARTESIAN_POINT('',(0.0158981704812737,0.0612550000074632,0.063393764781879));
#2253=CARTESIAN_POINT('',(0.0158981704812737,0.0612550000074632,0.051033764781879));
#2254=CARTESIAN_POINT('',(0.0158981704812737,0.0612550000074632,0.075753764781879));
#2255=CARTESIAN_POINT('',(0.0200981704812737,0.0533000000074632,0.063393764781879));
#2256=CARTESIAN_POINT('',(0.0200981704812737,0.0612550000074632,0.077753764781879));
#2257=CARTESIAN_POINT('',(0.0200981704812737,0.0612550000074632,0.049033764781879));
#2258=CARTESIAN_POINT('',(0.000498170481273723,0.0523000000074632,0.051033764781879));
#2259=CARTESIAN_POINT('',(0.000498170481273687,0.0523000000074632,0.075753764781879));
#2260=CARTESIAN_POINT('',(0.000498170481273727,0.0523000000074632,0.049033764781879));
#2261=CARTESIAN_POINT('',(0.000498170481273683,0.0523000000074632,0.077753764781879));
#2262=MECHANICAL_DESIGN_GEOMETRIC_PRESENTATION_REPRESENTATION('',(#1371),
#2263);
#2263=(
GEOMETRIC_REPRESENTATION_CONTEXT(3)
GLOBAL_UNCERTAINTY_ASSIGNED_CONTEXT((#2264))
GLOBAL_UNIT_ASSIGNED_CONTEXT((#2267,#2266,#2265))
REPRESENTATION_CONTEXT('Link1','TOP_LEVEL_ASSEMBLY_PART')
);
#2264=UNCERTAINTY_MEASURE_WITH_UNIT(LENGTH_MEASURE(2.18295187203541E-5),
#2267,'DISTANCE_ACCURACY_VALUE','Maximum Tolerance applied to model');
#2265=(
NAMED_UNIT(*)
SI_UNIT($,.STERADIAN.)
SOLID_ANGLE_UNIT()
);
#2266=(
NAMED_UNIT(*)
PLANE_ANGLE_UNIT()
SI_UNIT($,.RADIAN.)
);
#2267=(
LENGTH_UNIT()
NAMED_UNIT(*)
SI_UNIT($,.METRE.)
);
#2268=PRODUCT_DEFINITION_SHAPE('','',#2269);
#2269=PRODUCT_DEFINITION('','',#2271,#2270);
#2270=PRODUCT_DEFINITION_CONTEXT('',#2277,'design');
#2271=PRODUCT_DEFINITION_FORMATION_WITH_SPECIFIED_SOURCE('','',#2273,
 .NOT_KNOWN.);
#2272=PRODUCT_RELATED_PRODUCT_CATEGORY('','',(#2273));
#2273=PRODUCT('Link1','Link1','Link1',(#2275));
#2274=PRODUCT_CATEGORY('','');
#2275=PRODUCT_CONTEXT('',#2277,'mechanical');
#2276=APPLICATION_PROTOCOL_DEFINITION('international standard',
'ap242_managed_model_based_3d_engineering',2020,#2277);
#2277=APPLICATION_CONTEXT('managed model based 3d engineering');
ENDSEC;
END-ISO-10303-21;
