ISO-10303-21;
HEADER;
/* Generated by software containing ST-Developer
 * from STEP Tools, Inc. (www.steptools.com) 
 */
/* OPTION: using custom renumber hook */

FILE_DESCRIPTION(
/* description */ ('STEP AP242 Edition 2',
'CAx-IF Rec.Pracs.---Representation and Presentation of Product Manufa
cturing Information (PMI)---4.0---2014-10-13',
'CAx-IF Rec.Pracs.---3D Tessellated Geometry---0.4---2014-09-14','2;1',
'CAx-IF Rec.Pracs.---User Defined Attributes---1.5---2016-08-15'),
/* implementation_level */ '2;1');

FILE_NAME(
/* name */ 'Hexarm - Follower - Link5 Follower',
/* time_stamp */ '2026-08-09T23:35:35Z',
/* author */ (''),
/* organization */ (''),
/* preprocessor_version */ 'ST-DEVELOPER v20',
/* originating_system */ 'ONSHAPE BY PTC INC, 1.219',
/* authorisation */ '  ');

FILE_SCHEMA (('AP242_MANAGED_MODEL_BASED_3D_ENGINEERING_MIM_LF { 1 0 10303 442 3 1 4 }'));
ENDSEC;

DATA;
#10=SHAPE_REPRESENTATION_RELATIONSHIP('','',#1809,#11);
#11=ADVANCED_BREP_SHAPE_REPRESENTATION('',(#1807),#3731);
#12=CIRCLE('',#1816,0.0016);
#13=CIRCLE('',#1817,0.0016);
#14=CIRCLE('',#1819,0.0016);
#15=CIRCLE('',#1820,0.0016);
#16=CIRCLE('',#1822,0.0016);
#17=CIRCLE('',#1823,0.0016);
#18=CIRCLE('',#1825,0.0016);
#19=CIRCLE('',#1826,0.0016);
#20=CIRCLE('',#1829,0.004125);
#21=CIRCLE('',#1831,0.00225);
#22=CIRCLE('',#1834,0.002);
#23=CIRCLE('',#1837,0.00225);
#24=CIRCLE('',#1840,0.002);
#25=CIRCLE('',#1842,0.001);
#26=CIRCLE('',#1844,0.001);
#27=CIRCLE('',#1847,0.001);
#28=CIRCLE('',#1848,0.001);
#29=CIRCLE('',#1851,0.002);
#30=CIRCLE('',#1852,0.002);
#31=CIRCLE('',#1861,0.001);
#32=CIRCLE('',#1863,0.002);
#33=CIRCLE('',#1866,0.001);
#34=CIRCLE('',#1868,0.002);
#35=CIRCLE('',#1871,0.001);
#36=CIRCLE('',#1873,0.002);
#37=CIRCLE('',#1876,0.001);
#38=CIRCLE('',#1878,0.002);
#39=CIRCLE('',#1903,0.00225);
#40=CIRCLE('',#1905,0.00275);
#41=CIRCLE('',#1906,0.00275);
#42=CIRCLE('',#1907,0.00275);
#43=CIRCLE('',#1908,0.00275);
#44=CIRCLE('',#1910,0.00275);
#45=CIRCLE('',#1913,0.00275);
#46=CIRCLE('',#1916,0.00275);
#47=CIRCLE('',#1919,0.00275);
#48=CIRCLE('',#1922,0.00225);
#49=CIRCLE('',#1924,0.004125);
#50=CIRCLE('',#1935,0.004125);
#51=CIRCLE('',#1937,0.004125);
#52=CIRCLE('',#1939,0.00225);
#53=CIRCLE('',#1941,0.004125);
#54=CIRCLE('',#1944,0.00225);
#55=CIRCLE('',#1946,0.004125);
#56=PLANE('',#1812);
#57=PLANE('',#1813);
#58=PLANE('',#1814);
#59=PLANE('',#1827);
#60=PLANE('',#1828);
#61=PLANE('',#1830);
#62=PLANE('',#1832);
#63=PLANE('',#1833);
#64=PLANE('',#1835);
#65=PLANE('',#1836);
#66=PLANE('',#1838);
#67=PLANE('',#1839);
#68=PLANE('',#1841);
#69=PLANE('',#1843);
#70=PLANE('',#1845);
#71=PLANE('',#1846);
#72=PLANE('',#1849);
#73=PLANE('',#1850);
#74=PLANE('',#1853);
#75=PLANE('',#1854);
#76=PLANE('',#1855);
#77=PLANE('',#1856);
#78=PLANE('',#1857);
#79=PLANE('',#1858);
#80=PLANE('',#1859);
#81=PLANE('',#1862);
#82=PLANE('',#1867);
#83=PLANE('',#1872);
#84=PLANE('',#1877);
#85=PLANE('',#1880);
#86=PLANE('',#1881);
#87=PLANE('',#1882);
#88=PLANE('',#1883);
#89=PLANE('',#1884);
#90=PLANE('',#1885);
#91=PLANE('',#1886);
#92=PLANE('',#1887);
#93=PLANE('',#1888);
#94=PLANE('',#1889);
#95=PLANE('',#1890);
#96=PLANE('',#1891);
#97=PLANE('',#1892);
#98=PLANE('',#1893);
#99=PLANE('',#1894);
#100=PLANE('',#1895);
#101=PLANE('',#1896);
#102=PLANE('',#1897);
#103=PLANE('',#1898);
#104=PLANE('',#1899);
#105=PLANE('',#1900);
#106=PLANE('',#1901);
#107=PLANE('',#1902);
#108=PLANE('',#1904);
#109=PLANE('',#1911);
#110=PLANE('',#1914);
#111=PLANE('',#1917);
#112=PLANE('',#1920);
#113=PLANE('',#1923);
#114=PLANE('',#1926);
#115=PLANE('',#1927);
#116=PLANE('',#1928);
#117=PLANE('',#1929);
#118=PLANE('',#1930);
#119=PLANE('',#1931);
#120=PLANE('',#1932);
#121=PLANE('',#1933);
#122=PLANE('',#1934);
#123=PLANE('',#1936);
#124=PLANE('',#1940);
#125=PLANE('',#1945);
#126=B_SPLINE_SURFACE_WITH_KNOTS('',3,3,((#2416,#2417,#2418,#2419),(#2420,
#2421,#2422,#2423),(#2424,#2425,#2426,#2427),(#2428,#2429,#2430,#2431),
(#2432,#2433,#2434,#2435),(#2436,#2437,#2438,#2439),(#2440,#2441,#2442,
#2443),(#2444,#2445,#2446,#2447),(#2448,#2449,#2450,#2451),(#2452,#2453,
#2454,#2455),(#2456,#2457,#2458,#2459),(#2460,#2461,#2462,#2463),(#2464,
#2465,#2466,#2467),(#2468,#2469,#2470,#2471),(#2472,#2473,#2474,#2475),
(#2476,#2477,#2478,#2479),(#2480,#2481,#2482,#2483),(#2484,#2485,#2486,
#2487),(#2488,#2489,#2490,#2491),(#2492,#2493,#2494,#2495),(#2496,#2497,
#2498,#2499),(#2500,#2501,#2502,#2503),(#2504,#2505,#2506,#2507),(#2508,
#2509,#2510,#2511),(#2512,#2513,#2514,#2515),(#2516,#2517,#2518,#2519),
(#2520,#2521,#2522,#2523),(#2524,#2525,#2526,#2527),(#2528,#2529,#2530,
#2531),(#2532,#2533,#2534,#2535)),.UNSPECIFIED.,.F.,.F.,.F.,(4,2,2,2,2,
2,2,2,2,2,2,2,2,2,4),(4,4),(0.,0.0625,0.125,0.1875,0.25,0.375,0.4375,0.5,
0.5625,0.625,0.75,0.8125,0.875,0.9375,1.),(0.,1.),.UNSPECIFIED.);
#127=B_SPLINE_SURFACE_WITH_KNOTS('',3,3,((#2708,#2709,#2710,#2711),(#2712,
#2713,#2714,#2715),(#2716,#2717,#2718,#2719),(#2720,#2721,#2722,#2723)),
 .UNSPECIFIED.,.F.,.F.,.F.,(4,4),(4,4),(0.991919282534581,1.),(0.,1.),
 .PIECEWISE_BEZIER_KNOTS.);
#128=B_SPLINE_SURFACE_WITH_KNOTS('',3,3,((#2742,#2743,#2744,#2745),(#2746,
#2747,#2748,#2749),(#2750,#2751,#2752,#2753),(#2754,#2755,#2756,#2757),
(#2758,#2759,#2760,#2761),(#2762,#2763,#2764,#2765)),.UNSPECIFIED.,.F.,
 .F.,.F.,(4,2,4),(4,4),(0.,0.0625,0.112750911038084),(0.,0.434746514245319),
 .UNSPECIFIED.);
#129=B_SPLINE_SURFACE_WITH_KNOTS('',3,3,((#2783,#2784,#2785,#2786),(#2787,
#2788,#2789,#2790),(#2791,#2792,#2793,#2794),(#2795,#2796,#2797,#2798),
(#2799,#2800,#2801,#2802),(#2803,#2804,#2805,#2806),(#2807,#2808,#2809,
#2810),(#2811,#2812,#2813,#2814),(#2815,#2816,#2817,#2818),(#2819,#2820,
#2821,#2822)),.UNSPECIFIED.,.F.,.F.,.F.,(4,2,2,2,4),(4,4),(0.,0.0625,0.125,
0.1875,0.220566844919788),(0.,1.),.UNSPECIFIED.);
#130=B_SPLINE_SURFACE_WITH_KNOTS('',3,3,((#3028,#3029,#3030,#3031),(#3032,
#3033,#3034,#3035),(#3036,#3037,#3038,#3039),(#3040,#3041,#3042,#3043),
(#3044,#3045,#3046,#3047),(#3048,#3049,#3050,#3051),(#3052,#3053,#3054,
#3055),(#3056,#3057,#3058,#3059),(#3060,#3061,#3062,#3063),(#3064,#3065,
#3066,#3067),(#3068,#3069,#3070,#3071),(#3072,#3073,#3074,#3075),(#3076,
#3077,#3078,#3079),(#3080,#3081,#3082,#3083),(#3084,#3085,#3086,#3087),
(#3088,#3089,#3090,#3091),(#3092,#3093,#3094,#3095),(#3096,#3097,#3098,
#3099),(#3100,#3101,#3102,#3103),(#3104,#3105,#3106,#3107),(#3108,#3109,
#3110,#3111),(#3112,#3113,#3114,#3115),(#3116,#3117,#3118,#3119),(#3120,
#3121,#3122,#3123),(#3124,#3125,#3126,#3127),(#3128,#3129,#3130,#3131),
(#3132,#3133,#3134,#3135),(#3136,#3137,#3138,#3139),(#3140,#3141,#3142,
#3143),(#3144,#3145,#3146,#3147),(#3148,#3149,#3150,#3151),(#3152,#3153,
#3154,#3155),(#3156,#3157,#3158,#3159),(#3160,#3161,#3162,#3163)),
 .UNSPECIFIED.,.F.,.F.,.F.,(4,2,2,2,2,2,2,2,2,2,2,2,2,2,2,2,4),(4,4),(0.,
0.0625,0.09375,0.125,0.1875,0.25,0.375,0.4375,0.5,0.5625,0.625,0.6875,0.75,
0.8125,0.875,0.9375,1.),(0.,1.),.UNSPECIFIED.);
#131=B_SPLINE_SURFACE_WITH_KNOTS('',3,3,((#3168,#3169,#3170,#3171),(#3172,
#3173,#3174,#3175),(#3176,#3177,#3178,#3179),(#3180,#3181,#3182,#3183)),
 .UNSPECIFIED.,.F.,.F.,.F.,(4,4),(4,4),(0.,0.0245980222067826),(0.,1.),
 .PIECEWISE_BEZIER_KNOTS.);
#132=B_SPLINE_SURFACE_WITH_KNOTS('',3,3,((#3198,#3199,#3200,#3201),(#3202,
#3203,#3204,#3205),(#3206,#3207,#3208,#3209),(#3210,#3211,#3212,#3213),
(#3214,#3215,#3216,#3217),(#3218,#3219,#3220,#3221),(#3222,#3223,#3224,
#3225),(#3226,#3227,#3228,#3229),(#3230,#3231,#3232,#3233),(#3234,#3235,
#3236,#3237),(#3238,#3239,#3240,#3241),(#3242,#3243,#3244,#3245),(#3246,
#3247,#3248,#3249),(#3250,#3251,#3252,#3253),(#3254,#3255,#3256,#3257),
(#3258,#3259,#3260,#3261),(#3262,#3263,#3264,#3265),(#3266,#3267,#3268,
#3269),(#3270,#3271,#3272,#3273),(#3274,#3275,#3276,#3277),(#3278,#3279,
#3280,#3281),(#3282,#3283,#3284,#3285),(#3286,#3287,#3288,#3289),(#3290,
#3291,#3292,#3293),(#3294,#3295,#3296,#3297),(#3298,#3299,#3300,#3301),
(#3302,#3303,#3304,#3305),(#3306,#3307,#3308,#3309),(#3310,#3311,#3312,
#3313),(#3314,#3315,#3316,#3317),(#3318,#3319,#3320,#3321),(#3322,#3323,
#3324,#3325),(#3326,#3327,#3328,#3329),(#3330,#3331,#3332,#3333)),
 .UNSPECIFIED.,.F.,.F.,.F.,(4,2,2,2,2,2,2,2,2,2,2,2,2,2,2,2,4),(4,4),(0.,
0.0625,0.125,0.1875,0.25,0.3125,0.375,0.4375,0.5,0.5625,0.625,0.75,0.8125,
0.875,0.90625,0.9375,1.),(0.,1.),.UNSPECIFIED.);
#133=B_SPLINE_SURFACE_WITH_KNOTS('',3,3,((#3338,#3339,#3340,#3341),(#3342,
#3343,#3344,#3345),(#3346,#3347,#3348,#3349),(#3350,#3351,#3352,#3353)),
 .UNSPECIFIED.,.F.,.F.,.F.,(4,4),(4,4),(0.,1.),(0.,1.),
 .PIECEWISE_BEZIER_KNOTS.);
#134=B_SPLINE_SURFACE_WITH_KNOTS('',3,3,((#3358,#3359,#3360,#3361),(#3362,
#3363,#3364,#3365),(#3366,#3367,#3368,#3369),(#3370,#3371,#3372,#3373),
(#3374,#3375,#3376,#3377),(#3378,#3379,#3380,#3381),(#3382,#3383,#3384,
#3385),(#3386,#3387,#3388,#3389),(#3390,#3391,#3392,#3393),(#3394,#3395,
#3396,#3397)),.UNSPECIFIED.,.F.,.F.,.F.,(4,2,2,2,4),(4,4),(0.779433155080209,
0.8125,0.875,0.9375,1.),(0.,1.),.UNSPECIFIED.);
#135=B_SPLINE_SURFACE_WITH_KNOTS('',3,3,((#3410,#3411,#3412,#3413),(#3414,
#3415,#3416,#3417),(#3418,#3419,#3420,#3421),(#3422,#3423,#3424,#3425),
(#3426,#3427,#3428,#3429),(#3430,#3431,#3432,#3433),(#3434,#3435,#3436,
#3437),(#3438,#3439,#3440,#3441),(#3442,#3443,#3444,#3445),(#3446,#3447,
#3448,#3449),(#3450,#3451,#3452,#3453),(#3454,#3455,#3456,#3457),(#3458,
#3459,#3460,#3461),(#3462,#3463,#3464,#3465),(#3466,#3467,#3468,#3469),
(#3470,#3471,#3472,#3473),(#3474,#3475,#3476,#3477),(#3478,#3479,#3480,
#3481),(#3482,#3483,#3484,#3485),(#3486,#3487,#3488,#3489),(#3490,#3491,
#3492,#3493),(#3494,#3495,#3496,#3497),(#3498,#3499,#3500,#3501),(#3502,
#3503,#3504,#3505),(#3506,#3507,#3508,#3509),(#3510,#3511,#3512,#3513)),
 .UNSPECIFIED.,.F.,.F.,.F.,(4,2,2,2,2,2,2,2,2,2,2,2,4),(4,4),(0.,0.0625,
0.125,0.1875,0.25,0.375,0.5,0.625,0.75,0.8125,0.875,0.9375,1.),(0.,1.),
 .UNSPECIFIED.);
#136=B_SPLINE_SURFACE_WITH_KNOTS('',3,3,((#3514,#3515,#3516,#3517),(#3518,
#3519,#3520,#3521),(#3522,#3523,#3524,#3525),(#3526,#3527,#3528,#3529),
(#3530,#3531,#3532,#3533),(#3534,#3535,#3536,#3537),(#3538,#3539,#3540,
#3541),(#3542,#3543,#3544,#3545),(#3546,#3547,#3548,#3549),(#3550,#3551,
#3552,#3553),(#3554,#3555,#3556,#3557),(#3558,#3559,#3560,#3561),(#3562,
#3563,#3564,#3565),(#3566,#3567,#3568,#3569),(#3570,#3571,#3572,#3573),
(#3574,#3575,#3576,#3577),(#3578,#3579,#3580,#3581),(#3582,#3583,#3584,
#3585),(#3586,#3587,#3588,#3589),(#3590,#3591,#3592,#3593),(#3594,#3595,
#3596,#3597),(#3598,#3599,#3600,#3601),(#3602,#3603,#3604,#3605),(#3606,
#3607,#3608,#3609),(#3610,#3611,#3612,#3613),(#3614,#3615,#3616,#3617)),
 .UNSPECIFIED.,.F.,.F.,.F.,(4,2,2,2,2,2,2,2,2,2,2,2,4),(4,4),(0.,0.0625,
0.125,0.1875,0.25,0.375,0.5,0.625,0.75,0.8125,0.875,0.9375,1.),(0.,1.),
 .UNSPECIFIED.);
#137=B_SPLINE_CURVE_WITH_KNOTS('',3,(#2393,#2394,#2395,#2396),
 .UNSPECIFIED.,.F.,.F.,(4,4),(0.,0.000104607928996543),.UNSPECIFIED.);
#138=B_SPLINE_CURVE_WITH_KNOTS('',3,(#2398,#2399,#2400,#2401),
 .UNSPECIFIED.,.F.,.F.,(4,4),(7.00965674667307E-16,0.0035189491559602),
 .UNSPECIFIED.);
#139=B_SPLINE_CURVE_WITH_KNOTS('',3,(#2405,#2406,#2407,#2408),
 .UNSPECIFIED.,.F.,.F.,(4,4),(0.000191690894725237,0.000679412109748248),
 .UNSPECIFIED.);
#140=B_SPLINE_CURVE_WITH_KNOTS('',3,(#2412,#2413,#2414,#2415),
 .UNSPECIFIED.,.F.,.F.,(4,4),(6.6110847418729E-11,0.000539361185184063),
 .UNSPECIFIED.);
#141=B_SPLINE_CURVE_WITH_KNOTS('',3,(#2536,#2537,#2538,#2539),
 .UNSPECIFIED.,.F.,.F.,(4,4),(1.04083408558608E-16,0.0102054023631099),
 .UNSPECIFIED.);
#142=B_SPLINE_CURVE_WITH_KNOTS('',3,(#2542,#2543,#2544,#2545,#2546,#2547),
 .UNSPECIFIED.,.F.,.F.,(4,1,1,4),(0.,0.000973739066281802,0.0019474781325636,
0.00389495626512721),.UNSPECIFIED.);
#143=B_SPLINE_CURVE_WITH_KNOTS('',3,(#2549,#2550,#2551,#2552),
 .UNSPECIFIED.,.F.,.F.,(4,4),(0.,1.),.PIECEWISE_BEZIER_KNOTS.);
#144=B_SPLINE_CURVE_WITH_KNOTS('',3,(#2556,#2557,#2558,#2559),
 .UNSPECIFIED.,.F.,.F.,(4,4),(0.,1.),.PIECEWISE_BEZIER_KNOTS.);
#145=B_SPLINE_CURVE_WITH_KNOTS('',3,(#2561,#2562,#2563,#2564),
 .UNSPECIFIED.,.F.,.F.,(4,4),(-0.00196109047994745,0.0105002144607835),
 .UNSPECIFIED.);
#146=B_SPLINE_CURVE_WITH_KNOTS('',3,(#2565,#2566,#2567,#2568),
 .UNSPECIFIED.,.F.,.F.,(4,4),(0.000117913522207555,0.010180921461291),
 .UNSPECIFIED.);
#147=B_SPLINE_CURVE_WITH_KNOTS('',3,(#2724,#2725,#2726,#2727),
 .UNSPECIFIED.,.F.,.F.,(4,4),(0.,1.),.PIECEWISE_BEZIER_KNOTS.);
#148=B_SPLINE_CURVE_WITH_KNOTS('',3,(#2730,#2731,#2732,#2733,#2734,#2735,
#2736,#2737,#2738,#2739),.UNSPECIFIED.,.F.,.F.,(4,1,1,1,1,1,1,4),(0.,0.000463105169342745,
0.00092621033868549,0.00185242067737098,0.00277863101605647,0.00370484135474196,
0.00555726203211294,0.00740968270948392),.UNSPECIFIED.);
#149=B_SPLINE_CURVE_WITH_KNOTS('',3,(#2766,#2767,#2768,#2769,#2770,#2771),
 .UNSPECIFIED.,.F.,.F.,(4,1,1,4),(0.,0.000998783353608569,0.00199756670721714,
0.00399513341443428),.UNSPECIFIED.);
#150=B_SPLINE_CURVE_WITH_KNOTS('',3,(#2774,#2775,#2776,#2777),
 .UNSPECIFIED.,.F.,.F.,(4,4),(0.00261630898591307,0.0041833625966282),
 .UNSPECIFIED.);
#151=B_SPLINE_CURVE_WITH_KNOTS('',3,(#2779,#2780,#2781,#2782),
 .UNSPECIFIED.,.F.,.F.,(4,4),(0.,1.),.PIECEWISE_BEZIER_KNOTS.);
#152=B_SPLINE_CURVE_WITH_KNOTS('',3,(#2826,#2827,#2828,#2829,#2830,#2831,
#2832,#2833),.UNSPECIFIED.,.F.,.F.,(4,1,1,1,1,4),(0.,0.000657557937315403,
0.00131511587463081,0.00263023174926161,0.00394534762389242,0.00526046349852323),
 .UNSPECIFIED.);
#153=B_SPLINE_CURVE_WITH_KNOTS('',3,(#2837,#2838,#2839,#2840),
 .UNSPECIFIED.,.F.,.F.,(4,4),(0.,1.),.PIECEWISE_BEZIER_KNOTS.);
#154=B_SPLINE_CURVE_WITH_KNOTS('',3,(#3164,#3165,#3166,#3167),
 .UNSPECIFIED.,.F.,.F.,(4,4),(0.,1.),.PIECEWISE_BEZIER_KNOTS.);
#155=B_SPLINE_CURVE_WITH_KNOTS('',3,(#3184,#3185,#3186,#3187,#3188,#3189,
#3190,#3191,#3192,#3193),.UNSPECIFIED.,.F.,.F.,(4,1,1,1,1,1,1,4),(0.,0.000460351157696099,
0.000920702315392198,0.0018414046307844,0.00276210694617659,0.00368280926156879,
0.00552421389235319,0.00736561852313758),.UNSPECIFIED.);
#156=B_SPLINE_CURVE_WITH_KNOTS('',3,(#3194,#3195,#3196,#3197),
 .UNSPECIFIED.,.F.,.F.,(4,4),(0.,1.),.PIECEWISE_BEZIER_KNOTS.);
#157=B_SPLINE_CURVE_WITH_KNOTS('',3,(#3334,#3335,#3336,#3337),
 .UNSPECIFIED.,.F.,.F.,(4,4),(0.,1.),.PIECEWISE_BEZIER_KNOTS.);
#158=B_SPLINE_CURVE_WITH_KNOTS('',3,(#3398,#3399,#3400,#3401,#3402,#3403,
#3404,#3405),.UNSPECIFIED.,.F.,.F.,(4,1,1,1,1,4),(6.93889390390723E-18,
0.000640115234918827,0.00128023046983765,0.00256046093967529,0.00384069140951293,
0.00512092187935057),.UNSPECIFIED.);
#159=B_SPLINE_CURVE_WITH_KNOTS('',3,(#3406,#3407,#3408,#3409),
 .UNSPECIFIED.,.F.,.F.,(4,4),(0.,1.),.PIECEWISE_BEZIER_KNOTS.);
#160=B_SPLINE_CURVE_WITH_KNOTS('',3,(#3618,#3619,#3620,#3621),
 .UNSPECIFIED.,.F.,.F.,(4,4),(0.,8.06173988057619E-5),.UNSPECIFIED.);
#161=B_SPLINE_CURVE_WITH_KNOTS('',3,(#3622,#3623,#3624,#3625),
 .UNSPECIFIED.,.F.,.F.,(4,4),(0.,6.85549524757814E-5),.UNSPECIFIED.);
#162=ORIENTED_EDGE('',*,*,#628,.T.);
#163=ORIENTED_EDGE('',*,*,#629,.T.);
#164=ORIENTED_EDGE('',*,*,#630,.F.);
#165=ORIENTED_EDGE('',*,*,#631,.T.);
#166=ORIENTED_EDGE('',*,*,#632,.F.);
#167=ORIENTED_EDGE('',*,*,#633,.F.);
#168=ORIENTED_EDGE('',*,*,#634,.F.);
#169=ORIENTED_EDGE('',*,*,#635,.F.);
#170=ORIENTED_EDGE('',*,*,#636,.F.);
#171=ORIENTED_EDGE('',*,*,#637,.T.);
#172=ORIENTED_EDGE('',*,*,#638,.T.);
#173=ORIENTED_EDGE('',*,*,#639,.F.);
#174=ORIENTED_EDGE('',*,*,#640,.T.);
#175=ORIENTED_EDGE('',*,*,#632,.T.);
#176=ORIENTED_EDGE('',*,*,#641,.T.);
#177=ORIENTED_EDGE('',*,*,#642,.F.);
#178=ORIENTED_EDGE('',*,*,#641,.F.);
#179=ORIENTED_EDGE('',*,*,#631,.F.);
#180=ORIENTED_EDGE('',*,*,#643,.F.);
#181=ORIENTED_EDGE('',*,*,#644,.T.);
#182=ORIENTED_EDGE('',*,*,#645,.T.);
#183=ORIENTED_EDGE('',*,*,#646,.F.);
#184=ORIENTED_EDGE('',*,*,#647,.F.);
#185=ORIENTED_EDGE('',*,*,#648,.F.);
#186=ORIENTED_EDGE('',*,*,#649,.T.);
#187=ORIENTED_EDGE('',*,*,#650,.T.);
#188=ORIENTED_EDGE('',*,*,#651,.T.);
#189=ORIENTED_EDGE('',*,*,#652,.F.);
#190=ORIENTED_EDGE('',*,*,#653,.T.);
#191=ORIENTED_EDGE('',*,*,#654,.F.);
#192=ORIENTED_EDGE('',*,*,#655,.F.);
#193=ORIENTED_EDGE('',*,*,#656,.F.);
#194=ORIENTED_EDGE('',*,*,#657,.T.);
#195=ORIENTED_EDGE('',*,*,#658,.T.);
#196=ORIENTED_EDGE('',*,*,#659,.T.);
#197=ORIENTED_EDGE('',*,*,#660,.T.);
#198=ORIENTED_EDGE('',*,*,#661,.T.);
#199=ORIENTED_EDGE('',*,*,#662,.T.);
#200=ORIENTED_EDGE('',*,*,#663,.T.);
#201=ORIENTED_EDGE('',*,*,#664,.T.);
#202=ORIENTED_EDGE('',*,*,#665,.F.);
#203=ORIENTED_EDGE('',*,*,#666,.T.);
#204=ORIENTED_EDGE('',*,*,#667,.F.);
#205=ORIENTED_EDGE('',*,*,#668,.T.);
#206=ORIENTED_EDGE('',*,*,#669,.T.);
#207=ORIENTED_EDGE('',*,*,#657,.F.);
#208=ORIENTED_EDGE('',*,*,#659,.F.);
#209=ORIENTED_EDGE('',*,*,#661,.F.);
#210=ORIENTED_EDGE('',*,*,#663,.F.);
#211=ORIENTED_EDGE('',*,*,#670,.F.);
#212=ORIENTED_EDGE('',*,*,#671,.F.);
#213=ORIENTED_EDGE('',*,*,#672,.F.);
#214=ORIENTED_EDGE('',*,*,#673,.T.);
#215=ORIENTED_EDGE('',*,*,#674,.F.);
#216=ORIENTED_EDGE('',*,*,#675,.F.);
#217=ORIENTED_EDGE('',*,*,#676,.F.);
#218=ORIENTED_EDGE('',*,*,#677,.T.);
#219=ORIENTED_EDGE('',*,*,#678,.T.);
#220=ORIENTED_EDGE('',*,*,#679,.F.);
#221=ORIENTED_EDGE('',*,*,#680,.T.);
#222=ORIENTED_EDGE('',*,*,#681,.F.);
#223=ORIENTED_EDGE('',*,*,#682,.T.);
#224=ORIENTED_EDGE('',*,*,#683,.F.);
#225=ORIENTED_EDGE('',*,*,#684,.T.);
#226=ORIENTED_EDGE('',*,*,#685,.T.);
#227=ORIENTED_EDGE('',*,*,#686,.F.);
#228=ORIENTED_EDGE('',*,*,#687,.F.);
#229=ORIENTED_EDGE('',*,*,#688,.F.);
#230=ORIENTED_EDGE('',*,*,#689,.F.);
#231=ORIENTED_EDGE('',*,*,#690,.T.);
#232=ORIENTED_EDGE('',*,*,#691,.F.);
#233=ORIENTED_EDGE('',*,*,#646,.T.);
#234=ORIENTED_EDGE('',*,*,#692,.T.);
#235=ORIENTED_EDGE('',*,*,#693,.F.);
#236=ORIENTED_EDGE('',*,*,#694,.F.);
#237=ORIENTED_EDGE('',*,*,#695,.F.);
#238=ORIENTED_EDGE('',*,*,#696,.T.);
#239=ORIENTED_EDGE('',*,*,#643,.T.);
#240=ORIENTED_EDGE('',*,*,#697,.T.);
#241=ORIENTED_EDGE('',*,*,#698,.F.);
#242=ORIENTED_EDGE('',*,*,#682,.F.);
#243=ORIENTED_EDGE('',*,*,#699,.T.);
#244=ORIENTED_EDGE('',*,*,#700,.T.);
#245=ORIENTED_EDGE('',*,*,#701,.T.);
#246=ORIENTED_EDGE('',*,*,#702,.T.);
#247=ORIENTED_EDGE('',*,*,#683,.T.);
#248=ORIENTED_EDGE('',*,*,#698,.T.);
#249=ORIENTED_EDGE('',*,*,#703,.F.);
#250=ORIENTED_EDGE('',*,*,#704,.F.);
#251=ORIENTED_EDGE('',*,*,#705,.T.);
#252=ORIENTED_EDGE('',*,*,#706,.F.);
#253=ORIENTED_EDGE('',*,*,#707,.T.);
#254=ORIENTED_EDGE('',*,*,#708,.T.);
#255=ORIENTED_EDGE('',*,*,#709,.T.);
#256=ORIENTED_EDGE('',*,*,#710,.T.);
#257=ORIENTED_EDGE('',*,*,#711,.T.);
#258=ORIENTED_EDGE('',*,*,#712,.T.);
#259=ORIENTED_EDGE('',*,*,#713,.F.);
#260=ORIENTED_EDGE('',*,*,#714,.T.);
#261=ORIENTED_EDGE('',*,*,#715,.T.);
#262=ORIENTED_EDGE('',*,*,#716,.F.);
#263=ORIENTED_EDGE('',*,*,#717,.F.);
#264=ORIENTED_EDGE('',*,*,#718,.T.);
#265=ORIENTED_EDGE('',*,*,#719,.F.);
#266=ORIENTED_EDGE('',*,*,#720,.F.);
#267=ORIENTED_EDGE('',*,*,#721,.F.);
#268=ORIENTED_EDGE('',*,*,#656,.T.);
#269=ORIENTED_EDGE('',*,*,#722,.T.);
#270=ORIENTED_EDGE('',*,*,#723,.F.);
#271=ORIENTED_EDGE('',*,*,#724,.F.);
#272=ORIENTED_EDGE('',*,*,#725,.F.);
#273=ORIENTED_EDGE('',*,*,#726,.F.);
#274=ORIENTED_EDGE('',*,*,#727,.T.);
#275=ORIENTED_EDGE('',*,*,#728,.F.);
#276=ORIENTED_EDGE('',*,*,#652,.T.);
#277=ORIENTED_EDGE('',*,*,#729,.T.);
#278=ORIENTED_EDGE('',*,*,#730,.T.);
#279=ORIENTED_EDGE('',*,*,#731,.T.);
#280=ORIENTED_EDGE('',*,*,#732,.F.);
#281=ORIENTED_EDGE('',*,*,#714,.F.);
#282=ORIENTED_EDGE('',*,*,#733,.F.);
#283=ORIENTED_EDGE('',*,*,#710,.F.);
#284=ORIENTED_EDGE('',*,*,#734,.F.);
#285=ORIENTED_EDGE('',*,*,#735,.T.);
#286=ORIENTED_EDGE('',*,*,#736,.F.);
#287=ORIENTED_EDGE('',*,*,#653,.F.);
#288=ORIENTED_EDGE('',*,*,#728,.T.);
#289=ORIENTED_EDGE('',*,*,#716,.T.);
#290=ORIENTED_EDGE('',*,*,#737,.T.);
#291=ORIENTED_EDGE('',*,*,#738,.F.);
#292=ORIENTED_EDGE('',*,*,#739,.F.);
#293=ORIENTED_EDGE('',*,*,#740,.F.);
#294=ORIENTED_EDGE('',*,*,#741,.T.);
#295=ORIENTED_EDGE('',*,*,#742,.T.);
#296=ORIENTED_EDGE('',*,*,#743,.F.);
#297=ORIENTED_EDGE('',*,*,#744,.F.);
#298=ORIENTED_EDGE('',*,*,#745,.F.);
#299=ORIENTED_EDGE('',*,*,#746,.T.);
#300=ORIENTED_EDGE('',*,*,#747,.T.);
#301=ORIENTED_EDGE('',*,*,#748,.F.);
#302=ORIENTED_EDGE('',*,*,#749,.F.);
#303=ORIENTED_EDGE('',*,*,#750,.F.);
#304=ORIENTED_EDGE('',*,*,#751,.F.);
#305=ORIENTED_EDGE('',*,*,#742,.F.);
#306=ORIENTED_EDGE('',*,*,#752,.T.);
#307=ORIENTED_EDGE('',*,*,#753,.T.);
#308=ORIENTED_EDGE('',*,*,#754,.F.);
#309=ORIENTED_EDGE('',*,*,#747,.F.);
#310=ORIENTED_EDGE('',*,*,#755,.T.);
#311=ORIENTED_EDGE('',*,*,#756,.F.);
#312=ORIENTED_EDGE('',*,*,#725,.T.);
#313=ORIENTED_EDGE('',*,*,#757,.T.);
#314=ORIENTED_EDGE('',*,*,#753,.F.);
#315=ORIENTED_EDGE('',*,*,#758,.F.);
#316=ORIENTED_EDGE('',*,*,#686,.T.);
#317=ORIENTED_EDGE('',*,*,#759,.T.);
#318=ORIENTED_EDGE('',*,*,#760,.F.);
#319=ORIENTED_EDGE('',*,*,#761,.T.);
#320=ORIENTED_EDGE('',*,*,#762,.T.);
#321=ORIENTED_EDGE('',*,*,#763,.F.);
#322=ORIENTED_EDGE('',*,*,#764,.F.);
#323=ORIENTED_EDGE('',*,*,#765,.T.);
#324=ORIENTED_EDGE('',*,*,#654,.T.);
#325=ORIENTED_EDGE('',*,*,#736,.T.);
#326=ORIENTED_EDGE('',*,*,#766,.T.);
#327=ORIENTED_EDGE('',*,*,#703,.T.);
#328=ORIENTED_EDGE('',*,*,#697,.F.);
#329=ORIENTED_EDGE('',*,*,#648,.T.);
#330=ORIENTED_EDGE('',*,*,#767,.F.);
#331=ORIENTED_EDGE('',*,*,#768,.T.);
#332=ORIENTED_EDGE('',*,*,#722,.F.);
#333=ORIENTED_EDGE('',*,*,#655,.T.);
#334=ORIENTED_EDGE('',*,*,#765,.F.);
#335=ORIENTED_EDGE('',*,*,#769,.T.);
#336=ORIENTED_EDGE('',*,*,#689,.T.);
#337=ORIENTED_EDGE('',*,*,#770,.T.);
#338=ORIENTED_EDGE('',*,*,#771,.T.);
#339=ORIENTED_EDGE('',*,*,#772,.T.);
#340=ORIENTED_EDGE('',*,*,#773,.T.);
#341=ORIENTED_EDGE('',*,*,#774,.T.);
#342=ORIENTED_EDGE('',*,*,#743,.T.);
#343=ORIENTED_EDGE('',*,*,#751,.T.);
#344=ORIENTED_EDGE('',*,*,#775,.F.);
#345=ORIENTED_EDGE('',*,*,#776,.F.);
#346=ORIENTED_EDGE('',*,*,#755,.F.);
#347=ORIENTED_EDGE('',*,*,#746,.F.);
#348=ORIENTED_EDGE('',*,*,#724,.T.);
#349=ORIENTED_EDGE('',*,*,#748,.T.);
#350=ORIENTED_EDGE('',*,*,#754,.T.);
#351=ORIENTED_EDGE('',*,*,#757,.F.);
#352=ORIENTED_EDGE('',*,*,#687,.T.);
#353=ORIENTED_EDGE('',*,*,#758,.T.);
#354=ORIENTED_EDGE('',*,*,#752,.F.);
#355=ORIENTED_EDGE('',*,*,#741,.F.);
#356=ORIENTED_EDGE('',*,*,#777,.F.);
#357=ORIENTED_EDGE('',*,*,#690,.F.);
#358=ORIENTED_EDGE('',*,*,#769,.F.);
#359=ORIENTED_EDGE('',*,*,#764,.T.);
#360=ORIENTED_EDGE('',*,*,#749,.T.);
#361=ORIENTED_EDGE('',*,*,#723,.T.);
#362=ORIENTED_EDGE('',*,*,#768,.F.);
#363=ORIENTED_EDGE('',*,*,#778,.T.);
#364=ORIENTED_EDGE('',*,*,#740,.T.);
#365=ORIENTED_EDGE('',*,*,#779,.F.);
#366=ORIENTED_EDGE('',*,*,#770,.F.);
#367=ORIENTED_EDGE('',*,*,#688,.T.);
#368=ORIENTED_EDGE('',*,*,#780,.F.);
#369=ORIENTED_EDGE('',*,*,#744,.T.);
#370=ORIENTED_EDGE('',*,*,#780,.T.);
#371=ORIENTED_EDGE('',*,*,#781,.F.);
#372=ORIENTED_EDGE('',*,*,#781,.T.);
#373=ORIENTED_EDGE('',*,*,#772,.F.);
#374=ORIENTED_EDGE('',*,*,#782,.F.);
#375=ORIENTED_EDGE('',*,*,#738,.T.);
#376=ORIENTED_EDGE('',*,*,#782,.T.);
#377=ORIENTED_EDGE('',*,*,#783,.F.);
#378=ORIENTED_EDGE('',*,*,#783,.T.);
#379=ORIENTED_EDGE('',*,*,#771,.F.);
#380=ORIENTED_EDGE('',*,*,#762,.F.);
#381=ORIENTED_EDGE('',*,*,#784,.F.);
#382=ORIENTED_EDGE('',*,*,#784,.T.);
#383=ORIENTED_EDGE('',*,*,#785,.F.);
#384=ORIENTED_EDGE('',*,*,#785,.T.);
#385=ORIENTED_EDGE('',*,*,#699,.F.);
#386=ORIENTED_EDGE('',*,*,#761,.F.);
#387=ORIENTED_EDGE('',*,*,#786,.F.);
#388=ORIENTED_EDGE('',*,*,#786,.T.);
#389=ORIENTED_EDGE('',*,*,#787,.F.);
#390=ORIENTED_EDGE('',*,*,#787,.T.);
#391=ORIENTED_EDGE('',*,*,#737,.F.);
#392=ORIENTED_EDGE('',*,*,#773,.F.);
#393=ORIENTED_EDGE('',*,*,#750,.T.);
#394=ORIENTED_EDGE('',*,*,#776,.T.);
#395=ORIENTED_EDGE('',*,*,#788,.F.);
#396=ORIENTED_EDGE('',*,*,#767,.T.);
#397=ORIENTED_EDGE('',*,*,#779,.T.);
#398=ORIENTED_EDGE('',*,*,#739,.T.);
#399=ORIENTED_EDGE('',*,*,#774,.F.);
#400=ORIENTED_EDGE('',*,*,#788,.T.);
#401=ORIENTED_EDGE('',*,*,#775,.T.);
#402=ORIENTED_EDGE('',*,*,#745,.T.);
#403=ORIENTED_EDGE('',*,*,#778,.F.);
#404=ORIENTED_EDGE('',*,*,#789,.F.);
#405=ORIENTED_EDGE('',*,*,#790,.T.);
#406=ORIENTED_EDGE('',*,*,#638,.F.);
#407=ORIENTED_EDGE('',*,*,#791,.F.);
#408=ORIENTED_EDGE('',*,*,#792,.T.);
#409=ORIENTED_EDGE('',*,*,#759,.F.);
#410=ORIENTED_EDGE('',*,*,#685,.F.);
#411=ORIENTED_EDGE('',*,*,#790,.F.);
#412=ORIENTED_EDGE('',*,*,#789,.T.);
#413=ORIENTED_EDGE('',*,*,#793,.T.);
#414=ORIENTED_EDGE('',*,*,#760,.T.);
#415=ORIENTED_EDGE('',*,*,#792,.F.);
#416=ORIENTED_EDGE('',*,*,#791,.T.);
#417=ORIENTED_EDGE('',*,*,#726,.T.);
#418=ORIENTED_EDGE('',*,*,#756,.T.);
#419=ORIENTED_EDGE('',*,*,#793,.F.);
#420=ORIENTED_EDGE('',*,*,#674,.T.);
#421=ORIENTED_EDGE('',*,*,#794,.F.);
#422=ORIENTED_EDGE('',*,*,#795,.F.);
#423=ORIENTED_EDGE('',*,*,#796,.T.);
#424=ORIENTED_EDGE('',*,*,#670,.T.);
#425=ORIENTED_EDGE('',*,*,#797,.F.);
#426=ORIENTED_EDGE('',*,*,#798,.F.);
#427=ORIENTED_EDGE('',*,*,#799,.T.);
#428=ORIENTED_EDGE('',*,*,#679,.T.);
#429=ORIENTED_EDGE('',*,*,#800,.F.);
#430=ORIENTED_EDGE('',*,*,#801,.F.);
#431=ORIENTED_EDGE('',*,*,#797,.T.);
#432=ORIENTED_EDGE('',*,*,#675,.T.);
#433=ORIENTED_EDGE('',*,*,#796,.F.);
#434=ORIENTED_EDGE('',*,*,#802,.F.);
#435=ORIENTED_EDGE('',*,*,#803,.T.);
#436=ORIENTED_EDGE('',*,*,#678,.F.);
#437=ORIENTED_EDGE('',*,*,#804,.T.);
#438=ORIENTED_EDGE('',*,*,#733,.T.);
#439=ORIENTED_EDGE('',*,*,#805,.F.);
#440=ORIENTED_EDGE('',*,*,#636,.T.);
#441=ORIENTED_EDGE('',*,*,#806,.T.);
#442=ORIENTED_EDGE('',*,*,#800,.T.);
#443=ORIENTED_EDGE('',*,*,#807,.F.);
#444=ORIENTED_EDGE('',*,*,#676,.T.);
#445=ORIENTED_EDGE('',*,*,#803,.F.);
#446=ORIENTED_EDGE('',*,*,#808,.F.);
#447=ORIENTED_EDGE('',*,*,#629,.F.);
#448=ORIENTED_EDGE('',*,*,#809,.F.);
#449=ORIENTED_EDGE('',*,*,#711,.F.);
#450=ORIENTED_EDGE('',*,*,#810,.F.);
#451=ORIENTED_EDGE('',*,*,#707,.F.);
#452=ORIENTED_EDGE('',*,*,#735,.F.);
#453=ORIENTED_EDGE('',*,*,#708,.F.);
#454=ORIENTED_EDGE('',*,*,#804,.F.);
#455=ORIENTED_EDGE('',*,*,#811,.T.);
#456=ORIENTED_EDGE('',*,*,#812,.F.);
#457=ORIENTED_EDGE('',*,*,#813,.F.);
#458=ORIENTED_EDGE('',*,*,#706,.T.);
#459=ORIENTED_EDGE('',*,*,#813,.T.);
#460=ORIENTED_EDGE('',*,*,#700,.F.);
#461=ORIENTED_EDGE('',*,*,#814,.F.);
#462=ORIENTED_EDGE('',*,*,#807,.T.);
#463=ORIENTED_EDGE('',*,*,#814,.T.);
#464=ORIENTED_EDGE('',*,*,#766,.F.);
#465=ORIENTED_EDGE('',*,*,#811,.F.);
#466=ORIENTED_EDGE('',*,*,#677,.F.);
#467=ORIENTED_EDGE('',*,*,#721,.T.);
#468=ORIENTED_EDGE('',*,*,#815,.T.);
#469=ORIENTED_EDGE('',*,*,#816,.F.);
#470=ORIENTED_EDGE('',*,*,#649,.F.);
#471=ORIENTED_EDGE('',*,*,#817,.F.);
#472=ORIENTED_EDGE('',*,*,#704,.T.);
#473=ORIENTED_EDGE('',*,*,#818,.T.);
#474=ORIENTED_EDGE('',*,*,#702,.F.);
#475=ORIENTED_EDGE('',*,*,#717,.T.);
#476=ORIENTED_EDGE('',*,*,#727,.F.);
#477=ORIENTED_EDGE('',*,*,#637,.F.);
#478=ORIENTED_EDGE('',*,*,#805,.T.);
#479=ORIENTED_EDGE('',*,*,#819,.F.);
#480=ORIENTED_EDGE('',*,*,#639,.T.);
#481=ORIENTED_EDGE('',*,*,#684,.F.);
#482=ORIENTED_EDGE('',*,*,#818,.F.);
#483=ORIENTED_EDGE('',*,*,#810,.T.);
#484=ORIENTED_EDGE('',*,*,#713,.T.);
#485=ORIENTED_EDGE('',*,*,#820,.T.);
#486=ORIENTED_EDGE('',*,*,#634,.T.);
#487=ORIENTED_EDGE('',*,*,#701,.F.);
#488=ORIENTED_EDGE('',*,*,#812,.T.);
#489=ORIENTED_EDGE('',*,*,#705,.F.);
#490=ORIENTED_EDGE('',*,*,#817,.T.);
#491=ORIENTED_EDGE('',*,*,#709,.F.);
#492=ORIENTED_EDGE('',*,*,#734,.T.);
#493=ORIENTED_EDGE('',*,*,#715,.F.);
#494=ORIENTED_EDGE('',*,*,#732,.T.);
#495=ORIENTED_EDGE('',*,*,#640,.F.);
#496=ORIENTED_EDGE('',*,*,#819,.T.);
#497=ORIENTED_EDGE('',*,*,#633,.T.);
#498=ORIENTED_EDGE('',*,*,#809,.T.);
#499=ORIENTED_EDGE('',*,*,#628,.F.);
#500=ORIENTED_EDGE('',*,*,#820,.F.);
#501=ORIENTED_EDGE('',*,*,#712,.F.);
#502=ORIENTED_EDGE('',*,*,#720,.T.);
#503=ORIENTED_EDGE('',*,*,#821,.F.);
#504=ORIENTED_EDGE('',*,*,#822,.F.);
#505=ORIENTED_EDGE('',*,*,#815,.F.);
#506=ORIENTED_EDGE('',*,*,#691,.T.);
#507=ORIENTED_EDGE('',*,*,#777,.T.);
#508=ORIENTED_EDGE('',*,*,#763,.T.);
#509=ORIENTED_EDGE('',*,*,#647,.T.);
#510=ORIENTED_EDGE('',*,*,#794,.T.);
#511=ORIENTED_EDGE('',*,*,#673,.F.);
#512=ORIENTED_EDGE('',*,*,#823,.F.);
#513=ORIENTED_EDGE('',*,*,#824,.T.);
#514=ORIENTED_EDGE('',*,*,#667,.T.);
#515=ORIENTED_EDGE('',*,*,#825,.T.);
#516=ORIENTED_EDGE('',*,*,#799,.F.);
#517=ORIENTED_EDGE('',*,*,#826,.F.);
#518=ORIENTED_EDGE('',*,*,#665,.T.);
#519=ORIENTED_EDGE('',*,*,#827,.T.);
#520=ORIENTED_EDGE('',*,*,#828,.T.);
#521=ORIENTED_EDGE('',*,*,#671,.T.);
#522=ORIENTED_EDGE('',*,*,#823,.T.);
#523=ORIENTED_EDGE('',*,*,#672,.T.);
#524=ORIENTED_EDGE('',*,*,#828,.F.);
#525=ORIENTED_EDGE('',*,*,#829,.F.);
#526=ORIENTED_EDGE('',*,*,#830,.T.);
#527=ORIENTED_EDGE('',*,*,#824,.F.);
#528=ORIENTED_EDGE('',*,*,#829,.T.);
#529=ORIENTED_EDGE('',*,*,#827,.F.);
#530=ORIENTED_EDGE('',*,*,#668,.F.);
#531=ORIENTED_EDGE('',*,*,#831,.F.);
#532=ORIENTED_EDGE('',*,*,#832,.F.);
#533=ORIENTED_EDGE('',*,*,#833,.F.);
#534=ORIENTED_EDGE('',*,*,#834,.F.);
#535=ORIENTED_EDGE('',*,*,#795,.T.);
#536=ORIENTED_EDGE('',*,*,#825,.F.);
#537=ORIENTED_EDGE('',*,*,#666,.F.);
#538=ORIENTED_EDGE('',*,*,#826,.T.);
#539=ORIENTED_EDGE('',*,*,#798,.T.);
#540=ORIENTED_EDGE('',*,*,#801,.T.);
#541=ORIENTED_EDGE('',*,*,#806,.F.);
#542=ORIENTED_EDGE('',*,*,#635,.T.);
#543=ORIENTED_EDGE('',*,*,#642,.T.);
#544=ORIENTED_EDGE('',*,*,#630,.T.);
#545=ORIENTED_EDGE('',*,*,#808,.T.);
#546=ORIENTED_EDGE('',*,*,#802,.T.);
#547=ORIENTED_EDGE('',*,*,#835,.F.);
#548=ORIENTED_EDGE('',*,*,#834,.T.);
#549=ORIENTED_EDGE('',*,*,#662,.F.);
#550=ORIENTED_EDGE('',*,*,#835,.T.);
#551=ORIENTED_EDGE('',*,*,#836,.F.);
#552=ORIENTED_EDGE('',*,*,#833,.T.);
#553=ORIENTED_EDGE('',*,*,#658,.F.);
#554=ORIENTED_EDGE('',*,*,#836,.T.);
#555=ORIENTED_EDGE('',*,*,#837,.F.);
#556=ORIENTED_EDGE('',*,*,#832,.T.);
#557=ORIENTED_EDGE('',*,*,#660,.F.);
#558=ORIENTED_EDGE('',*,*,#837,.T.);
#559=ORIENTED_EDGE('',*,*,#838,.F.);
#560=ORIENTED_EDGE('',*,*,#831,.T.);
#561=ORIENTED_EDGE('',*,*,#664,.F.);
#562=ORIENTED_EDGE('',*,*,#838,.T.);
#563=ORIENTED_EDGE('',*,*,#830,.F.);
#564=ORIENTED_EDGE('',*,*,#839,.F.);
#565=ORIENTED_EDGE('',*,*,#839,.T.);
#566=ORIENTED_EDGE('',*,*,#840,.F.);
#567=ORIENTED_EDGE('',*,*,#840,.T.);
#568=ORIENTED_EDGE('',*,*,#669,.F.);
#569=ORIENTED_EDGE('',*,*,#841,.F.);
#570=ORIENTED_EDGE('',*,*,#842,.T.);
#571=ORIENTED_EDGE('',*,*,#821,.T.);
#572=ORIENTED_EDGE('',*,*,#719,.T.);
#573=ORIENTED_EDGE('',*,*,#651,.F.);
#574=ORIENTED_EDGE('',*,*,#843,.F.);
#575=ORIENTED_EDGE('',*,*,#844,.T.);
#576=ORIENTED_EDGE('',*,*,#729,.F.);
#577=ORIENTED_EDGE('',*,*,#681,.T.);
#578=ORIENTED_EDGE('',*,*,#845,.F.);
#579=ORIENTED_EDGE('',*,*,#846,.T.);
#580=ORIENTED_EDGE('',*,*,#695,.T.);
#581=ORIENTED_EDGE('',*,*,#645,.F.);
#582=ORIENTED_EDGE('',*,*,#847,.F.);
#583=ORIENTED_EDGE('',*,*,#848,.T.);
#584=ORIENTED_EDGE('',*,*,#692,.F.);
#585=ORIENTED_EDGE('',*,*,#848,.F.);
#586=ORIENTED_EDGE('',*,*,#849,.F.);
#587=ORIENTED_EDGE('',*,*,#850,.T.);
#588=ORIENTED_EDGE('',*,*,#693,.T.);
#589=ORIENTED_EDGE('',*,*,#850,.F.);
#590=ORIENTED_EDGE('',*,*,#851,.T.);
#591=ORIENTED_EDGE('',*,*,#845,.T.);
#592=ORIENTED_EDGE('',*,*,#694,.T.);
#593=ORIENTED_EDGE('',*,*,#841,.T.);
#594=ORIENTED_EDGE('',*,*,#731,.F.);
#595=ORIENTED_EDGE('',*,*,#852,.F.);
#596=ORIENTED_EDGE('',*,*,#853,.T.);
#597=ORIENTED_EDGE('',*,*,#844,.F.);
#598=ORIENTED_EDGE('',*,*,#854,.F.);
#599=ORIENTED_EDGE('',*,*,#852,.T.);
#600=ORIENTED_EDGE('',*,*,#730,.F.);
#601=ORIENTED_EDGE('',*,*,#855,.T.);
#602=ORIENTED_EDGE('',*,*,#843,.T.);
#603=ORIENTED_EDGE('',*,*,#650,.F.);
#604=ORIENTED_EDGE('',*,*,#816,.T.);
#605=ORIENTED_EDGE('',*,*,#822,.T.);
#606=ORIENTED_EDGE('',*,*,#842,.F.);
#607=ORIENTED_EDGE('',*,*,#853,.F.);
#608=ORIENTED_EDGE('',*,*,#854,.T.);
#609=ORIENTED_EDGE('',*,*,#856,.T.);
#610=ORIENTED_EDGE('',*,*,#696,.F.);
#611=ORIENTED_EDGE('',*,*,#846,.F.);
#612=ORIENTED_EDGE('',*,*,#851,.F.);
#613=ORIENTED_EDGE('',*,*,#849,.T.);
#614=ORIENTED_EDGE('',*,*,#847,.T.);
#615=ORIENTED_EDGE('',*,*,#644,.F.);
#616=ORIENTED_EDGE('',*,*,#680,.F.);
#617=ORIENTED_EDGE('',*,*,#857,.F.);
#618=ORIENTED_EDGE('',*,*,#857,.T.);
#619=ORIENTED_EDGE('',*,*,#858,.F.);
#620=ORIENTED_EDGE('',*,*,#858,.T.);
#621=ORIENTED_EDGE('',*,*,#856,.F.);
#622=ORIENTED_EDGE('',*,*,#718,.F.);
#623=ORIENTED_EDGE('',*,*,#859,.F.);
#624=ORIENTED_EDGE('',*,*,#859,.T.);
#625=ORIENTED_EDGE('',*,*,#860,.F.);
#626=ORIENTED_EDGE('',*,*,#860,.T.);
#627=ORIENTED_EDGE('',*,*,#855,.F.);
#628=EDGE_CURVE('',#861,#862,#1025,.T.);
#629=EDGE_CURVE('',#862,#863,#137,.T.);
#630=EDGE_CURVE('',#864,#863,#138,.T.);
#631=EDGE_CURVE('',#864,#865,#1026,.T.);
#632=EDGE_CURVE('',#866,#865,#139,.T.);
#633=EDGE_CURVE('',#867,#866,#1027,.T.);
#634=EDGE_CURVE('',#861,#867,#140,.T.);
#635=EDGE_CURVE('',#868,#869,#141,.T.);
#636=EDGE_CURVE('',#870,#868,#142,.T.);
#637=EDGE_CURVE('',#870,#871,#143,.T.);
#638=EDGE_CURVE('',#871,#872,#1028,.T.);
#639=EDGE_CURVE('',#873,#872,#144,.T.);
#640=EDGE_CURVE('',#873,#866,#145,.T.);
#641=EDGE_CURVE('',#865,#869,#146,.T.);
#642=EDGE_CURVE('',#869,#864,#1029,.T.);
#643=EDGE_CURVE('',#874,#875,#1030,.T.);
#644=EDGE_CURVE('',#874,#876,#1031,.T.);
#645=EDGE_CURVE('',#876,#877,#1032,.T.);
#646=EDGE_CURVE('',#878,#877,#1033,.T.);
#647=EDGE_CURVE('',#879,#878,#1034,.T.);
#648=EDGE_CURVE('',#875,#879,#1035,.T.);
#649=EDGE_CURVE('',#880,#881,#1036,.T.);
#650=EDGE_CURVE('',#881,#882,#1037,.T.);
#651=EDGE_CURVE('',#882,#883,#1038,.T.);
#652=EDGE_CURVE('',#884,#883,#1039,.T.);
#653=EDGE_CURVE('',#884,#885,#1040,.T.);
#654=EDGE_CURVE('',#886,#885,#1041,.T.);
#655=EDGE_CURVE('',#887,#886,#1042,.T.);
#656=EDGE_CURVE('',#880,#887,#1043,.T.);
#657=EDGE_CURVE('',#888,#888,#12,.F.);
#658=EDGE_CURVE('',#889,#889,#13,.T.);
#659=EDGE_CURVE('',#890,#890,#14,.F.);
#660=EDGE_CURVE('',#891,#891,#15,.T.);
#661=EDGE_CURVE('',#892,#892,#16,.F.);
#662=EDGE_CURVE('',#893,#893,#17,.T.);
#663=EDGE_CURVE('',#894,#894,#18,.F.);
#664=EDGE_CURVE('',#895,#895,#19,.T.);
#665=EDGE_CURVE('',#896,#897,#1044,.T.);
#666=EDGE_CURVE('',#896,#898,#1045,.T.);
#667=EDGE_CURVE('',#899,#898,#1046,.T.);
#668=EDGE_CURVE('',#899,#897,#1047,.T.);
#669=EDGE_CURVE('',#900,#900,#20,.T.);
#670=EDGE_CURVE('',#901,#902,#1048,.T.);
#671=EDGE_CURVE('',#903,#901,#1049,.T.);
#672=EDGE_CURVE('',#904,#903,#1050,.T.);
#673=EDGE_CURVE('',#904,#905,#1051,.T.);
#674=EDGE_CURVE('',#906,#905,#1052,.T.);
#675=EDGE_CURVE('',#907,#906,#1053,.T.);
#676=EDGE_CURVE('',#908,#907,#1054,.T.);
#677=EDGE_CURVE('',#908,#909,#1055,.T.);
#678=EDGE_CURVE('',#909,#910,#1056,.T.);
#679=EDGE_CURVE('',#902,#910,#1057,.T.);
#680=EDGE_CURVE('',#911,#911,#21,.F.);
#681=EDGE_CURVE('',#912,#913,#1058,.T.);
#682=EDGE_CURVE('',#912,#914,#1059,.T.);
#683=EDGE_CURVE('',#915,#914,#1060,.T.);
#684=EDGE_CURVE('',#915,#872,#1061,.F.);
#685=EDGE_CURVE('',#872,#916,#1062,.T.);
#686=EDGE_CURVE('',#917,#916,#1063,.T.);
#687=EDGE_CURVE('',#918,#917,#1064,.T.);
#688=EDGE_CURVE('',#919,#918,#1065,.T.);
#689=EDGE_CURVE('',#920,#919,#1066,.T.);
#690=EDGE_CURVE('',#920,#921,#1067,.T.);
#691=EDGE_CURVE('',#878,#921,#1068,.T.);
#692=EDGE_CURVE('',#877,#922,#1069,.T.);
#693=EDGE_CURVE('',#923,#922,#1070,.T.);
#694=EDGE_CURVE('',#913,#923,#1071,.T.);
#695=EDGE_CURVE('',#924,#912,#1072,.T.);
#696=EDGE_CURVE('',#924,#874,#1073,.T.);
#697=EDGE_CURVE('',#875,#925,#1074,.T.);
#698=EDGE_CURVE('',#914,#925,#1075,.T.);
#699=EDGE_CURVE('',#926,#926,#22,.T.);
#700=EDGE_CURVE('',#927,#928,#1076,.F.);
#701=EDGE_CURVE('',#928,#929,#1077,.T.);
#702=EDGE_CURVE('',#929,#915,#1078,.T.);
#703=EDGE_CURVE('',#927,#925,#1079,.T.);
#704=EDGE_CURVE('',#930,#931,#1080,.F.);
#705=EDGE_CURVE('',#930,#932,#1081,.T.);
#706=EDGE_CURVE('',#933,#932,#1082,.T.);
#707=EDGE_CURVE('',#933,#931,#1083,.T.);
#708=EDGE_CURVE('',#934,#935,#147,.T.);
#709=EDGE_CURVE('',#935,#936,#148,.T.);
#710=EDGE_CURVE('',#936,#934,#1084,.T.);
#711=EDGE_CURVE('',#937,#938,#149,.T.);
#712=EDGE_CURVE('',#938,#939,#150,.T.);
#713=EDGE_CURVE('',#937,#939,#151,.T.);
#714=EDGE_CURVE('',#940,#941,#1085,.F.);
#715=EDGE_CURVE('',#941,#942,#152,.T.);
#716=EDGE_CURVE('',#943,#942,#1086,.T.);
#717=EDGE_CURVE('',#940,#943,#153,.T.);
#718=EDGE_CURVE('',#944,#944,#23,.F.);
#719=EDGE_CURVE('',#945,#946,#1087,.T.);
#720=EDGE_CURVE('',#947,#945,#1088,.T.);
#721=EDGE_CURVE('',#880,#947,#1089,.T.);
#722=EDGE_CURVE('',#887,#948,#1090,.T.);
#723=EDGE_CURVE('',#949,#948,#1091,.T.);
#724=EDGE_CURVE('',#950,#949,#1092,.T.);
#725=EDGE_CURVE('',#951,#950,#1093,.T.);
#726=EDGE_CURVE('',#871,#951,#1094,.T.);
#727=EDGE_CURVE('',#871,#943,#1095,.F.);
#728=EDGE_CURVE('',#884,#943,#1096,.T.);
#729=EDGE_CURVE('',#883,#952,#1097,.T.);
#730=EDGE_CURVE('',#952,#953,#1098,.T.);
#731=EDGE_CURVE('',#953,#946,#1099,.T.);
#732=EDGE_CURVE('',#941,#936,#1100,.T.);
#733=EDGE_CURVE('',#934,#940,#1101,.T.);
#734=EDGE_CURVE('',#935,#942,#1102,.T.);
#735=EDGE_CURVE('',#935,#954,#1103,.T.);
#736=EDGE_CURVE('',#885,#954,#1104,.T.);
#737=EDGE_CURVE('',#955,#955,#24,.T.);
#738=EDGE_CURVE('',#956,#956,#25,.F.);
#739=EDGE_CURVE('',#957,#958,#1105,.T.);
#740=EDGE_CURVE('',#918,#957,#1106,.T.);
#741=EDGE_CURVE('',#918,#959,#1107,.T.);
#742=EDGE_CURVE('',#959,#960,#1108,.T.);
#743=EDGE_CURVE('',#958,#960,#1109,.T.);
#744=EDGE_CURVE('',#961,#961,#26,.F.);
#745=EDGE_CURVE('',#962,#963,#1110,.T.);
#746=EDGE_CURVE('',#962,#964,#1111,.T.);
#747=EDGE_CURVE('',#964,#965,#1112,.T.);
#748=EDGE_CURVE('',#949,#965,#1113,.T.);
#749=EDGE_CURVE('',#963,#949,#1114,.T.);
#750=EDGE_CURVE('',#966,#967,#1115,.T.);
#751=EDGE_CURVE('',#960,#966,#1116,.T.);
#752=EDGE_CURVE('',#959,#968,#1117,.T.);
#753=EDGE_CURVE('',#968,#969,#1118,.T.);
#754=EDGE_CURVE('',#965,#969,#1119,.T.);
#755=EDGE_CURVE('',#964,#967,#1120,.T.);
#756=EDGE_CURVE('',#951,#970,#1121,.T.);
#757=EDGE_CURVE('',#950,#969,#1122,.T.);
#758=EDGE_CURVE('',#917,#968,#1123,.T.);
#759=EDGE_CURVE('',#916,#971,#1124,.T.);
#760=EDGE_CURVE('',#970,#971,#1125,.T.);
#761=EDGE_CURVE('',#972,#972,#27,.F.);
#762=EDGE_CURVE('',#973,#973,#28,.F.);
#763=EDGE_CURVE('',#974,#879,#1126,.T.);
#764=EDGE_CURVE('',#975,#974,#1127,.T.);
#765=EDGE_CURVE('',#975,#886,#1128,.T.);
#766=EDGE_CURVE('',#954,#927,#1129,.T.);
#767=EDGE_CURVE('',#976,#977,#1130,.T.);
#768=EDGE_CURVE('',#976,#948,#1131,.T.);
#769=EDGE_CURVE('',#975,#920,#1132,.T.);
#770=EDGE_CURVE('',#919,#977,#1133,.T.);
#771=EDGE_CURVE('',#978,#978,#29,.T.);
#772=EDGE_CURVE('',#979,#979,#30,.T.);
#773=EDGE_CURVE('',#966,#980,#1134,.T.);
#774=EDGE_CURVE('',#980,#958,#1135,.T.);
#775=EDGE_CURVE('',#981,#962,#1136,.T.);
#776=EDGE_CURVE('',#967,#981,#1137,.T.);
#777=EDGE_CURVE('',#921,#974,#1138,.T.);
#778=EDGE_CURVE('',#976,#963,#1139,.T.);
#779=EDGE_CURVE('',#977,#957,#1140,.T.);
#780=EDGE_CURVE('',#982,#982,#31,.T.);
#781=EDGE_CURVE('',#983,#983,#32,.T.);
#782=EDGE_CURVE('',#984,#984,#33,.T.);
#783=EDGE_CURVE('',#985,#985,#34,.T.);
#784=EDGE_CURVE('',#986,#986,#35,.T.);
#785=EDGE_CURVE('',#987,#987,#36,.T.);
#786=EDGE_CURVE('',#988,#988,#37,.T.);
#787=EDGE_CURVE('',#989,#989,#38,.T.);
#788=EDGE_CURVE('',#980,#981,#1141,.T.);
#789=EDGE_CURVE('',#990,#991,#1142,.T.);
#790=EDGE_CURVE('',#990,#872,#1143,.T.);
#791=EDGE_CURVE('',#991,#871,#1144,.T.);
#792=EDGE_CURVE('',#990,#971,#1145,.T.);
#793=EDGE_CURVE('',#991,#970,#1146,.T.);
#794=EDGE_CURVE('',#992,#905,#1147,.T.);
#795=EDGE_CURVE('',#993,#992,#1148,.T.);
#796=EDGE_CURVE('',#993,#906,#1149,.T.);
#797=EDGE_CURVE('',#994,#902,#1150,.T.);
#798=EDGE_CURVE('',#995,#994,#1151,.T.);
#799=EDGE_CURVE('',#995,#901,#1152,.T.);
#800=EDGE_CURVE('',#996,#910,#1153,.T.);
#801=EDGE_CURVE('',#994,#996,#1154,.T.);
#802=EDGE_CURVE('',#997,#993,#1155,.T.);
#803=EDGE_CURVE('',#997,#907,#1156,.T.);
#804=EDGE_CURVE('',#909,#934,#1157,.T.);
#805=EDGE_CURVE('',#870,#940,#1158,.F.);
#806=EDGE_CURVE('',#868,#996,#1159,.T.);
#807=EDGE_CURVE('',#908,#933,#1160,.T.);
#808=EDGE_CURVE('',#863,#997,#1161,.T.);
#809=EDGE_CURVE('',#938,#862,#1162,.T.);
#810=EDGE_CURVE('',#931,#937,#1163,.T.);
#811=EDGE_CURVE('',#909,#954,#154,.T.);
#812=EDGE_CURVE('',#928,#932,#155,.T.);
#813=EDGE_CURVE('',#933,#928,#156,.T.);
#814=EDGE_CURVE('',#908,#927,#157,.T.);
#815=EDGE_CURVE('',#947,#998,#1164,.T.);
#816=EDGE_CURVE('',#881,#998,#1165,.T.);
#817=EDGE_CURVE('',#930,#929,#158,.T.);
#818=EDGE_CURVE('',#931,#915,#159,.T.);
#819=EDGE_CURVE('',#873,#867,#160,.T.);
#820=EDGE_CURVE('',#939,#861,#161,.T.);
#821=EDGE_CURVE('',#999,#945,#1166,.T.);
#822=EDGE_CURVE('',#998,#999,#1167,.T.);
#823=EDGE_CURVE('',#1000,#904,#1168,.T.);
#824=EDGE_CURVE('',#1000,#899,#1169,.T.);
#825=EDGE_CURVE('',#898,#992,#1170,.T.);
#826=EDGE_CURVE('',#896,#995,#1171,.T.);
#827=EDGE_CURVE('',#897,#1001,#1172,.T.);
#828=EDGE_CURVE('',#1001,#903,#1173,.T.);
#829=EDGE_CURVE('',#1000,#1001,#1174,.T.);
#830=EDGE_CURVE('',#1002,#1002,#39,.F.);
#831=EDGE_CURVE('',#1003,#1003,#40,.T.);
#832=EDGE_CURVE('',#1004,#1004,#41,.T.);
#833=EDGE_CURVE('',#1005,#1005,#42,.T.);
#834=EDGE_CURVE('',#1006,#1006,#43,.T.);
#835=EDGE_CURVE('',#1007,#1007,#44,.T.);
#836=EDGE_CURVE('',#1008,#1008,#45,.T.);
#837=EDGE_CURVE('',#1009,#1009,#46,.T.);
#838=EDGE_CURVE('',#1010,#1010,#47,.T.);
#839=EDGE_CURVE('',#1011,#1011,#48,.T.);
#840=EDGE_CURVE('',#1012,#1012,#49,.T.);
#841=EDGE_CURVE('',#1013,#946,#1175,.T.);
#842=EDGE_CURVE('',#1013,#999,#1176,.T.);
#843=EDGE_CURVE('',#1014,#882,#1177,.T.);
#844=EDGE_CURVE('',#1014,#952,#1178,.T.);
#845=EDGE_CURVE('',#1015,#913,#1179,.T.);
#846=EDGE_CURVE('',#1015,#924,#1180,.T.);
#847=EDGE_CURVE('',#1016,#876,#1181,.T.);
#848=EDGE_CURVE('',#1016,#922,#1182,.T.);
#849=EDGE_CURVE('',#1017,#1016,#1183,.T.);
#850=EDGE_CURVE('',#1017,#923,#1184,.T.);
#851=EDGE_CURVE('',#1017,#1015,#1185,.T.);
#852=EDGE_CURVE('',#1018,#953,#1186,.T.);
#853=EDGE_CURVE('',#1018,#1013,#1187,.T.);
#854=EDGE_CURVE('',#1018,#1014,#1188,.T.);
#855=EDGE_CURVE('',#1019,#1019,#50,.T.);
#856=EDGE_CURVE('',#1020,#1020,#51,.T.);
#857=EDGE_CURVE('',#1021,#1021,#52,.T.);
#858=EDGE_CURVE('',#1022,#1022,#53,.T.);
#859=EDGE_CURVE('',#1023,#1023,#54,.T.);
#860=EDGE_CURVE('',#1024,#1024,#55,.T.);
#861=VERTEX_POINT('',#2391);
#862=VERTEX_POINT('',#2392);
#863=VERTEX_POINT('',#2397);
#864=VERTEX_POINT('',#2402);
#865=VERTEX_POINT('',#2404);
#866=VERTEX_POINT('',#2409);
#867=VERTEX_POINT('',#2411);
#868=VERTEX_POINT('',#2540);
#869=VERTEX_POINT('',#2541);
#870=VERTEX_POINT('',#2548);
#871=VERTEX_POINT('',#2553);
#872=VERTEX_POINT('',#2555);
#873=VERTEX_POINT('',#2560);
#874=VERTEX_POINT('',#2573);
#875=VERTEX_POINT('',#2574);
#876=VERTEX_POINT('',#2576);
#877=VERTEX_POINT('',#2578);
#878=VERTEX_POINT('',#2580);
#879=VERTEX_POINT('',#2582);
#880=VERTEX_POINT('',#2586);
#881=VERTEX_POINT('',#2587);
#882=VERTEX_POINT('',#2589);
#883=VERTEX_POINT('',#2591);
#884=VERTEX_POINT('',#2593);
#885=VERTEX_POINT('',#2595);
#886=VERTEX_POINT('',#2597);
#887=VERTEX_POINT('',#2599);
#888=VERTEX_POINT('',#2603);
#889=VERTEX_POINT('',#2605);
#890=VERTEX_POINT('',#2608);
#891=VERTEX_POINT('',#2610);
#892=VERTEX_POINT('',#2613);
#893=VERTEX_POINT('',#2615);
#894=VERTEX_POINT('',#2618);
#895=VERTEX_POINT('',#2620);
#896=VERTEX_POINT('',#2623);
#897=VERTEX_POINT('',#2624);
#898=VERTEX_POINT('',#2626);
#899=VERTEX_POINT('',#2628);
#900=VERTEX_POINT('',#2632);
#901=VERTEX_POINT('',#2634);
#902=VERTEX_POINT('',#2635);
#903=VERTEX_POINT('',#2637);
#904=VERTEX_POINT('',#2639);
#905=VERTEX_POINT('',#2641);
#906=VERTEX_POINT('',#2643);
#907=VERTEX_POINT('',#2645);
#908=VERTEX_POINT('',#2647);
#909=VERTEX_POINT('',#2649);
#910=VERTEX_POINT('',#2651);
#911=VERTEX_POINT('',#2655);
#912=VERTEX_POINT('',#2657);
#913=VERTEX_POINT('',#2658);
#914=VERTEX_POINT('',#2660);
#915=VERTEX_POINT('',#2662);
#916=VERTEX_POINT('',#2665);
#917=VERTEX_POINT('',#2667);
#918=VERTEX_POINT('',#2669);
#919=VERTEX_POINT('',#2671);
#920=VERTEX_POINT('',#2673);
#921=VERTEX_POINT('',#2675);
#922=VERTEX_POINT('',#2678);
#923=VERTEX_POINT('',#2680);
#924=VERTEX_POINT('',#2684);
#925=VERTEX_POINT('',#2687);
#926=VERTEX_POINT('',#2691);
#927=VERTEX_POINT('',#2693);
#928=VERTEX_POINT('',#2694);
#929=VERTEX_POINT('',#2696);
#930=VERTEX_POINT('',#2701);
#931=VERTEX_POINT('',#2702);
#932=VERTEX_POINT('',#2704);
#933=VERTEX_POINT('',#2706);
#934=VERTEX_POINT('',#2728);
#935=VERTEX_POINT('',#2729);
#936=VERTEX_POINT('',#2740);
#937=VERTEX_POINT('',#2772);
#938=VERTEX_POINT('',#2773);
#939=VERTEX_POINT('',#2778);
#940=VERTEX_POINT('',#2824);
#941=VERTEX_POINT('',#2825);
#942=VERTEX_POINT('',#2834);
#943=VERTEX_POINT('',#2836);
#944=VERTEX_POINT('',#2843);
#945=VERTEX_POINT('',#2845);
#946=VERTEX_POINT('',#2846);
#947=VERTEX_POINT('',#2848);
#948=VERTEX_POINT('',#2851);
#949=VERTEX_POINT('',#2853);
#950=VERTEX_POINT('',#2855);
#951=VERTEX_POINT('',#2857);
#952=VERTEX_POINT('',#2862);
#953=VERTEX_POINT('',#2864);
#954=VERTEX_POINT('',#2872);
#955=VERTEX_POINT('',#2875);
#956=VERTEX_POINT('',#2878);
#957=VERTEX_POINT('',#2880);
#958=VERTEX_POINT('',#2881);
#959=VERTEX_POINT('',#2884);
#960=VERTEX_POINT('',#2886);
#961=VERTEX_POINT('',#2890);
#962=VERTEX_POINT('',#2892);
#963=VERTEX_POINT('',#2893);
#964=VERTEX_POINT('',#2895);
#965=VERTEX_POINT('',#2897);
#966=VERTEX_POINT('',#2902);
#967=VERTEX_POINT('',#2903);
#968=VERTEX_POINT('',#2906);
#969=VERTEX_POINT('',#2908);
#970=VERTEX_POINT('',#2913);
#971=VERTEX_POINT('',#2917);
#972=VERTEX_POINT('',#2920);
#973=VERTEX_POINT('',#2922);
#974=VERTEX_POINT('',#2925);
#975=VERTEX_POINT('',#2927);
#976=VERTEX_POINT('',#2932);
#977=VERTEX_POINT('',#2933);
#978=VERTEX_POINT('',#2938);
#979=VERTEX_POINT('',#2940);
#980=VERTEX_POINT('',#2943);
#981=VERTEX_POINT('',#2947);
#982=VERTEX_POINT('',#2959);
#983=VERTEX_POINT('',#2962);
#984=VERTEX_POINT('',#2966);
#985=VERTEX_POINT('',#2969);
#986=VERTEX_POINT('',#2973);
#987=VERTEX_POINT('',#2976);
#988=VERTEX_POINT('',#2980);
#989=VERTEX_POINT('',#2983);
#990=VERTEX_POINT('',#2990);
#991=VERTEX_POINT('',#2991);
#992=VERTEX_POINT('',#3001);
#993=VERTEX_POINT('',#3003);
#994=VERTEX_POINT('',#3007);
#995=VERTEX_POINT('',#3009);
#996=VERTEX_POINT('',#3013);
#997=VERTEX_POINT('',#3017);
#998=VERTEX_POINT('',#3356);
#999=VERTEX_POINT('',#3632);
#1000=VERTEX_POINT('',#3637);
#1001=VERTEX_POINT('',#3643);
#1002=VERTEX_POINT('',#3649);
#1003=VERTEX_POINT('',#3652);
#1004=VERTEX_POINT('',#3654);
#1005=VERTEX_POINT('',#3656);
#1006=VERTEX_POINT('',#3658);
#1007=VERTEX_POINT('',#3661);
#1008=VERTEX_POINT('',#3665);
#1009=VERTEX_POINT('',#3669);
#1010=VERTEX_POINT('',#3673);
#1011=VERTEX_POINT('',#3677);
#1012=VERTEX_POINT('',#3680);
#1013=VERTEX_POINT('',#3684);
#1014=VERTEX_POINT('',#3688);
#1015=VERTEX_POINT('',#3692);
#1016=VERTEX_POINT('',#3696);
#1017=VERTEX_POINT('',#3700);
#1018=VERTEX_POINT('',#3706);
#1019=VERTEX_POINT('',#3712);
#1020=VERTEX_POINT('',#3715);
#1021=VERTEX_POINT('',#3718);
#1022=VERTEX_POINT('',#3721);
#1023=VERTEX_POINT('',#3725);
#1024=VERTEX_POINT('',#3728);
#1025=LINE('',#2390,#1189);
#1026=LINE('',#2403,#1190);
#1027=LINE('',#2410,#1191);
#1028=LINE('',#2554,#1192);
#1029=LINE('',#2570,#1193);
#1030=LINE('',#2572,#1194);
#1031=LINE('',#2575,#1195);
#1032=LINE('',#2577,#1196);
#1033=LINE('',#2579,#1197);
#1034=LINE('',#2581,#1198);
#1035=LINE('',#2583,#1199);
#1036=LINE('',#2585,#1200);
#1037=LINE('',#2588,#1201);
#1038=LINE('',#2590,#1202);
#1039=LINE('',#2592,#1203);
#1040=LINE('',#2594,#1204);
#1041=LINE('',#2596,#1205);
#1042=LINE('',#2598,#1206);
#1043=LINE('',#2600,#1207);
#1044=LINE('',#2622,#1208);
#1045=LINE('',#2625,#1209);
#1046=LINE('',#2627,#1210);
#1047=LINE('',#2629,#1211);
#1048=LINE('',#2633,#1212);
#1049=LINE('',#2636,#1213);
#1050=LINE('',#2638,#1214);
#1051=LINE('',#2640,#1215);
#1052=LINE('',#2642,#1216);
#1053=LINE('',#2644,#1217);
#1054=LINE('',#2646,#1218);
#1055=LINE('',#2648,#1219);
#1056=LINE('',#2650,#1220);
#1057=LINE('',#2652,#1221);
#1058=LINE('',#2656,#1222);
#1059=LINE('',#2659,#1223);
#1060=LINE('',#2661,#1224);
#1061=LINE('',#2663,#1225);
#1062=LINE('',#2664,#1226);
#1063=LINE('',#2666,#1227);
#1064=LINE('',#2668,#1228);
#1065=LINE('',#2670,#1229);
#1066=LINE('',#2672,#1230);
#1067=LINE('',#2674,#1231);
#1068=LINE('',#2676,#1232);
#1069=LINE('',#2677,#1233);
#1070=LINE('',#2679,#1234);
#1071=LINE('',#2681,#1235);
#1072=LINE('',#2683,#1236);
#1073=LINE('',#2685,#1237);
#1074=LINE('',#2686,#1238);
#1075=LINE('',#2688,#1239);
#1076=LINE('',#2692,#1240);
#1077=LINE('',#2695,#1241);
#1078=LINE('',#2697,#1242);
#1079=LINE('',#2698,#1243);
#1080=LINE('',#2700,#1244);
#1081=LINE('',#2703,#1245);
#1082=LINE('',#2705,#1246);
#1083=LINE('',#2707,#1247);
#1084=LINE('',#2741,#1248);
#1085=LINE('',#2823,#1249);
#1086=LINE('',#2835,#1250);
#1087=LINE('',#2844,#1251);
#1088=LINE('',#2847,#1252);
#1089=LINE('',#2849,#1253);
#1090=LINE('',#2850,#1254);
#1091=LINE('',#2852,#1255);
#1092=LINE('',#2854,#1256);
#1093=LINE('',#2856,#1257);
#1094=LINE('',#2858,#1258);
#1095=LINE('',#2859,#1259);
#1096=LINE('',#2860,#1260);
#1097=LINE('',#2861,#1261);
#1098=LINE('',#2863,#1262);
#1099=LINE('',#2865,#1263);
#1100=LINE('',#2867,#1264);
#1101=LINE('',#2868,#1265);
#1102=LINE('',#2870,#1266);
#1103=LINE('',#2871,#1267);
#1104=LINE('',#2873,#1268);
#1105=LINE('',#2879,#1269);
#1106=LINE('',#2882,#1270);
#1107=LINE('',#2883,#1271);
#1108=LINE('',#2885,#1272);
#1109=LINE('',#2887,#1273);
#1110=LINE('',#2891,#1274);
#1111=LINE('',#2894,#1275);
#1112=LINE('',#2896,#1276);
#1113=LINE('',#2898,#1277);
#1114=LINE('',#2899,#1278);
#1115=LINE('',#2901,#1279);
#1116=LINE('',#2904,#1280);
#1117=LINE('',#2905,#1281);
#1118=LINE('',#2907,#1282);
#1119=LINE('',#2909,#1283);
#1120=LINE('',#2910,#1284);
#1121=LINE('',#2912,#1285);
#1122=LINE('',#2914,#1286);
#1123=LINE('',#2915,#1287);
#1124=LINE('',#2916,#1288);
#1125=LINE('',#2918,#1289);
#1126=LINE('',#2924,#1290);
#1127=LINE('',#2926,#1291);
#1128=LINE('',#2928,#1292);
#1129=LINE('',#2929,#1293);
#1130=LINE('',#2931,#1294);
#1131=LINE('',#2934,#1295);
#1132=LINE('',#2935,#1296);
#1133=LINE('',#2936,#1297);
#1134=LINE('',#2942,#1298);
#1135=LINE('',#2944,#1299);
#1136=LINE('',#2946,#1300);
#1137=LINE('',#2948,#1301);
#1138=LINE('',#2952,#1302);
#1139=LINE('',#2954,#1303);
#1140=LINE('',#2956,#1304);
#1141=LINE('',#2986,#1305);
#1142=LINE('',#2989,#1306);
#1143=LINE('',#2992,#1307);
#1144=LINE('',#2993,#1308);
#1145=LINE('',#2995,#1309);
#1146=LINE('',#2997,#1310);
#1147=LINE('',#3000,#1311);
#1148=LINE('',#3002,#1312);
#1149=LINE('',#3004,#1313);
#1150=LINE('',#3006,#1314);
#1151=LINE('',#3008,#1315);
#1152=LINE('',#3010,#1316);
#1153=LINE('',#3012,#1317);
#1154=LINE('',#3014,#1318);
#1155=LINE('',#3016,#1319);
#1156=LINE('',#3018,#1320);
#1157=LINE('',#3020,#1321);
#1158=LINE('',#3021,#1322);
#1159=LINE('',#3022,#1323);
#1160=LINE('',#3024,#1324);
#1161=LINE('',#3025,#1325);
#1162=LINE('',#3026,#1326);
#1163=LINE('',#3027,#1327);
#1164=LINE('',#3355,#1328);
#1165=LINE('',#3357,#1329);
#1166=LINE('',#3631,#1330);
#1167=LINE('',#3633,#1331);
#1168=LINE('',#3636,#1332);
#1169=LINE('',#3638,#1333);
#1170=LINE('',#3639,#1334);
#1171=LINE('',#3641,#1335);
#1172=LINE('',#3642,#1336);
#1173=LINE('',#3644,#1337);
#1174=LINE('',#3646,#1338);
#1175=LINE('',#3683,#1339);
#1176=LINE('',#3685,#1340);
#1177=LINE('',#3687,#1341);
#1178=LINE('',#3689,#1342);
#1179=LINE('',#3691,#1343);
#1180=LINE('',#3693,#1344);
#1181=LINE('',#3695,#1345);
#1182=LINE('',#3697,#1346);
#1183=LINE('',#3699,#1347);
#1184=LINE('',#3701,#1348);
#1185=LINE('',#3703,#1349);
#1186=LINE('',#3705,#1350);
#1187=LINE('',#3707,#1351);
#1188=LINE('',#3709,#1352);
#1189=VECTOR('',#1952,1.);
#1190=VECTOR('',#1953,1.);
#1191=VECTOR('',#1954,1.);
#1192=VECTOR('',#1955,1.);
#1193=VECTOR('',#1958,1.);
#1194=VECTOR('',#1961,1.);
#1195=VECTOR('',#1962,1.);
#1196=VECTOR('',#1963,1.);
#1197=VECTOR('',#1964,1.);
#1198=VECTOR('',#1965,1.);
#1199=VECTOR('',#1966,1.);
#1200=VECTOR('',#1969,1.);
#1201=VECTOR('',#1970,1.);
#1202=VECTOR('',#1971,1.);
#1203=VECTOR('',#1972,1.);
#1204=VECTOR('',#1973,1.);
#1205=VECTOR('',#1974,1.);
#1206=VECTOR('',#1975,1.);
#1207=VECTOR('',#1976,1.);
#1208=VECTOR('',#2003,1.);
#1209=VECTOR('',#2004,1.);
#1210=VECTOR('',#2005,1.);
#1211=VECTOR('',#2006,1.);
#1212=VECTOR('',#2011,1.);
#1213=VECTOR('',#2012,1.);
#1214=VECTOR('',#2013,1.);
#1215=VECTOR('',#2014,1.);
#1216=VECTOR('',#2015,1.);
#1217=VECTOR('',#2016,1.);
#1218=VECTOR('',#2017,1.);
#1219=VECTOR('',#2018,1.);
#1220=VECTOR('',#2019,1.);
#1221=VECTOR('',#2020,1.);
#1222=VECTOR('',#2025,1.);
#1223=VECTOR('',#2026,1.);
#1224=VECTOR('',#2027,1.);
#1225=VECTOR('',#2028,1.);
#1226=VECTOR('',#2029,1.);
#1227=VECTOR('',#2030,1.);
#1228=VECTOR('',#2031,1.);
#1229=VECTOR('',#2032,1.);
#1230=VECTOR('',#2033,1.);
#1231=VECTOR('',#2034,1.);
#1232=VECTOR('',#2035,1.);
#1233=VECTOR('',#2036,1.);
#1234=VECTOR('',#2037,1.);
#1235=VECTOR('',#2038,1.);
#1236=VECTOR('',#2041,1.);
#1237=VECTOR('',#2042,1.);
#1238=VECTOR('',#2043,1.);
#1239=VECTOR('',#2044,1.);
#1240=VECTOR('',#2049,1.);
#1241=VECTOR('',#2050,1.);
#1242=VECTOR('',#2051,1.);
#1243=VECTOR('',#2052,1.);
#1244=VECTOR('',#2055,1.);
#1245=VECTOR('',#2056,1.);
#1246=VECTOR('',#2057,1.);
#1247=VECTOR('',#2058,1.);
#1248=VECTOR('',#2059,1.);
#1249=VECTOR('',#2060,1.);
#1250=VECTOR('',#2061,1.);
#1251=VECTOR('',#2066,1.);
#1252=VECTOR('',#2067,1.);
#1253=VECTOR('',#2068,1.);
#1254=VECTOR('',#2069,1.);
#1255=VECTOR('',#2070,1.);
#1256=VECTOR('',#2071,1.);
#1257=VECTOR('',#2072,1.);
#1258=VECTOR('',#2073,1.);
#1259=VECTOR('',#2074,1.);
#1260=VECTOR('',#2075,1.);
#1261=VECTOR('',#2076,1.);
#1262=VECTOR('',#2077,1.);
#1263=VECTOR('',#2078,1.);
#1264=VECTOR('',#2081,1.);
#1265=VECTOR('',#2082,1.);
#1266=VECTOR('',#2085,1.);
#1267=VECTOR('',#2086,1.);
#1268=VECTOR('',#2087,1.);
#1269=VECTOR('',#2094,1.);
#1270=VECTOR('',#2095,1.);
#1271=VECTOR('',#2096,1.);
#1272=VECTOR('',#2097,1.);
#1273=VECTOR('',#2098,1.);
#1274=VECTOR('',#2103,1.);
#1275=VECTOR('',#2104,1.);
#1276=VECTOR('',#2105,1.);
#1277=VECTOR('',#2106,1.);
#1278=VECTOR('',#2107,1.);
#1279=VECTOR('',#2110,1.);
#1280=VECTOR('',#2111,1.);
#1281=VECTOR('',#2112,1.);
#1282=VECTOR('',#2113,1.);
#1283=VECTOR('',#2114,1.);
#1284=VECTOR('',#2115,1.);
#1285=VECTOR('',#2118,1.);
#1286=VECTOR('',#2119,1.);
#1287=VECTOR('',#2120,1.);
#1288=VECTOR('',#2121,1.);
#1289=VECTOR('',#2122,1.);
#1290=VECTOR('',#2129,1.);
#1291=VECTOR('',#2130,1.);
#1292=VECTOR('',#2131,1.);
#1293=VECTOR('',#2132,1.);
#1294=VECTOR('',#2135,1.);
#1295=VECTOR('',#2136,1.);
#1296=VECTOR('',#2137,1.);
#1297=VECTOR('',#2138,1.);
#1298=VECTOR('',#2145,1.);
#1299=VECTOR('',#2146,1.);
#1300=VECTOR('',#2149,1.);
#1301=VECTOR('',#2150,1.);
#1302=VECTOR('',#2157,1.);
#1303=VECTOR('',#2160,1.);
#1304=VECTOR('',#2163,1.);
#1305=VECTOR('',#2206,1.);
#1306=VECTOR('',#2211,1.);
#1307=VECTOR('',#2212,1.);
#1308=VECTOR('',#2213,1.);
#1309=VECTOR('',#2216,1.);
#1310=VECTOR('',#2219,1.);
#1311=VECTOR('',#2224,1.);
#1312=VECTOR('',#2225,1.);
#1313=VECTOR('',#2226,1.);
#1314=VECTOR('',#2229,1.);
#1315=VECTOR('',#2230,1.);
#1316=VECTOR('',#2231,1.);
#1317=VECTOR('',#2234,1.);
#1318=VECTOR('',#2235,1.);
#1319=VECTOR('',#2238,1.);
#1320=VECTOR('',#2239,1.);
#1321=VECTOR('',#2242,1.);
#1322=VECTOR('',#2243,1.);
#1323=VECTOR('',#2244,1.);
#1324=VECTOR('',#2247,1.);
#1325=VECTOR('',#2248,1.);
#1326=VECTOR('',#2249,1.);
#1327=VECTOR('',#2250,1.);
#1328=VECTOR('',#2253,1.);
#1329=VECTOR('',#2254,1.);
#1330=VECTOR('',#2265,1.);
#1331=VECTOR('',#2266,1.);
#1332=VECTOR('',#2271,1.);
#1333=VECTOR('',#2272,1.);
#1334=VECTOR('',#2273,1.);
#1335=VECTOR('',#2276,1.);
#1336=VECTOR('',#2277,1.);
#1337=VECTOR('',#2278,1.);
#1338=VECTOR('',#2281,1.);
#1339=VECTOR('',#2332,1.);
#1340=VECTOR('',#2333,1.);
#1341=VECTOR('',#2336,1.);
#1342=VECTOR('',#2337,1.);
#1343=VECTOR('',#2340,1.);
#1344=VECTOR('',#2341,1.);
#1345=VECTOR('',#2344,1.);
#1346=VECTOR('',#2345,1.);
#1347=VECTOR('',#2348,1.);
#1348=VECTOR('',#2349,1.);
#1349=VECTOR('',#2352,1.);
#1350=VECTOR('',#2355,1.);
#1351=VECTOR('',#2356,1.);
#1352=VECTOR('',#2359,1.);
#1353=EDGE_LOOP('',(#162,#163,#164,#165,#166,#167,#168));
#1354=EDGE_LOOP('',(#169,#170,#171,#172,#173,#174,#175,#176));
#1355=EDGE_LOOP('',(#177,#178,#179));
#1356=EDGE_LOOP('',(#180,#181,#182,#183,#184,#185));
#1357=EDGE_LOOP('',(#186,#187,#188,#189,#190,#191,#192,#193));
#1358=EDGE_LOOP('',(#194));
#1359=EDGE_LOOP('',(#195));
#1360=EDGE_LOOP('',(#196));
#1361=EDGE_LOOP('',(#197));
#1362=EDGE_LOOP('',(#198));
#1363=EDGE_LOOP('',(#199));
#1364=EDGE_LOOP('',(#200));
#1365=EDGE_LOOP('',(#201));
#1366=EDGE_LOOP('',(#202,#203,#204,#205));
#1367=EDGE_LOOP('',(#206));
#1368=EDGE_LOOP('',(#207));
#1369=EDGE_LOOP('',(#208));
#1370=EDGE_LOOP('',(#209));
#1371=EDGE_LOOP('',(#210));
#1372=EDGE_LOOP('',(#211,#212,#213,#214,#215,#216,#217,#218,#219,#220));
#1373=EDGE_LOOP('',(#221));
#1374=EDGE_LOOP('',(#222,#223,#224,#225,#226,#227,#228,#229,#230,#231,#232,
#233,#234,#235,#236));
#1375=EDGE_LOOP('',(#237,#238,#239,#240,#241,#242));
#1376=EDGE_LOOP('',(#243));
#1377=EDGE_LOOP('',(#244,#245,#246,#247,#248,#249));
#1378=EDGE_LOOP('',(#250,#251,#252,#253));
#1379=EDGE_LOOP('',(#254,#255,#256));
#1380=EDGE_LOOP('',(#257,#258,#259));
#1381=EDGE_LOOP('',(#260,#261,#262,#263));
#1382=EDGE_LOOP('',(#264));
#1383=EDGE_LOOP('',(#265,#266,#267,#268,#269,#270,#271,#272,#273,#274,#275,
#276,#277,#278,#279));
#1384=EDGE_LOOP('',(#280,#281,#282,#283));
#1385=EDGE_LOOP('',(#284,#285,#286,#287,#288,#289));
#1386=EDGE_LOOP('',(#290));
#1387=EDGE_LOOP('',(#291));
#1388=EDGE_LOOP('',(#292,#293,#294,#295,#296));
#1389=EDGE_LOOP('',(#297));
#1390=EDGE_LOOP('',(#298,#299,#300,#301,#302));
#1391=EDGE_LOOP('',(#303,#304,#305,#306,#307,#308,#309,#310));
#1392=EDGE_LOOP('',(#311,#312,#313,#314,#315,#316,#317,#318));
#1393=EDGE_LOOP('',(#319));
#1394=EDGE_LOOP('',(#320));
#1395=EDGE_LOOP('',(#321,#322,#323,#324,#325,#326,#327,#328,#329));
#1396=EDGE_LOOP('',(#330,#331,#332,#333,#334,#335,#336,#337));
#1397=EDGE_LOOP('',(#338));
#1398=EDGE_LOOP('',(#339));
#1399=EDGE_LOOP('',(#340,#341,#342,#343));
#1400=EDGE_LOOP('',(#344,#345,#346,#347));
#1401=EDGE_LOOP('',(#348,#349,#350,#351));
#1402=EDGE_LOOP('',(#352,#353,#354,#355));
#1403=EDGE_LOOP('',(#356,#357,#358,#359));
#1404=EDGE_LOOP('',(#360,#361,#362,#363));
#1405=EDGE_LOOP('',(#364,#365,#366,#367));
#1406=EDGE_LOOP('',(#368));
#1407=EDGE_LOOP('',(#369));
#1408=EDGE_LOOP('',(#370));
#1409=EDGE_LOOP('',(#371));
#1410=EDGE_LOOP('',(#372));
#1411=EDGE_LOOP('',(#373));
#1412=EDGE_LOOP('',(#374));
#1413=EDGE_LOOP('',(#375));
#1414=EDGE_LOOP('',(#376));
#1415=EDGE_LOOP('',(#377));
#1416=EDGE_LOOP('',(#378));
#1417=EDGE_LOOP('',(#379));
#1418=EDGE_LOOP('',(#380));
#1419=EDGE_LOOP('',(#381));
#1420=EDGE_LOOP('',(#382));
#1421=EDGE_LOOP('',(#383));
#1422=EDGE_LOOP('',(#384));
#1423=EDGE_LOOP('',(#385));
#1424=EDGE_LOOP('',(#386));
#1425=EDGE_LOOP('',(#387));
#1426=EDGE_LOOP('',(#388));
#1427=EDGE_LOOP('',(#389));
#1428=EDGE_LOOP('',(#390));
#1429=EDGE_LOOP('',(#391));
#1430=EDGE_LOOP('',(#392,#393,#394,#395));
#1431=EDGE_LOOP('',(#396,#397,#398,#399,#400,#401,#402,#403));
#1432=EDGE_LOOP('',(#404,#405,#406,#407));
#1433=EDGE_LOOP('',(#408,#409,#410,#411));
#1434=EDGE_LOOP('',(#412,#413,#414,#415));
#1435=EDGE_LOOP('',(#416,#417,#418,#419));
#1436=EDGE_LOOP('',(#420,#421,#422,#423));
#1437=EDGE_LOOP('',(#424,#425,#426,#427));
#1438=EDGE_LOOP('',(#428,#429,#430,#431));
#1439=EDGE_LOOP('',(#432,#433,#434,#435));
#1440=EDGE_LOOP('',(#436,#437,#438,#439,#440,#441,#442));
#1441=EDGE_LOOP('',(#443,#444,#445,#446,#447,#448,#449,#450,#451));
#1442=EDGE_LOOP('',(#452,#453,#454,#455));
#1443=EDGE_LOOP('',(#456,#457,#458));
#1444=EDGE_LOOP('',(#459,#460,#461,#462));
#1445=EDGE_LOOP('',(#463,#464,#465,#466));
#1446=EDGE_LOOP('',(#467,#468,#469,#470));
#1447=EDGE_LOOP('',(#471,#472,#473,#474));
#1448=EDGE_LOOP('',(#475,#476,#477,#478));
#1449=EDGE_LOOP('',(#479,#480,#481,#482,#483,#484,#485,#486));
#1450=EDGE_LOOP('',(#487,#488,#489,#490));
#1451=EDGE_LOOP('',(#491,#492,#493,#494));
#1452=EDGE_LOOP('',(#495,#496,#497));
#1453=EDGE_LOOP('',(#498,#499,#500,#501));
#1454=EDGE_LOOP('',(#502,#503,#504,#505));
#1455=EDGE_LOOP('',(#506,#507,#508,#509));
#1456=EDGE_LOOP('',(#510,#511,#512,#513,#514,#515));
#1457=EDGE_LOOP('',(#516,#517,#518,#519,#520,#521));
#1458=EDGE_LOOP('',(#522,#523,#524,#525));
#1459=EDGE_LOOP('',(#526));
#1460=EDGE_LOOP('',(#527,#528,#529,#530));
#1461=EDGE_LOOP('',(#531));
#1462=EDGE_LOOP('',(#532));
#1463=EDGE_LOOP('',(#533));
#1464=EDGE_LOOP('',(#534));
#1465=EDGE_LOOP('',(#535,#536,#537,#538,#539,#540,#541,#542,#543,#544,#545,
#546));
#1466=EDGE_LOOP('',(#547));
#1467=EDGE_LOOP('',(#548));
#1468=EDGE_LOOP('',(#549));
#1469=EDGE_LOOP('',(#550));
#1470=EDGE_LOOP('',(#551));
#1471=EDGE_LOOP('',(#552));
#1472=EDGE_LOOP('',(#553));
#1473=EDGE_LOOP('',(#554));
#1474=EDGE_LOOP('',(#555));
#1475=EDGE_LOOP('',(#556));
#1476=EDGE_LOOP('',(#557));
#1477=EDGE_LOOP('',(#558));
#1478=EDGE_LOOP('',(#559));
#1479=EDGE_LOOP('',(#560));
#1480=EDGE_LOOP('',(#561));
#1481=EDGE_LOOP('',(#562));
#1482=EDGE_LOOP('',(#563));
#1483=EDGE_LOOP('',(#564));
#1484=EDGE_LOOP('',(#565));
#1485=EDGE_LOOP('',(#566));
#1486=EDGE_LOOP('',(#567));
#1487=EDGE_LOOP('',(#568));
#1488=EDGE_LOOP('',(#569,#570,#571,#572));
#1489=EDGE_LOOP('',(#573,#574,#575,#576));
#1490=EDGE_LOOP('',(#577,#578,#579,#580));
#1491=EDGE_LOOP('',(#581,#582,#583,#584));
#1492=EDGE_LOOP('',(#585,#586,#587,#588));
#1493=EDGE_LOOP('',(#589,#590,#591,#592));
#1494=EDGE_LOOP('',(#593,#594,#595,#596));
#1495=EDGE_LOOP('',(#597,#598,#599,#600));
#1496=EDGE_LOOP('',(#601));
#1497=EDGE_LOOP('',(#602,#603,#604,#605,#606,#607,#608));
#1498=EDGE_LOOP('',(#609));
#1499=EDGE_LOOP('',(#610,#611,#612,#613,#614,#615));
#1500=EDGE_LOOP('',(#616));
#1501=EDGE_LOOP('',(#617));
#1502=EDGE_LOOP('',(#618));
#1503=EDGE_LOOP('',(#619));
#1504=EDGE_LOOP('',(#620));
#1505=EDGE_LOOP('',(#621));
#1506=EDGE_LOOP('',(#622));
#1507=EDGE_LOOP('',(#623));
#1508=EDGE_LOOP('',(#624));
#1509=EDGE_LOOP('',(#625));
#1510=EDGE_LOOP('',(#626));
#1511=EDGE_LOOP('',(#627));
#1512=FACE_BOUND('',#1353,.T.);
#1513=FACE_BOUND('',#1354,.T.);
#1514=FACE_BOUND('',#1355,.T.);
#1515=FACE_BOUND('',#1356,.T.);
#1516=FACE_BOUND('',#1357,.T.);
#1517=FACE_BOUND('',#1358,.T.);
#1518=FACE_BOUND('',#1359,.T.);
#1519=FACE_BOUND('',#1360,.T.);
#1520=FACE_BOUND('',#1361,.T.);
#1521=FACE_BOUND('',#1362,.T.);
#1522=FACE_BOUND('',#1363,.T.);
#1523=FACE_BOUND('',#1364,.T.);
#1524=FACE_BOUND('',#1365,.T.);
#1525=FACE_BOUND('',#1366,.T.);
#1526=FACE_BOUND('',#1367,.T.);
#1527=FACE_BOUND('',#1368,.T.);
#1528=FACE_BOUND('',#1369,.T.);
#1529=FACE_BOUND('',#1370,.T.);
#1530=FACE_BOUND('',#1371,.T.);
#1531=FACE_BOUND('',#1372,.T.);
#1532=FACE_BOUND('',#1373,.T.);
#1533=FACE_BOUND('',#1374,.T.);
#1534=FACE_BOUND('',#1375,.T.);
#1535=FACE_BOUND('',#1376,.T.);
#1536=FACE_BOUND('',#1377,.T.);
#1537=FACE_BOUND('',#1378,.T.);
#1538=FACE_BOUND('',#1379,.T.);
#1539=FACE_BOUND('',#1380,.T.);
#1540=FACE_BOUND('',#1381,.T.);
#1541=FACE_BOUND('',#1382,.T.);
#1542=FACE_BOUND('',#1383,.T.);
#1543=FACE_BOUND('',#1384,.T.);
#1544=FACE_BOUND('',#1385,.T.);
#1545=FACE_BOUND('',#1386,.T.);
#1546=FACE_BOUND('',#1387,.T.);
#1547=FACE_BOUND('',#1388,.T.);
#1548=FACE_BOUND('',#1389,.T.);
#1549=FACE_BOUND('',#1390,.T.);
#1550=FACE_BOUND('',#1391,.T.);
#1551=FACE_BOUND('',#1392,.T.);
#1552=FACE_BOUND('',#1393,.T.);
#1553=FACE_BOUND('',#1394,.T.);
#1554=FACE_BOUND('',#1395,.T.);
#1555=FACE_BOUND('',#1396,.T.);
#1556=FACE_BOUND('',#1397,.T.);
#1557=FACE_BOUND('',#1398,.T.);
#1558=FACE_BOUND('',#1399,.T.);
#1559=FACE_BOUND('',#1400,.T.);
#1560=FACE_BOUND('',#1401,.T.);
#1561=FACE_BOUND('',#1402,.T.);
#1562=FACE_BOUND('',#1403,.T.);
#1563=FACE_BOUND('',#1404,.T.);
#1564=FACE_BOUND('',#1405,.T.);
#1565=FACE_BOUND('',#1406,.T.);
#1566=FACE_BOUND('',#1407,.T.);
#1567=FACE_BOUND('',#1408,.T.);
#1568=FACE_BOUND('',#1409,.T.);
#1569=FACE_BOUND('',#1410,.T.);
#1570=FACE_BOUND('',#1411,.T.);
#1571=FACE_BOUND('',#1412,.T.);
#1572=FACE_BOUND('',#1413,.T.);
#1573=FACE_BOUND('',#1414,.T.);
#1574=FACE_BOUND('',#1415,.T.);
#1575=FACE_BOUND('',#1416,.T.);
#1576=FACE_BOUND('',#1417,.T.);
#1577=FACE_BOUND('',#1418,.T.);
#1578=FACE_BOUND('',#1419,.T.);
#1579=FACE_BOUND('',#1420,.T.);
#1580=FACE_BOUND('',#1421,.T.);
#1581=FACE_BOUND('',#1422,.T.);
#1582=FACE_BOUND('',#1423,.T.);
#1583=FACE_BOUND('',#1424,.T.);
#1584=FACE_BOUND('',#1425,.T.);
#1585=FACE_BOUND('',#1426,.T.);
#1586=FACE_BOUND('',#1427,.T.);
#1587=FACE_BOUND('',#1428,.T.);
#1588=FACE_BOUND('',#1429,.T.);
#1589=FACE_BOUND('',#1430,.T.);
#1590=FACE_BOUND('',#1431,.T.);
#1591=FACE_BOUND('',#1432,.T.);
#1592=FACE_BOUND('',#1433,.T.);
#1593=FACE_BOUND('',#1434,.T.);
#1594=FACE_BOUND('',#1435,.T.);
#1595=FACE_BOUND('',#1436,.T.);
#1596=FACE_BOUND('',#1437,.T.);
#1597=FACE_BOUND('',#1438,.T.);
#1598=FACE_BOUND('',#1439,.T.);
#1599=FACE_BOUND('',#1440,.T.);
#1600=FACE_BOUND('',#1441,.T.);
#1601=FACE_BOUND('',#1442,.T.);
#1602=FACE_BOUND('',#1443,.T.);
#1603=FACE_BOUND('',#1444,.T.);
#1604=FACE_BOUND('',#1445,.T.);
#1605=FACE_BOUND('',#1446,.T.);
#1606=FACE_BOUND('',#1447,.T.);
#1607=FACE_BOUND('',#1448,.T.);
#1608=FACE_BOUND('',#1449,.T.);
#1609=FACE_BOUND('',#1450,.T.);
#1610=FACE_BOUND('',#1451,.T.);
#1611=FACE_BOUND('',#1452,.T.);
#1612=FACE_BOUND('',#1453,.T.);
#1613=FACE_BOUND('',#1454,.T.);
#1614=FACE_BOUND('',#1455,.T.);
#1615=FACE_BOUND('',#1456,.T.);
#1616=FACE_BOUND('',#1457,.T.);
#1617=FACE_BOUND('',#1458,.T.);
#1618=FACE_BOUND('',#1459,.T.);
#1619=FACE_BOUND('',#1460,.T.);
#1620=FACE_BOUND('',#1461,.T.);
#1621=FACE_BOUND('',#1462,.T.);
#1622=FACE_BOUND('',#1463,.T.);
#1623=FACE_BOUND('',#1464,.T.);
#1624=FACE_BOUND('',#1465,.T.);
#1625=FACE_BOUND('',#1466,.T.);
#1626=FACE_BOUND('',#1467,.T.);
#1627=FACE_BOUND('',#1468,.T.);
#1628=FACE_BOUND('',#1469,.T.);
#1629=FACE_BOUND('',#1470,.T.);
#1630=FACE_BOUND('',#1471,.T.);
#1631=FACE_BOUND('',#1472,.T.);
#1632=FACE_BOUND('',#1473,.T.);
#1633=FACE_BOUND('',#1474,.T.);
#1634=FACE_BOUND('',#1475,.T.);
#1635=FACE_BOUND('',#1476,.T.);
#1636=FACE_BOUND('',#1477,.T.);
#1637=FACE_BOUND('',#1478,.T.);
#1638=FACE_BOUND('',#1479,.T.);
#1639=FACE_BOUND('',#1480,.T.);
#1640=FACE_BOUND('',#1481,.T.);
#1641=FACE_BOUND('',#1482,.T.);
#1642=FACE_BOUND('',#1483,.T.);
#1643=FACE_BOUND('',#1484,.T.);
#1644=FACE_BOUND('',#1485,.T.);
#1645=FACE_BOUND('',#1486,.T.);
#1646=FACE_BOUND('',#1487,.T.);
#1647=FACE_BOUND('',#1488,.T.);
#1648=FACE_BOUND('',#1489,.T.);
#1649=FACE_BOUND('',#1490,.T.);
#1650=FACE_BOUND('',#1491,.T.);
#1651=FACE_BOUND('',#1492,.T.);
#1652=FACE_BOUND('',#1493,.T.);
#1653=FACE_BOUND('',#1494,.T.);
#1654=FACE_BOUND('',#1495,.T.);
#1655=FACE_BOUND('',#1496,.T.);
#1656=FACE_BOUND('',#1497,.T.);
#1657=FACE_BOUND('',#1498,.T.);
#1658=FACE_BOUND('',#1499,.T.);
#1659=FACE_BOUND('',#1500,.T.);
#1660=FACE_BOUND('',#1501,.T.);
#1661=FACE_BOUND('',#1502,.T.);
#1662=FACE_BOUND('',#1503,.T.);
#1663=FACE_BOUND('',#1504,.T.);
#1664=FACE_BOUND('',#1505,.T.);
#1665=FACE_BOUND('',#1506,.T.);
#1666=FACE_BOUND('',#1507,.T.);
#1667=FACE_BOUND('',#1508,.T.);
#1668=FACE_BOUND('',#1509,.T.);
#1669=FACE_BOUND('',#1510,.T.);
#1670=FACE_BOUND('',#1511,.T.);
#1671=CYLINDRICAL_SURFACE('',#1811,0.0147086837566438);
#1672=CYLINDRICAL_SURFACE('',#1815,0.0016);
#1673=CYLINDRICAL_SURFACE('',#1818,0.0016);
#1674=CYLINDRICAL_SURFACE('',#1821,0.0016);
#1675=CYLINDRICAL_SURFACE('',#1824,0.0016);
#1676=CYLINDRICAL_SURFACE('',#1860,0.001);
#1677=CYLINDRICAL_SURFACE('',#1864,0.002);
#1678=CYLINDRICAL_SURFACE('',#1865,0.001);
#1679=CYLINDRICAL_SURFACE('',#1869,0.002);
#1680=CYLINDRICAL_SURFACE('',#1870,0.001);
#1681=CYLINDRICAL_SURFACE('',#1874,0.002);
#1682=CYLINDRICAL_SURFACE('',#1875,0.001);
#1683=CYLINDRICAL_SURFACE('',#1879,0.002);
#1684=CYLINDRICAL_SURFACE('',#1909,0.00275);
#1685=CYLINDRICAL_SURFACE('',#1912,0.00275);
#1686=CYLINDRICAL_SURFACE('',#1915,0.00275);
#1687=CYLINDRICAL_SURFACE('',#1918,0.00275);
#1688=CYLINDRICAL_SURFACE('',#1921,0.00225);
#1689=CYLINDRICAL_SURFACE('',#1925,0.004125);
#1690=CYLINDRICAL_SURFACE('',#1938,0.00225);
#1691=CYLINDRICAL_SURFACE('',#1942,0.004125);
#1692=CYLINDRICAL_SURFACE('',#1943,0.00225);
#1693=CYLINDRICAL_SURFACE('',#1947,0.004125);
#1694=ADVANCED_FACE('',(#1512),#1671,.T.);
#1695=ADVANCED_FACE('',(#1513),#126,.T.);
#1696=ADVANCED_FACE('',(#1514),#56,.T.);
#1697=ADVANCED_FACE('',(#1515),#57,.T.);
#1698=ADVANCED_FACE('',(#1516),#58,.T.);
#1699=ADVANCED_FACE('',(#1517,#1518),#1672,.F.);
#1700=ADVANCED_FACE('',(#1519,#1520),#1673,.F.);
#1701=ADVANCED_FACE('',(#1521,#1522),#1674,.F.);
#1702=ADVANCED_FACE('',(#1523,#1524),#1675,.F.);
#1703=ADVANCED_FACE('',(#1525),#59,.T.);
#1704=ADVANCED_FACE('',(#1526,#1527,#1528,#1529,#1530,#1531),#60,.F.);
#1705=ADVANCED_FACE('',(#1532,#1533),#61,.T.);
#1706=ADVANCED_FACE('',(#1534),#62,.T.);
#1707=ADVANCED_FACE('',(#1535,#1536),#63,.T.);
#1708=ADVANCED_FACE('',(#1537),#64,.T.);
#1709=ADVANCED_FACE('',(#1538),#127,.T.);
#1710=ADVANCED_FACE('',(#1539),#128,.T.);
#1711=ADVANCED_FACE('',(#1540),#129,.T.);
#1712=ADVANCED_FACE('',(#1541,#1542),#65,.T.);
#1713=ADVANCED_FACE('',(#1543),#66,.T.);
#1714=ADVANCED_FACE('',(#1544,#1545),#67,.T.);
#1715=ADVANCED_FACE('',(#1546,#1547),#68,.F.);
#1716=ADVANCED_FACE('',(#1548,#1549),#69,.F.);
#1717=ADVANCED_FACE('',(#1550),#70,.F.);
#1718=ADVANCED_FACE('',(#1551,#1552,#1553),#71,.T.);
#1719=ADVANCED_FACE('',(#1554),#72,.T.);
#1720=ADVANCED_FACE('',(#1555,#1556,#1557),#73,.T.);
#1721=ADVANCED_FACE('',(#1558),#74,.F.);
#1722=ADVANCED_FACE('',(#1559),#75,.T.);
#1723=ADVANCED_FACE('',(#1560),#76,.F.);
#1724=ADVANCED_FACE('',(#1561),#77,.F.);
#1725=ADVANCED_FACE('',(#1562),#78,.T.);
#1726=ADVANCED_FACE('',(#1563),#79,.T.);
#1727=ADVANCED_FACE('',(#1564),#80,.T.);
#1728=ADVANCED_FACE('',(#1565,#1566),#1676,.F.);
#1729=ADVANCED_FACE('',(#1567,#1568),#81,.T.);
#1730=ADVANCED_FACE('',(#1569,#1570),#1677,.F.);
#1731=ADVANCED_FACE('',(#1571,#1572),#1678,.F.);
#1732=ADVANCED_FACE('',(#1573,#1574),#82,.T.);
#1733=ADVANCED_FACE('',(#1575,#1576),#1679,.F.);
#1734=ADVANCED_FACE('',(#1577,#1578),#1680,.F.);
#1735=ADVANCED_FACE('',(#1579,#1580),#83,.T.);
#1736=ADVANCED_FACE('',(#1581,#1582),#1681,.F.);
#1737=ADVANCED_FACE('',(#1583,#1584),#1682,.F.);
#1738=ADVANCED_FACE('',(#1585,#1586),#84,.T.);
#1739=ADVANCED_FACE('',(#1587,#1588),#1683,.F.);
#1740=ADVANCED_FACE('',(#1589),#85,.F.);
#1741=ADVANCED_FACE('',(#1590),#86,.F.);
#1742=ADVANCED_FACE('',(#1591),#87,.T.);
#1743=ADVANCED_FACE('',(#1592),#88,.T.);
#1744=ADVANCED_FACE('',(#1593),#89,.F.);
#1745=ADVANCED_FACE('',(#1594),#90,.F.);
#1746=ADVANCED_FACE('',(#1595),#91,.F.);
#1747=ADVANCED_FACE('',(#1596),#92,.F.);
#1748=ADVANCED_FACE('',(#1597),#93,.F.);
#1749=ADVANCED_FACE('',(#1598),#94,.F.);
#1750=ADVANCED_FACE('',(#1599),#95,.F.);
#1751=ADVANCED_FACE('',(#1600),#96,.T.);
#1752=ADVANCED_FACE('',(#1601),#130,.T.);
#1753=ADVANCED_FACE('',(#1602),#131,.T.);
#1754=ADVANCED_FACE('',(#1603),#132,.T.);
#1755=ADVANCED_FACE('',(#1604),#133,.T.);
#1756=ADVANCED_FACE('',(#1605),#97,.F.);
#1757=ADVANCED_FACE('',(#1606),#134,.T.);
#1758=ADVANCED_FACE('',(#1607),#135,.T.);
#1759=ADVANCED_FACE('',(#1608),#136,.T.);
#1760=ADVANCED_FACE('',(#1609),#98,.T.);
#1761=ADVANCED_FACE('',(#1610),#99,.F.);
#1762=ADVANCED_FACE('',(#1611),#100,.F.);
#1763=ADVANCED_FACE('',(#1612),#101,.T.);
#1764=ADVANCED_FACE('',(#1613),#102,.F.);
#1765=ADVANCED_FACE('',(#1614),#103,.F.);
#1766=ADVANCED_FACE('',(#1615),#104,.F.);
#1767=ADVANCED_FACE('',(#1616),#105,.T.);
#1768=ADVANCED_FACE('',(#1617),#106,.T.);
#1769=ADVANCED_FACE('',(#1618,#1619),#107,.T.);
#1770=ADVANCED_FACE('',(#1620,#1621,#1622,#1623,#1624),#108,.T.);
#1771=ADVANCED_FACE('',(#1625,#1626),#1684,.F.);
#1772=ADVANCED_FACE('',(#1627,#1628),#109,.T.);
#1773=ADVANCED_FACE('',(#1629,#1630),#1685,.F.);
#1774=ADVANCED_FACE('',(#1631,#1632),#110,.T.);
#1775=ADVANCED_FACE('',(#1633,#1634),#1686,.F.);
#1776=ADVANCED_FACE('',(#1635,#1636),#111,.T.);
#1777=ADVANCED_FACE('',(#1637,#1638),#1687,.F.);
#1778=ADVANCED_FACE('',(#1639,#1640),#112,.T.);
#1779=ADVANCED_FACE('',(#1641,#1642),#1688,.F.);
#1780=ADVANCED_FACE('',(#1643,#1644),#113,.T.);
#1781=ADVANCED_FACE('',(#1645,#1646),#1689,.F.);
#1782=ADVANCED_FACE('',(#1647),#114,.F.);
#1783=ADVANCED_FACE('',(#1648),#115,.T.);
#1784=ADVANCED_FACE('',(#1649),#116,.F.);
#1785=ADVANCED_FACE('',(#1650),#117,.T.);
#1786=ADVANCED_FACE('',(#1651),#118,.T.);
#1787=ADVANCED_FACE('',(#1652),#119,.F.);
#1788=ADVANCED_FACE('',(#1653),#120,.F.);
#1789=ADVANCED_FACE('',(#1654),#121,.T.);
#1790=ADVANCED_FACE('',(#1655,#1656),#122,.F.);
#1791=ADVANCED_FACE('',(#1657,#1658),#123,.F.);
#1792=ADVANCED_FACE('',(#1659,#1660),#1690,.F.);
#1793=ADVANCED_FACE('',(#1661,#1662),#124,.T.);
#1794=ADVANCED_FACE('',(#1663,#1664),#1691,.F.);
#1795=ADVANCED_FACE('',(#1665,#1666),#1692,.F.);
#1796=ADVANCED_FACE('',(#1667,#1668),#125,.T.);
#1797=ADVANCED_FACE('',(#1669,#1670),#1693,.F.);
#1798=CLOSED_SHELL('',(#1694,#1695,#1696,#1697,#1698,#1699,#1700,#1701,
#1702,#1703,#1704,#1705,#1706,#1707,#1708,#1709,#1710,#1711,#1712,#1713,
#1714,#1715,#1716,#1717,#1718,#1719,#1720,#1721,#1722,#1723,#1724,#1725,
#1726,#1727,#1728,#1729,#1730,#1731,#1732,#1733,#1734,#1735,#1736,#1737,
#1738,#1739,#1740,#1741,#1742,#1743,#1744,#1745,#1746,#1747,#1748,#1749,
#1750,#1751,#1752,#1753,#1754,#1755,#1756,#1757,#1758,#1759,#1760,#1761,
#1762,#1763,#1764,#1765,#1766,#1767,#1768,#1769,#1770,#1771,#1772,#1773,
#1774,#1775,#1776,#1777,#1778,#1779,#1780,#1781,#1782,#1783,#1784,#1785,
#1786,#1787,#1788,#1789,#1790,#1791,#1792,#1793,#1794,#1795,#1796,#1797));
#1799=STYLED_ITEM('',(#1800),#1807);
#1800=PRESENTATION_STYLE_ASSIGNMENT((#1801));
#1801=SURFACE_STYLE_USAGE(.BOTH.,#1802);
#1802=SURFACE_SIDE_STYLE('',(#1803));
#1803=SURFACE_STYLE_FILL_AREA(#1804);
#1804=FILL_AREA_STYLE('',(#1805));
#1805=FILL_AREA_STYLE_COLOUR('',#1806);
#1806=COLOUR_RGB('',0.615686274509804,0.811764705882353,0.929411764705882);
#1807=MANIFOLD_SOLID_BREP('Link5 Follower',#1798);
#1808=SHAPE_DEFINITION_REPRESENTATION(#3736,#1809);
#1809=SHAPE_REPRESENTATION('Link5 Follower',(#1810),#3731);
#1810=AXIS2_PLACEMENT_3D('',#2388,#1948,#1949);
#1811=AXIS2_PLACEMENT_3D('',#2389,#1950,#1951);
#1812=AXIS2_PLACEMENT_3D('',#2569,#1956,#1957);
#1813=AXIS2_PLACEMENT_3D('',#2571,#1959,#1960);
#1814=AXIS2_PLACEMENT_3D('',#2584,#1967,#1968);
#1815=AXIS2_PLACEMENT_3D('',#2601,#1977,#1978);
#1816=AXIS2_PLACEMENT_3D('',#2602,#1979,#1980);
#1817=AXIS2_PLACEMENT_3D('',#2604,#1981,#1982);
#1818=AXIS2_PLACEMENT_3D('',#2606,#1983,#1984);
#1819=AXIS2_PLACEMENT_3D('',#2607,#1985,#1986);
#1820=AXIS2_PLACEMENT_3D('',#2609,#1987,#1988);
#1821=AXIS2_PLACEMENT_3D('',#2611,#1989,#1990);
#1822=AXIS2_PLACEMENT_3D('',#2612,#1991,#1992);
#1823=AXIS2_PLACEMENT_3D('',#2614,#1993,#1994);
#1824=AXIS2_PLACEMENT_3D('',#2616,#1995,#1996);
#1825=AXIS2_PLACEMENT_3D('',#2617,#1997,#1998);
#1826=AXIS2_PLACEMENT_3D('',#2619,#1999,#2000);
#1827=AXIS2_PLACEMENT_3D('',#2621,#2001,#2002);
#1828=AXIS2_PLACEMENT_3D('',#2630,#2007,#2008);
#1829=AXIS2_PLACEMENT_3D('',#2631,#2009,#2010);
#1830=AXIS2_PLACEMENT_3D('',#2653,#2021,#2022);
#1831=AXIS2_PLACEMENT_3D('',#2654,#2023,#2024);
#1832=AXIS2_PLACEMENT_3D('',#2682,#2039,#2040);
#1833=AXIS2_PLACEMENT_3D('',#2689,#2045,#2046);
#1834=AXIS2_PLACEMENT_3D('',#2690,#2047,#2048);
#1835=AXIS2_PLACEMENT_3D('',#2699,#2053,#2054);
#1836=AXIS2_PLACEMENT_3D('',#2841,#2062,#2063);
#1837=AXIS2_PLACEMENT_3D('',#2842,#2064,#2065);
#1838=AXIS2_PLACEMENT_3D('',#2866,#2079,#2080);
#1839=AXIS2_PLACEMENT_3D('',#2869,#2083,#2084);
#1840=AXIS2_PLACEMENT_3D('',#2874,#2088,#2089);
#1841=AXIS2_PLACEMENT_3D('',#2876,#2090,#2091);
#1842=AXIS2_PLACEMENT_3D('',#2877,#2092,#2093);
#1843=AXIS2_PLACEMENT_3D('',#2888,#2099,#2100);
#1844=AXIS2_PLACEMENT_3D('',#2889,#2101,#2102);
#1845=AXIS2_PLACEMENT_3D('',#2900,#2108,#2109);
#1846=AXIS2_PLACEMENT_3D('',#2911,#2116,#2117);
#1847=AXIS2_PLACEMENT_3D('',#2919,#2123,#2124);
#1848=AXIS2_PLACEMENT_3D('',#2921,#2125,#2126);
#1849=AXIS2_PLACEMENT_3D('',#2923,#2127,#2128);
#1850=AXIS2_PLACEMENT_3D('',#2930,#2133,#2134);
#1851=AXIS2_PLACEMENT_3D('',#2937,#2139,#2140);
#1852=AXIS2_PLACEMENT_3D('',#2939,#2141,#2142);
#1853=AXIS2_PLACEMENT_3D('',#2941,#2143,#2144);
#1854=AXIS2_PLACEMENT_3D('',#2945,#2147,#2148);
#1855=AXIS2_PLACEMENT_3D('',#2949,#2151,#2152);
#1856=AXIS2_PLACEMENT_3D('',#2950,#2153,#2154);
#1857=AXIS2_PLACEMENT_3D('',#2951,#2155,#2156);
#1858=AXIS2_PLACEMENT_3D('',#2953,#2158,#2159);
#1859=AXIS2_PLACEMENT_3D('',#2955,#2161,#2162);
#1860=AXIS2_PLACEMENT_3D('',#2957,#2164,#2165);
#1861=AXIS2_PLACEMENT_3D('',#2958,#2166,#2167);
#1862=AXIS2_PLACEMENT_3D('',#2960,#2168,#2169);
#1863=AXIS2_PLACEMENT_3D('',#2961,#2170,#2171);
#1864=AXIS2_PLACEMENT_3D('',#2963,#2172,#2173);
#1865=AXIS2_PLACEMENT_3D('',#2964,#2174,#2175);
#1866=AXIS2_PLACEMENT_3D('',#2965,#2176,#2177);
#1867=AXIS2_PLACEMENT_3D('',#2967,#2178,#2179);
#1868=AXIS2_PLACEMENT_3D('',#2968,#2180,#2181);
#1869=AXIS2_PLACEMENT_3D('',#2970,#2182,#2183);
#1870=AXIS2_PLACEMENT_3D('',#2971,#2184,#2185);
#1871=AXIS2_PLACEMENT_3D('',#2972,#2186,#2187);
#1872=AXIS2_PLACEMENT_3D('',#2974,#2188,#2189);
#1873=AXIS2_PLACEMENT_3D('',#2975,#2190,#2191);
#1874=AXIS2_PLACEMENT_3D('',#2977,#2192,#2193);
#1875=AXIS2_PLACEMENT_3D('',#2978,#2194,#2195);
#1876=AXIS2_PLACEMENT_3D('',#2979,#2196,#2197);
#1877=AXIS2_PLACEMENT_3D('',#2981,#2198,#2199);
#1878=AXIS2_PLACEMENT_3D('',#2982,#2200,#2201);
#1879=AXIS2_PLACEMENT_3D('',#2984,#2202,#2203);
#1880=AXIS2_PLACEMENT_3D('',#2985,#2204,#2205);
#1881=AXIS2_PLACEMENT_3D('',#2987,#2207,#2208);
#1882=AXIS2_PLACEMENT_3D('',#2988,#2209,#2210);
#1883=AXIS2_PLACEMENT_3D('',#2994,#2214,#2215);
#1884=AXIS2_PLACEMENT_3D('',#2996,#2217,#2218);
#1885=AXIS2_PLACEMENT_3D('',#2998,#2220,#2221);
#1886=AXIS2_PLACEMENT_3D('',#2999,#2222,#2223);
#1887=AXIS2_PLACEMENT_3D('',#3005,#2227,#2228);
#1888=AXIS2_PLACEMENT_3D('',#3011,#2232,#2233);
#1889=AXIS2_PLACEMENT_3D('',#3015,#2236,#2237);
#1890=AXIS2_PLACEMENT_3D('',#3019,#2240,#2241);
#1891=AXIS2_PLACEMENT_3D('',#3023,#2245,#2246);
#1892=AXIS2_PLACEMENT_3D('',#3354,#2251,#2252);
#1893=AXIS2_PLACEMENT_3D('',#3626,#2255,#2256);
#1894=AXIS2_PLACEMENT_3D('',#3627,#2257,#2258);
#1895=AXIS2_PLACEMENT_3D('',#3628,#2259,#2260);
#1896=AXIS2_PLACEMENT_3D('',#3629,#2261,#2262);
#1897=AXIS2_PLACEMENT_3D('',#3630,#2263,#2264);
#1898=AXIS2_PLACEMENT_3D('',#3634,#2267,#2268);
#1899=AXIS2_PLACEMENT_3D('',#3635,#2269,#2270);
#1900=AXIS2_PLACEMENT_3D('',#3640,#2274,#2275);
#1901=AXIS2_PLACEMENT_3D('',#3645,#2279,#2280);
#1902=AXIS2_PLACEMENT_3D('',#3647,#2282,#2283);
#1903=AXIS2_PLACEMENT_3D('',#3648,#2284,#2285);
#1904=AXIS2_PLACEMENT_3D('',#3650,#2286,#2287);
#1905=AXIS2_PLACEMENT_3D('',#3651,#2288,#2289);
#1906=AXIS2_PLACEMENT_3D('',#3653,#2290,#2291);
#1907=AXIS2_PLACEMENT_3D('',#3655,#2292,#2293);
#1908=AXIS2_PLACEMENT_3D('',#3657,#2294,#2295);
#1909=AXIS2_PLACEMENT_3D('',#3659,#2296,#2297);
#1910=AXIS2_PLACEMENT_3D('',#3660,#2298,#2299);
#1911=AXIS2_PLACEMENT_3D('',#3662,#2300,#2301);
#1912=AXIS2_PLACEMENT_3D('',#3663,#2302,#2303);
#1913=AXIS2_PLACEMENT_3D('',#3664,#2304,#2305);
#1914=AXIS2_PLACEMENT_3D('',#3666,#2306,#2307);
#1915=AXIS2_PLACEMENT_3D('',#3667,#2308,#2309);
#1916=AXIS2_PLACEMENT_3D('',#3668,#2310,#2311);
#1917=AXIS2_PLACEMENT_3D('',#3670,#2312,#2313);
#1918=AXIS2_PLACEMENT_3D('',#3671,#2314,#2315);
#1919=AXIS2_PLACEMENT_3D('',#3672,#2316,#2317);
#1920=AXIS2_PLACEMENT_3D('',#3674,#2318,#2319);
#1921=AXIS2_PLACEMENT_3D('',#3675,#2320,#2321);
#1922=AXIS2_PLACEMENT_3D('',#3676,#2322,#2323);
#1923=AXIS2_PLACEMENT_3D('',#3678,#2324,#2325);
#1924=AXIS2_PLACEMENT_3D('',#3679,#2326,#2327);
#1925=AXIS2_PLACEMENT_3D('',#3681,#2328,#2329);
#1926=AXIS2_PLACEMENT_3D('',#3682,#2330,#2331);
#1927=AXIS2_PLACEMENT_3D('',#3686,#2334,#2335);
#1928=AXIS2_PLACEMENT_3D('',#3690,#2338,#2339);
#1929=AXIS2_PLACEMENT_3D('',#3694,#2342,#2343);
#1930=AXIS2_PLACEMENT_3D('',#3698,#2346,#2347);
#1931=AXIS2_PLACEMENT_3D('',#3702,#2350,#2351);
#1932=AXIS2_PLACEMENT_3D('',#3704,#2353,#2354);
#1933=AXIS2_PLACEMENT_3D('',#3708,#2357,#2358);
#1934=AXIS2_PLACEMENT_3D('',#3710,#2360,#2361);
#1935=AXIS2_PLACEMENT_3D('',#3711,#2362,#2363);
#1936=AXIS2_PLACEMENT_3D('',#3713,#2364,#2365);
#1937=AXIS2_PLACEMENT_3D('',#3714,#2366,#2367);
#1938=AXIS2_PLACEMENT_3D('',#3716,#2368,#2369);
#1939=AXIS2_PLACEMENT_3D('',#3717,#2370,#2371);
#1940=AXIS2_PLACEMENT_3D('',#3719,#2372,#2373);
#1941=AXIS2_PLACEMENT_3D('',#3720,#2374,#2375);
#1942=AXIS2_PLACEMENT_3D('',#3722,#2376,#2377);
#1943=AXIS2_PLACEMENT_3D('',#3723,#2378,#2379);
#1944=AXIS2_PLACEMENT_3D('',#3724,#2380,#2381);
#1945=AXIS2_PLACEMENT_3D('',#3726,#2382,#2383);
#1946=AXIS2_PLACEMENT_3D('',#3727,#2384,#2385);
#1947=AXIS2_PLACEMENT_3D('',#3729,#2386,#2387);
#1948=DIRECTION('',(0.,0.,1.));
#1949=DIRECTION('',(1.,0.,0.));
#1950=DIRECTION('',(-1.40709418932882E-17,-0.999847691176682,0.0174526344331741));
#1951=DIRECTION('',(-0.576254668283617,0.0142635177932007,0.817145708757931));
#1952=DIRECTION('',(-1.40709418932882E-17,-0.999847691176682,0.0174526344331741));
#1953=DIRECTION('',(-1.40709418932882E-17,-0.999847691176682,0.0174526344331741));
#1954=DIRECTION('',(-1.40709418932882E-17,-0.999847691176682,0.0174526344331741));
#1955=DIRECTION('',(-5.42101086242752E-20,0.999847691176682,-0.0174526344331741));
#1956=DIRECTION('',(0.999973870951454,0.000126163855032167,0.00722782796184046));
#1957=DIRECTION('',(0.00722782801936428,0.,-0.999973878909906));
#1958=DIRECTION('',(0.000126167150655624,-0.999999992040925,-9.71457470282972E-17));
#1959=DIRECTION('',(-0.000126167150655642,0.999999992040925,6.5725680360875E-16));
#1960=DIRECTION('',(0.999999992040925,0.000126167150655642,0.));
#1961=DIRECTION('',(0.999973870951454,0.000126163855032181,0.00722782796184045));
#1962=DIRECTION('',(-0.00722782790431363,-9.11914460031828E-7,0.999973878910322));
#1963=DIRECTION('',(-0.999973870951454,-0.000126163855032181,-0.00722782796184045));
#1964=DIRECTION('',(0.00722782790431363,9.11914460031828E-7,-0.999973878910321));
#1965=DIRECTION('',(-0.999973870951454,-0.000126163855032181,-0.00722782796184045));
#1966=DIRECTION('',(-0.00722782790431363,-9.11914460031828E-7,0.999973878910321));
#1967=DIRECTION('',(5.42101086242752E-20,-0.999847691176682,0.0174526344331741));
#1968=DIRECTION('',(0.999973870951454,0.000126163855032181,0.00722782796184045));
#1969=DIRECTION('',(0.999973870951454,0.000126163855032181,0.00722782796184045));
#1970=DIRECTION('',(0.007228928991509,-0.0174521784124418,-0.999821566107821));
#1971=DIRECTION('',(-0.999973870951454,-0.000126163855032181,-0.00722782796184045));
#1972=DIRECTION('',(-0.007228928991509,0.0174521784124418,0.999821566107821));
#1973=DIRECTION('',(0.999973870951454,0.000126163855032181,0.00722782796184045));
#1974=DIRECTION('',(0.007228928991509,-0.0174521784124418,-0.999821566107821));
#1975=DIRECTION('',(0.999973870951454,0.000126163855032181,0.00722782796184045));
#1976=DIRECTION('',(-0.007228928991509,0.0174521784124418,0.999821566107821));
#1977=DIRECTION('',(-9.77391317836737E-18,9.71445146547012E-17,-1.));
#1978=DIRECTION('',(0.,1.,9.71445146547012E-17));
#1979=DIRECTION('',(9.77391317836737E-18,-9.71445146547012E-17,1.));
#1980=DIRECTION('',(0.,-1.,-9.71445146547012E-17));
#1981=DIRECTION('',(9.77391317836737E-18,-9.71445146547012E-17,1.));
#1982=DIRECTION('',(0.,-1.,-9.71445146547012E-17));
#1983=DIRECTION('',(-9.77391317836737E-18,9.71445146547012E-17,-1.));
#1984=DIRECTION('',(0.,1.,9.71445146547012E-17));
#1985=DIRECTION('',(9.77391317836737E-18,-9.71445146547012E-17,1.));
#1986=DIRECTION('',(0.,-1.,-9.71445146547012E-17));
#1987=DIRECTION('',(9.77391317836737E-18,-9.71445146547012E-17,1.));
#1988=DIRECTION('',(0.,-1.,-9.71445146547012E-17));
#1989=DIRECTION('',(-9.77391317836737E-18,9.71445146547012E-17,-1.));
#1990=DIRECTION('',(0.,1.,9.71445146547012E-17));
#1991=DIRECTION('',(9.77391317836737E-18,-9.71445146547012E-17,1.));
#1992=DIRECTION('',(0.,-1.,-9.71445146547012E-17));
#1993=DIRECTION('',(9.77391317836737E-18,-9.71445146547012E-17,1.));
#1994=DIRECTION('',(0.,-1.,-9.71445146547012E-17));
#1995=DIRECTION('',(-9.77391317836737E-18,9.71445146547012E-17,-1.));
#1996=DIRECTION('',(0.,1.,9.71445146547012E-17));
#1997=DIRECTION('',(9.77391317836737E-18,-9.71445146547012E-17,1.));
#1998=DIRECTION('',(0.,-1.,-9.71445146547012E-17));
#1999=DIRECTION('',(9.77391317836737E-18,-9.71445146547012E-17,1.));
#2000=DIRECTION('',(0.,-1.,-9.71445146547012E-17));
#2001=DIRECTION('',(0.573576436351046,-7.95761277708604E-17,0.819152044288992));
#2002=DIRECTION('',(0.819152044288992,0.,-0.573576436351046));
#2003=DIRECTION('',(-0.819152044288992,-5.57198045266955E-17,0.573576436351046));
#2004=DIRECTION('',(-2.14896408968489E-32,1.,9.71445146547012E-17));
#2005=DIRECTION('',(0.819152044288992,5.57198045266955E-17,-0.573576436351046));
#2006=DIRECTION('',(-9.49482051989685E-34,-1.,-9.71445146547011E-17));
#2007=DIRECTION('',(9.77391317836737E-18,-9.71445146547012E-17,1.));
#2008=DIRECTION('',(1.,9.49482051989685E-34,-9.77391317836737E-18));
#2009=DIRECTION('',(9.77391317836737E-18,-9.71445146547012E-17,1.));
#2010=DIRECTION('',(0.,-1.,-9.71445146547012E-17));
#2011=DIRECTION('',(0.866025403784439,-0.5,-5.70367144342002E-17));
#2012=DIRECTION('',(1.,0.,-9.77391317836737E-18));
#2013=DIRECTION('',(-9.49482051989685E-34,-1.,-9.71445146547012E-17));
#2014=DIRECTION('',(1.,0.,-9.77391317836737E-18));
#2015=DIRECTION('',(-0.866025403784439,-0.5,-4.01078002205009E-17));
#2016=DIRECTION('',(-0.866025403784439,0.5,5.70367144342002E-17));
#2017=DIRECTION('',(-1.,0.,9.77391317836737E-18));
#2018=DIRECTION('',(0.000126167150655638,-0.999999992040925,-9.71457470282972E-17));
#2019=DIRECTION('',(-1.,0.,9.77391317836737E-18));
#2020=DIRECTION('',(0.866025403784439,0.5,4.01078002205009E-17));
#2021=DIRECTION('',(-0.999973870951454,-0.000126163855032181,-0.00722782796184045));
#2022=DIRECTION('',(-5.42101086242752E-20,0.999847691176682,-0.0174526344331741));
#2023=DIRECTION('',(-0.999973870951454,-0.000126163855032181,-0.00722782796184045));
#2024=DIRECTION('',(-0.00722782801936427,0.,0.999973878909906));
#2025=DIRECTION('',(1.65336511105431E-18,0.999847691176682,-0.0174526344331743));
#2026=DIRECTION('',(0.007228928991509,-0.0174521784124418,-0.999821566107821));
#2027=DIRECTION('',(-5.42101086242752E-20,0.999847691176682,-0.0174526344331741));
#2028=DIRECTION('',(0.007228928991509,-0.0174521784124374,-0.999821566107821));
#2029=DIRECTION('',(-0.007228928991509,0.0174521784124418,0.999821566107821));
#2030=DIRECTION('',(5.42101086242752E-20,-0.999847691176682,0.0174526344331741));
#2031=DIRECTION('',(0.007228928991509,-0.0174521784124418,-0.999821566107821));
#2032=DIRECTION('',(0.007228928991509,-0.0174521784124418,-0.999821566107821));
#2033=DIRECTION('',(5.42101086242752E-20,-0.999847691176682,0.0174526344331741));
#2034=DIRECTION('',(0.007228928991509,-0.0174521784124418,-0.999821566107821));
#2035=DIRECTION('',(-0.000126167150655637,0.999999992040925,3.66257046116192E-18));
#2036=DIRECTION('',(-0.000126167150655637,0.999999992040925,-2.99155592272249E-18));
#2037=DIRECTION('',(-3.14432561801995E-18,-0.999847691176682,0.0174526344331746));
#2038=DIRECTION('',(-0.007228928991509,0.0174521784124422,0.999821566107821));
#2039=DIRECTION('',(-5.42101086242752E-20,0.999847691176682,-0.0174526344331741));
#2040=DIRECTION('',(0.999973870951454,0.000126163855032181,0.00722782796184045));
#2041=DIRECTION('',(-0.999973870951454,-0.000126163855032181,-0.00722782796184045));
#2042=DIRECTION('',(-0.007228928991509,0.0174521784124418,0.999821566107821));
#2043=DIRECTION('',(0.007228928991509,-0.0174521784124418,-0.999821566107821));
#2044=DIRECTION('',(0.999973870951454,0.000126163855032181,0.00722782796184045));
#2045=DIRECTION('',(0.007228928991509,-0.0174521784124418,-0.999821566107821));
#2046=DIRECTION('',(-0.999973870951454,-0.000126163855032181,-0.00722782796184045));
#2047=DIRECTION('',(-0.007228928991509,0.0174521784124418,0.999821566107821));
#2048=DIRECTION('',(5.42101086242752E-20,-0.999847691176682,0.0174526344331741));
#2049=DIRECTION('',(0.999973870951454,0.000126163855032907,0.00722782796184044));
#2050=DIRECTION('',(-0.999973870951454,-0.000126163855031602,-0.00722782796184046));
#2051=DIRECTION('',(-5.42101086242752E-20,0.999847691176682,-0.0174526344331741));
#2052=DIRECTION('',(-5.42101086242752E-20,0.999847691176682,-0.0174526344331741));
#2053=DIRECTION('',(9.77391317836737E-18,-9.71445146547012E-17,1.));
#2054=DIRECTION('',(1.,9.49482051989685E-34,-9.77391317836737E-18));
#2055=DIRECTION('',(-9.49482051989685E-34,-1.,-9.71445146547012E-17));
#2056=DIRECTION('',(1.,-5.78697118309512E-16,-9.77391317836742E-18));
#2057=DIRECTION('',(0.000126167150655638,-0.999999992040925,-9.71457470282972E-17));
#2058=DIRECTION('',(-1.,0.,9.77391317836737E-18));
#2059=DIRECTION('',(0.000126167150655638,-0.999999992040925,-9.71457470282972E-17));
#2060=DIRECTION('',(-9.49482051989685E-34,-1.,-9.71445146547012E-17));
#2061=DIRECTION('',(-5.42101086242752E-20,0.999847691176682,-0.0174526344331741));
#2062=DIRECTION('',(-0.999973870951454,-0.000126163855032181,-0.00722782796184045));
#2063=DIRECTION('',(-5.42101086242752E-20,0.999847691176682,-0.0174526344331741));
#2064=DIRECTION('',(-0.999973870951454,-0.000126163855032181,-0.00722782796184045));
#2065=DIRECTION('',(-0.00722782801936427,0.,0.999973878909906));
#2066=DIRECTION('',(0.000126167150655637,-0.999999992040925,-1.75281275969863E-18));
#2067=DIRECTION('',(0.00722782790431363,9.11914459787632E-7,-0.999973878910321));
#2068=DIRECTION('',(2.71050543121376E-18,-0.999847691176682,0.0174526344331737));
#2069=DIRECTION('',(-5.42101086242752E-20,0.999847691176682,-0.0174526344331741));
#2070=DIRECTION('',(-0.007228928991509,0.0174521784124418,0.999821566107821));
#2071=DIRECTION('',(-0.007228928991509,0.0174521784124418,0.999821566107821));
#2072=DIRECTION('',(5.42101086242752E-20,-0.999847691176682,0.0174526344331741));
#2073=DIRECTION('',(-0.007228928991509,0.0174521784124418,0.999821566107821));
#2074=DIRECTION('',(-0.007228928991509,0.0174521784124433,0.999821566107821));
#2075=DIRECTION('',(-5.42101086242752E-20,0.999847691176682,-0.0174526344331741));
#2076=DIRECTION('',(2.27676507096004E-18,-0.999847691176682,0.0174526344331738));
#2077=DIRECTION('',(-0.007228928991509,0.0174521784124415,0.999821566107821));
#2078=DIRECTION('',(-2.5547645646412E-18,0.999847691176682,-0.0174526344331738));
#2079=DIRECTION('',(9.77391317836737E-18,-9.71445146547012E-17,1.));
#2080=DIRECTION('',(1.,9.49482051989685E-34,-9.77391317836737E-18));
#2081=DIRECTION('',(1.,-1.42436918669197E-17,-9.77391317836737E-18));
#2082=DIRECTION('',(-1.,0.,9.77391317836737E-18));
#2083=DIRECTION('',(0.007228928991509,-0.0174521784124418,-0.999821566107821));
#2084=DIRECTION('',(-0.999973870951454,-0.000126163855032181,-0.00722782796184045));
#2085=DIRECTION('',(-0.999973870951454,-0.000126163855032167,-0.00722782796184045));
#2086=DIRECTION('',(0.999973870951454,0.000126163855032182,0.00722782796184046));
#2087=DIRECTION('',(-5.42101086242752E-20,0.999847691176682,-0.0174526344331741));
#2088=DIRECTION('',(-0.007228928991509,0.0174521784124418,0.999821566107821));
#2089=DIRECTION('',(5.42101086242752E-20,-0.999847691176682,0.0174526344331741));
#2090=DIRECTION('',(-0.007228928991509,0.0174521784124418,0.999821566107821));
#2091=DIRECTION('',(0.999973870951454,0.000126163855032181,0.00722782796184045));
#2092=DIRECTION('',(-0.007228928991509,0.0174521784124418,0.999821566107821));
#2093=DIRECTION('',(5.42101086242752E-20,-0.999847691176682,0.0174526344331741));
#2094=DIRECTION('',(5.42101086242752E-20,-0.999847691176682,0.0174526344331741));
#2095=DIRECTION('',(-0.866002775364621,-0.500033106691838,0.00246683458744973));
#2096=DIRECTION('',(0.999973870951454,0.000126163855032181,0.00722782796184045));
#2097=DIRECTION('',(5.42101086242752E-20,-0.999847691176682,0.0174526344331741));
#2098=DIRECTION('',(0.999973870951454,0.000126163855032181,0.00722782796184045));
#2099=DIRECTION('',(-0.007228928991509,0.0174521784124418,0.999821566107821));
#2100=DIRECTION('',(0.999973870951454,0.000126163855032181,0.00722782796184045));
#2101=DIRECTION('',(-0.007228928991509,0.0174521784124418,0.999821566107821));
#2102=DIRECTION('',(5.42101086242752E-20,-0.999847691176682,0.0174526344331741));
#2103=DIRECTION('',(5.42101086242752E-20,-0.999847691176682,0.0174526344331741));
#2104=DIRECTION('',(0.999973870951454,0.000126163855032181,0.00722782796184045));
#2105=DIRECTION('',(5.42101086242752E-20,-0.999847691176682,0.0174526344331741));
#2106=DIRECTION('',(0.999973870951454,0.000126163855032181,0.00722782796184045));
#2107=DIRECTION('',(0.866002775364622,-0.499814584484843,0.0149857998457244));
#2108=DIRECTION('',(0.999973870951454,0.000126163855032181,0.00722782796184045));
#2109=DIRECTION('',(0.007228928991509,-0.0174521784124418,-0.999821566107821));
#2110=DIRECTION('',(5.42101086242752E-20,-0.999847691176682,0.0174526344331741));
#2111=DIRECTION('',(-0.007228928991509,0.0174521784124418,0.999821566107821));
#2112=DIRECTION('',(0.007228928991509,-0.0174521784124418,-0.999821566107821));
#2113=DIRECTION('',(5.42101086242752E-20,-0.999847691176682,0.0174526344331741));
#2114=DIRECTION('',(0.007228928991509,-0.0174521784124418,-0.999821566107821));
#2115=DIRECTION('',(-0.007228928991509,0.0174521784124418,0.999821566107821));
#2116=DIRECTION('',(-0.007228928991509,0.0174521784124418,0.999821566107821));
#2117=DIRECTION('',(0.999973870951454,0.000126163855032181,0.00722782796184045));
#2118=DIRECTION('',(0.999973870951454,0.000126163855032181,0.00722782796184045));
#2119=DIRECTION('',(0.999973870951454,0.000126163855032181,0.00722782796184045));
#2120=DIRECTION('',(0.999973870951454,0.000126163855032181,0.00722782796184045));
#2121=DIRECTION('',(0.999973870951454,0.000126163855032181,0.00722782796184045));
#2122=DIRECTION('',(-5.42101086242752E-20,0.999847691176682,-0.0174526344331741));
#2123=DIRECTION('',(-0.007228928991509,0.0174521784124418,0.999821566107821));
#2124=DIRECTION('',(5.42101086242752E-20,-0.999847691176682,0.0174526344331741));
#2125=DIRECTION('',(-0.007228928991509,0.0174521784124418,0.999821566107821));
#2126=DIRECTION('',(5.42101086242752E-20,-0.999847691176682,0.0174526344331741));
#2127=DIRECTION('',(0.999973870951454,0.000126163855032181,0.00722782796184045));
#2128=DIRECTION('',(0.007228928991509,-0.0174521784124418,-0.999821566107821));
#2129=DIRECTION('',(0.000126167150655637,-0.999999992040925,-3.66257046116192E-18));
#2130=DIRECTION('',(0.007228928991509,-0.0174521784124418,-0.999821566107821));
#2131=DIRECTION('',(5.42101086242752E-20,-0.999847691176682,0.0174526344331741));
#2132=DIRECTION('',(-5.42101086242752E-20,0.999847691176682,-0.0174526344331741));
#2133=DIRECTION('',(-0.007228928991509,0.0174521784124418,0.999821566107821));
#2134=DIRECTION('',(0.999973870951454,0.000126163855032181,0.00722782796184045));
#2135=DIRECTION('',(-5.42101086242752E-20,0.999847691176682,-0.0174526344331741));
#2136=DIRECTION('',(0.866002775364622,-0.499814584484843,0.0149857998457244));
#2137=DIRECTION('',(-0.999973870951454,-0.000126163855032181,-0.00722782796184045));
#2138=DIRECTION('',(-0.866002775364621,-0.500033106691838,0.00246683458744973));
#2139=DIRECTION('',(0.007228928991509,-0.0174521784124418,-0.999821566107821));
#2140=DIRECTION('',(-5.42101086242752E-20,0.999847691176682,-0.0174526344331741));
#2141=DIRECTION('',(0.007228928991509,-0.0174521784124418,-0.999821566107821));
#2142=DIRECTION('',(-5.42101086242752E-20,0.999847691176682,-0.0174526344331741));
#2143=DIRECTION('',(-5.42101086242752E-20,0.999847691176682,-0.0174526344331741));
#2144=DIRECTION('',(0.999973870951454,0.000126163855032181,0.00722782796184045));
#2145=DIRECTION('',(-0.999973870951454,-0.000126163855032181,-0.00722782796184045));
#2146=DIRECTION('',(0.007228928991509,-0.0174521784124418,-0.999821566107821));
#2147=DIRECTION('',(-5.42101086242752E-20,0.999847691176682,-0.0174526344331741));
#2148=DIRECTION('',(0.999973870951454,0.000126163855032181,0.00722782796184045));
#2149=DIRECTION('',(0.007228928991509,-0.0174521784124418,-0.999821566107821));
#2150=DIRECTION('',(-0.999973870951454,-0.000126163855032181,-0.00722782796184045));
#2151=DIRECTION('',(5.42101086242752E-20,-0.999847691176682,0.0174526344331741));
#2152=DIRECTION('',(0.999973870951454,0.000126163855032181,0.00722782796184045));
#2153=DIRECTION('',(-5.42101086242752E-20,0.999847691176682,-0.0174526344331741));
#2154=DIRECTION('',(0.999973870951454,0.000126163855032181,0.00722782796184045));
#2155=DIRECTION('',(-5.42101086242752E-20,0.999847691176682,-0.0174526344331741));
#2156=DIRECTION('',(0.999973870951454,0.000126163855032181,0.00722782796184045));
#2157=DIRECTION('',(0.999973870951454,0.000126163855032181,0.00722782796184045));
#2158=DIRECTION('',(-0.499986935475727,-0.865956582401741,0.0115005108011716));
#2159=DIRECTION('',(-0.866002775364622,0.499814584484843,-0.0149857998457244));
#2160=DIRECTION('',(0.007228928991509,-0.0174521784124418,-0.999821566107821));
#2161=DIRECTION('',(-0.499986935475727,0.865830418546709,-0.0187283387630121));
#2162=DIRECTION('',(0.866002775364621,0.500033106691838,-0.00246683458744973));
#2163=DIRECTION('',(0.007228928991509,-0.0174521784124418,-0.999821566107821));
#2164=DIRECTION('',(0.007228928991509,-0.0174521784124418,-0.999821566107821));
#2165=DIRECTION('',(-5.42101086242752E-20,0.999847691176682,-0.0174526344331741));
#2166=DIRECTION('',(0.007228928991509,-0.0174521784124418,-0.999821566107821));
#2167=DIRECTION('',(-5.42101086242752E-20,0.999847691176682,-0.0174526344331741));
#2168=DIRECTION('',(-0.007228928991509,0.0174521784124418,0.999821566107821));
#2169=DIRECTION('',(5.42101086242752E-20,-0.999847691176682,0.0174526344331741));
#2170=DIRECTION('',(0.007228928991509,-0.0174521784124418,-0.999821566107821));
#2171=DIRECTION('',(-5.42101086242752E-20,0.999847691176682,-0.0174526344331741));
#2172=DIRECTION('',(0.007228928991509,-0.0174521784124418,-0.999821566107821));
#2173=DIRECTION('',(-5.42101086242752E-20,0.999847691176682,-0.0174526344331741));
#2174=DIRECTION('',(0.007228928991509,-0.0174521784124418,-0.999821566107821));
#2175=DIRECTION('',(-5.42101086242752E-20,0.999847691176682,-0.0174526344331741));
#2176=DIRECTION('',(0.007228928991509,-0.0174521784124418,-0.999821566107821));
#2177=DIRECTION('',(-5.42101086242752E-20,0.999847691176682,-0.0174526344331741));
#2178=DIRECTION('',(-0.007228928991509,0.0174521784124418,0.999821566107821));
#2179=DIRECTION('',(5.42101086242752E-20,-0.999847691176682,0.0174526344331741));
#2180=DIRECTION('',(0.007228928991509,-0.0174521784124418,-0.999821566107821));
#2181=DIRECTION('',(-5.42101086242752E-20,0.999847691176682,-0.0174526344331741));
#2182=DIRECTION('',(0.007228928991509,-0.0174521784124418,-0.999821566107821));
#2183=DIRECTION('',(-5.42101086242752E-20,0.999847691176682,-0.0174526344331741));
#2184=DIRECTION('',(-0.007228928991509,0.0174521784124418,0.999821566107821));
#2185=DIRECTION('',(5.42101086242752E-20,-0.999847691176682,0.0174526344331741));
#2186=DIRECTION('',(-0.007228928991509,0.0174521784124418,0.999821566107821));
#2187=DIRECTION('',(5.42101086242752E-20,-0.999847691176682,0.0174526344331741));
#2188=DIRECTION('',(0.007228928991509,-0.0174521784124418,-0.999821566107821));
#2189=DIRECTION('',(-5.42101086242752E-20,0.999847691176682,-0.0174526344331741));
#2190=DIRECTION('',(-0.007228928991509,0.0174521784124418,0.999821566107821));
#2191=DIRECTION('',(5.42101086242752E-20,-0.999847691176682,0.0174526344331741));
#2192=DIRECTION('',(-0.007228928991509,0.0174521784124418,0.999821566107821));
#2193=DIRECTION('',(5.42101086242752E-20,-0.999847691176682,0.0174526344331741));
#2194=DIRECTION('',(-0.007228928991509,0.0174521784124418,0.999821566107821));
#2195=DIRECTION('',(5.42101086242752E-20,-0.999847691176682,0.0174526344331741));
#2196=DIRECTION('',(-0.007228928991509,0.0174521784124418,0.999821566107821));
#2197=DIRECTION('',(5.42101086242752E-20,-0.999847691176682,0.0174526344331741));
#2198=DIRECTION('',(0.007228928991509,-0.0174521784124418,-0.999821566107821));
#2199=DIRECTION('',(-5.42101086242752E-20,0.999847691176682,-0.0174526344331741));
#2200=DIRECTION('',(-0.007228928991509,0.0174521784124418,0.999821566107821));
#2201=DIRECTION('',(5.42101086242752E-20,-0.999847691176682,0.0174526344331741));
#2202=DIRECTION('',(-0.007228928991509,0.0174521784124418,0.999821566107821));
#2203=DIRECTION('',(5.42101086242752E-20,-0.999847691176682,0.0174526344331741));
#2204=DIRECTION('',(-0.007228928991509,0.0174521784124418,0.999821566107821));
#2205=DIRECTION('',(0.999973870951454,0.000126163855032181,0.00722782796184045));
#2206=DIRECTION('',(5.42101086242752E-20,-0.999847691176682,0.0174526344331741));
#2207=DIRECTION('',(0.999973870951454,0.000126163855032181,0.00722782796184045));
#2208=DIRECTION('',(5.42101086242752E-20,-0.999847691176682,0.0174526344331741));
#2209=DIRECTION('',(-0.007228928991509,0.0174521784124418,0.999821566107821));
#2210=DIRECTION('',(0.999973870951454,0.000126163855032181,0.00722782796184045));
#2211=DIRECTION('',(5.42101086242752E-20,-0.999847691176682,0.0174526344331741));
#2212=DIRECTION('',(-0.999973870951454,-0.000126163855032181,-0.00722782796184045));
#2213=DIRECTION('',(-0.999973870951454,-0.000126163855032181,-0.00722782796184045));
#2214=DIRECTION('',(5.42101086242752E-20,-0.999847691176682,0.0174526344331741));
#2215=DIRECTION('',(-0.999973870951454,-0.000126163855032181,-0.00722782796184045));
#2216=DIRECTION('',(-0.007228928991509,0.0174521784124418,0.999821566107821));
#2217=DIRECTION('',(0.999973870951454,0.000126163855032181,0.00722782796184045));
#2218=DIRECTION('',(5.42101086242752E-20,-0.999847691176682,0.0174526344331741));
#2219=DIRECTION('',(-0.007228928991509,0.0174521784124418,0.999821566107821));
#2220=DIRECTION('',(5.42101086242752E-20,-0.999847691176682,0.0174526344331741));
#2221=DIRECTION('',(-0.999973870951454,-0.000126163855032181,-0.00722782796184045));
#2222=DIRECTION('',(0.5,-0.866025403784438,-8.90165741184645E-17));
#2223=DIRECTION('',(-0.866025403784439,-0.5,0.));
#2224=DIRECTION('',(-9.77391317836737E-18,9.71445146547012E-17,-1.));
#2225=DIRECTION('',(-0.866025403784439,-0.5,-4.01078002205009E-17));
#2226=DIRECTION('',(-9.77391317836737E-18,9.71445146547012E-17,-1.));
#2227=DIRECTION('',(0.5,0.866025403784439,7.92426609400972E-17));
#2228=DIRECTION('',(0.866025403784439,-0.5,0.));
#2229=DIRECTION('',(-9.77391317836737E-18,9.71445146547012E-17,-1.));
#2230=DIRECTION('',(0.866025403784439,-0.5,-5.70367144342002E-17));
#2231=DIRECTION('',(-9.77391317836737E-18,9.71445146547012E-17,-1.));
#2232=DIRECTION('',(-0.5,0.866025403784438,8.90165741184645E-17));
#2233=DIRECTION('',(0.866025403784439,0.5,0.));
#2234=DIRECTION('',(-9.77391317836737E-18,9.71445146547012E-17,-1.));
#2235=DIRECTION('',(0.866025403784439,0.5,4.01078002205009E-17));
#2236=DIRECTION('',(-0.5,-0.866025403784439,-7.92426609400972E-17));
#2237=DIRECTION('',(-0.866025403784439,0.5,0.));
#2238=DIRECTION('',(-0.866025403784439,0.5,5.70367144342002E-17));
#2239=DIRECTION('',(-9.77391317836737E-18,9.71445146547012E-17,-1.));
#2240=DIRECTION('',(9.49482051989685E-34,1.,9.71445146547012E-17));
#2241=DIRECTION('',(0.,-9.71445146547012E-17,1.));
#2242=DIRECTION('',(-0.00722782801936427,-9.71419755878419E-17,0.999973878909906));
#2243=DIRECTION('',(-1.,0.,9.77391317836737E-18));
#2244=DIRECTION('',(-1.,0.,9.77391317836737E-18));
#2245=DIRECTION('',(9.49482051989685E-34,1.,9.71445146547012E-17));
#2246=DIRECTION('',(0.,-9.71445146547012E-17,1.));
#2247=DIRECTION('',(-0.00722782801936427,-9.71419755878419E-17,0.999973878909906));
#2248=DIRECTION('',(-1.,0.,9.77391317836737E-18));
#2249=DIRECTION('',(0.00722782801936428,9.71419755878419E-17,-0.999973878909906));
#2250=DIRECTION('',(-1.,0.,9.77391317836737E-18));
#2251=DIRECTION('',(0.007228928991509,-0.0174521784124414,-0.999821566107821));
#2252=DIRECTION('',(0.,0.999847691176682,-0.0174526344331737));
#2253=DIRECTION('',(0.999973870951454,0.000126163855032181,0.00722782796184045));
#2254=DIRECTION('',(2.71050543121376E-18,-0.999847691176682,0.0174526344331737));
#2255=DIRECTION('',(5.78438397098681E-16,0.999847691176682,-0.0174526344331741));
#2256=DIRECTION('',(0.,0.0174526344331741,0.999847691176682));
#2257=DIRECTION('',(1.40709418932882E-17,0.999847691176682,-0.0174526344331741));
#2258=DIRECTION('',(0.,0.0174526344331741,0.999847691176682));
#2259=DIRECTION('',(-0.007228928991509,0.0174521784124418,0.999821566107821));
#2260=DIRECTION('',(0.,-0.999847691176682,0.0174526344331741));
#2261=DIRECTION('',(0.999973870951454,0.000126163855032167,0.00722782796184046));
#2262=DIRECTION('',(0.00722782801936428,0.,-0.999973878909906));
#2263=DIRECTION('',(-0.00012616715065564,0.999999992040925,4.13067660478278E-16));
#2264=DIRECTION('',(0.999999992040925,0.00012616715065564,0.));
#2265=DIRECTION('',(-0.999973870951454,-0.000126163855032181,-0.00722782796184045));
#2266=DIRECTION('',(0.00722782790431363,9.11914459787632E-7,-0.999973878910321));
#2267=DIRECTION('',(-0.00722782790431363,-9.11914459378216E-7,0.999973878910321));
#2268=DIRECTION('',(0.999973878910737,0.,0.00722782790431664));
#2269=DIRECTION('',(-9.49482051989685E-34,-1.,-9.71445146547012E-17));
#2270=DIRECTION('',(0.,9.71445146547012E-17,-1.));
#2271=DIRECTION('',(-9.77391317836737E-18,9.71445146547012E-17,-1.));
#2272=DIRECTION('',(1.,-9.49482051989685E-34,-9.22369731138877E-50));
#2273=DIRECTION('',(1.,-2.22730392507683E-49,-9.77391317836736E-18));
#2274=DIRECTION('',(-9.49482051989685E-34,-1.,-9.71445146547012E-17));
#2275=DIRECTION('',(0.,9.71445146547012E-17,-1.));
#2276=DIRECTION('',(1.,-2.22730392507683E-49,-9.77391317836736E-18));
#2277=DIRECTION('',(-1.,9.49482051989685E-34,9.22369731138877E-50));
#2278=DIRECTION('',(-9.77391317836737E-18,9.71445146547012E-17,-1.));
#2279=DIRECTION('',(-1.,0.,9.77391317836737E-18));
#2280=DIRECTION('',(9.77391317836737E-18,0.,1.));
#2281=DIRECTION('',(-9.49482051989685E-34,-1.,-9.71445146547011E-17));
#2282=DIRECTION('',(1.36667019949451E-65,-9.71445146547011E-17,1.));
#2283=DIRECTION('',(0.,-1.,-9.71445146547012E-17));
#2284=DIRECTION('',(1.36667019949451E-65,-9.71445146547011E-17,1.));
#2285=DIRECTION('',(0.,-1.,-9.71445146547012E-17));
#2286=DIRECTION('',(9.77391317836737E-18,-9.71445146547012E-17,1.));
#2287=DIRECTION('',(1.,9.49482051989685E-34,-9.77391317836737E-18));
#2288=DIRECTION('',(9.77391317836737E-18,-9.71445146547012E-17,1.));
#2289=DIRECTION('',(0.,-1.,-9.71445146547012E-17));
#2290=DIRECTION('',(9.77391317836737E-18,-9.71445146547012E-17,1.));
#2291=DIRECTION('',(0.,-1.,-9.71445146547012E-17));
#2292=DIRECTION('',(9.77391317836737E-18,-9.71445146547012E-17,1.));
#2293=DIRECTION('',(0.,-1.,-9.71445146547012E-17));
#2294=DIRECTION('',(9.77391317836737E-18,-9.71445146547012E-17,1.));
#2295=DIRECTION('',(0.,-1.,-9.71445146547012E-17));
#2296=DIRECTION('',(9.77391317836737E-18,-9.71445146547012E-17,1.));
#2297=DIRECTION('',(0.,-1.,-9.71445146547012E-17));
#2298=DIRECTION('',(9.77391317836737E-18,-9.71445146547012E-17,1.));
#2299=DIRECTION('',(0.,-1.,-9.71445146547012E-17));
#2300=DIRECTION('',(9.77391317836737E-18,-9.71445146547012E-17,1.));
#2301=DIRECTION('',(1.,9.49482051989685E-34,-9.77391317836737E-18));
#2302=DIRECTION('',(9.77391317836737E-18,-9.71445146547012E-17,1.));
#2303=DIRECTION('',(0.,-1.,-9.71445146547012E-17));
#2304=DIRECTION('',(9.77391317836737E-18,-9.71445146547012E-17,1.));
#2305=DIRECTION('',(0.,-1.,-9.71445146547012E-17));
#2306=DIRECTION('',(9.77391317836737E-18,-9.71445146547012E-17,1.));
#2307=DIRECTION('',(1.,9.49482051989685E-34,-9.77391317836737E-18));
#2308=DIRECTION('',(9.77391317836737E-18,-9.71445146547012E-17,1.));
#2309=DIRECTION('',(0.,-1.,-9.71445146547012E-17));
#2310=DIRECTION('',(9.77391317836737E-18,-9.71445146547012E-17,1.));
#2311=DIRECTION('',(0.,-1.,-9.71445146547012E-17));
#2312=DIRECTION('',(9.77391317836737E-18,-9.71445146547012E-17,1.));
#2313=DIRECTION('',(1.,9.49482051989685E-34,-9.77391317836737E-18));
#2314=DIRECTION('',(9.77391317836737E-18,-9.71445146547012E-17,1.));
#2315=DIRECTION('',(0.,-1.,-9.71445146547012E-17));
#2316=DIRECTION('',(9.77391317836737E-18,-9.71445146547012E-17,1.));
#2317=DIRECTION('',(0.,-1.,-9.71445146547012E-17));
#2318=DIRECTION('',(9.77391317836737E-18,-9.71445146547012E-17,1.));
#2319=DIRECTION('',(1.,9.49482051989685E-34,-9.77391317836737E-18));
#2320=DIRECTION('',(9.77391317836737E-18,-9.71445146547012E-17,1.));
#2321=DIRECTION('',(0.,-1.,-9.71445146547012E-17));
#2322=DIRECTION('',(9.77391317836737E-18,-9.71445146547012E-17,1.));
#2323=DIRECTION('',(0.,-1.,-9.71445146547012E-17));
#2324=DIRECTION('',(-9.77391317836737E-18,9.71445146547012E-17,-1.));
#2325=DIRECTION('',(0.,1.,9.71445146547012E-17));
#2326=DIRECTION('',(9.77391317836737E-18,-9.71445146547012E-17,1.));
#2327=DIRECTION('',(0.,-1.,-9.71445146547012E-17));
#2328=DIRECTION('',(9.77391317836737E-18,-9.71445146547012E-17,1.));
#2329=DIRECTION('',(0.,-1.,-9.71445146547012E-17));
#2330=DIRECTION('',(0.00722782790431363,9.11914459376307E-7,-0.999973878910321));
#2331=DIRECTION('',(-0.999973878910737,0.,-0.00722782790431664));
#2332=DIRECTION('',(-0.999973870951454,-0.000126163855032181,-0.00722782796184045));
#2333=DIRECTION('',(-0.000126167150655637,0.999999992040925,1.75272292610596E-18));
#2334=DIRECTION('',(0.007228928991509,-0.0174521784124415,-0.999821566107821));
#2335=DIRECTION('',(0.,0.999847691176682,-0.0174526344331738));
#2336=DIRECTION('',(-2.27682527044884E-18,0.999847691176682,-0.0174526344331738));
#2337=DIRECTION('',(-0.999973870951454,-0.000126163855032181,-0.00722782796184045));
#2338=DIRECTION('',(-0.007228928991509,0.017452178412442,0.999821566107821));
#2339=DIRECTION('',(0.,-0.999847691176682,0.0174526344331743));
#2340=DIRECTION('',(-0.999973870951454,-0.000126163855032181,-0.00722782796184045));
#2341=DIRECTION('',(-1.6534083130404E-18,-0.999847691176682,0.0174526344331743));
#2342=DIRECTION('',(-0.00722782790431363,-9.11914459371562E-7,0.999973878910321));
#2343=DIRECTION('',(0.999973878910737,0.,0.00722782790431664));
#2344=DIRECTION('',(0.000126167150655637,-0.999999992040925,2.99140273234697E-18));
#2345=DIRECTION('',(-0.999973870951454,-0.000126163855032181,-0.00722782796184045));
#2346=DIRECTION('',(-0.007228928991509,0.0174521784124422,0.999821566107821));
#2347=DIRECTION('',(0.,-0.999847691176682,0.0174526344331746));
#2348=DIRECTION('',(-3.14432561801995E-18,-0.999847691176682,0.0174526344331746));
#2349=DIRECTION('',(-0.999973870951454,-0.000126163855032181,-0.00722782796184045));
#2350=DIRECTION('',(-3.14432561801995E-18,-0.999847691176682,0.0174526344331745));
#2351=DIRECTION('',(0.,-0.0174526344331746,-0.999847691176682));
#2352=DIRECTION('',(0.007228928991509,-0.0174521784124422,-0.999821566107821));
#2353=DIRECTION('',(0.007228928991509,-0.0174521784124415,-0.999821566107821));
#2354=DIRECTION('',(0.,0.999847691176682,-0.0174526344331738));
#2355=DIRECTION('',(-0.999973870951454,-0.000126163855032181,-0.00722782796184045));
#2356=DIRECTION('',(-2.5547645646412E-18,0.999847691176682,-0.0174526344331738));
#2357=DIRECTION('',(2.5547645646412E-18,-0.999847691176682,0.0174526344331738));
#2358=DIRECTION('',(0.,-0.0174526344331738,-0.999847691176682));
#2359=DIRECTION('',(0.007228928991509,-0.0174521784124415,-0.999821566107821));
#2360=DIRECTION('',(-0.999973870951454,-0.000126163855032181,-0.00722782796184045));
#2361=DIRECTION('',(-0.00722782790431363,-9.11914459374554E-7,0.999973878910321));
#2362=DIRECTION('',(-0.999973870951454,-0.000126163855032181,-0.00722782796184045));
#2363=DIRECTION('',(-0.00722782801936427,0.,0.999973878909906));
#2364=DIRECTION('',(-0.999973870951454,-0.000126163855032181,-0.00722782796184045));
#2365=DIRECTION('',(-0.00722782790431363,-9.11914459374554E-7,0.999973878910321));
#2366=DIRECTION('',(-0.999973870951454,-0.000126163855032181,-0.00722782796184045));
#2367=DIRECTION('',(-0.00722782801936427,0.,0.999973878909906));
#2368=DIRECTION('',(-0.999973870951454,-0.000126163855032181,-0.00722782796184045));
#2369=DIRECTION('',(-0.00722782801936427,0.,0.999973878909906));
#2370=DIRECTION('',(-0.999973870951454,-0.000126163855032181,-0.00722782796184045));
#2371=DIRECTION('',(-0.00722782801936427,0.,0.999973878909906));
#2372=DIRECTION('',(0.999973870951454,0.000126163855032181,0.00722782796184045));
#2373=DIRECTION('',(0.00722782801936427,0.,-0.999973878909906));
#2374=DIRECTION('',(-0.999973870951454,-0.000126163855032181,-0.00722782796184045));
#2375=DIRECTION('',(-0.00722782801936427,0.,0.999973878909906));
#2376=DIRECTION('',(-0.999973870951454,-0.000126163855032181,-0.00722782796184045));
#2377=DIRECTION('',(-0.00722782801936427,0.,0.999973878909906));
#2378=DIRECTION('',(-0.999973870951454,-0.000126163855032181,-0.00722782796184045));
#2379=DIRECTION('',(-0.00722782801936427,0.,0.999973878909906));
#2380=DIRECTION('',(-0.999973870951454,-0.000126163855032181,-0.00722782796184045));
#2381=DIRECTION('',(-0.00722782801936427,0.,0.999973878909906));
#2382=DIRECTION('',(0.999973870951454,0.000126163855032181,0.00722782796184045));
#2383=DIRECTION('',(0.00722782801936427,0.,-0.999973878909906));
#2384=DIRECTION('',(-0.999973870951454,-0.000126163855032181,-0.00722782796184045));
#2385=DIRECTION('',(-0.00722782801936427,0.,0.999973878909906));
#2386=DIRECTION('',(-0.999973870951454,-0.000126163855032181,-0.00722782796184045));
#2387=DIRECTION('',(-0.00722782801936427,0.,0.999973878909906));
#2388=CARTESIAN_POINT('',(0.,0.,0.));
#2389=CARTESIAN_POINT('',(-0.0599627326269136,0.0777077558937654,0.0329122966529266));
#2390=CARTESIAN_POINT('',(-0.068636816280129,0.0779150718813169,0.0447892664317788));
#2391=CARTESIAN_POINT('',(-0.0686368162801291,0.0651642136640073,0.0450118363983245));
#2392=CARTESIAN_POINT('',(-0.068636816280129,0.0636313202239766,0.0450385935025014));
#2393=CARTESIAN_POINT('',(-0.068636816280129,0.0636313202239766,0.0450385935025014));
#2394=CARTESIAN_POINT('',(-0.068608662123399,0.0636313202239766,0.0450591660234757));
#2395=CARTESIAN_POINT('',(-0.0685804323876924,0.0636313202239766,0.0450796343106277));
#2396=CARTESIAN_POINT('',(-0.0685521282592889,0.0636313202239766,0.0451000000000007));
#2397=CARTESIAN_POINT('',(-0.0685521282592889,0.0636313202239766,0.0451000000000007));
#2398=CARTESIAN_POINT('',(-0.068636816280129,0.0601133903101288,0.0451000000000007));
#2399=CARTESIAN_POINT('',(-0.068608803899837,0.0612860388296747,0.0451000000000007));
#2400=CARTESIAN_POINT('',(-0.0685805756079559,0.0624586821756519,0.0451000000000008));
#2401=CARTESIAN_POINT('',(-0.0685521282592889,0.0636313202239766,0.0451000000000008));
#2402=CARTESIAN_POINT('',(-0.068636816280129,0.0601133903101281,0.0451000000000007));
#2403=CARTESIAN_POINT('',(-0.068636816280129,0.0779150718813169,0.0447892664317788));
#2404=CARTESIAN_POINT('',(-0.068636816280129,0.0529188796018999,0.0452255822926082));
#2405=CARTESIAN_POINT('',(-0.0682382246187805,0.0529237849728542,0.0455066071339769));
#2406=CARTESIAN_POINT('',(-0.0683726149499562,0.0529221878823926,0.0454151110783705));
#2407=CARTESIAN_POINT('',(-0.0685055189216067,0.0529205537574956,0.0453214933491006));
#2408=CARTESIAN_POINT('',(-0.068636816280129,0.0529188796018998,0.0452255822926083));
#2409=CARTESIAN_POINT('',(-0.0682382246187857,0.0529237849728543,0.0455066071339843));
#2410=CARTESIAN_POINT('',(-0.0682382246187857,0.0779199772522714,0.045070291273155));
#2411=CARTESIAN_POINT('',(-0.0682382246187857,0.0653993795956938,0.0452888419741402));
#2412=CARTESIAN_POINT('',(-0.0686368188820464,0.0651642137261947,0.045011839960994));
#2413=CARTESIAN_POINT('',(-0.0685055545819842,0.065242769920602,0.045106334734095));
#2414=CARTESIAN_POINT('',(-0.0683727220053961,0.0653212377244782,0.0451986479102816));
#2415=CARTESIAN_POINT('',(-0.0682382186059108,0.0653993771790639,0.0452888353776389));
#2416=CARTESIAN_POINT('',(-0.0711142066352442,0.0636313202239766,0.0421000000000007));
#2417=CARTESIAN_POINT('',(-0.0711142066352442,0.0636313202239766,0.0440794534285352));
#2418=CARTESIAN_POINT('',(-0.0654981327635408,0.0675603037726433,0.0474713264985283));
#2419=CARTESIAN_POINT('',(-0.0625578474437903,0.0675606747400672,0.047492578930284));
#2420=CARTESIAN_POINT('',(-0.0711142066352442,0.0634051913685439,0.0421000000000007));
#2421=CARTESIAN_POINT('',(-0.0711142066352442,0.0634051913685439,0.0440817220522016));
#2422=CARTESIAN_POINT('',(-0.0654981437287713,0.0671707797749056,0.0474781256747694));
#2423=CARTESIAN_POINT('',(-0.0625578474437903,0.0671711507437129,0.047499378185782));
#2424=CARTESIAN_POINT('',(-0.0711142066352442,0.0631790625131112,0.0421000000000007));
#2425=CARTESIAN_POINT('',(-0.0711142066352442,0.0631790625131112,0.0440841793629438));
#2426=CARTESIAN_POINT('',(-0.0654983174029052,0.0667812557566394,0.0474849236749478));
#2427=CARTESIAN_POINT('',(-0.0625578474437903,0.0667816267473587,0.0475061774412799));
#2428=CARTESIAN_POINT('',(-0.0711142066352442,0.0627268048022459,0.0421000000000007));
#2429=CARTESIAN_POINT('',(-0.0711142066352442,0.0627268048022459,0.0440891051138362));
#2430=CARTESIAN_POINT('',(-0.0654987358201042,0.0660022077111404,0.0474985191616171));
#2431=CARTESIAN_POINT('',(-0.0625578474437903,0.0660025787546502,0.0475197759522757));
#2432=CARTESIAN_POINT('',(-0.0711142066352442,0.0625006759468132,0.0421000000000007));
#2433=CARTESIAN_POINT('',(-0.0711142066352442,0.0625006759468132,0.0440915750735108));
#2434=CARTESIAN_POINT('',(-0.0654989815063256,0.0656126836837886,0.0475053166412908));
#2435=CARTESIAN_POINT('',(-0.0625578474437903,0.0656130547582959,0.0475265752077737));
#2436=CARTESIAN_POINT('',(-0.0711142066352442,0.0620484182359479,0.0421000000000007));
#2437=CARTESIAN_POINT('',(-0.0711142066352442,0.0620484182359479,0.0440963541394528));
#2438=CARTESIAN_POINT('',(-0.0654994177879057,0.0648336356360357,0.0475189119988361));
#2439=CARTESIAN_POINT('',(-0.0625578474437903,0.0648340067655874,0.0475401737187695));
#2440=CARTESIAN_POINT('',(-0.0711142066352442,0.0618222893805152,0.0421000000000007));
#2441=CARTESIAN_POINT('',(-0.0711142066352442,0.0618222893805152,0.0440986668180193));
#2442=CARTESIAN_POINT('',(-0.0654996106665543,0.0644441116153465,0.0475257098602039));
#2443=CARTESIAN_POINT('',(-0.0625578474437903,0.0644444827692332,0.0475469729742674));
#2444=CARTESIAN_POINT('',(-0.0711142066352442,0.0613700316696498,0.0421000000000007));
#2445=CARTESIAN_POINT('',(-0.0711142066352442,0.0613700316696498,0.0441031007181482));
#2446=CARTESIAN_POINT('',(-0.0654999101227937,0.0636650635848565,0.047539306206725));
#2447=CARTESIAN_POINT('',(-0.0625578474437903,0.0636654347765247,0.0475605714852633));
#2448=CARTESIAN_POINT('',(-0.0711142066352442,0.0611439028142172,0.0421000000000007));
#2449=CARTESIAN_POINT('',(-0.0711142066352442,0.0611439028142172,0.044105226304265));
#2450=CARTESIAN_POINT('',(-0.0655000196325298,0.0632755395746857,0.0475461046706847));
#2451=CARTESIAN_POINT('',(-0.0625578474437903,0.0632759107801705,0.0475673707407612));
#2452=CARTESIAN_POINT('',(-0.0711142066352442,0.0604655162479191,0.0421000000000007));
#2453=CARTESIAN_POINT('',(-0.0711142066352442,0.0604655162479191,0.0441113786433533));
#2454=CARTESIAN_POINT('',(-0.0655002469709805,0.0621069675569403,0.0475665007939723));
#2455=CARTESIAN_POINT('',(-0.0625578474437903,0.0621073387911077,0.047587768507255));
#2456=CARTESIAN_POINT('',(-0.0711142066352442,0.0600132585370538,0.0421000000000007));
#2457=CARTESIAN_POINT('',(-0.0711142066352442,0.0600132585370538,0.0441152066956114));
#2458=CARTESIAN_POINT('',(-0.0655002814617162,0.0613279195598802,0.0475800990556686));
#2459=CARTESIAN_POINT('',(-0.0625578474437903,0.0613282907983992,0.0476013670182508));
#2460=CARTESIAN_POINT('',(-0.0711142066352442,0.0593348719707558,0.0421000000000007));
#2461=CARTESIAN_POINT('',(-0.0711142066352442,0.0593348719707558,0.0441210125271298));
#2462=CARTESIAN_POINT('',(-0.065500427197474,0.0601593475524304,0.0476004957687818));
#2463=CARTESIAN_POINT('',(-0.0625578474437903,0.0601597188093365,0.0476217647847446));
#2464=CARTESIAN_POINT('',(-0.0711142066352442,0.0591087431153231,0.0421000000000007));
#2465=CARTESIAN_POINT('',(-0.0711142066352442,0.0591087431153231,0.0441229626549141));
#2466=CARTESIAN_POINT('',(-0.065500497223636,0.0597698235472412,0.0476072945181295));
#2467=CARTESIAN_POINT('',(-0.0625578474437903,0.0597701948129822,0.0476285640402425));
#2468=CARTESIAN_POINT('',(-0.0711142066352442,0.0586564854044577,0.0421000000000007));
#2469=CARTESIAN_POINT('',(-0.0711142066352442,0.0586564854044578,0.0441269483739969));
#2470=CARTESIAN_POINT('',(-0.0655007004834568,0.058990775528888,0.0476208915599599));
#2471=CARTESIAN_POINT('',(-0.0625578474437903,0.0589911468202737,0.0476421625512384));
#2472=CARTESIAN_POINT('',(-0.0711142066352442,0.0584303565490251,0.0421000000000007));
#2473=CARTESIAN_POINT('',(-0.0711142066352442,0.0584303565490251,0.0441289853082015));
#2474=CARTESIAN_POINT('',(-0.0655008337171156,0.058601251515724,0.0476276898524427));
#2475=CARTESIAN_POINT('',(-0.0625578474437903,0.0586016228239195,0.0476489618067363));
#2476=CARTESIAN_POINT('',(-0.0711142066352442,0.0579780988381597,0.0421000000000007));
#2477=CARTESIAN_POINT('',(-0.0711142066352442,0.0579780988381597,0.0441331720508941));
#2478=CARTESIAN_POINT('',(-0.0655011837042749,0.0578222034788586,0.0476412858337255));
#2479=CARTESIAN_POINT('',(-0.0625578474437903,0.057822574831211,0.0476625603177322));
#2480=CARTESIAN_POINT('',(-0.0711142066352442,0.057751969982727,0.0421000000000007));
#2481=CARTESIAN_POINT('',(-0.0711142066352442,0.057751969982727,0.0441353218245957));
#2482=CARTESIAN_POINT('',(-0.065501400447147,0.0574326794551585,0.0476480835226023));
#2483=CARTESIAN_POINT('',(-0.0625578474437903,0.0574330508348567,0.0476693595732301));
#2484=CARTESIAN_POINT('',(-0.0711142066352442,0.0572997122718617,0.0421000000000007));
#2485=CARTESIAN_POINT('',(-0.0711142066352442,0.0572997122718617,0.0441397184794542));
#2486=CARTESIAN_POINT('',(-0.0655018867337662,0.0566536314010966,0.0476616785187103));
#2487=CARTESIAN_POINT('',(-0.0625578474437903,0.0566540028421482,0.0476829580842259));
#2488=CARTESIAN_POINT('',(-0.0711142066352442,0.057073583416429,0.0421000000000007));
#2489=CARTESIAN_POINT('',(-0.0711142066352442,0.057073583416429,0.0441419639552771));
#2490=CARTESIAN_POINT('',(-0.0655021562775134,0.0562641073707348,0.0476684758259415));
#2491=CARTESIAN_POINT('',(-0.0625578474437903,0.056264478845794,0.0476897573397238));
#2492=CARTESIAN_POINT('',(-0.0711142066352442,0.056395196850131,0.0421000000000007));
#2493=CARTESIAN_POINT('',(-0.0711142066352442,0.056395196850131,0.0441487735285838));
#2494=CARTESIAN_POINT('',(-0.0655029980635026,0.0550955352754663,0.0476888675079919));
#2495=CARTESIAN_POINT('',(-0.0625578474437903,0.0550959068567312,0.0477101551062176));
#2496=CARTESIAN_POINT('',(-0.0711142066352442,0.0559429391392656,0.0421000000000007));
#2497=CARTESIAN_POINT('',(-0.0711142066352442,0.0559429391392656,0.0441533929576136));
#2498=CARTESIAN_POINT('',(-0.0655035803304761,0.0543164872092949,0.0477024618103523));
#2499=CARTESIAN_POINT('',(-0.0625578474437903,0.0543168588640227,0.0477237536172135));
#2500=CARTESIAN_POINT('',(-0.0711142066352442,0.0552645525729676,0.0421000000000007));
#2501=CARTESIAN_POINT('',(-0.0711142066352442,0.0552645525729676,0.0441600449186772));
#2502=CARTESIAN_POINT('',(-0.0655041542101892,0.0531479151478274,0.0477228554288338));
#2503=CARTESIAN_POINT('',(-0.0625578474437903,0.05314828687496,0.0477441513837072));
#2504=CARTESIAN_POINT('',(-0.0711142066352442,0.0550384237175349,0.0421000000000007));
#2505=CARTESIAN_POINT('',(-0.0711142066352442,0.0550384237175349,0.0441622101488578));
#2506=CARTESIAN_POINT('',(-0.0655042911418992,0.0527583911341968,0.0477296536945871));
#2507=CARTESIAN_POINT('',(-0.0625578474437903,0.0527587628786057,0.0477509506392052));
#2508=CARTESIAN_POINT('',(-0.0711142066352442,0.0545861660066696,0.0421000000000007));
#2509=CARTESIAN_POINT('',(-0.0711142066352442,0.0545861660066696,0.0441664171682448));
#2510=CARTESIAN_POINT('',(-0.0655044330516321,0.051979343123584,0.047743251179857));
#2511=CARTESIAN_POINT('',(-0.0625578474437903,0.0519797148858972,0.047764549150201));
#2512=CARTESIAN_POINT('',(-0.0711142066352442,0.0543600371512369,0.0421000000000007));
#2513=CARTESIAN_POINT('',(-0.0711142066352442,0.0543600371512369,0.0441684548881699));
#2514=CARTESIAN_POINT('',(-0.0655044351076095,0.0515898191269703,0.0477500504204943));
#2515=CARTESIAN_POINT('',(-0.0625578474437903,0.051590190889543,0.0477713484056989));
#2516=CARTESIAN_POINT('',(-0.0711142066352442,0.0539077794403716,0.0421000000000007));
#2517=CARTESIAN_POINT('',(-0.0711142066352442,0.0539077794403715,0.0441724484146883));
#2518=CARTESIAN_POINT('',(-0.0655043268481536,0.0508107711479206,0.0477636497139913));
#2519=CARTESIAN_POINT('',(-0.0625578474437903,0.0508111428968345,0.0477849469166948));
#2520=CARTESIAN_POINT('',(-0.0711142066352442,0.0536816505849389,0.0421000000000007));
#2521=CARTESIAN_POINT('',(-0.0711142066352442,0.0536816505849389,0.0441744010348519));
#2522=CARTESIAN_POINT('',(-0.0655042142554078,0.0504212471657719,0.0477704497833115));
#2523=CARTESIAN_POINT('',(-0.0625578474437903,0.0504216189004803,0.0477917461721927));
#2524=CARTESIAN_POINT('',(-0.0711142066352442,0.0532293928740735,0.0421000000000007));
#2525=CARTESIAN_POINT('',(-0.0711142066352442,0.0532293928740735,0.044178397193885));
#2526=CARTESIAN_POINT('',(-0.0655039896044792,0.0496421992014069,0.047784049918088));
#2527=CARTESIAN_POINT('',(-0.0625578474437903,0.0496425709077717,0.0478053446831886));
#2528=CARTESIAN_POINT('',(-0.0711142066352442,0.0530032640186408,0.0421000000000007));
#2529=CARTESIAN_POINT('',(-0.0711142066352442,0.0530032640186408,0.0441804395213168));
#2530=CARTESIAN_POINT('',(-0.0655038766014554,0.04925267521931,0.0477908499903737));
#2531=CARTESIAN_POINT('',(-0.0625578474437903,0.0492530469114175,0.0478121439386865));
#2532=CARTESIAN_POINT('',(-0.0711142066352442,0.0527771351632082,0.0421000000000007));
#2533=CARTESIAN_POINT('',(-0.0711142066352442,0.0527771351632082,0.0441827039305605));
#2534=CARTESIAN_POINT('',(-0.0655038846578497,0.0488631512219393,0.0477976491876399));
#2535=CARTESIAN_POINT('',(-0.0625578474437903,0.0488635229150632,0.0478189431941844));
#2536=CARTESIAN_POINT('',(-0.0688081992422103,0.0527771351632081,0.0451000000000007));
#2537=CARTESIAN_POINT('',(-0.0687554194014026,0.056178526963321,0.0451000000000007));
#2538=CARTESIAN_POINT('',(-0.0686982978250858,0.0595798517002056,0.0451000000000007));
#2539=CARTESIAN_POINT('',(-0.0686371780914453,0.0629811043818963,0.0451000000000007));
#2540=CARTESIAN_POINT('',(-0.0688081992422103,0.0527771351632082,0.0451000000000007));
#2541=CARTESIAN_POINT('',(-0.0686371780914453,0.0629811043818963,0.0451000000000007));
#2542=CARTESIAN_POINT('',(-0.0711142066352442,0.0527771351632082,0.0421000000000007));
#2543=CARTESIAN_POINT('',(-0.0711142066352442,0.0527771351632082,0.042430725146139));
#2544=CARTESIAN_POINT('',(-0.0708591088348404,0.0527771351632082,0.0430474429562682));
#2545=CARTESIAN_POINT('',(-0.0700602982486252,0.0527771351632082,0.0440790151729527));
#2546=CARTESIAN_POINT('',(-0.0693261471957507,0.0527771351632081,0.0447089984497987));
#2547=CARTESIAN_POINT('',(-0.0688081992422103,0.0527771351632081,0.0451000000000007));
#2548=CARTESIAN_POINT('',(-0.0711142066352442,0.0527771351632082,0.0421000000000007));
#2549=CARTESIAN_POINT('',(-0.0711142066352442,0.0527771351632082,0.0421000000000007));
#2550=CARTESIAN_POINT('',(-0.0711142066352442,0.0527771351632082,0.0441827039305605));
#2551=CARTESIAN_POINT('',(-0.0655038846578497,0.0488631512219393,0.0477976491876399));
#2552=CARTESIAN_POINT('',(-0.0625578474437903,0.0488635229150632,0.0478189431941844));
#2553=CARTESIAN_POINT('',(-0.0625578474437903,0.0488635229150632,0.0478189431941844));
#2554=CARTESIAN_POINT('',(-0.0625578474437903,0.0582120988275652,0.0476557610622342));
#2555=CARTESIAN_POINT('',(-0.0625578474437903,0.0675606747400672,0.0474925789302841));
#2556=CARTESIAN_POINT('',(-0.0711142066352442,0.0636313202239766,0.0421000000000007));
#2557=CARTESIAN_POINT('',(-0.0711142066352442,0.0636313202239766,0.0440794534285352));
#2558=CARTESIAN_POINT('',(-0.0654981327635408,0.0675603037726433,0.0474713264985284));
#2559=CARTESIAN_POINT('',(-0.0625578474437903,0.0675606747400672,0.0474925789302841));
#2560=CARTESIAN_POINT('',(-0.0683171460730245,0.0653829330563626,0.0452885584339026));
#2561=CARTESIAN_POINT('',(-0.0683171460730245,0.0653829330563626,0.0452885584339026));
#2562=CARTESIAN_POINT('',(-0.0682902675343954,0.061229886735801,0.0453612454121118));
#2563=CARTESIAN_POINT('',(-0.0682660117910815,0.0570768258778268,0.0454339136806853));
#2564=CARTESIAN_POINT('',(-0.0682382246187694,0.0529237849728543,0.0455066071339844));
#2565=CARTESIAN_POINT('',(-0.0686368162801289,0.0529188796018999,0.0452255822926083));
#2566=CARTESIAN_POINT('',(-0.0686369447960453,0.0562729679633829,0.0451848159433065));
#2567=CARTESIAN_POINT('',(-0.068637064734935,0.0596270416452257,0.0451428632139822));
#2568=CARTESIAN_POINT('',(-0.0686371780914452,0.0629811043818963,0.0451000000000008));
#2569=CARTESIAN_POINT('',(-0.0686135606146507,0.0778589277383181,0.0415728126657088));
#2570=CARTESIAN_POINT('',(-0.0686365750586883,0.0582014707846307,0.0451000000000007));
#2571=CARTESIAN_POINT('',(-0.0396891886897309,0.0729756586561875,0.0656523369769025));
#2572=CARTESIAN_POINT('',(-0.0627247095075123,0.0729727523301389,0.0704835654451664));
#2573=CARTESIAN_POINT('',(-0.0552249054753764,0.0729736985590517,0.0705377741548802));
#2574=CARTESIAN_POINT('',(-0.0469701211706721,0.072974740041675,0.0705974398747052));
#2575=CARTESIAN_POINT('',(-0.0551874622577479,0.0729737032831558,0.0653574848526845));
#2576=CARTESIAN_POINT('',(-0.0552464780018648,0.0729736958373074,0.0735223447999025));
#2577=CARTESIAN_POINT('',(-0.0592443735379287,0.072973191434215,0.07349344794371));
#2578=CARTESIAN_POINT('',(-0.0627462820340007,0.0729727496083947,0.0734681360901897));
#2579=CARTESIAN_POINT('',(-0.0626872662898838,0.072972757054243,0.0653032761429707));
#2580=CARTESIAN_POINT('',(-0.0627989601787194,0.0729727429621432,0.0807561857512406));
#2581=CARTESIAN_POINT('',(-0.039799561146836,0.072975644730809,0.0809224257943629));
#2582=CARTESIAN_POINT('',(-0.0470443718418792,0.0729747306736792,0.0808700601807794));
#2583=CARTESIAN_POINT('',(-0.0469308664687217,0.0729747449943289,0.0651665307420492));
#2584=CARTESIAN_POINT('',(-0.0626836308082425,0.0441579538866445,0.0653032761429707));
#2585=CARTESIAN_POINT('',(-0.0627971249934092,0.0444319530877199,0.0810004747308636));
#2586=CARTESIAN_POINT('',(-0.0627971249934092,0.0444319530877199,0.0810004747308636));
#2587=CARTESIAN_POINT('',(-0.0552973209612733,0.0444328993166326,0.0810546834405774));
#2588=CARTESIAN_POINT('',(-0.0551838267761066,0.0441589001155573,0.0653574848526845));
#2589=CARTESIAN_POINT('',(-0.0551310555944686,0.0440314992131464,0.0580587874200974));
#2590=CARTESIAN_POINT('',(-0.0591289511305325,0.044030994810054,0.058029890563906));
#2591=CARTESIAN_POINT('',(-0.0626308596266045,0.0440305529842337,0.0580045787103836));
#2592=CARTESIAN_POINT('',(-0.0626836308082425,0.0441579538866445,0.0653032761429707));
#2593=CARTESIAN_POINT('',(-0.0625419438000089,0.0438158911897607,0.0457067734472574));
#2594=CARTESIAN_POINT('',(-0.0714967098143792,0.0438147613924388,0.0456420482478591));
#2595=CARTESIAN_POINT('',(-0.0467873554631688,0.0438178789012967,0.0458206478767962));
#2596=CARTESIAN_POINT('',(-0.0470562716216529,0.0444670999382396,0.0830140101360072));
#2597=CARTESIAN_POINT('',(-0.0470707294796359,0.0445020042950644,0.0850136532682228));
#2598=CARTESIAN_POINT('',(-0.0638252916874275,0.0444998904196734,0.0848925510107222));
#2599=CARTESIAN_POINT('',(-0.0628253178164761,0.0445000165835284,0.084899778838684));
#2600=CARTESIAN_POINT('',(-0.0626836308082425,0.0441579538866445,0.0653032761429707));
#2601=CARTESIAN_POINT('',(-0.077110037374226,0.0582037860805822,0.0421000000000007));
#2602=CARTESIAN_POINT('',(-0.077110037374226,0.0582037860805822,0.0391000000000007));
#2603=CARTESIAN_POINT('',(-0.077110037374226,0.0566037860805822,0.0391000000000007));
#2604=CARTESIAN_POINT('',(-0.077110037374226,0.0582037860805822,0.0421000000000007));
#2605=CARTESIAN_POINT('',(-0.077110037374226,0.0566037860805822,0.0421000000000007));
#2606=CARTESIAN_POINT('',(-0.0841095976203858,0.0652042295527622,0.0421000000000007));
#2607=CARTESIAN_POINT('',(-0.0841095976203858,0.0652042295527622,0.0391000000000007));
#2608=CARTESIAN_POINT('',(-0.0841095976203858,0.0636042295527622,0.0391000000000007));
#2609=CARTESIAN_POINT('',(-0.0841095976203858,0.0652042295527622,0.0421000000000007));
#2610=CARTESIAN_POINT('',(-0.0841095976203858,0.0636042295527622,0.0421000000000007));
#2611=CARTESIAN_POINT('',(-0.0911100410925657,0.0582046693066025,0.0421000000000007));
#2612=CARTESIAN_POINT('',(-0.0911100410925657,0.0582046693066025,0.0391000000000007));
#2613=CARTESIAN_POINT('',(-0.0911100410925657,0.0566046693066025,0.0391000000000007));
#2614=CARTESIAN_POINT('',(-0.0911100410925657,0.0582046693066025,0.0421000000000007));
#2615=CARTESIAN_POINT('',(-0.0911100410925657,0.0566046693066025,0.0421000000000007));
#2616=CARTESIAN_POINT('',(-0.084110480846406,0.0512042258344225,0.0421000000000007));
#2617=CARTESIAN_POINT('',(-0.084110480846406,0.0512042258344225,0.0391000000000007));
#2618=CARTESIAN_POINT('',(-0.084110480846406,0.0496042258344225,0.0391000000000007));
#2619=CARTESIAN_POINT('',(-0.084110480846406,0.0512042258344225,0.0421000000000007));
#2620=CARTESIAN_POINT('',(-0.084110480846406,0.0496042258344225,0.0421000000000007));
#2621=CARTESIAN_POINT('',(-0.0977944832536252,0.0636333202239766,0.0451000000000007));
#2622=CARTESIAN_POINT('',(-0.0977944832536252,0.0527771351632081,0.0451000000000007));
#2623=CARTESIAN_POINT('',(-0.0977944832536252,0.0527771351632081,0.0451000000000007));
#2624=CARTESIAN_POINT('',(-0.102078927273852,0.0527771351632081,0.0481000000000007));
#2625=CARTESIAN_POINT('',(-0.0977944832536252,0.0636333202239766,0.0451000000000007));
#2626=CARTESIAN_POINT('',(-0.0977944832536252,0.0636313202239766,0.0451000000000007));
#2627=CARTESIAN_POINT('',(-0.0977944832536252,0.0636313202239766,0.0451000000000007));
#2628=CARTESIAN_POINT('',(-0.102078927273852,0.0636313202239766,0.0481000000000007));
#2629=CARTESIAN_POINT('',(-0.102078927273852,0.0636333202239766,0.0481000000000007));
#2630=CARTESIAN_POINT('',(-0.0841100392333959,0.0582042276935923,0.0391000000000007));
#2631=CARTESIAN_POINT('',(-0.107794483253625,0.0582042276935924,0.0391000000000007));
#2632=CARTESIAN_POINT('',(-0.107794483253625,0.0540792276935924,0.0391000000000007));
#2633=CARTESIAN_POINT('',(-0.0888100392333974,0.050063588898016,0.0391000000000007));
#2634=CARTESIAN_POINT('',(-0.0935100392333989,0.0527771351632081,0.0391000000000007));
#2635=CARTESIAN_POINT('',(-0.0841100392333959,0.0473500426328239,0.0391000000000007));
#2636=CARTESIAN_POINT('',(-0.113510039233399,0.0527771351632081,0.0391000000000007));
#2637=CARTESIAN_POINT('',(-0.113510039233399,0.0527771351632081,0.0391000000000007));
#2638=CARTESIAN_POINT('',(-0.113510039233399,0.0777771351632081,0.0391000000000007));
#2639=CARTESIAN_POINT('',(-0.113510039233399,0.0636313202239766,0.0391000000000007));
#2640=CARTESIAN_POINT('',(-0.113510039233399,0.0636313202239766,0.0391000000000007));
#2641=CARTESIAN_POINT('',(-0.0935100392333989,0.0636313202239766,0.0391000000000007));
#2642=CARTESIAN_POINT('',(-0.0888100392333974,0.0663448664891687,0.0391000000000007));
#2643=CARTESIAN_POINT('',(-0.0841100392333959,0.0690584127543608,0.0391000000000007));
#2644=CARTESIAN_POINT('',(-0.0794100392333944,0.0663448664891687,0.0391000000000007));
#2645=CARTESIAN_POINT('',(-0.0747100392333929,0.0636313202239766,0.0391000000000007));
#2646=CARTESIAN_POINT('',(-0.0624933205450136,0.0636313202239766,0.0391000000000007));
#2647=CARTESIAN_POINT('',(-0.0624966899866263,0.0636313202239766,0.0391000000000007));
#2648=CARTESIAN_POINT('',(-0.0624960052657772,0.0582042273548688,0.0391000000000007));
#2649=CARTESIAN_POINT('',(-0.0624953205450136,0.0527771351632082,0.0391000000000007));
#2650=CARTESIAN_POINT('',(-0.0624933205450136,0.0527771351632082,0.0391000000000007));
#2651=CARTESIAN_POINT('',(-0.0747100392333929,0.0527771351632082,0.0391000000000007));
#2652=CARTESIAN_POINT('',(-0.0794100392333944,0.050063588898016,0.0391000000000007));
#2653=CARTESIAN_POINT('',(-0.0626836308082425,0.0441579538866445,0.0653032761429707));
#2654=CARTESIAN_POINT('',(-0.0626893943283225,0.0824287545902383,0.06543263419323));
#2655=CARTESIAN_POINT('',(-0.0627056569413661,0.0824287545902383,0.0676825754207773));
#2656=CARTESIAN_POINT('',(-0.0626308596266045,0.0792451886674765,0.0573898969256472));
#2657=CARTESIAN_POINT('',(-0.0626308596266045,0.0727461786748281,0.0575033390494667));
#2658=CARTESIAN_POINT('',(-0.0626308596266045,0.0907434371160083,0.0571891916296657));
#2659=CARTESIAN_POINT('',(-0.0626836308082425,0.0728735795772389,0.06480203648205));
#2660=CARTESIAN_POINT('',(-0.0625419438000089,0.072531516880355,0.0452055337863367));
#2661=CARTESIAN_POINT('',(-0.0625419438000089,0.0438158911897607,0.0457067734472574));
#2662=CARTESIAN_POINT('',(-0.0625419438000089,0.0675222799475598,0.0452929714848469));
#2663=CARTESIAN_POINT('',(-0.0625498956218996,0.0675414773438135,0.0463927752075655));
#2664=CARTESIAN_POINT('',(-0.0625578329859323,0.0675606398357104,0.0474905792871519));
#2665=CARTESIAN_POINT('',(-0.0625723053017733,0.0675955790968921,0.0494922220624997));
#2666=CARTESIAN_POINT('',(-0.0625723053017733,0.0582470031843901,0.0496554041944499));
#2667=CARTESIAN_POINT('',(-0.0625723053017733,0.0706051206473339,0.0494396896328559));
#2668=CARTESIAN_POINT('',(-0.0626836308082425,0.0708738841948855,0.0648369417509163));
#2669=CARTESIAN_POINT('',(-0.0628050768152999,0.0711670807922145,0.0816339440615277));
#2670=CARTESIAN_POINT('',(-0.0626836308082425,0.0708738841948855,0.0648369417509163));
#2671=CARTESIAN_POINT('',(-0.0628253178164761,0.0712159468917693,0.0844334444466296));
#2672=CARTESIAN_POINT('',(-0.0628253178164761,0.0732156422741227,0.0843985391777632));
#2673=CARTESIAN_POINT('',(-0.0628253178164761,0.0732156422741227,0.0843985391777632));
#2674=CARTESIAN_POINT('',(-0.0626836308082425,0.0728735795772389,0.06480203648205));
#2675=CARTESIAN_POINT('',(-0.0627989828031348,0.0731520639277501,0.0807561857512406));
#2676=CARTESIAN_POINT('',(-0.0627953246970781,0.0441579397945447,0.0807561857512406));
#2677=CARTESIAN_POINT('',(-0.0627471055320206,0.0794997894050145,0.0734681360901898));
#2678=CARTESIAN_POINT('',(-0.0627479290300405,0.0860268292016343,0.0734681360901898));
#2679=CARTESIAN_POINT('',(-0.0627479290300405,0.0910260676575177,0.0733808729180239));
#2680=CARTESIAN_POINT('',(-0.0627479290300405,0.0910260676575177,0.0733808729180239));
#2681=CARTESIAN_POINT('',(-0.0626893943283225,0.090884752386763,0.0652850322738448));
#2682=CARTESIAN_POINT('',(-0.0626836308082425,0.0728735795772389,0.06480203648205));
#2683=CARTESIAN_POINT('',(-0.0591289511305325,0.0727466205006484,0.0575286509029891));
#2684=CARTESIAN_POINT('',(-0.0551310555944686,0.0727471249037408,0.0575575477591805));
#2685=CARTESIAN_POINT('',(-0.0551838267761066,0.0728745258061516,0.0648562451917638));
#2686=CARTESIAN_POINT('',(-0.0470562716216529,0.0731827256288339,0.0825127704750864));
#2687=CARTESIAN_POINT('',(-0.0467873554631688,0.072533504591891,0.0453194082158755));
#2688=CARTESIAN_POINT('',(-0.0714967098143792,0.0725303870830332,0.0451408085869384));
#2689=CARTESIAN_POINT('',(-0.0635419176709604,0.0581735778712028,0.0454489257888352));
#2690=CARTESIAN_POINT('',(-0.0513472363147074,0.0684235552739759,0.0453581796478898));
#2691=CARTESIAN_POINT('',(-0.0513472363147074,0.0664238598916225,0.0453930849167562));
#2692=CARTESIAN_POINT('',(-0.0515672305663168,0.0634242890620444,0.0454438526979041));
#2693=CARTESIAN_POINT('',(-0.0467873554631688,0.0634248921252715,0.0454784017155617));
#2694=CARTESIAN_POINT('',(-0.0563471056694647,0.0634236859988174,0.0454093036802465));
#2695=CARTESIAN_POINT('',(-0.0624929664426108,0.0634229105930691,0.0453648812951861));
#2696=CARTESIAN_POINT('',(-0.0625419438000089,0.0634229044137354,0.0453645272860229));
#2697=CARTESIAN_POINT('',(-0.0625419438000089,0.0438158911897607,0.0457067734472574));
#2698=CARTESIAN_POINT('',(-0.0467873554631688,0.0581756917465939,0.0455700280463358));
#2699=CARTESIAN_POINT('',(-0.0841100392333959,0.0582042276935923,0.0421000000000007));
#2700=CARTESIAN_POINT('',(-0.0661142066352441,0.0582042276935924,0.0421000000000007));
#2701=CARTESIAN_POINT('',(-0.0661142066352441,0.063365921133359,0.0421000000000007));
#2702=CARTESIAN_POINT('',(-0.0661142066352441,0.0636313202239766,0.0421000000000007));
#2703=CARTESIAN_POINT('',(-0.0624676998415046,0.063365921133359,0.0421000000000007));
#2704=CARTESIAN_POINT('',(-0.0625183405524481,0.063365921133359,0.0421000000000007));
#2705=CARTESIAN_POINT('',(-0.0625176893159012,0.058204224619054,0.0421000000000007));
#2706=CARTESIAN_POINT('',(-0.0625183740370954,0.0636313202239766,0.0421000000000007));
#2707=CARTESIAN_POINT('',(-0.0624933205450136,0.0636313202239766,0.0421000000000007));
#2708=CARTESIAN_POINT('',(-0.0625170156615535,0.0528648447660016,0.0421000000000007));
#2709=CARTESIAN_POINT('',(-0.0604221918211557,0.0528651090639588,0.0421151414219604));
#2710=CARTESIAN_POINT('',(-0.0563379188238024,0.0529879408444283,0.044320457650506));
#2711=CARTESIAN_POINT('',(-0.0563471056694647,0.0530101198518211,0.045591075528812));
#2712=CARTESIAN_POINT('',(-0.0625170119728632,0.0528356082317371,0.0421000000000007));
#2713=CARTESIAN_POINT('',(-0.0604221877892327,0.0528358725297376,0.0421151414244413));
#2714=CARTESIAN_POINT('',(-0.0563379175977202,0.052959659680951,0.0443207816773676));
#2715=CARTESIAN_POINT('',(-0.0563471056694647,0.0529818416483681,0.0455915691331396));
#2716=CARTESIAN_POINT('',(-0.062517008284173,0.0528063716974727,0.0421000000000007));
#2717=CARTESIAN_POINT('',(-0.0604221839410874,0.0528066359954932,0.0421151414255938));
#2718=CARTESIAN_POINT('',(-0.0563379163700342,0.0529313785136018,0.0443211054824125));
#2719=CARTESIAN_POINT('',(-0.0563471056694647,0.0529535634449152,0.0455920627374672));
#2720=CARTESIAN_POINT('',(-0.0625170045954827,0.0527771351632082,0.0421000000000007));
#2721=CARTESIAN_POINT('',(-0.0604221802797353,0.0527773994612253,0.0421151414253962));
#2722=CARTESIAN_POINT('',(-0.056337915140718,0.052903097342317,0.0443214290619925));
#2723=CARTESIAN_POINT('',(-0.0563471056694647,0.0529252852414622,0.0455925563417948));
#2724=CARTESIAN_POINT('',(-0.0625170045954827,0.0527771351632082,0.0421000000000007));
#2725=CARTESIAN_POINT('',(-0.0604221802797353,0.0527773994612253,0.0421151414253962));
#2726=CARTESIAN_POINT('',(-0.056337915140718,0.052903097342317,0.0443214290619925));
#2727=CARTESIAN_POINT('',(-0.0563471056694647,0.0529252852414622,0.0455925563417948));
#2728=CARTESIAN_POINT('',(-0.0625170045954827,0.0527771351632082,0.0421000000000007));
#2729=CARTESIAN_POINT('',(-0.0563471056694647,0.0529252852414622,0.0455925563417948));
#2730=CARTESIAN_POINT('',(-0.0563471056694647,0.0529252852414622,0.0455925563417948));
#2731=CARTESIAN_POINT('',(-0.0563459774019311,0.0529225613626807,0.045436507470141));
#2732=CARTESIAN_POINT('',(-0.0564599829633888,0.0529174108594812,0.0451414391953742));
#2733=CARTESIAN_POINT('',(-0.0568374666893951,0.0529088273075242,0.0446496942591422));
#2734=CARTESIAN_POINT('',(-0.0574232363670778,0.052899989176474,0.0441433646870273));
#2735=CARTESIAN_POINT('',(-0.0581913257640614,0.0528909248748013,0.0436240779779443));
#2736=CARTESIAN_POINT('',(-0.0592700286695247,0.0528803902744299,0.0430205590135692));
#2737=CARTESIAN_POINT('',(-0.0606926407852439,0.0528698478265708,0.042416590472793));
#2738=CARTESIAN_POINT('',(-0.0618971057115349,0.0528643998593626,0.0421044807190712));
#2739=CARTESIAN_POINT('',(-0.062517015595553,0.0528643216470982,0.0421000000000007));
#2740=CARTESIAN_POINT('',(-0.0625170155955531,0.0528643216470983,0.0421000000000007));
#2741=CARTESIAN_POINT('',(-0.0625176893159012,0.058204224619054,0.0421000000000007));
#2742=CARTESIAN_POINT('',(-0.0711142066352442,0.0636313202239766,0.0421000000000007));
#2743=CARTESIAN_POINT('',(-0.0711142066352442,0.0636313202239766,0.042960560478167));
#2744=CARTESIAN_POINT('',(-0.0700527432234198,0.0643739159194468,0.0440880746691583));
#2745=CARTESIAN_POINT('',(-0.0686111509516405,0.0652134560122338,0.0450895246429805));
#2746=CARTESIAN_POINT('',(-0.0711142066352442,0.0634051913685439,0.0421000000000007));
#2747=CARTESIAN_POINT('',(-0.0711142066352442,0.0634051913685439,0.0429615467543981));
#2748=CARTESIAN_POINT('',(-0.070052745295898,0.0641169046416692,0.0440904747364345));
#2749=CARTESIAN_POINT('',(-0.0686111544660672,0.0649215319408117,0.0450932078908007));
#2750=CARTESIAN_POINT('',(-0.0711142066352442,0.0631790625131112,0.0421000000000007));
#2751=CARTESIAN_POINT('',(-0.0711142066352442,0.0631790625131112,0.0429626150616777));
#2752=CARTESIAN_POINT('',(-0.0700527781210964,0.0638598933600115,0.0440929673181016));
#2753=CARTESIAN_POINT('',(-0.0686112101297405,0.06462960786281,0.045096969391276));
#2754=CARTESIAN_POINT('',(-0.0711142066352442,0.0627711227617187,0.0421000000000007));
#2755=CARTESIAN_POINT('',(-0.0711142066352442,0.0627711227617187,0.0429645466679188));
#2756=CARTESIAN_POINT('',(-0.0700528494543103,0.0633962412600194,0.0440974688181001));
#2757=CARTESIAN_POINT('',(-0.068611331093784,0.0641029725682396,0.0451037592278239));
#2758=CARTESIAN_POINT('',(-0.0711142066352442,0.0625893118657588,0.0421000000000007));
#2759=CARTESIAN_POINT('',(-0.0711142066352442,0.0625893118657588,0.042965409538577));
#2760=CARTESIAN_POINT('',(-0.0700528857029861,0.06318960044197,0.044099477268562));
#2761=CARTESIAN_POINT('',(-0.068611392562855,0.0638682613521542,0.0451067871810456));
#2762=CARTESIAN_POINT('',(-0.0711142066352442,0.062407500969799,0.0421000000000007));
#2763=CARTESIAN_POINT('',(-0.0711142066352442,0.062407500969799,0.0429662546263654));
#2764=CARTESIAN_POINT('',(-0.0700529201192253,0.0629829596241518,0.0441014656286106));
#2765=CARTESIAN_POINT('',(-0.0686114509245526,0.0636335501364609,0.0451097981112331));
#2766=CARTESIAN_POINT('',(-0.0711142066352442,0.0636313202239766,0.0421000000000007));
#2767=CARTESIAN_POINT('',(-0.0711142066352442,0.0636313202239766,0.0424405783943367));
#2768=CARTESIAN_POINT('',(-0.070820573440872,0.0636313202239766,0.0430635940173096));
#2769=CARTESIAN_POINT('',(-0.0699563073345747,0.0636313202239766,0.0440852214880625));
#2770=CARTESIAN_POINT('',(-0.0691808969091592,0.0636313202239766,0.044706348697983));
#2771=CARTESIAN_POINT('',(-0.0686371995765523,0.0636313202239766,0.0450916227678139));
#2772=CARTESIAN_POINT('',(-0.0711142066352442,0.0636313202239766,0.0421000000000007));
#2773=CARTESIAN_POINT('',(-0.0686371995765523,0.0636313202239766,0.0450916227678139));
#2774=CARTESIAN_POINT('',(-0.0686371995765508,0.0636313202239761,0.045091622767815));
#2775=CARTESIAN_POINT('',(-0.0686372164796545,0.0641536274441624,0.0450848442956913));
#2776=CARTESIAN_POINT('',(-0.0686372324061556,0.0646759329287154,0.045077930740369));
#2777=CARTESIAN_POINT('',(-0.0686372507443803,0.0651982426915085,0.0450713507736223));
#2778=CARTESIAN_POINT('',(-0.068637250744494,0.0651982426915675,0.0450713507734613));
#2779=CARTESIAN_POINT('',(-0.0711142066352442,0.0636313202239766,0.0421000000000007));
#2780=CARTESIAN_POINT('',(-0.0711142066352442,0.0636313202239766,0.0440794534285352));
#2781=CARTESIAN_POINT('',(-0.0654981327635408,0.0675603037726433,0.0474713264985284));
#2782=CARTESIAN_POINT('',(-0.0625578474437903,0.0675606747400672,0.0474925789302841));
#2783=CARTESIAN_POINT('',(-0.0661142066352441,0.0527771351632082,0.0421000000000007));
#2784=CARTESIAN_POINT('',(-0.0661142066352441,0.0527771351632082,0.0433686260195023));
#2785=CARTESIAN_POINT('',(-0.0638338677517493,0.0488249651241907,0.0456099977006899));
#2786=CARTESIAN_POINT('',(-0.0625419438000089,0.0488251281225559,0.0456193357487472));
#2787=CARTESIAN_POINT('',(-0.0661142066352441,0.0530032640186408,0.0421000000000007));
#2788=CARTESIAN_POINT('',(-0.0661142066352441,0.0530032640186408,0.0433663628519894));
#2789=CARTESIAN_POINT('',(-0.0638338615535191,0.049214489121327,0.0456031984899929));
#2790=CARTESIAN_POINT('',(-0.0625419438000089,0.0492146521189101,0.0456125364932493));
#2791=CARTESIAN_POINT('',(-0.0661142066352441,0.0532293928740735,0.0421000000000007));
#2792=CARTESIAN_POINT('',(-0.0661142066352441,0.0532293928740735,0.0433644439328342));
#2793=CARTESIAN_POINT('',(-0.0638341511534624,0.0496040130811432,0.0455963971412618));
#2794=CARTESIAN_POINT('',(-0.0625419438000089,0.0496041761152644,0.0456057372377514));
#2795=CARTESIAN_POINT('',(-0.0661142066352441,0.0536816505849389,0.0421000000000007));
#2796=CARTESIAN_POINT('',(-0.0661142066352441,0.0536816505849389,0.0433607144994251));
#2797=CARTESIAN_POINT('',(-0.0638347584669004,0.0503830609972287,0.0455827942405942));
#2798=CARTESIAN_POINT('',(-0.0625419438000089,0.0503832241079729,0.0455921387267555));
#2799=CARTESIAN_POINT('',(-0.0661142066352441,0.0539077794403715,0.0421000000000007));
#2800=CARTESIAN_POINT('',(-0.0661142066352441,0.0539077794403715,0.0433589058094746));
#2801=CARTESIAN_POINT('',(-0.0638350782994063,0.0507725849532306,0.0455759926733415));
#2802=CARTESIAN_POINT('',(-0.0625419438000089,0.0507727481043271,0.0455853394712576));
#2803=CARTESIAN_POINT('',(-0.0661142066352441,0.0543600371512369,0.0421000000000007));
#2804=CARTESIAN_POINT('',(-0.0661142066352441,0.0543600371512369,0.0433551128725482));
#2805=CARTESIAN_POINT('',(-0.063835480649235,0.0515516328951758,0.0455623912541543));
#2806=CARTESIAN_POINT('',(-0.0625419438000089,0.0515517960970356,0.0455717409602617));
#2807=CARTESIAN_POINT('',(-0.0661142066352441,0.0545861660066696,0.0421000000000007));
#2808=CARTESIAN_POINT('',(-0.0661142066352441,0.0545861660066696,0.0433531341177504));
#2809=CARTESIAN_POINT('',(-0.0638355687893142,0.0519411568804097,0.0455555913615784));
#2810=CARTESIAN_POINT('',(-0.0625419438000089,0.0519413200933899,0.0455649417047638));
#2811=CARTESIAN_POINT('',(-0.0661142066352441,0.0549319327468139,0.0421000000000007));
#2812=CARTESIAN_POINT('',(-0.0661142066352441,0.0549319327468139,0.0433499250109901));
#2813=CARTESIAN_POINT('',(-0.0638354849128729,0.052536766160626,0.0455451954335069));
#2814=CARTESIAN_POINT('',(-0.0625419438000089,0.0525369293630239,0.045554545170432));
#2815=CARTESIAN_POINT('',(-0.0661142066352441,0.0550515706315256,0.0421000000000007));
#2816=CARTESIAN_POINT('',(-0.0661142066352441,0.0550515706315256,0.0433487828832766));
#2817=CARTESIAN_POINT('',(-0.0638354176929421,0.0527428514423867,0.0455415986405398));
#2818=CARTESIAN_POINT('',(-0.0625419438000089,0.0527430146363036,0.0455509478915981));
#2819=CARTESIAN_POINT('',(-0.0661142066352441,0.0551712085162373,0.0421000000000007));
#2820=CARTESIAN_POINT('',(-0.0661142066352441,0.0551712085162373,0.0433476116481668));
#2821=CARTESIAN_POINT('',(-0.0638353158073666,0.052948936728521,0.0455380020981365));
#2822=CARTESIAN_POINT('',(-0.0625419438000089,0.0529490999095833,0.0455473506127642));
#2823=CARTESIAN_POINT('',(-0.0661142066352441,0.0582042276935924,0.0421000000000007));
#2824=CARTESIAN_POINT('',(-0.0661142066352441,0.0527771351632082,0.0421000000000007));
#2825=CARTESIAN_POINT('',(-0.0661142066352441,0.0528643216470983,0.0421000000000007));
#2826=CARTESIAN_POINT('',(-0.0661142066352441,0.0528643216470983,0.0421000000000007));
#2827=CARTESIAN_POINT('',(-0.0661142066352441,0.0528682187748382,0.0423232633811204));
#2828=CARTESIAN_POINT('',(-0.0659873282990716,0.0528756826913908,0.0427508652861879));
#2829=CARTESIAN_POINT('',(-0.0655544349190206,0.0528890230283029,0.0435151226888924));
#2830=CARTESIAN_POINT('',(-0.0648313535281904,0.0529034862212036,0.044343707627337));
#2831=CARTESIAN_POINT('',(-0.0637994817730365,0.0529175703957781,0.0451505789042652));
#2832=CARTESIAN_POINT('',(-0.0629889915921838,0.0529244472536336,0.0455445486786087));
#2833=CARTESIAN_POINT('',(-0.0625419438000089,0.0529245036563802,0.0455477799475712));
#2834=CARTESIAN_POINT('',(-0.0625419438000089,0.0529245036563803,0.0455477799475712));
#2835=CARTESIAN_POINT('',(-0.0625419438000089,0.0438158911897607,0.0457067734472574));
#2836=CARTESIAN_POINT('',(-0.0625419438000089,0.0488251281225559,0.0456193357487472));
#2837=CARTESIAN_POINT('',(-0.0661142066352441,0.0527771351632082,0.0421000000000007));
#2838=CARTESIAN_POINT('',(-0.0661142066352441,0.0527771351632082,0.0433686260195023));
#2839=CARTESIAN_POINT('',(-0.0638338677517493,0.0488249651241907,0.0456099977006899));
#2840=CARTESIAN_POINT('',(-0.0625419438000089,0.0488251281225559,0.0456193357487472));
#2841=CARTESIAN_POINT('',(-0.0626836308082425,0.0441579538866445,0.0653032761429707));
#2842=CARTESIAN_POINT('',(-0.062689621203362,0.0350319163498628,0.0662913481765974));
#2843=CARTESIAN_POINT('',(-0.0627058838164056,0.0350319163498628,0.0685412894041447));
#2844=CARTESIAN_POINT('',(-0.0627469639700505,0.037784297497824,0.0741767070508481));
#2845=CARTESIAN_POINT('',(-0.0627477807049805,0.0442577330886626,0.0741767070508483));
#2846=CARTESIAN_POINT('',(-0.0627461472351206,0.0313108619069853,0.0741767070508481));
#2847=CARTESIAN_POINT('',(-0.0626836433981212,0.044257741180684,0.0653032761429707));
#2848=CARTESIAN_POINT('',(-0.0627971249934092,0.0442577268630343,0.0810035159006687));
#2849=CARTESIAN_POINT('',(-0.0627971249934092,0.0404325623230131,0.0810702852685963));
#2850=CARTESIAN_POINT('',(-0.0628253178164761,0.0445000165835284,0.084899778838684));
#2851=CARTESIAN_POINT('',(-0.0628253178164761,0.0464997119658818,0.0848648735698177));
#2852=CARTESIAN_POINT('',(-0.0626836308082425,0.0461576492689979,0.0652683708741044));
#2853=CARTESIAN_POINT('',(-0.0628050768152999,0.0464508458663269,0.0820653731847158));
#2854=CARTESIAN_POINT('',(-0.0626836308082425,0.0461576492689979,0.0652683708741044));
#2855=CARTESIAN_POINT('',(-0.0625723053017733,0.0458888857214463,0.0498711187560439));
#2856=CARTESIAN_POINT('',(-0.0625723053017733,0.0582470031843901,0.0496554041944499));
#2857=CARTESIAN_POINT('',(-0.0625723053017733,0.0488984272718881,0.0498185863264001));
#2858=CARTESIAN_POINT('',(-0.0625578329859323,0.0488634880107064,0.0478169435510522));
#2859=CARTESIAN_POINT('',(-0.0625498956218996,0.0488443255188096,0.0467191394714659));
#2860=CARTESIAN_POINT('',(-0.0625419438000089,0.0438158911897607,0.0457067734472574));
#2861=CARTESIAN_POINT('',(-0.0626308596266045,0.0375315429915853,0.0581180208341992));
#2862=CARTESIAN_POINT('',(-0.0626308596266045,0.0260332945430535,0.0583187261301807));
#2863=CARTESIAN_POINT('',(-0.0626885034308625,0.0261724589970777,0.0662913481765974));
#2864=CARTESIAN_POINT('',(-0.0627461472351206,0.0263116234511018,0.074263970223014));
#2865=CARTESIAN_POINT('',(-0.0627461472351206,0.0263116234511018,0.074263970223014));
#2866=CARTESIAN_POINT('',(-0.0841100392333959,0.0582042276935923,0.0421000000000007));
#2867=CARTESIAN_POINT('',(-0.0624676998415046,0.0528643216470983,0.0421000000000007));
#2868=CARTESIAN_POINT('',(-0.0624933205450136,0.0527771351632082,0.0421000000000007));
#2869=CARTESIAN_POINT('',(-0.0635419176709604,0.0581735778712028,0.0454489257888352));
#2870=CARTESIAN_POINT('',(-0.0624929664426108,0.052924509835714,0.0455481339567344));
#2871=CARTESIAN_POINT('',(-0.0515672305663168,0.0529258883046893,0.0456271053594524));
#2872=CARTESIAN_POINT('',(-0.0467873554631688,0.0529264913679163,0.04566165437711));
#2873=CARTESIAN_POINT('',(-0.0467873554631688,0.0581756917465939,0.0455700280463358));
#2874=CARTESIAN_POINT('',(-0.0513472363147074,0.0479266776048539,0.0457159586537699));
#2875=CARTESIAN_POINT('',(-0.0513472363147074,0.0459269822225005,0.0457508639226362));
#2876=CARTESIAN_POINT('',(-0.0638050506862513,0.0588088371654157,0.0818424307951599));
#2877=CARTESIAN_POINT('',(-0.0553602713460663,0.0690583414537324,0.0817245802993576));
#2878=CARTESIAN_POINT('',(-0.0553602713460663,0.0680584937625557,0.0817420329337908));
#2879=CARTESIAN_POINT('',(-0.0694906182411147,0.0588081198335517,0.0818013354172248));
#2880=CARTESIAN_POINT('',(-0.0694906182411148,0.0673068252085535,0.0816529880245428));
#2881=CARTESIAN_POINT('',(-0.0694906182411147,0.0664669531479651,0.0816676482374667));
#2882=CARTESIAN_POINT('',(-0.0689069543702668,0.0676438348197306,0.0816513254406978));
#2883=CARTESIAN_POINT('',(-0.0638050506862513,0.0711669546283595,0.0816267162335659));
#2884=CARTESIAN_POINT('',(-0.0490504362203626,0.0711688161760405,0.0817333628351428));
#2885=CARTESIAN_POINT('',(-0.0490504362203626,0.0588106987130967,0.0819490773967369));
#2886=CARTESIAN_POINT('',(-0.0490504362203626,0.0664695320275101,0.0818153902169787));
#2887=CARTESIAN_POINT('',(-0.0638050506862513,0.0664676704798291,0.0817087436154018));
#2888=CARTESIAN_POINT('',(-0.0638050506862513,0.0588088371654157,0.0818424307951599));
#2889=CARTESIAN_POINT('',(-0.0553602713460663,0.0485614637846104,0.0820823593052377));
#2890=CARTESIAN_POINT('',(-0.0553602713460663,0.0475616160934337,0.0820998119396709));
#2891=CARTESIAN_POINT('',(-0.0694906182411147,0.0588081198335517,0.0818013354172248));
#2892=CARTESIAN_POINT('',(-0.0694906182411147,0.0511492865191383,0.0819350225969829));
#2893=CARTESIAN_POINT('',(-0.0694906182411147,0.0503094144585499,0.0819496828099068));
#2894=CARTESIAN_POINT('',(-0.0638050506862513,0.0511500038510023,0.081976117974918));
#2895=CARTESIAN_POINT('',(-0.0490504362203626,0.0511518653986833,0.082082764576495));
#2896=CARTESIAN_POINT('',(-0.0490504362203626,0.0588106987130967,0.0819490773967369));
#2897=CARTESIAN_POINT('',(-0.0490504362203626,0.0464525812501529,0.0821647919583309));
#2898=CARTESIAN_POINT('',(-0.0638050506862513,0.0464507197024719,0.0820581453567539));
#2899=CARTESIAN_POINT('',(-0.0689069543702668,0.0499725521257891,0.0819597828583068));
#2900=CARTESIAN_POINT('',(-0.0489289902133053,0.0585175021157677,0.0651520750861255));
#2901=CARTESIAN_POINT('',(-0.0490591109351524,0.0588316413271916,0.0831488632760662));
#2902=CARTESIAN_POINT('',(-0.0490591109351524,0.066490474641605,0.0830151760963081));
#2903=CARTESIAN_POINT('',(-0.0490591109351524,0.0511728080127782,0.0832825504558243));
#2904=CARTESIAN_POINT('',(-0.0490504217625046,0.0664694971231532,0.0818133905738465));
#2905=CARTESIAN_POINT('',(-0.0490562193635558,0.0711827779187704,0.0825332200880291));
#2906=CARTESIAN_POINT('',(-0.048817664706836,0.0706068560311599,0.049539108406471));
#2907=CARTESIAN_POINT('',(-0.048817664706836,0.0582487385682161,0.049754822968065));
#2908=CARTESIAN_POINT('',(-0.048817664706836,0.0458906211052723,0.049970537529659));
#2909=CARTESIAN_POINT('',(-0.0490562193635558,0.0464665429928828,0.0829646492112171));
#2910=CARTESIAN_POINT('',(-0.0490504217625046,0.0511518304943265,0.0820807649333627));
#2911=CARTESIAN_POINT('',(-0.0715270713161435,0.0582458733870683,0.0495906789950516));
#2912=CARTESIAN_POINT('',(-0.0581949196816833,0.0488989795541635,0.049850226143303));
#2913=CARTESIAN_POINT('',(-0.0538175340615933,0.0488995318364389,0.049881865960206));
#2914=CARTESIAN_POINT('',(-0.0715270713161435,0.0458877559241245,0.0498063935566456));
#2915=CARTESIAN_POINT('',(-0.0715270713161435,0.0706039908500121,0.0493749644334576));
#2916=CARTESIAN_POINT('',(-0.0581949196816833,0.0675961313791675,0.0495238618794027));
#2917=CARTESIAN_POINT('',(-0.0538175340615933,0.0675966836614429,0.0495555016963056));
#2918=CARTESIAN_POINT('',(-0.0538175340615933,0.0582481077489409,0.0497186838282558));
#2919=CARTESIAN_POINT('',(-0.0513775978164718,0.0479999767541862,0.0499152092314227));
#2920=CARTESIAN_POINT('',(-0.0513775978164718,0.0470001290630095,0.0499326618658559));
#2921=CARTESIAN_POINT('',(-0.0513775978164718,0.0684968544233082,0.0495574302255427));
#2922=CARTESIAN_POINT('',(-0.0513775978164718,0.0674970067321315,0.0495748828599759));
#2923=CARTESIAN_POINT('',(-0.0469290424714024,0.0585177544434777,0.0651665307420491));
#2924=CARTESIAN_POINT('',(-0.0470425478445599,0.0585177401228281,0.0808700601807794));
#2925=CARTESIAN_POINT('',(-0.0470443944662947,0.0731540516392861,0.0808700601807794));
#2926=CARTESIAN_POINT('',(-0.0470562716216529,0.0731827256288339,0.0825127704750864));
#2927=CARTESIAN_POINT('',(-0.0470707294796359,0.0732176299856587,0.0845124136073021));
#2928=CARTESIAN_POINT('',(-0.0470707294796359,0.0588598171403616,0.0847630334377624));
#2929=CARTESIAN_POINT('',(-0.0467873554631688,0.0581756917465939,0.0455700280463358));
#2930=CARTESIAN_POINT('',(-0.0638252916874275,0.0588577032649705,0.0846419311802618));
#2931=CARTESIAN_POINT('',(-0.069510859242291,0.0588569859331066,0.0846008358023267));
#2932=CARTESIAN_POINT('',(-0.069510859242291,0.0503582805581048,0.0847491831950087));
#2933=CARTESIAN_POINT('',(-0.069510859242291,0.0673556913081084,0.0844524884096447));
#2934=CARTESIAN_POINT('',(-0.068927195371443,0.050021418225344,0.0847592832434087));
#2935=CARTESIAN_POINT('',(-0.0638252916874275,0.0732155161102677,0.0843913113498014));
#2936=CARTESIAN_POINT('',(-0.0689271953714431,0.0676927009192854,0.0844508258257997));
#2937=CARTESIAN_POINT('',(-0.0553805123472425,0.0691072075532873,0.0845240806844595));
#2938=CARTESIAN_POINT('',(-0.0553805123472425,0.0711069029356407,0.0844891754155931));
#2939=CARTESIAN_POINT('',(-0.0553805123472425,0.0486103298841653,0.0848818596903396));
#2940=CARTESIAN_POINT('',(-0.0553805123472425,0.0506100252665187,0.0848469544214732));
#2941=CARTESIAN_POINT('',(-0.0638050362283933,0.0664676355754723,0.0817067439722696));
#2942=CARTESIAN_POINT('',(-0.0638137254010411,0.066488613093924,0.0829085294947312));
#2943=CARTESIAN_POINT('',(-0.0694992929559045,0.06648789576206,0.0828674341167961));
#2944=CARTESIAN_POINT('',(-0.0694906037832568,0.0664669182436083,0.0816656485943345));
#2945=CARTESIAN_POINT('',(-0.0638050362283933,0.0511499689466455,0.0819741183317858));
#2946=CARTESIAN_POINT('',(-0.0694906037832568,0.0511492516147815,0.0819330229538507));
#2947=CARTESIAN_POINT('',(-0.0694992929559045,0.0511702291332333,0.0831348084763123));
#2948=CARTESIAN_POINT('',(-0.0638137254010411,0.0511709464650972,0.0831759038542474));
#2949=CARTESIAN_POINT('',(-0.0626836308082425,0.0461576492689979,0.0652683708741044));
#2950=CARTESIAN_POINT('',(-0.0626836308082425,0.0708738841948855,0.0648369417509163));
#2951=CARTESIAN_POINT('',(-0.0626836308082425,0.0728735795772389,0.06480203648205));
#2952=CARTESIAN_POINT('',(-0.0627989828031348,0.0731520639277501,0.0807561857512406));
#2953=CARTESIAN_POINT('',(-0.0692651693866367,0.0522151204101168,0.235245490728185));
#2954=CARTESIAN_POINT('',(-0.0705988136606982,0.0529848348702235,0.235222412596422));
#2955=CARTESIAN_POINT('',(-0.0692651693866367,0.0707522966045325,0.234921918885794));
#2956=CARTESIAN_POINT('',(-0.0705988136606982,0.069982245620227,0.234925717811059));
#2957=CARTESIAN_POINT('',(-0.0553805123472425,0.0486103298841653,0.0848818596903396));
#2958=CARTESIAN_POINT('',(-0.0553689460608561,0.0485824063987054,0.0832821451845671));
#2959=CARTESIAN_POINT('',(-0.0553689460608561,0.0495822540898821,0.0832646925501339));
#2960=CARTESIAN_POINT('',(-0.0533689983189532,0.0485826587264154,0.0832966008404907));
#2961=CARTESIAN_POINT('',(-0.0553689460608561,0.0485824063987054,0.0832821451845671));
#2962=CARTESIAN_POINT('',(-0.0553689460608561,0.0505821017810588,0.0832472399157008));
#2963=CARTESIAN_POINT('',(-0.0553805123472425,0.0486103298841653,0.0848818596903396));
#2964=CARTESIAN_POINT('',(-0.0553805123472425,0.0691072075532873,0.0845240806844595));
#2965=CARTESIAN_POINT('',(-0.0553689460608561,0.0690792840678274,0.082924366178687));
#2966=CARTESIAN_POINT('',(-0.0553689460608561,0.0700791317590041,0.0829069135442538));
#2967=CARTESIAN_POINT('',(-0.0533689983189532,0.0690795363955374,0.0829388218346107));
#2968=CARTESIAN_POINT('',(-0.0553689460608561,0.0690792840678274,0.082924366178687));
#2969=CARTESIAN_POINT('',(-0.0553689460608561,0.0710789794501808,0.0828894609098206));
#2970=CARTESIAN_POINT('',(-0.0553805123472425,0.0691072075532873,0.0845240806844595));
#2971=CARTESIAN_POINT('',(-0.0513472363147074,0.0684235552739759,0.0453581796478898));
#2972=CARTESIAN_POINT('',(-0.0513689231016819,0.0684759118092132,0.0483576443462133));
#2973=CARTESIAN_POINT('',(-0.0513689231016819,0.0674760641180365,0.0483750969806465));
#2974=CARTESIAN_POINT('',(-0.049368975359779,0.0684761641369233,0.048372100002137));
#2975=CARTESIAN_POINT('',(-0.0513689231016819,0.0684759118092132,0.0483576443462133));
#2976=CARTESIAN_POINT('',(-0.0513689231016819,0.0664762164268598,0.0483925496150796));
#2977=CARTESIAN_POINT('',(-0.0513472363147074,0.0684235552739759,0.0453581796478898));
#2978=CARTESIAN_POINT('',(-0.0513472363147074,0.0479266776048539,0.0457159586537699));
#2979=CARTESIAN_POINT('',(-0.0513689231016819,0.0479790341400913,0.0487154233520933));
#2980=CARTESIAN_POINT('',(-0.0513689231016819,0.0469791864489146,0.0487328759865265));
#2981=CARTESIAN_POINT('',(-0.049368975359779,0.0479792864678013,0.048729879008017));
#2982=CARTESIAN_POINT('',(-0.0513689231016819,0.0479790341400913,0.0487154233520933));
#2983=CARTESIAN_POINT('',(-0.0513689231016819,0.0459793387577379,0.0487503286209596));
#2984=CARTESIAN_POINT('',(-0.0513472363147074,0.0479266776048539,0.0457159586537699));
#2985=CARTESIAN_POINT('',(-0.0638137254010411,0.0588297797795106,0.0830422166744893));
#2986=CARTESIAN_POINT('',(-0.0694992929559045,0.0588290624476467,0.0830011212965542));
#2987=CARTESIAN_POINT('',(-0.0675746228080557,0.0541824976736929,-0.183196917683148));
#2988=CARTESIAN_POINT('',(-0.0715126134581605,0.0582109690302434,0.047591035862836));
#2989=CARTESIAN_POINT('',(-0.0538030762036103,0.058213203392116,0.0477190406960402));
#2990=CARTESIAN_POINT('',(-0.0538030762036103,0.067561779304618,0.04755585856409));
#2991=CARTESIAN_POINT('',(-0.0538030762036103,0.0488646274796141,0.0478822228279903));
#2992=CARTESIAN_POINT('',(-0.0581804618237003,0.0675612270223426,0.047524218747187));
#2993=CARTESIAN_POINT('',(-0.0581804618237003,0.0488640751973386,0.0478505830110874));
#2994=CARTESIAN_POINT('',(-0.0581804473658423,0.0675611921179858,0.0475222191040548));
#2995=CARTESIAN_POINT('',(-0.0538030617457523,0.0675617444002612,0.0475538589209578));
#2996=CARTESIAN_POINT('',(-0.0538030617457523,0.0582131684877592,0.0477170410529079));
#2997=CARTESIAN_POINT('',(-0.0538030617457523,0.0488645925752572,0.0478802231848581));
#2998=CARTESIAN_POINT('',(-0.0581804473658423,0.0488640402929818,0.0478485833679552));
#2999=CARTESIAN_POINT('',(-0.0888100392333974,0.0663448664891687,0.0421000000000007));
#3000=CARTESIAN_POINT('',(-0.0935100392333989,0.0636313202239766,0.0421000000000007));
#3001=CARTESIAN_POINT('',(-0.0935100392333989,0.0636313202239766,0.0451000000000007));
#3002=CARTESIAN_POINT('',(-0.0888100392333974,0.0663448664891687,0.0451000000000007));
#3003=CARTESIAN_POINT('',(-0.0841100392333959,0.0690584127543608,0.0451000000000007));
#3004=CARTESIAN_POINT('',(-0.0841100392333959,0.0690584127543608,0.0421000000000007));
#3005=CARTESIAN_POINT('',(-0.0888100392333974,0.050063588898016,0.0421000000000007));
#3006=CARTESIAN_POINT('',(-0.0841100392333959,0.0473500426328239,0.0421000000000007));
#3007=CARTESIAN_POINT('',(-0.0841100392333959,0.0473500426328239,0.0451000000000007));
#3008=CARTESIAN_POINT('',(-0.0888100392333974,0.050063588898016,0.0451000000000007));
#3009=CARTESIAN_POINT('',(-0.0935100392333989,0.0527771351632081,0.0451000000000007));
#3010=CARTESIAN_POINT('',(-0.0935100392333989,0.0527771351632081,0.0421000000000007));
#3011=CARTESIAN_POINT('',(-0.0794100392333944,0.050063588898016,0.0421000000000007));
#3012=CARTESIAN_POINT('',(-0.0747100392333929,0.0527771351632082,0.0421000000000007));
#3013=CARTESIAN_POINT('',(-0.0747100392333929,0.0527771351632082,0.0451000000000007));
#3014=CARTESIAN_POINT('',(-0.0794100392333944,0.050063588898016,0.0451000000000007));
#3015=CARTESIAN_POINT('',(-0.0794100392333944,0.0663448664891687,0.0421000000000007));
#3016=CARTESIAN_POINT('',(-0.0794100392333944,0.0663448664891687,0.0451000000000007));
#3017=CARTESIAN_POINT('',(-0.0747100392333929,0.0636313202239766,0.0451000000000007));
#3018=CARTESIAN_POINT('',(-0.0747100392333929,0.0636313202239766,0.0421000000000007));
#3019=CARTESIAN_POINT('',(-0.0624933205450136,0.0527771351632082,0.0421000000000007));
#3020=CARTESIAN_POINT('',(-0.0625170033581924,0.0527771351632082,0.0420998288202287));
#3021=CARTESIAN_POINT('',(-0.0624933205450136,0.0527771351632082,0.0421000000000007));
#3022=CARTESIAN_POINT('',(-0.0624933205450136,0.0527771351632082,0.0451000000000007));
#3023=CARTESIAN_POINT('',(-0.0624933205450136,0.0636313202239766,0.0421000000000007));
#3024=CARTESIAN_POINT('',(-0.0625183727282635,0.0636313202239766,0.0420998189223988));
#3025=CARTESIAN_POINT('',(-0.0624933205450136,0.0636313202239766,0.0451000000000007));
#3026=CARTESIAN_POINT('',(-0.0686361185499251,0.0636313202239766,0.0449420621549695));
#3027=CARTESIAN_POINT('',(-0.0624933205450136,0.0636313202239766,0.0421000000000007));
#3028=CARTESIAN_POINT('',(-0.0625170045954827,0.0527771351632082,0.0421000000000007));
#3029=CARTESIAN_POINT('',(-0.0604221802797353,0.0527773994612253,0.0421151414253962));
#3030=CARTESIAN_POINT('',(-0.056337915140718,0.052903097342317,0.0443214290619925));
#3031=CARTESIAN_POINT('',(-0.0563471056694647,0.0529252852414622,0.0455925563417948));
#3032=CARTESIAN_POINT('',(-0.0625165528444313,0.0527771351632082,0.0420375000000007));
#3033=CARTESIAN_POINT('',(-0.0603553383410005,0.0527774078374862,0.0420531212947897));
#3034=CARTESIAN_POINT('',(-0.0561386030467981,0.0529027588138511,0.0443020350326112));
#3035=CARTESIAN_POINT('',(-0.0561479442068335,0.0529253103690967,0.0455939958841972));
#3036=CARTESIAN_POINT('',(-0.0625161010933798,0.0527771351632082,0.0419750000000007));
#3037=CARTESIAN_POINT('',(-0.0602884267111009,0.0527774162225398,0.0419911016679121));
#3038=CARTESIAN_POINT('',(-0.0559392809820082,0.052902396213576,0.0442812619482192));
#3039=CARTESIAN_POINT('',(-0.0559487827442024,0.0529253354967311,0.0455954354265996));
#3040=CARTESIAN_POINT('',(-0.0625154234668027,0.0527771351632082,0.0418812500000008));
#3041=CARTESIAN_POINT('',(-0.0601879895779492,0.0527774288089126,0.0418980727313039));
#3042=CARTESIAN_POINT('',(-0.055640289080074,0.0529018310566176,0.0442488845508645));
#3043=CARTESIAN_POINT('',(-0.0556500405502556,0.0529253731881828,0.0455975947402032));
#3044=CARTESIAN_POINT('',(-0.062515197591277,0.0527771351632082,0.0418500000000007));
#3045=CARTESIAN_POINT('',(-0.0601544989188482,0.0527774330058356,0.0418670631697192));
#3046=CARTESIAN_POINT('',(-0.0555406236090179,0.0529016390406042,0.044237884104572));
#3047=CARTESIAN_POINT('',(-0.05555045981894,0.052925385752,0.0455983145114044));
#3048=CARTESIAN_POINT('',(-0.0625147458402255,0.0527771351632082,0.0417875000000007));
#3049=CARTESIAN_POINT('',(-0.0600875001792862,0.0527774414018796,0.0418050441724716));
#3050=CARTESIAN_POINT('',(-0.0553412903057343,0.052901249308205,0.0442155566421482));
#3051=CARTESIAN_POINT('',(-0.0553512983563089,0.0529254108796345,0.0455997540538068));
#3052=CARTESIAN_POINT('',(-0.0625145199646998,0.0527771351632082,0.0417562500000008));
#3053=CARTESIAN_POINT('',(-0.0600539920988252,0.0527774456010006,0.0417740347368088));
#3054=CARTESIAN_POINT('',(-0.0552416224662041,0.0529010515741891,0.0442042286159975));
#3055=CARTESIAN_POINT('',(-0.0552517176249933,0.0529254234434517,0.045600473825008));
#3056=CARTESIAN_POINT('',(-0.0625138423381226,0.0527771351632082,0.0416625000000007));
#3057=CARTESIAN_POINT('',(-0.0599534504375133,0.0527774582005614,0.0416810065557319));
#3058=CARTESIAN_POINT('',(-0.0549426160590934,0.0529004513986368,0.0441698450309572));
#3059=CARTESIAN_POINT('',(-0.0549529754310465,0.0529254611349034,0.0456026331386116));
#3060=CARTESIAN_POINT('',(-0.0625133905870712,0.0527771351632082,0.0416000000000007));
#3061=CARTESIAN_POINT('',(-0.0598863949664873,0.052777466603763,0.0416189879685403));
#3062=CARTESIAN_POINT('',(-0.0547432746131991,0.0529000420082364,0.0441463913771158));
#3063=CARTESIAN_POINT('',(-0.0547538139684154,0.0529254862625379,0.045604072681014));
#3064=CARTESIAN_POINT('',(-0.0625124870849683,0.0527771351632082,0.0414750000000007));
#3065=CARTESIAN_POINT('',(-0.059752238996881,0.0527774834158473,0.0414949511196172));
#3066=CARTESIAN_POINT('',(-0.0543445859875484,0.0528992093846682,0.0440986910281789));
#3067=CARTESIAN_POINT('',(-0.054355491043153,0.0529255365178068,0.0456069517658188));
#3068=CARTESIAN_POINT('',(-0.0625120353339169,0.0527771351632082,0.0414125000000007));
#3069=CARTESIAN_POINT('',(-0.0596851384983006,0.05277749182473,0.0414329328578856));
#3070=CARTESIAN_POINT('',(-0.0541452387297441,0.0528987859630757,0.0440744335383827));
#3071=CARTESIAN_POINT('',(-0.0541563295805219,0.0529255616454413,0.0456083913082212));
#3072=CARTESIAN_POINT('',(-0.0625106800807626,0.0527771351632082,0.0412250000000007));
#3073=CARTESIAN_POINT('',(-0.0594837850103512,0.0527775170579376,0.0412468784484913));
#3074=CARTESIAN_POINT('',(-0.0535471896136327,0.0528974979714564,0.0440006455121864));
#3075=CARTESIAN_POINT('',(-0.0535588451926284,0.0529256370283447,0.0456127099354284));
#3076=CARTESIAN_POINT('',(-0.0625097765786597,0.0527771351632082,0.0411000000000007));
#3077=CARTESIAN_POINT('',(-0.0593494708652018,0.0527775338899784,0.0411228427428636));
#3078=CARTESIAN_POINT('',(-0.0531484799266666,0.0528966145013747,0.0439500322065081));
#3079=CARTESIAN_POINT('',(-0.0531605222673661,0.0529256872836136,0.0456155890202332));
#3080=CARTESIAN_POINT('',(-0.0625084213255054,0.0527771351632082,0.0409125000000007));
#3081=CARTESIAN_POINT('',(-0.0591479108700824,0.0527775591492405,0.0409367898261065));
#3082=CARTESIAN_POINT('',(-0.0525504036459854,0.0528952609286826,0.0438724870922589));
#3083=CARTESIAN_POINT('',(-0.0525630378794726,0.052925762666517,0.0456199076474404));
#3084=CARTESIAN_POINT('',(-0.0625079695744539,0.0527771351632082,0.0408500000000007));
#3085=CARTESIAN_POINT('',(-0.0590807091971378,0.052777567570888,0.0408747722956649));
#3086=CARTESIAN_POINT('',(-0.0523510429051617,0.0528948049562018,0.0438463647876939));
#3087=CARTESIAN_POINT('',(-0.0523638764168414,0.0529257877941514,0.0456213471898428));
#3088=CARTESIAN_POINT('',(-0.062507066072351,0.0527771351632082,0.0407250000000007));
#3089=CARTESIAN_POINT('',(-0.0589462853858446,0.0527775844167651,0.040750737382706));
#3090=CARTESIAN_POINT('',(-0.0519523185738514,0.0528938861315458,0.0437937260462813));
#3091=CARTESIAN_POINT('',(-0.0519655534915791,0.0529258380494203,0.0456242262746476));
#3092=CARTESIAN_POINT('',(-0.0625066143212996,0.0527771351632082,0.0406625000000007));
#3093=CARTESIAN_POINT('',(-0.0588790632474961,0.0527775928409946,0.0406887200001886));
#3094=CARTESIAN_POINT('',(-0.0517529549747708,0.0528934232586225,0.043767208420796));
#3095=CARTESIAN_POINT('',(-0.0517663920289479,0.0529258631770548,0.04562566581705));
#3096=CARTESIAN_POINT('',(-0.0625057108191967,0.0527771351632081,0.0405375000000007));
#3097=CARTESIAN_POINT('',(-0.0587446080558008,0.0527776096908309,0.0405646853140477));
#3098=CARTESIAN_POINT('',(-0.0513542264678408,0.0528924943531287,0.0437139921561192));
#3099=CARTESIAN_POINT('',(-0.0513680691036856,0.0529259134323237,0.0456285449018548));
#3100=CARTESIAN_POINT('',(-0.0625052590681453,0.0527771351632081,0.0404750000000007));
#3101=CARTESIAN_POINT('',(-0.058677375927678,0.0527776181163209,0.0405026680037366));
#3102=CARTESIAN_POINT('',(-0.0511548615658901,0.0528920283347988,0.0436872943327584));
#3103=CARTESIAN_POINT('',(-0.0511689076410544,0.0529259385599582,0.0456299844442572));
#3104=CARTESIAN_POINT('',(-0.0625043555660424,0.0527771351632081,0.0403500000000007));
#3105=CARTESIAN_POINT('',(-0.0585429186722659,0.0527776349664175,0.0403786333325123));
#3106=CARTESIAN_POINT('',(-0.0507561324673441,0.0528910980010177,0.0436339962426272));
#3107=CARTESIAN_POINT('',(-0.0507705847157921,0.0529259888152271,0.045632863529062));
#3108=CARTESIAN_POINT('',(-0.062503903814991,0.0527771351632082,0.0402875000000007));
#3109=CARTESIAN_POINT('',(-0.0584756935449766,0.0527776433910242,0.0403166159715991));
#3110=CARTESIAN_POINT('',(-0.0505567682809096,0.0528906337100968,0.0436073973811723));
#3111=CARTESIAN_POINT('',(-0.0505714232531609,0.0529260139428616,0.0456343030714644));
#3112=CARTESIAN_POINT('',(-0.0625030003128881,0.0527771351632082,0.0401625000000007));
#3113=CARTESIAN_POINT('',(-0.058341266356615,0.0527776602373274,0.0401925810830497));
#3114=CARTESIAN_POINT('',(-0.0501580429329725,0.0528897124310864,0.0435546180317312));
#3115=CARTESIAN_POINT('',(-0.0501731003278986,0.0529260641981305,0.0456371821562692));
#3116=CARTESIAN_POINT('',(-0.0625025485618366,0.0527771351632082,0.0401000000000007));
#3117=CARTESIAN_POINT('',(-0.0582740642955428,0.0527776686590239,0.0401305635554135));
#3118=CARTESIAN_POINT('',(-0.0499586817838931,0.0528892554729893,0.0435284392619832));
#3119=CARTESIAN_POINT('',(-0.0499739388652675,0.052926089325765,0.0456386216986716));
#3120=CARTESIAN_POINT('',(-0.0625016450597338,0.0527771351632082,0.0399750000000007));
#3121=CARTESIAN_POINT('',(-0.0581396993049991,0.0527776854974797,0.0400065282172972));
#3122=CARTESIAN_POINT('',(-0.0495599649275983,0.052888354694617,0.0434768343779563));
#3123=CARTESIAN_POINT('',(-0.0495756159400051,0.0529261395810339,0.0456415007834764));
#3124=CARTESIAN_POINT('',(-0.0625011933086823,0.0527771351632082,0.0399125000000007));
#3125=CARTESIAN_POINT('',(-0.0580725363755276,0.0527776939142391,0.039944510406817));
#3126=CARTESIAN_POINT('',(-0.049360609234319,0.0528879109079866,0.0434514101911715));
#3127=CARTESIAN_POINT('',(-0.049376454477374,0.0529261647086683,0.0456429403258788));
#3128=CARTESIAN_POINT('',(-0.0625002898065794,0.0527771351632082,0.0397875000000008));
#3129=CARTESIAN_POINT('',(-0.0579382657135691,0.0527777107407938,0.0398204743868922));
#3130=CARTESIAN_POINT('',(-0.0489619055667145,0.0528870419699293,0.0434016294137343));
#3131=CARTESIAN_POINT('',(-0.0489781315521116,0.0529262149639373,0.0456458194106836));
#3132=CARTESIAN_POINT('',(-0.062499838055528,0.0527771351632082,0.0397250000000008));
#3133=CARTESIAN_POINT('',(-0.0578711607844753,0.0527777191502354,0.0397584561571843));
#3134=CARTESIAN_POINT('',(-0.0487625576083564,0.0528866168570503,0.0433772750314702));
#3135=CARTESIAN_POINT('',(-0.0487789700894805,0.0529262400915717,0.045647258953086));
#3136=CARTESIAN_POINT('',(-0.0624989345534251,0.0527771351632082,0.0396000000000008));
#3137=CARTESIAN_POINT('',(-0.0577370206282998,0.0527777359603245,0.0396344191939614));
#3138=CARTESIAN_POINT('',(-0.0483638712831341,0.0528857897872074,0.0433298928510862));
#3139=CARTESIAN_POINT('',(-0.0483806471642182,0.0529262903468406,0.0456501380378908));
#3140=CARTESIAN_POINT('',(-0.0624984828023737,0.0527771351632082,0.0395375000000008));
#3141=CARTESIAN_POINT('',(-0.0576699854012181,0.0527777443609721,0.0395724004604463));
#3142=CARTESIAN_POINT('',(-0.0481645329354229,0.0528853878764828,0.0433068677019813));
#3143=CARTESIAN_POINT('',(-0.048181485701587,0.0529263154744751,0.0456515775802932));
#3144=CARTESIAN_POINT('',(-0.0624975793002708,0.0527771351632082,0.0394125000000008));
#3145=CARTESIAN_POINT('',(-0.0575359935473078,0.0527777611523503,0.0394483624252921));
#3146=CARTESIAN_POINT('',(-0.0477658669896441,0.0528846100069685,0.0432623041697048));
#3147=CARTESIAN_POINT('',(-0.0477831627763247,0.052926365729744,0.045654456665098));
#3148=CARTESIAN_POINT('',(-0.0624971275492193,0.0527771351632082,0.0393500000000008));
#3149=CARTESIAN_POINT('',(-0.0574690380512386,0.0527777695429384,0.0393863431154799));
#3150=CARTESIAN_POINT('',(-0.0475665394143315,0.0528842341031146,0.0432407689337581));
#3151=CARTESIAN_POINT('',(-0.0475840013136935,0.0529263908573785,0.0456558962075004));
#3152=CARTESIAN_POINT('',(-0.0624962240471165,0.0527771351632082,0.0392250000000008));
#3153=CARTESIAN_POINT('',(-0.0573352059059716,0.0527777863141667,0.0392623039259489));
#3154=CARTESIAN_POINT('',(-0.0471678950824564,0.0528835084141801,0.0431991947858247));
#3155=CARTESIAN_POINT('',(-0.0471856783884311,0.0529264411126474,0.0456587752923052));
#3156=CARTESIAN_POINT('',(-0.062495772296065,0.0527771351632082,0.0391625000000008));
#3157=CARTESIAN_POINT('',(-0.0572683292567738,0.0527777946948069,0.0392002840462303));
#3158=CARTESIAN_POINT('',(-0.0469685783324731,0.0528831586449829,0.0431791567837954));
#3159=CARTESIAN_POINT('',(-0.0469865169258,0.0529264662402819,0.0456602148347076));
#3160=CARTESIAN_POINT('',(-0.0624953205450136,0.0527771351632082,0.0391000000000007));
#3161=CARTESIAN_POINT('',(-0.0572014910235615,0.0527778030706003,0.0391382638888401));
#3162=CARTESIAN_POINT('',(-0.0467692663018935,0.0528828202694343,0.0431597715149227));
#3163=CARTESIAN_POINT('',(-0.0467873554631688,0.0529264913679163,0.04566165437711));
#3164=CARTESIAN_POINT('',(-0.0624953205450136,0.0527771351632082,0.0391000000000007));
#3165=CARTESIAN_POINT('',(-0.0572014910235615,0.0527778030706003,0.0391382638888401));
#3166=CARTESIAN_POINT('',(-0.0467692663018935,0.0528828202694343,0.0431597715149227));
#3167=CARTESIAN_POINT('',(-0.0467873554631688,0.0529264913679163,0.04566165437711));
#3168=CARTESIAN_POINT('',(-0.0625183740370954,0.0636313202239766,0.0421000000000007));
#3169=CARTESIAN_POINT('',(-0.0604264069754829,0.0636315841615021,0.0421151207731153));
#3170=CARTESIAN_POINT('',(-0.0563383466286288,0.0634025398036383,0.0441978548008281));
#3171=CARTESIAN_POINT('',(-0.0563471056694647,0.0634236859988174,0.0454093036802465));
#3172=CARTESIAN_POINT('',(-0.062518362808577,0.0635423230622562,0.0421000000000007));
#3173=CARTESIAN_POINT('',(-0.0604263956634588,0.0635425869997922,0.0421151207737189));
#3174=CARTESIAN_POINT('',(-0.0563383428849647,0.0633164508006454,0.0441988395716736));
#3175=CARTESIAN_POINT('',(-0.0563471056694647,0.063337606033829,0.0454108062312592));
#3176=CARTESIAN_POINT('',(-0.0625183515800586,0.0634533259005357,0.0421000000000007));
#3177=CARTESIAN_POINT('',(-0.060426382624678,0.0634535898383002,0.0421151207868035));
#3178=CARTESIAN_POINT('',(-0.0563383391564448,0.0632303618342137,0.0441998264370837));
#3179=CARTESIAN_POINT('',(-0.0563471056694647,0.0632515260688407,0.045412308782272));
#3180=CARTESIAN_POINT('',(-0.0625183403515402,0.0633643287388153,0.0421000000000007));
#3181=CARTESIAN_POINT('',(-0.0604263679441909,0.0633645926770152,0.0421151208117544));
#3182=CARTESIAN_POINT('',(-0.056338335442325,0.0631442729025469,0.0442008152941458));
#3183=CARTESIAN_POINT('',(-0.0563471056694647,0.0631654461038523,0.0454138113332847));
#3184=CARTESIAN_POINT('',(-0.0563471056694647,0.0634236859988174,0.0454093036802465));
#3185=CARTESIAN_POINT('',(-0.0563459801038002,0.0634209686429248,0.0452536284997647));
#3186=CARTESIAN_POINT('',(-0.0564704617686801,0.0634158846469829,0.0449623703734397));
#3187=CARTESIAN_POINT('',(-0.0568614662585303,0.0634076624766303,0.0444913287049122));
#3188=CARTESIAN_POINT('',(-0.0574562122426814,0.0633992857687251,0.0440114337016261));
#3189=CARTESIAN_POINT('',(-0.0582266202249777,0.0633907629202015,0.0435231664173288));
#3190=CARTESIAN_POINT('',(-0.0593087087327319,0.0633808495887208,0.0429552394587511));
#3191=CARTESIAN_POINT('',(-0.060706500707081,0.063371114356239,0.0423975156516454));
#3192=CARTESIAN_POINT('',(-0.0619037341888464,0.0633659986764933,0.0421044423851364));
#3193=CARTESIAN_POINT('',(-0.0625183405524481,0.063365921133359,0.0421000000000007));
#3194=CARTESIAN_POINT('',(-0.0625183740370954,0.0636313202239766,0.0421000000000007));
#3195=CARTESIAN_POINT('',(-0.0604264069754829,0.0636315841615021,0.0421151207731153));
#3196=CARTESIAN_POINT('',(-0.0563383466286288,0.0634025398036383,0.0441978548008281));
#3197=CARTESIAN_POINT('',(-0.0563471056694647,0.0634236859988174,0.0454093036802465));
#3198=CARTESIAN_POINT('',(-0.0624966899866263,0.0636313202239766,0.0391000000000007));
#3199=CARTESIAN_POINT('',(-0.0572051244437921,0.063631987845729,0.0391382475247646));
#3200=CARTESIAN_POINT('',(-0.0467696935009456,0.0633822523765349,0.0430356040686025));
#3201=CARTESIAN_POINT('',(-0.0467873554631688,0.0634248921252715,0.0454784017155617));
#3202=CARTESIAN_POINT('',(-0.0624971417376777,0.0636313202239766,0.0391625000000008));
#3203=CARTESIAN_POINT('',(-0.0572719626767825,0.0636319794699356,0.0392002676821563));
#3204=CARTESIAN_POINT('',(-0.0469690055312074,0.0633825907513163,0.043054989293523));
#3205=CARTESIAN_POINT('',(-0.0469865169258,0.063424866997637,0.0454769621731593));
#3206=CARTESIAN_POINT('',(-0.0624975934887292,0.0636313202239766,0.0392250000000008));
#3207=CARTESIAN_POINT('',(-0.0573388416387106,0.0636319710890036,0.0392622875451586));
#3208=CARTESIAN_POINT('',(-0.0471683222535185,0.0633829404537068,0.0430750234682538));
#3209=CARTESIAN_POINT('',(-0.0471856783884311,0.0634248418700026,0.0454755226307569));
#3210=CARTESIAN_POINT('',(-0.0624984969908321,0.0636313202239766,0.0393500000000008));
#3211=CARTESIAN_POINT('',(-0.0574726824618566,0.0636319543166805,0.0393863266719656));
#3212=CARTESIAN_POINT('',(-0.0475669665416173,0.0633836660369562,0.0431165915615635));
#3213=CARTESIAN_POINT('',(-0.0475840013136935,0.0634247916147336,0.0454726435459521));
#3214=CARTESIAN_POINT('',(-0.0624989487418835,0.0636313202239766,0.0394125000000008));
#3215=CARTESIAN_POINT('',(-0.0575396443230744,0.0636319459252893,0.0394483459357704));
#3216=CARTESIAN_POINT('',(-0.0477662941007926,0.0633840419018511,0.0431381245655803));
#3217=CARTESIAN_POINT('',(-0.0477831627763246,0.0634247664870992,0.0454712040035497));
#3218=CARTESIAN_POINT('',(-0.0624998522439864,0.0636313202239766,0.0395375000000008));
#3219=CARTESIAN_POINT('',(-0.0576736523862136,0.063631929131866,0.0395723838537641));
#3220=CARTESIAN_POINT('',(-0.0481649600614764,0.0633848198073491,0.0431826901593372));
#3221=CARTESIAN_POINT('',(-0.0481814857015869,0.0634247162318303,0.0454683249187449));
#3222=CARTESIAN_POINT('',(-0.0625003039950378,0.0636313202239766,0.0396000000000008));
#3223=CARTESIAN_POINT('',(-0.0577406974571312,0.0636319207299765,0.0396344025161278));
#3224=CARTESIAN_POINT('',(-0.048364298439768,0.0633852217919015,0.0432057195379783));
#3225=CARTESIAN_POINT('',(-0.0483806471642181,0.0634246911041958,0.0454668853763425));
#3226=CARTESIAN_POINT('',(-0.0625012074971407,0.0636313202239766,0.0397250000000008));
#3227=CARTESIAN_POINT('',(-0.0578748602018071,0.0636319039170374,0.0397584393160806));
#3228=CARTESIAN_POINT('',(-0.0487629848834334,0.0633860491476915,0.0432531181000428));
#3229=CARTESIAN_POINT('',(-0.0487789700894805,0.0634246408489269,0.0454640062915377));
#3230=CARTESIAN_POINT('',(-0.0625016592481921,0.0636313202239766,0.0397875000000008));
#3231=CARTESIAN_POINT('',(-0.0579419778755655,0.0636318955059878,0.0398204574536698));
#3232=CARTESIAN_POINT('',(-0.0489623329292935,0.0633864744718186,0.0432774845845493));
#3233=CARTESIAN_POINT('',(-0.0489781315521116,0.0634246157212924,0.0454625667491353));
#3234=CARTESIAN_POINT('',(-0.062502562750295,0.0636313202239766,0.0399125000000007));
#3235=CARTESIAN_POINT('',(-0.0580762763500681,0.0636318786759241,0.0399444932725652));
#3236=CARTESIAN_POINT('',(-0.049361036822293,0.0633873439540277,0.0433272965360075));
#3237=CARTESIAN_POINT('',(-0.049376454477374,0.0634245654660235,0.0454596876643305));
#3238=CARTESIAN_POINT('',(-0.0625030145013465,0.0636313202239766,0.0399750000000007));
#3239=CARTESIAN_POINT('',(-0.0581434543468808,0.0636318702572638,0.0400065109741383));
#3240=CARTESIAN_POINT('',(-0.0495603926531943,0.0633877880729071,0.0433527397570849));
#3241=CARTESIAN_POINT('',(-0.0495756159400051,0.063424540338389,0.0454582481219281));
#3242=CARTESIAN_POINT('',(-0.0625039180034493,0.0636313202239766,0.0401000000000007));
#3243=CARTESIAN_POINT('',(-0.0582778512124683,0.0636318534147863,0.0401305460818612));
#3244=CARTESIAN_POINT('',(-0.0499591098167507,0.0633886895930746,0.0434043871379704));
#3245=CARTESIAN_POINT('',(-0.0499739388652674,0.0634244900831201,0.0454553690371233));
#3246=CARTESIAN_POINT('',(-0.0625043697545008,0.0636313202239766,0.0401625000000007));
#3247=CARTESIAN_POINT('',(-0.0583450700812431,0.0636318449909693,0.0401925634880111));
#3248=CARTESIAN_POINT('',(-0.0501584711351979,0.0633891469600616,0.0434305893326982));
#3249=CARTESIAN_POINT('',(-0.0501731003278986,0.0634244649554857,0.0454539294947209));
#3250=CARTESIAN_POINT('',(-0.0625052732566037,0.0636313202239766,0.0402875000000007));
#3251=CARTESIAN_POINT('',(-0.0584795320435942,0.0636318281402788,0.0403165981252136));
#3252=CARTESIAN_POINT('',(-0.0505571968285517,0.0633900690729815,0.0434834164561624));
#3253=CARTESIAN_POINT('',(-0.0505714232531609,0.0634244147002167,0.0454510504099161));
#3254=CARTESIAN_POINT('',(-0.0625057250076551,0.0636313202239766,0.0403500000000007));
#3255=CARTESIAN_POINT('',(-0.0585467751371704,0.0636318197134053,0.0403786153562661));
#3256=CARTESIAN_POINT('',(-0.0507565611906848,0.0633905337880765,0.0435100396182196));
#3257=CARTESIAN_POINT('',(-0.0507705847157921,0.0634243895725823,0.0454496108675137));
#3258=CARTESIAN_POINT('',(-0.062506628509758,0.0636313202239766,0.0404750000000007));
#3259=CARTESIAN_POINT('',(-0.0586812689019636,0.0636318028587024,0.0405026497636));
#3260=CARTESIAN_POINT('',(-0.0511552906203376,0.0633914649212203,0.0435633835032073));
#3261=CARTESIAN_POINT('',(-0.0511689076410544,0.0634243393173134,0.0454467317827089));
#3262=CARTESIAN_POINT('',(-0.0625070802608094,0.0636313202239766,0.0405375000000007));
#3263=CARTESIAN_POINT('',(-0.0587485195731805,0.0636317944308729,0.0405646669398813));
#3264=CARTESIAN_POINT('',(-0.0513546556772681,0.0633919313137043,0.0435901027615618));
#3265=CARTESIAN_POINT('',(-0.0513680691036856,0.0634243141896789,0.0454452922403065));
#3266=CARTESIAN_POINT('',(-0.0625079837629123,0.0636313202239766,0.0406625000000007));
#3267=CARTESIAN_POINT('',(-0.0588830118460946,0.0636317775763582,0.0406887013579985));
#3268=CARTESIAN_POINT('',(-0.0517533844523064,0.0633928608664689,0.0436433561078689));
#3269=CARTESIAN_POINT('',(-0.0517663920289479,0.06342426393441,0.0454424131555017));
#3270=CARTESIAN_POINT('',(-0.0625084355139638,0.0636313202239766,0.0407250000000007));
#3271=CARTESIAN_POINT('',(-0.0589502525208166,0.0636317691497899,0.0407507186065346));
#3272=CARTESIAN_POINT('',(-0.0519527481641232,0.0633933240115614,0.0436698893257182));
#3273=CARTESIAN_POINT('',(-0.0519655534915791,0.0634242388067755,0.0454409736130993));
#3274=CARTESIAN_POINT('',(-0.0625093390160666,0.0636313202239766,0.0408500000000007));
#3275=CARTESIAN_POINT('',(-0.0590847128180315,0.0636317522993095,0.0408747532557727));
#3276=CARTESIAN_POINT('',(-0.052351472670729,0.0633942432594182,0.043722552311973));
#3277=CARTESIAN_POINT('',(-0.0523638764168414,0.0634241885515066,0.0454380945282945));
#3278=CARTESIAN_POINT('',(-0.0625097907671181,0.0636313202239766,0.0409125000000007));
#3279=CARTESIAN_POINT('',(-0.0591519324405244,0.0636317438753973,0.0409367706564747));
#3280=CARTESIAN_POINT('',(-0.0525508334741192,0.0633946993829477,0.043748683269997));
#3281=CARTESIAN_POINT('',(-0.0525630378794726,0.0634241634238721,0.0454366549858921));
#3282=CARTESIAN_POINT('',(-0.0625111460202724,0.0636313202239766,0.0411000000000007));
#3283=CARTESIAN_POINT('',(-0.0593535445365202,0.0636317186095619,0.0411228231966457));
#3284=CARTESIAN_POINT('',(-0.0531489098820699,0.0633960532628956,0.0438262459866884));
#3285=CARTESIAN_POINT('',(-0.0531605222673661,0.0634240880409688,0.0454323363586849));
#3286=CARTESIAN_POINT('',(-0.0625120495223753,0.0636313202239766,0.0412250000000007));
#3287=CARTESIAN_POINT('',(-0.0594878910833723,0.063631701773433,0.0412468586680734));
#3288=CARTESIAN_POINT('',(-0.0535476195715488,0.0633969367390437,0.0438768596399065));
#3289=CARTESIAN_POINT('',(-0.0535588451926284,0.0634240377856998,0.0454294572738801));
#3290=CARTESIAN_POINT('',(-0.0625134047755296,0.0636313202239766,0.0414125000000007));
#3291=CARTESIAN_POINT('',(-0.0596892862387505,0.0636316765349683,0.0414329127762948));
#3292=CARTESIAN_POINT('',(-0.0541456687755867,0.0633982249429365,0.0439506598270835));
#3293=CARTESIAN_POINT('',(-0.0541563295805219,0.0634239624027965,0.0454251386466729));
#3294=CARTESIAN_POINT('',(-0.062513856526581,0.0636313202239766,0.0414750000000007));
#3295=CARTESIAN_POINT('',(-0.0597563994732663,0.0636316681244788,0.0414949309459709));
#3296=CARTESIAN_POINT('',(-0.0543450160819915,0.0633986484818609,0.0439749240387306));
#3297=CARTESIAN_POINT('',(-0.0543554910431531,0.063423937275162,0.0454236991042705));
#3298=CARTESIAN_POINT('',(-0.0625147600286839,0.0636313202239766,0.0416000000000007));
#3299=CARTESIAN_POINT('',(-0.0598905780339536,0.0636316513095443,0.0416189676316054));
#3300=CARTESIAN_POINT('',(-0.0547437048752257,0.0633994815100115,0.0440226475658755));
#3301=CARTESIAN_POINT('',(-0.0547538139684154,0.0634238870198931,0.0454208200194657));
#3302=CARTESIAN_POINT('',(-0.0625152117797354,0.0636313202239766,0.0416625000000007));
#3303=CARTESIAN_POINT('',(-0.0599576433601251,0.0636316429050993,0.0416809861475637));
#3304=CARTESIAN_POINT('',(-0.0549430464436752,0.0633998911962865,0.0440461181701392));
#3305=CARTESIAN_POINT('',(-0.0549529754310466,0.0634238618922586,0.0454193804770633));
#3306=CARTESIAN_POINT('',(-0.0625158894063125,0.0636313202239766,0.0417562500000007));
#3307=CARTESIAN_POINT('',(-0.0600581972127815,0.0636316303040003,0.0417740142405214));
#3308=CARTESIAN_POINT('',(-0.0552420530927426,0.0634004919559737,0.0440805352198129));
#3309=CARTESIAN_POINT('',(-0.0552517176249933,0.0634238242008069,0.0454172211634597));
#3310=CARTESIAN_POINT('',(-0.0625161152818382,0.0636313202239766,0.0417875000000007));
#3311=CARTESIAN_POINT('',(-0.0600917089273102,0.0636316261044208,0.0418050236499171));
#3312=CARTESIAN_POINT('',(-0.0553417210227725,0.063400689908475,0.0440918757628198));
#3313=CARTESIAN_POINT('',(-0.0553512983563089,0.0634238116369897,0.0454165013922585));
#3314=CARTESIAN_POINT('',(-0.0625165670328897,0.0636313202239766,0.0418500000000007));
#3315=CARTESIAN_POINT('',(-0.0601587139976569,0.0636316177075781,0.0418670426014056));
#3316=CARTESIAN_POINT('',(-0.0555410545172409,0.0634010801024354,0.0441142296677186));
#3317=CARTESIAN_POINT('',(-0.0555504598189401,0.0634237865093552,0.0454150618498561));
#3318=CARTESIAN_POINT('',(-0.0625167929084154,0.0636313202239766,0.0418812500000007));
#3319=CARTESIAN_POINT('',(-0.0601922073534749,0.0636316135103148,0.0418980521434984));
#3320=CARTESIAN_POINT('',(-0.0556407200895414,0.0634012723628745,0.0441252441169638));
#3321=CARTESIAN_POINT('',(-0.0556500405502556,0.063423773945538,0.0454143420786549));
#3322=CARTESIAN_POINT('',(-0.0625174705349926,0.0636313202239766,0.0419750000000007));
#3323=CARTESIAN_POINT('',(-0.0602926510538665,0.0636316009231135,0.0419910810326386));
#3324=CARTESIAN_POINT('',(-0.0559397122816296,0.0634018382203264,0.044157661645047));
#3325=CARTESIAN_POINT('',(-0.0559487827442024,0.0634237362540863,0.0454121827650513));
#3326=CARTESIAN_POINT('',(-0.062517922286044,0.0636313202239766,0.0420375000000007));
#3327=CARTESIAN_POINT('',(-0.0603595650313777,0.0636315925377637,0.0420531006425476));
#3328=CARTESIAN_POINT('',(-0.0561390345317014,0.0634022012679118,0.0441784603554888));
#3329=CARTESIAN_POINT('',(-0.0561479442068335,0.0634237111264518,0.0454107432226489));
#3330=CARTESIAN_POINT('',(-0.0625183740370954,0.0636313202239766,0.0421000000000007));
#3331=CARTESIAN_POINT('',(-0.0604264069754829,0.0636315841615021,0.0421151207731153));
#3332=CARTESIAN_POINT('',(-0.0563383466286288,0.0634025398036383,0.0441978548008281));
#3333=CARTESIAN_POINT('',(-0.0563471056694647,0.0634236859988174,0.0454093036802465));
#3334=CARTESIAN_POINT('',(-0.0624966899866263,0.0636313202239766,0.0391000000000007));
#3335=CARTESIAN_POINT('',(-0.0572051244437921,0.063631987845729,0.0391382475247646));
#3336=CARTESIAN_POINT('',(-0.0467696935009456,0.0633822523765349,0.0430356040686025));
#3337=CARTESIAN_POINT('',(-0.0467873554631688,0.0634248921252715,0.0454784017155617));
#3338=CARTESIAN_POINT('',(-0.0624953205450136,0.0527771351632082,0.0391000000000007));
#3339=CARTESIAN_POINT('',(-0.0572014910235615,0.0527778030706003,0.0391382638888401));
#3340=CARTESIAN_POINT('',(-0.0467692663018935,0.0528828202694343,0.0431597715149227));
#3341=CARTESIAN_POINT('',(-0.0467873554631688,0.0529264913679163,0.04566165437711));
#3342=CARTESIAN_POINT('',(-0.0624957770255512,0.0563951968501309,0.0391000000000007));
#3343=CARTESIAN_POINT('',(-0.0572019461643913,0.056395864757692,0.0391382638985236));
#3344=CARTESIAN_POINT('',(-0.0467694184463422,0.0563826544977443,0.0431197301489134));
#3345=CARTESIAN_POINT('',(-0.0467873554631688,0.0564259582870347,0.0456005701565939));
#3346=CARTESIAN_POINT('',(-0.0624962335060887,0.0600132585370539,0.0391000000000007));
#3347=CARTESIAN_POINT('',(-0.0572046666220987,0.0600139261589754,0.0391382475344585));
#3348=CARTESIAN_POINT('',(-0.0467695413243081,0.0598824180705143,0.0430756409826327));
#3349=CARTESIAN_POINT('',(-0.0467873554631688,0.0599254252061531,0.0455394859360778));
#3350=CARTESIAN_POINT('',(-0.0624966899866263,0.0636313202239766,0.0391000000000007));
#3351=CARTESIAN_POINT('',(-0.0572051244437921,0.063631987845729,0.0391382475247646));
#3352=CARTESIAN_POINT('',(-0.0467696935009456,0.0633822523765349,0.0430356040686025));
#3353=CARTESIAN_POINT('',(-0.0467873554631688,0.0634248921252715,0.0454784017155617));
#3354=CARTESIAN_POINT('',(-0.0607971772515063,0.0404328146507233,0.08108474092452));
#3355=CARTESIAN_POINT('',(-0.0607971772515063,0.0442579791907444,0.0810179715565924));
#3356=CARTESIAN_POINT('',(-0.0552973209612733,0.044258673091947,0.0810577246103825));
#3357=CARTESIAN_POINT('',(-0.0552973209612733,0.0404335085519259,0.0811244939783101));
#3358=CARTESIAN_POINT('',(-0.0661142066352441,0.0612372468709474,0.0421000000000007));
#3359=CARTESIAN_POINT('',(-0.0661142066352441,0.0612372468709474,0.0432897818545934));
#3360=CARTESIAN_POINT('',(-0.0638297834494463,0.0633981456774721,0.0453556480941784));
#3361=CARTESIAN_POINT('',(-0.0625419438000089,0.0633983081605324,0.0453649566208299));
#3362=CARTESIAN_POINT('',(-0.0661142066352441,0.0613568847556591,0.0421000000000007));
#3363=CARTESIAN_POINT('',(-0.0661142066352441,0.0613568847556591,0.04328864673664));
#3364=CARTESIAN_POINT('',(-0.063829715563884,0.0636042309593167,0.0453520513060225));
#3365=CARTESIAN_POINT('',(-0.0625419438000089,0.0636043934338122,0.045361359341996));
#3366=CARTESIAN_POINT('',(-0.0661142066352441,0.0614765226403708,0.0421000000000007));
#3367=CARTESIAN_POINT('',(-0.0661142066352441,0.0614765226403708,0.0432874764901297));
#3368=CARTESIAN_POINT('',(-0.0638296214797155,0.0638103162444668,0.0453484547072305));
#3369=CARTESIAN_POINT('',(-0.0625419438000089,0.0638104787070919,0.0453577620631621));
#3370=CARTESIAN_POINT('',(-0.0661142066352441,0.0618222893805152,0.0421000000000007));
#3371=CARTESIAN_POINT('',(-0.0661142066352441,0.0618222893805152,0.0432839817980801));
#3372=CARTESIAN_POINT('',(-0.0638292664581747,0.0644059255588928,0.0453380607390004));
#3373=CARTESIAN_POINT('',(-0.0625419438000089,0.0644060879767259,0.0453473655288303));
#3374=CARTESIAN_POINT('',(-0.0661142066352441,0.0620484182359479,0.0421000000000007));
#3375=CARTESIAN_POINT('',(-0.0661142066352441,0.0620484182359479,0.0432815498427445));
#3376=CARTESIAN_POINT('',(-0.0638289249494771,0.0647954495983343,0.0453312639519331));
#3377=CARTESIAN_POINT('',(-0.0625419438000089,0.0647956119730801,0.0453405662733323));
#3378=CARTESIAN_POINT('',(-0.0661142066352441,0.0625006759468132,0.0421000000000007));
#3379=CARTESIAN_POINT('',(-0.0661142066352441,0.0625006759468132,0.0432764576172106));
#3380=CARTESIAN_POINT('',(-0.0638280969672904,0.0655744976955069,0.0453176714256064));
#3381=CARTESIAN_POINT('',(-0.0625419438000089,0.0655746599657886,0.0453269677623365));
#3382=CARTESIAN_POINT('',(-0.0661142066352441,0.0627268048022459,0.0421000000000007));
#3383=CARTESIAN_POINT('',(-0.0661142066352441,0.0627268048022459,0.0432737906900088));
#3384=CARTESIAN_POINT('',(-0.0638276048232331,0.0659640217539536,0.045310875727334));
#3385=CARTESIAN_POINT('',(-0.0625419438000089,0.0659641839621429,0.0453201685068386));
#3386=CARTESIAN_POINT('',(-0.0661142066352441,0.0631790625131112,0.0421000000000007));
#3387=CARTESIAN_POINT('',(-0.0661142066352441,0.0631790625131112,0.0432685135980458));
#3388=CARTESIAN_POINT('',(-0.0638267492463018,0.0667430698546078,0.0452972834004626));
#3389=CARTESIAN_POINT('',(-0.0625419438000089,0.0667432319548514,0.0453065699958427));
#3390=CARTESIAN_POINT('',(-0.0661142066352441,0.0634051913685439,0.0421000000000007));
#3391=CARTESIAN_POINT('',(-0.0661142066352441,0.0634051913685439,0.0432659007078528));
#3392=CARTESIAN_POINT('',(-0.0638263837062859,0.0671325938970812,0.045290486787094));
#3393=CARTESIAN_POINT('',(-0.0625419438000089,0.0671327559512056,0.0452997707403448));
#3394=CARTESIAN_POINT('',(-0.0661142066352441,0.0636313202239766,0.0421000000000007));
#3395=CARTESIAN_POINT('',(-0.0661142066352441,0.0636313202239766,0.0432636304825261));
#3396=CARTESIAN_POINT('',(-0.0638263708680855,0.0675221178950552,0.0452836876243908));
#3397=CARTESIAN_POINT('',(-0.0625419438000089,0.0675222799475598,0.0452929714848469));
#3398=CARTESIAN_POINT('',(-0.0661142066352441,0.063365921133359,0.0421000000000007));
#3399=CARTESIAN_POINT('',(-0.0661142066352441,0.0633697208551009,0.0423176830681536));
#3400=CARTESIAN_POINT('',(-0.0659722727179016,0.0633769224923293,0.0427302591971416));
#3401=CARTESIAN_POINT('',(-0.0655199695026846,0.063389490696663,0.043450281732087));
#3402=CARTESIAN_POINT('',(-0.0647880525380311,0.0634031226015568,0.0442312428348886));
#3403=CARTESIAN_POINT('',(-0.0637718987425693,0.0634163743630585,0.0449904258220367));
#3404=CARTESIAN_POINT('',(-0.0629746509886717,0.0634228498203019,0.0453613996711838));
#3405=CARTESIAN_POINT('',(-0.0625419438000089,0.0634229044137354,0.0453645272860229));
#3406=CARTESIAN_POINT('',(-0.0661142066352441,0.0636313202239766,0.0421000000000007));
#3407=CARTESIAN_POINT('',(-0.0661142066352441,0.0636313202239766,0.0432636304825261));
#3408=CARTESIAN_POINT('',(-0.0638263708680855,0.0675221178950552,0.0452836876243908));
#3409=CARTESIAN_POINT('',(-0.0625419438000089,0.0675222799475598,0.0452929714848469));
#3410=CARTESIAN_POINT('',(-0.0711142066352442,0.0527771351632082,0.0421000000000007));
#3411=CARTESIAN_POINT('',(-0.0711142066352442,0.0527771351632082,0.0441827039305605));
#3412=CARTESIAN_POINT('',(-0.0655038846578497,0.0488631512219393,0.0477976491876399));
#3413=CARTESIAN_POINT('',(-0.0625578474437903,0.0488635229150633,0.0478189431941844));
#3414=CARTESIAN_POINT('',(-0.0710100399685775,0.0527771351632082,0.0421000000000007));
#3415=CARTESIAN_POINT('',(-0.0710100399685775,0.0527771351632082,0.0441674296008357));
#3416=CARTESIAN_POINT('',(-0.0654688335612053,0.0488623557109233,0.0477520749876136));
#3417=CARTESIAN_POINT('',(-0.0625575161178782,0.0488627230235527,0.0477731180390712));
#3418=CARTESIAN_POINT('',(-0.0709058733019108,0.0527771351632082,0.0421000000000007));
#3419=CARTESIAN_POINT('',(-0.0709058733019108,0.0527771351632082,0.0441519208840151));
#3420=CARTESIAN_POINT('',(-0.0654338405812749,0.0488615601925749,0.0477065003675186));
#3421=CARTESIAN_POINT('',(-0.062557184791966,0.0488619231320421,0.0477272928839579));
#3422=CARTESIAN_POINT('',(-0.0706975399685775,0.0527771351632082,0.0421000000000007));
#3423=CARTESIAN_POINT('',(-0.0706975399685775,0.0527771351632082,0.0441203763449097));
#3424=CARTESIAN_POINT('',(-0.0653639454431331,0.0488599691444193,0.0476153504708679));
#3425=CARTESIAN_POINT('',(-0.0625565221401418,0.048860323349021,0.0476356425737313));
#3426=CARTESIAN_POINT('',(-0.0705933733019108,0.0527771351632082,0.0421000000000007));
#3427=CARTESIAN_POINT('',(-0.0705933733019108,0.0527771351632082,0.0441043408264545));
#3428=CARTESIAN_POINT('',(-0.0653290432849217,0.0488591736146122,0.0475697751943121));
#3429=CARTESIAN_POINT('',(-0.0625561908142297,0.0488595234575104,0.047589817418618));
#3430=CARTESIAN_POINT('',(-0.0703850399685775,0.0527771351632082,0.0421000000000007));
#3431=CARTESIAN_POINT('',(-0.0703850399685775,0.0527771351632082,0.0440717496101614));
#3432=CARTESIAN_POINT('',(-0.0652593043785083,0.0488575825467454,0.0474786241684158));
#3433=CARTESIAN_POINT('',(-0.0625555281624055,0.0488579236744893,0.0474981671083915));
#3434=CARTESIAN_POINT('',(-0.0702808733019108,0.0527771351632082,0.0421000000000007));
#3435=CARTESIAN_POINT('',(-0.0702808733019108,0.0527771351632082,0.0440551949396011));
#3436=CARTESIAN_POINT('',(-0.0652244687169697,0.0488567870085485,0.0474330484112209));
#3437=CARTESIAN_POINT('',(-0.0625551968364934,0.0488571237829787,0.0474523419532782));
#3438=CARTESIAN_POINT('',(-0.0700725399685775,0.0527771351632082,0.0421000000000007));
#3439=CARTESIAN_POINT('',(-0.0700725399685775,0.0527771351632082,0.0440216240537492));
#3440=CARTESIAN_POINT('',(-0.0651548498272087,0.0488551959255395,0.0473418965178422));
#3441=CARTESIAN_POINT('',(-0.0625545341846692,0.0488555239999576,0.0473606916430517));
#3442=CARTESIAN_POINT('',(-0.0699683733019108,0.0527771351632082,0.0421000000000007));
#3443=CARTESIAN_POINT('',(-0.0699683733019108,0.0527771351632082,0.0440046093176682));
#3444=CARTESIAN_POINT('',(-0.0651200665989861,0.0488544003807274,0.0472963203816584));
#3445=CARTESIAN_POINT('',(-0.0625542028587571,0.048854724108447,0.0473148664879384));
#3446=CARTESIAN_POINT('',(-0.0696558733019108,0.0527771351632082,0.0421000000000007));
#3447=CARTESIAN_POINT('',(-0.0696558733019108,0.0527771351632082,0.0439530063941184));
#3448=CARTESIAN_POINT('',(-0.0650157728392618,0.0488520137392349,0.0471595915688806));
#3449=CARTESIAN_POINT('',(-0.0625532088810207,0.0488523244339153,0.0471773910225986));
#3450=CARTESIAN_POINT('',(-0.0694475399685775,0.0527771351632082,0.0421000000000007));
#3451=CARTESIAN_POINT('',(-0.0694475399685775,0.0527771351632082,0.0439178673844993));
#3452=CARTESIAN_POINT('',(-0.0649463289722426,0.0488504226341438,0.0470684384104346));
#3453=CARTESIAN_POINT('',(-0.0625525462291965,0.0488507246508941,0.047085740712372));
#3454=CARTESIAN_POINT('',(-0.0690308733019108,0.0527771351632082,0.0421000000000007));
#3455=CARTESIAN_POINT('',(-0.0690308733019108,0.0527771351632082,0.043846990991113));
#3456=CARTESIAN_POINT('',(-0.0648075432398952,0.0488472404110922,0.0468861313562726));
#3457=CARTESIAN_POINT('',(-0.0625512209255481,0.0488475250848519,0.0469024400919189));
#3458=CARTESIAN_POINT('',(-0.0688225399685775,0.0527771351632082,0.0421000000000007));
#3459=CARTESIAN_POINT('',(-0.0688225399685775,0.0527771351632082,0.0438112701592362));
#3460=CARTESIAN_POINT('',(-0.064738201374567,0.0488456492931319,0.0467949774605567));
#3461=CARTESIAN_POINT('',(-0.0625505582737238,0.0488459253018307,0.0468107897816924));
#3462=CARTESIAN_POINT('',(-0.0684058733019108,0.0527771351632082,0.0421000000000007));
#3463=CARTESIAN_POINT('',(-0.0684058733019108,0.0527771351632082,0.0437400597908266));
#3464=CARTESIAN_POINT('',(-0.064599551035032,0.0488424670529982,0.0466126694277732));
#3465=CARTESIAN_POINT('',(-0.0625492329700754,0.0488427257357885,0.0466274891612393));
#3466=CARTESIAN_POINT('',(-0.0681975399685775,0.0527771351632082,0.0421000000000007));
#3467=CARTESIAN_POINT('',(-0.0681975399685775,0.0527771351632082,0.0437045751542036));
#3468=CARTESIAN_POINT('',(-0.0645302454892094,0.0488408759304555,0.0465215152695392));
#3469=CARTESIAN_POINT('',(-0.0625485703182512,0.0488411259527673,0.0465358388510127));
#3470=CARTESIAN_POINT('',(-0.0677808733019108,0.0527771351632082,0.0421000000000007));
#3471=CARTESIAN_POINT('',(-0.0677808733019108,0.0527771351632082,0.043634361083049));
#3472=CARTESIAN_POINT('',(-0.0643915569444878,0.0488376936951421,0.0463392075129035));
#3473=CARTESIAN_POINT('',(-0.0625472450146027,0.048837926386725,0.0463525382305596));
#3474=CARTESIAN_POINT('',(-0.0675725399685775,0.0527771351632082,0.0421000000000007));
#3475=CARTESIAN_POINT('',(-0.0675725399685775,0.0527771351632082,0.0435996176104241));
#3476=CARTESIAN_POINT('',(-0.0643221729439607,0.0488361025824977,0.0462480539217415));
#3477=CARTESIAN_POINT('',(-0.0625465823627785,0.0488363266037039,0.0462608879203331));
#3478=CARTESIAN_POINT('',(-0.0672600399685775,0.0527771351632082,0.0421000000000007));
#3479=CARTESIAN_POINT('',(-0.0672600399685775,0.0527771351632082,0.0435482752124937));
#3480=CARTESIAN_POINT('',(-0.0642179254273945,0.0488337159351709,0.0461113247747173));
#3481=CARTESIAN_POINT('',(-0.0625455883850422,0.0488339269291722,0.0461234124549933));
#3482=CARTESIAN_POINT('',(-0.0671558733019108,0.0527771351632082,0.0421000000000007));
#3483=CARTESIAN_POINT('',(-0.0671558733019108,0.0527771351632082,0.0435312851627099));
#3484=CARTESIAN_POINT('',(-0.0641831456937188,0.0488329203899178,0.0460657486132749));
#3485=CARTESIAN_POINT('',(-0.0625452570591301,0.0488331270376616,0.04607758729988));
#3486=CARTESIAN_POINT('',(-0.0669475399685775,0.0527771351632082,0.0421000000000007));
#3487=CARTESIAN_POINT('',(-0.0669475399685775,0.0527771351632082,0.0434976098131889));
#3488=CARTESIAN_POINT('',(-0.0641135116856623,0.0488313293088163,0.0459745968291715));
#3489=CARTESIAN_POINT('',(-0.0625445944073059,0.0488315272546405,0.0459859369896534));
#3490=CARTESIAN_POINT('',(-0.0668433733019108,0.0527771351632082,0.0421000000000007));
#3491=CARTESIAN_POINT('',(-0.0668433733019108,0.0527771351632082,0.043480921530267));
#3492=CARTESIAN_POINT('',(-0.0640786574112814,0.0488305337729678,0.0459290212065105));
#3493=CARTESIAN_POINT('',(-0.0625442630813937,0.0488307273631299,0.0459401118345402));
#3494=CARTESIAN_POINT('',(-0.0666350399685775,0.0527771351632082,0.0421000000000007));
#3495=CARTESIAN_POINT('',(-0.0666350399685775,0.0527771351632082,0.0434479399852834));
#3496=CARTESIAN_POINT('',(-0.0640088609040829,0.0488289427123682,0.0458378705969537));
#3497=CARTESIAN_POINT('',(-0.0625436004295695,0.0488291275801088,0.0458484615243136));
#3498=CARTESIAN_POINT('',(-0.0665308733019108,0.0527771351632082,0.0421000000000007));
#3499=CARTESIAN_POINT('',(-0.0665308733019108,0.0527771351632082,0.0434316438326878));
#3500=CARTESIAN_POINT('',(-0.0639739151419655,0.0488281471880625,0.0457922956355676));
#3501=CARTESIAN_POINT('',(-0.0625432691036574,0.0488283276885982,0.0458026363692003));
#3502=CARTESIAN_POINT('',(-0.0663225399685775,0.0527771351632082,0.0421000000000007));
#3503=CARTESIAN_POINT('',(-0.0663225399685775,0.0527771351632082,0.0433996260851717));
#3504=CARTESIAN_POINT('',(-0.0639039456551646,0.0488265561492873,0.0457011462763102));
#3505=CARTESIAN_POINT('',(-0.0625426064518332,0.048826727905577,0.0457109860589738));
#3506=CARTESIAN_POINT('',(-0.0662183733019108,0.0527771351632082,0.0421000000000007));
#3507=CARTESIAN_POINT('',(-0.0662183733019108,0.0527771351632082,0.0433839027449057));
#3508=CARTESIAN_POINT('',(-0.063868921930481,0.0488257606348179,0.0456555718784389));
#3509=CARTESIAN_POINT('',(-0.0625422751259211,0.0488259280140665,0.0456651609038605));
#3510=CARTESIAN_POINT('',(-0.0661142066352441,0.0527771351632082,0.0421000000000007));
#3511=CARTESIAN_POINT('',(-0.0661142066352441,0.0527771351632082,0.0433686260195023));
#3512=CARTESIAN_POINT('',(-0.0638338677517493,0.0488249651241907,0.0456099977006899));
#3513=CARTESIAN_POINT('',(-0.0625419438000089,0.0488251281225559,0.0456193357487472));
#3514=CARTESIAN_POINT('',(-0.0661142066352441,0.0636313202239766,0.0421000000000007));
#3515=CARTESIAN_POINT('',(-0.0661142066352441,0.0636313202239766,0.0432636304825261));
#3516=CARTESIAN_POINT('',(-0.0638263708680855,0.0675221178950552,0.0452836876243908));
#3517=CARTESIAN_POINT('',(-0.0625419438000089,0.0675222799475598,0.0452929714848469));
#3518=CARTESIAN_POINT('',(-0.0662183733019108,0.0636313202239766,0.0421000000000007));
#3519=CARTESIAN_POINT('',(-0.0662183733019108,0.0636313202239766,0.0432789073914287));
#3520=CARTESIAN_POINT('',(-0.0638614250649858,0.06752291340568,0.0453292618020085));
#3521=CARTESIAN_POINT('',(-0.0625422751259211,0.0675230798390704,0.0453387966399601));
#3522=CARTESIAN_POINT('',(-0.0663225399685775,0.0636313202239766,0.0421000000000007));
#3523=CARTESIAN_POINT('',(-0.0663225399685775,0.0636313202239766,0.0432946493175203));
#3524=CARTESIAN_POINT('',(-0.063896455717667,0.0675237089192753,0.0453748361498041));
#3525=CARTESIAN_POINT('',(-0.0625426064518332,0.067523879730581,0.0453846217950734));
#3526=CARTESIAN_POINT('',(-0.0665308733019108,0.0636313202239766,0.0421000000000007));
#3527=CARTESIAN_POINT('',(-0.0665308733019108,0.0636313202239766,0.0433267163988928));
#3528=CARTESIAN_POINT('',(-0.0639664510133299,0.0675252999547943,0.0454659853225146));
#3529=CARTESIAN_POINT('',(-0.0625432691036574,0.0675254795136021,0.0454762721053));
#3530=CARTESIAN_POINT('',(-0.0666350399685775,0.0636313202239766,0.0421000000000007));
#3531=CARTESIAN_POINT('',(-0.0666350399685775,0.0636313202239766,0.0433430435580584));
#3532=CARTESIAN_POINT('',(-0.0640014156563116,0.0675260954767179,0.0455115601474294));
#3533=CARTESIAN_POINT('',(-0.0625436004295695,0.0675262794051127,0.0455220972604132));
#3534=CARTESIAN_POINT('',(-0.0668433733019108,0.0636313202239766,0.0421000000000007));
#3535=CARTESIAN_POINT('',(-0.0668433733019108,0.0636313202239766,0.0433760894527027));
#3536=CARTESIAN_POINT('',(-0.0640712600113145,0.0675276865312806,0.0456027104111416));
#3537=CARTESIAN_POINT('',(-0.0625442630813937,0.0675278791881338,0.0456137475706398));
#3538=CARTESIAN_POINT('',(-0.0669475399685775,0.0636313202239766,0.0421000000000007));
#3539=CARTESIAN_POINT('',(-0.0669475399685775,0.0636313202239766,0.0433928114214173));
#3540=CARTESIAN_POINT('',(-0.0641061432819493,0.0675284820634707,0.0456482858242171));
#3541=CARTESIAN_POINT('',(-0.0625445944073058,0.0675286790796444,0.045659572725753));
#3542=CARTESIAN_POINT('',(-0.0671558733019108,0.0636313202239766,0.0421000000000007));
#3543=CARTESIAN_POINT('',(-0.0671558733019108,0.0636313202239766,0.043426554945701));
#3544=CARTESIAN_POINT('',(-0.0641758437402037,0.0675300731361885,0.0457394371280174));
#3545=CARTESIAN_POINT('',(-0.06254525705913,0.0675302788626656,0.0457512230359796));
#3546=CARTESIAN_POINT('',(-0.0672600399685775,0.0636313202239766,0.0421000000000007));
#3547=CARTESIAN_POINT('',(-0.0672600399685775,0.0636313202239766,0.0434435797596597));
#3548=CARTESIAN_POINT('',(-0.0642106609278232,0.0675308686767161,0.0457850130187421));
#3549=CARTESIAN_POINT('',(-0.0625455883850421,0.0675310787541761,0.0457970481910929));
#3550=CARTESIAN_POINT('',(-0.0675725399685775,0.0636313202239766,0.0421000000000007));
#3551=CARTESIAN_POINT('',(-0.0675725399685775,0.0636313202239766,0.0434950295095305));
#3552=CARTESIAN_POINT('',(-0.0643150309622355,0.0675332553085852,0.0459217412802051));
#3553=CARTESIAN_POINT('',(-0.0625465823627785,0.0675334784287078,0.0459345236564327));
#3554=CARTESIAN_POINT('',(-0.0677808733019108,0.0636313202239766,0.0421000000000007));
#3555=CARTESIAN_POINT('',(-0.0677808733019108,0.0636313202239766,0.0435298503306722));
#3556=CARTESIAN_POINT('',(-0.0643845102237065,0.0675348464092107,0.0460128941828195));
#3557=CARTESIAN_POINT('',(-0.0625472450146027,0.067535078211729,0.0460261739666593));
#3558=CARTESIAN_POINT('',(-0.0681975399685775,0.0636313202239766,0.0421000000000007));
#3559=CARTESIAN_POINT('',(-0.0681975399685775,0.0636313202239766,0.0436002420437137));
#3560=CARTESIAN_POINT('',(-0.0645234030338068,0.0675380286187525,0.0461952004630216));
#3561=CARTESIAN_POINT('',(-0.0625485703182511,0.0675382777777713,0.0462094745871124));
#3562=CARTESIAN_POINT('',(-0.0684058733019108,0.0636313202239766,0.0421000000000007));
#3563=CARTESIAN_POINT('',(-0.0684058733019108,0.0636313202239766,0.0436358276557858));
#3564=CARTESIAN_POINT('',(-0.0645928175783093,0.0675396197275432,0.0462863538334113));
#3565=CARTESIAN_POINT('',(-0.0625492329700754,0.0675398775607924,0.0463011248973389));
#3566=CARTESIAN_POINT('',(-0.0688225399685775,0.0636313202239766,0.0421000000000007));
#3567=CARTESIAN_POINT('',(-0.0688225399685775,0.0636313202239766,0.0437072562552755));
#3568=CARTESIAN_POINT('',(-0.064731686053317,0.0675428019401553,0.0464686602895079));
#3569=CARTESIAN_POINT('',(-0.0625505582737238,0.0675430771268347,0.046484425517792));
#3570=CARTESIAN_POINT('',(-0.0690308733019109,0.0636313202239766,0.0421000000000007));
#3571=CARTESIAN_POINT('',(-0.0690308733019109,0.0636313202239766,0.0437430936619451));
#3572=CARTESIAN_POINT('',(-0.0648011370280992,0.0675443930443497,0.0465598133965789));
#3573=CARTESIAN_POINT('',(-0.062551220925548,0.0675446769098558,0.0465760758280186));
#3574=CARTESIAN_POINT('',(-0.0694475399685775,0.0636313202239766,0.0421000000000007));
#3575=CARTESIAN_POINT('',(-0.0694475399685775,0.0636313202239766,0.0438141922394054));
#3576=CARTESIAN_POINT('',(-0.0649401273498906,0.0675475752415887,0.0467421189719649));
#3577=CARTESIAN_POINT('',(-0.0625525462291965,0.0675478764758981,0.0467593764484717));
#3578=CARTESIAN_POINT('',(-0.0696558733019109,0.0636313202239766,0.0421000000000007));
#3579=CARTESIAN_POINT('',(-0.0696558733019109,0.0636313202239766,0.0438494358088913));
#3580=CARTESIAN_POINT('',(-0.0650096666968999,0.0675491663346334,0.04683327144028));
#3581=CARTESIAN_POINT('',(-0.0625532088810207,0.0675494762589192,0.0468510267586982));
#3582=CARTESIAN_POINT('',(-0.0699683733019109,0.0636313202239766,0.0421000000000007));
#3583=CARTESIAN_POINT('',(-0.0699683733019109,0.0636313202239766,0.0439011655480233));
#3584=CARTESIAN_POINT('',(-0.065114083169837,0.0675515529606435,0.0469699993660846));
#3585=CARTESIAN_POINT('',(-0.062554202858757,0.0675518759334509,0.0469885022240381));
#3586=CARTESIAN_POINT('',(-0.0700725399685775,0.0636313202239766,0.0421000000000007));
#3587=CARTESIAN_POINT('',(-0.0700725399685775,0.0636313202239766,0.0439182174977078));
#3588=CARTESIAN_POINT('',(-0.0651489038821221,0.0675523485007264,0.047015575231333));
#3589=CARTESIAN_POINT('',(-0.0625545341846692,0.0675526758249615,0.0470343273791513));
#3590=CARTESIAN_POINT('',(-0.0702808733019108,0.0636313202239766,0.0421000000000007));
#3591=CARTESIAN_POINT('',(-0.0702808733019108,0.0636313202239766,0.0439518508305868));
#3592=CARTESIAN_POINT('',(-0.065218589202618,0.0675539395753541,0.0471067266445492));
#3593=CARTESIAN_POINT('',(-0.0625551968364934,0.0675542756079827,0.0471259776893779));
#3594=CARTESIAN_POINT('',(-0.0703850399685775,0.0636313202239766,0.0421000000000007));
#3595=CARTESIAN_POINT('',(-0.0703850399685775,0.0636313202239766,0.0439684306709775));
#3596=CARTESIAN_POINT('',(-0.0652534538108287,0.0675547351098988,0.047152302192517));
#3597=CARTESIAN_POINT('',(-0.0625555281624055,0.0675550754994932,0.0471718028444912));
#3598=CARTESIAN_POINT('',(-0.0705933733019108,0.0636313202239766,0.0421000000000007));
#3599=CARTESIAN_POINT('',(-0.0705933733019108,0.0636313202239766,0.0440010598534829));
#3600=CARTESIAN_POINT('',(-0.0653232403764893,0.0675563261717526,0.0472434528739315));
#3601=CARTESIAN_POINT('',(-0.0625561908142297,0.0675566752825144,0.0472634531547177));
#3602=CARTESIAN_POINT('',(-0.0706975399685775,0.0636313202239766,0.0421000000000007));
#3603=CARTESIAN_POINT('',(-0.0706975399685775,0.0636313202239766,0.0440171081262901));
#3604=CARTESIAN_POINT('',(-0.065358161246128,0.0675571216991989,0.0472890280152408));
#3605=CARTESIAN_POINT('',(-0.0625565221401418,0.0675574751740249,0.047309278309831));
#3606=CARTESIAN_POINT('',(-0.0709058733019108,0.0636313202239766,0.0421000000000007));
#3607=CARTESIAN_POINT('',(-0.0709058733019108,0.0636313202239766,0.0440486679191825));
#3608=CARTESIAN_POINT('',(-0.0654280818918221,0.0675587127441363,0.0473801777275225));
#3609=CARTESIAN_POINT('',(-0.062557184791966,0.0675590749570461,0.0474009286200575));
#3610=CARTESIAN_POINT('',(-0.0710100399685775,0.0636313202239766,0.0421000000000007));
#3611=CARTESIAN_POINT('',(-0.0710100399685775,0.0636313202239766,0.0440641791308413));
#3612=CARTESIAN_POINT('',(-0.0654630816678774,0.0675595082616272,0.047425752298495));
#3613=CARTESIAN_POINT('',(-0.0625575161178782,0.0675598748485566,0.0474467537751708));
#3614=CARTESIAN_POINT('',(-0.0711142066352442,0.0636313202239766,0.0421000000000007));
#3615=CARTESIAN_POINT('',(-0.0711142066352442,0.0636313202239766,0.0440794534285352));
#3616=CARTESIAN_POINT('',(-0.0654981327635408,0.0675603037726433,0.0474713264985284));
#3617=CARTESIAN_POINT('',(-0.0625578474437903,0.0675606747400672,0.0474925789302841));
#3618=CARTESIAN_POINT('',(-0.0683171460730245,0.0653829330563626,0.0452885584339026));
#3619=CARTESIAN_POINT('',(-0.0682908300705031,0.0653883727487345,0.0452886537529425));
#3620=CARTESIAN_POINT('',(-0.0682645228598167,0.0653938546439849,0.0452887482717465));
#3621=CARTESIAN_POINT('',(-0.0682382246187857,0.0653993795956938,0.0452888419741402));
#3622=CARTESIAN_POINT('',(-0.068637250744494,0.0651982426915675,0.0450713507734613));
#3623=CARTESIAN_POINT('',(-0.0686371057336483,0.0651869460116182,0.0450514856321202));
#3624=CARTESIAN_POINT('',(-0.0686369609140154,0.0651756025380723,0.0450316477778602));
#3625=CARTESIAN_POINT('',(-0.068636816280129,0.0651642136640073,0.0450118363983245));
#3626=CARTESIAN_POINT('',(-0.0624676998415046,0.0633619116220045,0.0418702982500502));
#3627=CARTESIAN_POINT('',(-0.0624676998415046,0.0528635108646493,0.0420535509115985));
#3628=CARTESIAN_POINT('',(-0.0624929664426108,0.077920702115131,0.0451118180959051));
#3629=CARTESIAN_POINT('',(-0.0686135606146507,0.0778589277383181,0.0415728126657088));
#3630=CARTESIAN_POINT('',(-0.0397623153931568,0.0442606330993506,0.0762706847601581));
#3631=CARTESIAN_POINT('',(-0.0592458722089085,0.044258174914483,0.0742020189043705));
#3632=CARTESIAN_POINT('',(-0.0552479766728446,0.0442586793175754,0.0742309157605619));
#3633=CARTESIAN_POINT('',(-0.0551874123186488,0.0442586869588074,0.0658518047758248));
#3634=CARTESIAN_POINT('',(-0.039800192035769,0.0779760661937579,0.0809224257943629));
#3635=CARTESIAN_POINT('',(-0.113510039233399,0.0636313202239766,0.0421000000000007));
#3636=CARTESIAN_POINT('',(-0.113510039233399,0.0636313202239766,0.0421000000000007));
#3637=CARTESIAN_POINT('',(-0.113510039233399,0.0636313202239766,0.0481000000000007));
#3638=CARTESIAN_POINT('',(-0.107794483253625,0.0636313202239766,0.0481000000000007));
#3639=CARTESIAN_POINT('',(-0.0977964832536252,0.0636313202239766,0.0451000000000007));
#3640=CARTESIAN_POINT('',(-0.113510039233399,0.0527771351632081,0.0421000000000007));
#3641=CARTESIAN_POINT('',(-0.0977964832536252,0.0527771351632081,0.0451000000000007));
#3642=CARTESIAN_POINT('',(-0.107794483253625,0.0527771351632081,0.0481000000000007));
#3643=CARTESIAN_POINT('',(-0.113510039233399,0.0527771351632081,0.0481000000000007));
#3644=CARTESIAN_POINT('',(-0.113510039233399,0.0527771351632081,0.0421000000000007));
#3645=CARTESIAN_POINT('',(-0.113510039233399,0.0777771351632081,0.0421000000000007));
#3646=CARTESIAN_POINT('',(-0.113510039233399,0.0636333202239766,0.0481000000000007));
#3647=CARTESIAN_POINT('',(-0.107794483253625,0.0636333202239766,0.0481000000000007));
#3648=CARTESIAN_POINT('',(-0.107794483253625,0.0582042276935924,0.0481000000000007));
#3649=CARTESIAN_POINT('',(-0.107794483253625,0.0559542276935924,0.0481000000000007));
#3650=CARTESIAN_POINT('',(-0.0841100392333959,0.0582042276935923,0.0451000000000007));
#3651=CARTESIAN_POINT('',(-0.084110480846406,0.0512042258344225,0.0451000000000007));
#3652=CARTESIAN_POINT('',(-0.084110480846406,0.0484542258344225,0.0451000000000007));
#3653=CARTESIAN_POINT('',(-0.0841095976203858,0.0652042295527622,0.0451000000000007));
#3654=CARTESIAN_POINT('',(-0.0841095976203858,0.0624542295527622,0.0451000000000007));
#3655=CARTESIAN_POINT('',(-0.077110037374226,0.0582037860805822,0.0451000000000007));
#3656=CARTESIAN_POINT('',(-0.077110037374226,0.0554537860805822,0.0451000000000007));
#3657=CARTESIAN_POINT('',(-0.0911100410925657,0.0582046693066025,0.0451000000000007));
#3658=CARTESIAN_POINT('',(-0.0911100410925657,0.0554546693066025,0.0451000000000007));
#3659=CARTESIAN_POINT('',(-0.0911100410925657,0.0582046693066025,0.0421000000000007));
#3660=CARTESIAN_POINT('',(-0.0911100410925657,0.0582046693066025,0.0421000000000007));
#3661=CARTESIAN_POINT('',(-0.0911100410925657,0.0554546693066025,0.0421000000000007));
#3662=CARTESIAN_POINT('',(-0.0844543449444347,0.0582042276935924,0.0421000000000007));
#3663=CARTESIAN_POINT('',(-0.077110037374226,0.0582037860805822,0.0421000000000007));
#3664=CARTESIAN_POINT('',(-0.077110037374226,0.0582037860805822,0.0421000000000007));
#3665=CARTESIAN_POINT('',(-0.077110037374226,0.0554537860805822,0.0421000000000007));
#3666=CARTESIAN_POINT('',(-0.0844543449444347,0.0582042276935924,0.0421000000000007));
#3667=CARTESIAN_POINT('',(-0.0841095976203858,0.0652042295527622,0.0421000000000007));
#3668=CARTESIAN_POINT('',(-0.0841095976203858,0.0652042295527622,0.0421000000000007));
#3669=CARTESIAN_POINT('',(-0.0841095976203858,0.0624542295527622,0.0421000000000007));
#3670=CARTESIAN_POINT('',(-0.0844543449444347,0.0582042276935924,0.0421000000000007));
#3671=CARTESIAN_POINT('',(-0.084110480846406,0.0512042258344225,0.0421000000000007));
#3672=CARTESIAN_POINT('',(-0.084110480846406,0.0512042258344225,0.0421000000000007));
#3673=CARTESIAN_POINT('',(-0.084110480846406,0.0484542258344225,0.0421000000000007));
#3674=CARTESIAN_POINT('',(-0.0844543449444347,0.0582042276935924,0.0421000000000007));
#3675=CARTESIAN_POINT('',(-0.107794483253625,0.0582042276935924,0.0391000000000007));
#3676=CARTESIAN_POINT('',(-0.107794483253625,0.0582042276935924,0.0426000000000007));
#3677=CARTESIAN_POINT('',(-0.107794483253625,0.0559542276935924,0.0426000000000007));
#3678=CARTESIAN_POINT('',(-0.103669483253625,0.0582042276935924,0.0426000000000007));
#3679=CARTESIAN_POINT('',(-0.107794483253625,0.0582042276935924,0.0426000000000007));
#3680=CARTESIAN_POINT('',(-0.107794483253625,0.0540792276935924,0.0426000000000007));
#3681=CARTESIAN_POINT('',(-0.107794483253625,0.0582042276935924,0.0391000000000007));
#3682=CARTESIAN_POINT('',(-0.0592450554739785,0.0377847393236443,0.0742020189043705));
#3683=CARTESIAN_POINT('',(-0.0592442387390486,0.0313113037328056,0.0742020189043705));
#3684=CARTESIAN_POINT('',(-0.0552463432029847,0.031311808135898,0.0742309157605619));
#3685=CARTESIAN_POINT('',(-0.0552471599379146,0.0377852437267367,0.0742309157605619));
#3686=CARTESIAN_POINT('',(-0.0591289511305325,0.0375319848174056,0.0581433326877216));
#3687=CARTESIAN_POINT('',(-0.0551310555944686,0.037532489220498,0.0581722295439131));
#3688=CARTESIAN_POINT('',(-0.0551310555944686,0.0260342407719662,0.0583729348398945));
#3689=CARTESIAN_POINT('',(-0.0591289511305325,0.0260337363688738,0.0583440379837031));
#3690=CARTESIAN_POINT('',(-0.0591289511305325,0.0792456304932968,0.0574152087791696));
#3691=CARTESIAN_POINT('',(-0.0591289511305325,0.0907438789418286,0.0572145034831881));
#3692=CARTESIAN_POINT('',(-0.0551310555944686,0.090744383344921,0.0572434003393795));
#3693=CARTESIAN_POINT('',(-0.0551310555944686,0.0792461348963892,0.057444105635361));
#3694=CARTESIAN_POINT('',(-0.0592451970359486,0.0795002312308349,0.0734934479437121));
#3695=CARTESIAN_POINT('',(-0.0552473014998847,0.0795007356339273,0.0735223447999036));
#3696=CARTESIAN_POINT('',(-0.0552481249979046,0.086027775430547,0.0735223447999036));
#3697=CARTESIAN_POINT('',(-0.0592460205339685,0.0860272710274546,0.0734934479437121));
#3698=CARTESIAN_POINT('',(-0.0592460205339685,0.091026509483338,0.0734061847715462));
#3699=CARTESIAN_POINT('',(-0.0552481249979046,0.0910270138864305,0.0734350816277377));
#3700=CARTESIAN_POINT('',(-0.0552481249979046,0.0910270138864305,0.0734350816277377));
#3701=CARTESIAN_POINT('',(-0.0592460205339685,0.091026509483338,0.0734061847715462));
#3702=CARTESIAN_POINT('',(-0.0591874858322505,0.0908851942125833,0.0653103441273672));
#3703=CARTESIAN_POINT('',(-0.0551895902961866,0.0908856986156758,0.0653392409835586));
#3704=CARTESIAN_POINT('',(-0.0592442387390486,0.0263120652769222,0.0742892820765363));
#3705=CARTESIAN_POINT('',(-0.0592442387390486,0.0263120652769222,0.0742892820765363));
#3706=CARTESIAN_POINT('',(-0.0552463432029847,0.0263125696800146,0.0743181789327278));
#3707=CARTESIAN_POINT('',(-0.0552463432029847,0.0263125696800146,0.0743181789327278));
#3708=CARTESIAN_POINT('',(-0.0591865949347905,0.026172900822898,0.0663166600301197));
#3709=CARTESIAN_POINT('',(-0.0551886993987266,0.0261734052259904,0.0663455568863112));
#3710=CARTESIAN_POINT('',(-0.0551892127546429,0.0585289306033141,0.0658518047758248));
#3711=CARTESIAN_POINT('',(-0.0551898171712261,0.0350328625787755,0.0663455568863112));
#3712=CARTESIAN_POINT('',(-0.055219631961806,0.0350328625787755,0.0704704491368146));
#3713=CARTESIAN_POINT('',(-0.0551892127546429,0.0585289306033141,0.0658518047758248));
#3714=CARTESIAN_POINT('',(-0.0551895902961866,0.0824297008191511,0.0654868429029438));
#3715=CARTESIAN_POINT('',(-0.0552194050867665,0.0824297008191511,0.0696117351534472));
#3716=CARTESIAN_POINT('',(-0.0551895902961866,0.0824297008191511,0.0654868429029438));
#3717=CARTESIAN_POINT('',(-0.0591894857799924,0.0824291961637309,0.0654579315910964));
#3718=CARTESIAN_POINT('',(-0.059205748393036,0.0824291961637309,0.0677078728186437));
#3719=CARTESIAN_POINT('',(-0.0591596664479024,0.0823572059277796,0.0613336676309016));
#3720=CARTESIAN_POINT('',(-0.0591894857799924,0.0824291961637309,0.0654579315910964));
#3721=CARTESIAN_POINT('',(-0.0592193005705723,0.0824291961637309,0.0695828238415998));
#3722=CARTESIAN_POINT('',(-0.0551895902961866,0.0824297008191511,0.0654868429029438));
#3723=CARTESIAN_POINT('',(-0.0551898171712261,0.0350328625787755,0.0663455568863112));
#3724=CARTESIAN_POINT('',(-0.0591897126550319,0.0350323579233554,0.0663166455744639));
#3725=CARTESIAN_POINT('',(-0.0592059752680755,0.0350323579233554,0.0685665868020112));
#3726=CARTESIAN_POINT('',(-0.0591598933229419,0.0349603676874041,0.0621923816142691));
#3727=CARTESIAN_POINT('',(-0.0591897126550319,0.0350323579233554,0.0663166455744639));
#3728=CARTESIAN_POINT('',(-0.0592195274456118,0.0350323579233554,0.0704415378249672));
#3729=CARTESIAN_POINT('',(-0.0551898171712261,0.0350328625787755,0.0663455568863112));
#3730=MECHANICAL_DESIGN_GEOMETRIC_PRESENTATION_REPRESENTATION('',(#1799),
#3731);
#3731=(
GEOMETRIC_REPRESENTATION_CONTEXT(3)
GLOBAL_UNCERTAINTY_ASSIGNED_CONTEXT((#3732))
GLOBAL_UNIT_ASSIGNED_CONTEXT((#3735,#3734,#3733))
REPRESENTATION_CONTEXT('Link5 Follower','TOP_LEVEL_ASSEMBLY_PART')
);
#3732=UNCERTAINTY_MEASURE_WITH_UNIT(LENGTH_MEASURE(2.E-5),#3735,
'DISTANCE_ACCURACY_VALUE','Maximum Tolerance applied to model');
#3733=(
NAMED_UNIT(*)
SI_UNIT($,.STERADIAN.)
SOLID_ANGLE_UNIT()
);
#3734=(
NAMED_UNIT(*)
PLANE_ANGLE_UNIT()
SI_UNIT($,.RADIAN.)
);
#3735=(
LENGTH_UNIT()
NAMED_UNIT(*)
SI_UNIT($,.METRE.)
);
#3736=PRODUCT_DEFINITION_SHAPE('','',#3737);
#3737=PRODUCT_DEFINITION('','',#3739,#3738);
#3738=PRODUCT_DEFINITION_CONTEXT('',#3745,'design');
#3739=PRODUCT_DEFINITION_FORMATION_WITH_SPECIFIED_SOURCE('','',#3741,
 .NOT_KNOWN.);
#3740=PRODUCT_RELATED_PRODUCT_CATEGORY('','',(#3741));
#3741=PRODUCT('Link5 Follower','Link5 Follower','Link5 Follower',(#3743));
#3742=PRODUCT_CATEGORY('','');
#3743=PRODUCT_CONTEXT('',#3745,'mechanical');
#3744=APPLICATION_PROTOCOL_DEFINITION('international standard',
'ap242_managed_model_based_3d_engineering',2020,#3745);
#3745=APPLICATION_CONTEXT('managed model based 3d engineering');
ENDSEC;
END-ISO-10303-21;
