ISO-10303-21;
HEADER;
/* Generated by software containing ST-Developer
 * from STEP Tools, Inc. (www.steptools.com) 
 */
/* OPTION: using custom renumber hook */

FILE_DESCRIPTION(
/* description */ ('STEP AP242 Edition 2',
'CAx-IF Rec.Pracs.---Representation and Presentation of Product Manufa
cturing Information (PMI)---4.0---2014-10-13',
'CAx-IF Rec.Pracs.---3D Tessellated Geometry---0.4---2014-09-14','2;1',
'CAx-IF Rec.Pracs.---User Defined Attributes---1.5---2016-08-15'),
/* implementation_level */ '2;1');

FILE_NAME(
/* name */ 'Hexarm - Follower - Link 4 Follower',
/* time_stamp */ '2026-08-09T23:35:34Z',
/* author */ (''),
/* organization */ (''),
/* preprocessor_version */ 'ST-DEVELOPER v20',
/* originating_system */ 'ONSHAPE BY PTC INC, 1.219',
/* authorisation */ '  ');

FILE_SCHEMA (('AP242_MANAGED_MODEL_BASED_3D_ENGINEERING_MIM_LF { 1 0 10303 442 3 1 4 }'));
ENDSEC;

DATA;
#10=SHAPE_REPRESENTATION_RELATIONSHIP('','',#1482,#11);
#11=ADVANCED_BREP_SHAPE_REPRESENTATION('',(#1480),#2412);
#12=CYLINDRICAL_SURFACE('',#1505,0.001);
#13=CYLINDRICAL_SURFACE('',#1509,0.002);
#14=CYLINDRICAL_SURFACE('',#1510,0.001);
#15=CYLINDRICAL_SURFACE('',#1514,0.002);
#16=CYLINDRICAL_SURFACE('',#1531,0.003525000000003);
#17=CYLINDRICAL_SURFACE('',#1564,0.0015);
#18=CYLINDRICAL_SURFACE('',#1568,0.0027);
#19=CYLINDRICAL_SURFACE('',#1569,0.0015);
#20=CYLINDRICAL_SURFACE('',#1573,0.0027);
#21=CYLINDRICAL_SURFACE('',#1574,0.0015);
#22=CYLINDRICAL_SURFACE('',#1578,0.0027);
#23=CYLINDRICAL_SURFACE('',#1579,0.0015);
#24=CYLINDRICAL_SURFACE('',#1583,0.0027);
#25=CYLINDRICAL_SURFACE('',#1590,0.0015);
#26=CYLINDRICAL_SURFACE('',#1594,0.0027);
#27=CYLINDRICAL_SURFACE('',#1595,0.0015);
#28=CYLINDRICAL_SURFACE('',#1599,0.0027);
#29=CYLINDRICAL_SURFACE('',#1600,0.0015);
#30=CYLINDRICAL_SURFACE('',#1604,0.0027);
#31=CYLINDRICAL_SURFACE('',#1605,0.0015);
#32=CYLINDRICAL_SURFACE('',#1609,0.0027);
#33=CIRCLE('',#1491,0.001);
#34=CIRCLE('',#1493,0.001);
#35=CIRCLE('',#1497,0.002);
#36=CIRCLE('',#1498,0.002);
#37=CIRCLE('',#1506,0.001);
#38=CIRCLE('',#1508,0.002);
#39=CIRCLE('',#1511,0.001);
#40=CIRCLE('',#1513,0.002);
#41=CIRCLE('',#1527,0.0015);
#42=CIRCLE('',#1528,0.0015);
#43=CIRCLE('',#1529,0.0015);
#44=CIRCLE('',#1530,0.0015);
#45=CIRCLE('',#1532,0.003525000000003);
#46=CIRCLE('',#1533,0.003525000000003);
#47=CIRCLE('',#1536,0.0015);
#48=CIRCLE('',#1537,0.0015);
#49=CIRCLE('',#1538,0.0015);
#50=CIRCLE('',#1539,0.0015);
#51=CIRCLE('',#1547,0.0027);
#52=CIRCLE('',#1548,0.0027);
#53=CIRCLE('',#1549,0.0027);
#54=CIRCLE('',#1550,0.0027);
#55=CIRCLE('',#1552,0.0027);
#56=CIRCLE('',#1553,0.0027);
#57=CIRCLE('',#1554,0.0027);
#58=CIRCLE('',#1555,0.0027);
#59=CIRCLE('',#1565,0.0015);
#60=CIRCLE('',#1567,0.0027);
#61=CIRCLE('',#1570,0.0015);
#62=CIRCLE('',#1572,0.0027);
#63=CIRCLE('',#1575,0.0015);
#64=CIRCLE('',#1577,0.0027);
#65=CIRCLE('',#1580,0.0015);
#66=CIRCLE('',#1582,0.0027);
#67=CIRCLE('',#1591,0.0015);
#68=CIRCLE('',#1593,0.0027);
#69=CIRCLE('',#1596,0.0015);
#70=CIRCLE('',#1598,0.0027);
#71=CIRCLE('',#1601,0.0015);
#72=CIRCLE('',#1603,0.0027);
#73=CIRCLE('',#1606,0.0015);
#74=CIRCLE('',#1608,0.0027);
#75=ORIENTED_EDGE('',*,*,#445,.F.);
#76=ORIENTED_EDGE('',*,*,#446,.T.);
#77=ORIENTED_EDGE('',*,*,#447,.T.);
#78=ORIENTED_EDGE('',*,*,#448,.F.);
#79=ORIENTED_EDGE('',*,*,#449,.T.);
#80=ORIENTED_EDGE('',*,*,#450,.T.);
#81=ORIENTED_EDGE('',*,*,#451,.F.);
#82=ORIENTED_EDGE('',*,*,#452,.F.);
#83=ORIENTED_EDGE('',*,*,#453,.T.);
#84=ORIENTED_EDGE('',*,*,#454,.T.);
#85=ORIENTED_EDGE('',*,*,#455,.T.);
#86=ORIENTED_EDGE('',*,*,#456,.F.);
#87=ORIENTED_EDGE('',*,*,#457,.T.);
#88=ORIENTED_EDGE('',*,*,#458,.T.);
#89=ORIENTED_EDGE('',*,*,#459,.T.);
#90=ORIENTED_EDGE('',*,*,#460,.T.);
#91=ORIENTED_EDGE('',*,*,#461,.F.);
#92=ORIENTED_EDGE('',*,*,#449,.F.);
#93=ORIENTED_EDGE('',*,*,#462,.F.);
#94=ORIENTED_EDGE('',*,*,#463,.T.);
#95=ORIENTED_EDGE('',*,*,#464,.T.);
#96=ORIENTED_EDGE('',*,*,#465,.F.);
#97=ORIENTED_EDGE('',*,*,#466,.F.);
#98=ORIENTED_EDGE('',*,*,#467,.F.);
#99=ORIENTED_EDGE('',*,*,#468,.T.);
#100=ORIENTED_EDGE('',*,*,#469,.T.);
#101=ORIENTED_EDGE('',*,*,#470,.F.);
#102=ORIENTED_EDGE('',*,*,#471,.F.);
#103=ORIENTED_EDGE('',*,*,#472,.F.);
#104=ORIENTED_EDGE('',*,*,#473,.T.);
#105=ORIENTED_EDGE('',*,*,#474,.T.);
#106=ORIENTED_EDGE('',*,*,#475,.F.);
#107=ORIENTED_EDGE('',*,*,#476,.F.);
#108=ORIENTED_EDGE('',*,*,#477,.F.);
#109=ORIENTED_EDGE('',*,*,#478,.F.);
#110=ORIENTED_EDGE('',*,*,#479,.T.);
#111=ORIENTED_EDGE('',*,*,#480,.T.);
#112=ORIENTED_EDGE('',*,*,#481,.T.);
#113=ORIENTED_EDGE('',*,*,#482,.F.);
#114=ORIENTED_EDGE('',*,*,#483,.F.);
#115=ORIENTED_EDGE('',*,*,#484,.T.);
#116=ORIENTED_EDGE('',*,*,#485,.F.);
#117=ORIENTED_EDGE('',*,*,#466,.T.);
#118=ORIENTED_EDGE('',*,*,#486,.T.);
#119=ORIENTED_EDGE('',*,*,#487,.T.);
#120=ORIENTED_EDGE('',*,*,#488,.F.);
#121=ORIENTED_EDGE('',*,*,#470,.T.);
#122=ORIENTED_EDGE('',*,*,#489,.T.);
#123=ORIENTED_EDGE('',*,*,#490,.F.);
#124=ORIENTED_EDGE('',*,*,#491,.T.);
#125=ORIENTED_EDGE('',*,*,#479,.F.);
#126=ORIENTED_EDGE('',*,*,#492,.F.);
#127=ORIENTED_EDGE('',*,*,#463,.F.);
#128=ORIENTED_EDGE('',*,*,#493,.F.);
#129=ORIENTED_EDGE('',*,*,#494,.F.);
#130=ORIENTED_EDGE('',*,*,#495,.F.);
#131=ORIENTED_EDGE('',*,*,#496,.T.);
#132=ORIENTED_EDGE('',*,*,#497,.T.);
#133=ORIENTED_EDGE('',*,*,#498,.F.);
#134=ORIENTED_EDGE('',*,*,#499,.F.);
#135=ORIENTED_EDGE('',*,*,#500,.F.);
#136=ORIENTED_EDGE('',*,*,#501,.T.);
#137=ORIENTED_EDGE('',*,*,#502,.T.);
#138=ORIENTED_EDGE('',*,*,#486,.F.);
#139=ORIENTED_EDGE('',*,*,#503,.F.);
#140=ORIENTED_EDGE('',*,*,#504,.F.);
#141=ORIENTED_EDGE('',*,*,#505,.F.);
#142=ORIENTED_EDGE('',*,*,#497,.F.);
#143=ORIENTED_EDGE('',*,*,#506,.T.);
#144=ORIENTED_EDGE('',*,*,#507,.T.);
#145=ORIENTED_EDGE('',*,*,#487,.F.);
#146=ORIENTED_EDGE('',*,*,#502,.F.);
#147=ORIENTED_EDGE('',*,*,#508,.T.);
#148=ORIENTED_EDGE('',*,*,#509,.F.);
#149=ORIENTED_EDGE('',*,*,#471,.T.);
#150=ORIENTED_EDGE('',*,*,#488,.T.);
#151=ORIENTED_EDGE('',*,*,#507,.F.);
#152=ORIENTED_EDGE('',*,*,#510,.F.);
#153=ORIENTED_EDGE('',*,*,#475,.T.);
#154=ORIENTED_EDGE('',*,*,#511,.T.);
#155=ORIENTED_EDGE('',*,*,#512,.F.);
#156=ORIENTED_EDGE('',*,*,#513,.F.);
#157=ORIENTED_EDGE('',*,*,#514,.T.);
#158=ORIENTED_EDGE('',*,*,#464,.F.);
#159=ORIENTED_EDGE('',*,*,#492,.T.);
#160=ORIENTED_EDGE('',*,*,#484,.F.);
#161=ORIENTED_EDGE('',*,*,#515,.T.);
#162=ORIENTED_EDGE('',*,*,#478,.T.);
#163=ORIENTED_EDGE('',*,*,#516,.T.);
#164=ORIENTED_EDGE('',*,*,#517,.T.);
#165=ORIENTED_EDGE('',*,*,#518,.T.);
#166=ORIENTED_EDGE('',*,*,#519,.T.);
#167=ORIENTED_EDGE('',*,*,#520,.T.);
#168=ORIENTED_EDGE('',*,*,#498,.T.);
#169=ORIENTED_EDGE('',*,*,#505,.T.);
#170=ORIENTED_EDGE('',*,*,#521,.F.);
#171=ORIENTED_EDGE('',*,*,#522,.F.);
#172=ORIENTED_EDGE('',*,*,#508,.F.);
#173=ORIENTED_EDGE('',*,*,#501,.F.);
#174=ORIENTED_EDGE('',*,*,#476,.T.);
#175=ORIENTED_EDGE('',*,*,#510,.T.);
#176=ORIENTED_EDGE('',*,*,#506,.F.);
#177=ORIENTED_EDGE('',*,*,#496,.F.);
#178=ORIENTED_EDGE('',*,*,#483,.T.);
#179=ORIENTED_EDGE('',*,*,#523,.F.);
#180=ORIENTED_EDGE('',*,*,#458,.F.);
#181=ORIENTED_EDGE('',*,*,#515,.F.);
#182=ORIENTED_EDGE('',*,*,#503,.T.);
#183=ORIENTED_EDGE('',*,*,#465,.T.);
#184=ORIENTED_EDGE('',*,*,#514,.F.);
#185=ORIENTED_EDGE('',*,*,#524,.T.);
#186=ORIENTED_EDGE('',*,*,#495,.T.);
#187=ORIENTED_EDGE('',*,*,#525,.F.);
#188=ORIENTED_EDGE('',*,*,#516,.F.);
#189=ORIENTED_EDGE('',*,*,#477,.T.);
#190=ORIENTED_EDGE('',*,*,#526,.F.);
#191=ORIENTED_EDGE('',*,*,#499,.T.);
#192=ORIENTED_EDGE('',*,*,#526,.T.);
#193=ORIENTED_EDGE('',*,*,#527,.F.);
#194=ORIENTED_EDGE('',*,*,#527,.T.);
#195=ORIENTED_EDGE('',*,*,#518,.F.);
#196=ORIENTED_EDGE('',*,*,#528,.F.);
#197=ORIENTED_EDGE('',*,*,#493,.T.);
#198=ORIENTED_EDGE('',*,*,#528,.T.);
#199=ORIENTED_EDGE('',*,*,#529,.F.);
#200=ORIENTED_EDGE('',*,*,#529,.T.);
#201=ORIENTED_EDGE('',*,*,#517,.F.);
#202=ORIENTED_EDGE('',*,*,#519,.F.);
#203=ORIENTED_EDGE('',*,*,#504,.T.);
#204=ORIENTED_EDGE('',*,*,#522,.T.);
#205=ORIENTED_EDGE('',*,*,#530,.F.);
#206=ORIENTED_EDGE('',*,*,#513,.T.);
#207=ORIENTED_EDGE('',*,*,#525,.T.);
#208=ORIENTED_EDGE('',*,*,#494,.T.);
#209=ORIENTED_EDGE('',*,*,#520,.F.);
#210=ORIENTED_EDGE('',*,*,#530,.T.);
#211=ORIENTED_EDGE('',*,*,#521,.T.);
#212=ORIENTED_EDGE('',*,*,#500,.T.);
#213=ORIENTED_EDGE('',*,*,#524,.F.);
#214=ORIENTED_EDGE('',*,*,#531,.F.);
#215=ORIENTED_EDGE('',*,*,#532,.T.);
#216=ORIENTED_EDGE('',*,*,#473,.F.);
#217=ORIENTED_EDGE('',*,*,#533,.F.);
#218=ORIENTED_EDGE('',*,*,#534,.T.);
#219=ORIENTED_EDGE('',*,*,#511,.F.);
#220=ORIENTED_EDGE('',*,*,#474,.F.);
#221=ORIENTED_EDGE('',*,*,#532,.F.);
#222=ORIENTED_EDGE('',*,*,#531,.T.);
#223=ORIENTED_EDGE('',*,*,#535,.T.);
#224=ORIENTED_EDGE('',*,*,#512,.T.);
#225=ORIENTED_EDGE('',*,*,#534,.F.);
#226=ORIENTED_EDGE('',*,*,#533,.T.);
#227=ORIENTED_EDGE('',*,*,#472,.T.);
#228=ORIENTED_EDGE('',*,*,#509,.T.);
#229=ORIENTED_EDGE('',*,*,#535,.F.);
#230=ORIENTED_EDGE('',*,*,#467,.T.);
#231=ORIENTED_EDGE('',*,*,#485,.T.);
#232=ORIENTED_EDGE('',*,*,#536,.F.);
#233=ORIENTED_EDGE('',*,*,#537,.T.);
#234=ORIENTED_EDGE('',*,*,#489,.F.);
#235=ORIENTED_EDGE('',*,*,#469,.F.);
#236=ORIENTED_EDGE('',*,*,#538,.F.);
#237=ORIENTED_EDGE('',*,*,#539,.T.);
#238=ORIENTED_EDGE('',*,*,#536,.T.);
#239=ORIENTED_EDGE('',*,*,#490,.T.);
#240=ORIENTED_EDGE('',*,*,#539,.F.);
#241=ORIENTED_EDGE('',*,*,#540,.F.);
#242=ORIENTED_EDGE('',*,*,#468,.F.);
#243=ORIENTED_EDGE('',*,*,#537,.F.);
#244=ORIENTED_EDGE('',*,*,#540,.T.);
#245=ORIENTED_EDGE('',*,*,#538,.T.);
#246=ORIENTED_EDGE('',*,*,#541,.F.);
#247=ORIENTED_EDGE('',*,*,#542,.F.);
#248=ORIENTED_EDGE('',*,*,#454,.F.);
#249=ORIENTED_EDGE('',*,*,#543,.F.);
#250=ORIENTED_EDGE('',*,*,#544,.F.);
#251=ORIENTED_EDGE('',*,*,#545,.F.);
#252=ORIENTED_EDGE('',*,*,#546,.F.);
#253=ORIENTED_EDGE('',*,*,#547,.F.);
#254=ORIENTED_EDGE('',*,*,#548,.F.);
#255=ORIENTED_EDGE('',*,*,#543,.T.);
#256=ORIENTED_EDGE('',*,*,#453,.F.);
#257=ORIENTED_EDGE('',*,*,#549,.F.);
#258=ORIENTED_EDGE('',*,*,#550,.T.);
#259=ORIENTED_EDGE('',*,*,#551,.T.);
#260=ORIENTED_EDGE('',*,*,#552,.T.);
#261=ORIENTED_EDGE('',*,*,#553,.T.);
#262=ORIENTED_EDGE('',*,*,#554,.F.);
#263=ORIENTED_EDGE('',*,*,#555,.F.);
#264=ORIENTED_EDGE('',*,*,#556,.T.);
#265=ORIENTED_EDGE('',*,*,#557,.F.);
#266=ORIENTED_EDGE('',*,*,#558,.F.);
#267=ORIENTED_EDGE('',*,*,#447,.F.);
#268=ORIENTED_EDGE('',*,*,#559,.F.);
#269=ORIENTED_EDGE('',*,*,#560,.F.);
#270=ORIENTED_EDGE('',*,*,#561,.F.);
#271=ORIENTED_EDGE('',*,*,#562,.F.);
#272=ORIENTED_EDGE('',*,*,#563,.F.);
#273=ORIENTED_EDGE('',*,*,#564,.F.);
#274=ORIENTED_EDGE('',*,*,#559,.T.);
#275=ORIENTED_EDGE('',*,*,#446,.F.);
#276=ORIENTED_EDGE('',*,*,#565,.T.);
#277=ORIENTED_EDGE('',*,*,#566,.F.);
#278=ORIENTED_EDGE('',*,*,#567,.F.);
#279=ORIENTED_EDGE('',*,*,#568,.F.);
#280=ORIENTED_EDGE('',*,*,#569,.F.);
#281=ORIENTED_EDGE('',*,*,#570,.T.);
#282=ORIENTED_EDGE('',*,*,#555,.T.);
#283=ORIENTED_EDGE('',*,*,#548,.T.);
#284=ORIENTED_EDGE('',*,*,#571,.T.);
#285=ORIENTED_EDGE('',*,*,#572,.T.);
#286=ORIENTED_EDGE('',*,*,#573,.T.);
#287=ORIENTED_EDGE('',*,*,#574,.T.);
#288=ORIENTED_EDGE('',*,*,#541,.T.);
#289=ORIENTED_EDGE('',*,*,#448,.T.);
#290=ORIENTED_EDGE('',*,*,#558,.T.);
#291=ORIENTED_EDGE('',*,*,#575,.F.);
#292=ORIENTED_EDGE('',*,*,#576,.F.);
#293=ORIENTED_EDGE('',*,*,#542,.T.);
#294=ORIENTED_EDGE('',*,*,#577,.T.);
#295=ORIENTED_EDGE('',*,*,#564,.T.);
#296=ORIENTED_EDGE('',*,*,#578,.T.);
#297=ORIENTED_EDGE('',*,*,#579,.F.);
#298=ORIENTED_EDGE('',*,*,#580,.F.);
#299=ORIENTED_EDGE('',*,*,#460,.F.);
#300=ORIENTED_EDGE('',*,*,#575,.T.);
#301=ORIENTED_EDGE('',*,*,#557,.T.);
#302=ORIENTED_EDGE('',*,*,#491,.F.);
#303=ORIENTED_EDGE('',*,*,#462,.T.);
#304=ORIENTED_EDGE('',*,*,#577,.F.);
#305=ORIENTED_EDGE('',*,*,#574,.F.);
#306=ORIENTED_EDGE('',*,*,#480,.F.);
#307=ORIENTED_EDGE('',*,*,#459,.F.);
#308=ORIENTED_EDGE('',*,*,#523,.T.);
#309=ORIENTED_EDGE('',*,*,#482,.T.);
#310=ORIENTED_EDGE('',*,*,#455,.F.);
#311=ORIENTED_EDGE('',*,*,#576,.T.);
#312=ORIENTED_EDGE('',*,*,#450,.F.);
#313=ORIENTED_EDGE('',*,*,#461,.T.);
#314=ORIENTED_EDGE('',*,*,#580,.T.);
#315=ORIENTED_EDGE('',*,*,#581,.F.);
#316=ORIENTED_EDGE('',*,*,#582,.T.);
#317=ORIENTED_EDGE('',*,*,#583,.T.);
#318=ORIENTED_EDGE('',*,*,#584,.T.);
#319=ORIENTED_EDGE('',*,*,#585,.T.);
#320=ORIENTED_EDGE('',*,*,#586,.T.);
#321=ORIENTED_EDGE('',*,*,#587,.F.);
#322=ORIENTED_EDGE('',*,*,#588,.T.);
#323=ORIENTED_EDGE('',*,*,#589,.T.);
#324=ORIENTED_EDGE('',*,*,#590,.T.);
#325=ORIENTED_EDGE('',*,*,#591,.T.);
#326=ORIENTED_EDGE('',*,*,#592,.F.);
#327=ORIENTED_EDGE('',*,*,#593,.T.);
#328=ORIENTED_EDGE('',*,*,#594,.T.);
#329=ORIENTED_EDGE('',*,*,#595,.T.);
#330=ORIENTED_EDGE('',*,*,#596,.T.);
#331=ORIENTED_EDGE('',*,*,#579,.T.);
#332=ORIENTED_EDGE('',*,*,#597,.T.);
#333=ORIENTED_EDGE('',*,*,#598,.F.);
#334=ORIENTED_EDGE('',*,*,#599,.F.);
#335=ORIENTED_EDGE('',*,*,#600,.F.);
#336=ORIENTED_EDGE('',*,*,#601,.F.);
#337=ORIENTED_EDGE('',*,*,#602,.T.);
#338=ORIENTED_EDGE('',*,*,#451,.T.);
#339=ORIENTED_EDGE('',*,*,#581,.T.);
#340=ORIENTED_EDGE('',*,*,#556,.F.);
#341=ORIENTED_EDGE('',*,*,#573,.F.);
#342=ORIENTED_EDGE('',*,*,#603,.T.);
#343=ORIENTED_EDGE('',*,*,#456,.T.);
#344=ORIENTED_EDGE('',*,*,#481,.F.);
#345=ORIENTED_EDGE('',*,*,#457,.F.);
#346=ORIENTED_EDGE('',*,*,#603,.F.);
#347=ORIENTED_EDGE('',*,*,#572,.F.);
#348=ORIENTED_EDGE('',*,*,#586,.F.);
#349=ORIENTED_EDGE('',*,*,#604,.F.);
#350=ORIENTED_EDGE('',*,*,#549,.T.);
#351=ORIENTED_EDGE('',*,*,#452,.T.);
#352=ORIENTED_EDGE('',*,*,#592,.T.);
#353=ORIENTED_EDGE('',*,*,#550,.F.);
#354=ORIENTED_EDGE('',*,*,#604,.T.);
#355=ORIENTED_EDGE('',*,*,#591,.F.);
#356=ORIENTED_EDGE('',*,*,#605,.F.);
#357=ORIENTED_EDGE('',*,*,#551,.F.);
#358=ORIENTED_EDGE('',*,*,#605,.T.);
#359=ORIENTED_EDGE('',*,*,#590,.F.);
#360=ORIENTED_EDGE('',*,*,#606,.F.);
#361=ORIENTED_EDGE('',*,*,#552,.F.);
#362=ORIENTED_EDGE('',*,*,#606,.T.);
#363=ORIENTED_EDGE('',*,*,#589,.F.);
#364=ORIENTED_EDGE('',*,*,#607,.F.);
#365=ORIENTED_EDGE('',*,*,#553,.F.);
#366=ORIENTED_EDGE('',*,*,#607,.T.);
#367=ORIENTED_EDGE('',*,*,#588,.F.);
#368=ORIENTED_EDGE('',*,*,#608,.F.);
#369=ORIENTED_EDGE('',*,*,#571,.F.);
#370=ORIENTED_EDGE('',*,*,#554,.T.);
#371=ORIENTED_EDGE('',*,*,#608,.T.);
#372=ORIENTED_EDGE('',*,*,#587,.T.);
#373=ORIENTED_EDGE('',*,*,#547,.T.);
#374=ORIENTED_EDGE('',*,*,#609,.F.);
#375=ORIENTED_EDGE('',*,*,#609,.T.);
#376=ORIENTED_EDGE('',*,*,#610,.F.);
#377=ORIENTED_EDGE('',*,*,#610,.T.);
#378=ORIENTED_EDGE('',*,*,#585,.F.);
#379=ORIENTED_EDGE('',*,*,#546,.T.);
#380=ORIENTED_EDGE('',*,*,#611,.F.);
#381=ORIENTED_EDGE('',*,*,#611,.T.);
#382=ORIENTED_EDGE('',*,*,#612,.F.);
#383=ORIENTED_EDGE('',*,*,#612,.T.);
#384=ORIENTED_EDGE('',*,*,#584,.F.);
#385=ORIENTED_EDGE('',*,*,#545,.T.);
#386=ORIENTED_EDGE('',*,*,#613,.F.);
#387=ORIENTED_EDGE('',*,*,#613,.T.);
#388=ORIENTED_EDGE('',*,*,#614,.F.);
#389=ORIENTED_EDGE('',*,*,#614,.T.);
#390=ORIENTED_EDGE('',*,*,#583,.F.);
#391=ORIENTED_EDGE('',*,*,#544,.T.);
#392=ORIENTED_EDGE('',*,*,#615,.F.);
#393=ORIENTED_EDGE('',*,*,#615,.T.);
#394=ORIENTED_EDGE('',*,*,#616,.F.);
#395=ORIENTED_EDGE('',*,*,#616,.T.);
#396=ORIENTED_EDGE('',*,*,#582,.F.);
#397=ORIENTED_EDGE('',*,*,#617,.F.);
#398=ORIENTED_EDGE('',*,*,#567,.T.);
#399=ORIENTED_EDGE('',*,*,#618,.T.);
#400=ORIENTED_EDGE('',*,*,#600,.T.);
#401=ORIENTED_EDGE('',*,*,#619,.F.);
#402=ORIENTED_EDGE('',*,*,#568,.T.);
#403=ORIENTED_EDGE('',*,*,#617,.T.);
#404=ORIENTED_EDGE('',*,*,#599,.T.);
#405=ORIENTED_EDGE('',*,*,#618,.F.);
#406=ORIENTED_EDGE('',*,*,#566,.T.);
#407=ORIENTED_EDGE('',*,*,#620,.T.);
#408=ORIENTED_EDGE('',*,*,#601,.T.);
#409=ORIENTED_EDGE('',*,*,#621,.F.);
#410=ORIENTED_EDGE('',*,*,#569,.T.);
#411=ORIENTED_EDGE('',*,*,#619,.T.);
#412=ORIENTED_EDGE('',*,*,#598,.T.);
#413=ORIENTED_EDGE('',*,*,#570,.F.);
#414=ORIENTED_EDGE('',*,*,#621,.T.);
#415=ORIENTED_EDGE('',*,*,#597,.F.);
#416=ORIENTED_EDGE('',*,*,#578,.F.);
#417=ORIENTED_EDGE('',*,*,#565,.F.);
#418=ORIENTED_EDGE('',*,*,#445,.T.);
#419=ORIENTED_EDGE('',*,*,#602,.F.);
#420=ORIENTED_EDGE('',*,*,#620,.F.);
#421=ORIENTED_EDGE('',*,*,#563,.T.);
#422=ORIENTED_EDGE('',*,*,#622,.F.);
#423=ORIENTED_EDGE('',*,*,#622,.T.);
#424=ORIENTED_EDGE('',*,*,#623,.F.);
#425=ORIENTED_EDGE('',*,*,#623,.T.);
#426=ORIENTED_EDGE('',*,*,#596,.F.);
#427=ORIENTED_EDGE('',*,*,#562,.T.);
#428=ORIENTED_EDGE('',*,*,#624,.F.);
#429=ORIENTED_EDGE('',*,*,#624,.T.);
#430=ORIENTED_EDGE('',*,*,#625,.F.);
#431=ORIENTED_EDGE('',*,*,#625,.T.);
#432=ORIENTED_EDGE('',*,*,#595,.F.);
#433=ORIENTED_EDGE('',*,*,#561,.T.);
#434=ORIENTED_EDGE('',*,*,#626,.F.);
#435=ORIENTED_EDGE('',*,*,#626,.T.);
#436=ORIENTED_EDGE('',*,*,#627,.F.);
#437=ORIENTED_EDGE('',*,*,#627,.T.);
#438=ORIENTED_EDGE('',*,*,#594,.F.);
#439=ORIENTED_EDGE('',*,*,#560,.T.);
#440=ORIENTED_EDGE('',*,*,#628,.F.);
#441=ORIENTED_EDGE('',*,*,#628,.T.);
#442=ORIENTED_EDGE('',*,*,#629,.F.);
#443=ORIENTED_EDGE('',*,*,#629,.T.);
#444=ORIENTED_EDGE('',*,*,#593,.F.);
#445=EDGE_CURVE('',#630,#631,#764,.T.);
#446=EDGE_CURVE('',#630,#632,#765,.T.);
#447=EDGE_CURVE('',#632,#633,#766,.F.);
#448=EDGE_CURVE('',#634,#633,#767,.T.);
#449=EDGE_CURVE('',#634,#635,#768,.T.);
#450=EDGE_CURVE('',#635,#636,#769,.T.);
#451=EDGE_CURVE('',#631,#636,#770,.T.);
#452=EDGE_CURVE('',#637,#638,#771,.T.);
#453=EDGE_CURVE('',#637,#639,#772,.T.);
#454=EDGE_CURVE('',#639,#640,#773,.F.);
#455=EDGE_CURVE('',#640,#641,#774,.T.);
#456=EDGE_CURVE('',#642,#641,#775,.T.);
#457=EDGE_CURVE('',#642,#638,#776,.F.);
#458=EDGE_CURVE('',#643,#644,#777,.T.);
#459=EDGE_CURVE('',#644,#645,#778,.T.);
#460=EDGE_CURVE('',#645,#646,#779,.T.);
#461=EDGE_CURVE('',#635,#646,#780,.T.);
#462=EDGE_CURVE('',#647,#634,#781,.T.);
#463=EDGE_CURVE('',#647,#648,#782,.T.);
#464=EDGE_CURVE('',#648,#649,#783,.T.);
#465=EDGE_CURVE('',#650,#649,#784,.T.);
#466=EDGE_CURVE('',#651,#650,#785,.T.);
#467=EDGE_CURVE('',#652,#651,#786,.T.);
#468=EDGE_CURVE('',#652,#653,#787,.T.);
#469=EDGE_CURVE('',#653,#654,#788,.T.);
#470=EDGE_CURVE('',#655,#654,#789,.T.);
#471=EDGE_CURVE('',#656,#655,#790,.T.);
#472=EDGE_CURVE('',#657,#656,#791,.T.);
#473=EDGE_CURVE('',#657,#658,#792,.T.);
#474=EDGE_CURVE('',#658,#659,#793,.T.);
#475=EDGE_CURVE('',#660,#659,#794,.T.);
#476=EDGE_CURVE('',#661,#660,#795,.T.);
#477=EDGE_CURVE('',#662,#661,#796,.T.);
#478=EDGE_CURVE('',#643,#662,#797,.T.);
#479=EDGE_CURVE('',#663,#664,#798,.T.);
#480=EDGE_CURVE('',#664,#665,#799,.T.);
#481=EDGE_CURVE('',#665,#641,#800,.T.);
#482=EDGE_CURVE('',#666,#641,#801,.T.);
#483=EDGE_CURVE('',#667,#666,#802,.T.);
#484=EDGE_CURVE('',#667,#663,#803,.T.);
#485=EDGE_CURVE('',#651,#668,#804,.T.);
#486=EDGE_CURVE('',#650,#669,#805,.T.);
#487=EDGE_CURVE('',#669,#670,#806,.T.);
#488=EDGE_CURVE('',#655,#670,#807,.T.);
#489=EDGE_CURVE('',#654,#671,#808,.T.);
#490=EDGE_CURVE('',#668,#671,#809,.T.);
#491=EDGE_CURVE('',#647,#664,#810,.T.);
#492=EDGE_CURVE('',#648,#663,#811,.T.);
#493=EDGE_CURVE('',#672,#672,#33,.F.);
#494=EDGE_CURVE('',#673,#674,#812,.T.);
#495=EDGE_CURVE('',#661,#673,#813,.T.);
#496=EDGE_CURVE('',#661,#675,#814,.T.);
#497=EDGE_CURVE('',#675,#676,#815,.T.);
#498=EDGE_CURVE('',#674,#676,#816,.T.);
#499=EDGE_CURVE('',#677,#677,#34,.F.);
#500=EDGE_CURVE('',#678,#679,#817,.T.);
#501=EDGE_CURVE('',#678,#680,#818,.T.);
#502=EDGE_CURVE('',#680,#669,#819,.T.);
#503=EDGE_CURVE('',#679,#650,#820,.T.);
#504=EDGE_CURVE('',#681,#682,#821,.T.);
#505=EDGE_CURVE('',#676,#681,#822,.T.);
#506=EDGE_CURVE('',#675,#683,#823,.T.);
#507=EDGE_CURVE('',#683,#670,#824,.T.);
#508=EDGE_CURVE('',#680,#682,#825,.T.);
#509=EDGE_CURVE('',#656,#684,#826,.T.);
#510=EDGE_CURVE('',#660,#683,#827,.T.);
#511=EDGE_CURVE('',#659,#685,#828,.T.);
#512=EDGE_CURVE('',#684,#685,#829,.T.);
#513=EDGE_CURVE('',#686,#687,#830,.T.);
#514=EDGE_CURVE('',#686,#649,#831,.T.);
#515=EDGE_CURVE('',#667,#643,#832,.T.);
#516=EDGE_CURVE('',#662,#687,#833,.T.);
#517=EDGE_CURVE('',#688,#688,#35,.T.);
#518=EDGE_CURVE('',#689,#689,#36,.T.);
#519=EDGE_CURVE('',#681,#690,#834,.T.);
#520=EDGE_CURVE('',#690,#674,#835,.T.);
#521=EDGE_CURVE('',#691,#678,#836,.T.);
#522=EDGE_CURVE('',#682,#691,#837,.T.);
#523=EDGE_CURVE('',#644,#666,#838,.T.);
#524=EDGE_CURVE('',#686,#679,#839,.T.);
#525=EDGE_CURVE('',#687,#673,#840,.T.);
#526=EDGE_CURVE('',#692,#692,#37,.T.);
#527=EDGE_CURVE('',#693,#693,#38,.T.);
#528=EDGE_CURVE('',#694,#694,#39,.T.);
#529=EDGE_CURVE('',#695,#695,#40,.T.);
#530=EDGE_CURVE('',#690,#691,#841,.T.);
#531=EDGE_CURVE('',#696,#697,#842,.T.);
#532=EDGE_CURVE('',#696,#658,#843,.T.);
#533=EDGE_CURVE('',#697,#657,#844,.T.);
#534=EDGE_CURVE('',#696,#685,#845,.T.);
#535=EDGE_CURVE('',#697,#684,#846,.T.);
#536=EDGE_CURVE('',#698,#668,#847,.T.);
#537=EDGE_CURVE('',#698,#652,#848,.T.);
#538=EDGE_CURVE('',#699,#653,#849,.T.);
#539=EDGE_CURVE('',#699,#671,#850,.T.);
#540=EDGE_CURVE('',#698,#699,#851,.T.);
#541=EDGE_CURVE('',#700,#701,#852,.F.);
#542=EDGE_CURVE('',#640,#700,#853,.T.);
#543=EDGE_CURVE('',#701,#639,#854,.T.);
#544=EDGE_CURVE('',#702,#702,#41,.T.);
#545=EDGE_CURVE('',#703,#703,#42,.T.);
#546=EDGE_CURVE('',#704,#704,#43,.T.);
#547=EDGE_CURVE('',#705,#705,#44,.T.);
#548=EDGE_CURVE('',#701,#706,#855,.T.);
#549=EDGE_CURVE('',#707,#637,#856,.T.);
#550=EDGE_CURVE('',#707,#708,#857,.T.);
#551=EDGE_CURVE('',#708,#709,#858,.T.);
#552=EDGE_CURVE('',#709,#710,#859,.T.);
#553=EDGE_CURVE('',#710,#711,#860,.T.);
#554=EDGE_CURVE('',#706,#711,#861,.T.);
#555=EDGE_CURVE('',#712,#712,#45,.T.);
#556=EDGE_CURVE('',#713,#713,#46,.T.);
#557=EDGE_CURVE('',#714,#715,#862,.F.);
#558=EDGE_CURVE('',#633,#714,#863,.T.);
#559=EDGE_CURVE('',#715,#632,#864,.T.);
#560=EDGE_CURVE('',#716,#716,#47,.T.);
#561=EDGE_CURVE('',#717,#717,#48,.T.);
#562=EDGE_CURVE('',#718,#718,#49,.T.);
#563=EDGE_CURVE('',#719,#719,#50,.T.);
#564=EDGE_CURVE('',#715,#720,#865,.T.);
#565=EDGE_CURVE('',#630,#721,#866,.T.);
#566=EDGE_CURVE('',#722,#721,#867,.T.);
#567=EDGE_CURVE('',#723,#722,#868,.T.);
#568=EDGE_CURVE('',#724,#723,#869,.T.);
#569=EDGE_CURVE('',#725,#724,#870,.T.);
#570=EDGE_CURVE('',#725,#720,#871,.T.);
#571=EDGE_CURVE('',#706,#726,#872,.T.);
#572=EDGE_CURVE('',#726,#727,#873,.F.);
#573=EDGE_CURVE('',#727,#665,#874,.T.);
#574=EDGE_CURVE('',#665,#700,#875,.T.);
#575=EDGE_CURVE('',#645,#714,#876,.T.);
#576=EDGE_CURVE('',#640,#645,#877,.T.);
#577=EDGE_CURVE('',#700,#634,#878,.T.);
#578=EDGE_CURVE('',#720,#728,#879,.T.);
#579=EDGE_CURVE('',#729,#728,#880,.T.);
#580=EDGE_CURVE('',#646,#729,#881,.T.);
#581=EDGE_CURVE('',#636,#729,#882,.T.);
#582=EDGE_CURVE('',#730,#730,#51,.T.);
#583=EDGE_CURVE('',#731,#731,#52,.T.);
#584=EDGE_CURVE('',#732,#732,#53,.T.);
#585=EDGE_CURVE('',#733,#733,#54,.T.);
#586=EDGE_CURVE('',#638,#726,#883,.T.);
#587=EDGE_CURVE('',#734,#726,#884,.T.);
#588=EDGE_CURVE('',#734,#735,#885,.T.);
#589=EDGE_CURVE('',#735,#736,#886,.T.);
#590=EDGE_CURVE('',#736,#737,#887,.T.);
#591=EDGE_CURVE('',#737,#738,#888,.T.);
#592=EDGE_CURVE('',#638,#738,#889,.T.);
#593=EDGE_CURVE('',#739,#739,#55,.T.);
#594=EDGE_CURVE('',#740,#740,#56,.T.);
#595=EDGE_CURVE('',#741,#741,#57,.T.);
#596=EDGE_CURVE('',#742,#742,#58,.T.);
#597=EDGE_CURVE('',#728,#743,#890,.T.);
#598=EDGE_CURVE('',#744,#743,#891,.T.);
#599=EDGE_CURVE('',#745,#744,#892,.T.);
#600=EDGE_CURVE('',#746,#745,#893,.T.);
#601=EDGE_CURVE('',#747,#746,#894,.T.);
#602=EDGE_CURVE('',#747,#631,#895,.T.);
#603=EDGE_CURVE('',#727,#642,#896,.T.);
#604=EDGE_CURVE('',#707,#738,#897,.T.);
#605=EDGE_CURVE('',#708,#737,#898,.T.);
#606=EDGE_CURVE('',#709,#736,#899,.T.);
#607=EDGE_CURVE('',#710,#735,#900,.T.);
#608=EDGE_CURVE('',#711,#734,#901,.T.);
#609=EDGE_CURVE('',#748,#748,#59,.T.);
#610=EDGE_CURVE('',#749,#749,#60,.T.);
#611=EDGE_CURVE('',#750,#750,#61,.T.);
#612=EDGE_CURVE('',#751,#751,#62,.T.);
#613=EDGE_CURVE('',#752,#752,#63,.T.);
#614=EDGE_CURVE('',#753,#753,#64,.T.);
#615=EDGE_CURVE('',#754,#754,#65,.T.);
#616=EDGE_CURVE('',#755,#755,#66,.T.);
#617=EDGE_CURVE('',#723,#745,#902,.T.);
#618=EDGE_CURVE('',#722,#746,#903,.T.);
#619=EDGE_CURVE('',#724,#744,#904,.T.);
#620=EDGE_CURVE('',#721,#747,#905,.T.);
#621=EDGE_CURVE('',#725,#743,#906,.T.);
#622=EDGE_CURVE('',#756,#756,#67,.T.);
#623=EDGE_CURVE('',#757,#757,#68,.T.);
#624=EDGE_CURVE('',#758,#758,#69,.T.);
#625=EDGE_CURVE('',#759,#759,#70,.T.);
#626=EDGE_CURVE('',#760,#760,#71,.T.);
#627=EDGE_CURVE('',#761,#761,#72,.T.);
#628=EDGE_CURVE('',#762,#762,#73,.T.);
#629=EDGE_CURVE('',#763,#763,#74,.T.);
#630=VERTEX_POINT('',#2010);
#631=VERTEX_POINT('',#2011);
#632=VERTEX_POINT('',#2013);
#633=VERTEX_POINT('',#2015);
#634=VERTEX_POINT('',#2017);
#635=VERTEX_POINT('',#2019);
#636=VERTEX_POINT('',#2021);
#637=VERTEX_POINT('',#2025);
#638=VERTEX_POINT('',#2026);
#639=VERTEX_POINT('',#2028);
#640=VERTEX_POINT('',#2030);
#641=VERTEX_POINT('',#2032);
#642=VERTEX_POINT('',#2034);
#643=VERTEX_POINT('',#2038);
#644=VERTEX_POINT('',#2039);
#645=VERTEX_POINT('',#2041);
#646=VERTEX_POINT('',#2043);
#647=VERTEX_POINT('',#2046);
#648=VERTEX_POINT('',#2048);
#649=VERTEX_POINT('',#2050);
#650=VERTEX_POINT('',#2052);
#651=VERTEX_POINT('',#2054);
#652=VERTEX_POINT('',#2056);
#653=VERTEX_POINT('',#2058);
#654=VERTEX_POINT('',#2060);
#655=VERTEX_POINT('',#2062);
#656=VERTEX_POINT('',#2064);
#657=VERTEX_POINT('',#2066);
#658=VERTEX_POINT('',#2068);
#659=VERTEX_POINT('',#2070);
#660=VERTEX_POINT('',#2072);
#661=VERTEX_POINT('',#2074);
#662=VERTEX_POINT('',#2076);
#663=VERTEX_POINT('',#2080);
#664=VERTEX_POINT('',#2081);
#665=VERTEX_POINT('',#2083);
#666=VERTEX_POINT('',#2086);
#667=VERTEX_POINT('',#2088);
#668=VERTEX_POINT('',#2092);
#669=VERTEX_POINT('',#2094);
#670=VERTEX_POINT('',#2096);
#671=VERTEX_POINT('',#2099);
#672=VERTEX_POINT('',#2106);
#673=VERTEX_POINT('',#2108);
#674=VERTEX_POINT('',#2109);
#675=VERTEX_POINT('',#2112);
#676=VERTEX_POINT('',#2114);
#677=VERTEX_POINT('',#2118);
#678=VERTEX_POINT('',#2120);
#679=VERTEX_POINT('',#2121);
#680=VERTEX_POINT('',#2123);
#681=VERTEX_POINT('',#2128);
#682=VERTEX_POINT('',#2129);
#683=VERTEX_POINT('',#2132);
#684=VERTEX_POINT('',#2137);
#685=VERTEX_POINT('',#2140);
#686=VERTEX_POINT('',#2144);
#687=VERTEX_POINT('',#2145);
#688=VERTEX_POINT('',#2150);
#689=VERTEX_POINT('',#2152);
#690=VERTEX_POINT('',#2155);
#691=VERTEX_POINT('',#2159);
#692=VERTEX_POINT('',#2170);
#693=VERTEX_POINT('',#2173);
#694=VERTEX_POINT('',#2177);
#695=VERTEX_POINT('',#2180);
#696=VERTEX_POINT('',#2187);
#697=VERTEX_POINT('',#2188);
#698=VERTEX_POINT('',#2198);
#699=VERTEX_POINT('',#2202);
#700=VERTEX_POINT('',#2209);
#701=VERTEX_POINT('',#2210);
#702=VERTEX_POINT('',#2215);
#703=VERTEX_POINT('',#2217);
#704=VERTEX_POINT('',#2219);
#705=VERTEX_POINT('',#2221);
#706=VERTEX_POINT('',#2223);
#707=VERTEX_POINT('',#2225);
#708=VERTEX_POINT('',#2227);
#709=VERTEX_POINT('',#2229);
#710=VERTEX_POINT('',#2231);
#711=VERTEX_POINT('',#2233);
#712=VERTEX_POINT('',#2237);
#713=VERTEX_POINT('',#2239);
#714=VERTEX_POINT('',#2242);
#715=VERTEX_POINT('',#2243);
#716=VERTEX_POINT('',#2248);
#717=VERTEX_POINT('',#2250);
#718=VERTEX_POINT('',#2252);
#719=VERTEX_POINT('',#2254);
#720=VERTEX_POINT('',#2256);
#721=VERTEX_POINT('',#2258);
#722=VERTEX_POINT('',#2260);
#723=VERTEX_POINT('',#2262);
#724=VERTEX_POINT('',#2264);
#725=VERTEX_POINT('',#2266);
#726=VERTEX_POINT('',#2270);
#727=VERTEX_POINT('',#2272);
#728=VERTEX_POINT('',#2281);
#729=VERTEX_POINT('',#2283);
#730=VERTEX_POINT('',#2291);
#731=VERTEX_POINT('',#2293);
#732=VERTEX_POINT('',#2295);
#733=VERTEX_POINT('',#2297);
#734=VERTEX_POINT('',#2300);
#735=VERTEX_POINT('',#2302);
#736=VERTEX_POINT('',#2304);
#737=VERTEX_POINT('',#2306);
#738=VERTEX_POINT('',#2308);
#739=VERTEX_POINT('',#2312);
#740=VERTEX_POINT('',#2314);
#741=VERTEX_POINT('',#2316);
#742=VERTEX_POINT('',#2318);
#743=VERTEX_POINT('',#2320);
#744=VERTEX_POINT('',#2322);
#745=VERTEX_POINT('',#2324);
#746=VERTEX_POINT('',#2326);
#747=VERTEX_POINT('',#2328);
#748=VERTEX_POINT('',#2346);
#749=VERTEX_POINT('',#2349);
#750=VERTEX_POINT('',#2353);
#751=VERTEX_POINT('',#2356);
#752=VERTEX_POINT('',#2360);
#753=VERTEX_POINT('',#2363);
#754=VERTEX_POINT('',#2367);
#755=VERTEX_POINT('',#2370);
#756=VERTEX_POINT('',#2385);
#757=VERTEX_POINT('',#2388);
#758=VERTEX_POINT('',#2392);
#759=VERTEX_POINT('',#2395);
#760=VERTEX_POINT('',#2399);
#761=VERTEX_POINT('',#2402);
#762=VERTEX_POINT('',#2406);
#763=VERTEX_POINT('',#2409);
#764=LINE('',#2009,#907);
#765=LINE('',#2012,#908);
#766=LINE('',#2014,#909);
#767=LINE('',#2016,#910);
#768=LINE('',#2018,#911);
#769=LINE('',#2020,#912);
#770=LINE('',#2022,#913);
#771=LINE('',#2024,#914);
#772=LINE('',#2027,#915);
#773=LINE('',#2029,#916);
#774=LINE('',#2031,#917);
#775=LINE('',#2033,#918);
#776=LINE('',#2035,#919);
#777=LINE('',#2037,#920);
#778=LINE('',#2040,#921);
#779=LINE('',#2042,#922);
#780=LINE('',#2044,#923);
#781=LINE('',#2045,#924);
#782=LINE('',#2047,#925);
#783=LINE('',#2049,#926);
#784=LINE('',#2051,#927);
#785=LINE('',#2053,#928);
#786=LINE('',#2055,#929);
#787=LINE('',#2057,#930);
#788=LINE('',#2059,#931);
#789=LINE('',#2061,#932);
#790=LINE('',#2063,#933);
#791=LINE('',#2065,#934);
#792=LINE('',#2067,#935);
#793=LINE('',#2069,#936);
#794=LINE('',#2071,#937);
#795=LINE('',#2073,#938);
#796=LINE('',#2075,#939);
#797=LINE('',#2077,#940);
#798=LINE('',#2079,#941);
#799=LINE('',#2082,#942);
#800=LINE('',#2084,#943);
#801=LINE('',#2085,#944);
#802=LINE('',#2087,#945);
#803=LINE('',#2089,#946);
#804=LINE('',#2091,#947);
#805=LINE('',#2093,#948);
#806=LINE('',#2095,#949);
#807=LINE('',#2097,#950);
#808=LINE('',#2098,#951);
#809=LINE('',#2100,#952);
#810=LINE('',#2102,#953);
#811=LINE('',#2103,#954);
#812=LINE('',#2107,#955);
#813=LINE('',#2110,#956);
#814=LINE('',#2111,#957);
#815=LINE('',#2113,#958);
#816=LINE('',#2115,#959);
#817=LINE('',#2119,#960);
#818=LINE('',#2122,#961);
#819=LINE('',#2124,#962);
#820=LINE('',#2125,#963);
#821=LINE('',#2127,#964);
#822=LINE('',#2130,#965);
#823=LINE('',#2131,#966);
#824=LINE('',#2133,#967);
#825=LINE('',#2134,#968);
#826=LINE('',#2136,#969);
#827=LINE('',#2138,#970);
#828=LINE('',#2139,#971);
#829=LINE('',#2141,#972);
#830=LINE('',#2143,#973);
#831=LINE('',#2146,#974);
#832=LINE('',#2147,#975);
#833=LINE('',#2148,#976);
#834=LINE('',#2154,#977);
#835=LINE('',#2156,#978);
#836=LINE('',#2158,#979);
#837=LINE('',#2160,#980);
#838=LINE('',#2163,#981);
#839=LINE('',#2165,#982);
#840=LINE('',#2167,#983);
#841=LINE('',#2183,#984);
#842=LINE('',#2186,#985);
#843=LINE('',#2189,#986);
#844=LINE('',#2190,#987);
#845=LINE('',#2192,#988);
#846=LINE('',#2194,#989);
#847=LINE('',#2197,#990);
#848=LINE('',#2199,#991);
#849=LINE('',#2201,#992);
#850=LINE('',#2203,#993);
#851=LINE('',#2205,#994);
#852=LINE('',#2208,#995);
#853=LINE('',#2211,#996);
#854=LINE('',#2212,#997);
#855=LINE('',#2222,#998);
#856=LINE('',#2224,#999);
#857=LINE('',#2226,#1000);
#858=LINE('',#2228,#1001);
#859=LINE('',#2230,#1002);
#860=LINE('',#2232,#1003);
#861=LINE('',#2234,#1004);
#862=LINE('',#2241,#1005);
#863=LINE('',#2244,#1006);
#864=LINE('',#2245,#1007);
#865=LINE('',#2255,#1008);
#866=LINE('',#2257,#1009);
#867=LINE('',#2259,#1010);
#868=LINE('',#2261,#1011);
#869=LINE('',#2263,#1012);
#870=LINE('',#2265,#1013);
#871=LINE('',#2267,#1014);
#872=LINE('',#2269,#1015);
#873=LINE('',#2271,#1016);
#874=LINE('',#2273,#1017);
#875=LINE('',#2274,#1018);
#876=LINE('',#2276,#1019);
#877=LINE('',#2277,#1020);
#878=LINE('',#2278,#1021);
#879=LINE('',#2280,#1022);
#880=LINE('',#2282,#1023);
#881=LINE('',#2284,#1024);
#882=LINE('',#2288,#1025);
#883=LINE('',#2298,#1026);
#884=LINE('',#2299,#1027);
#885=LINE('',#2301,#1028);
#886=LINE('',#2303,#1029);
#887=LINE('',#2305,#1030);
#888=LINE('',#2307,#1031);
#889=LINE('',#2309,#1032);
#890=LINE('',#2319,#1033);
#891=LINE('',#2321,#1034);
#892=LINE('',#2323,#1035);
#893=LINE('',#2325,#1036);
#894=LINE('',#2327,#1037);
#895=LINE('',#2329,#1038);
#896=LINE('',#2331,#1039);
#897=LINE('',#2334,#1040);
#898=LINE('',#2336,#1041);
#899=LINE('',#2338,#1042);
#900=LINE('',#2340,#1043);
#901=LINE('',#2342,#1044);
#902=LINE('',#2373,#1045);
#903=LINE('',#2374,#1046);
#904=LINE('',#2376,#1047);
#905=LINE('',#2378,#1048);
#906=LINE('',#2380,#1049);
#907=VECTOR('',#1614,1.);
#908=VECTOR('',#1615,1.);
#909=VECTOR('',#1616,1.);
#910=VECTOR('',#1617,1.);
#911=VECTOR('',#1618,1.);
#912=VECTOR('',#1619,1.);
#913=VECTOR('',#1620,1.);
#914=VECTOR('',#1623,1.);
#915=VECTOR('',#1624,1.);
#916=VECTOR('',#1625,1.);
#917=VECTOR('',#1626,1.);
#918=VECTOR('',#1627,1.);
#919=VECTOR('',#1628,1.);
#920=VECTOR('',#1631,1.);
#921=VECTOR('',#1632,1.);
#922=VECTOR('',#1633,1.);
#923=VECTOR('',#1634,1.);
#924=VECTOR('',#1635,1.);
#925=VECTOR('',#1636,1.);
#926=VECTOR('',#1637,1.);
#927=VECTOR('',#1638,1.);
#928=VECTOR('',#1639,1.);
#929=VECTOR('',#1640,1.);
#930=VECTOR('',#1641,1.);
#931=VECTOR('',#1642,1.);
#932=VECTOR('',#1643,1.);
#933=VECTOR('',#1644,1.);
#934=VECTOR('',#1645,1.);
#935=VECTOR('',#1646,1.);
#936=VECTOR('',#1647,1.);
#937=VECTOR('',#1648,1.);
#938=VECTOR('',#1649,1.);
#939=VECTOR('',#1650,1.);
#940=VECTOR('',#1651,1.);
#941=VECTOR('',#1654,1.);
#942=VECTOR('',#1655,1.);
#943=VECTOR('',#1656,1.);
#944=VECTOR('',#1657,1.);
#945=VECTOR('',#1658,1.);
#946=VECTOR('',#1659,1.);
#947=VECTOR('',#1662,1.);
#948=VECTOR('',#1663,1.);
#949=VECTOR('',#1664,1.);
#950=VECTOR('',#1665,1.);
#951=VECTOR('',#1666,1.);
#952=VECTOR('',#1667,1.);
#953=VECTOR('',#1670,1.);
#954=VECTOR('',#1671,1.);
#955=VECTOR('',#1676,1.);
#956=VECTOR('',#1677,1.);
#957=VECTOR('',#1678,1.);
#958=VECTOR('',#1679,1.);
#959=VECTOR('',#1680,1.);
#960=VECTOR('',#1685,1.);
#961=VECTOR('',#1686,1.);
#962=VECTOR('',#1687,1.);
#963=VECTOR('',#1688,1.);
#964=VECTOR('',#1691,1.);
#965=VECTOR('',#1692,1.);
#966=VECTOR('',#1693,1.);
#967=VECTOR('',#1694,1.);
#968=VECTOR('',#1695,1.);
#969=VECTOR('',#1698,1.);
#970=VECTOR('',#1699,1.);
#971=VECTOR('',#1700,1.);
#972=VECTOR('',#1701,1.);
#973=VECTOR('',#1704,1.);
#974=VECTOR('',#1705,1.);
#975=VECTOR('',#1706,1.);
#976=VECTOR('',#1707,1.);
#977=VECTOR('',#1714,1.);
#978=VECTOR('',#1715,1.);
#979=VECTOR('',#1718,1.);
#980=VECTOR('',#1719,1.);
#981=VECTOR('',#1724,1.);
#982=VECTOR('',#1727,1.);
#983=VECTOR('',#1730,1.);
#984=VECTOR('',#1753,1.);
#985=VECTOR('',#1758,1.);
#986=VECTOR('',#1759,1.);
#987=VECTOR('',#1760,1.);
#988=VECTOR('',#1763,1.);
#989=VECTOR('',#1766,1.);
#990=VECTOR('',#1771,1.);
#991=VECTOR('',#1772,1.);
#992=VECTOR('',#1775,1.);
#993=VECTOR('',#1776,1.);
#994=VECTOR('',#1779,1.);
#995=VECTOR('',#1784,1.);
#996=VECTOR('',#1785,1.);
#997=VECTOR('',#1786,1.);
#998=VECTOR('',#1797,1.);
#999=VECTOR('',#1798,1.);
#1000=VECTOR('',#1799,1.);
#1001=VECTOR('',#1800,1.);
#1002=VECTOR('',#1801,1.);
#1003=VECTOR('',#1802,1.);
#1004=VECTOR('',#1803,1.);
#1005=VECTOR('',#1812,1.);
#1006=VECTOR('',#1813,1.);
#1007=VECTOR('',#1814,1.);
#1008=VECTOR('',#1825,1.);
#1009=VECTOR('',#1826,1.);
#1010=VECTOR('',#1827,1.);
#1011=VECTOR('',#1828,1.);
#1012=VECTOR('',#1829,1.);
#1013=VECTOR('',#1830,1.);
#1014=VECTOR('',#1831,1.);
#1015=VECTOR('',#1834,1.);
#1016=VECTOR('',#1835,1.);
#1017=VECTOR('',#1836,1.);
#1018=VECTOR('',#1837,1.);
#1019=VECTOR('',#1840,1.);
#1020=VECTOR('',#1841,1.);
#1021=VECTOR('',#1842,1.);
#1022=VECTOR('',#1845,1.);
#1023=VECTOR('',#1846,1.);
#1024=VECTOR('',#1847,1.);
#1025=VECTOR('',#1854,1.);
#1026=VECTOR('',#1865,1.);
#1027=VECTOR('',#1866,1.);
#1028=VECTOR('',#1867,1.);
#1029=VECTOR('',#1868,1.);
#1030=VECTOR('',#1869,1.);
#1031=VECTOR('',#1870,1.);
#1032=VECTOR('',#1871,1.);
#1033=VECTOR('',#1882,1.);
#1034=VECTOR('',#1883,1.);
#1035=VECTOR('',#1884,1.);
#1036=VECTOR('',#1885,1.);
#1037=VECTOR('',#1886,1.);
#1038=VECTOR('',#1887,1.);
#1039=VECTOR('',#1890,1.);
#1040=VECTOR('',#1895,1.);
#1041=VECTOR('',#1898,1.);
#1042=VECTOR('',#1901,1.);
#1043=VECTOR('',#1904,1.);
#1044=VECTOR('',#1907,1.);
#1045=VECTOR('',#1952,1.);
#1046=VECTOR('',#1953,1.);
#1047=VECTOR('',#1956,1.);
#1048=VECTOR('',#1959,1.);
#1049=VECTOR('',#1962,1.);
#1050=EDGE_LOOP('',(#75,#76,#77,#78,#79,#80,#81));
#1051=EDGE_LOOP('',(#82,#83,#84,#85,#86,#87));
#1052=EDGE_LOOP('',(#88,#89,#90,#91,#92,#93,#94,#95,#96,#97,#98,#99,#100,
#101,#102,#103,#104,#105,#106,#107,#108,#109));
#1053=EDGE_LOOP('',(#110,#111,#112,#113,#114,#115));
#1054=EDGE_LOOP('',(#116,#117,#118,#119,#120,#121,#122,#123));
#1055=EDGE_LOOP('',(#124,#125,#126,#127));
#1056=EDGE_LOOP('',(#128));
#1057=EDGE_LOOP('',(#129,#130,#131,#132,#133));
#1058=EDGE_LOOP('',(#134));
#1059=EDGE_LOOP('',(#135,#136,#137,#138,#139));
#1060=EDGE_LOOP('',(#140,#141,#142,#143,#144,#145,#146,#147));
#1061=EDGE_LOOP('',(#148,#149,#150,#151,#152,#153,#154,#155));
#1062=EDGE_LOOP('',(#156,#157,#158,#159,#160,#161,#162,#163));
#1063=EDGE_LOOP('',(#164));
#1064=EDGE_LOOP('',(#165));
#1065=EDGE_LOOP('',(#166,#167,#168,#169));
#1066=EDGE_LOOP('',(#170,#171,#172,#173));
#1067=EDGE_LOOP('',(#174,#175,#176,#177));
#1068=EDGE_LOOP('',(#178,#179,#180,#181));
#1069=EDGE_LOOP('',(#182,#183,#184,#185));
#1070=EDGE_LOOP('',(#186,#187,#188,#189));
#1071=EDGE_LOOP('',(#190));
#1072=EDGE_LOOP('',(#191));
#1073=EDGE_LOOP('',(#192));
#1074=EDGE_LOOP('',(#193));
#1075=EDGE_LOOP('',(#194));
#1076=EDGE_LOOP('',(#195));
#1077=EDGE_LOOP('',(#196));
#1078=EDGE_LOOP('',(#197));
#1079=EDGE_LOOP('',(#198));
#1080=EDGE_LOOP('',(#199));
#1081=EDGE_LOOP('',(#200));
#1082=EDGE_LOOP('',(#201));
#1083=EDGE_LOOP('',(#202,#203,#204,#205));
#1084=EDGE_LOOP('',(#206,#207,#208,#209,#210,#211,#212,#213));
#1085=EDGE_LOOP('',(#214,#215,#216,#217));
#1086=EDGE_LOOP('',(#218,#219,#220,#221));
#1087=EDGE_LOOP('',(#222,#223,#224,#225));
#1088=EDGE_LOOP('',(#226,#227,#228,#229));
#1089=EDGE_LOOP('',(#230,#231,#232,#233));
#1090=EDGE_LOOP('',(#234,#235,#236,#237));
#1091=EDGE_LOOP('',(#238,#239,#240,#241));
#1092=EDGE_LOOP('',(#242,#243,#244,#245));
#1093=EDGE_LOOP('',(#246,#247,#248,#249));
#1094=EDGE_LOOP('',(#250));
#1095=EDGE_LOOP('',(#251));
#1096=EDGE_LOOP('',(#252));
#1097=EDGE_LOOP('',(#253));
#1098=EDGE_LOOP('',(#254,#255,#256,#257,#258,#259,#260,#261,#262));
#1099=EDGE_LOOP('',(#263));
#1100=EDGE_LOOP('',(#264));
#1101=EDGE_LOOP('',(#265,#266,#267,#268));
#1102=EDGE_LOOP('',(#269));
#1103=EDGE_LOOP('',(#270));
#1104=EDGE_LOOP('',(#271));
#1105=EDGE_LOOP('',(#272));
#1106=EDGE_LOOP('',(#273,#274,#275,#276,#277,#278,#279,#280,#281));
#1107=EDGE_LOOP('',(#282));
#1108=EDGE_LOOP('',(#283,#284,#285,#286,#287,#288));
#1109=EDGE_LOOP('',(#289,#290,#291,#292,#293,#294));
#1110=EDGE_LOOP('',(#295,#296,#297,#298,#299,#300,#301));
#1111=EDGE_LOOP('',(#302,#303,#304,#305,#306));
#1112=EDGE_LOOP('',(#307,#308,#309,#310,#311));
#1113=EDGE_LOOP('',(#312,#313,#314,#315));
#1114=EDGE_LOOP('',(#316));
#1115=EDGE_LOOP('',(#317));
#1116=EDGE_LOOP('',(#318));
#1117=EDGE_LOOP('',(#319));
#1118=EDGE_LOOP('',(#320,#321,#322,#323,#324,#325,#326));
#1119=EDGE_LOOP('',(#327));
#1120=EDGE_LOOP('',(#328));
#1121=EDGE_LOOP('',(#329));
#1122=EDGE_LOOP('',(#330));
#1123=EDGE_LOOP('',(#331,#332,#333,#334,#335,#336,#337,#338,#339));
#1124=EDGE_LOOP('',(#340));
#1125=EDGE_LOOP('',(#341,#342,#343,#344));
#1126=EDGE_LOOP('',(#345,#346,#347,#348));
#1127=EDGE_LOOP('',(#349,#350,#351,#352));
#1128=EDGE_LOOP('',(#353,#354,#355,#356));
#1129=EDGE_LOOP('',(#357,#358,#359,#360));
#1130=EDGE_LOOP('',(#361,#362,#363,#364));
#1131=EDGE_LOOP('',(#365,#366,#367,#368));
#1132=EDGE_LOOP('',(#369,#370,#371,#372));
#1133=EDGE_LOOP('',(#373));
#1134=EDGE_LOOP('',(#374));
#1135=EDGE_LOOP('',(#375));
#1136=EDGE_LOOP('',(#376));
#1137=EDGE_LOOP('',(#377));
#1138=EDGE_LOOP('',(#378));
#1139=EDGE_LOOP('',(#379));
#1140=EDGE_LOOP('',(#380));
#1141=EDGE_LOOP('',(#381));
#1142=EDGE_LOOP('',(#382));
#1143=EDGE_LOOP('',(#383));
#1144=EDGE_LOOP('',(#384));
#1145=EDGE_LOOP('',(#385));
#1146=EDGE_LOOP('',(#386));
#1147=EDGE_LOOP('',(#387));
#1148=EDGE_LOOP('',(#388));
#1149=EDGE_LOOP('',(#389));
#1150=EDGE_LOOP('',(#390));
#1151=EDGE_LOOP('',(#391));
#1152=EDGE_LOOP('',(#392));
#1153=EDGE_LOOP('',(#393));
#1154=EDGE_LOOP('',(#394));
#1155=EDGE_LOOP('',(#395));
#1156=EDGE_LOOP('',(#396));
#1157=EDGE_LOOP('',(#397,#398,#399,#400));
#1158=EDGE_LOOP('',(#401,#402,#403,#404));
#1159=EDGE_LOOP('',(#405,#406,#407,#408));
#1160=EDGE_LOOP('',(#409,#410,#411,#412));
#1161=EDGE_LOOP('',(#413,#414,#415,#416));
#1162=EDGE_LOOP('',(#417,#418,#419,#420));
#1163=EDGE_LOOP('',(#421));
#1164=EDGE_LOOP('',(#422));
#1165=EDGE_LOOP('',(#423));
#1166=EDGE_LOOP('',(#424));
#1167=EDGE_LOOP('',(#425));
#1168=EDGE_LOOP('',(#426));
#1169=EDGE_LOOP('',(#427));
#1170=EDGE_LOOP('',(#428));
#1171=EDGE_LOOP('',(#429));
#1172=EDGE_LOOP('',(#430));
#1173=EDGE_LOOP('',(#431));
#1174=EDGE_LOOP('',(#432));
#1175=EDGE_LOOP('',(#433));
#1176=EDGE_LOOP('',(#434));
#1177=EDGE_LOOP('',(#435));
#1178=EDGE_LOOP('',(#436));
#1179=EDGE_LOOP('',(#437));
#1180=EDGE_LOOP('',(#438));
#1181=EDGE_LOOP('',(#439));
#1182=EDGE_LOOP('',(#440));
#1183=EDGE_LOOP('',(#441));
#1184=EDGE_LOOP('',(#442));
#1185=EDGE_LOOP('',(#443));
#1186=EDGE_LOOP('',(#444));
#1187=FACE_BOUND('',#1050,.T.);
#1188=FACE_BOUND('',#1051,.T.);
#1189=FACE_BOUND('',#1052,.T.);
#1190=FACE_BOUND('',#1053,.T.);
#1191=FACE_BOUND('',#1054,.T.);
#1192=FACE_BOUND('',#1055,.T.);
#1193=FACE_BOUND('',#1056,.T.);
#1194=FACE_BOUND('',#1057,.T.);
#1195=FACE_BOUND('',#1058,.T.);
#1196=FACE_BOUND('',#1059,.T.);
#1197=FACE_BOUND('',#1060,.T.);
#1198=FACE_BOUND('',#1061,.T.);
#1199=FACE_BOUND('',#1062,.T.);
#1200=FACE_BOUND('',#1063,.T.);
#1201=FACE_BOUND('',#1064,.T.);
#1202=FACE_BOUND('',#1065,.T.);
#1203=FACE_BOUND('',#1066,.T.);
#1204=FACE_BOUND('',#1067,.T.);
#1205=FACE_BOUND('',#1068,.T.);
#1206=FACE_BOUND('',#1069,.T.);
#1207=FACE_BOUND('',#1070,.T.);
#1208=FACE_BOUND('',#1071,.T.);
#1209=FACE_BOUND('',#1072,.T.);
#1210=FACE_BOUND('',#1073,.T.);
#1211=FACE_BOUND('',#1074,.T.);
#1212=FACE_BOUND('',#1075,.T.);
#1213=FACE_BOUND('',#1076,.T.);
#1214=FACE_BOUND('',#1077,.T.);
#1215=FACE_BOUND('',#1078,.T.);
#1216=FACE_BOUND('',#1079,.T.);
#1217=FACE_BOUND('',#1080,.T.);
#1218=FACE_BOUND('',#1081,.T.);
#1219=FACE_BOUND('',#1082,.T.);
#1220=FACE_BOUND('',#1083,.T.);
#1221=FACE_BOUND('',#1084,.T.);
#1222=FACE_BOUND('',#1085,.T.);
#1223=FACE_BOUND('',#1086,.T.);
#1224=FACE_BOUND('',#1087,.T.);
#1225=FACE_BOUND('',#1088,.T.);
#1226=FACE_BOUND('',#1089,.T.);
#1227=FACE_BOUND('',#1090,.T.);
#1228=FACE_BOUND('',#1091,.T.);
#1229=FACE_BOUND('',#1092,.T.);
#1230=FACE_BOUND('',#1093,.T.);
#1231=FACE_BOUND('',#1094,.T.);
#1232=FACE_BOUND('',#1095,.T.);
#1233=FACE_BOUND('',#1096,.T.);
#1234=FACE_BOUND('',#1097,.T.);
#1235=FACE_BOUND('',#1098,.T.);
#1236=FACE_BOUND('',#1099,.T.);
#1237=FACE_BOUND('',#1100,.T.);
#1238=FACE_BOUND('',#1101,.T.);
#1239=FACE_BOUND('',#1102,.T.);
#1240=FACE_BOUND('',#1103,.T.);
#1241=FACE_BOUND('',#1104,.T.);
#1242=FACE_BOUND('',#1105,.T.);
#1243=FACE_BOUND('',#1106,.T.);
#1244=FACE_BOUND('',#1107,.T.);
#1245=FACE_BOUND('',#1108,.T.);
#1246=FACE_BOUND('',#1109,.T.);
#1247=FACE_BOUND('',#1110,.T.);
#1248=FACE_BOUND('',#1111,.T.);
#1249=FACE_BOUND('',#1112,.T.);
#1250=FACE_BOUND('',#1113,.T.);
#1251=FACE_BOUND('',#1114,.T.);
#1252=FACE_BOUND('',#1115,.T.);
#1253=FACE_BOUND('',#1116,.T.);
#1254=FACE_BOUND('',#1117,.T.);
#1255=FACE_BOUND('',#1118,.T.);
#1256=FACE_BOUND('',#1119,.T.);
#1257=FACE_BOUND('',#1120,.T.);
#1258=FACE_BOUND('',#1121,.T.);
#1259=FACE_BOUND('',#1122,.T.);
#1260=FACE_BOUND('',#1123,.T.);
#1261=FACE_BOUND('',#1124,.T.);
#1262=FACE_BOUND('',#1125,.T.);
#1263=FACE_BOUND('',#1126,.T.);
#1264=FACE_BOUND('',#1127,.T.);
#1265=FACE_BOUND('',#1128,.T.);
#1266=FACE_BOUND('',#1129,.T.);
#1267=FACE_BOUND('',#1130,.T.);
#1268=FACE_BOUND('',#1131,.T.);
#1269=FACE_BOUND('',#1132,.T.);
#1270=FACE_BOUND('',#1133,.T.);
#1271=FACE_BOUND('',#1134,.T.);
#1272=FACE_BOUND('',#1135,.T.);
#1273=FACE_BOUND('',#1136,.T.);
#1274=FACE_BOUND('',#1137,.T.);
#1275=FACE_BOUND('',#1138,.T.);
#1276=FACE_BOUND('',#1139,.T.);
#1277=FACE_BOUND('',#1140,.T.);
#1278=FACE_BOUND('',#1141,.T.);
#1279=FACE_BOUND('',#1142,.T.);
#1280=FACE_BOUND('',#1143,.T.);
#1281=FACE_BOUND('',#1144,.T.);
#1282=FACE_BOUND('',#1145,.T.);
#1283=FACE_BOUND('',#1146,.T.);
#1284=FACE_BOUND('',#1147,.T.);
#1285=FACE_BOUND('',#1148,.T.);
#1286=FACE_BOUND('',#1149,.T.);
#1287=FACE_BOUND('',#1150,.T.);
#1288=FACE_BOUND('',#1151,.T.);
#1289=FACE_BOUND('',#1152,.T.);
#1290=FACE_BOUND('',#1153,.T.);
#1291=FACE_BOUND('',#1154,.T.);
#1292=FACE_BOUND('',#1155,.T.);
#1293=FACE_BOUND('',#1156,.T.);
#1294=FACE_BOUND('',#1157,.T.);
#1295=FACE_BOUND('',#1158,.T.);
#1296=FACE_BOUND('',#1159,.T.);
#1297=FACE_BOUND('',#1160,.T.);
#1298=FACE_BOUND('',#1161,.T.);
#1299=FACE_BOUND('',#1162,.T.);
#1300=FACE_BOUND('',#1163,.T.);
#1301=FACE_BOUND('',#1164,.T.);
#1302=FACE_BOUND('',#1165,.T.);
#1303=FACE_BOUND('',#1166,.T.);
#1304=FACE_BOUND('',#1167,.T.);
#1305=FACE_BOUND('',#1168,.T.);
#1306=FACE_BOUND('',#1169,.T.);
#1307=FACE_BOUND('',#1170,.T.);
#1308=FACE_BOUND('',#1171,.T.);
#1309=FACE_BOUND('',#1172,.T.);
#1310=FACE_BOUND('',#1173,.T.);
#1311=FACE_BOUND('',#1174,.T.);
#1312=FACE_BOUND('',#1175,.T.);
#1313=FACE_BOUND('',#1176,.T.);
#1314=FACE_BOUND('',#1177,.T.);
#1315=FACE_BOUND('',#1178,.T.);
#1316=FACE_BOUND('',#1179,.T.);
#1317=FACE_BOUND('',#1180,.T.);
#1318=FACE_BOUND('',#1181,.T.);
#1319=FACE_BOUND('',#1182,.T.);
#1320=FACE_BOUND('',#1183,.T.);
#1321=FACE_BOUND('',#1184,.T.);
#1322=FACE_BOUND('',#1185,.T.);
#1323=FACE_BOUND('',#1186,.T.);
#1324=PLANE('',#1484);
#1325=PLANE('',#1485);
#1326=PLANE('',#1486);
#1327=PLANE('',#1487);
#1328=PLANE('',#1488);
#1329=PLANE('',#1489);
#1330=PLANE('',#1490);
#1331=PLANE('',#1492);
#1332=PLANE('',#1494);
#1333=PLANE('',#1495);
#1334=PLANE('',#1496);
#1335=PLANE('',#1499);
#1336=PLANE('',#1500);
#1337=PLANE('',#1501);
#1338=PLANE('',#1502);
#1339=PLANE('',#1503);
#1340=PLANE('',#1504);
#1341=PLANE('',#1507);
#1342=PLANE('',#1512);
#1343=PLANE('',#1515);
#1344=PLANE('',#1516);
#1345=PLANE('',#1517);
#1346=PLANE('',#1518);
#1347=PLANE('',#1519);
#1348=PLANE('',#1520);
#1349=PLANE('',#1521);
#1350=PLANE('',#1522);
#1351=PLANE('',#1523);
#1352=PLANE('',#1524);
#1353=PLANE('',#1525);
#1354=PLANE('',#1526);
#1355=PLANE('',#1534);
#1356=PLANE('',#1535);
#1357=PLANE('',#1540);
#1358=PLANE('',#1541);
#1359=PLANE('',#1542);
#1360=PLANE('',#1543);
#1361=PLANE('',#1544);
#1362=PLANE('',#1545);
#1363=PLANE('',#1546);
#1364=PLANE('',#1551);
#1365=PLANE('',#1556);
#1366=PLANE('',#1557);
#1367=PLANE('',#1558);
#1368=PLANE('',#1559);
#1369=PLANE('',#1560);
#1370=PLANE('',#1561);
#1371=PLANE('',#1562);
#1372=PLANE('',#1563);
#1373=PLANE('',#1566);
#1374=PLANE('',#1571);
#1375=PLANE('',#1576);
#1376=PLANE('',#1581);
#1377=PLANE('',#1584);
#1378=PLANE('',#1585);
#1379=PLANE('',#1586);
#1380=PLANE('',#1587);
#1381=PLANE('',#1588);
#1382=PLANE('',#1589);
#1383=PLANE('',#1592);
#1384=PLANE('',#1597);
#1385=PLANE('',#1602);
#1386=PLANE('',#1607);
#1387=ADVANCED_FACE('',(#1187),#1324,.F.);
#1388=ADVANCED_FACE('',(#1188),#1325,.F.);
#1389=ADVANCED_FACE('',(#1189),#1326,.T.);
#1390=ADVANCED_FACE('',(#1190),#1327,.T.);
#1391=ADVANCED_FACE('',(#1191),#1328,.F.);
#1392=ADVANCED_FACE('',(#1192),#1329,.T.);
#1393=ADVANCED_FACE('',(#1193,#1194),#1330,.F.);
#1394=ADVANCED_FACE('',(#1195,#1196),#1331,.F.);
#1395=ADVANCED_FACE('',(#1197),#1332,.F.);
#1396=ADVANCED_FACE('',(#1198),#1333,.T.);
#1397=ADVANCED_FACE('',(#1199,#1200,#1201),#1334,.T.);
#1398=ADVANCED_FACE('',(#1202),#1335,.F.);
#1399=ADVANCED_FACE('',(#1203),#1336,.T.);
#1400=ADVANCED_FACE('',(#1204),#1337,.F.);
#1401=ADVANCED_FACE('',(#1205),#1338,.T.);
#1402=ADVANCED_FACE('',(#1206),#1339,.T.);
#1403=ADVANCED_FACE('',(#1207),#1340,.T.);
#1404=ADVANCED_FACE('',(#1208,#1209),#12,.F.);
#1405=ADVANCED_FACE('',(#1210,#1211),#1341,.T.);
#1406=ADVANCED_FACE('',(#1212,#1213),#13,.F.);
#1407=ADVANCED_FACE('',(#1214,#1215),#14,.F.);
#1408=ADVANCED_FACE('',(#1216,#1217),#1342,.T.);
#1409=ADVANCED_FACE('',(#1218,#1219),#15,.F.);
#1410=ADVANCED_FACE('',(#1220),#1343,.F.);
#1411=ADVANCED_FACE('',(#1221),#1344,.F.);
#1412=ADVANCED_FACE('',(#1222),#1345,.T.);
#1413=ADVANCED_FACE('',(#1223),#1346,.T.);
#1414=ADVANCED_FACE('',(#1224),#1347,.F.);
#1415=ADVANCED_FACE('',(#1225),#1348,.F.);
#1416=ADVANCED_FACE('',(#1226),#1349,.F.);
#1417=ADVANCED_FACE('',(#1227),#1350,.T.);
#1418=ADVANCED_FACE('',(#1228),#1351,.F.);
#1419=ADVANCED_FACE('',(#1229),#1352,.T.);
#1420=ADVANCED_FACE('',(#1230),#1353,.T.);
#1421=ADVANCED_FACE('',(#1231,#1232,#1233,#1234,#1235),#1354,.F.);
#1422=ADVANCED_FACE('',(#1236,#1237),#16,.F.);
#1423=ADVANCED_FACE('',(#1238),#1355,.T.);
#1424=ADVANCED_FACE('',(#1239,#1240,#1241,#1242,#1243,#1244),#1356,.F.);
#1425=ADVANCED_FACE('',(#1245),#1357,.F.);
#1426=ADVANCED_FACE('',(#1246),#1358,.F.);
#1427=ADVANCED_FACE('',(#1247),#1359,.F.);
#1428=ADVANCED_FACE('',(#1248),#1360,.T.);
#1429=ADVANCED_FACE('',(#1249),#1361,.F.);
#1430=ADVANCED_FACE('',(#1250),#1362,.T.);
#1431=ADVANCED_FACE('',(#1251,#1252,#1253,#1254,#1255),#1363,.T.);
#1432=ADVANCED_FACE('',(#1256,#1257,#1258,#1259,#1260,#1261),#1364,.T.);
#1433=ADVANCED_FACE('',(#1262),#1365,.T.);
#1434=ADVANCED_FACE('',(#1263),#1366,.F.);
#1435=ADVANCED_FACE('',(#1264),#1367,.F.);
#1436=ADVANCED_FACE('',(#1265),#1368,.T.);
#1437=ADVANCED_FACE('',(#1266),#1369,.T.);
#1438=ADVANCED_FACE('',(#1267),#1370,.T.);
#1439=ADVANCED_FACE('',(#1268),#1371,.T.);
#1440=ADVANCED_FACE('',(#1269),#1372,.F.);
#1441=ADVANCED_FACE('',(#1270,#1271),#17,.F.);
#1442=ADVANCED_FACE('',(#1272,#1273),#1373,.T.);
#1443=ADVANCED_FACE('',(#1274,#1275),#18,.F.);
#1444=ADVANCED_FACE('',(#1276,#1277),#19,.F.);
#1445=ADVANCED_FACE('',(#1278,#1279),#1374,.T.);
#1446=ADVANCED_FACE('',(#1280,#1281),#20,.F.);
#1447=ADVANCED_FACE('',(#1282,#1283),#21,.F.);
#1448=ADVANCED_FACE('',(#1284,#1285),#1375,.T.);
#1449=ADVANCED_FACE('',(#1286,#1287),#22,.F.);
#1450=ADVANCED_FACE('',(#1288,#1289),#23,.F.);
#1451=ADVANCED_FACE('',(#1290,#1291),#1376,.T.);
#1452=ADVANCED_FACE('',(#1292,#1293),#24,.F.);
#1453=ADVANCED_FACE('',(#1294),#1377,.F.);
#1454=ADVANCED_FACE('',(#1295),#1378,.F.);
#1455=ADVANCED_FACE('',(#1296),#1379,.F.);
#1456=ADVANCED_FACE('',(#1297),#1380,.F.);
#1457=ADVANCED_FACE('',(#1298),#1381,.T.);
#1458=ADVANCED_FACE('',(#1299),#1382,.T.);
#1459=ADVANCED_FACE('',(#1300,#1301),#25,.F.);
#1460=ADVANCED_FACE('',(#1302,#1303),#1383,.T.);
#1461=ADVANCED_FACE('',(#1304,#1305),#26,.F.);
#1462=ADVANCED_FACE('',(#1306,#1307),#27,.F.);
#1463=ADVANCED_FACE('',(#1308,#1309),#1384,.T.);
#1464=ADVANCED_FACE('',(#1310,#1311),#28,.F.);
#1465=ADVANCED_FACE('',(#1312,#1313),#29,.F.);
#1466=ADVANCED_FACE('',(#1314,#1315),#1385,.T.);
#1467=ADVANCED_FACE('',(#1316,#1317),#30,.F.);
#1468=ADVANCED_FACE('',(#1318,#1319),#31,.F.);
#1469=ADVANCED_FACE('',(#1320,#1321),#1386,.T.);
#1470=ADVANCED_FACE('',(#1322,#1323),#32,.F.);
#1471=CLOSED_SHELL('',(#1387,#1388,#1389,#1390,#1391,#1392,#1393,#1394,
#1395,#1396,#1397,#1398,#1399,#1400,#1401,#1402,#1403,#1404,#1405,#1406,
#1407,#1408,#1409,#1410,#1411,#1412,#1413,#1414,#1415,#1416,#1417,#1418,
#1419,#1420,#1421,#1422,#1423,#1424,#1425,#1426,#1427,#1428,#1429,#1430,
#1431,#1432,#1433,#1434,#1435,#1436,#1437,#1438,#1439,#1440,#1441,#1442,
#1443,#1444,#1445,#1446,#1447,#1448,#1449,#1450,#1451,#1452,#1453,#1454,
#1455,#1456,#1457,#1458,#1459,#1460,#1461,#1462,#1463,#1464,#1465,#1466,
#1467,#1468,#1469,#1470));
#1472=STYLED_ITEM('',(#1473),#1480);
#1473=PRESENTATION_STYLE_ASSIGNMENT((#1474));
#1474=SURFACE_STYLE_USAGE(.BOTH.,#1475);
#1475=SURFACE_SIDE_STYLE('',(#1476));
#1476=SURFACE_STYLE_FILL_AREA(#1477);
#1477=FILL_AREA_STYLE('',(#1478));
#1478=FILL_AREA_STYLE_COLOUR('',#1479);
#1479=COLOUR_RGB('',0.615686274509804,0.811764705882353,0.929411764705882);
#1480=MANIFOLD_SOLID_BREP('Link 4 Follower',#1471);
#1481=SHAPE_DEFINITION_REPRESENTATION(#2417,#1482);
#1482=SHAPE_REPRESENTATION('Link 4 Follower',(#1483),#2412);
#1483=AXIS2_PLACEMENT_3D('',#2007,#1610,#1611);
#1484=AXIS2_PLACEMENT_3D('',#2008,#1612,#1613);
#1485=AXIS2_PLACEMENT_3D('',#2023,#1621,#1622);
#1486=AXIS2_PLACEMENT_3D('',#2036,#1629,#1630);
#1487=AXIS2_PLACEMENT_3D('',#2078,#1652,#1653);
#1488=AXIS2_PLACEMENT_3D('',#2090,#1660,#1661);
#1489=AXIS2_PLACEMENT_3D('',#2101,#1668,#1669);
#1490=AXIS2_PLACEMENT_3D('',#2104,#1672,#1673);
#1491=AXIS2_PLACEMENT_3D('',#2105,#1674,#1675);
#1492=AXIS2_PLACEMENT_3D('',#2116,#1681,#1682);
#1493=AXIS2_PLACEMENT_3D('',#2117,#1683,#1684);
#1494=AXIS2_PLACEMENT_3D('',#2126,#1689,#1690);
#1495=AXIS2_PLACEMENT_3D('',#2135,#1696,#1697);
#1496=AXIS2_PLACEMENT_3D('',#2142,#1702,#1703);
#1497=AXIS2_PLACEMENT_3D('',#2149,#1708,#1709);
#1498=AXIS2_PLACEMENT_3D('',#2151,#1710,#1711);
#1499=AXIS2_PLACEMENT_3D('',#2153,#1712,#1713);
#1500=AXIS2_PLACEMENT_3D('',#2157,#1716,#1717);
#1501=AXIS2_PLACEMENT_3D('',#2161,#1720,#1721);
#1502=AXIS2_PLACEMENT_3D('',#2162,#1722,#1723);
#1503=AXIS2_PLACEMENT_3D('',#2164,#1725,#1726);
#1504=AXIS2_PLACEMENT_3D('',#2166,#1728,#1729);
#1505=AXIS2_PLACEMENT_3D('',#2168,#1731,#1732);
#1506=AXIS2_PLACEMENT_3D('',#2169,#1733,#1734);
#1507=AXIS2_PLACEMENT_3D('',#2171,#1735,#1736);
#1508=AXIS2_PLACEMENT_3D('',#2172,#1737,#1738);
#1509=AXIS2_PLACEMENT_3D('',#2174,#1739,#1740);
#1510=AXIS2_PLACEMENT_3D('',#2175,#1741,#1742);
#1511=AXIS2_PLACEMENT_3D('',#2176,#1743,#1744);
#1512=AXIS2_PLACEMENT_3D('',#2178,#1745,#1746);
#1513=AXIS2_PLACEMENT_3D('',#2179,#1747,#1748);
#1514=AXIS2_PLACEMENT_3D('',#2181,#1749,#1750);
#1515=AXIS2_PLACEMENT_3D('',#2182,#1751,#1752);
#1516=AXIS2_PLACEMENT_3D('',#2184,#1754,#1755);
#1517=AXIS2_PLACEMENT_3D('',#2185,#1756,#1757);
#1518=AXIS2_PLACEMENT_3D('',#2191,#1761,#1762);
#1519=AXIS2_PLACEMENT_3D('',#2193,#1764,#1765);
#1520=AXIS2_PLACEMENT_3D('',#2195,#1767,#1768);
#1521=AXIS2_PLACEMENT_3D('',#2196,#1769,#1770);
#1522=AXIS2_PLACEMENT_3D('',#2200,#1773,#1774);
#1523=AXIS2_PLACEMENT_3D('',#2204,#1777,#1778);
#1524=AXIS2_PLACEMENT_3D('',#2206,#1780,#1781);
#1525=AXIS2_PLACEMENT_3D('',#2207,#1782,#1783);
#1526=AXIS2_PLACEMENT_3D('',#2213,#1787,#1788);
#1527=AXIS2_PLACEMENT_3D('',#2214,#1789,#1790);
#1528=AXIS2_PLACEMENT_3D('',#2216,#1791,#1792);
#1529=AXIS2_PLACEMENT_3D('',#2218,#1793,#1794);
#1530=AXIS2_PLACEMENT_3D('',#2220,#1795,#1796);
#1531=AXIS2_PLACEMENT_3D('',#2235,#1804,#1805);
#1532=AXIS2_PLACEMENT_3D('',#2236,#1806,#1807);
#1533=AXIS2_PLACEMENT_3D('',#2238,#1808,#1809);
#1534=AXIS2_PLACEMENT_3D('',#2240,#1810,#1811);
#1535=AXIS2_PLACEMENT_3D('',#2246,#1815,#1816);
#1536=AXIS2_PLACEMENT_3D('',#2247,#1817,#1818);
#1537=AXIS2_PLACEMENT_3D('',#2249,#1819,#1820);
#1538=AXIS2_PLACEMENT_3D('',#2251,#1821,#1822);
#1539=AXIS2_PLACEMENT_3D('',#2253,#1823,#1824);
#1540=AXIS2_PLACEMENT_3D('',#2268,#1832,#1833);
#1541=AXIS2_PLACEMENT_3D('',#2275,#1838,#1839);
#1542=AXIS2_PLACEMENT_3D('',#2279,#1843,#1844);
#1543=AXIS2_PLACEMENT_3D('',#2285,#1848,#1849);
#1544=AXIS2_PLACEMENT_3D('',#2286,#1850,#1851);
#1545=AXIS2_PLACEMENT_3D('',#2287,#1852,#1853);
#1546=AXIS2_PLACEMENT_3D('',#2289,#1855,#1856);
#1547=AXIS2_PLACEMENT_3D('',#2290,#1857,#1858);
#1548=AXIS2_PLACEMENT_3D('',#2292,#1859,#1860);
#1549=AXIS2_PLACEMENT_3D('',#2294,#1861,#1862);
#1550=AXIS2_PLACEMENT_3D('',#2296,#1863,#1864);
#1551=AXIS2_PLACEMENT_3D('',#2310,#1872,#1873);
#1552=AXIS2_PLACEMENT_3D('',#2311,#1874,#1875);
#1553=AXIS2_PLACEMENT_3D('',#2313,#1876,#1877);
#1554=AXIS2_PLACEMENT_3D('',#2315,#1878,#1879);
#1555=AXIS2_PLACEMENT_3D('',#2317,#1880,#1881);
#1556=AXIS2_PLACEMENT_3D('',#2330,#1888,#1889);
#1557=AXIS2_PLACEMENT_3D('',#2332,#1891,#1892);
#1558=AXIS2_PLACEMENT_3D('',#2333,#1893,#1894);
#1559=AXIS2_PLACEMENT_3D('',#2335,#1896,#1897);
#1560=AXIS2_PLACEMENT_3D('',#2337,#1899,#1900);
#1561=AXIS2_PLACEMENT_3D('',#2339,#1902,#1903);
#1562=AXIS2_PLACEMENT_3D('',#2341,#1905,#1906);
#1563=AXIS2_PLACEMENT_3D('',#2343,#1908,#1909);
#1564=AXIS2_PLACEMENT_3D('',#2344,#1910,#1911);
#1565=AXIS2_PLACEMENT_3D('',#2345,#1912,#1913);
#1566=AXIS2_PLACEMENT_3D('',#2347,#1914,#1915);
#1567=AXIS2_PLACEMENT_3D('',#2348,#1916,#1917);
#1568=AXIS2_PLACEMENT_3D('',#2350,#1918,#1919);
#1569=AXIS2_PLACEMENT_3D('',#2351,#1920,#1921);
#1570=AXIS2_PLACEMENT_3D('',#2352,#1922,#1923);
#1571=AXIS2_PLACEMENT_3D('',#2354,#1924,#1925);
#1572=AXIS2_PLACEMENT_3D('',#2355,#1926,#1927);
#1573=AXIS2_PLACEMENT_3D('',#2357,#1928,#1929);
#1574=AXIS2_PLACEMENT_3D('',#2358,#1930,#1931);
#1575=AXIS2_PLACEMENT_3D('',#2359,#1932,#1933);
#1576=AXIS2_PLACEMENT_3D('',#2361,#1934,#1935);
#1577=AXIS2_PLACEMENT_3D('',#2362,#1936,#1937);
#1578=AXIS2_PLACEMENT_3D('',#2364,#1938,#1939);
#1579=AXIS2_PLACEMENT_3D('',#2365,#1940,#1941);
#1580=AXIS2_PLACEMENT_3D('',#2366,#1942,#1943);
#1581=AXIS2_PLACEMENT_3D('',#2368,#1944,#1945);
#1582=AXIS2_PLACEMENT_3D('',#2369,#1946,#1947);
#1583=AXIS2_PLACEMENT_3D('',#2371,#1948,#1949);
#1584=AXIS2_PLACEMENT_3D('',#2372,#1950,#1951);
#1585=AXIS2_PLACEMENT_3D('',#2375,#1954,#1955);
#1586=AXIS2_PLACEMENT_3D('',#2377,#1957,#1958);
#1587=AXIS2_PLACEMENT_3D('',#2379,#1960,#1961);
#1588=AXIS2_PLACEMENT_3D('',#2381,#1963,#1964);
#1589=AXIS2_PLACEMENT_3D('',#2382,#1965,#1966);
#1590=AXIS2_PLACEMENT_3D('',#2383,#1967,#1968);
#1591=AXIS2_PLACEMENT_3D('',#2384,#1969,#1970);
#1592=AXIS2_PLACEMENT_3D('',#2386,#1971,#1972);
#1593=AXIS2_PLACEMENT_3D('',#2387,#1973,#1974);
#1594=AXIS2_PLACEMENT_3D('',#2389,#1975,#1976);
#1595=AXIS2_PLACEMENT_3D('',#2390,#1977,#1978);
#1596=AXIS2_PLACEMENT_3D('',#2391,#1979,#1980);
#1597=AXIS2_PLACEMENT_3D('',#2393,#1981,#1982);
#1598=AXIS2_PLACEMENT_3D('',#2394,#1983,#1984);
#1599=AXIS2_PLACEMENT_3D('',#2396,#1985,#1986);
#1600=AXIS2_PLACEMENT_3D('',#2397,#1987,#1988);
#1601=AXIS2_PLACEMENT_3D('',#2398,#1989,#1990);
#1602=AXIS2_PLACEMENT_3D('',#2400,#1991,#1992);
#1603=AXIS2_PLACEMENT_3D('',#2401,#1993,#1994);
#1604=AXIS2_PLACEMENT_3D('',#2403,#1995,#1996);
#1605=AXIS2_PLACEMENT_3D('',#2404,#1997,#1998);
#1606=AXIS2_PLACEMENT_3D('',#2405,#1999,#2000);
#1607=AXIS2_PLACEMENT_3D('',#2407,#2001,#2002);
#1608=AXIS2_PLACEMENT_3D('',#2408,#2003,#2004);
#1609=AXIS2_PLACEMENT_3D('',#2410,#2005,#2006);
#1610=DIRECTION('',(0.,0.,1.));
#1611=DIRECTION('',(1.,0.,0.));
#1612=DIRECTION('',(-2.5729418595688E-14,1.,-1.70599211840595E-16));
#1613=DIRECTION('',(0.999973870951454,2.5725949148736E-14,-0.00722892899151616));
#1614=DIRECTION('',(-1.,-2.56739074444567E-14,-1.10443564710027E-18));
#1615=DIRECTION('',(1.10443564700755E-18,3.61150454160353E-15,-1.));
#1616=DIRECTION('',(-0.342020143325669,-8.96029025626185E-15,-0.939692620785908));
#1617=DIRECTION('',(-1.,-2.56704379975048E-14,-2.3749742558548E-19));
#1618=DIRECTION('',(2.45639554703747E-19,1.70599211840595E-16,1.));
#1619=DIRECTION('',(-1.,-2.56704379975048E-14,-2.3749742558548E-19));
#1620=DIRECTION('',(6.48075520768878E-19,-3.61150454160353E-15,1.));
#1621=DIRECTION('',(2.5729418595688E-14,-1.,1.70599211840595E-16));
#1622=DIRECTION('',(-0.999973870951454,-2.5725949148736E-14,0.00722892899151616));
#1623=DIRECTION('',(1.,2.5729418595688E-14,-7.17371906077303E-15));
#1624=DIRECTION('',(-7.17371906077303E-15,1.51654938120581E-31,-1.));
#1625=DIRECTION('',(0.342020143325672,8.63966861530492E-15,-0.939692620785907));
#1626=DIRECTION('',(1.,0.,-1.21728166132377E-18));
#1627=DIRECTION('',(-1.,-2.5729418595688E-14,7.17371906077303E-15));
#1628=DIRECTION('',(-0.707106781186544,-1.80728145054406E-14,0.707106781186551));
#1629=DIRECTION('',(-1.,0.,2.45639554703747E-19));
#1630=DIRECTION('',(0.,1.,0.));
#1631=DIRECTION('',(-2.45639554703747E-19,0.,-1.));
#1632=DIRECTION('',(-1.74266876010704E-19,-0.704764402368567,-0.70944142616151));
#1633=DIRECTION('',(2.45639554703747E-19,0.,1.));
#1634=DIRECTION('',(0.,1.,0.));
#1635=DIRECTION('',(-1.74512313657452E-19,0.703757165444026,-0.710440604193053));
#1636=DIRECTION('',(2.45639554703747E-19,0.,1.));
#1637=DIRECTION('',(0.,1.,0.));
#1638=DIRECTION('',(2.45639554703747E-19,0.,1.));
#1639=DIRECTION('',(2.45639554703747E-19,0.,1.));
#1640=DIRECTION('',(2.43495258384613E-34,-1.,9.91270557701033E-16));
#1641=DIRECTION('',(-2.45639554703747E-19,-1.38777878078145E-15,-1.));
#1642=DIRECTION('',(2.43495258384613E-34,-1.,9.91270557701033E-16));
#1643=DIRECTION('',(2.45639554703747E-19,0.,1.));
#1644=DIRECTION('',(0.,-1.,0.));
#1645=DIRECTION('',(2.45639554703747E-19,0.,1.));
#1646=DIRECTION('',(0.,1.,0.));
#1647=DIRECTION('',(2.45639554703747E-19,0.,1.));
#1648=DIRECTION('',(0.,-1.,0.));
#1649=DIRECTION('',(-2.45639554703747E-19,0.,-1.));
#1650=DIRECTION('',(-2.45639554703747E-19,0.,-1.));
#1651=DIRECTION('',(0.,-1.,0.));
#1652=DIRECTION('',(1.,0.,-2.45639554703747E-19));
#1653=DIRECTION('',(-2.45639554703747E-19,0.,-1.));
#1654=DIRECTION('',(-2.45639554703747E-19,0.,-1.));
#1655=DIRECTION('',(-8.64806318943979E-19,0.703757165444026,-0.710440604193053));
#1656=DIRECTION('',(4.49120937216078E-34,1.,3.68953999296817E-16));
#1657=DIRECTION('',(-8.63590037849784E-19,-0.704764402368567,-0.70944142616151));
#1658=DIRECTION('',(-2.45639554703747E-19,0.,-1.));
#1659=DIRECTION('',(0.,-1.,0.));
#1660=DIRECTION('',(0.,-1.,0.));
#1661=DIRECTION('',(1.,0.,-2.45639554703747E-19));
#1662=DIRECTION('',(1.,0.,-2.45639554703747E-19));
#1663=DIRECTION('',(1.,0.,-2.45639554703747E-19));
#1664=DIRECTION('',(-2.45639554703747E-19,0.,-1.));
#1665=DIRECTION('',(1.,0.,-2.45639554703747E-19));
#1666=DIRECTION('',(1.,0.,-2.45639554703747E-19));
#1667=DIRECTION('',(-2.45639554703747E-19,0.,-1.));
#1668=DIRECTION('',(0.,-1.,0.));
#1669=DIRECTION('',(1.,0.,-2.45639554703747E-19));
#1670=DIRECTION('',(1.,0.,-2.45639554703747E-19));
#1671=DIRECTION('',(1.,0.,-2.45639554703747E-19));
#1672=DIRECTION('',(2.45639554703747E-19,0.,1.));
#1673=DIRECTION('',(1.,0.,-2.45639554703747E-19));
#1674=DIRECTION('',(2.45639554703747E-19,0.,1.));
#1675=DIRECTION('',(0.,-1.,0.));
#1676=DIRECTION('',(0.,-1.,0.));
#1677=DIRECTION('',(-0.866025403784439,-0.5,2.12730094547737E-19));
#1678=DIRECTION('',(1.,0.,-2.45639554703747E-19));
#1679=DIRECTION('',(0.,-1.,0.));
#1680=DIRECTION('',(1.,0.,-2.45639554703747E-19));
#1681=DIRECTION('',(2.45639554703747E-19,0.,1.));
#1682=DIRECTION('',(1.,0.,-2.45639554703747E-19));
#1683=DIRECTION('',(2.45639554703747E-19,0.,1.));
#1684=DIRECTION('',(0.,-1.,0.));
#1685=DIRECTION('',(0.,-1.,0.));
#1686=DIRECTION('',(1.,0.,-2.45639554703747E-19));
#1687=DIRECTION('',(0.,-1.,0.));
#1688=DIRECTION('',(0.866025403784439,-0.5,-2.12730094547743E-19));
#1689=DIRECTION('',(1.,0.,-2.45639554703747E-19));
#1690=DIRECTION('',(-2.45639554703747E-19,0.,-1.));
#1691=DIRECTION('',(0.,-1.,0.));
#1692=DIRECTION('',(2.45639554703747E-19,0.,1.));
#1693=DIRECTION('',(-2.45639554703747E-19,0.,-1.));
#1694=DIRECTION('',(0.,-1.,0.));
#1695=DIRECTION('',(2.45639554703747E-19,0.,1.));
#1696=DIRECTION('',(2.45639554703747E-19,0.,1.));
#1697=DIRECTION('',(1.,0.,-2.45639554703747E-19));
#1698=DIRECTION('',(1.,0.,-2.45639554703747E-19));
#1699=DIRECTION('',(1.,0.,-2.45639554703747E-19));
#1700=DIRECTION('',(1.,0.,-2.45639554703747E-19));
#1701=DIRECTION('',(0.,1.,0.));
#1702=DIRECTION('',(2.45639554703747E-19,0.,1.));
#1703=DIRECTION('',(1.,0.,-2.45639554703747E-19));
#1704=DIRECTION('',(0.,1.,0.));
#1705=DIRECTION('',(0.866025403784439,-0.5,-2.12730094547743E-19));
#1706=DIRECTION('',(-1.,0.,2.45639554703747E-19));
#1707=DIRECTION('',(-0.866025403784439,-0.5,2.12730094547737E-19));
#1708=DIRECTION('',(-2.45639554703747E-19,0.,-1.));
#1709=DIRECTION('',(0.,1.,0.));
#1710=DIRECTION('',(-2.45639554703747E-19,0.,-1.));
#1711=DIRECTION('',(0.,1.,0.));
#1712=DIRECTION('',(0.,1.,0.));
#1713=DIRECTION('',(1.,0.,-2.45639554703747E-19));
#1714=DIRECTION('',(-1.,0.,2.45639554703747E-19));
#1715=DIRECTION('',(-2.45639554703747E-19,0.,-1.));
#1716=DIRECTION('',(0.,1.,0.));
#1717=DIRECTION('',(1.,0.,-2.45639554703747E-19));
#1718=DIRECTION('',(-2.45639554703747E-19,0.,-1.));
#1719=DIRECTION('',(-1.,0.,2.45639554703747E-19));
#1720=DIRECTION('',(0.,1.,0.));
#1721=DIRECTION('',(1.,0.,-2.45639554703747E-19));
#1722=DIRECTION('',(0.,1.,0.));
#1723=DIRECTION('',(1.,0.,-2.45639554703747E-19));
#1724=DIRECTION('',(1.,0.,-2.45639554703747E-19));
#1725=DIRECTION('',(-0.5,-0.866025403784439,1.22819777351874E-19));
#1726=DIRECTION('',(-0.866025403784439,0.5,2.12730094547743E-19));
#1727=DIRECTION('',(-2.45639554703747E-19,0.,-1.));
#1728=DIRECTION('',(-0.5,0.866025403784439,1.22819777351874E-19));
#1729=DIRECTION('',(0.866025403784439,0.5,-2.12730094547737E-19));
#1730=DIRECTION('',(-2.45639554703747E-19,0.,-1.));
#1731=DIRECTION('',(-2.45639554703747E-19,0.,-1.));
#1732=DIRECTION('',(0.,1.,0.));
#1733=DIRECTION('',(-2.45639554703747E-19,0.,-1.));
#1734=DIRECTION('',(0.,1.,0.));
#1735=DIRECTION('',(2.45639554703747E-19,0.,1.));
#1736=DIRECTION('',(0.,-1.,0.));
#1737=DIRECTION('',(-2.45639554703747E-19,0.,-1.));
#1738=DIRECTION('',(0.,1.,0.));
#1739=DIRECTION('',(-2.45639554703747E-19,0.,-1.));
#1740=DIRECTION('',(0.,1.,0.));
#1741=DIRECTION('',(-2.45639554703747E-19,0.,-1.));
#1742=DIRECTION('',(0.,1.,0.));
#1743=DIRECTION('',(-2.45639554703747E-19,0.,-1.));
#1744=DIRECTION('',(0.,1.,0.));
#1745=DIRECTION('',(2.45639554703747E-19,0.,1.));
#1746=DIRECTION('',(0.,-1.,0.));
#1747=DIRECTION('',(-2.45639554703747E-19,0.,-1.));
#1748=DIRECTION('',(0.,1.,0.));
#1749=DIRECTION('',(-2.45639554703747E-19,0.,-1.));
#1750=DIRECTION('',(0.,1.,0.));
#1751=DIRECTION('',(2.45639554703747E-19,0.,1.));
#1752=DIRECTION('',(1.,0.,-2.45639554703747E-19));
#1753=DIRECTION('',(0.,-1.,0.));
#1754=DIRECTION('',(1.,0.,-2.45639554703747E-19));
#1755=DIRECTION('',(0.,-1.,0.));
#1756=DIRECTION('',(2.45639554703747E-19,0.,1.));
#1757=DIRECTION('',(1.,0.,-2.45639554703747E-19));
#1758=DIRECTION('',(0.,-1.,0.));
#1759=DIRECTION('',(-1.,0.,2.45639554703747E-19));
#1760=DIRECTION('',(-1.,0.,2.45639554703747E-19));
#1761=DIRECTION('',(0.,-1.,0.));
#1762=DIRECTION('',(-1.,0.,2.45639554703747E-19));
#1763=DIRECTION('',(2.45639554703747E-19,0.,1.));
#1764=DIRECTION('',(1.,0.,-2.45639554703747E-19));
#1765=DIRECTION('',(0.,-1.,0.));
#1766=DIRECTION('',(2.45639554703747E-19,0.,1.));
#1767=DIRECTION('',(0.,-1.,0.));
#1768=DIRECTION('',(-1.,0.,2.45639554703747E-19));
#1769=DIRECTION('',(-2.45639554703747E-19,-9.91270557701033E-16,-1.));
#1770=DIRECTION('',(-6.04543205204945E-32,-1.,9.91270557701033E-16));
#1771=DIRECTION('',(2.43495258384613E-34,-1.,9.91270557701033E-16));
#1772=DIRECTION('',(-1.,0.,2.45639554703747E-19));
#1773=DIRECTION('',(-2.45639554703747E-19,-9.91270557701033E-16,-1.));
#1774=DIRECTION('',(-6.04543205204945E-32,-1.,9.91270557701033E-16));
#1775=DIRECTION('',(-1.,0.,2.45639554703747E-19));
#1776=DIRECTION('',(2.43495258384613E-34,-1.,9.91270557701033E-16));
#1777=DIRECTION('',(-1.,0.,2.45639554703747E-19));
#1778=DIRECTION('',(2.45639554703747E-19,0.,1.));
#1779=DIRECTION('',(-2.45639554703747E-19,-1.38777878078145E-15,-1.));
#1780=DIRECTION('',(-3.40893361738464E-34,1.,-1.38777878078145E-15));
#1781=DIRECTION('',(6.09867004026639E-17,-1.38777878078145E-15,-1.));
#1782=DIRECTION('',(-0.939692620785907,-2.41777447914797E-14,-0.342020143325672));
#1783=DIRECTION('',(2.5729418595688E-14,-1.,-3.13199494130537E-32));
#1784=DIRECTION('',(-0.342020143325672,-8.63966861530492E-15,0.939692620785907));
#1785=DIRECTION('',(2.5729418595688E-14,-1.,-3.13199494130537E-32));
#1786=DIRECTION('',(-2.5729418595688E-14,1.,3.13199494130313E-32));
#1787=DIRECTION('',(1.,2.5729418595688E-14,-7.17371906077303E-15));
#1788=DIRECTION('',(-7.17497139898554E-15,1.86076197852824E-16,-1.));
#1789=DIRECTION('',(-1.,-2.5729418595688E-14,7.17371906077303E-15));
#1790=DIRECTION('',(-2.5729418595688E-14,1.,-1.56915234342996E-30));
#1791=DIRECTION('',(-1.,-2.5729418595688E-14,7.17371906077303E-15));
#1792=DIRECTION('',(-2.5729418595688E-14,1.,-1.56915234342996E-30));
#1793=DIRECTION('',(-1.,-2.5729418595688E-14,7.17371906077303E-15));
#1794=DIRECTION('',(-2.5729418595688E-14,1.,-1.56915234342996E-30));
#1795=DIRECTION('',(-1.,-2.5729418595688E-14,7.17371906077303E-15));
#1796=DIRECTION('',(-2.5729418595688E-14,1.,-1.56915234342996E-30));
#1797=DIRECTION('',(7.17371906077302E-15,5.17185713175553E-16,1.));
#1798=DIRECTION('',(2.5729418595688E-14,-1.,1.62278022086428E-29));
#1799=DIRECTION('',(-7.17371906077302E-15,-2.42913150062695E-16,-1.));
#1800=DIRECTION('',(1.86954705980831E-14,-0.866025403784439,-0.5));
#1801=DIRECTION('',(2.5869189658856E-14,-0.866025403784439,0.5));
#1802=DIRECTION('',(7.17371906077302E-15,2.42913150062695E-16,1.));
#1803=DIRECTION('',(2.5729418595688E-14,-1.,-1.72394349265465E-29));
#1804=DIRECTION('',(1.,2.56739074444567E-14,2.37073909111866E-19));
#1805=DIRECTION('',(2.56739074444567E-14,-1.,-1.85615411929517E-16));
#1806=DIRECTION('',(-1.,-2.56739074444567E-14,-1.10443564710027E-18));
#1807=DIRECTION('',(-2.56739074444567E-14,1.,1.85615411929517E-16));
#1808=DIRECTION('',(-1.,-2.56739074444567E-14,-1.10443564710027E-18));
#1809=DIRECTION('',(-2.56739074444567E-14,1.,1.85615411929517E-16));
#1810=DIRECTION('',(0.939692620785908,2.41255813722964E-14,-0.342020143325669));
#1811=DIRECTION('',(-2.56739074444567E-14,1.,3.12523767066609E-32));
#1812=DIRECTION('',(0.342020143325669,8.96029025626185E-15,0.939692620785908));
#1813=DIRECTION('',(-2.56739074444567E-14,1.,3.12523767066609E-32));
#1814=DIRECTION('',(2.56739074444567E-14,-1.,-3.12523767066609E-32));
#1815=DIRECTION('',(-1.,-2.56739074444567E-14,-1.10443564710027E-18));
#1816=DIRECTION('',(5.79889368514895E-19,-1.85615411929518E-16,1.));
#1817=DIRECTION('',(1.,2.56739074444567E-14,1.10443564710027E-18));
#1818=DIRECTION('',(2.56739074444567E-14,-1.,1.56576690148081E-30));
#1819=DIRECTION('',(1.,2.56739074444567E-14,1.10443564710027E-18));
#1820=DIRECTION('',(2.56739074444567E-14,-1.,1.56576690148081E-30));
#1821=DIRECTION('',(1.,2.56739074444567E-14,1.10443564710027E-18));
#1822=DIRECTION('',(2.56739074444567E-14,-1.,1.56576690148081E-30));
#1823=DIRECTION('',(1.,2.56739074444567E-14,1.10443564710027E-18));
#1824=DIRECTION('',(2.56739074444567E-14,-1.,1.56576690148081E-30));
#1825=DIRECTION('',(-1.10443564704036E-18,-2.33312176002587E-15,1.));
#1826=DIRECTION('',(2.56739074444567E-14,-1.,1.55191634541866E-30));
#1827=DIRECTION('',(-1.10443564710651E-18,2.42913150062697E-16,1.));
#1828=DIRECTION('',(2.22337038434864E-14,-0.866025403784439,0.5));
#1829=DIRECTION('',(2.22348082791335E-14,-0.866025403784438,-0.5));
#1830=DIRECTION('',(1.10443564710651E-18,-2.42913150062697E-16,-1.));
#1831=DIRECTION('',(2.56739074444567E-14,-1.,1.55191634541866E-30));
#1832=DIRECTION('',(-2.5729418595688E-14,1.,-1.70599211840595E-16));
#1833=DIRECTION('',(0.999973870951454,2.5725949148736E-14,-0.00722892899151616));
#1834=DIRECTION('',(1.,2.5729418595688E-14,-7.17371906077303E-15));
#1835=DIRECTION('',(0.707106781186544,1.80728145054406E-14,-0.707106781186551));
#1836=DIRECTION('',(-1.,-2.5729418595688E-14,7.17371906077303E-15));
#1837=DIRECTION('',(-1.,-2.5729418595688E-14,7.17371906077303E-15));
#1838=DIRECTION('',(1.21728166132377E-18,0.,1.));
#1839=DIRECTION('',(0.99984768321882,-0.0174530903268859,-4.42310280039117E-19));
#1840=DIRECTION('',(-1.,-2.56739074444567E-14,-1.10443564710026E-18));
#1841=DIRECTION('',(-1.,-2.56739074444567E-14,-1.10443564710026E-18));
#1842=DIRECTION('',(-1.,-2.56704379975048E-14,-2.3749742558548E-19));
#1843=DIRECTION('',(2.5729418595688E-14,-1.,1.70599211840595E-16));
#1844=DIRECTION('',(-0.999973870951454,-2.5725949148736E-14,0.00722892899151616));
#1845=DIRECTION('',(-1.,-2.56739074444567E-14,-1.10443564710027E-18));
#1846=DIRECTION('',(-4.03282999012373E-19,2.33312176002587E-15,-1.));
#1847=DIRECTION('',(-1.,-2.56739074444567E-14,-1.10443564710026E-18));
#1848=DIRECTION('',(-8.56670691520214E-19,-0.710440604193053,-0.703757165444025));
#1849=DIRECTION('',(-4.33274282818093E-17,-0.703757165444026,0.710440604193053));
#1850=DIRECTION('',(8.57896782557057E-19,-0.70944142616151,0.704764402368567));
#1851=DIRECTION('',(-4.32664917105506E-17,0.704764402368567,0.70944142616151));
#1852=DIRECTION('',(1.21728166132377E-18,0.,1.));
#1853=DIRECTION('',(0.99984768321882,-0.0174530903268859,-4.42310280039117E-19));
#1854=DIRECTION('',(-2.56739074444567E-14,1.,2.71050543105719E-20));
#1855=DIRECTION('',(1.,2.5729418595688E-14,-7.17371906077303E-15));
#1856=DIRECTION('',(-7.17497139898554E-15,1.86076197852824E-16,-1.));
#1857=DIRECTION('',(-1.,-2.5729418595688E-14,7.17371906077303E-15));
#1858=DIRECTION('',(-2.5729418595688E-14,1.,-1.56915234342996E-30));
#1859=DIRECTION('',(-1.,-2.5729418595688E-14,7.17371906077303E-15));
#1860=DIRECTION('',(-2.5729418595688E-14,1.,-1.56915234342996E-30));
#1861=DIRECTION('',(-1.,-2.5729418595688E-14,7.17371906077303E-15));
#1862=DIRECTION('',(-2.5729418595688E-14,1.,-1.56915234342996E-30));
#1863=DIRECTION('',(-1.,-2.5729418595688E-14,7.17371906077303E-15));
#1864=DIRECTION('',(-2.5729418595688E-14,1.,-1.56915234342996E-30));
#1865=DIRECTION('',(2.5729418595688E-14,-1.,-3.68953999297002E-16));
#1866=DIRECTION('',(-2.5729418595688E-14,1.,1.72394349265464E-29));
#1867=DIRECTION('',(-7.17371906077302E-15,-2.42913150062695E-16,-1.));
#1868=DIRECTION('',(-2.5869189658856E-14,0.866025403784438,-0.5));
#1869=DIRECTION('',(-1.8695470598083E-14,0.866025403784438,0.5));
#1870=DIRECTION('',(7.17371906077302E-15,2.42913150062695E-16,1.));
#1871=DIRECTION('',(-2.5729418595688E-14,1.,-1.62278022086429E-29));
#1872=DIRECTION('',(-1.,-2.56739074444567E-14,-1.10443564710027E-18));
#1873=DIRECTION('',(5.79889368514895E-19,-1.85615411929518E-16,1.));
#1874=DIRECTION('',(1.,2.56739074444567E-14,1.10443564710027E-18));
#1875=DIRECTION('',(2.56739074444567E-14,-1.,1.56576690148081E-30));
#1876=DIRECTION('',(1.,2.56739074444567E-14,1.10443564710027E-18));
#1877=DIRECTION('',(2.56739074444567E-14,-1.,1.56576690148081E-30));
#1878=DIRECTION('',(1.,2.56739074444567E-14,1.10443564710027E-18));
#1879=DIRECTION('',(2.56739074444567E-14,-1.,1.56576690148081E-30));
#1880=DIRECTION('',(1.,2.56739074444567E-14,1.10443564710027E-18));
#1881=DIRECTION('',(2.56739074444567E-14,-1.,1.56576690148081E-30));
#1882=DIRECTION('',(-2.56739074444567E-14,1.,-1.55191634541866E-30));
#1883=DIRECTION('',(-1.10443564710651E-18,2.42913150062697E-16,1.));
#1884=DIRECTION('',(-2.22348082791335E-14,0.866025403784438,0.5));
#1885=DIRECTION('',(-2.22337038434864E-14,0.866025403784438,-0.5));
#1886=DIRECTION('',(1.10443564710651E-18,-2.42913150062697E-16,-1.));
#1887=DIRECTION('',(-2.56739074444567E-14,1.,-1.55191634541866E-30));
#1888=DIRECTION('',(7.17371906077304E-15,-3.68953999296817E-16,1.));
#1889=DIRECTION('',(1.,2.6692736243215E-30,-7.17371906077304E-15));
#1890=DIRECTION('',(-2.5729418595688E-14,1.,3.68953999297002E-16));
#1891=DIRECTION('',(-0.707106781186551,-1.79325564901496E-14,-0.707106781186544));
#1892=DIRECTION('',(2.5729418595688E-14,-1.,-3.68953999297002E-16));
#1893=DIRECTION('',(-7.17371906077303E-15,-2.00803422811138E-28,-1.));
#1894=DIRECTION('',(-1.,0.,7.17371906077303E-15));
#1895=DIRECTION('',(1.,2.5729418595688E-14,-7.17371906077303E-15));
#1896=DIRECTION('',(-2.5729418595688E-14,1.,-2.42913150062511E-16));
#1897=DIRECTION('',(1.,2.5729418595688E-14,6.09867004026639E-17));
#1898=DIRECTION('',(1.,2.5729418595688E-14,-7.17371906077303E-15));
#1899=DIRECTION('',(-1.90773322440861E-14,0.5,-0.866025403784438));
#1900=DIRECTION('',(3.0493350201332E-17,-0.866025403784438,-0.5));
#1901=DIRECTION('',(1.,2.5729418595688E-14,-7.17371906077303E-15));
#1902=DIRECTION('',(6.65208635160193E-15,-0.5,-0.866025403784439));
#1903=DIRECTION('',(-3.0493350201332E-17,-0.866025403784439,0.5));
#1904=DIRECTION('',(1.,2.5729418595688E-14,-7.17371906077303E-15));
#1905=DIRECTION('',(2.5729418595688E-14,-1.,2.4291315006251E-16));
#1906=DIRECTION('',(-1.,-2.5729418595688E-14,-6.09867004026639E-17));
#1907=DIRECTION('',(1.,2.5729418595688E-14,-7.17371906077303E-15));
#1908=DIRECTION('',(-7.17371906077303E-15,-1.67336185675949E-28,-1.));
#1909=DIRECTION('',(-1.,0.,7.17371906077303E-15));
#1910=DIRECTION('',(-1.,-2.5729418595688E-14,7.17371906077303E-15));
#1911=DIRECTION('',(-2.5729418595688E-14,1.,-1.56915234342996E-30));
#1912=DIRECTION('',(-1.,-2.5729418595688E-14,7.17371906077303E-15));
#1913=DIRECTION('',(-2.5729418595688E-14,1.,-1.56915234342996E-30));
#1914=DIRECTION('',(1.,2.5729418595688E-14,-7.17371906077303E-15));
#1915=DIRECTION('',(2.5729418595688E-14,-1.,1.56915234342996E-30));
#1916=DIRECTION('',(-1.,-2.5729418595688E-14,7.17371906077303E-15));
#1917=DIRECTION('',(-2.5729418595688E-14,1.,-1.56915234342996E-30));
#1918=DIRECTION('',(-1.,-2.5729418595688E-14,7.17371906077303E-15));
#1919=DIRECTION('',(-2.5729418595688E-14,1.,-1.56915234342996E-30));
#1920=DIRECTION('',(-1.,-2.5729418595688E-14,7.17371906077303E-15));
#1921=DIRECTION('',(-2.5729418595688E-14,1.,-1.56915234342996E-30));
#1922=DIRECTION('',(-1.,-2.5729418595688E-14,7.17371906077303E-15));
#1923=DIRECTION('',(-2.5729418595688E-14,1.,-1.56915234342996E-30));
#1924=DIRECTION('',(1.,2.5729418595688E-14,-7.17371906077303E-15));
#1925=DIRECTION('',(2.5729418595688E-14,-1.,1.56915234342996E-30));
#1926=DIRECTION('',(-1.,-2.5729418595688E-14,7.17371906077303E-15));
#1927=DIRECTION('',(-2.5729418595688E-14,1.,-1.56915234342996E-30));
#1928=DIRECTION('',(-1.,-2.5729418595688E-14,7.17371906077303E-15));
#1929=DIRECTION('',(-2.5729418595688E-14,1.,-1.56915234342996E-30));
#1930=DIRECTION('',(-1.,-2.5729418595688E-14,7.17371906077303E-15));
#1931=DIRECTION('',(-2.5729418595688E-14,1.,-1.56915234342996E-30));
#1932=DIRECTION('',(-1.,-2.5729418595688E-14,7.17371906077303E-15));
#1933=DIRECTION('',(-2.5729418595688E-14,1.,-1.56915234342996E-30));
#1934=DIRECTION('',(1.,2.5729418595688E-14,-7.17371906077303E-15));
#1935=DIRECTION('',(2.5729418595688E-14,-1.,1.56915234342996E-30));
#1936=DIRECTION('',(-1.,-2.5729418595688E-14,7.17371906077303E-15));
#1937=DIRECTION('',(-2.5729418595688E-14,1.,-1.56915234342996E-30));
#1938=DIRECTION('',(-1.,-2.5729418595688E-14,7.17371906077303E-15));
#1939=DIRECTION('',(-2.5729418595688E-14,1.,-1.56915234342996E-30));
#1940=DIRECTION('',(-1.,-2.5729418595688E-14,7.17371906077303E-15));
#1941=DIRECTION('',(-2.5729418595688E-14,1.,-1.56915234342996E-30));
#1942=DIRECTION('',(-1.,-2.5729418595688E-14,7.17371906077303E-15));
#1943=DIRECTION('',(-2.5729418595688E-14,1.,-1.56915234342996E-30));
#1944=DIRECTION('',(1.,2.5729418595688E-14,-7.17371906077303E-15));
#1945=DIRECTION('',(2.5729418595688E-14,-1.,1.56915234342996E-30));
#1946=DIRECTION('',(-1.,-2.5729418595688E-14,7.17371906077303E-15));
#1947=DIRECTION('',(-2.5729418595688E-14,1.,-1.56915234342996E-30));
#1948=DIRECTION('',(-1.,-2.5729418595688E-14,7.17371906077303E-15));
#1949=DIRECTION('',(-2.5729418595688E-14,1.,-1.56915234342996E-30));
#1950=DIRECTION('',(-1.28379101915556E-14,0.5,0.866025403784438));
#1951=DIRECTION('',(3.0493350201332E-17,0.866025403784439,-0.5));
#1952=DIRECTION('',(-1.,-2.56739074444567E-14,-1.10443564710027E-18));
#1953=DIRECTION('',(-1.,-2.56739074444567E-14,-1.10443564710027E-18));
#1954=DIRECTION('',(1.28359972529011E-14,-0.5,0.866025403784438));
#1955=DIRECTION('',(-3.0493350201332E-17,0.866025403784438,0.5));
#1956=DIRECTION('',(-1.,-2.56739074444567E-14,-1.10443564710027E-18));
#1957=DIRECTION('',(-2.56739074444567E-14,1.,-2.42913150062697E-16));
#1958=DIRECTION('',(1.,2.56739074444567E-14,6.09867004026639E-17));
#1959=DIRECTION('',(-1.,-2.56739074444567E-14,-1.10443564710027E-18));
#1960=DIRECTION('',(2.56739074444567E-14,-1.,2.42913150062698E-16));
#1961=DIRECTION('',(-1.,-2.56739074444567E-14,-6.09867004026639E-17));
#1962=DIRECTION('',(-1.,-2.56739074444567E-14,-1.10443564710027E-18));
#1963=DIRECTION('',(-1.10443564710027E-18,1.52356116683664E-30,1.));
#1964=DIRECTION('',(1.,0.,1.10443564710027E-18));
#1965=DIRECTION('',(-1.10443564710027E-18,1.52356116683665E-30,1.));
#1966=DIRECTION('',(1.,0.,1.10443564710027E-18));
#1967=DIRECTION('',(1.,2.56739074444567E-14,1.10443564710027E-18));
#1968=DIRECTION('',(2.56739074444567E-14,-1.,1.56576690148081E-30));
#1969=DIRECTION('',(1.,2.56739074444567E-14,1.10443564710027E-18));
#1970=DIRECTION('',(2.56739074444567E-14,-1.,1.56576690148081E-30));
#1971=DIRECTION('',(-1.,-2.56739074444567E-14,-1.10443564710027E-18));
#1972=DIRECTION('',(-2.56739074444567E-14,1.,-1.56576690148081E-30));
#1973=DIRECTION('',(1.,2.56739074444567E-14,1.10443564710027E-18));
#1974=DIRECTION('',(2.56739074444567E-14,-1.,1.56576690148081E-30));
#1975=DIRECTION('',(1.,2.56739074444567E-14,1.10443564710027E-18));
#1976=DIRECTION('',(2.56739074444567E-14,-1.,1.56576690148081E-30));
#1977=DIRECTION('',(1.,2.56739074444567E-14,1.10443564710027E-18));
#1978=DIRECTION('',(2.56739074444567E-14,-1.,1.56576690148081E-30));
#1979=DIRECTION('',(1.,2.56739074444567E-14,1.10443564710027E-18));
#1980=DIRECTION('',(2.56739074444567E-14,-1.,1.56576690148081E-30));
#1981=DIRECTION('',(-1.,-2.56739074444567E-14,-1.10443564710027E-18));
#1982=DIRECTION('',(-2.56739074444567E-14,1.,-1.56576690148081E-30));
#1983=DIRECTION('',(1.,2.56739074444567E-14,1.10443564710027E-18));
#1984=DIRECTION('',(2.56739074444567E-14,-1.,1.56576690148081E-30));
#1985=DIRECTION('',(1.,2.56739074444567E-14,1.10443564710027E-18));
#1986=DIRECTION('',(2.56739074444567E-14,-1.,1.56576690148081E-30));
#1987=DIRECTION('',(1.,2.56739074444567E-14,1.10443564710027E-18));
#1988=DIRECTION('',(2.56739074444567E-14,-1.,1.56576690148081E-30));
#1989=DIRECTION('',(1.,2.56739074444567E-14,1.10443564710027E-18));
#1990=DIRECTION('',(2.56739074444567E-14,-1.,1.56576690148081E-30));
#1991=DIRECTION('',(-1.,-2.56739074444567E-14,-1.10443564710027E-18));
#1992=DIRECTION('',(-2.56739074444567E-14,1.,-1.56576690148081E-30));
#1993=DIRECTION('',(1.,2.56739074444567E-14,1.10443564710027E-18));
#1994=DIRECTION('',(2.56739074444567E-14,-1.,1.56576690148081E-30));
#1995=DIRECTION('',(1.,2.56739074444567E-14,1.10443564710027E-18));
#1996=DIRECTION('',(2.56739074444567E-14,-1.,1.56576690148081E-30));
#1997=DIRECTION('',(1.,2.56739074444567E-14,1.10443564710027E-18));
#1998=DIRECTION('',(2.56739074444567E-14,-1.,1.56576690148081E-30));
#1999=DIRECTION('',(1.,2.56739074444567E-14,1.10443564710027E-18));
#2000=DIRECTION('',(2.56739074444567E-14,-1.,1.56576690148081E-30));
#2001=DIRECTION('',(-1.,-2.56739074444567E-14,-1.10443564710027E-18));
#2002=DIRECTION('',(-2.56739074444567E-14,1.,-1.56576690148081E-30));
#2003=DIRECTION('',(1.,2.56739074444567E-14,1.10443564710027E-18));
#2004=DIRECTION('',(2.56739074444567E-14,-1.,1.56576690148081E-30));
#2005=DIRECTION('',(1.,2.56739074444567E-14,1.10443564710027E-18));
#2006=DIRECTION('',(2.56739074444567E-14,-1.,1.56576690148081E-30));
#2007=CARTESIAN_POINT('',(0.,0.,0.));
#2008=CARTESIAN_POINT('',(-0.0503523785945439,0.0487953608946938,-0.0273541850607619));
#2009=CARTESIAN_POINT('',(-0.0894003785945442,0.0487953608946987,-0.005948));
#2010=CARTESIAN_POINT('',(-0.0894023785945442,0.0487953608946987,-0.005948));
#2011=CARTESIAN_POINT('',(-0.0954023785945442,0.0487953608946986,-0.005948));
#2012=CARTESIAN_POINT('',(-0.0894023785945442,0.0487953608946988,-0.0273541850607615));
#2013=CARTESIAN_POINT('',(-0.0894023785945442,0.0487953608946987,-0.0135));
#2014=CARTESIAN_POINT('',(-0.0892870455961232,0.0487953608946928,-0.0131831251911204));
#2015=CARTESIAN_POINT('',(-0.0864906167204146,0.0487953608946989,-0.0055));
#2016=CARTESIAN_POINT('',(-0.0894003785945442,0.0487953608946988,-0.0055));
#2017=CARTESIAN_POINT('',(-0.0625556859385571,0.0487953608946995,-0.0055));
#2018=CARTESIAN_POINT('',(-0.0625556859385571,0.0487953608946935,-0.0273541850607619));
#2019=CARTESIAN_POINT('',(-0.0625556859385558,0.0487953608946991,-0.000499999999999987));
#2020=CARTESIAN_POINT('',(-0.0894003785945442,0.0487953608946988,-0.00049999999999998));
#2021=CARTESIAN_POINT('',(-0.0954023785945442,0.0487953608946986,-0.00049999999999998));
#2022=CARTESIAN_POINT('',(-0.0954023785945442,0.0487953608946986,-0.0273541850607615));
#2023=CARTESIAN_POINT('',(-0.0503523785945444,0.0675953608946998,-0.0273541850607619));
#2024=CARTESIAN_POINT('',(-0.0523543785945442,0.0675953608946998,-0.005948));
#2025=CARTESIAN_POINT('',(-0.0523523785945443,0.0675953608946998,-0.005948));
#2026=CARTESIAN_POINT('',(-0.0463523785945442,0.0675953608946999,-0.005948));
#2027=CARTESIAN_POINT('',(-0.0523523785945443,0.0675953608946998,-0.019364638795573));
#2028=CARTESIAN_POINT('',(-0.0523523785945443,0.0675953608946998,-0.0134999999999934));
#2029=CARTESIAN_POINT('',(-0.0476657737879801,0.0675953608946999,-0.0263763408799359));
#2030=CARTESIAN_POINT('',(-0.0552641404686715,0.0675953608946937,-0.0055));
#2031=CARTESIAN_POINT('',(-0.0625576859385571,0.0675953608946939,-0.0055));
#2032=CARTESIAN_POINT('',(-0.0468006859385571,0.0675953608946939,-0.0055));
#2033=CARTESIAN_POINT('',(-0.0463523785945442,0.0675953608946999,-0.0055));
#2034=CARTESIAN_POINT('',(-0.0468003785945442,0.0675953608946999,-0.0055));
#2035=CARTESIAN_POINT('',(-0.0463523785945442,0.0675953608946999,-0.005948));
#2036=CARTESIAN_POINT('',(-0.0625556859385558,0.043842398174866,0.0191));
#2037=CARTESIAN_POINT('',(-0.0625556859385558,0.0725623981748661,0.0191));
#2038=CARTESIAN_POINT('',(-0.0625556859385558,0.0725623981748661,0.0387));
#2039=CARTESIAN_POINT('',(-0.0625556859385571,0.0725623981748662,-0.00049999999999998));
#2040=CARTESIAN_POINT('',(-0.062555685938557,0.07007887953478,-0.003));
#2041=CARTESIAN_POINT('',(-0.0625556859385571,0.0675953608946935,-0.0055));
#2042=CARTESIAN_POINT('',(-0.062555685938557,0.0675953608946939,-0.0105));
#2043=CARTESIAN_POINT('',(-0.0625556859385558,0.067595360894693,-0.000499999999999987));
#2044=CARTESIAN_POINT('',(-0.0625556859385558,0.043842398174866,-0.000499999999999987));
#2045=CARTESIAN_POINT('',(-0.062555685938557,0.0463188795347801,-0.003));
#2046=CARTESIAN_POINT('',(-0.0625556859385558,0.043842398174866,-0.000499999999999987));
#2047=CARTESIAN_POINT('',(-0.0625556859385558,0.043842398174866,0.0191));
#2048=CARTESIAN_POINT('',(-0.0625556859385558,0.043842398174866,0.0387));
#2049=CARTESIAN_POINT('',(-0.0625556859385558,0.043842398174866,0.0387));
#2050=CARTESIAN_POINT('',(-0.0625556859385558,0.0458423981748661,0.0387));
#2051=CARTESIAN_POINT('',(-0.0625556859385558,0.0458423981748661,0.0191));
#2052=CARTESIAN_POINT('',(-0.0625556859385558,0.0458423981748661,0.0359));
#2053=CARTESIAN_POINT('',(-0.0625556859385558,0.0458423981748661,0.0191));
#2054=CARTESIAN_POINT('',(-0.0625556859385558,0.0458423981748661,0.0248));
#2055=CARTESIAN_POINT('',(-0.0625556859385558,0.0389535553425669,0.0248));
#2056=CARTESIAN_POINT('',(-0.0625556859385558,0.0459535553425669,0.0248));
#2057=CARTESIAN_POINT('',(-0.0625556859385558,0.0459535553425669,0.0198));
#2058=CARTESIAN_POINT('',(-0.0625556859385558,0.0459535553425669,0.0148));
#2059=CARTESIAN_POINT('',(-0.0625556859385558,0.0389535553425669,0.0148));
#2060=CARTESIAN_POINT('',(-0.0625556859385558,0.0458423981748661,0.0148));
#2061=CARTESIAN_POINT('',(-0.0625556859385558,0.0458423981748661,0.0191));
#2062=CARTESIAN_POINT('',(-0.0625556859385558,0.0458423981748661,0.0037));
#2063=CARTESIAN_POINT('',(-0.0625556859385558,0.0582023981748661,0.0037));
#2064=CARTESIAN_POINT('',(-0.0625556859385558,0.0488523981748661,0.0037));
#2065=CARTESIAN_POINT('',(-0.0625556859385558,0.0488523981748661,0.001698));
#2066=CARTESIAN_POINT('',(-0.0625556859385558,0.0488523981748661,0.0017));
#2067=CARTESIAN_POINT('',(-0.0625556859385558,0.0582023981748661,0.0017));
#2068=CARTESIAN_POINT('',(-0.0625556859385558,0.0675523981748661,0.0017));
#2069=CARTESIAN_POINT('',(-0.0625556859385558,0.0675523981748661,0.001698));
#2070=CARTESIAN_POINT('',(-0.0625556859385558,0.0675523981748661,0.0037));
#2071=CARTESIAN_POINT('',(-0.0625556859385558,0.0582023981748661,0.0037));
#2072=CARTESIAN_POINT('',(-0.0625556859385558,0.0705623981748661,0.0037));
#2073=CARTESIAN_POINT('',(-0.0625556859385558,0.0705623981748661,0.0191));
#2074=CARTESIAN_POINT('',(-0.0625556859385558,0.0705623981748661,0.0359));
#2075=CARTESIAN_POINT('',(-0.0625556859385558,0.0705623981748661,0.0191));
#2076=CARTESIAN_POINT('',(-0.0625556859385558,0.0705623981748661,0.0387));
#2077=CARTESIAN_POINT('',(-0.0625556859385558,0.0725623981748661,0.0387));
#2078=CARTESIAN_POINT('',(-0.0468006859385558,0.0582023981748661,0.0191));
#2079=CARTESIAN_POINT('',(-0.0468006859385558,0.043842398174866,0.0367));
#2080=CARTESIAN_POINT('',(-0.0468006859385558,0.043842398174866,0.0387));
#2081=CARTESIAN_POINT('',(-0.0468006859385558,0.043842398174866,-0.00049999999999998));
#2082=CARTESIAN_POINT('',(-0.0468006859385571,0.0463188795347801,-0.003));
#2083=CARTESIAN_POINT('',(-0.0468006859385564,0.0487953608946939,-0.0055));
#2084=CARTESIAN_POINT('',(-0.0468006859385571,0.058195360894708,-0.0055));
#2085=CARTESIAN_POINT('',(-0.0468006859385571,0.07007887953478,-0.003));
#2086=CARTESIAN_POINT('',(-0.0468006859385557,0.0725623981748661,-0.00049999999999998));
#2087=CARTESIAN_POINT('',(-0.0468006859385558,0.0725623981748661,0.0191));
#2088=CARTESIAN_POINT('',(-0.0468006859385558,0.0725623981748661,0.0387));
#2089=CARTESIAN_POINT('',(-0.0468006859385558,0.0582023981748661,0.0387));
#2090=CARTESIAN_POINT('',(-0.0625556859385558,0.0458423981748661,0.0191));
#2091=CARTESIAN_POINT('',(-0.0625556859385558,0.0458423981748661,0.0248));
#2092=CARTESIAN_POINT('',(-0.0605556859385558,0.0458423981748661,0.0248));
#2093=CARTESIAN_POINT('',(-0.0635556859385558,0.0458423981748661,0.0359));
#2094=CARTESIAN_POINT('',(-0.0488006859385558,0.0458423981748661,0.0359));
#2095=CARTESIAN_POINT('',(-0.0488006859385558,0.0458423981748661,0.0367));
#2096=CARTESIAN_POINT('',(-0.0488006859385558,0.0458423981748661,0.0037));
#2097=CARTESIAN_POINT('',(-0.0715106859385558,0.0458423981748661,0.0037));
#2098=CARTESIAN_POINT('',(-0.0625556859385558,0.0458423981748661,0.0148));
#2099=CARTESIAN_POINT('',(-0.0605556859385558,0.0458423981748661,0.0148));
#2100=CARTESIAN_POINT('',(-0.0605556859385558,0.0458423981748661,0.0191));
#2101=CARTESIAN_POINT('',(-0.0625556859385558,0.043842398174866,0.0191));
#2102=CARTESIAN_POINT('',(-0.0715106859385558,0.043842398174866,-0.000499999999999994));
#2103=CARTESIAN_POINT('',(-0.0635556859385558,0.043842398174866,0.0387));
#2104=CARTESIAN_POINT('',(-0.0635556859385558,0.0582023981748661,0.0359));
#2105=CARTESIAN_POINT('',(-0.0551106859385559,0.0684523981748661,0.0359));
#2106=CARTESIAN_POINT('',(-0.0551106859385559,0.0674523981748661,0.0359));
#2107=CARTESIAN_POINT('',(-0.0692414020557717,0.0582023981748661,0.0359));
#2108=CARTESIAN_POINT('',(-0.0692414020557717,0.0667023981748661,0.0359));
#2109=CARTESIAN_POINT('',(-0.0692414020557717,0.0658623981748661,0.0359));
#2110=CARTESIAN_POINT('',(-0.0686577229339437,0.0670393854729739,0.0359));
#2111=CARTESIAN_POINT('',(-0.0635556859385558,0.0705623981748661,0.0359));
#2112=CARTESIAN_POINT('',(-0.0488006859385558,0.0705623981748661,0.0359));
#2113=CARTESIAN_POINT('',(-0.0488006859385558,0.0582023981748661,0.0359));
#2114=CARTESIAN_POINT('',(-0.0488006859385558,0.0658623981748661,0.0359));
#2115=CARTESIAN_POINT('',(-0.0635556859385558,0.0658623981748661,0.0359));
#2116=CARTESIAN_POINT('',(-0.0635556859385558,0.0582023981748661,0.0359));
#2117=CARTESIAN_POINT('',(-0.0551106859385559,0.0479523981748661,0.0359));
#2118=CARTESIAN_POINT('',(-0.0551106859385559,0.0469523981748661,0.0359));
#2119=CARTESIAN_POINT('',(-0.0692414020557717,0.0582023981748661,0.0359));
#2120=CARTESIAN_POINT('',(-0.0692414020557717,0.0505423981748661,0.0359));
#2121=CARTESIAN_POINT('',(-0.0692414020557717,0.0497023981748661,0.0359));
#2122=CARTESIAN_POINT('',(-0.0635556859385558,0.0505423981748661,0.0359));
#2123=CARTESIAN_POINT('',(-0.0488006859385558,0.0505423981748661,0.0359));
#2124=CARTESIAN_POINT('',(-0.0488006859385558,0.0582023981748661,0.0359));
#2125=CARTESIAN_POINT('',(-0.0686577229339436,0.0493654108767583,0.0359));
#2126=CARTESIAN_POINT('',(-0.0488006859385558,0.0582023981748661,0.0191));
#2127=CARTESIAN_POINT('',(-0.0488006859385558,0.0582023981748661,0.0371));
#2128=CARTESIAN_POINT('',(-0.0488006859385558,0.0658623981748661,0.0371));
#2129=CARTESIAN_POINT('',(-0.0488006859385558,0.0505423981748661,0.0371));
#2130=CARTESIAN_POINT('',(-0.0488006859385558,0.0658623981748661,0.035898));
#2131=CARTESIAN_POINT('',(-0.0488006859385558,0.0705623981748661,0.0367));
#2132=CARTESIAN_POINT('',(-0.0488006859385558,0.0705623981748661,0.0037));
#2133=CARTESIAN_POINT('',(-0.0488006859385558,0.0582023981748661,0.0037));
#2134=CARTESIAN_POINT('',(-0.0488006859385558,0.0505423981748661,0.035898));
#2135=CARTESIAN_POINT('',(-0.0715106859385558,0.0582023981748661,0.0037));
#2136=CARTESIAN_POINT('',(-0.0581781859385559,0.0488523981748661,0.0037));
#2137=CARTESIAN_POINT('',(-0.0538006859385558,0.0488523981748661,0.0037));
#2138=CARTESIAN_POINT('',(-0.0715106859385558,0.0705623981748661,0.0037));
#2139=CARTESIAN_POINT('',(-0.0581781859385559,0.0675523981748661,0.0037));
#2140=CARTESIAN_POINT('',(-0.0538006859385558,0.0675523981748661,0.0037));
#2141=CARTESIAN_POINT('',(-0.0538006859385558,0.0582023981748661,0.0037));
#2142=CARTESIAN_POINT('',(-0.0635556859385558,0.0582023981748661,0.0387));
#2143=CARTESIAN_POINT('',(-0.0692414020557717,0.0582023981748661,0.0387));
#2144=CARTESIAN_POINT('',(-0.0692414020557717,0.0497023981748661,0.0387));
#2145=CARTESIAN_POINT('',(-0.0692414020557717,0.0667023981748661,0.0387));
#2146=CARTESIAN_POINT('',(-0.0686577229339436,0.0493654108767583,0.0387));
#2147=CARTESIAN_POINT('',(-0.0635556859385558,0.0725623981748661,0.0387));
#2148=CARTESIAN_POINT('',(-0.0686577229339437,0.0670393854729739,0.0387));
#2149=CARTESIAN_POINT('',(-0.0551106859385559,0.0684523981748661,0.0387));
#2150=CARTESIAN_POINT('',(-0.0551106859385559,0.0704523981748661,0.0387));
#2151=CARTESIAN_POINT('',(-0.0551106859385559,0.0479523981748661,0.0387));
#2152=CARTESIAN_POINT('',(-0.0551106859385559,0.0499523981748661,0.0387));
#2153=CARTESIAN_POINT('',(-0.0635556859385558,0.0658623981748661,0.035898));
#2154=CARTESIAN_POINT('',(-0.0635556859385558,0.0658623981748661,0.0371));
#2155=CARTESIAN_POINT('',(-0.0692414020557717,0.0658623981748661,0.0371));
#2156=CARTESIAN_POINT('',(-0.0692414020557717,0.0658623981748661,0.035898));
#2157=CARTESIAN_POINT('',(-0.0635556859385558,0.0505423981748661,0.035898));
#2158=CARTESIAN_POINT('',(-0.0692414020557717,0.0505423981748661,0.035898));
#2159=CARTESIAN_POINT('',(-0.0692414020557717,0.0505423981748661,0.0371));
#2160=CARTESIAN_POINT('',(-0.0635556859385558,0.0505423981748661,0.0371));
#2161=CARTESIAN_POINT('',(-0.0625556859385558,0.0705623981748661,0.0191));
#2162=CARTESIAN_POINT('',(-0.0625556859385558,0.0725623981748661,0.0191));
#2163=CARTESIAN_POINT('',(-0.0715106859385558,0.0725623981748661,-0.000499999999999994));
#2164=CARTESIAN_POINT('',(-0.0679077229339437,0.0489323981748661,0.189200083717124));
#2165=CARTESIAN_POINT('',(-0.0692414020557717,0.0497023981748661,0.189200083717124));
#2166=CARTESIAN_POINT('',(-0.0679077229339437,0.0674723981748661,0.189200083717124));
#2167=CARTESIAN_POINT('',(-0.0692414020557717,0.0667023981748661,0.189200083717124));
#2168=CARTESIAN_POINT('',(-0.0551106859385559,0.0479523981748661,0.0387));
#2169=CARTESIAN_POINT('',(-0.0551106859385559,0.0479523981748661,0.0371));
#2170=CARTESIAN_POINT('',(-0.0551106859385559,0.0489523981748661,0.0371));
#2171=CARTESIAN_POINT('',(-0.0531106859385559,0.0479523981748661,0.0371));
#2172=CARTESIAN_POINT('',(-0.0551106859385559,0.0479523981748661,0.0371));
#2173=CARTESIAN_POINT('',(-0.0551106859385559,0.0499523981748661,0.0371));
#2174=CARTESIAN_POINT('',(-0.0551106859385559,0.0479523981748661,0.0387));
#2175=CARTESIAN_POINT('',(-0.0551106859385559,0.0684523981748661,0.0387));
#2176=CARTESIAN_POINT('',(-0.0551106859385559,0.0684523981748661,0.0371));
#2177=CARTESIAN_POINT('',(-0.0551106859385559,0.0694523981748661,0.0371));
#2178=CARTESIAN_POINT('',(-0.0531106859385559,0.0684523981748661,0.0371));
#2179=CARTESIAN_POINT('',(-0.0551106859385559,0.0684523981748661,0.0371));
#2180=CARTESIAN_POINT('',(-0.0551106859385559,0.0704523981748661,0.0371));
#2181=CARTESIAN_POINT('',(-0.0551106859385559,0.0684523981748661,0.0387));
#2182=CARTESIAN_POINT('',(-0.0635556859385558,0.0582023981748661,0.0371));
#2183=CARTESIAN_POINT('',(-0.0692414020557717,0.0582023981748661,0.0371));
#2184=CARTESIAN_POINT('',(-0.0692414020557717,0.0582023981748661,-0.229145546208787));
#2185=CARTESIAN_POINT('',(-0.0715106859385558,0.0582023981748661,0.0017));
#2186=CARTESIAN_POINT('',(-0.0538006859385558,0.0582023981748661,0.0017));
#2187=CARTESIAN_POINT('',(-0.0538006859385558,0.0675523981748661,0.0017));
#2188=CARTESIAN_POINT('',(-0.0538006859385558,0.0488523981748661,0.0017));
#2189=CARTESIAN_POINT('',(-0.0581781859385559,0.0675523981748661,0.0017));
#2190=CARTESIAN_POINT('',(-0.0581781859385559,0.0488523981748661,0.0017));
#2191=CARTESIAN_POINT('',(-0.0581781859385559,0.0675523981748661,0.001698));
#2192=CARTESIAN_POINT('',(-0.0538006859385558,0.0675523981748661,0.001698));
#2193=CARTESIAN_POINT('',(-0.0538006859385558,0.0582023981748661,0.001698));
#2194=CARTESIAN_POINT('',(-0.0538006859385558,0.0488523981748661,0.001698));
#2195=CARTESIAN_POINT('',(-0.0581781859385559,0.0488523981748661,0.001698));
#2196=CARTESIAN_POINT('',(-0.0605556859385558,0.0389535553425669,0.0248));
#2197=CARTESIAN_POINT('',(-0.0605556859385558,0.0389535553425669,0.0248));
#2198=CARTESIAN_POINT('',(-0.0605556859385558,0.0459535553425669,0.0248));
#2199=CARTESIAN_POINT('',(-0.0605556859385558,0.0459535553425669,0.0248));
#2200=CARTESIAN_POINT('',(-0.0605556859385558,0.0389535553425669,0.0148));
#2201=CARTESIAN_POINT('',(-0.0605556859385558,0.0459535553425669,0.0148));
#2202=CARTESIAN_POINT('',(-0.0605556859385558,0.0459535553425669,0.0148));
#2203=CARTESIAN_POINT('',(-0.0605556859385558,0.0389535553425669,0.0148));
#2204=CARTESIAN_POINT('',(-0.0605556859385558,0.0582579767587165,0.0191));
#2205=CARTESIAN_POINT('',(-0.0605556859385558,0.0459535553425669,0.0198));
#2206=CARTESIAN_POINT('',(-0.0605556859385558,0.0459535553425669,0.0198));
#2207=CARTESIAN_POINT('',(-0.052352378594544,0.0581953608946968,-0.0134999999999934));
#2208=CARTESIAN_POINT('',(-0.0476657737879796,0.0487953608946939,-0.0263763408799359));
#2209=CARTESIAN_POINT('',(-0.055264140468671,0.0487953608946941,-0.0055));
#2210=CARTESIAN_POINT('',(-0.0523523785945438,0.0487953608946938,-0.0134999999999934));
#2211=CARTESIAN_POINT('',(-0.055264140468671,0.048795360894694,-0.0055));
#2212=CARTESIAN_POINT('',(-0.0523523785945443,0.0675953608946998,-0.0134999999999934));
#2213=CARTESIAN_POINT('',(-0.0523523785945441,0.0581953608946968,-0.0273541850607618));
#2214=CARTESIAN_POINT('',(-0.0523523785945441,0.0581958025077069,-0.0203541832015919));
#2215=CARTESIAN_POINT('',(-0.0523523785945441,0.0596958025077069,-0.0203541832015919));
#2216=CARTESIAN_POINT('',(-0.0523523785945443,0.0651953627538666,-0.027354626673772));
#2217=CARTESIAN_POINT('',(-0.0523523785945443,0.0666953627538666,-0.027354626673772));
#2218=CARTESIAN_POINT('',(-0.0523523785945442,0.0581949192816866,-0.0343541869199317));
#2219=CARTESIAN_POINT('',(-0.0523523785945442,0.0596949192816866,-0.0343541869199317));
#2220=CARTESIAN_POINT('',(-0.052352378594544,0.0511953590355269,-0.0273537434477517));
#2221=CARTESIAN_POINT('',(-0.052352378594544,0.0526953590355269,-0.0273537434477517));
#2222=CARTESIAN_POINT('',(-0.0523523785945438,0.0487953608946938,-0.019364638795573));
#2223=CARTESIAN_POINT('',(-0.0523523785945437,0.0487953608946938,-0.005948));
#2224=CARTESIAN_POINT('',(-0.0523523785945443,0.0690953608946998,-0.005948));
#2225=CARTESIAN_POINT('',(-0.0523523785945443,0.0705953608946998,-0.005948));
#2226=CARTESIAN_POINT('',(-0.0523523785945444,0.0705953608946998,-0.0202306641993574));
#2227=CARTESIAN_POINT('',(-0.0523523785945444,0.0705953608946998,-0.0345133283987149));
#2228=CARTESIAN_POINT('',(-0.0523523785945444,0.0643953608946983,-0.0380929000676914));
#2229=CARTESIAN_POINT('',(-0.0523523785945444,0.0581953608946968,-0.041672471736668));
#2230=CARTESIAN_POINT('',(-0.0523523785945441,0.0519953608946953,-0.0380929000676914));
#2231=CARTESIAN_POINT('',(-0.0523523785945441,0.0457953608946938,-0.0345133283987149));
#2232=CARTESIAN_POINT('',(-0.0523523785945438,0.0457953608946938,-0.0202306641993574));
#2233=CARTESIAN_POINT('',(-0.0523523785945438,0.0457953608946938,-0.005948));
#2234=CARTESIAN_POINT('',(-0.0523523785945437,0.0472953608946938,-0.005948));
#2235=CARTESIAN_POINT('',(-0.0914023785945444,0.0581953608946958,-0.0273541850607615));
#2236=CARTESIAN_POINT('',(-0.0894023785945445,0.0581953608946958,-0.0273541850607615));
#2237=CARTESIAN_POINT('',(-0.0894023785945446,0.0617203608946988,-0.0273541850607615));
#2238=CARTESIAN_POINT('',(-0.0954023785945445,0.0581953608946957,-0.0273541850607615));
#2239=CARTESIAN_POINT('',(-0.0954023785945446,0.0617203608946987,-0.0273541850607615));
#2240=CARTESIAN_POINT('',(-0.0894023785945445,0.0581953608946958,-0.0135));
#2241=CARTESIAN_POINT('',(-0.0892870455961237,0.0675953608946988,-0.0131831251911204));
#2242=CARTESIAN_POINT('',(-0.0864906167204151,0.0675953608946928,-0.0055));
#2243=CARTESIAN_POINT('',(-0.0894023785945447,0.0675953608946927,-0.0135));
#2244=CARTESIAN_POINT('',(-0.0864906167204151,0.0675953608946928,-0.0055));
#2245=CARTESIAN_POINT('',(-0.0894023785945442,0.0487953608946988,-0.0135));
#2246=CARTESIAN_POINT('',(-0.0894023785945445,0.0581953608946958,-0.0273541850607615));
#2247=CARTESIAN_POINT('',(-0.0894023785945446,0.0651953590076657,-0.0273546266735353));
#2248=CARTESIAN_POINT('',(-0.0894023785945446,0.0636953590076657,-0.0273546266735353));
#2249=CARTESIAN_POINT('',(-0.0894023785945445,0.058194919281922,-0.0343541831737313));
#2250=CARTESIAN_POINT('',(-0.0894023785945445,0.056694919281922,-0.0343541831737313));
#2251=CARTESIAN_POINT('',(-0.0894023785945443,0.051195362781726,-0.0273537434479877));
#2252=CARTESIAN_POINT('',(-0.0894023785945443,0.049695362781726,-0.0273537434479877));
#2253=CARTESIAN_POINT('',(-0.0894023785945445,0.0581958025074696,-0.0203541869477916));
#2254=CARTESIAN_POINT('',(-0.0894023785945445,0.0566958025074696,-0.0203541869477916));
#2255=CARTESIAN_POINT('',(-0.0894023785945447,0.0675953608946928,-0.0273541850607615));
#2256=CARTESIAN_POINT('',(-0.0894023785945447,0.0675953608946988,-0.005948));
#2257=CARTESIAN_POINT('',(-0.0894023785945442,0.0472953608946928,-0.005948));
#2258=CARTESIAN_POINT('',(-0.0894023785945442,0.0457953608946928,-0.005948));
#2259=CARTESIAN_POINT('',(-0.0894023785945441,0.0457953608946928,-0.0202306641993575));
#2260=CARTESIAN_POINT('',(-0.0894023785945443,0.0457953608946928,-0.034513328398715));
#2261=CARTESIAN_POINT('',(-0.0894023785945443,0.0519953608946943,-0.0380929000676915));
#2262=CARTESIAN_POINT('',(-0.0894023785945443,0.0581953608946958,-0.041672471736668));
#2263=CARTESIAN_POINT('',(-0.0894023785945446,0.0643953608946973,-0.0380929000676915));
#2264=CARTESIAN_POINT('',(-0.0894023785945446,0.0705953608946988,-0.034513328398715));
#2265=CARTESIAN_POINT('',(-0.0894023785945448,0.0705953608946988,-0.0202306641993575));
#2266=CARTESIAN_POINT('',(-0.0894023785945448,0.0705953608946988,-0.005948));
#2267=CARTESIAN_POINT('',(-0.0894023785945447,0.0690953608946988,-0.005948));
#2268=CARTESIAN_POINT('',(-0.0503523785945439,0.0487953608946938,-0.0273541850607619));
#2269=CARTESIAN_POINT('',(-0.0523543785945437,0.0487953608946938,-0.005948));
#2270=CARTESIAN_POINT('',(-0.0463523785945437,0.0487953608946939,-0.005948));
#2271=CARTESIAN_POINT('',(-0.0463523785945438,0.0487953608946939,-0.005948));
#2272=CARTESIAN_POINT('',(-0.0468003785945437,0.0487953608946939,-0.0055));
#2273=CARTESIAN_POINT('',(-0.0463523785945437,0.0487953608946939,-0.0055));
#2274=CARTESIAN_POINT('',(0.271352134212409,0.0487953608947021,-0.0055000000000023));
#2275=CARTESIAN_POINT('',(-0.0708773785945441,0.0581953608946993,-0.0055));
#2276=CARTESIAN_POINT('',(-0.0894003785945447,0.0675953608946928,-0.0055));
#2277=CARTESIAN_POINT('',(-0.0894003785945447,0.0675953608946928,-0.0055));
#2278=CARTESIAN_POINT('',(-0.0894003785945442,0.0487953608946988,-0.0055));
#2279=CARTESIAN_POINT('',(-0.0503523785945444,0.0675953608946998,-0.0273541850607619));
#2280=CARTESIAN_POINT('',(-0.0894003785945447,0.0675953608946927,-0.005948));
#2281=CARTESIAN_POINT('',(-0.0954023785945447,0.0675953608946926,-0.005948));
#2282=CARTESIAN_POINT('',(-0.0954023785945447,0.0675953608946926,-0.0273541850607615));
#2283=CARTESIAN_POINT('',(-0.0954023785945447,0.0675953608946926,-0.00049999999999998));
#2284=CARTESIAN_POINT('',(-0.0894003785945447,0.0675953608946928,-0.00049999999999998));
#2285=CARTESIAN_POINT('',(-0.0625576859385571,0.0463188795347801,-0.003));
#2286=CARTESIAN_POINT('',(-0.0625576859385571,0.07007887953478,-0.003));
#2287=CARTESIAN_POINT('',(-0.0708773785945441,0.0581953608946993,-0.00049999999999998));
#2288=CARTESIAN_POINT('',(-0.0954023785945443,0.0534953608946971,-0.00049999999999998));
#2289=CARTESIAN_POINT('',(-0.0463523785945441,0.0581953608946969,-0.0273541850607619));
#2290=CARTESIAN_POINT('',(-0.0463523785945441,0.0581958025077071,-0.020354183201592));
#2291=CARTESIAN_POINT('',(-0.0463523785945442,0.0608958025077071,-0.020354183201592));
#2292=CARTESIAN_POINT('',(-0.0463523785945443,0.0651953627538668,-0.027354626673772));
#2293=CARTESIAN_POINT('',(-0.0463523785945444,0.0678953627538668,-0.027354626673772));
#2294=CARTESIAN_POINT('',(-0.0463523785945442,0.0581949192816868,-0.0343541869199318));
#2295=CARTESIAN_POINT('',(-0.0463523785945443,0.0608949192816868,-0.0343541869199318));
#2296=CARTESIAN_POINT('',(-0.046352378594544,0.0511953590355271,-0.0273537434477518));
#2297=CARTESIAN_POINT('',(-0.0463523785945441,0.0538953590355271,-0.0273537434477518));
#2298=CARTESIAN_POINT('',(-0.046352378594544,0.0581953608946969,-0.005948));
#2299=CARTESIAN_POINT('',(-0.0463523785945437,0.0472953608946939,-0.005948));
#2300=CARTESIAN_POINT('',(-0.0463523785945437,0.0457953608946939,-0.005948));
#2301=CARTESIAN_POINT('',(-0.0463523785945438,0.0457953608946939,-0.0202306641993575));
#2302=CARTESIAN_POINT('',(-0.0463523785945439,0.0457953608946939,-0.034513328398715));
#2303=CARTESIAN_POINT('',(-0.046352378594544,0.0519953608946954,-0.0380929000676915));
#2304=CARTESIAN_POINT('',(-0.0463523785945442,0.0581953608946969,-0.041672471736668));
#2305=CARTESIAN_POINT('',(-0.0463523785945444,0.0643953608946984,-0.0380929000676915));
#2306=CARTESIAN_POINT('',(-0.0463523785945445,0.0705953608946999,-0.034513328398715));
#2307=CARTESIAN_POINT('',(-0.0463523785945444,0.0705953608946999,-0.0202306641993575));
#2308=CARTESIAN_POINT('',(-0.0463523785945443,0.0705953608946999,-0.005948));
#2309=CARTESIAN_POINT('',(-0.0463523785945443,0.0690953608946999,-0.005948));
#2310=CARTESIAN_POINT('',(-0.0954023785945445,0.0581953608946957,-0.0273541850607615));
#2311=CARTESIAN_POINT('',(-0.0954023785945446,0.0651953590076655,-0.0273546266735353));
#2312=CARTESIAN_POINT('',(-0.0954023785945445,0.0624953590076655,-0.0273546266735353));
#2313=CARTESIAN_POINT('',(-0.0954023785945445,0.0581949192819219,-0.0343541831737313));
#2314=CARTESIAN_POINT('',(-0.0954023785945444,0.0554949192819219,-0.0343541831737313));
#2315=CARTESIAN_POINT('',(-0.0954023785945443,0.0511953627817258,-0.0273537434479877));
#2316=CARTESIAN_POINT('',(-0.0954023785945442,0.0484953627817258,-0.0273537434479877));
#2317=CARTESIAN_POINT('',(-0.0954023785945445,0.0581958025074695,-0.0203541869477916));
#2318=CARTESIAN_POINT('',(-0.0954023785945444,0.0554958025074695,-0.0203541869477916));
#2319=CARTESIAN_POINT('',(-0.0954023785945447,0.0690953608946987,-0.005948));
#2320=CARTESIAN_POINT('',(-0.0954023785945448,0.0705953608946987,-0.005948));
#2321=CARTESIAN_POINT('',(-0.0954023785945448,0.0705953608946987,-0.0202306641993575));
#2322=CARTESIAN_POINT('',(-0.0954023785945448,0.0705953608946987,-0.034513328398715));
#2323=CARTESIAN_POINT('',(-0.0954023785945446,0.0643953608946972,-0.0380929000676915));
#2324=CARTESIAN_POINT('',(-0.0954023785945445,0.0581953608946957,-0.041672471736668));
#2325=CARTESIAN_POINT('',(-0.0954023785945443,0.0519953608946942,-0.0380929000676915));
#2326=CARTESIAN_POINT('',(-0.0954023785945441,0.0457953608946927,-0.034513328398715));
#2327=CARTESIAN_POINT('',(-0.0954023785945441,0.0457953608946927,-0.0202306641993575));
#2328=CARTESIAN_POINT('',(-0.0954023785945441,0.0457953608946927,-0.005948));
#2329=CARTESIAN_POINT('',(-0.0954023785945442,0.0472953608946927,-0.005948));
#2330=CARTESIAN_POINT('',(-0.0468006859385571,0.0487953608946941,-0.0055));
#2331=CARTESIAN_POINT('',(-0.0468003785945437,0.0487953608946941,-0.0055));
#2332=CARTESIAN_POINT('',(-0.046352378594544,0.0581953608946969,-0.005948));
#2333=CARTESIAN_POINT('',(-0.0523543785945443,0.0690953608946998,-0.005948));
#2334=CARTESIAN_POINT('',(-0.0523543785945443,0.0705953608946998,-0.005948));
#2335=CARTESIAN_POINT('',(-0.0523543785945444,0.0705953608946998,-0.0202306641993574));
#2336=CARTESIAN_POINT('',(-0.0523543785945445,0.0705953608946998,-0.0345133283987149));
#2337=CARTESIAN_POINT('',(-0.0523543785945444,0.0643953608946983,-0.0380929000676914));
#2338=CARTESIAN_POINT('',(-0.0523543785945442,0.0581953608946968,-0.041672471736668));
#2339=CARTESIAN_POINT('',(-0.0523543785945441,0.0519953608946953,-0.0380929000676914));
#2340=CARTESIAN_POINT('',(-0.0523543785945439,0.0457953608946938,-0.0345133283987149));
#2341=CARTESIAN_POINT('',(-0.0523543785945438,0.0457953608946938,-0.0202306641993574));
#2342=CARTESIAN_POINT('',(-0.0523543785945437,0.0457953608946938,-0.005948));
#2343=CARTESIAN_POINT('',(-0.0523543785945437,0.0472953608946938,-0.005948));
#2344=CARTESIAN_POINT('',(-0.046352378594544,0.0511953590355271,-0.0273537434477518));
#2345=CARTESIAN_POINT('',(-0.050352378594544,0.051195359035527,-0.0273537434477517));
#2346=CARTESIAN_POINT('',(-0.050352378594544,0.052695359035527,-0.0273537434477517));
#2347=CARTESIAN_POINT('',(-0.050352378594544,0.051195359035527,-0.0300537434477517));
#2348=CARTESIAN_POINT('',(-0.050352378594544,0.051195359035527,-0.0273537434477517));
#2349=CARTESIAN_POINT('',(-0.0503523785945441,0.053895359035527,-0.0273537434477517));
#2350=CARTESIAN_POINT('',(-0.046352378594544,0.0511953590355271,-0.0273537434477518));
#2351=CARTESIAN_POINT('',(-0.0463523785945442,0.0581949192816868,-0.0343541869199318));
#2352=CARTESIAN_POINT('',(-0.0503523785945442,0.0581949192816867,-0.0343541869199317));
#2353=CARTESIAN_POINT('',(-0.0503523785945442,0.0596949192816867,-0.0343541869199317));
#2354=CARTESIAN_POINT('',(-0.0503523785945442,0.0581949192816867,-0.0370541869199317));
#2355=CARTESIAN_POINT('',(-0.0503523785945442,0.0581949192816867,-0.0343541869199317));
#2356=CARTESIAN_POINT('',(-0.0503523785945443,0.0608949192816867,-0.0343541869199317));
#2357=CARTESIAN_POINT('',(-0.0463523785945442,0.0581949192816868,-0.0343541869199318));
#2358=CARTESIAN_POINT('',(-0.0463523785945443,0.0651953627538668,-0.027354626673772));
#2359=CARTESIAN_POINT('',(-0.0503523785945443,0.0651953627538667,-0.027354626673772));
#2360=CARTESIAN_POINT('',(-0.0503523785945443,0.0666953627538667,-0.027354626673772));
#2361=CARTESIAN_POINT('',(-0.0503523785945443,0.0651953627538667,-0.030054626673772));
#2362=CARTESIAN_POINT('',(-0.0503523785945443,0.0651953627538667,-0.027354626673772));
#2363=CARTESIAN_POINT('',(-0.0503523785945444,0.0678953627538667,-0.027354626673772));
#2364=CARTESIAN_POINT('',(-0.0463523785945443,0.0651953627538668,-0.027354626673772));
#2365=CARTESIAN_POINT('',(-0.0463523785945441,0.0581958025077071,-0.020354183201592));
#2366=CARTESIAN_POINT('',(-0.0503523785945441,0.0581958025077069,-0.020354183201592));
#2367=CARTESIAN_POINT('',(-0.0503523785945441,0.0596958025077069,-0.020354183201592));
#2368=CARTESIAN_POINT('',(-0.0503523785945441,0.0581958025077069,-0.023054183201592));
#2369=CARTESIAN_POINT('',(-0.0503523785945441,0.0581958025077069,-0.020354183201592));
#2370=CARTESIAN_POINT('',(-0.0503523785945442,0.0608958025077069,-0.020354183201592));
#2371=CARTESIAN_POINT('',(-0.0463523785945441,0.0581958025077071,-0.020354183201592));
#2372=CARTESIAN_POINT('',(-0.0894003785945443,0.0519953608946943,-0.0380929000676915));
#2373=CARTESIAN_POINT('',(-0.0894003785945444,0.0581953608946958,-0.041672471736668));
#2374=CARTESIAN_POINT('',(-0.0894003785945441,0.0457953608946928,-0.034513328398715));
#2375=CARTESIAN_POINT('',(-0.0894003785945446,0.0643953608946973,-0.0380929000676915));
#2376=CARTESIAN_POINT('',(-0.0894003785945448,0.0705953608946988,-0.034513328398715));
#2377=CARTESIAN_POINT('',(-0.0894003785945441,0.0457953608946928,-0.0202306641993575));
#2378=CARTESIAN_POINT('',(-0.0894003785945441,0.0457953608946928,-0.005948));
#2379=CARTESIAN_POINT('',(-0.0894003785945448,0.0705953608946988,-0.0202306641993575));
#2380=CARTESIAN_POINT('',(-0.0894003785945448,0.0705953608946988,-0.005948));
#2381=CARTESIAN_POINT('',(-0.0894003785945447,0.0690953608946988,-0.005948));
#2382=CARTESIAN_POINT('',(-0.0894003785945442,0.0472953608946928,-0.005948));
#2383=CARTESIAN_POINT('',(-0.0954023785945445,0.0581958025074695,-0.0203541869477916));
#2384=CARTESIAN_POINT('',(-0.0914023785945444,0.0581958025074696,-0.0203541869477916));
#2385=CARTESIAN_POINT('',(-0.0914023785945444,0.0566958025074696,-0.0203541869477916));
#2386=CARTESIAN_POINT('',(-0.0914023785945444,0.0581958025074696,-0.0230541869477916));
#2387=CARTESIAN_POINT('',(-0.0914023785945444,0.0581958025074696,-0.0203541869477916));
#2388=CARTESIAN_POINT('',(-0.0914023785945443,0.0554958025074696,-0.0203541869477916));
#2389=CARTESIAN_POINT('',(-0.0954023785945445,0.0581958025074695,-0.0203541869477916));
#2390=CARTESIAN_POINT('',(-0.0954023785945443,0.0511953627817258,-0.0273537434479877));
#2391=CARTESIAN_POINT('',(-0.0914023785945443,0.0511953627817259,-0.0273537434479877));
#2392=CARTESIAN_POINT('',(-0.0914023785945443,0.0496953627817259,-0.0273537434479877));
#2393=CARTESIAN_POINT('',(-0.0914023785945443,0.0511953627817259,-0.0300537434479877));
#2394=CARTESIAN_POINT('',(-0.0914023785945443,0.0511953627817259,-0.0273537434479877));
#2395=CARTESIAN_POINT('',(-0.0914023785945442,0.0484953627817259,-0.0273537434479877));
#2396=CARTESIAN_POINT('',(-0.0954023785945443,0.0511953627817258,-0.0273537434479877));
#2397=CARTESIAN_POINT('',(-0.0954023785945445,0.0581949192819219,-0.0343541831737313));
#2398=CARTESIAN_POINT('',(-0.0914023785945444,0.058194919281922,-0.0343541831737313));
#2399=CARTESIAN_POINT('',(-0.0914023785945444,0.056694919281922,-0.0343541831737313));
#2400=CARTESIAN_POINT('',(-0.0914023785945444,0.058194919281922,-0.0370541831737313));
#2401=CARTESIAN_POINT('',(-0.0914023785945444,0.058194919281922,-0.0343541831737313));
#2402=CARTESIAN_POINT('',(-0.0914023785945443,0.055494919281922,-0.0343541831737313));
#2403=CARTESIAN_POINT('',(-0.0954023785945445,0.0581949192819219,-0.0343541831737313));
#2404=CARTESIAN_POINT('',(-0.0954023785945446,0.0651953590076655,-0.0273546266735353));
#2405=CARTESIAN_POINT('',(-0.0914023785945446,0.0651953590076656,-0.0273546266735353));
#2406=CARTESIAN_POINT('',(-0.0914023785945446,0.0636953590076656,-0.0273546266735353));
#2407=CARTESIAN_POINT('',(-0.0914023785945446,0.0651953590076656,-0.0300546266735353));
#2408=CARTESIAN_POINT('',(-0.0914023785945446,0.0651953590076656,-0.0273546266735353));
#2409=CARTESIAN_POINT('',(-0.0914023785945445,0.0624953590076656,-0.0273546266735353));
#2410=CARTESIAN_POINT('',(-0.0954023785945446,0.0651953590076655,-0.0273546266735353));
#2411=MECHANICAL_DESIGN_GEOMETRIC_PRESENTATION_REPRESENTATION('',(#1472),
#2412);
#2412=(
GEOMETRIC_REPRESENTATION_CONTEXT(3)
GLOBAL_UNCERTAINTY_ASSIGNED_CONTEXT((#2413))
GLOBAL_UNIT_ASSIGNED_CONTEXT((#2416,#2415,#2414))
REPRESENTATION_CONTEXT('Link 4 Follower','TOP_LEVEL_ASSEMBLY_PART')
);
#2413=UNCERTAINTY_MEASURE_WITH_UNIT(LENGTH_MEASURE(1.E-8),#2416,
'DISTANCE_ACCURACY_VALUE','Maximum Tolerance applied to model');
#2414=(
NAMED_UNIT(*)
SI_UNIT($,.STERADIAN.)
SOLID_ANGLE_UNIT()
);
#2415=(
NAMED_UNIT(*)
PLANE_ANGLE_UNIT()
SI_UNIT($,.RADIAN.)
);
#2416=(
LENGTH_UNIT()
NAMED_UNIT(*)
SI_UNIT($,.METRE.)
);
#2417=PRODUCT_DEFINITION_SHAPE('','',#2418);
#2418=PRODUCT_DEFINITION('','',#2420,#2419);
#2419=PRODUCT_DEFINITION_CONTEXT('',#2426,'design');
#2420=PRODUCT_DEFINITION_FORMATION_WITH_SPECIFIED_SOURCE('','',#2422,
 .NOT_KNOWN.);
#2421=PRODUCT_RELATED_PRODUCT_CATEGORY('','',(#2422));
#2422=PRODUCT('Link 4 Follower','Link 4 Follower','Link 4 Follower',(#2424));
#2423=PRODUCT_CATEGORY('','');
#2424=PRODUCT_CONTEXT('',#2426,'mechanical');
#2425=APPLICATION_PROTOCOL_DEFINITION('international standard',
'ap242_managed_model_based_3d_engineering',2020,#2426);
#2426=APPLICATION_CONTEXT('managed model based 3d engineering');
ENDSEC;
END-ISO-10303-21;
