ISO-10303-21;
HEADER;
/* Generated by software containing ST-Developer
 * from STEP Tools, Inc. (www.steptools.com) 
 */
/* OPTION: using custom renumber hook */

FILE_DESCRIPTION(
/* description */ ('STEP AP242 Edition 2',
'CAx-IF Rec.Pracs.---Representation and Presentation of Product Manufa
cturing Information (PMI)---4.0---2014-10-13',
'CAx-IF Rec.Pracs.---3D Tessellated Geometry---0.4---2014-09-14','2;1',
'CAx-IF Rec.Pracs.---User Defined Attributes---1.5---2016-08-15'),
/* implementation_level */ '2;1');

FILE_NAME(
/* name */ 'Hexarm - Follower - Pinion',
/* time_stamp */ '2026-08-09T23:35:36Z',
/* author */ (''),
/* organization */ (''),
/* preprocessor_version */ 'ST-DEVELOPER v20',
/* originating_system */ 'ONSHAPE BY PTC INC, 1.219',
/* authorisation */ '  ');

FILE_SCHEMA (('AP242_MANAGED_MODEL_BASED_3D_ENGINEERING_MIM_LF { 1 0 10303 442 3 1 4 }'));
ENDSEC;

DATA;
#10=SHAPE_REPRESENTATION_RELATIONSHIP('','',#3010,#11);
#11=ADVANCED_BREP_SHAPE_REPRESENTATION('',(#3008),#9259);
#12=B_SPLINE_SURFACE_WITH_KNOTS('',3,1,((#7807,#7808),(#7809,#7810),(#7811,
#7812),(#7813,#7814),(#7815,#7816),(#7817,#7818),(#7819,#7820),(#7821,#7822),
(#7823,#7824),(#7825,#7826),(#7827,#7828),(#7829,#7830),(#7831,#7832)),
 .SURF_OF_LINEAR_EXTRUSION.,.F.,.F.,.F.,(4,1,1,1,1,1,1,1,1,1,4),(2,2),(0.0524829469470403,
0.0816268795570832,0.110770812167126,0.169058677387212,0.227346542607298,
0.285634407827384,0.402210138267555,0.518785868707727,0.635361599147899,
0.751937329588071,0.985088790468414),(0.,1.),.UNSPECIFIED.);
#13=B_SPLINE_SURFACE_WITH_KNOTS('',3,1,((#7834,#7835),(#7836,#7837),(#7838,
#7839),(#7840,#7841),(#7842,#7843),(#7844,#7845),(#7846,#7847),(#7848,#7849),
(#7850,#7851),(#7852,#7853),(#7854,#7855),(#7856,#7857),(#7858,#7859)),
 .SURF_OF_LINEAR_EXTRUSION.,.F.,.F.,.F.,(4,1,1,1,1,1,1,1,1,1,4),(2,2),(0.05248294694703,
0.0816268795570733,0.110770812167117,0.169058677387203,0.22734654260729,
0.285634407827377,0.40221013826755,0.518785868707723,0.635361599147896,
0.75193732958807,0.985088790468416),(0.,1.),.UNSPECIFIED.);
#14=B_SPLINE_SURFACE_WITH_KNOTS('',3,1,((#7866,#7867),(#7868,#7869),(#7870,
#7871),(#7872,#7873),(#7874,#7875),(#7876,#7877),(#7878,#7879),(#7880,#7881),
(#7882,#7883),(#7884,#7885),(#7886,#7887),(#7888,#7889),(#7890,#7891)),
 .SURF_OF_LINEAR_EXTRUSION.,.F.,.F.,.F.,(4,1,1,1,1,1,1,1,1,1,4),(2,2),(0.0524829469470378,
0.0816268795570808,0.110770812167124,0.16905867738721,0.227346542607296,
0.285634407827382,0.402210138267554,0.518785868707726,0.635361599147898,
0.75193732958807,0.985088790468414),(0.,1.),.UNSPECIFIED.);
#15=B_SPLINE_SURFACE_WITH_KNOTS('',3,1,((#7893,#7894),(#7895,#7896),(#7897,
#7898),(#7899,#7900),(#7901,#7902),(#7903,#7904),(#7905,#7906),(#7907,#7908),
(#7909,#7910),(#7911,#7912),(#7913,#7914),(#7915,#7916),(#7917,#7918)),
 .SURF_OF_LINEAR_EXTRUSION.,.F.,.F.,.F.,(4,1,1,1,1,1,1,1,1,1,4),(2,2),(0.0524829469470201,
0.0816268795570637,0.110770812167107,0.169058677387195,0.227346542607282,
0.285634407827369,0.402210138267544,0.518785868707718,0.635361599147892,
0.751937329588067,0.985088790468416),(0.,1.),.UNSPECIFIED.);
#16=B_SPLINE_SURFACE_WITH_KNOTS('',3,1,((#7925,#7926),(#7927,#7928),(#7929,
#7930),(#7931,#7932),(#7933,#7934),(#7935,#7936),(#7937,#7938),(#7939,#7940),
(#7941,#7942),(#7943,#7944),(#7945,#7946),(#7947,#7948),(#7949,#7950)),
 .SURF_OF_LINEAR_EXTRUSION.,.F.,.F.,.F.,(4,1,1,1,1,1,1,1,1,1,4),(2,2),(0.0524829469470361,
0.0816268795570792,0.110770812167122,0.169058677387208,0.227346542607294,
0.285634407827381,0.402210138267553,0.518785868707725,0.635361599147897,
0.75193732958807,0.985088790468414),(0.,1.),.UNSPECIFIED.);
#17=B_SPLINE_SURFACE_WITH_KNOTS('',3,1,((#7952,#7953),(#7954,#7955),(#7956,
#7957),(#7958,#7959),(#7960,#7961),(#7962,#7963),(#7964,#7965),(#7966,#7967),
(#7968,#7969),(#7970,#7971),(#7972,#7973),(#7974,#7975),(#7976,#7977)),
 .SURF_OF_LINEAR_EXTRUSION.,.F.,.F.,.F.,(4,1,1,1,1,1,1,1,1,1,4),(2,2),(0.0524829469470294,
0.0816268795570728,0.110770812167116,0.169058677387203,0.227346542607289,
0.285634407827376,0.402210138267549,0.518785868707723,0.635361599147896,
0.751937329588069,0.985088790468416),(0.,1.),.UNSPECIFIED.);
#18=B_SPLINE_SURFACE_WITH_KNOTS('',3,1,((#7984,#7985),(#7986,#7987),(#7988,
#7989),(#7990,#7991),(#7992,#7993),(#7994,#7995),(#7996,#7997),(#7998,#7999),
(#8000,#8001),(#8002,#8003),(#8004,#8005),(#8006,#8007),(#8008,#8009)),
 .SURF_OF_LINEAR_EXTRUSION.,.F.,.F.,.F.,(4,1,1,1,1,1,1,1,1,1,4),(2,2),(0.0524829469470479,
0.0816268795570906,0.110770812167133,0.169058677387219,0.227346542607304,
0.285634407827389,0.40221013826756,0.518785868707731,0.635361599147902,
0.751937329588072,0.985088790468414),(0.,1.),.UNSPECIFIED.);
#19=B_SPLINE_SURFACE_WITH_KNOTS('',3,1,((#8011,#8012),(#8013,#8014),(#8015,
#8016),(#8017,#8018),(#8019,#8020),(#8021,#8022),(#8023,#8024),(#8025,#8026),
(#8027,#8028),(#8029,#8030),(#8031,#8032),(#8033,#8034),(#8035,#8036)),
 .SURF_OF_LINEAR_EXTRUSION.,.F.,.F.,.F.,(4,1,1,1,1,1,1,1,1,1,4),(2,2),(0.0524829469470312,
0.0816268795570745,0.110770812167118,0.169058677387204,0.227346542607291,
0.285634407827377,0.40221013826755,0.518785868707724,0.635361599147897,
0.75193732958807,0.985088790468416),(0.,1.),.UNSPECIFIED.);
#20=B_SPLINE_SURFACE_WITH_KNOTS('',3,1,((#8043,#8044),(#8045,#8046),(#8047,
#8048),(#8049,#8050),(#8051,#8052),(#8053,#8054),(#8055,#8056),(#8057,#8058),
(#8059,#8060),(#8061,#8062),(#8063,#8064),(#8065,#8066),(#8067,#8068)),
 .SURF_OF_LINEAR_EXTRUSION.,.F.,.F.,.F.,(4,1,1,1,1,1,1,1,1,1,4),(2,2),(0.0524829469470505,
0.0816268795570931,0.110770812167136,0.169058677387221,0.227346542607306,
0.285634407827391,0.402210138267562,0.518785868707732,0.635361599147903,
0.751937329588073,0.985088790468414),(0.,1.),.UNSPECIFIED.);
#21=B_SPLINE_SURFACE_WITH_KNOTS('',3,1,((#8070,#8071),(#8072,#8073),(#8074,
#8075),(#8076,#8077),(#8078,#8079),(#8080,#8081),(#8082,#8083),(#8084,#8085),
(#8086,#8087),(#8088,#8089),(#8090,#8091),(#8092,#8093),(#8094,#8095)),
 .SURF_OF_LINEAR_EXTRUSION.,.F.,.F.,.F.,(4,1,1,1,1,1,1,1,1,1,4),(2,2),(0.0524829469470298,
0.0816268795570731,0.110770812167116,0.169058677387203,0.22734654260729,
0.285634407827376,0.40221013826755,0.518785868707723,0.635361599147896,
0.751937329588069,0.985088790468416),(0.,1.),.UNSPECIFIED.);
#22=B_SPLINE_SURFACE_WITH_KNOTS('',3,1,((#8102,#8103),(#8104,#8105),(#8106,
#8107),(#8108,#8109),(#8110,#8111),(#8112,#8113),(#8114,#8115),(#8116,#8117),
(#8118,#8119),(#8120,#8121),(#8122,#8123),(#8124,#8125),(#8126,#8127)),
 .SURF_OF_LINEAR_EXTRUSION.,.F.,.F.,.F.,(4,1,1,1,1,1,1,1,1,1,4),(2,2),(0.0524829469470528,
0.0816268795570953,0.110770812167138,0.169058677387223,0.227346542607308,
0.285634407827393,0.402210138267563,0.518785868707733,0.635361599147904,
0.751937329588074,0.985088790468414),(0.,1.),.UNSPECIFIED.);
#23=B_SPLINE_SURFACE_WITH_KNOTS('',3,1,((#8129,#8130),(#8131,#8132),(#8133,
#8134),(#8135,#8136),(#8137,#8138),(#8139,#8140),(#8141,#8142),(#8143,#8144),
(#8145,#8146),(#8147,#8148),(#8149,#8150),(#8151,#8152),(#8153,#8154)),
 .SURF_OF_LINEAR_EXTRUSION.,.F.,.F.,.F.,(4,1,1,1,1,1,1,1,1,1,4),(2,2),(0.052482946947034,
0.0816268795570771,0.11077081216712,0.169058677387207,0.227346542607293,
0.285634407827379,0.402210138267552,0.518785868707725,0.635361599147898,
0.75193732958807,0.985088790468416),(0.,1.),.UNSPECIFIED.);
#24=B_SPLINE_SURFACE_WITH_KNOTS('',3,1,((#8161,#8162),(#8163,#8164),(#8165,
#8166),(#8167,#8168),(#8169,#8170),(#8171,#8172),(#8173,#8174),(#8175,#8176),
(#8177,#8178),(#8179,#8180),(#8181,#8182),(#8183,#8184),(#8185,#8186)),
 .SURF_OF_LINEAR_EXTRUSION.,.F.,.F.,.F.,(4,1,1,1,1,1,1,1,1,1,4),(2,2),(0.0524829469470396,
0.0816268795570826,0.110770812167126,0.169058677387211,0.227346542607297,
0.285634407827383,0.402210138267555,0.518785868707727,0.635361599147899,
0.75193732958807,0.985088790468414),(0.,1.),.UNSPECIFIED.);
#25=B_SPLINE_SURFACE_WITH_KNOTS('',3,1,((#8188,#8189),(#8190,#8191),(#8192,
#8193),(#8194,#8195),(#8196,#8197),(#8198,#8199),(#8200,#8201),(#8202,#8203),
(#8204,#8205),(#8206,#8207),(#8208,#8209),(#8210,#8211),(#8212,#8213)),
 .SURF_OF_LINEAR_EXTRUSION.,.F.,.F.,.F.,(4,1,1,1,1,1,1,1,1,1,4),(2,2),(0.0524829469470374,
0.0816268795570805,0.110770812167124,0.16905867738721,0.227346542607296,
0.285634407827382,0.402210138267554,0.518785868707727,0.635361599147899,
0.751937329588071,0.985088790468416),(0.,1.),.UNSPECIFIED.);
#26=B_SPLINE_SURFACE_WITH_KNOTS('',3,1,((#8220,#8221),(#8222,#8223),(#8224,
#8225),(#8226,#8227),(#8228,#8229),(#8230,#8231),(#8232,#8233),(#8234,#8235),
(#8236,#8237),(#8238,#8239),(#8240,#8241),(#8242,#8243),(#8244,#8245)),
 .SURF_OF_LINEAR_EXTRUSION.,.F.,.F.,.F.,(4,1,1,1,1,1,1,1,1,1,4),(2,2),(0.0524829469470431,
0.081626879557086,0.110770812167129,0.169058677387215,0.2273465426073,0.285634407827386,
0.402210138267557,0.518785868707729,0.6353615991479,0.751937329588071,0.985088790468414),
(0.,1.),.UNSPECIFIED.);
#27=B_SPLINE_SURFACE_WITH_KNOTS('',3,1,((#8247,#8248),(#8249,#8250),(#8251,
#8252),(#8253,#8254),(#8255,#8256),(#8257,#8258),(#8259,#8260),(#8261,#8262),
(#8263,#8264),(#8265,#8266),(#8267,#8268),(#8269,#8270),(#8271,#8272)),
 .SURF_OF_LINEAR_EXTRUSION.,.F.,.F.,.F.,(4,1,1,1,1,1,1,1,1,1,4),(2,2),(0.0524829469470357,
0.0816268795570788,0.110770812167122,0.169058677387208,0.227346542607294,
0.285634407827381,0.402210138267553,0.518785868707726,0.635361599147898,
0.751937329588071,0.985088790468416),(0.,1.),.UNSPECIFIED.);
#28=B_SPLINE_SURFACE_WITH_KNOTS('',3,1,((#8279,#8280),(#8281,#8282),(#8283,
#8284),(#8285,#8286),(#8287,#8288),(#8289,#8290),(#8291,#8292),(#8293,#8294),
(#8295,#8296),(#8297,#8298),(#8299,#8300),(#8301,#8302),(#8303,#8304)),
 .SURF_OF_LINEAR_EXTRUSION.,.F.,.F.,.F.,(4,1,1,1,1,1,1,1,1,1,4),(2,2),(0.0524829469470482,
0.0816268795570909,0.110770812167134,0.169058677387219,0.227346542607304,
0.28563440782739,0.40221013826756,0.518785868707731,0.635361599147902,0.751937329588073,
0.985088790468414),(0.,1.),.UNSPECIFIED.);
#29=B_SPLINE_SURFACE_WITH_KNOTS('',3,1,((#8306,#8307),(#8308,#8309),(#8310,
#8311),(#8312,#8313),(#8314,#8315),(#8316,#8317),(#8318,#8319),(#8320,#8321),
(#8322,#8323),(#8324,#8325),(#8326,#8327),(#8328,#8329),(#8330,#8331)),
 .SURF_OF_LINEAR_EXTRUSION.,.F.,.F.,.F.,(4,1,1,1,1,1,1,1,1,1,4),(2,2),(0.0524829469470457,
0.0816268795570885,0.110770812167131,0.169058677387217,0.227346542607303,
0.285634407827388,0.40221013826756,0.518785868707731,0.635361599147902,
0.751937329588073,0.985088790468416),(0.,1.),.UNSPECIFIED.);
#30=B_SPLINE_SURFACE_WITH_KNOTS('',3,1,((#8338,#8339),(#8340,#8341),(#8342,
#8343),(#8344,#8345),(#8346,#8347),(#8348,#8349),(#8350,#8351),(#8352,#8353),
(#8354,#8355),(#8356,#8357),(#8358,#8359),(#8360,#8361),(#8362,#8363)),
 .SURF_OF_LINEAR_EXTRUSION.,.F.,.F.,.F.,(4,1,1,1,1,1,1,1,1,1,4),(2,2),(0.0524829469470457,
0.0816268795570884,0.110770812167131,0.169058677387217,0.227346542607302,
0.285634407827388,0.402210138267559,0.51878586870773,0.635361599147901,
0.751937329588072,0.985088790468414),(0.,1.),.UNSPECIFIED.);
#31=B_SPLINE_SURFACE_WITH_KNOTS('',3,1,((#8365,#8366),(#8367,#8368),(#8369,
#8370),(#8371,#8372),(#8373,#8374),(#8375,#8376),(#8377,#8378),(#8379,#8380),
(#8381,#8382),(#8383,#8384),(#8385,#8386),(#8387,#8388),(#8389,#8390)),
 .SURF_OF_LINEAR_EXTRUSION.,.F.,.F.,.F.,(4,1,1,1,1,1,1,1,1,1,4),(2,2),(0.0524829469470427,
0.0816268795570856,0.110770812167129,0.169058677387214,0.2273465426073,
0.285634407827386,0.402210138267558,0.518785868707729,0.635361599147901,
0.751937329588073,0.985088790468416),(0.,1.),.UNSPECIFIED.);
#32=B_SPLINE_SURFACE_WITH_KNOTS('',3,1,((#8397,#8398),(#8399,#8400),(#8401,
#8402),(#8403,#8404),(#8405,#8406),(#8407,#8408),(#8409,#8410),(#8411,#8412),
(#8413,#8414),(#8415,#8416),(#8417,#8418),(#8419,#8420),(#8421,#8422)),
 .SURF_OF_LINEAR_EXTRUSION.,.F.,.F.,.F.,(4,1,1,1,1,1,1,1,1,1,4),(2,2),(0.0524829469470459,
0.0816268795570886,0.110770812167131,0.169058677387217,0.227346542607302,
0.285634407827388,0.402210138267559,0.51878586870773,0.635361599147901,
0.751937329588072,0.985088790468414),(0.,1.),.UNSPECIFIED.);
#33=B_SPLINE_SURFACE_WITH_KNOTS('',3,1,((#8424,#8425),(#8426,#8427),(#8428,
#8429),(#8430,#8431),(#8432,#8433),(#8434,#8435),(#8436,#8437),(#8438,#8439),
(#8440,#8441),(#8442,#8443),(#8444,#8445),(#8446,#8447),(#8448,#8449)),
 .SURF_OF_LINEAR_EXTRUSION.,.F.,.F.,.F.,(4,1,1,1,1,1,1,1,1,1,4),(2,2),(0.0524829469470401,
0.0816268795570831,0.110770812167126,0.169058677387212,0.227346542607298,
0.285634407827384,0.402210138267556,0.518785868707728,0.6353615991479,0.751937329588072,
0.985088790468416),(0.,1.),.UNSPECIFIED.);
#34=B_SPLINE_SURFACE_WITH_KNOTS('',3,1,((#8456,#8457),(#8458,#8459),(#8460,
#8461),(#8462,#8463),(#8464,#8465),(#8466,#8467),(#8468,#8469),(#8470,#8471),
(#8472,#8473),(#8474,#8475),(#8476,#8477),(#8478,#8479),(#8480,#8481)),
 .SURF_OF_LINEAR_EXTRUSION.,.F.,.F.,.F.,(4,1,1,1,1,1,1,1,1,1,4),(2,2),(0.0524829469470408,
0.0816268795570837,0.110770812167127,0.169058677387212,0.227346542607298,
0.285634407827384,0.402210138267556,0.518785868707727,0.635361599147899,
0.751937329588071,0.985088790468414),(0.,1.),.UNSPECIFIED.);
#35=B_SPLINE_SURFACE_WITH_KNOTS('',3,1,((#8483,#8484),(#8485,#8486),(#8487,
#8488),(#8489,#8490),(#8491,#8492),(#8493,#8494),(#8495,#8496),(#8497,#8498),
(#8499,#8500),(#8501,#8502),(#8503,#8504),(#8505,#8506),(#8507,#8508)),
 .SURF_OF_LINEAR_EXTRUSION.,.F.,.F.,.F.,(4,1,1,1,1,1,1,1,1,1,4),(2,2),(0.0524829469470346,
0.0816268795570778,0.110770812167121,0.169058677387207,0.227346542607294,
0.28563440782738,0.402210138267553,0.518785868707725,0.635361599147898,
0.751937329588071,0.985088790468416),(0.,1.),.UNSPECIFIED.);
#36=B_SPLINE_SURFACE_WITH_KNOTS('',3,1,((#8515,#8516),(#8517,#8518),(#8519,
#8520),(#8521,#8522),(#8523,#8524),(#8525,#8526),(#8527,#8528),(#8529,#8530),
(#8531,#8532),(#8533,#8534),(#8535,#8536),(#8537,#8538),(#8539,#8540)),
 .SURF_OF_LINEAR_EXTRUSION.,.F.,.F.,.F.,(4,1,1,1,1,1,1,1,1,1,4),(2,2),(0.0524829469470403,
0.0816268795570833,0.110770812167126,0.169058677387212,0.227346542607298,
0.285634407827384,0.402210138267555,0.518785868707727,0.635361599147899,
0.751937329588071,0.985088790468414),(0.,1.),.UNSPECIFIED.);
#37=B_SPLINE_SURFACE_WITH_KNOTS('',3,1,((#8542,#8543),(#8544,#8545),(#8546,
#8547),(#8548,#8549),(#8550,#8551),(#8552,#8553),(#8554,#8555),(#8556,#8557),
(#8558,#8559),(#8560,#8561),(#8562,#8563),(#8564,#8565),(#8566,#8567)),
 .SURF_OF_LINEAR_EXTRUSION.,.F.,.F.,.F.,(4,1,1,1,1,1,1,1,1,1,4),(2,2),(0.0524829469470265,
0.0816268795570699,0.110770812167113,0.1690586773872,0.227346542607287,
0.285634407827374,0.402210138267548,0.518785868707721,0.635361599147895,
0.751937329588069,0.985088790468416),(0.,1.),.UNSPECIFIED.);
#38=B_SPLINE_SURFACE_WITH_KNOTS('',3,1,((#8574,#8575),(#8576,#8577),(#8578,
#8579),(#8580,#8581),(#8582,#8583),(#8584,#8585),(#8586,#8587),(#8588,#8589),
(#8590,#8591),(#8592,#8593),(#8594,#8595),(#8596,#8597),(#8598,#8599)),
 .SURF_OF_LINEAR_EXTRUSION.,.F.,.F.,.F.,(4,1,1,1,1,1,1,1,1,1,4),(2,2),(0.0524829469470466,
0.0816268795570893,0.110770812167132,0.169058677387217,0.227346542607303,
0.285634407827388,0.402210138267559,0.51878586870773,0.635361599147901,
0.751937329588072,0.985088790468414),(0.,1.),.UNSPECIFIED.);
#39=B_SPLINE_SURFACE_WITH_KNOTS('',3,1,((#8601,#8602),(#8603,#8604),(#8605,
#8606),(#8607,#8608),(#8609,#8610),(#8611,#8612),(#8613,#8614),(#8615,#8616),
(#8617,#8618),(#8619,#8620),(#8621,#8622),(#8623,#8624),(#8625,#8626)),
 .SURF_OF_LINEAR_EXTRUSION.,.F.,.F.,.F.,(4,1,1,1,1,1,1,1,1,1,4),(2,2),(0.0524829469470307,
0.081626879557074,0.110770812167117,0.169058677387204,0.22734654260729,
0.285634407827377,0.40221013826755,0.518785868707723,0.635361599147896,
0.75193732958807,0.985088790468416),(0.,1.),.UNSPECIFIED.);
#40=B_SPLINE_SURFACE_WITH_KNOTS('',3,1,((#8633,#8634),(#8635,#8636),(#8637,
#8638),(#8639,#8640),(#8641,#8642),(#8643,#8644),(#8645,#8646),(#8647,#8648),
(#8649,#8650),(#8651,#8652),(#8653,#8654),(#8655,#8656),(#8657,#8658)),
 .SURF_OF_LINEAR_EXTRUSION.,.F.,.F.,.F.,(4,1,1,1,1,1,1,1,1,1,4),(2,2),(0.0524829469470499,
0.0816268795570925,0.110770812167135,0.16905867738722,0.227346542607306,
0.285634407827391,0.402210138267561,0.518785868707732,0.635361599147902,
0.751937329588073,0.985088790468414),(0.,1.),.UNSPECIFIED.);
#41=B_SPLINE_SURFACE_WITH_KNOTS('',3,1,((#8660,#8661),(#8662,#8663),(#8664,
#8665),(#8666,#8667),(#8668,#8669),(#8670,#8671),(#8672,#8673),(#8674,#8675),
(#8676,#8677),(#8678,#8679),(#8680,#8681),(#8682,#8683),(#8684,#8685)),
 .SURF_OF_LINEAR_EXTRUSION.,.F.,.F.,.F.,(4,1,1,1,1,1,1,1,1,1,4),(2,2),(0.0524829469470347,
0.0816268795570778,0.110770812167121,0.169058677387207,0.227346542607294,
0.28563440782738,0.402210138267553,0.518785868707725,0.635361599147898,
0.751937329588071,0.985088790468416),(0.,1.),.UNSPECIFIED.);
#42=B_SPLINE_SURFACE_WITH_KNOTS('',3,1,((#8692,#8693),(#8694,#8695),(#8696,
#8697),(#8698,#8699),(#8700,#8701),(#8702,#8703),(#8704,#8705),(#8706,#8707),
(#8708,#8709),(#8710,#8711),(#8712,#8713),(#8714,#8715),(#8716,#8717)),
 .SURF_OF_LINEAR_EXTRUSION.,.F.,.F.,.F.,(4,1,1,1,1,1,1,1,1,1,4),(2,2),(0.0524829469470497,
0.0816268795570923,0.110770812167135,0.16905867738722,0.227346542607305,
0.285634407827391,0.402210138267561,0.518785868707732,0.635361599147902,
0.751937329588073,0.985088790468414),(0.,1.),.UNSPECIFIED.);
#43=B_SPLINE_SURFACE_WITH_KNOTS('',3,1,((#8719,#8720),(#8721,#8722),(#8723,
#8724),(#8725,#8726),(#8727,#8728),(#8729,#8730),(#8731,#8732),(#8733,#8734),
(#8735,#8736),(#8737,#8738),(#8739,#8740),(#8741,#8742),(#8743,#8744)),
 .SURF_OF_LINEAR_EXTRUSION.,.F.,.F.,.F.,(4,1,1,1,1,1,1,1,1,1,4),(2,2),(0.0524829469470341,
0.0816268795570773,0.11077081216712,0.169058677387207,0.227346542607293,
0.28563440782738,0.402210138267552,0.518785868707725,0.635361599147898,
0.75193732958807,0.985088790468416),(0.,1.),.UNSPECIFIED.);
#44=B_SPLINE_SURFACE_WITH_KNOTS('',3,1,((#8751,#8752),(#8753,#8754),(#8755,
#8756),(#8757,#8758),(#8759,#8760),(#8761,#8762),(#8763,#8764),(#8765,#8766),
(#8767,#8768),(#8769,#8770),(#8771,#8772),(#8773,#8774),(#8775,#8776)),
 .SURF_OF_LINEAR_EXTRUSION.,.F.,.F.,.F.,(4,1,1,1,1,1,1,1,1,1,4),(2,2),(0.0524829469470502,
0.0816268795570928,0.110770812167135,0.169058677387221,0.227346542607306,
0.285634407827391,0.402210138267562,0.518785868707732,0.635361599147903,
0.751937329588073,0.985088790468414),(0.,1.),.UNSPECIFIED.);
#45=B_SPLINE_SURFACE_WITH_KNOTS('',3,1,((#8778,#8779),(#8780,#8781),(#8782,
#8783),(#8784,#8785),(#8786,#8787),(#8788,#8789),(#8790,#8791),(#8792,#8793),
(#8794,#8795),(#8796,#8797),(#8798,#8799),(#8800,#8801),(#8802,#8803)),
 .SURF_OF_LINEAR_EXTRUSION.,.F.,.F.,.F.,(4,1,1,1,1,1,1,1,1,1,4),(2,2),(0.0524829469470335,
0.0816268795570767,0.11077081216712,0.169058677387206,0.227346542607293,
0.285634407827379,0.402210138267552,0.518785868707725,0.635361599147898,
0.75193732958807,0.985088790468416),(0.,1.),.UNSPECIFIED.);
#46=B_SPLINE_SURFACE_WITH_KNOTS('',3,1,((#8810,#8811),(#8812,#8813),(#8814,
#8815),(#8816,#8817),(#8818,#8819),(#8820,#8821),(#8822,#8823),(#8824,#8825),
(#8826,#8827),(#8828,#8829),(#8830,#8831),(#8832,#8833),(#8834,#8835)),
 .SURF_OF_LINEAR_EXTRUSION.,.F.,.F.,.F.,(4,1,1,1,1,1,1,1,1,1,4),(2,2),(0.0524829469470342,
0.0816268795570773,0.11077081216712,0.169058677387207,0.227346542607293,
0.285634407827379,0.402210138267552,0.518785868707724,0.635361599147897,
0.751937329588069,0.985088790468414),(0.,1.),.UNSPECIFIED.);
#47=B_SPLINE_SURFACE_WITH_KNOTS('',3,1,((#8837,#8838),(#8839,#8840),(#8841,
#8842),(#8843,#8844),(#8845,#8846),(#8847,#8848),(#8849,#8850),(#8851,#8852),
(#8853,#8854),(#8855,#8856),(#8857,#8858),(#8859,#8860),(#8861,#8862)),
 .SURF_OF_LINEAR_EXTRUSION.,.F.,.F.,.F.,(4,1,1,1,1,1,1,1,1,1,4),(2,2),(0.0524829469470246,
0.081626879557068,0.110770812167112,0.169058677387198,0.227346542607285,
0.285634407827372,0.402210138267546,0.51878586870772,0.635361599147894,
0.751937329588068,0.985088790468416),(0.,1.),.UNSPECIFIED.);
#48=B_SPLINE_SURFACE_WITH_KNOTS('',3,1,((#8869,#8870),(#8871,#8872),(#8873,
#8874),(#8875,#8876),(#8877,#8878),(#8879,#8880),(#8881,#8882),(#8883,#8884),
(#8885,#8886),(#8887,#8888),(#8889,#8890),(#8891,#8892),(#8893,#8894)),
 .SURF_OF_LINEAR_EXTRUSION.,.F.,.F.,.F.,(4,1,1,1,1,1,1,1,1,1,4),(2,2),(0.0524829469470366,
0.0816268795570796,0.110770812167123,0.169058677387209,0.227346542607295,
0.285634407827381,0.402210138267553,0.518785868707725,0.635361599147897,
0.75193732958807,0.985088790468414),(0.,1.),.UNSPECIFIED.);
#49=B_SPLINE_SURFACE_WITH_KNOTS('',3,1,((#8896,#8897),(#8898,#8899),(#8900,
#8901),(#8902,#8903),(#8904,#8905),(#8906,#8907),(#8908,#8909),(#8910,#8911),
(#8912,#8913),(#8914,#8915),(#8916,#8917),(#8918,#8919),(#8920,#8921)),
 .SURF_OF_LINEAR_EXTRUSION.,.F.,.F.,.F.,(4,1,1,1,1,1,1,1,1,1,4),(2,2),(0.052482946947032,
0.0816268795570752,0.110770812167118,0.169058677387205,0.227346542607291,
0.285634407827378,0.402210138267551,0.518785868707724,0.635361599147897,
0.75193732958807,0.985088790468416),(0.,1.),.UNSPECIFIED.);
#50=B_SPLINE_SURFACE_WITH_KNOTS('',3,1,((#8928,#8929),(#8930,#8931),(#8932,
#8933),(#8934,#8935),(#8936,#8937),(#8938,#8939),(#8940,#8941),(#8942,#8943),
(#8944,#8945),(#8946,#8947),(#8948,#8949),(#8950,#8951),(#8952,#8953)),
 .SURF_OF_LINEAR_EXTRUSION.,.F.,.F.,.F.,(4,1,1,1,1,1,1,1,1,1,4),(2,2),(0.0524829469470482,
0.0816268795570909,0.110770812167134,0.169058677387219,0.227346542607304,
0.28563440782739,0.40221013826756,0.518785868707731,0.635361599147902,0.751937329588073,
0.985088790468414),(0.,1.),.UNSPECIFIED.);
#51=B_SPLINE_SURFACE_WITH_KNOTS('',3,1,((#8955,#8956),(#8957,#8958),(#8959,
#8960),(#8961,#8962),(#8963,#8964),(#8965,#8966),(#8967,#8968),(#8969,#8970),
(#8971,#8972),(#8973,#8974),(#8975,#8976),(#8977,#8978),(#8979,#8980)),
 .SURF_OF_LINEAR_EXTRUSION.,.F.,.F.,.F.,(4,1,1,1,1,1,1,1,1,1,4),(2,2),(0.0524829469470241,
0.0816268795570676,0.110770812167111,0.169058677387198,0.227346542607285,
0.285634407827372,0.402210138267546,0.51878586870772,0.635361599147894,
0.751937329588068,0.985088790468416),(0.,1.),.UNSPECIFIED.);
#52=B_SPLINE_SURFACE_WITH_KNOTS('',3,1,((#8987,#8988),(#8989,#8990),(#8991,
#8992),(#8993,#8994),(#8995,#8996),(#8997,#8998),(#8999,#9000),(#9001,#9002),
(#9003,#9004),(#9005,#9006),(#9007,#9008),(#9009,#9010),(#9011,#9012)),
 .SURF_OF_LINEAR_EXTRUSION.,.F.,.F.,.F.,(4,1,1,1,1,1,1,1,1,1,4),(2,2),(0.0524829469470381,
0.0816268795570811,0.110770812167124,0.16905867738721,0.227346542607296,
0.285634407827382,0.402210138267554,0.518785868707726,0.635361599147898,
0.75193732958807,0.985088790468414),(0.,1.),.UNSPECIFIED.);
#53=B_SPLINE_SURFACE_WITH_KNOTS('',3,1,((#9014,#9015),(#9016,#9017),(#9018,
#9019),(#9020,#9021),(#9022,#9023),(#9024,#9025),(#9026,#9027),(#9028,#9029),
(#9030,#9031),(#9032,#9033),(#9034,#9035),(#9036,#9037),(#9038,#9039)),
 .SURF_OF_LINEAR_EXTRUSION.,.F.,.F.,.F.,(4,1,1,1,1,1,1,1,1,1,4),(2,2),(0.0524829469470337,
0.0816268795570769,0.11077081216712,0.169058677387207,0.227346542607293,
0.285634407827379,0.402210138267552,0.518785868707725,0.635361599147898,
0.75193732958807,0.985088790468416),(0.,1.),.UNSPECIFIED.);
#54=B_SPLINE_SURFACE_WITH_KNOTS('',3,1,((#9046,#9047),(#9048,#9049),(#9050,
#9051),(#9052,#9053),(#9054,#9055),(#9056,#9057),(#9058,#9059),(#9060,#9061),
(#9062,#9063),(#9064,#9065),(#9066,#9067),(#9068,#9069),(#9070,#9071)),
 .SURF_OF_LINEAR_EXTRUSION.,.F.,.F.,.F.,(4,1,1,1,1,1,1,1,1,1,4),(2,2),(0.0524829469470468,
0.0816268795570896,0.110770812167132,0.169058677387218,0.227346542607303,
0.285634407827389,0.40221013826756,0.51878586870773,0.635361599147901,0.751937329588072,
0.985088790468414),(0.,1.),.UNSPECIFIED.);
#55=B_SPLINE_SURFACE_WITH_KNOTS('',3,1,((#9073,#9074),(#9075,#9076),(#9077,
#9078),(#9079,#9080),(#9081,#9082),(#9083,#9084),(#9085,#9086),(#9087,#9088),
(#9089,#9090),(#9091,#9092),(#9093,#9094),(#9095,#9096),(#9097,#9098)),
 .SURF_OF_LINEAR_EXTRUSION.,.F.,.F.,.F.,(4,1,1,1,1,1,1,1,1,1,4),(2,2),(0.0524829469470224,
0.081626879557066,0.11077081216711,0.169058677387197,0.227346542607284,
0.285634407827371,0.402210138267545,0.518785868707719,0.635361599147893,
0.751937329588068,0.985088790468416),(0.,1.),.UNSPECIFIED.);
#56=B_SPLINE_SURFACE_WITH_KNOTS('',3,1,((#9105,#9106),(#9107,#9108),(#9109,
#9110),(#9111,#9112),(#9113,#9114),(#9115,#9116),(#9117,#9118),(#9119,#9120),
(#9121,#9122),(#9123,#9124),(#9125,#9126),(#9127,#9128),(#9129,#9130)),
 .SURF_OF_LINEAR_EXTRUSION.,.F.,.F.,.F.,(4,1,1,1,1,1,1,1,1,1,4),(2,2),(0.0524829469470384,
0.0816268795570814,0.110770812167124,0.16905867738721,0.227346542607296,
0.285634407827382,0.402210138267554,0.518785868707726,0.635361599147898,
0.75193732958807,0.985088790468414),(0.,1.),.UNSPECIFIED.);
#57=B_SPLINE_SURFACE_WITH_KNOTS('',3,1,((#9132,#9133),(#9134,#9135),(#9136,
#9137),(#9138,#9139),(#9140,#9141),(#9142,#9143),(#9144,#9145),(#9146,#9147),
(#9148,#9149),(#9150,#9151),(#9152,#9153),(#9154,#9155),(#9156,#9157)),
 .SURF_OF_LINEAR_EXTRUSION.,.F.,.F.,.F.,(4,1,1,1,1,1,1,1,1,1,4),(2,2),(0.0524829469470368,
0.0816268795570799,0.110770812167123,0.169058677387209,0.227346542607295,
0.285634407827382,0.402210138267554,0.518785868707726,0.635361599147899,
0.751937329588071,0.985088790468416),(0.,1.),.UNSPECIFIED.);
#58=B_SPLINE_SURFACE_WITH_KNOTS('',3,1,((#9164,#9165),(#9166,#9167),(#9168,
#9169),(#9170,#9171),(#9172,#9173),(#9174,#9175),(#9176,#9177),(#9178,#9179),
(#9180,#9181),(#9182,#9183),(#9184,#9185),(#9186,#9187),(#9188,#9189)),
 .SURF_OF_LINEAR_EXTRUSION.,.F.,.F.,.F.,(4,1,1,1,1,1,1,1,1,1,4),(2,2),(0.0524829469470394,
0.0816268795570823,0.110770812167125,0.169058677387211,0.227346542607297,
0.285634407827383,0.402210138267555,0.518785868707727,0.635361599147898,
0.75193732958807,0.985088790468414),(0.,1.),.UNSPECIFIED.);
#59=B_SPLINE_SURFACE_WITH_KNOTS('',3,1,((#9191,#9192),(#9193,#9194),(#9195,
#9196),(#9197,#9198),(#9199,#9200),(#9201,#9202),(#9203,#9204),(#9205,#9206),
(#9207,#9208),(#9209,#9210),(#9211,#9212),(#9213,#9214),(#9215,#9216)),
 .SURF_OF_LINEAR_EXTRUSION.,.F.,.F.,.F.,(4,1,1,1,1,1,1,1,1,1,4),(2,2),(0.0524829469470307,
0.081626879557074,0.110770812167117,0.169058677387204,0.22734654260729,
0.285634407827377,0.40221013826755,0.518785868707723,0.635361599147896,
0.75193732958807,0.985088790468416),(0.,1.),.UNSPECIFIED.);
#60=B_SPLINE_CURVE_WITH_KNOTS('',3,(#4392,#4393,#4394,#4395,#4396,#4397,
#4398,#4399,#4400,#4401,#4402,#4403,#4404,#4405,#4406,#4407,#4408,#4409,
#4410,#4411,#4412,#4413,#4414,#4415,#4416,#4417,#4418,#4419,#4420,#4421,
#4422,#4423),.UNSPECIFIED.,.F.,.F.,(4,1,1,1,1,1,1,1,1,1,1,1,1,1,1,1,1,1,
1,1,1,1,1,1,1,1,1,1,1,4),(0.,0.0947191414680562,0.105435410606746,0.119270051843148,
0.135639419217311,0.154200536740823,0.17472062401325,0.197028310601875,
0.220990609761134,0.246500425157811,0.273469102961856,0.301821677512944,
0.33149367416024,0.36242886910936,0.394577666725331,0.427895891315667,0.462343866461119,
0.497885699467431,0.534488715672697,0.572123004522591,0.610761050528893,
0.650377429731968,0.690948557435831,0.732452476590366,0.774868678768634,
0.81817795155502,0.862362247536263,0.907404571115797,0.953288880149934,
0.985088790468416),.UNSPECIFIED.);
#61=B_SPLINE_CURVE_WITH_KNOTS('',3,(#4424,#4425,#4426,#4427,#4428,#4429,
#4430,#4431,#4432,#4433,#4434,#4435,#4436,#4437,#4438,#4439,#4440,#4441,
#4442,#4443,#4444,#4445,#4446,#4447,#4448,#4449,#4450,#4451,#4452,#4453,
#4454,#4455),.UNSPECIFIED.,.F.,.F.,(4,1,1,1,1,1,1,1,1,1,1,1,1,1,1,1,1,1,
1,1,1,1,1,1,1,1,1,1,1,4),(0.,0.0947191414680562,0.105435410606746,0.119270051843148,
0.135639419217311,0.154200536740823,0.17472062401325,0.197028310601875,
0.220990609761134,0.246500425157811,0.273469102961856,0.301821677512944,
0.33149367416024,0.36242886910936,0.394577666725331,0.427895891315667,0.462343866461119,
0.497885699467431,0.534488715672697,0.572123004522591,0.610761050528893,
0.650377429731968,0.690948557435831,0.732452476590366,0.774868678768634,
0.81817795155502,0.862362247536263,0.907404571115797,0.953288880149934,
0.985088790468414),.UNSPECIFIED.);
#62=B_SPLINE_CURVE_WITH_KNOTS('',3,(#4463,#4464,#4465,#4466,#4467,#4468,
#4469,#4470,#4471,#4472,#4473,#4474,#4475,#4476,#4477,#4478,#4479,#4480,
#4481,#4482,#4483,#4484,#4485,#4486,#4487,#4488,#4489,#4490,#4491,#4492,
#4493,#4494),.UNSPECIFIED.,.F.,.F.,(4,1,1,1,1,1,1,1,1,1,1,1,1,1,1,1,1,1,
1,1,1,1,1,1,1,1,1,1,1,4),(0.,0.0947191414680562,0.105435410606746,0.119270051843148,
0.135639419217311,0.154200536740823,0.17472062401325,0.197028310601875,
0.220990609761134,0.246500425157811,0.273469102961856,0.301821677512944,
0.33149367416024,0.36242886910936,0.394577666725331,0.427895891315667,0.462343866461119,
0.497885699467431,0.534488715672697,0.572123004522591,0.610761050528893,
0.650377429731968,0.690948557435831,0.732452476590366,0.774868678768634,
0.81817795155502,0.862362247536263,0.907404571115797,0.953288880149934,
0.985088790468416),.UNSPECIFIED.);
#63=B_SPLINE_CURVE_WITH_KNOTS('',3,(#4495,#4496,#4497,#4498,#4499,#4500,
#4501,#4502,#4503,#4504,#4505,#4506,#4507,#4508,#4509,#4510,#4511,#4512,
#4513,#4514,#4515,#4516,#4517,#4518,#4519,#4520,#4521,#4522,#4523,#4524,
#4525,#4526),.UNSPECIFIED.,.F.,.F.,(4,1,1,1,1,1,1,1,1,1,1,1,1,1,1,1,1,1,
1,1,1,1,1,1,1,1,1,1,1,4),(0.,0.0947191414680562,0.105435410606746,0.119270051843148,
0.135639419217311,0.154200536740823,0.17472062401325,0.197028310601875,
0.220990609761134,0.246500425157811,0.273469102961856,0.301821677512944,
0.33149367416024,0.36242886910936,0.394577666725331,0.427895891315667,0.462343866461119,
0.497885699467431,0.534488715672697,0.572123004522591,0.610761050528893,
0.650377429731968,0.690948557435831,0.732452476590366,0.774868678768634,
0.81817795155502,0.862362247536263,0.907404571115797,0.953288880149934,
0.985088790468414),.UNSPECIFIED.);
#64=B_SPLINE_CURVE_WITH_KNOTS('',3,(#4534,#4535,#4536,#4537,#4538,#4539,
#4540,#4541,#4542,#4543,#4544,#4545,#4546,#4547,#4548,#4549,#4550,#4551,
#4552,#4553,#4554,#4555,#4556,#4557,#4558,#4559,#4560,#4561,#4562,#4563,
#4564,#4565),.UNSPECIFIED.,.F.,.F.,(4,1,1,1,1,1,1,1,1,1,1,1,1,1,1,1,1,1,
1,1,1,1,1,1,1,1,1,1,1,4),(0.,0.0947191414680562,0.105435410606746,0.119270051843148,
0.135639419217311,0.154200536740823,0.17472062401325,0.197028310601875,
0.220990609761134,0.246500425157811,0.273469102961856,0.301821677512944,
0.33149367416024,0.36242886910936,0.394577666725331,0.427895891315667,0.462343866461119,
0.497885699467431,0.534488715672697,0.572123004522591,0.610761050528893,
0.650377429731968,0.690948557435831,0.732452476590366,0.774868678768634,
0.81817795155502,0.862362247536263,0.907404571115797,0.953288880149934,
0.985088790468416),.UNSPECIFIED.);
#65=B_SPLINE_CURVE_WITH_KNOTS('',3,(#4566,#4567,#4568,#4569,#4570,#4571,
#4572,#4573,#4574,#4575,#4576,#4577,#4578,#4579,#4580,#4581,#4582,#4583,
#4584,#4585,#4586,#4587,#4588,#4589,#4590,#4591,#4592,#4593,#4594,#4595,
#4596,#4597),.UNSPECIFIED.,.F.,.F.,(4,1,1,1,1,1,1,1,1,1,1,1,1,1,1,1,1,1,
1,1,1,1,1,1,1,1,1,1,1,4),(0.,0.0947191414680562,0.105435410606746,0.119270051843148,
0.135639419217311,0.154200536740823,0.17472062401325,0.197028310601875,
0.220990609761134,0.246500425157811,0.273469102961856,0.301821677512944,
0.33149367416024,0.36242886910936,0.394577666725331,0.427895891315667,0.462343866461119,
0.497885699467431,0.534488715672697,0.572123004522591,0.610761050528893,
0.650377429731968,0.690948557435831,0.732452476590366,0.774868678768634,
0.81817795155502,0.862362247536263,0.907404571115797,0.953288880149934,
0.985088790468414),.UNSPECIFIED.);
#66=B_SPLINE_CURVE_WITH_KNOTS('',3,(#4605,#4606,#4607,#4608,#4609,#4610,
#4611,#4612,#4613,#4614,#4615,#4616,#4617,#4618,#4619,#4620,#4621,#4622,
#4623,#4624,#4625,#4626,#4627,#4628,#4629,#4630,#4631,#4632,#4633,#4634,
#4635,#4636),.UNSPECIFIED.,.F.,.F.,(4,1,1,1,1,1,1,1,1,1,1,1,1,1,1,1,1,1,
1,1,1,1,1,1,1,1,1,1,1,4),(0.,0.0947191414680562,0.105435410606746,0.119270051843148,
0.135639419217311,0.154200536740823,0.17472062401325,0.197028310601875,
0.220990609761134,0.246500425157811,0.273469102961856,0.301821677512944,
0.33149367416024,0.36242886910936,0.394577666725331,0.427895891315667,0.462343866461119,
0.497885699467431,0.534488715672697,0.572123004522591,0.610761050528893,
0.650377429731968,0.690948557435831,0.732452476590366,0.774868678768634,
0.81817795155502,0.862362247536263,0.907404571115797,0.953288880149934,
0.985088790468416),.UNSPECIFIED.);
#67=B_SPLINE_CURVE_WITH_KNOTS('',3,(#4637,#4638,#4639,#4640,#4641,#4642,
#4643,#4644,#4645,#4646,#4647,#4648,#4649,#4650,#4651,#4652,#4653,#4654,
#4655,#4656,#4657,#4658,#4659,#4660,#4661,#4662,#4663,#4664,#4665,#4666,
#4667,#4668),.UNSPECIFIED.,.F.,.F.,(4,1,1,1,1,1,1,1,1,1,1,1,1,1,1,1,1,1,
1,1,1,1,1,1,1,1,1,1,1,4),(0.,0.0947191414680562,0.105435410606746,0.119270051843148,
0.135639419217311,0.154200536740823,0.17472062401325,0.197028310601875,
0.220990609761134,0.246500425157811,0.273469102961856,0.301821677512944,
0.33149367416024,0.36242886910936,0.394577666725331,0.427895891315667,0.462343866461119,
0.497885699467431,0.534488715672697,0.572123004522591,0.610761050528893,
0.650377429731968,0.690948557435831,0.732452476590366,0.774868678768634,
0.81817795155502,0.862362247536263,0.907404571115797,0.953288880149934,
0.985088790468414),.UNSPECIFIED.);
#68=B_SPLINE_CURVE_WITH_KNOTS('',3,(#4676,#4677,#4678,#4679,#4680,#4681,
#4682,#4683,#4684,#4685,#4686,#4687,#4688,#4689,#4690,#4691,#4692,#4693,
#4694,#4695,#4696,#4697,#4698,#4699,#4700,#4701,#4702,#4703,#4704,#4705,
#4706,#4707),.UNSPECIFIED.,.F.,.F.,(4,1,1,1,1,1,1,1,1,1,1,1,1,1,1,1,1,1,
1,1,1,1,1,1,1,1,1,1,1,4),(0.,0.0947191414680562,0.105435410606746,0.119270051843148,
0.135639419217311,0.154200536740823,0.17472062401325,0.197028310601875,
0.220990609761134,0.246500425157811,0.273469102961856,0.301821677512944,
0.33149367416024,0.36242886910936,0.394577666725331,0.427895891315667,0.462343866461119,
0.497885699467431,0.534488715672697,0.572123004522591,0.610761050528893,
0.650377429731968,0.690948557435831,0.732452476590366,0.774868678768634,
0.81817795155502,0.862362247536263,0.907404571115797,0.953288880149934,
0.985088790468416),.UNSPECIFIED.);
#69=B_SPLINE_CURVE_WITH_KNOTS('',3,(#4708,#4709,#4710,#4711,#4712,#4713,
#4714,#4715,#4716,#4717,#4718,#4719,#4720,#4721,#4722,#4723,#4724,#4725,
#4726,#4727,#4728,#4729,#4730,#4731,#4732,#4733,#4734,#4735,#4736,#4737,
#4738,#4739),.UNSPECIFIED.,.F.,.F.,(4,1,1,1,1,1,1,1,1,1,1,1,1,1,1,1,1,1,
1,1,1,1,1,1,1,1,1,1,1,4),(0.,0.0947191414680562,0.105435410606746,0.119270051843148,
0.135639419217311,0.154200536740823,0.17472062401325,0.197028310601875,
0.220990609761134,0.246500425157811,0.273469102961856,0.301821677512944,
0.33149367416024,0.36242886910936,0.394577666725331,0.427895891315667,0.462343866461119,
0.497885699467431,0.534488715672697,0.572123004522591,0.610761050528893,
0.650377429731968,0.690948557435831,0.732452476590366,0.774868678768634,
0.81817795155502,0.862362247536263,0.907404571115797,0.953288880149934,
0.985088790468414),.UNSPECIFIED.);
#70=B_SPLINE_CURVE_WITH_KNOTS('',3,(#4747,#4748,#4749,#4750,#4751,#4752,
#4753,#4754,#4755,#4756,#4757,#4758,#4759,#4760,#4761,#4762,#4763,#4764,
#4765,#4766,#4767,#4768,#4769,#4770,#4771,#4772,#4773,#4774,#4775,#4776,
#4777,#4778),.UNSPECIFIED.,.F.,.F.,(4,1,1,1,1,1,1,1,1,1,1,1,1,1,1,1,1,1,
1,1,1,1,1,1,1,1,1,1,1,4),(0.,0.0947191414680562,0.105435410606746,0.119270051843148,
0.135639419217311,0.154200536740823,0.17472062401325,0.197028310601875,
0.220990609761134,0.246500425157811,0.273469102961856,0.301821677512944,
0.33149367416024,0.36242886910936,0.394577666725331,0.427895891315667,0.462343866461119,
0.497885699467431,0.534488715672697,0.572123004522591,0.610761050528893,
0.650377429731968,0.690948557435831,0.732452476590366,0.774868678768634,
0.81817795155502,0.862362247536263,0.907404571115797,0.953288880149934,
0.985088790468416),.UNSPECIFIED.);
#71=B_SPLINE_CURVE_WITH_KNOTS('',3,(#4779,#4780,#4781,#4782,#4783,#4784,
#4785,#4786,#4787,#4788,#4789,#4790,#4791,#4792,#4793,#4794,#4795,#4796,
#4797,#4798,#4799,#4800,#4801,#4802,#4803,#4804,#4805,#4806,#4807,#4808,
#4809,#4810),.UNSPECIFIED.,.F.,.F.,(4,1,1,1,1,1,1,1,1,1,1,1,1,1,1,1,1,1,
1,1,1,1,1,1,1,1,1,1,1,4),(0.,0.0947191414680562,0.105435410606746,0.119270051843148,
0.135639419217311,0.154200536740823,0.17472062401325,0.197028310601875,
0.220990609761134,0.246500425157811,0.273469102961856,0.301821677512944,
0.33149367416024,0.36242886910936,0.394577666725331,0.427895891315667,0.462343866461119,
0.497885699467431,0.534488715672697,0.572123004522591,0.610761050528893,
0.650377429731968,0.690948557435831,0.732452476590366,0.774868678768634,
0.81817795155502,0.862362247536263,0.907404571115797,0.953288880149934,
0.985088790468414),.UNSPECIFIED.);
#72=B_SPLINE_CURVE_WITH_KNOTS('',3,(#4818,#4819,#4820,#4821,#4822,#4823,
#4824,#4825,#4826,#4827,#4828,#4829,#4830,#4831,#4832,#4833,#4834,#4835,
#4836,#4837,#4838,#4839,#4840,#4841,#4842,#4843,#4844,#4845,#4846,#4847,
#4848,#4849),.UNSPECIFIED.,.F.,.F.,(4,1,1,1,1,1,1,1,1,1,1,1,1,1,1,1,1,1,
1,1,1,1,1,1,1,1,1,1,1,4),(0.,0.0947191414680562,0.105435410606746,0.119270051843148,
0.135639419217311,0.154200536740823,0.17472062401325,0.197028310601875,
0.220990609761134,0.246500425157811,0.273469102961856,0.301821677512944,
0.33149367416024,0.36242886910936,0.394577666725331,0.427895891315667,0.462343866461119,
0.497885699467431,0.534488715672697,0.572123004522591,0.610761050528893,
0.650377429731968,0.690948557435831,0.732452476590366,0.774868678768634,
0.81817795155502,0.862362247536263,0.907404571115797,0.953288880149934,
0.985088790468416),.UNSPECIFIED.);
#73=B_SPLINE_CURVE_WITH_KNOTS('',3,(#4850,#4851,#4852,#4853,#4854,#4855,
#4856,#4857,#4858,#4859,#4860,#4861,#4862,#4863,#4864,#4865,#4866,#4867,
#4868,#4869,#4870,#4871,#4872,#4873,#4874,#4875,#4876,#4877,#4878,#4879,
#4880,#4881),.UNSPECIFIED.,.F.,.F.,(4,1,1,1,1,1,1,1,1,1,1,1,1,1,1,1,1,1,
1,1,1,1,1,1,1,1,1,1,1,4),(0.,0.0947191414680562,0.105435410606746,0.119270051843148,
0.135639419217311,0.154200536740823,0.17472062401325,0.197028310601875,
0.220990609761134,0.246500425157811,0.273469102961856,0.301821677512944,
0.33149367416024,0.36242886910936,0.394577666725331,0.427895891315667,0.462343866461119,
0.497885699467431,0.534488715672697,0.572123004522591,0.610761050528893,
0.650377429731968,0.690948557435831,0.732452476590366,0.774868678768634,
0.81817795155502,0.862362247536263,0.907404571115797,0.953288880149934,
0.985088790468414),.UNSPECIFIED.);
#74=B_SPLINE_CURVE_WITH_KNOTS('',3,(#4889,#4890,#4891,#4892,#4893,#4894,
#4895,#4896,#4897,#4898,#4899,#4900,#4901,#4902,#4903,#4904,#4905,#4906,
#4907,#4908,#4909,#4910,#4911,#4912,#4913,#4914,#4915,#4916,#4917,#4918,
#4919,#4920),.UNSPECIFIED.,.F.,.F.,(4,1,1,1,1,1,1,1,1,1,1,1,1,1,1,1,1,1,
1,1,1,1,1,1,1,1,1,1,1,4),(0.,0.0947191414680562,0.105435410606746,0.119270051843148,
0.135639419217311,0.154200536740823,0.17472062401325,0.197028310601875,
0.220990609761134,0.246500425157811,0.273469102961856,0.301821677512944,
0.33149367416024,0.36242886910936,0.394577666725331,0.427895891315667,0.462343866461119,
0.497885699467431,0.534488715672697,0.572123004522591,0.610761050528893,
0.650377429731968,0.690948557435831,0.732452476590366,0.774868678768634,
0.81817795155502,0.862362247536263,0.907404571115797,0.953288880149934,
0.985088790468416),.UNSPECIFIED.);
#75=B_SPLINE_CURVE_WITH_KNOTS('',3,(#4921,#4922,#4923,#4924,#4925,#4926,
#4927,#4928,#4929,#4930,#4931,#4932,#4933,#4934,#4935,#4936,#4937,#4938,
#4939,#4940,#4941,#4942,#4943,#4944,#4945,#4946,#4947,#4948,#4949,#4950,
#4951,#4952),.UNSPECIFIED.,.F.,.F.,(4,1,1,1,1,1,1,1,1,1,1,1,1,1,1,1,1,1,
1,1,1,1,1,1,1,1,1,1,1,4),(0.,0.0947191414680562,0.105435410606746,0.119270051843148,
0.135639419217311,0.154200536740823,0.17472062401325,0.197028310601875,
0.220990609761134,0.246500425157811,0.273469102961856,0.301821677512944,
0.33149367416024,0.36242886910936,0.394577666725331,0.427895891315667,0.462343866461119,
0.497885699467431,0.534488715672697,0.572123004522591,0.610761050528893,
0.650377429731968,0.690948557435831,0.732452476590366,0.774868678768634,
0.81817795155502,0.862362247536263,0.907404571115797,0.953288880149934,
0.985088790468414),.UNSPECIFIED.);
#76=B_SPLINE_CURVE_WITH_KNOTS('',3,(#4960,#4961,#4962,#4963,#4964,#4965,
#4966,#4967,#4968,#4969,#4970,#4971,#4972,#4973,#4974,#4975,#4976,#4977,
#4978,#4979,#4980,#4981,#4982,#4983,#4984,#4985,#4986,#4987,#4988,#4989,
#4990,#4991),.UNSPECIFIED.,.F.,.F.,(4,1,1,1,1,1,1,1,1,1,1,1,1,1,1,1,1,1,
1,1,1,1,1,1,1,1,1,1,1,4),(0.,0.0947191414680562,0.105435410606746,0.119270051843148,
0.135639419217311,0.154200536740823,0.17472062401325,0.197028310601875,
0.220990609761134,0.246500425157811,0.273469102961856,0.301821677512944,
0.33149367416024,0.36242886910936,0.394577666725331,0.427895891315667,0.462343866461119,
0.497885699467431,0.534488715672697,0.572123004522591,0.610761050528893,
0.650377429731968,0.690948557435831,0.732452476590366,0.774868678768634,
0.81817795155502,0.862362247536263,0.907404571115797,0.953288880149934,
0.985088790468416),.UNSPECIFIED.);
#77=B_SPLINE_CURVE_WITH_KNOTS('',3,(#4992,#4993,#4994,#4995,#4996,#4997,
#4998,#4999,#5000,#5001,#5002,#5003,#5004,#5005,#5006,#5007,#5008,#5009,
#5010,#5011,#5012,#5013,#5014,#5015,#5016,#5017,#5018,#5019,#5020,#5021,
#5022,#5023),.UNSPECIFIED.,.F.,.F.,(4,1,1,1,1,1,1,1,1,1,1,1,1,1,1,1,1,1,
1,1,1,1,1,1,1,1,1,1,1,4),(0.,0.0947191414680562,0.105435410606746,0.119270051843148,
0.135639419217311,0.154200536740823,0.17472062401325,0.197028310601875,
0.220990609761134,0.246500425157811,0.273469102961856,0.301821677512944,
0.33149367416024,0.36242886910936,0.394577666725331,0.427895891315667,0.462343866461119,
0.497885699467431,0.534488715672697,0.572123004522591,0.610761050528893,
0.650377429731968,0.690948557435831,0.732452476590366,0.774868678768634,
0.81817795155502,0.862362247536263,0.907404571115797,0.953288880149934,
0.985088790468414),.UNSPECIFIED.);
#78=B_SPLINE_CURVE_WITH_KNOTS('',3,(#5031,#5032,#5033,#5034,#5035,#5036,
#5037,#5038,#5039,#5040,#5041,#5042,#5043,#5044,#5045,#5046,#5047,#5048,
#5049,#5050,#5051,#5052,#5053,#5054,#5055,#5056,#5057,#5058,#5059,#5060,
#5061,#5062),.UNSPECIFIED.,.F.,.F.,(4,1,1,1,1,1,1,1,1,1,1,1,1,1,1,1,1,1,
1,1,1,1,1,1,1,1,1,1,1,4),(0.,0.0947191414680562,0.105435410606746,0.119270051843148,
0.135639419217311,0.154200536740823,0.17472062401325,0.197028310601875,
0.220990609761134,0.246500425157811,0.273469102961856,0.301821677512944,
0.33149367416024,0.36242886910936,0.394577666725331,0.427895891315667,0.462343866461119,
0.497885699467431,0.534488715672697,0.572123004522591,0.610761050528893,
0.650377429731968,0.690948557435831,0.732452476590366,0.774868678768634,
0.81817795155502,0.862362247536263,0.907404571115797,0.953288880149934,
0.985088790468416),.UNSPECIFIED.);
#79=B_SPLINE_CURVE_WITH_KNOTS('',3,(#5063,#5064,#5065,#5066,#5067,#5068,
#5069,#5070,#5071,#5072,#5073,#5074,#5075,#5076,#5077,#5078,#5079,#5080,
#5081,#5082,#5083,#5084,#5085,#5086,#5087,#5088,#5089,#5090,#5091,#5092,
#5093,#5094),.UNSPECIFIED.,.F.,.F.,(4,1,1,1,1,1,1,1,1,1,1,1,1,1,1,1,1,1,
1,1,1,1,1,1,1,1,1,1,1,4),(0.,0.0947191414680562,0.105435410606746,0.119270051843148,
0.135639419217311,0.154200536740823,0.17472062401325,0.197028310601875,
0.220990609761134,0.246500425157811,0.273469102961856,0.301821677512944,
0.33149367416024,0.36242886910936,0.394577666725331,0.427895891315667,0.462343866461119,
0.497885699467431,0.534488715672697,0.572123004522591,0.610761050528893,
0.650377429731968,0.690948557435831,0.732452476590366,0.774868678768634,
0.81817795155502,0.862362247536263,0.907404571115797,0.953288880149934,
0.985088790468414),.UNSPECIFIED.);
#80=B_SPLINE_CURVE_WITH_KNOTS('',3,(#5102,#5103,#5104,#5105,#5106,#5107,
#5108,#5109,#5110,#5111,#5112,#5113,#5114,#5115,#5116,#5117,#5118,#5119,
#5120,#5121,#5122,#5123,#5124,#5125,#5126,#5127,#5128,#5129,#5130,#5131,
#5132,#5133),.UNSPECIFIED.,.F.,.F.,(4,1,1,1,1,1,1,1,1,1,1,1,1,1,1,1,1,1,
1,1,1,1,1,1,1,1,1,1,1,4),(0.,0.0947191414680562,0.105435410606746,0.119270051843148,
0.135639419217311,0.154200536740823,0.17472062401325,0.197028310601875,
0.220990609761134,0.246500425157811,0.273469102961856,0.301821677512944,
0.33149367416024,0.36242886910936,0.394577666725331,0.427895891315667,0.462343866461119,
0.497885699467431,0.534488715672697,0.572123004522591,0.610761050528893,
0.650377429731968,0.690948557435831,0.732452476590366,0.774868678768634,
0.81817795155502,0.862362247536263,0.907404571115797,0.953288880149934,
0.985088790468416),.UNSPECIFIED.);
#81=B_SPLINE_CURVE_WITH_KNOTS('',3,(#5137,#5138,#5139,#5140,#5141,#5142,
#5143,#5144,#5145,#5146,#5147,#5148,#5149,#5150,#5151,#5152,#5153,#5154,
#5155,#5156,#5157,#5158,#5159,#5160,#5161,#5162,#5163,#5164,#5165,#5166,
#5167,#5168),.UNSPECIFIED.,.F.,.F.,(4,1,1,1,1,1,1,1,1,1,1,1,1,1,1,1,1,1,
1,1,1,1,1,1,1,1,1,1,1,4),(0.,0.0947191414680562,0.105435410606746,0.119270051843148,
0.135639419217311,0.154200536740823,0.17472062401325,0.197028310601875,
0.220990609761134,0.246500425157811,0.273469102961856,0.301821677512944,
0.33149367416024,0.36242886910936,0.394577666725331,0.427895891315667,0.462343866461119,
0.497885699467431,0.534488715672697,0.572123004522591,0.610761050528893,
0.650377429731968,0.690948557435831,0.732452476590366,0.774868678768634,
0.81817795155502,0.862362247536263,0.907404571115797,0.953288880149934,
0.985088790468414),.UNSPECIFIED.);
#82=B_SPLINE_CURVE_WITH_KNOTS('',3,(#5176,#5177,#5178,#5179,#5180,#5181,
#5182,#5183,#5184,#5185,#5186,#5187,#5188,#5189,#5190,#5191,#5192,#5193,
#5194,#5195,#5196,#5197,#5198,#5199,#5200,#5201,#5202,#5203,#5204,#5205,
#5206,#5207),.UNSPECIFIED.,.F.,.F.,(4,1,1,1,1,1,1,1,1,1,1,1,1,1,1,1,1,1,
1,1,1,1,1,1,1,1,1,1,1,4),(0.,0.0947191414680562,0.105435410606746,0.119270051843148,
0.135639419217311,0.154200536740823,0.17472062401325,0.197028310601875,
0.220990609761134,0.246500425157811,0.273469102961856,0.301821677512944,
0.33149367416024,0.36242886910936,0.394577666725331,0.427895891315667,0.462343866461119,
0.497885699467431,0.534488715672697,0.572123004522591,0.610761050528893,
0.650377429731968,0.690948557435831,0.732452476590366,0.774868678768634,
0.81817795155502,0.862362247536263,0.907404571115797,0.953288880149934,
0.985088790468416),.UNSPECIFIED.);
#83=B_SPLINE_CURVE_WITH_KNOTS('',3,(#5208,#5209,#5210,#5211,#5212,#5213,
#5214,#5215,#5216,#5217,#5218,#5219,#5220,#5221,#5222,#5223,#5224,#5225,
#5226,#5227,#5228,#5229,#5230,#5231,#5232,#5233,#5234,#5235,#5236,#5237,
#5238,#5239),.UNSPECIFIED.,.F.,.F.,(4,1,1,1,1,1,1,1,1,1,1,1,1,1,1,1,1,1,
1,1,1,1,1,1,1,1,1,1,1,4),(0.,0.0947191414680562,0.105435410606746,0.119270051843148,
0.135639419217311,0.154200536740823,0.17472062401325,0.197028310601875,
0.220990609761134,0.246500425157811,0.273469102961856,0.301821677512944,
0.33149367416024,0.36242886910936,0.394577666725331,0.427895891315667,0.462343866461119,
0.497885699467431,0.534488715672697,0.572123004522591,0.610761050528893,
0.650377429731968,0.690948557435831,0.732452476590366,0.774868678768634,
0.81817795155502,0.862362247536263,0.907404571115797,0.953288880149934,
0.985088790468414),.UNSPECIFIED.);
#84=B_SPLINE_CURVE_WITH_KNOTS('',3,(#5247,#5248,#5249,#5250,#5251,#5252,
#5253,#5254,#5255,#5256,#5257,#5258,#5259,#5260,#5261,#5262,#5263,#5264,
#5265,#5266,#5267,#5268,#5269,#5270,#5271,#5272,#5273,#5274,#5275,#5276,
#5277,#5278),.UNSPECIFIED.,.F.,.F.,(4,1,1,1,1,1,1,1,1,1,1,1,1,1,1,1,1,1,
1,1,1,1,1,1,1,1,1,1,1,4),(0.,0.0947191414680562,0.105435410606746,0.119270051843148,
0.135639419217311,0.154200536740823,0.17472062401325,0.197028310601875,
0.220990609761134,0.246500425157811,0.273469102961856,0.301821677512944,
0.33149367416024,0.36242886910936,0.394577666725331,0.427895891315667,0.462343866461119,
0.497885699467431,0.534488715672697,0.572123004522591,0.610761050528893,
0.650377429731968,0.690948557435831,0.732452476590366,0.774868678768634,
0.81817795155502,0.862362247536263,0.907404571115797,0.953288880149934,
0.985088790468416),.UNSPECIFIED.);
#85=B_SPLINE_CURVE_WITH_KNOTS('',3,(#5279,#5280,#5281,#5282,#5283,#5284,
#5285,#5286,#5287,#5288,#5289,#5290,#5291,#5292,#5293,#5294,#5295,#5296,
#5297,#5298,#5299,#5300,#5301,#5302,#5303,#5304,#5305,#5306,#5307,#5308,
#5309,#5310),.UNSPECIFIED.,.F.,.F.,(4,1,1,1,1,1,1,1,1,1,1,1,1,1,1,1,1,1,
1,1,1,1,1,1,1,1,1,1,1,4),(0.,0.0947191414680562,0.105435410606746,0.119270051843148,
0.135639419217311,0.154200536740823,0.17472062401325,0.197028310601875,
0.220990609761134,0.246500425157811,0.273469102961856,0.301821677512944,
0.33149367416024,0.36242886910936,0.394577666725331,0.427895891315667,0.462343866461119,
0.497885699467431,0.534488715672697,0.572123004522591,0.610761050528893,
0.650377429731968,0.690948557435831,0.732452476590366,0.774868678768634,
0.81817795155502,0.862362247536263,0.907404571115797,0.953288880149934,
0.985088790468414),.UNSPECIFIED.);
#86=B_SPLINE_CURVE_WITH_KNOTS('',3,(#5318,#5319,#5320,#5321,#5322,#5323,
#5324,#5325,#5326,#5327,#5328,#5329,#5330,#5331,#5332,#5333,#5334,#5335,
#5336,#5337,#5338,#5339,#5340,#5341,#5342,#5343,#5344,#5345,#5346,#5347,
#5348,#5349),.UNSPECIFIED.,.F.,.F.,(4,1,1,1,1,1,1,1,1,1,1,1,1,1,1,1,1,1,
1,1,1,1,1,1,1,1,1,1,1,4),(0.,0.0947191414680562,0.105435410606746,0.119270051843148,
0.135639419217311,0.154200536740823,0.17472062401325,0.197028310601875,
0.220990609761134,0.246500425157811,0.273469102961856,0.301821677512944,
0.33149367416024,0.36242886910936,0.394577666725331,0.427895891315667,0.462343866461119,
0.497885699467431,0.534488715672697,0.572123004522591,0.610761050528893,
0.650377429731968,0.690948557435831,0.732452476590366,0.774868678768634,
0.81817795155502,0.862362247536263,0.907404571115797,0.953288880149934,
0.985088790468416),.UNSPECIFIED.);
#87=B_SPLINE_CURVE_WITH_KNOTS('',3,(#5350,#5351,#5352,#5353,#5354,#5355,
#5356,#5357,#5358,#5359,#5360,#5361,#5362,#5363,#5364,#5365,#5366,#5367,
#5368,#5369,#5370,#5371,#5372,#5373,#5374,#5375,#5376,#5377,#5378,#5379,
#5380,#5381),.UNSPECIFIED.,.F.,.F.,(4,1,1,1,1,1,1,1,1,1,1,1,1,1,1,1,1,1,
1,1,1,1,1,1,1,1,1,1,1,4),(0.,0.0947191414680562,0.105435410606746,0.119270051843148,
0.135639419217311,0.154200536740823,0.17472062401325,0.197028310601875,
0.220990609761134,0.246500425157811,0.273469102961856,0.301821677512944,
0.33149367416024,0.36242886910936,0.394577666725331,0.427895891315667,0.462343866461119,
0.497885699467431,0.534488715672697,0.572123004522591,0.610761050528893,
0.650377429731968,0.690948557435831,0.732452476590366,0.774868678768634,
0.81817795155502,0.862362247536263,0.907404571115797,0.953288880149934,
0.985088790468414),.UNSPECIFIED.);
#88=B_SPLINE_CURVE_WITH_KNOTS('',3,(#5389,#5390,#5391,#5392,#5393,#5394,
#5395,#5396,#5397,#5398,#5399,#5400,#5401,#5402,#5403,#5404,#5405,#5406,
#5407,#5408,#5409,#5410,#5411,#5412,#5413,#5414,#5415,#5416,#5417,#5418,
#5419,#5420),.UNSPECIFIED.,.F.,.F.,(4,1,1,1,1,1,1,1,1,1,1,1,1,1,1,1,1,1,
1,1,1,1,1,1,1,1,1,1,1,4),(0.,0.0947191414680562,0.105435410606746,0.119270051843148,
0.135639419217311,0.154200536740823,0.17472062401325,0.197028310601875,
0.220990609761134,0.246500425157811,0.273469102961856,0.301821677512944,
0.33149367416024,0.36242886910936,0.394577666725331,0.427895891315667,0.462343866461119,
0.497885699467431,0.534488715672697,0.572123004522591,0.610761050528893,
0.650377429731968,0.690948557435831,0.732452476590366,0.774868678768634,
0.81817795155502,0.862362247536263,0.907404571115797,0.953288880149934,
0.985088790468416),.UNSPECIFIED.);
#89=B_SPLINE_CURVE_WITH_KNOTS('',3,(#5421,#5422,#5423,#5424,#5425,#5426,
#5427,#5428,#5429,#5430,#5431,#5432,#5433,#5434,#5435,#5436,#5437,#5438,
#5439,#5440,#5441,#5442,#5443,#5444,#5445,#5446,#5447,#5448,#5449,#5450,
#5451,#5452),.UNSPECIFIED.,.F.,.F.,(4,1,1,1,1,1,1,1,1,1,1,1,1,1,1,1,1,1,
1,1,1,1,1,1,1,1,1,1,1,4),(0.,0.0947191414680562,0.105435410606746,0.119270051843148,
0.135639419217311,0.154200536740823,0.17472062401325,0.197028310601875,
0.220990609761134,0.246500425157811,0.273469102961856,0.301821677512944,
0.33149367416024,0.36242886910936,0.394577666725331,0.427895891315667,0.462343866461119,
0.497885699467431,0.534488715672697,0.572123004522591,0.610761050528893,
0.650377429731968,0.690948557435831,0.732452476590366,0.774868678768634,
0.81817795155502,0.862362247536263,0.907404571115797,0.953288880149934,
0.985088790468414),.UNSPECIFIED.);
#90=B_SPLINE_CURVE_WITH_KNOTS('',3,(#5460,#5461,#5462,#5463,#5464,#5465,
#5466,#5467,#5468,#5469,#5470,#5471,#5472,#5473,#5474,#5475,#5476,#5477,
#5478,#5479,#5480,#5481,#5482,#5483,#5484,#5485,#5486,#5487,#5488,#5489,
#5490,#5491),.UNSPECIFIED.,.F.,.F.,(4,1,1,1,1,1,1,1,1,1,1,1,1,1,1,1,1,1,
1,1,1,1,1,1,1,1,1,1,1,4),(0.,0.0947191414680562,0.105435410606746,0.119270051843148,
0.135639419217311,0.154200536740823,0.17472062401325,0.197028310601875,
0.220990609761134,0.246500425157811,0.273469102961856,0.301821677512944,
0.33149367416024,0.36242886910936,0.394577666725331,0.427895891315667,0.462343866461119,
0.497885699467431,0.534488715672697,0.572123004522591,0.610761050528893,
0.650377429731968,0.690948557435831,0.732452476590366,0.774868678768634,
0.81817795155502,0.862362247536263,0.907404571115797,0.953288880149934,
0.985088790468416),.UNSPECIFIED.);
#91=B_SPLINE_CURVE_WITH_KNOTS('',3,(#5492,#5493,#5494,#5495,#5496,#5497,
#5498,#5499,#5500,#5501,#5502,#5503,#5504,#5505,#5506,#5507,#5508,#5509,
#5510,#5511,#5512,#5513,#5514,#5515,#5516,#5517,#5518,#5519,#5520,#5521,
#5522,#5523),.UNSPECIFIED.,.F.,.F.,(4,1,1,1,1,1,1,1,1,1,1,1,1,1,1,1,1,1,
1,1,1,1,1,1,1,1,1,1,1,4),(0.,0.0947191414680562,0.105435410606746,0.119270051843148,
0.135639419217311,0.154200536740823,0.17472062401325,0.197028310601875,
0.220990609761134,0.246500425157811,0.273469102961856,0.301821677512944,
0.33149367416024,0.36242886910936,0.394577666725331,0.427895891315667,0.462343866461119,
0.497885699467431,0.534488715672697,0.572123004522591,0.610761050528893,
0.650377429731968,0.690948557435831,0.732452476590366,0.774868678768634,
0.81817795155502,0.862362247536263,0.907404571115797,0.953288880149934,
0.985088790468414),.UNSPECIFIED.);
#92=B_SPLINE_CURVE_WITH_KNOTS('',3,(#5531,#5532,#5533,#5534,#5535,#5536,
#5537,#5538,#5539,#5540,#5541,#5542,#5543,#5544,#5545,#5546,#5547,#5548,
#5549,#5550,#5551,#5552,#5553,#5554,#5555,#5556,#5557,#5558,#5559,#5560,
#5561,#5562),.UNSPECIFIED.,.F.,.F.,(4,1,1,1,1,1,1,1,1,1,1,1,1,1,1,1,1,1,
1,1,1,1,1,1,1,1,1,1,1,4),(0.,0.0947191414680562,0.105435410606746,0.119270051843148,
0.135639419217311,0.154200536740823,0.17472062401325,0.197028310601875,
0.220990609761134,0.246500425157811,0.273469102961856,0.301821677512944,
0.33149367416024,0.36242886910936,0.394577666725331,0.427895891315667,0.462343866461119,
0.497885699467431,0.534488715672697,0.572123004522591,0.610761050528893,
0.650377429731968,0.690948557435831,0.732452476590366,0.774868678768634,
0.81817795155502,0.862362247536263,0.907404571115797,0.953288880149934,
0.985088790468416),.UNSPECIFIED.);
#93=B_SPLINE_CURVE_WITH_KNOTS('',3,(#5563,#5564,#5565,#5566,#5567,#5568,
#5569,#5570,#5571,#5572,#5573,#5574,#5575,#5576,#5577,#5578,#5579,#5580,
#5581,#5582,#5583,#5584,#5585,#5586,#5587,#5588,#5589,#5590,#5591,#5592,
#5593,#5594),.UNSPECIFIED.,.F.,.F.,(4,1,1,1,1,1,1,1,1,1,1,1,1,1,1,1,1,1,
1,1,1,1,1,1,1,1,1,1,1,4),(0.,0.0947191414680562,0.105435410606746,0.119270051843148,
0.135639419217311,0.154200536740823,0.17472062401325,0.197028310601875,
0.220990609761134,0.246500425157811,0.273469102961856,0.301821677512944,
0.33149367416024,0.36242886910936,0.394577666725331,0.427895891315667,0.462343866461119,
0.497885699467431,0.534488715672697,0.572123004522591,0.610761050528893,
0.650377429731968,0.690948557435831,0.732452476590366,0.774868678768634,
0.81817795155502,0.862362247536263,0.907404571115797,0.953288880149934,
0.985088790468414),.UNSPECIFIED.);
#94=B_SPLINE_CURVE_WITH_KNOTS('',3,(#5602,#5603,#5604,#5605,#5606,#5607,
#5608,#5609,#5610,#5611,#5612,#5613,#5614,#5615,#5616,#5617,#5618,#5619,
#5620,#5621,#5622,#5623,#5624,#5625,#5626,#5627,#5628,#5629,#5630,#5631,
#5632,#5633),.UNSPECIFIED.,.F.,.F.,(4,1,1,1,1,1,1,1,1,1,1,1,1,1,1,1,1,1,
1,1,1,1,1,1,1,1,1,1,1,4),(0.,0.0947191414680562,0.105435410606746,0.119270051843148,
0.135639419217311,0.154200536740823,0.17472062401325,0.197028310601875,
0.220990609761134,0.246500425157811,0.273469102961856,0.301821677512944,
0.33149367416024,0.36242886910936,0.394577666725331,0.427895891315667,0.462343866461119,
0.497885699467431,0.534488715672697,0.572123004522591,0.610761050528893,
0.650377429731968,0.690948557435831,0.732452476590366,0.774868678768634,
0.81817795155502,0.862362247536263,0.907404571115797,0.953288880149934,
0.985088790468416),.UNSPECIFIED.);
#95=B_SPLINE_CURVE_WITH_KNOTS('',3,(#5634,#5635,#5636,#5637,#5638,#5639,
#5640,#5641,#5642,#5643,#5644,#5645,#5646,#5647,#5648,#5649,#5650,#5651,
#5652,#5653,#5654,#5655,#5656,#5657,#5658,#5659,#5660,#5661,#5662,#5663,
#5664,#5665),.UNSPECIFIED.,.F.,.F.,(4,1,1,1,1,1,1,1,1,1,1,1,1,1,1,1,1,1,
1,1,1,1,1,1,1,1,1,1,1,4),(0.,0.0947191414680562,0.105435410606746,0.119270051843148,
0.135639419217311,0.154200536740823,0.17472062401325,0.197028310601875,
0.220990609761134,0.246500425157811,0.273469102961856,0.301821677512944,
0.33149367416024,0.36242886910936,0.394577666725331,0.427895891315667,0.462343866461119,
0.497885699467431,0.534488715672697,0.572123004522591,0.610761050528893,
0.650377429731968,0.690948557435831,0.732452476590366,0.774868678768634,
0.81817795155502,0.862362247536263,0.907404571115797,0.953288880149934,
0.985088790468414),.UNSPECIFIED.);
#96=B_SPLINE_CURVE_WITH_KNOTS('',3,(#5673,#5674,#5675,#5676,#5677,#5678,
#5679,#5680,#5681,#5682,#5683,#5684,#5685,#5686,#5687,#5688,#5689,#5690,
#5691,#5692,#5693,#5694,#5695,#5696,#5697,#5698,#5699,#5700,#5701,#5702,
#5703,#5704),.UNSPECIFIED.,.F.,.F.,(4,1,1,1,1,1,1,1,1,1,1,1,1,1,1,1,1,1,
1,1,1,1,1,1,1,1,1,1,1,4),(0.,0.0947191414680562,0.105435410606746,0.119270051843148,
0.135639419217311,0.154200536740823,0.17472062401325,0.197028310601875,
0.220990609761134,0.246500425157811,0.273469102961856,0.301821677512944,
0.33149367416024,0.36242886910936,0.394577666725331,0.427895891315667,0.462343866461119,
0.497885699467431,0.534488715672697,0.572123004522591,0.610761050528893,
0.650377429731968,0.690948557435831,0.732452476590366,0.774868678768634,
0.81817795155502,0.862362247536263,0.907404571115797,0.953288880149934,
0.985088790468416),.UNSPECIFIED.);
#97=B_SPLINE_CURVE_WITH_KNOTS('',3,(#5705,#5706,#5707,#5708,#5709,#5710,
#5711,#5712,#5713,#5714,#5715,#5716,#5717,#5718,#5719,#5720,#5721,#5722,
#5723,#5724,#5725,#5726,#5727,#5728,#5729,#5730,#5731,#5732,#5733,#5734,
#5735,#5736),.UNSPECIFIED.,.F.,.F.,(4,1,1,1,1,1,1,1,1,1,1,1,1,1,1,1,1,1,
1,1,1,1,1,1,1,1,1,1,1,4),(0.,0.0947191414680562,0.105435410606746,0.119270051843148,
0.135639419217311,0.154200536740823,0.17472062401325,0.197028310601875,
0.220990609761134,0.246500425157811,0.273469102961856,0.301821677512944,
0.33149367416024,0.36242886910936,0.394577666725331,0.427895891315667,0.462343866461119,
0.497885699467431,0.534488715672697,0.572123004522591,0.610761050528893,
0.650377429731968,0.690948557435831,0.732452476590366,0.774868678768634,
0.81817795155502,0.862362247536263,0.907404571115797,0.953288880149934,
0.985088790468414),.UNSPECIFIED.);
#98=B_SPLINE_CURVE_WITH_KNOTS('',3,(#5744,#5745,#5746,#5747,#5748,#5749,
#5750,#5751,#5752,#5753,#5754,#5755,#5756,#5757,#5758,#5759,#5760,#5761,
#5762,#5763,#5764,#5765,#5766,#5767,#5768,#5769,#5770,#5771,#5772,#5773,
#5774,#5775),.UNSPECIFIED.,.F.,.F.,(4,1,1,1,1,1,1,1,1,1,1,1,1,1,1,1,1,1,
1,1,1,1,1,1,1,1,1,1,1,4),(0.,0.0947191414680562,0.105435410606746,0.119270051843148,
0.135639419217311,0.154200536740823,0.17472062401325,0.197028310601875,
0.220990609761134,0.246500425157811,0.273469102961856,0.301821677512944,
0.33149367416024,0.36242886910936,0.394577666725331,0.427895891315667,0.462343866461119,
0.497885699467431,0.534488715672697,0.572123004522591,0.610761050528893,
0.650377429731968,0.690948557435831,0.732452476590366,0.774868678768634,
0.81817795155502,0.862362247536263,0.907404571115797,0.953288880149934,
0.985088790468416),.UNSPECIFIED.);
#99=B_SPLINE_CURVE_WITH_KNOTS('',3,(#5776,#5777,#5778,#5779,#5780,#5781,
#5782,#5783,#5784,#5785,#5786,#5787,#5788,#5789,#5790,#5791,#5792,#5793,
#5794,#5795,#5796,#5797,#5798,#5799,#5800,#5801,#5802,#5803,#5804,#5805,
#5806,#5807),.UNSPECIFIED.,.F.,.F.,(4,1,1,1,1,1,1,1,1,1,1,1,1,1,1,1,1,1,
1,1,1,1,1,1,1,1,1,1,1,4),(0.,0.0947191414680562,0.105435410606746,0.119270051843148,
0.135639419217311,0.154200536740823,0.17472062401325,0.197028310601875,
0.220990609761134,0.246500425157811,0.273469102961856,0.301821677512944,
0.33149367416024,0.36242886910936,0.394577666725331,0.427895891315667,0.462343866461119,
0.497885699467431,0.534488715672697,0.572123004522591,0.610761050528893,
0.650377429731968,0.690948557435831,0.732452476590366,0.774868678768634,
0.81817795155502,0.862362247536263,0.907404571115797,0.953288880149934,
0.985088790468414),.UNSPECIFIED.);
#100=B_SPLINE_CURVE_WITH_KNOTS('',3,(#5815,#5816,#5817,#5818,#5819,#5820,
#5821,#5822,#5823,#5824,#5825,#5826,#5827,#5828,#5829,#5830,#5831,#5832,
#5833,#5834,#5835,#5836,#5837,#5838,#5839,#5840,#5841,#5842,#5843,#5844,
#5845,#5846),.UNSPECIFIED.,.F.,.F.,(4,1,1,1,1,1,1,1,1,1,1,1,1,1,1,1,1,1,
1,1,1,1,1,1,1,1,1,1,1,4),(0.,0.0947191414680562,0.105435410606746,0.119270051843148,
0.135639419217311,0.154200536740823,0.17472062401325,0.197028310601875,
0.220990609761134,0.246500425157811,0.273469102961856,0.301821677512944,
0.33149367416024,0.36242886910936,0.394577666725331,0.427895891315667,0.462343866461119,
0.497885699467431,0.534488715672697,0.572123004522591,0.610761050528893,
0.650377429731968,0.690948557435831,0.732452476590366,0.774868678768634,
0.81817795155502,0.862362247536263,0.907404571115797,0.953288880149934,
0.985088790468416),.UNSPECIFIED.);
#101=B_SPLINE_CURVE_WITH_KNOTS('',3,(#5847,#5848,#5849,#5850,#5851,#5852,
#5853,#5854,#5855,#5856,#5857,#5858,#5859,#5860,#5861,#5862,#5863,#5864,
#5865,#5866,#5867,#5868,#5869,#5870,#5871,#5872,#5873,#5874,#5875,#5876,
#5877,#5878),.UNSPECIFIED.,.F.,.F.,(4,1,1,1,1,1,1,1,1,1,1,1,1,1,1,1,1,1,
1,1,1,1,1,1,1,1,1,1,1,4),(0.,0.0947191414680562,0.105435410606746,0.119270051843148,
0.135639419217311,0.154200536740823,0.17472062401325,0.197028310601875,
0.220990609761134,0.246500425157811,0.273469102961856,0.301821677512944,
0.33149367416024,0.36242886910936,0.394577666725331,0.427895891315667,0.462343866461119,
0.497885699467431,0.534488715672697,0.572123004522591,0.610761050528893,
0.650377429731968,0.690948557435831,0.732452476590366,0.774868678768634,
0.81817795155502,0.862362247536263,0.907404571115797,0.953288880149934,
0.985088790468414),.UNSPECIFIED.);
#102=B_SPLINE_CURVE_WITH_KNOTS('',3,(#5886,#5887,#5888,#5889,#5890,#5891,
#5892,#5893,#5894,#5895,#5896,#5897,#5898,#5899,#5900,#5901,#5902,#5903,
#5904,#5905,#5906,#5907,#5908,#5909,#5910,#5911,#5912,#5913,#5914,#5915,
#5916,#5917),.UNSPECIFIED.,.F.,.F.,(4,1,1,1,1,1,1,1,1,1,1,1,1,1,1,1,1,1,
1,1,1,1,1,1,1,1,1,1,1,4),(0.,0.0947191414680562,0.105435410606746,0.119270051843148,
0.135639419217311,0.154200536740823,0.17472062401325,0.197028310601875,
0.220990609761134,0.246500425157811,0.273469102961856,0.301821677512944,
0.33149367416024,0.36242886910936,0.394577666725331,0.427895891315667,0.462343866461119,
0.497885699467431,0.534488715672697,0.572123004522591,0.610761050528893,
0.650377429731968,0.690948557435831,0.732452476590366,0.774868678768634,
0.81817795155502,0.862362247536263,0.907404571115797,0.953288880149934,
0.985088790468416),.UNSPECIFIED.);
#103=B_SPLINE_CURVE_WITH_KNOTS('',3,(#5918,#5919,#5920,#5921,#5922,#5923,
#5924,#5925,#5926,#5927,#5928,#5929,#5930,#5931,#5932,#5933,#5934,#5935,
#5936,#5937,#5938,#5939,#5940,#5941,#5942,#5943,#5944,#5945,#5946,#5947,
#5948,#5949),.UNSPECIFIED.,.F.,.F.,(4,1,1,1,1,1,1,1,1,1,1,1,1,1,1,1,1,1,
1,1,1,1,1,1,1,1,1,1,1,4),(0.,0.0947191414680562,0.105435410606746,0.119270051843148,
0.135639419217311,0.154200536740823,0.17472062401325,0.197028310601875,
0.220990609761134,0.246500425157811,0.273469102961856,0.301821677512944,
0.33149367416024,0.36242886910936,0.394577666725331,0.427895891315667,0.462343866461119,
0.497885699467431,0.534488715672697,0.572123004522591,0.610761050528893,
0.650377429731968,0.690948557435831,0.732452476590366,0.774868678768634,
0.81817795155502,0.862362247536263,0.907404571115797,0.953288880149934,
0.985088790468414),.UNSPECIFIED.);
#104=B_SPLINE_CURVE_WITH_KNOTS('',3,(#5957,#5958,#5959,#5960,#5961,#5962,
#5963,#5964,#5965,#5966,#5967,#5968,#5969,#5970,#5971,#5972,#5973,#5974,
#5975,#5976,#5977,#5978,#5979,#5980,#5981,#5982,#5983,#5984,#5985,#5986,
#5987,#5988),.UNSPECIFIED.,.F.,.F.,(4,1,1,1,1,1,1,1,1,1,1,1,1,1,1,1,1,1,
1,1,1,1,1,1,1,1,1,1,1,4),(0.,0.0947191414680562,0.105435410606746,0.119270051843148,
0.135639419217311,0.154200536740823,0.17472062401325,0.197028310601875,
0.220990609761134,0.246500425157811,0.273469102961856,0.301821677512944,
0.33149367416024,0.36242886910936,0.394577666725331,0.427895891315667,0.462343866461119,
0.497885699467431,0.534488715672697,0.572123004522591,0.610761050528893,
0.650377429731968,0.690948557435831,0.732452476590366,0.774868678768634,
0.81817795155502,0.862362247536263,0.907404571115797,0.953288880149934,
0.985088790468416),.UNSPECIFIED.);
#105=B_SPLINE_CURVE_WITH_KNOTS('',3,(#5989,#5990,#5991,#5992,#5993,#5994,
#5995,#5996,#5997,#5998,#5999,#6000,#6001,#6002,#6003,#6004,#6005,#6006,
#6007,#6008,#6009,#6010,#6011,#6012,#6013,#6014,#6015,#6016,#6017,#6018,
#6019,#6020),.UNSPECIFIED.,.F.,.F.,(4,1,1,1,1,1,1,1,1,1,1,1,1,1,1,1,1,1,
1,1,1,1,1,1,1,1,1,1,1,4),(0.,0.0947191414680562,0.105435410606746,0.119270051843148,
0.135639419217311,0.154200536740823,0.17472062401325,0.197028310601875,
0.220990609761134,0.246500425157811,0.273469102961856,0.301821677512944,
0.33149367416024,0.36242886910936,0.394577666725331,0.427895891315667,0.462343866461119,
0.497885699467431,0.534488715672697,0.572123004522591,0.610761050528893,
0.650377429731968,0.690948557435831,0.732452476590366,0.774868678768634,
0.81817795155502,0.862362247536263,0.907404571115797,0.953288880149934,
0.985088790468414),.UNSPECIFIED.);
#106=B_SPLINE_CURVE_WITH_KNOTS('',3,(#6028,#6029,#6030,#6031,#6032,#6033,
#6034,#6035,#6036,#6037,#6038,#6039,#6040,#6041,#6042,#6043,#6044,#6045,
#6046,#6047,#6048,#6049,#6050,#6051,#6052,#6053,#6054,#6055,#6056,#6057,
#6058,#6059),.UNSPECIFIED.,.F.,.F.,(4,1,1,1,1,1,1,1,1,1,1,1,1,1,1,1,1,1,
1,1,1,1,1,1,1,1,1,1,1,4),(0.,0.0947191414680562,0.105435410606746,0.119270051843148,
0.135639419217311,0.154200536740823,0.17472062401325,0.197028310601875,
0.220990609761134,0.246500425157811,0.273469102961856,0.301821677512944,
0.33149367416024,0.36242886910936,0.394577666725331,0.427895891315667,0.462343866461119,
0.497885699467431,0.534488715672697,0.572123004522591,0.610761050528893,
0.650377429731968,0.690948557435831,0.732452476590366,0.774868678768634,
0.81817795155502,0.862362247536263,0.907404571115797,0.953288880149934,
0.985088790468416),.UNSPECIFIED.);
#107=B_SPLINE_CURVE_WITH_KNOTS('',3,(#6060,#6061,#6062,#6063,#6064,#6065,
#6066,#6067,#6068,#6069,#6070,#6071,#6072,#6073,#6074,#6075,#6076,#6077,
#6078,#6079,#6080,#6081,#6082,#6083,#6084,#6085,#6086,#6087,#6088,#6089,
#6090,#6091),.UNSPECIFIED.,.F.,.F.,(4,1,1,1,1,1,1,1,1,1,1,1,1,1,1,1,1,1,
1,1,1,1,1,1,1,1,1,1,1,4),(0.,0.0947191414680562,0.105435410606746,0.119270051843148,
0.135639419217311,0.154200536740823,0.17472062401325,0.197028310601875,
0.220990609761134,0.246500425157811,0.273469102961856,0.301821677512944,
0.33149367416024,0.36242886910936,0.394577666725331,0.427895891315667,0.462343866461119,
0.497885699467431,0.534488715672697,0.572123004522591,0.610761050528893,
0.650377429731968,0.690948557435831,0.732452476590366,0.774868678768634,
0.81817795155502,0.862362247536263,0.907404571115797,0.953288880149934,
0.985088790468414),.UNSPECIFIED.);
#108=B_SPLINE_CURVE_WITH_KNOTS('',3,(#6106,#6107,#6108,#6109,#6110,#6111,
#6112,#6113,#6114,#6115,#6116,#6117,#6118,#6119,#6120,#6121,#6122,#6123,
#6124,#6125,#6126,#6127,#6128,#6129,#6130,#6131,#6132,#6133,#6134,#6135,
#6136,#6137),.UNSPECIFIED.,.F.,.F.,(4,1,1,1,1,1,1,1,1,1,1,1,1,1,1,1,1,1,
1,1,1,1,1,1,1,1,1,1,1,4),(0.,0.0947191414680562,0.105435410606746,0.119270051843148,
0.135639419217311,0.154200536740823,0.17472062401325,0.197028310601875,
0.220990609761134,0.246500425157811,0.273469102961856,0.301821677512944,
0.33149367416024,0.36242886910936,0.394577666725331,0.427895891315667,0.462343866461119,
0.497885699467431,0.534488715672697,0.572123004522591,0.610761050528893,
0.650377429731968,0.690948557435831,0.732452476590366,0.774868678768634,
0.81817795155502,0.862362247536263,0.907404571115797,0.953288880149934,
0.985088790468414),.UNSPECIFIED.);
#109=B_SPLINE_CURVE_WITH_KNOTS('',3,(#6138,#6139,#6140,#6141,#6142,#6143,
#6144,#6145,#6146,#6147,#6148,#6149,#6150,#6151,#6152,#6153,#6154,#6155,
#6156,#6157,#6158,#6159,#6160,#6161,#6162,#6163,#6164,#6165,#6166,#6167,
#6168,#6169),.UNSPECIFIED.,.F.,.F.,(4,1,1,1,1,1,1,1,1,1,1,1,1,1,1,1,1,1,
1,1,1,1,1,1,1,1,1,1,1,4),(0.,0.0947191414680562,0.105435410606746,0.119270051843148,
0.135639419217311,0.154200536740823,0.17472062401325,0.197028310601875,
0.220990609761134,0.246500425157811,0.273469102961856,0.301821677512944,
0.33149367416024,0.36242886910936,0.394577666725331,0.427895891315667,0.462343866461119,
0.497885699467431,0.534488715672697,0.572123004522591,0.610761050528893,
0.650377429731968,0.690948557435831,0.732452476590366,0.774868678768634,
0.81817795155502,0.862362247536263,0.907404571115797,0.953288880149934,
0.985088790468416),.UNSPECIFIED.);
#110=B_SPLINE_CURVE_WITH_KNOTS('',3,(#6177,#6178,#6179,#6180,#6181,#6182,
#6183,#6184,#6185,#6186,#6187,#6188,#6189,#6190,#6191,#6192,#6193,#6194,
#6195,#6196,#6197,#6198,#6199,#6200,#6201,#6202,#6203,#6204,#6205,#6206,
#6207,#6208),.UNSPECIFIED.,.F.,.F.,(4,1,1,1,1,1,1,1,1,1,1,1,1,1,1,1,1,1,
1,1,1,1,1,1,1,1,1,1,1,4),(0.,0.0947191414680562,0.105435410606746,0.119270051843148,
0.135639419217311,0.154200536740823,0.17472062401325,0.197028310601875,
0.220990609761134,0.246500425157811,0.273469102961856,0.301821677512944,
0.33149367416024,0.36242886910936,0.394577666725331,0.427895891315667,0.462343866461119,
0.497885699467431,0.534488715672697,0.572123004522591,0.610761050528893,
0.650377429731968,0.690948557435831,0.732452476590366,0.774868678768634,
0.81817795155502,0.862362247536263,0.907404571115797,0.953288880149934,
0.985088790468414),.UNSPECIFIED.);
#111=B_SPLINE_CURVE_WITH_KNOTS('',3,(#6209,#6210,#6211,#6212,#6213,#6214,
#6215,#6216,#6217,#6218,#6219,#6220,#6221,#6222,#6223,#6224,#6225,#6226,
#6227,#6228,#6229,#6230,#6231,#6232,#6233,#6234,#6235,#6236,#6237,#6238,
#6239,#6240),.UNSPECIFIED.,.F.,.F.,(4,1,1,1,1,1,1,1,1,1,1,1,1,1,1,1,1,1,
1,1,1,1,1,1,1,1,1,1,1,4),(0.,0.0947191414680562,0.105435410606746,0.119270051843148,
0.135639419217311,0.154200536740823,0.17472062401325,0.197028310601875,
0.220990609761134,0.246500425157811,0.273469102961856,0.301821677512944,
0.33149367416024,0.36242886910936,0.394577666725331,0.427895891315667,0.462343866461119,
0.497885699467431,0.534488715672697,0.572123004522591,0.610761050528893,
0.650377429731968,0.690948557435831,0.732452476590366,0.774868678768634,
0.81817795155502,0.862362247536263,0.907404571115797,0.953288880149934,
0.985088790468416),.UNSPECIFIED.);
#112=B_SPLINE_CURVE_WITH_KNOTS('',3,(#6248,#6249,#6250,#6251,#6252,#6253,
#6254,#6255,#6256,#6257,#6258,#6259,#6260,#6261,#6262,#6263,#6264,#6265,
#6266,#6267,#6268,#6269,#6270,#6271,#6272,#6273,#6274,#6275,#6276,#6277,
#6278,#6279),.UNSPECIFIED.,.F.,.F.,(4,1,1,1,1,1,1,1,1,1,1,1,1,1,1,1,1,1,
1,1,1,1,1,1,1,1,1,1,1,4),(0.,0.0947191414680562,0.105435410606746,0.119270051843148,
0.135639419217311,0.154200536740823,0.17472062401325,0.197028310601875,
0.220990609761134,0.246500425157811,0.273469102961856,0.301821677512944,
0.33149367416024,0.36242886910936,0.394577666725331,0.427895891315667,0.462343866461119,
0.497885699467431,0.534488715672697,0.572123004522591,0.610761050528893,
0.650377429731968,0.690948557435831,0.732452476590366,0.774868678768634,
0.81817795155502,0.862362247536263,0.907404571115797,0.953288880149934,
0.985088790468414),.UNSPECIFIED.);
#113=B_SPLINE_CURVE_WITH_KNOTS('',3,(#6280,#6281,#6282,#6283,#6284,#6285,
#6286,#6287,#6288,#6289,#6290,#6291,#6292,#6293,#6294,#6295,#6296,#6297,
#6298,#6299,#6300,#6301,#6302,#6303,#6304,#6305,#6306,#6307,#6308,#6309,
#6310,#6311),.UNSPECIFIED.,.F.,.F.,(4,1,1,1,1,1,1,1,1,1,1,1,1,1,1,1,1,1,
1,1,1,1,1,1,1,1,1,1,1,4),(0.,0.0947191414680562,0.105435410606746,0.119270051843148,
0.135639419217311,0.154200536740823,0.17472062401325,0.197028310601875,
0.220990609761134,0.246500425157811,0.273469102961856,0.301821677512944,
0.33149367416024,0.36242886910936,0.394577666725331,0.427895891315667,0.462343866461119,
0.497885699467431,0.534488715672697,0.572123004522591,0.610761050528893,
0.650377429731968,0.690948557435831,0.732452476590366,0.774868678768634,
0.81817795155502,0.862362247536263,0.907404571115797,0.953288880149934,
0.985088790468416),.UNSPECIFIED.);
#114=B_SPLINE_CURVE_WITH_KNOTS('',3,(#6319,#6320,#6321,#6322,#6323,#6324,
#6325,#6326,#6327,#6328,#6329,#6330,#6331,#6332,#6333,#6334,#6335,#6336,
#6337,#6338,#6339,#6340,#6341,#6342,#6343,#6344,#6345,#6346,#6347,#6348,
#6349,#6350),.UNSPECIFIED.,.F.,.F.,(4,1,1,1,1,1,1,1,1,1,1,1,1,1,1,1,1,1,
1,1,1,1,1,1,1,1,1,1,1,4),(0.,0.0947191414680562,0.105435410606746,0.119270051843148,
0.135639419217311,0.154200536740823,0.17472062401325,0.197028310601875,
0.220990609761134,0.246500425157811,0.273469102961856,0.301821677512944,
0.33149367416024,0.36242886910936,0.394577666725331,0.427895891315667,0.462343866461119,
0.497885699467431,0.534488715672697,0.572123004522591,0.610761050528893,
0.650377429731968,0.690948557435831,0.732452476590366,0.774868678768634,
0.81817795155502,0.862362247536263,0.907404571115797,0.953288880149934,
0.985088790468414),.UNSPECIFIED.);
#115=B_SPLINE_CURVE_WITH_KNOTS('',3,(#6351,#6352,#6353,#6354,#6355,#6356,
#6357,#6358,#6359,#6360,#6361,#6362,#6363,#6364,#6365,#6366,#6367,#6368,
#6369,#6370,#6371,#6372,#6373,#6374,#6375,#6376,#6377,#6378,#6379,#6380,
#6381,#6382),.UNSPECIFIED.,.F.,.F.,(4,1,1,1,1,1,1,1,1,1,1,1,1,1,1,1,1,1,
1,1,1,1,1,1,1,1,1,1,1,4),(0.,0.0947191414680562,0.105435410606746,0.119270051843148,
0.135639419217311,0.154200536740823,0.17472062401325,0.197028310601875,
0.220990609761134,0.246500425157811,0.273469102961856,0.301821677512944,
0.33149367416024,0.36242886910936,0.394577666725331,0.427895891315667,0.462343866461119,
0.497885699467431,0.534488715672697,0.572123004522591,0.610761050528893,
0.650377429731968,0.690948557435831,0.732452476590366,0.774868678768634,
0.81817795155502,0.862362247536263,0.907404571115797,0.953288880149934,
0.985088790468416),.UNSPECIFIED.);
#116=B_SPLINE_CURVE_WITH_KNOTS('',3,(#6390,#6391,#6392,#6393,#6394,#6395,
#6396,#6397,#6398,#6399,#6400,#6401,#6402,#6403,#6404,#6405,#6406,#6407,
#6408,#6409,#6410,#6411,#6412,#6413,#6414,#6415,#6416,#6417,#6418,#6419,
#6420,#6421),.UNSPECIFIED.,.F.,.F.,(4,1,1,1,1,1,1,1,1,1,1,1,1,1,1,1,1,1,
1,1,1,1,1,1,1,1,1,1,1,4),(0.,0.0947191414680562,0.105435410606746,0.119270051843148,
0.135639419217311,0.154200536740823,0.17472062401325,0.197028310601875,
0.220990609761134,0.246500425157811,0.273469102961856,0.301821677512944,
0.33149367416024,0.36242886910936,0.394577666725331,0.427895891315667,0.462343866461119,
0.497885699467431,0.534488715672697,0.572123004522591,0.610761050528893,
0.650377429731968,0.690948557435831,0.732452476590366,0.774868678768634,
0.81817795155502,0.862362247536263,0.907404571115797,0.953288880149934,
0.985088790468414),.UNSPECIFIED.);
#117=B_SPLINE_CURVE_WITH_KNOTS('',3,(#6422,#6423,#6424,#6425,#6426,#6427,
#6428,#6429,#6430,#6431,#6432,#6433,#6434,#6435,#6436,#6437,#6438,#6439,
#6440,#6441,#6442,#6443,#6444,#6445,#6446,#6447,#6448,#6449,#6450,#6451,
#6452,#6453),.UNSPECIFIED.,.F.,.F.,(4,1,1,1,1,1,1,1,1,1,1,1,1,1,1,1,1,1,
1,1,1,1,1,1,1,1,1,1,1,4),(0.,0.0947191414680562,0.105435410606746,0.119270051843148,
0.135639419217311,0.154200536740823,0.17472062401325,0.197028310601875,
0.220990609761134,0.246500425157811,0.273469102961856,0.301821677512944,
0.33149367416024,0.36242886910936,0.394577666725331,0.427895891315667,0.462343866461119,
0.497885699467431,0.534488715672697,0.572123004522591,0.610761050528893,
0.650377429731968,0.690948557435831,0.732452476590366,0.774868678768634,
0.81817795155502,0.862362247536263,0.907404571115797,0.953288880149934,
0.985088790468416),.UNSPECIFIED.);
#118=B_SPLINE_CURVE_WITH_KNOTS('',3,(#6461,#6462,#6463,#6464,#6465,#6466,
#6467,#6468,#6469,#6470,#6471,#6472,#6473,#6474,#6475,#6476,#6477,#6478,
#6479,#6480,#6481,#6482,#6483,#6484,#6485,#6486,#6487,#6488,#6489,#6490,
#6491,#6492),.UNSPECIFIED.,.F.,.F.,(4,1,1,1,1,1,1,1,1,1,1,1,1,1,1,1,1,1,
1,1,1,1,1,1,1,1,1,1,1,4),(0.,0.0947191414680562,0.105435410606746,0.119270051843148,
0.135639419217311,0.154200536740823,0.17472062401325,0.197028310601875,
0.220990609761134,0.246500425157811,0.273469102961856,0.301821677512944,
0.33149367416024,0.36242886910936,0.394577666725331,0.427895891315667,0.462343866461119,
0.497885699467431,0.534488715672697,0.572123004522591,0.610761050528893,
0.650377429731968,0.690948557435831,0.732452476590366,0.774868678768634,
0.81817795155502,0.862362247536263,0.907404571115797,0.953288880149934,
0.985088790468414),.UNSPECIFIED.);
#119=B_SPLINE_CURVE_WITH_KNOTS('',3,(#6493,#6494,#6495,#6496,#6497,#6498,
#6499,#6500,#6501,#6502,#6503,#6504,#6505,#6506,#6507,#6508,#6509,#6510,
#6511,#6512,#6513,#6514,#6515,#6516,#6517,#6518,#6519,#6520,#6521,#6522,
#6523,#6524),.UNSPECIFIED.,.F.,.F.,(4,1,1,1,1,1,1,1,1,1,1,1,1,1,1,1,1,1,
1,1,1,1,1,1,1,1,1,1,1,4),(0.,0.0947191414680562,0.105435410606746,0.119270051843148,
0.135639419217311,0.154200536740823,0.17472062401325,0.197028310601875,
0.220990609761134,0.246500425157811,0.273469102961856,0.301821677512944,
0.33149367416024,0.36242886910936,0.394577666725331,0.427895891315667,0.462343866461119,
0.497885699467431,0.534488715672697,0.572123004522591,0.610761050528893,
0.650377429731968,0.690948557435831,0.732452476590366,0.774868678768634,
0.81817795155502,0.862362247536263,0.907404571115797,0.953288880149934,
0.985088790468416),.UNSPECIFIED.);
#120=B_SPLINE_CURVE_WITH_KNOTS('',3,(#6532,#6533,#6534,#6535,#6536,#6537,
#6538,#6539,#6540,#6541,#6542,#6543,#6544,#6545,#6546,#6547,#6548,#6549,
#6550,#6551,#6552,#6553,#6554,#6555,#6556,#6557,#6558,#6559,#6560,#6561,
#6562,#6563),.UNSPECIFIED.,.F.,.F.,(4,1,1,1,1,1,1,1,1,1,1,1,1,1,1,1,1,1,
1,1,1,1,1,1,1,1,1,1,1,4),(0.,0.0947191414680562,0.105435410606746,0.119270051843148,
0.135639419217311,0.154200536740823,0.17472062401325,0.197028310601875,
0.220990609761134,0.246500425157811,0.273469102961856,0.301821677512944,
0.33149367416024,0.36242886910936,0.394577666725331,0.427895891315667,0.462343866461119,
0.497885699467431,0.534488715672697,0.572123004522591,0.610761050528893,
0.650377429731968,0.690948557435831,0.732452476590366,0.774868678768634,
0.81817795155502,0.862362247536263,0.907404571115797,0.953288880149934,
0.985088790468414),.UNSPECIFIED.);
#121=B_SPLINE_CURVE_WITH_KNOTS('',3,(#6564,#6565,#6566,#6567,#6568,#6569,
#6570,#6571,#6572,#6573,#6574,#6575,#6576,#6577,#6578,#6579,#6580,#6581,
#6582,#6583,#6584,#6585,#6586,#6587,#6588,#6589,#6590,#6591,#6592,#6593,
#6594,#6595),.UNSPECIFIED.,.F.,.F.,(4,1,1,1,1,1,1,1,1,1,1,1,1,1,1,1,1,1,
1,1,1,1,1,1,1,1,1,1,1,4),(0.,0.0947191414680562,0.105435410606746,0.119270051843148,
0.135639419217311,0.154200536740823,0.17472062401325,0.197028310601875,
0.220990609761134,0.246500425157811,0.273469102961856,0.301821677512944,
0.33149367416024,0.36242886910936,0.394577666725331,0.427895891315667,0.462343866461119,
0.497885699467431,0.534488715672697,0.572123004522591,0.610761050528893,
0.650377429731968,0.690948557435831,0.732452476590366,0.774868678768634,
0.81817795155502,0.862362247536263,0.907404571115797,0.953288880149934,
0.985088790468416),.UNSPECIFIED.);
#122=B_SPLINE_CURVE_WITH_KNOTS('',3,(#6603,#6604,#6605,#6606,#6607,#6608,
#6609,#6610,#6611,#6612,#6613,#6614,#6615,#6616,#6617,#6618,#6619,#6620,
#6621,#6622,#6623,#6624,#6625,#6626,#6627,#6628,#6629,#6630,#6631,#6632,
#6633,#6634),.UNSPECIFIED.,.F.,.F.,(4,1,1,1,1,1,1,1,1,1,1,1,1,1,1,1,1,1,
1,1,1,1,1,1,1,1,1,1,1,4),(0.,0.0947191414680562,0.105435410606746,0.119270051843148,
0.135639419217311,0.154200536740823,0.17472062401325,0.197028310601875,
0.220990609761134,0.246500425157811,0.273469102961856,0.301821677512944,
0.33149367416024,0.36242886910936,0.394577666725331,0.427895891315667,0.462343866461119,
0.497885699467431,0.534488715672697,0.572123004522591,0.610761050528893,
0.650377429731968,0.690948557435831,0.732452476590366,0.774868678768634,
0.81817795155502,0.862362247536263,0.907404571115797,0.953288880149934,
0.985088790468414),.UNSPECIFIED.);
#123=B_SPLINE_CURVE_WITH_KNOTS('',3,(#6635,#6636,#6637,#6638,#6639,#6640,
#6641,#6642,#6643,#6644,#6645,#6646,#6647,#6648,#6649,#6650,#6651,#6652,
#6653,#6654,#6655,#6656,#6657,#6658,#6659,#6660,#6661,#6662,#6663,#6664,
#6665,#6666),.UNSPECIFIED.,.F.,.F.,(4,1,1,1,1,1,1,1,1,1,1,1,1,1,1,1,1,1,
1,1,1,1,1,1,1,1,1,1,1,4),(0.,0.0947191414680562,0.105435410606746,0.119270051843148,
0.135639419217311,0.154200536740823,0.17472062401325,0.197028310601875,
0.220990609761134,0.246500425157811,0.273469102961856,0.301821677512944,
0.33149367416024,0.36242886910936,0.394577666725331,0.427895891315667,0.462343866461119,
0.497885699467431,0.534488715672697,0.572123004522591,0.610761050528893,
0.650377429731968,0.690948557435831,0.732452476590366,0.774868678768634,
0.81817795155502,0.862362247536263,0.907404571115797,0.953288880149934,
0.985088790468416),.UNSPECIFIED.);
#124=B_SPLINE_CURVE_WITH_KNOTS('',3,(#6674,#6675,#6676,#6677,#6678,#6679,
#6680,#6681,#6682,#6683,#6684,#6685,#6686,#6687,#6688,#6689,#6690,#6691,
#6692,#6693,#6694,#6695,#6696,#6697,#6698,#6699,#6700,#6701,#6702,#6703,
#6704,#6705),.UNSPECIFIED.,.F.,.F.,(4,1,1,1,1,1,1,1,1,1,1,1,1,1,1,1,1,1,
1,1,1,1,1,1,1,1,1,1,1,4),(0.,0.0947191414680562,0.105435410606746,0.119270051843148,
0.135639419217311,0.154200536740823,0.17472062401325,0.197028310601875,
0.220990609761134,0.246500425157811,0.273469102961856,0.301821677512944,
0.33149367416024,0.36242886910936,0.394577666725331,0.427895891315667,0.462343866461119,
0.497885699467431,0.534488715672697,0.572123004522591,0.610761050528893,
0.650377429731968,0.690948557435831,0.732452476590366,0.774868678768634,
0.81817795155502,0.862362247536263,0.907404571115797,0.953288880149934,
0.985088790468414),.UNSPECIFIED.);
#125=B_SPLINE_CURVE_WITH_KNOTS('',3,(#6706,#6707,#6708,#6709,#6710,#6711,
#6712,#6713,#6714,#6715,#6716,#6717,#6718,#6719,#6720,#6721,#6722,#6723,
#6724,#6725,#6726,#6727,#6728,#6729,#6730,#6731,#6732,#6733,#6734,#6735,
#6736,#6737),.UNSPECIFIED.,.F.,.F.,(4,1,1,1,1,1,1,1,1,1,1,1,1,1,1,1,1,1,
1,1,1,1,1,1,1,1,1,1,1,4),(0.,0.0947191414680562,0.105435410606746,0.119270051843148,
0.135639419217311,0.154200536740823,0.17472062401325,0.197028310601875,
0.220990609761134,0.246500425157811,0.273469102961856,0.301821677512944,
0.33149367416024,0.36242886910936,0.394577666725331,0.427895891315667,0.462343866461119,
0.497885699467431,0.534488715672697,0.572123004522591,0.610761050528893,
0.650377429731968,0.690948557435831,0.732452476590366,0.774868678768634,
0.81817795155502,0.862362247536263,0.907404571115797,0.953288880149934,
0.985088790468416),.UNSPECIFIED.);
#126=B_SPLINE_CURVE_WITH_KNOTS('',3,(#6745,#6746,#6747,#6748,#6749,#6750,
#6751,#6752,#6753,#6754,#6755,#6756,#6757,#6758,#6759,#6760,#6761,#6762,
#6763,#6764,#6765,#6766,#6767,#6768,#6769,#6770,#6771,#6772,#6773,#6774,
#6775,#6776),.UNSPECIFIED.,.F.,.F.,(4,1,1,1,1,1,1,1,1,1,1,1,1,1,1,1,1,1,
1,1,1,1,1,1,1,1,1,1,1,4),(0.,0.0947191414680562,0.105435410606746,0.119270051843148,
0.135639419217311,0.154200536740823,0.17472062401325,0.197028310601875,
0.220990609761134,0.246500425157811,0.273469102961856,0.301821677512944,
0.33149367416024,0.36242886910936,0.394577666725331,0.427895891315667,0.462343866461119,
0.497885699467431,0.534488715672697,0.572123004522591,0.610761050528893,
0.650377429731968,0.690948557435831,0.732452476590366,0.774868678768634,
0.81817795155502,0.862362247536263,0.907404571115797,0.953288880149934,
0.985088790468414),.UNSPECIFIED.);
#127=B_SPLINE_CURVE_WITH_KNOTS('',3,(#6777,#6778,#6779,#6780,#6781,#6782,
#6783,#6784,#6785,#6786,#6787,#6788,#6789,#6790,#6791,#6792,#6793,#6794,
#6795,#6796,#6797,#6798,#6799,#6800,#6801,#6802,#6803,#6804,#6805,#6806,
#6807,#6808),.UNSPECIFIED.,.F.,.F.,(4,1,1,1,1,1,1,1,1,1,1,1,1,1,1,1,1,1,
1,1,1,1,1,1,1,1,1,1,1,4),(0.,0.0947191414680562,0.105435410606746,0.119270051843148,
0.135639419217311,0.154200536740823,0.17472062401325,0.197028310601875,
0.220990609761134,0.246500425157811,0.273469102961856,0.301821677512944,
0.33149367416024,0.36242886910936,0.394577666725331,0.427895891315667,0.462343866461119,
0.497885699467431,0.534488715672697,0.572123004522591,0.610761050528893,
0.650377429731968,0.690948557435831,0.732452476590366,0.774868678768634,
0.81817795155502,0.862362247536263,0.907404571115797,0.953288880149934,
0.985088790468416),.UNSPECIFIED.);
#128=B_SPLINE_CURVE_WITH_KNOTS('',3,(#6816,#6817,#6818,#6819,#6820,#6821,
#6822,#6823,#6824,#6825,#6826,#6827,#6828,#6829,#6830,#6831,#6832,#6833,
#6834,#6835,#6836,#6837,#6838,#6839,#6840,#6841,#6842,#6843,#6844,#6845,
#6846,#6847),.UNSPECIFIED.,.F.,.F.,(4,1,1,1,1,1,1,1,1,1,1,1,1,1,1,1,1,1,
1,1,1,1,1,1,1,1,1,1,1,4),(0.,0.0947191414680562,0.105435410606746,0.119270051843148,
0.135639419217311,0.154200536740823,0.17472062401325,0.197028310601875,
0.220990609761134,0.246500425157811,0.273469102961856,0.301821677512944,
0.33149367416024,0.36242886910936,0.394577666725331,0.427895891315667,0.462343866461119,
0.497885699467431,0.534488715672697,0.572123004522591,0.610761050528893,
0.650377429731968,0.690948557435831,0.732452476590366,0.774868678768634,
0.81817795155502,0.862362247536263,0.907404571115797,0.953288880149934,
0.985088790468414),.UNSPECIFIED.);
#129=B_SPLINE_CURVE_WITH_KNOTS('',3,(#6848,#6849,#6850,#6851,#6852,#6853,
#6854,#6855,#6856,#6857,#6858,#6859,#6860,#6861,#6862,#6863,#6864,#6865,
#6866,#6867,#6868,#6869,#6870,#6871,#6872,#6873,#6874,#6875,#6876,#6877,
#6878,#6879),.UNSPECIFIED.,.F.,.F.,(4,1,1,1,1,1,1,1,1,1,1,1,1,1,1,1,1,1,
1,1,1,1,1,1,1,1,1,1,1,4),(0.,0.0947191414680562,0.105435410606746,0.119270051843148,
0.135639419217311,0.154200536740823,0.17472062401325,0.197028310601875,
0.220990609761134,0.246500425157811,0.273469102961856,0.301821677512944,
0.33149367416024,0.36242886910936,0.394577666725331,0.427895891315667,0.462343866461119,
0.497885699467431,0.534488715672697,0.572123004522591,0.610761050528893,
0.650377429731968,0.690948557435831,0.732452476590366,0.774868678768634,
0.81817795155502,0.862362247536263,0.907404571115797,0.953288880149934,
0.985088790468416),.UNSPECIFIED.);
#130=B_SPLINE_CURVE_WITH_KNOTS('',3,(#6887,#6888,#6889,#6890,#6891,#6892,
#6893,#6894,#6895,#6896,#6897,#6898,#6899,#6900,#6901,#6902,#6903,#6904,
#6905,#6906,#6907,#6908,#6909,#6910,#6911,#6912,#6913,#6914,#6915,#6916,
#6917,#6918),.UNSPECIFIED.,.F.,.F.,(4,1,1,1,1,1,1,1,1,1,1,1,1,1,1,1,1,1,
1,1,1,1,1,1,1,1,1,1,1,4),(0.,0.0947191414680562,0.105435410606746,0.119270051843148,
0.135639419217311,0.154200536740823,0.17472062401325,0.197028310601875,
0.220990609761134,0.246500425157811,0.273469102961856,0.301821677512944,
0.33149367416024,0.36242886910936,0.394577666725331,0.427895891315667,0.462343866461119,
0.497885699467431,0.534488715672697,0.572123004522591,0.610761050528893,
0.650377429731968,0.690948557435831,0.732452476590366,0.774868678768634,
0.81817795155502,0.862362247536263,0.907404571115797,0.953288880149934,
0.985088790468414),.UNSPECIFIED.);
#131=B_SPLINE_CURVE_WITH_KNOTS('',3,(#6919,#6920,#6921,#6922,#6923,#6924,
#6925,#6926,#6927,#6928,#6929,#6930,#6931,#6932,#6933,#6934,#6935,#6936,
#6937,#6938,#6939,#6940,#6941,#6942,#6943,#6944,#6945,#6946,#6947,#6948,
#6949,#6950),.UNSPECIFIED.,.F.,.F.,(4,1,1,1,1,1,1,1,1,1,1,1,1,1,1,1,1,1,
1,1,1,1,1,1,1,1,1,1,1,4),(0.,0.0947191414680562,0.105435410606746,0.119270051843148,
0.135639419217311,0.154200536740823,0.17472062401325,0.197028310601875,
0.220990609761134,0.246500425157811,0.273469102961856,0.301821677512944,
0.33149367416024,0.36242886910936,0.394577666725331,0.427895891315667,0.462343866461119,
0.497885699467431,0.534488715672697,0.572123004522591,0.610761050528893,
0.650377429731968,0.690948557435831,0.732452476590366,0.774868678768634,
0.81817795155502,0.862362247536263,0.907404571115797,0.953288880149934,
0.985088790468416),.UNSPECIFIED.);
#132=B_SPLINE_CURVE_WITH_KNOTS('',3,(#6958,#6959,#6960,#6961,#6962,#6963,
#6964,#6965,#6966,#6967,#6968,#6969,#6970,#6971,#6972,#6973,#6974,#6975,
#6976,#6977,#6978,#6979,#6980,#6981,#6982,#6983,#6984,#6985,#6986,#6987,
#6988,#6989),.UNSPECIFIED.,.F.,.F.,(4,1,1,1,1,1,1,1,1,1,1,1,1,1,1,1,1,1,
1,1,1,1,1,1,1,1,1,1,1,4),(0.,0.0947191414680562,0.105435410606746,0.119270051843148,
0.135639419217311,0.154200536740823,0.17472062401325,0.197028310601875,
0.220990609761134,0.246500425157811,0.273469102961856,0.301821677512944,
0.33149367416024,0.36242886910936,0.394577666725331,0.427895891315667,0.462343866461119,
0.497885699467431,0.534488715672697,0.572123004522591,0.610761050528893,
0.650377429731968,0.690948557435831,0.732452476590366,0.774868678768634,
0.81817795155502,0.862362247536263,0.907404571115797,0.953288880149934,
0.985088790468414),.UNSPECIFIED.);
#133=B_SPLINE_CURVE_WITH_KNOTS('',3,(#6990,#6991,#6992,#6993,#6994,#6995,
#6996,#6997,#6998,#6999,#7000,#7001,#7002,#7003,#7004,#7005,#7006,#7007,
#7008,#7009,#7010,#7011,#7012,#7013,#7014,#7015,#7016,#7017,#7018,#7019,
#7020,#7021),.UNSPECIFIED.,.F.,.F.,(4,1,1,1,1,1,1,1,1,1,1,1,1,1,1,1,1,1,
1,1,1,1,1,1,1,1,1,1,1,4),(0.,0.0947191414680562,0.105435410606746,0.119270051843148,
0.135639419217311,0.154200536740823,0.17472062401325,0.197028310601875,
0.220990609761134,0.246500425157811,0.273469102961856,0.301821677512944,
0.33149367416024,0.36242886910936,0.394577666725331,0.427895891315667,0.462343866461119,
0.497885699467431,0.534488715672697,0.572123004522591,0.610761050528893,
0.650377429731968,0.690948557435831,0.732452476590366,0.774868678768634,
0.81817795155502,0.862362247536263,0.907404571115797,0.953288880149934,
0.985088790468416),.UNSPECIFIED.);
#134=B_SPLINE_CURVE_WITH_KNOTS('',3,(#7029,#7030,#7031,#7032,#7033,#7034,
#7035,#7036,#7037,#7038,#7039,#7040,#7041,#7042,#7043,#7044,#7045,#7046,
#7047,#7048,#7049,#7050,#7051,#7052,#7053,#7054,#7055,#7056,#7057,#7058,
#7059,#7060),.UNSPECIFIED.,.F.,.F.,(4,1,1,1,1,1,1,1,1,1,1,1,1,1,1,1,1,1,
1,1,1,1,1,1,1,1,1,1,1,4),(0.,0.0947191414680562,0.105435410606746,0.119270051843148,
0.135639419217311,0.154200536740823,0.17472062401325,0.197028310601875,
0.220990609761134,0.246500425157811,0.273469102961856,0.301821677512944,
0.33149367416024,0.36242886910936,0.394577666725331,0.427895891315667,0.462343866461119,
0.497885699467431,0.534488715672697,0.572123004522591,0.610761050528893,
0.650377429731968,0.690948557435831,0.732452476590366,0.774868678768634,
0.81817795155502,0.862362247536263,0.907404571115797,0.953288880149934,
0.985088790468414),.UNSPECIFIED.);
#135=B_SPLINE_CURVE_WITH_KNOTS('',3,(#7061,#7062,#7063,#7064,#7065,#7066,
#7067,#7068,#7069,#7070,#7071,#7072,#7073,#7074,#7075,#7076,#7077,#7078,
#7079,#7080,#7081,#7082,#7083,#7084,#7085,#7086,#7087,#7088,#7089,#7090,
#7091,#7092),.UNSPECIFIED.,.F.,.F.,(4,1,1,1,1,1,1,1,1,1,1,1,1,1,1,1,1,1,
1,1,1,1,1,1,1,1,1,1,1,4),(0.,0.0947191414680562,0.105435410606746,0.119270051843148,
0.135639419217311,0.154200536740823,0.17472062401325,0.197028310601875,
0.220990609761134,0.246500425157811,0.273469102961856,0.301821677512944,
0.33149367416024,0.36242886910936,0.394577666725331,0.427895891315667,0.462343866461119,
0.497885699467431,0.534488715672697,0.572123004522591,0.610761050528893,
0.650377429731968,0.690948557435831,0.732452476590366,0.774868678768634,
0.81817795155502,0.862362247536263,0.907404571115797,0.953288880149934,
0.985088790468416),.UNSPECIFIED.);
#136=B_SPLINE_CURVE_WITH_KNOTS('',3,(#7100,#7101,#7102,#7103,#7104,#7105,
#7106,#7107,#7108,#7109,#7110,#7111,#7112,#7113,#7114,#7115,#7116,#7117,
#7118,#7119,#7120,#7121,#7122,#7123,#7124,#7125,#7126,#7127,#7128,#7129,
#7130,#7131),.UNSPECIFIED.,.F.,.F.,(4,1,1,1,1,1,1,1,1,1,1,1,1,1,1,1,1,1,
1,1,1,1,1,1,1,1,1,1,1,4),(0.,0.0947191414680562,0.105435410606746,0.119270051843148,
0.135639419217311,0.154200536740823,0.17472062401325,0.197028310601875,
0.220990609761134,0.246500425157811,0.273469102961856,0.301821677512944,
0.33149367416024,0.36242886910936,0.394577666725331,0.427895891315667,0.462343866461119,
0.497885699467431,0.534488715672697,0.572123004522591,0.610761050528893,
0.650377429731968,0.690948557435831,0.732452476590366,0.774868678768634,
0.81817795155502,0.862362247536263,0.907404571115797,0.953288880149934,
0.985088790468414),.UNSPECIFIED.);
#137=B_SPLINE_CURVE_WITH_KNOTS('',3,(#7132,#7133,#7134,#7135,#7136,#7137,
#7138,#7139,#7140,#7141,#7142,#7143,#7144,#7145,#7146,#7147,#7148,#7149,
#7150,#7151,#7152,#7153,#7154,#7155,#7156,#7157,#7158,#7159,#7160,#7161,
#7162,#7163),.UNSPECIFIED.,.F.,.F.,(4,1,1,1,1,1,1,1,1,1,1,1,1,1,1,1,1,1,
1,1,1,1,1,1,1,1,1,1,1,4),(0.,0.0947191414680562,0.105435410606746,0.119270051843148,
0.135639419217311,0.154200536740823,0.17472062401325,0.197028310601875,
0.220990609761134,0.246500425157811,0.273469102961856,0.301821677512944,
0.33149367416024,0.36242886910936,0.394577666725331,0.427895891315667,0.462343866461119,
0.497885699467431,0.534488715672697,0.572123004522591,0.610761050528893,
0.650377429731968,0.690948557435831,0.732452476590366,0.774868678768634,
0.81817795155502,0.862362247536263,0.907404571115797,0.953288880149934,
0.985088790468416),.UNSPECIFIED.);
#138=B_SPLINE_CURVE_WITH_KNOTS('',3,(#7171,#7172,#7173,#7174,#7175,#7176,
#7177,#7178,#7179,#7180,#7181,#7182,#7183,#7184,#7185,#7186,#7187,#7188,
#7189,#7190,#7191,#7192,#7193,#7194,#7195,#7196,#7197,#7198,#7199,#7200,
#7201,#7202),.UNSPECIFIED.,.F.,.F.,(4,1,1,1,1,1,1,1,1,1,1,1,1,1,1,1,1,1,
1,1,1,1,1,1,1,1,1,1,1,4),(0.,0.0947191414680562,0.105435410606746,0.119270051843148,
0.135639419217311,0.154200536740823,0.17472062401325,0.197028310601875,
0.220990609761134,0.246500425157811,0.273469102961856,0.301821677512944,
0.33149367416024,0.36242886910936,0.394577666725331,0.427895891315667,0.462343866461119,
0.497885699467431,0.534488715672697,0.572123004522591,0.610761050528893,
0.650377429731968,0.690948557435831,0.732452476590366,0.774868678768634,
0.81817795155502,0.862362247536263,0.907404571115797,0.953288880149934,
0.985088790468414),.UNSPECIFIED.);
#139=B_SPLINE_CURVE_WITH_KNOTS('',3,(#7203,#7204,#7205,#7206,#7207,#7208,
#7209,#7210,#7211,#7212,#7213,#7214,#7215,#7216,#7217,#7218,#7219,#7220,
#7221,#7222,#7223,#7224,#7225,#7226,#7227,#7228,#7229,#7230,#7231,#7232,
#7233,#7234),.UNSPECIFIED.,.F.,.F.,(4,1,1,1,1,1,1,1,1,1,1,1,1,1,1,1,1,1,
1,1,1,1,1,1,1,1,1,1,1,4),(0.,0.0947191414680562,0.105435410606746,0.119270051843148,
0.135639419217311,0.154200536740823,0.17472062401325,0.197028310601875,
0.220990609761134,0.246500425157811,0.273469102961856,0.301821677512944,
0.33149367416024,0.36242886910936,0.394577666725331,0.427895891315667,0.462343866461119,
0.497885699467431,0.534488715672697,0.572123004522591,0.610761050528893,
0.650377429731968,0.690948557435831,0.732452476590366,0.774868678768634,
0.81817795155502,0.862362247536263,0.907404571115797,0.953288880149934,
0.985088790468416),.UNSPECIFIED.);
#140=B_SPLINE_CURVE_WITH_KNOTS('',3,(#7242,#7243,#7244,#7245,#7246,#7247,
#7248,#7249,#7250,#7251,#7252,#7253,#7254,#7255,#7256,#7257,#7258,#7259,
#7260,#7261,#7262,#7263,#7264,#7265,#7266,#7267,#7268,#7269,#7270,#7271,
#7272,#7273),.UNSPECIFIED.,.F.,.F.,(4,1,1,1,1,1,1,1,1,1,1,1,1,1,1,1,1,1,
1,1,1,1,1,1,1,1,1,1,1,4),(0.,0.0947191414680562,0.105435410606746,0.119270051843148,
0.135639419217311,0.154200536740823,0.17472062401325,0.197028310601875,
0.220990609761134,0.246500425157811,0.273469102961856,0.301821677512944,
0.33149367416024,0.36242886910936,0.394577666725331,0.427895891315667,0.462343866461119,
0.497885699467431,0.534488715672697,0.572123004522591,0.610761050528893,
0.650377429731968,0.690948557435831,0.732452476590366,0.774868678768634,
0.81817795155502,0.862362247536263,0.907404571115797,0.953288880149934,
0.985088790468414),.UNSPECIFIED.);
#141=B_SPLINE_CURVE_WITH_KNOTS('',3,(#7274,#7275,#7276,#7277,#7278,#7279,
#7280,#7281,#7282,#7283,#7284,#7285,#7286,#7287,#7288,#7289,#7290,#7291,
#7292,#7293,#7294,#7295,#7296,#7297,#7298,#7299,#7300,#7301,#7302,#7303,
#7304,#7305),.UNSPECIFIED.,.F.,.F.,(4,1,1,1,1,1,1,1,1,1,1,1,1,1,1,1,1,1,
1,1,1,1,1,1,1,1,1,1,1,4),(0.,0.0947191414680562,0.105435410606746,0.119270051843148,
0.135639419217311,0.154200536740823,0.17472062401325,0.197028310601875,
0.220990609761134,0.246500425157811,0.273469102961856,0.301821677512944,
0.33149367416024,0.36242886910936,0.394577666725331,0.427895891315667,0.462343866461119,
0.497885699467431,0.534488715672697,0.572123004522591,0.610761050528893,
0.650377429731968,0.690948557435831,0.732452476590366,0.774868678768634,
0.81817795155502,0.862362247536263,0.907404571115797,0.953288880149934,
0.985088790468416),.UNSPECIFIED.);
#142=B_SPLINE_CURVE_WITH_KNOTS('',3,(#7313,#7314,#7315,#7316,#7317,#7318,
#7319,#7320,#7321,#7322,#7323,#7324,#7325,#7326,#7327,#7328,#7329,#7330,
#7331,#7332,#7333,#7334,#7335,#7336,#7337,#7338,#7339,#7340,#7341,#7342,
#7343,#7344),.UNSPECIFIED.,.F.,.F.,(4,1,1,1,1,1,1,1,1,1,1,1,1,1,1,1,1,1,
1,1,1,1,1,1,1,1,1,1,1,4),(0.,0.0947191414680562,0.105435410606746,0.119270051843148,
0.135639419217311,0.154200536740823,0.17472062401325,0.197028310601875,
0.220990609761134,0.246500425157811,0.273469102961856,0.301821677512944,
0.33149367416024,0.36242886910936,0.394577666725331,0.427895891315667,0.462343866461119,
0.497885699467431,0.534488715672697,0.572123004522591,0.610761050528893,
0.650377429731968,0.690948557435831,0.732452476590366,0.774868678768634,
0.81817795155502,0.862362247536263,0.907404571115797,0.953288880149934,
0.985088790468414),.UNSPECIFIED.);
#143=B_SPLINE_CURVE_WITH_KNOTS('',3,(#7345,#7346,#7347,#7348,#7349,#7350,
#7351,#7352,#7353,#7354,#7355,#7356,#7357,#7358,#7359,#7360,#7361,#7362,
#7363,#7364,#7365,#7366,#7367,#7368,#7369,#7370,#7371,#7372,#7373,#7374,
#7375,#7376),.UNSPECIFIED.,.F.,.F.,(4,1,1,1,1,1,1,1,1,1,1,1,1,1,1,1,1,1,
1,1,1,1,1,1,1,1,1,1,1,4),(0.,0.0947191414680562,0.105435410606746,0.119270051843148,
0.135639419217311,0.154200536740823,0.17472062401325,0.197028310601875,
0.220990609761134,0.246500425157811,0.273469102961856,0.301821677512944,
0.33149367416024,0.36242886910936,0.394577666725331,0.427895891315667,0.462343866461119,
0.497885699467431,0.534488715672697,0.572123004522591,0.610761050528893,
0.650377429731968,0.690948557435831,0.732452476590366,0.774868678768634,
0.81817795155502,0.862362247536263,0.907404571115797,0.953288880149934,
0.985088790468416),.UNSPECIFIED.);
#144=B_SPLINE_CURVE_WITH_KNOTS('',3,(#7384,#7385,#7386,#7387,#7388,#7389,
#7390,#7391,#7392,#7393,#7394,#7395,#7396,#7397,#7398,#7399,#7400,#7401,
#7402,#7403,#7404,#7405,#7406,#7407,#7408,#7409,#7410,#7411,#7412,#7413,
#7414,#7415),.UNSPECIFIED.,.F.,.F.,(4,1,1,1,1,1,1,1,1,1,1,1,1,1,1,1,1,1,
1,1,1,1,1,1,1,1,1,1,1,4),(0.,0.0947191414680562,0.105435410606746,0.119270051843148,
0.135639419217311,0.154200536740823,0.17472062401325,0.197028310601875,
0.220990609761134,0.246500425157811,0.273469102961856,0.301821677512944,
0.33149367416024,0.36242886910936,0.394577666725331,0.427895891315667,0.462343866461119,
0.497885699467431,0.534488715672697,0.572123004522591,0.610761050528893,
0.650377429731968,0.690948557435831,0.732452476590366,0.774868678768634,
0.81817795155502,0.862362247536263,0.907404571115797,0.953288880149934,
0.985088790468414),.UNSPECIFIED.);
#145=B_SPLINE_CURVE_WITH_KNOTS('',3,(#7416,#7417,#7418,#7419,#7420,#7421,
#7422,#7423,#7424,#7425,#7426,#7427,#7428,#7429,#7430,#7431,#7432,#7433,
#7434,#7435,#7436,#7437,#7438,#7439,#7440,#7441,#7442,#7443,#7444,#7445,
#7446,#7447),.UNSPECIFIED.,.F.,.F.,(4,1,1,1,1,1,1,1,1,1,1,1,1,1,1,1,1,1,
1,1,1,1,1,1,1,1,1,1,1,4),(0.,0.0947191414680562,0.105435410606746,0.119270051843148,
0.135639419217311,0.154200536740823,0.17472062401325,0.197028310601875,
0.220990609761134,0.246500425157811,0.273469102961856,0.301821677512944,
0.33149367416024,0.36242886910936,0.394577666725331,0.427895891315667,0.462343866461119,
0.497885699467431,0.534488715672697,0.572123004522591,0.610761050528893,
0.650377429731968,0.690948557435831,0.732452476590366,0.774868678768634,
0.81817795155502,0.862362247536263,0.907404571115797,0.953288880149934,
0.985088790468416),.UNSPECIFIED.);
#146=B_SPLINE_CURVE_WITH_KNOTS('',3,(#7455,#7456,#7457,#7458,#7459,#7460,
#7461,#7462,#7463,#7464,#7465,#7466,#7467,#7468,#7469,#7470,#7471,#7472,
#7473,#7474,#7475,#7476,#7477,#7478,#7479,#7480,#7481,#7482,#7483,#7484,
#7485,#7486),.UNSPECIFIED.,.F.,.F.,(4,1,1,1,1,1,1,1,1,1,1,1,1,1,1,1,1,1,
1,1,1,1,1,1,1,1,1,1,1,4),(0.,0.0947191414680562,0.105435410606746,0.119270051843148,
0.135639419217311,0.154200536740823,0.17472062401325,0.197028310601875,
0.220990609761134,0.246500425157811,0.273469102961856,0.301821677512944,
0.33149367416024,0.36242886910936,0.394577666725331,0.427895891315667,0.462343866461119,
0.497885699467431,0.534488715672697,0.572123004522591,0.610761050528893,
0.650377429731968,0.690948557435831,0.732452476590366,0.774868678768634,
0.81817795155502,0.862362247536263,0.907404571115797,0.953288880149934,
0.985088790468414),.UNSPECIFIED.);
#147=B_SPLINE_CURVE_WITH_KNOTS('',3,(#7487,#7488,#7489,#7490,#7491,#7492,
#7493,#7494,#7495,#7496,#7497,#7498,#7499,#7500,#7501,#7502,#7503,#7504,
#7505,#7506,#7507,#7508,#7509,#7510,#7511,#7512,#7513,#7514,#7515,#7516,
#7517,#7518),.UNSPECIFIED.,.F.,.F.,(4,1,1,1,1,1,1,1,1,1,1,1,1,1,1,1,1,1,
1,1,1,1,1,1,1,1,1,1,1,4),(0.,0.0947191414680562,0.105435410606746,0.119270051843148,
0.135639419217311,0.154200536740823,0.17472062401325,0.197028310601875,
0.220990609761134,0.246500425157811,0.273469102961856,0.301821677512944,
0.33149367416024,0.36242886910936,0.394577666725331,0.427895891315667,0.462343866461119,
0.497885699467431,0.534488715672697,0.572123004522591,0.610761050528893,
0.650377429731968,0.690948557435831,0.732452476590366,0.774868678768634,
0.81817795155502,0.862362247536263,0.907404571115797,0.953288880149934,
0.985088790468416),.UNSPECIFIED.);
#148=B_SPLINE_CURVE_WITH_KNOTS('',3,(#7526,#7527,#7528,#7529,#7530,#7531,
#7532,#7533,#7534,#7535,#7536,#7537,#7538,#7539,#7540,#7541,#7542,#7543,
#7544,#7545,#7546,#7547,#7548,#7549,#7550,#7551,#7552,#7553,#7554,#7555,
#7556,#7557),.UNSPECIFIED.,.F.,.F.,(4,1,1,1,1,1,1,1,1,1,1,1,1,1,1,1,1,1,
1,1,1,1,1,1,1,1,1,1,1,4),(0.,0.0947191414680562,0.105435410606746,0.119270051843148,
0.135639419217311,0.154200536740823,0.17472062401325,0.197028310601875,
0.220990609761134,0.246500425157811,0.273469102961856,0.301821677512944,
0.33149367416024,0.36242886910936,0.394577666725331,0.427895891315667,0.462343866461119,
0.497885699467431,0.534488715672697,0.572123004522591,0.610761050528893,
0.650377429731968,0.690948557435831,0.732452476590366,0.774868678768634,
0.81817795155502,0.862362247536263,0.907404571115797,0.953288880149934,
0.985088790468414),.UNSPECIFIED.);
#149=B_SPLINE_CURVE_WITH_KNOTS('',3,(#7558,#7559,#7560,#7561,#7562,#7563,
#7564,#7565,#7566,#7567,#7568,#7569,#7570,#7571,#7572,#7573,#7574,#7575,
#7576,#7577,#7578,#7579,#7580,#7581,#7582,#7583,#7584,#7585,#7586,#7587,
#7588,#7589),.UNSPECIFIED.,.F.,.F.,(4,1,1,1,1,1,1,1,1,1,1,1,1,1,1,1,1,1,
1,1,1,1,1,1,1,1,1,1,1,4),(0.,0.0947191414680562,0.105435410606746,0.119270051843148,
0.135639419217311,0.154200536740823,0.17472062401325,0.197028310601875,
0.220990609761134,0.246500425157811,0.273469102961856,0.301821677512944,
0.33149367416024,0.36242886910936,0.394577666725331,0.427895891315667,0.462343866461119,
0.497885699467431,0.534488715672697,0.572123004522591,0.610761050528893,
0.650377429731968,0.690948557435831,0.732452476590366,0.774868678768634,
0.81817795155502,0.862362247536263,0.907404571115797,0.953288880149934,
0.985088790468416),.UNSPECIFIED.);
#150=B_SPLINE_CURVE_WITH_KNOTS('',3,(#7597,#7598,#7599,#7600,#7601,#7602,
#7603,#7604,#7605,#7606,#7607,#7608,#7609,#7610,#7611,#7612,#7613,#7614,
#7615,#7616,#7617,#7618,#7619,#7620,#7621,#7622,#7623,#7624,#7625,#7626,
#7627,#7628),.UNSPECIFIED.,.F.,.F.,(4,1,1,1,1,1,1,1,1,1,1,1,1,1,1,1,1,1,
1,1,1,1,1,1,1,1,1,1,1,4),(0.,0.0947191414680562,0.105435410606746,0.119270051843148,
0.135639419217311,0.154200536740823,0.17472062401325,0.197028310601875,
0.220990609761134,0.246500425157811,0.273469102961856,0.301821677512944,
0.33149367416024,0.36242886910936,0.394577666725331,0.427895891315667,0.462343866461119,
0.497885699467431,0.534488715672697,0.572123004522591,0.610761050528893,
0.650377429731968,0.690948557435831,0.732452476590366,0.774868678768634,
0.81817795155502,0.862362247536263,0.907404571115797,0.953288880149934,
0.985088790468414),.UNSPECIFIED.);
#151=B_SPLINE_CURVE_WITH_KNOTS('',3,(#7629,#7630,#7631,#7632,#7633,#7634,
#7635,#7636,#7637,#7638,#7639,#7640,#7641,#7642,#7643,#7644,#7645,#7646,
#7647,#7648,#7649,#7650,#7651,#7652,#7653,#7654,#7655,#7656,#7657,#7658,
#7659,#7660),.UNSPECIFIED.,.F.,.F.,(4,1,1,1,1,1,1,1,1,1,1,1,1,1,1,1,1,1,
1,1,1,1,1,1,1,1,1,1,1,4),(0.,0.0947191414680562,0.105435410606746,0.119270051843148,
0.135639419217311,0.154200536740823,0.17472062401325,0.197028310601875,
0.220990609761134,0.246500425157811,0.273469102961856,0.301821677512944,
0.33149367416024,0.36242886910936,0.394577666725331,0.427895891315667,0.462343866461119,
0.497885699467431,0.534488715672697,0.572123004522591,0.610761050528893,
0.650377429731968,0.690948557435831,0.732452476590366,0.774868678768634,
0.81817795155502,0.862362247536263,0.907404571115797,0.953288880149934,
0.985088790468416),.UNSPECIFIED.);
#152=B_SPLINE_CURVE_WITH_KNOTS('',3,(#7668,#7669,#7670,#7671,#7672,#7673,
#7674,#7675,#7676,#7677,#7678,#7679,#7680,#7681,#7682,#7683,#7684,#7685,
#7686,#7687,#7688,#7689,#7690,#7691,#7692,#7693,#7694,#7695,#7696,#7697,
#7698,#7699),.UNSPECIFIED.,.F.,.F.,(4,1,1,1,1,1,1,1,1,1,1,1,1,1,1,1,1,1,
1,1,1,1,1,1,1,1,1,1,1,4),(0.,0.0947191414680562,0.105435410606746,0.119270051843148,
0.135639419217311,0.154200536740823,0.17472062401325,0.197028310601875,
0.220990609761134,0.246500425157811,0.273469102961856,0.301821677512944,
0.33149367416024,0.36242886910936,0.394577666725331,0.427895891315667,0.462343866461119,
0.497885699467431,0.534488715672697,0.572123004522591,0.610761050528893,
0.650377429731968,0.690948557435831,0.732452476590366,0.774868678768634,
0.81817795155502,0.862362247536263,0.907404571115797,0.953288880149934,
0.985088790468414),.UNSPECIFIED.);
#153=B_SPLINE_CURVE_WITH_KNOTS('',3,(#7700,#7701,#7702,#7703,#7704,#7705,
#7706,#7707,#7708,#7709,#7710,#7711,#7712,#7713,#7714,#7715,#7716,#7717,
#7718,#7719,#7720,#7721,#7722,#7723,#7724,#7725,#7726,#7727,#7728,#7729,
#7730,#7731),.UNSPECIFIED.,.F.,.F.,(4,1,1,1,1,1,1,1,1,1,1,1,1,1,1,1,1,1,
1,1,1,1,1,1,1,1,1,1,1,4),(0.,0.0947191414680562,0.105435410606746,0.119270051843148,
0.135639419217311,0.154200536740823,0.17472062401325,0.197028310601875,
0.220990609761134,0.246500425157811,0.273469102961856,0.301821677512944,
0.33149367416024,0.36242886910936,0.394577666725331,0.427895891315667,0.462343866461119,
0.497885699467431,0.534488715672697,0.572123004522591,0.610761050528893,
0.650377429731968,0.690948557435831,0.732452476590366,0.774868678768634,
0.81817795155502,0.862362247536263,0.907404571115797,0.953288880149934,
0.985088790468416),.UNSPECIFIED.);
#154=B_SPLINE_CURVE_WITH_KNOTS('',3,(#7739,#7740,#7741,#7742,#7743,#7744,
#7745,#7746,#7747,#7748,#7749,#7750,#7751,#7752,#7753,#7754,#7755,#7756,
#7757,#7758,#7759,#7760,#7761,#7762,#7763,#7764,#7765,#7766,#7767,#7768,
#7769,#7770),.UNSPECIFIED.,.F.,.F.,(4,1,1,1,1,1,1,1,1,1,1,1,1,1,1,1,1,1,
1,1,1,1,1,1,1,1,1,1,1,4),(0.,0.0947191414680562,0.105435410606746,0.119270051843148,
0.135639419217311,0.154200536740823,0.17472062401325,0.197028310601875,
0.220990609761134,0.246500425157811,0.273469102961856,0.301821677512944,
0.33149367416024,0.36242886910936,0.394577666725331,0.427895891315667,0.462343866461119,
0.497885699467431,0.534488715672697,0.572123004522591,0.610761050528893,
0.650377429731968,0.690948557435831,0.732452476590366,0.774868678768634,
0.81817795155502,0.862362247536263,0.907404571115797,0.953288880149934,
0.985088790468414),.UNSPECIFIED.);
#155=B_SPLINE_CURVE_WITH_KNOTS('',3,(#7771,#7772,#7773,#7774,#7775,#7776,
#7777,#7778,#7779,#7780,#7781,#7782,#7783,#7784,#7785,#7786,#7787,#7788,
#7789,#7790,#7791,#7792,#7793,#7794,#7795,#7796,#7797,#7798,#7799,#7800,
#7801,#7802),.UNSPECIFIED.,.F.,.F.,(4,1,1,1,1,1,1,1,1,1,1,1,1,1,1,1,1,1,
1,1,1,1,1,1,1,1,1,1,1,4),(0.,0.0947191414680562,0.105435410606746,0.119270051843148,
0.135639419217311,0.154200536740823,0.17472062401325,0.197028310601875,
0.220990609761134,0.246500425157811,0.273469102961856,0.301821677512944,
0.33149367416024,0.36242886910936,0.394577666725331,0.427895891315667,0.462343866461119,
0.497885699467431,0.534488715672697,0.572123004522591,0.610761050528893,
0.650377429731968,0.690948557435831,0.732452476590366,0.774868678768634,
0.81817795155502,0.862362247536263,0.907404571115797,0.953288880149934,
0.985088790468416),.UNSPECIFIED.);
#156=LINE('',#4172,#300);
#157=LINE('',#4177,#301);
#158=LINE('',#4184,#302);
#159=LINE('',#4188,#303);
#160=LINE('',#4190,#304);
#161=LINE('',#4195,#305);
#162=LINE('',#4202,#306);
#163=LINE('',#4206,#307);
#164=LINE('',#4208,#308);
#165=LINE('',#4213,#309);
#166=LINE('',#4217,#310);
#167=LINE('',#4222,#311);
#168=LINE('',#4226,#312);
#169=LINE('',#4231,#313);
#170=LINE('',#4238,#314);
#171=LINE('',#4242,#315);
#172=LINE('',#4244,#316);
#173=LINE('',#4249,#317);
#174=LINE('',#4253,#318);
#175=LINE('',#4258,#319);
#176=LINE('',#4262,#320);
#177=LINE('',#4267,#321);
#178=LINE('',#4271,#322);
#179=LINE('',#4276,#323);
#180=LINE('',#4280,#324);
#181=LINE('',#4285,#325);
#182=LINE('',#4292,#326);
#183=LINE('',#4296,#327);
#184=LINE('',#4298,#328);
#185=LINE('',#4303,#329);
#186=LINE('',#4310,#330);
#187=LINE('',#4314,#331);
#188=LINE('',#4316,#332);
#189=LINE('',#4321,#333);
#190=LINE('',#4325,#334);
#191=LINE('',#4330,#335);
#192=LINE('',#4337,#336);
#193=LINE('',#4341,#337);
#194=LINE('',#4343,#338);
#195=LINE('',#4348,#339);
#196=LINE('',#4352,#340);
#197=LINE('',#4357,#341);
#198=LINE('',#4361,#342);
#199=LINE('',#4366,#343);
#200=LINE('',#4373,#344);
#201=LINE('',#4377,#345);
#202=LINE('',#6097,#346);
#203=LINE('',#6101,#347);
#204=LINE('',#7833,#348);
#205=LINE('',#7860,#349);
#206=LINE('',#7862,#350);
#207=LINE('',#7863,#351);
#208=LINE('',#7892,#352);
#209=LINE('',#7919,#353);
#210=LINE('',#7921,#354);
#211=LINE('',#7922,#355);
#212=LINE('',#7951,#356);
#213=LINE('',#7978,#357);
#214=LINE('',#7980,#358);
#215=LINE('',#7981,#359);
#216=LINE('',#8010,#360);
#217=LINE('',#8037,#361);
#218=LINE('',#8039,#362);
#219=LINE('',#8040,#363);
#220=LINE('',#8069,#364);
#221=LINE('',#8096,#365);
#222=LINE('',#8098,#366);
#223=LINE('',#8099,#367);
#224=LINE('',#8128,#368);
#225=LINE('',#8155,#369);
#226=LINE('',#8157,#370);
#227=LINE('',#8158,#371);
#228=LINE('',#8187,#372);
#229=LINE('',#8214,#373);
#230=LINE('',#8216,#374);
#231=LINE('',#8217,#375);
#232=LINE('',#8246,#376);
#233=LINE('',#8273,#377);
#234=LINE('',#8275,#378);
#235=LINE('',#8276,#379);
#236=LINE('',#8305,#380);
#237=LINE('',#8332,#381);
#238=LINE('',#8334,#382);
#239=LINE('',#8335,#383);
#240=LINE('',#8364,#384);
#241=LINE('',#8391,#385);
#242=LINE('',#8393,#386);
#243=LINE('',#8394,#387);
#244=LINE('',#8423,#388);
#245=LINE('',#8450,#389);
#246=LINE('',#8452,#390);
#247=LINE('',#8453,#391);
#248=LINE('',#8482,#392);
#249=LINE('',#8509,#393);
#250=LINE('',#8511,#394);
#251=LINE('',#8512,#395);
#252=LINE('',#8541,#396);
#253=LINE('',#8568,#397);
#254=LINE('',#8570,#398);
#255=LINE('',#8571,#399);
#256=LINE('',#8600,#400);
#257=LINE('',#8627,#401);
#258=LINE('',#8629,#402);
#259=LINE('',#8630,#403);
#260=LINE('',#8659,#404);
#261=LINE('',#8686,#405);
#262=LINE('',#8688,#406);
#263=LINE('',#8689,#407);
#264=LINE('',#8718,#408);
#265=LINE('',#8745,#409);
#266=LINE('',#8747,#410);
#267=LINE('',#8748,#411);
#268=LINE('',#8777,#412);
#269=LINE('',#8804,#413);
#270=LINE('',#8806,#414);
#271=LINE('',#8807,#415);
#272=LINE('',#8836,#416);
#273=LINE('',#8863,#417);
#274=LINE('',#8865,#418);
#275=LINE('',#8866,#419);
#276=LINE('',#8895,#420);
#277=LINE('',#8922,#421);
#278=LINE('',#8924,#422);
#279=LINE('',#8925,#423);
#280=LINE('',#8954,#424);
#281=LINE('',#8981,#425);
#282=LINE('',#8983,#426);
#283=LINE('',#8984,#427);
#284=LINE('',#9013,#428);
#285=LINE('',#9040,#429);
#286=LINE('',#9042,#430);
#287=LINE('',#9043,#431);
#288=LINE('',#9072,#432);
#289=LINE('',#9099,#433);
#290=LINE('',#9101,#434);
#291=LINE('',#9102,#435);
#292=LINE('',#9131,#436);
#293=LINE('',#9158,#437);
#294=LINE('',#9160,#438);
#295=LINE('',#9161,#439);
#296=LINE('',#9190,#440);
#297=LINE('',#9217,#441);
#298=LINE('',#9219,#442);
#299=LINE('',#9220,#443);
#300=VECTOR('',#3369,1.);
#301=VECTOR('',#3372,1.);
#302=VECTOR('',#3379,1.);
#303=VECTOR('',#3382,1.);
#304=VECTOR('',#3385,1.);
#305=VECTOR('',#3388,1.);
#306=VECTOR('',#3395,1.);
#307=VECTOR('',#3398,1.);
#308=VECTOR('',#3401,1.);
#309=VECTOR('',#3404,1.);
#310=VECTOR('',#3409,1.);
#311=VECTOR('',#3412,1.);
#312=VECTOR('',#3417,1.);
#313=VECTOR('',#3420,1.);
#314=VECTOR('',#3427,1.);
#315=VECTOR('',#3430,1.);
#316=VECTOR('',#3433,1.);
#317=VECTOR('',#3436,1.);
#318=VECTOR('',#3441,1.);
#319=VECTOR('',#3444,1.);
#320=VECTOR('',#3449,1.);
#321=VECTOR('',#3452,1.);
#322=VECTOR('',#3457,1.);
#323=VECTOR('',#3460,1.);
#324=VECTOR('',#3465,1.);
#325=VECTOR('',#3468,1.);
#326=VECTOR('',#3475,1.);
#327=VECTOR('',#3478,1.);
#328=VECTOR('',#3481,1.);
#329=VECTOR('',#3484,1.);
#330=VECTOR('',#3491,1.);
#331=VECTOR('',#3494,1.);
#332=VECTOR('',#3497,1.);
#333=VECTOR('',#3500,1.);
#334=VECTOR('',#3505,1.);
#335=VECTOR('',#3508,1.);
#336=VECTOR('',#3515,1.);
#337=VECTOR('',#3518,1.);
#338=VECTOR('',#3521,1.);
#339=VECTOR('',#3524,1.);
#340=VECTOR('',#3529,1.);
#341=VECTOR('',#3532,1.);
#342=VECTOR('',#3537,1.);
#343=VECTOR('',#3540,1.);
#344=VECTOR('',#3547,1.);
#345=VECTOR('',#3550,1.);
#346=VECTOR('',#3711,1.);
#347=VECTOR('',#3714,1.);
#348=VECTOR('',#3861,1.);
#349=VECTOR('',#3862,1.);
#350=VECTOR('',#3865,1.);
#351=VECTOR('',#3866,1.);
#352=VECTOR('',#3871,1.);
#353=VECTOR('',#3872,1.);
#354=VECTOR('',#3875,1.);
#355=VECTOR('',#3876,1.);
#356=VECTOR('',#3881,1.);
#357=VECTOR('',#3882,1.);
#358=VECTOR('',#3885,1.);
#359=VECTOR('',#3886,1.);
#360=VECTOR('',#3891,1.);
#361=VECTOR('',#3892,1.);
#362=VECTOR('',#3895,1.);
#363=VECTOR('',#3896,1.);
#364=VECTOR('',#3901,1.);
#365=VECTOR('',#3902,1.);
#366=VECTOR('',#3905,1.);
#367=VECTOR('',#3906,1.);
#368=VECTOR('',#3911,1.);
#369=VECTOR('',#3912,1.);
#370=VECTOR('',#3915,1.);
#371=VECTOR('',#3916,1.);
#372=VECTOR('',#3921,1.);
#373=VECTOR('',#3922,1.);
#374=VECTOR('',#3925,1.);
#375=VECTOR('',#3926,1.);
#376=VECTOR('',#3931,1.);
#377=VECTOR('',#3932,1.);
#378=VECTOR('',#3935,1.);
#379=VECTOR('',#3936,1.);
#380=VECTOR('',#3941,1.);
#381=VECTOR('',#3942,1.);
#382=VECTOR('',#3945,1.);
#383=VECTOR('',#3946,1.);
#384=VECTOR('',#3951,1.);
#385=VECTOR('',#3952,1.);
#386=VECTOR('',#3955,1.);
#387=VECTOR('',#3956,1.);
#388=VECTOR('',#3961,1.);
#389=VECTOR('',#3962,1.);
#390=VECTOR('',#3965,1.);
#391=VECTOR('',#3966,1.);
#392=VECTOR('',#3971,1.);
#393=VECTOR('',#3972,1.);
#394=VECTOR('',#3975,1.);
#395=VECTOR('',#3976,1.);
#396=VECTOR('',#3981,1.);
#397=VECTOR('',#3982,1.);
#398=VECTOR('',#3985,1.);
#399=VECTOR('',#3986,1.);
#400=VECTOR('',#3991,1.);
#401=VECTOR('',#3992,1.);
#402=VECTOR('',#3995,1.);
#403=VECTOR('',#3996,1.);
#404=VECTOR('',#4001,1.);
#405=VECTOR('',#4002,1.);
#406=VECTOR('',#4005,1.);
#407=VECTOR('',#4006,1.);
#408=VECTOR('',#4011,1.);
#409=VECTOR('',#4012,1.);
#410=VECTOR('',#4015,1.);
#411=VECTOR('',#4016,1.);
#412=VECTOR('',#4021,1.);
#413=VECTOR('',#4022,1.);
#414=VECTOR('',#4025,1.);
#415=VECTOR('',#4026,1.);
#416=VECTOR('',#4031,1.);
#417=VECTOR('',#4032,1.);
#418=VECTOR('',#4035,1.);
#419=VECTOR('',#4036,1.);
#420=VECTOR('',#4041,1.);
#421=VECTOR('',#4042,1.);
#422=VECTOR('',#4045,1.);
#423=VECTOR('',#4046,1.);
#424=VECTOR('',#4051,1.);
#425=VECTOR('',#4052,1.);
#426=VECTOR('',#4055,1.);
#427=VECTOR('',#4056,1.);
#428=VECTOR('',#4061,1.);
#429=VECTOR('',#4062,1.);
#430=VECTOR('',#4065,1.);
#431=VECTOR('',#4066,1.);
#432=VECTOR('',#4071,1.);
#433=VECTOR('',#4072,1.);
#434=VECTOR('',#4075,1.);
#435=VECTOR('',#4076,1.);
#436=VECTOR('',#4081,1.);
#437=VECTOR('',#4082,1.);
#438=VECTOR('',#4085,1.);
#439=VECTOR('',#4086,1.);
#440=VECTOR('',#4091,1.);
#441=VECTOR('',#4092,1.);
#442=VECTOR('',#4095,1.);
#443=VECTOR('',#4096,1.);
#444=TOROIDAL_SURFACE('',#3021,0.0101,0.002);
#445=PLANE('',#3015);
#446=PLANE('',#3092);
#447=PLANE('',#3173);
#448=PLANE('',#3320);
#449=PLANE('',#3325);
#450=PLANE('',#3330);
#451=PLANE('',#3335);
#452=PLANE('',#3340);
#453=ORIENTED_EDGE('',*,*,#1363,.T.);
#454=ORIENTED_EDGE('',*,*,#1364,.T.);
#455=ORIENTED_EDGE('',*,*,#1365,.F.);
#456=ORIENTED_EDGE('',*,*,#1366,.F.);
#457=ORIENTED_EDGE('',*,*,#1367,.F.);
#458=ORIENTED_EDGE('',*,*,#1368,.F.);
#459=ORIENTED_EDGE('',*,*,#1369,.F.);
#460=ORIENTED_EDGE('',*,*,#1364,.F.);
#461=ORIENTED_EDGE('',*,*,#1363,.F.);
#462=ORIENTED_EDGE('',*,*,#1370,.F.);
#463=ORIENTED_EDGE('',*,*,#1371,.F.);
#464=ORIENTED_EDGE('',*,*,#1372,.F.);
#465=ORIENTED_EDGE('',*,*,#1373,.T.);
#466=ORIENTED_EDGE('',*,*,#1374,.T.);
#467=ORIENTED_EDGE('',*,*,#1375,.F.);
#468=ORIENTED_EDGE('',*,*,#1376,.T.);
#469=ORIENTED_EDGE('',*,*,#1377,.T.);
#470=ORIENTED_EDGE('',*,*,#1378,.F.);
#471=ORIENTED_EDGE('',*,*,#1379,.F.);
#472=ORIENTED_EDGE('',*,*,#1380,.F.);
#473=ORIENTED_EDGE('',*,*,#1381,.T.);
#474=ORIENTED_EDGE('',*,*,#1382,.T.);
#475=ORIENTED_EDGE('',*,*,#1383,.F.);
#476=ORIENTED_EDGE('',*,*,#1384,.T.);
#477=ORIENTED_EDGE('',*,*,#1385,.T.);
#478=ORIENTED_EDGE('',*,*,#1386,.F.);
#479=ORIENTED_EDGE('',*,*,#1387,.F.);
#480=ORIENTED_EDGE('',*,*,#1388,.F.);
#481=ORIENTED_EDGE('',*,*,#1389,.T.);
#482=ORIENTED_EDGE('',*,*,#1390,.T.);
#483=ORIENTED_EDGE('',*,*,#1391,.F.);
#484=ORIENTED_EDGE('',*,*,#1392,.F.);
#485=ORIENTED_EDGE('',*,*,#1393,.T.);
#486=ORIENTED_EDGE('',*,*,#1394,.T.);
#487=ORIENTED_EDGE('',*,*,#1395,.F.);
#488=ORIENTED_EDGE('',*,*,#1396,.F.);
#489=ORIENTED_EDGE('',*,*,#1397,.T.);
#490=ORIENTED_EDGE('',*,*,#1398,.T.);
#491=ORIENTED_EDGE('',*,*,#1399,.F.);
#492=ORIENTED_EDGE('',*,*,#1400,.T.);
#493=ORIENTED_EDGE('',*,*,#1401,.T.);
#494=ORIENTED_EDGE('',*,*,#1402,.F.);
#495=ORIENTED_EDGE('',*,*,#1403,.F.);
#496=ORIENTED_EDGE('',*,*,#1404,.F.);
#497=ORIENTED_EDGE('',*,*,#1405,.T.);
#498=ORIENTED_EDGE('',*,*,#1406,.T.);
#499=ORIENTED_EDGE('',*,*,#1407,.F.);
#500=ORIENTED_EDGE('',*,*,#1408,.F.);
#501=ORIENTED_EDGE('',*,*,#1409,.T.);
#502=ORIENTED_EDGE('',*,*,#1410,.T.);
#503=ORIENTED_EDGE('',*,*,#1411,.F.);
#504=ORIENTED_EDGE('',*,*,#1412,.F.);
#505=ORIENTED_EDGE('',*,*,#1413,.T.);
#506=ORIENTED_EDGE('',*,*,#1414,.T.);
#507=ORIENTED_EDGE('',*,*,#1415,.F.);
#508=ORIENTED_EDGE('',*,*,#1416,.F.);
#509=ORIENTED_EDGE('',*,*,#1417,.T.);
#510=ORIENTED_EDGE('',*,*,#1418,.T.);
#511=ORIENTED_EDGE('',*,*,#1419,.F.);
#512=ORIENTED_EDGE('',*,*,#1420,.F.);
#513=ORIENTED_EDGE('',*,*,#1421,.T.);
#514=ORIENTED_EDGE('',*,*,#1422,.T.);
#515=ORIENTED_EDGE('',*,*,#1423,.F.);
#516=ORIENTED_EDGE('',*,*,#1424,.T.);
#517=ORIENTED_EDGE('',*,*,#1425,.T.);
#518=ORIENTED_EDGE('',*,*,#1426,.F.);
#519=ORIENTED_EDGE('',*,*,#1427,.F.);
#520=ORIENTED_EDGE('',*,*,#1428,.F.);
#521=ORIENTED_EDGE('',*,*,#1429,.T.);
#522=ORIENTED_EDGE('',*,*,#1430,.T.);
#523=ORIENTED_EDGE('',*,*,#1431,.F.);
#524=ORIENTED_EDGE('',*,*,#1432,.T.);
#525=ORIENTED_EDGE('',*,*,#1433,.T.);
#526=ORIENTED_EDGE('',*,*,#1434,.F.);
#527=ORIENTED_EDGE('',*,*,#1435,.F.);
#528=ORIENTED_EDGE('',*,*,#1436,.F.);
#529=ORIENTED_EDGE('',*,*,#1437,.T.);
#530=ORIENTED_EDGE('',*,*,#1438,.T.);
#531=ORIENTED_EDGE('',*,*,#1439,.F.);
#532=ORIENTED_EDGE('',*,*,#1440,.F.);
#533=ORIENTED_EDGE('',*,*,#1441,.T.);
#534=ORIENTED_EDGE('',*,*,#1442,.T.);
#535=ORIENTED_EDGE('',*,*,#1443,.F.);
#536=ORIENTED_EDGE('',*,*,#1444,.T.);
#537=ORIENTED_EDGE('',*,*,#1445,.T.);
#538=ORIENTED_EDGE('',*,*,#1446,.F.);
#539=ORIENTED_EDGE('',*,*,#1447,.F.);
#540=ORIENTED_EDGE('',*,*,#1448,.F.);
#541=ORIENTED_EDGE('',*,*,#1449,.T.);
#542=ORIENTED_EDGE('',*,*,#1450,.T.);
#543=ORIENTED_EDGE('',*,*,#1451,.F.);
#544=ORIENTED_EDGE('',*,*,#1452,.F.);
#545=ORIENTED_EDGE('',*,*,#1453,.T.);
#546=ORIENTED_EDGE('',*,*,#1454,.T.);
#547=ORIENTED_EDGE('',*,*,#1455,.F.);
#548=ORIENTED_EDGE('',*,*,#1456,.F.);
#549=ORIENTED_EDGE('',*,*,#1457,.T.);
#550=ORIENTED_EDGE('',*,*,#1458,.T.);
#551=ORIENTED_EDGE('',*,*,#1459,.F.);
#552=ORIENTED_EDGE('',*,*,#1460,.T.);
#553=ORIENTED_EDGE('',*,*,#1461,.T.);
#554=ORIENTED_EDGE('',*,*,#1462,.F.);
#555=ORIENTED_EDGE('',*,*,#1463,.T.);
#556=ORIENTED_EDGE('',*,*,#1464,.T.);
#557=ORIENTED_EDGE('',*,*,#1465,.T.);
#558=ORIENTED_EDGE('',*,*,#1466,.T.);
#559=ORIENTED_EDGE('',*,*,#1467,.T.);
#560=ORIENTED_EDGE('',*,*,#1468,.F.);
#561=ORIENTED_EDGE('',*,*,#1469,.T.);
#562=ORIENTED_EDGE('',*,*,#1375,.T.);
#563=ORIENTED_EDGE('',*,*,#1470,.F.);
#564=ORIENTED_EDGE('',*,*,#1471,.F.);
#565=ORIENTED_EDGE('',*,*,#1472,.T.);
#566=ORIENTED_EDGE('',*,*,#1473,.F.);
#567=ORIENTED_EDGE('',*,*,#1474,.T.);
#568=ORIENTED_EDGE('',*,*,#1383,.T.);
#569=ORIENTED_EDGE('',*,*,#1475,.F.);
#570=ORIENTED_EDGE('',*,*,#1476,.F.);
#571=ORIENTED_EDGE('',*,*,#1477,.T.);
#572=ORIENTED_EDGE('',*,*,#1478,.F.);
#573=ORIENTED_EDGE('',*,*,#1479,.T.);
#574=ORIENTED_EDGE('',*,*,#1380,.T.);
#575=ORIENTED_EDGE('',*,*,#1480,.F.);
#576=ORIENTED_EDGE('',*,*,#1481,.F.);
#577=ORIENTED_EDGE('',*,*,#1482,.T.);
#578=ORIENTED_EDGE('',*,*,#1483,.F.);
#579=ORIENTED_EDGE('',*,*,#1484,.T.);
#580=ORIENTED_EDGE('',*,*,#1459,.T.);
#581=ORIENTED_EDGE('',*,*,#1485,.F.);
#582=ORIENTED_EDGE('',*,*,#1486,.F.);
#583=ORIENTED_EDGE('',*,*,#1487,.T.);
#584=ORIENTED_EDGE('',*,*,#1488,.F.);
#585=ORIENTED_EDGE('',*,*,#1489,.T.);
#586=ORIENTED_EDGE('',*,*,#1456,.T.);
#587=ORIENTED_EDGE('',*,*,#1490,.F.);
#588=ORIENTED_EDGE('',*,*,#1491,.F.);
#589=ORIENTED_EDGE('',*,*,#1492,.T.);
#590=ORIENTED_EDGE('',*,*,#1493,.F.);
#591=ORIENTED_EDGE('',*,*,#1494,.T.);
#592=ORIENTED_EDGE('',*,*,#1452,.T.);
#593=ORIENTED_EDGE('',*,*,#1495,.F.);
#594=ORIENTED_EDGE('',*,*,#1496,.F.);
#595=ORIENTED_EDGE('',*,*,#1497,.T.);
#596=ORIENTED_EDGE('',*,*,#1498,.F.);
#597=ORIENTED_EDGE('',*,*,#1499,.T.);
#598=ORIENTED_EDGE('',*,*,#1448,.T.);
#599=ORIENTED_EDGE('',*,*,#1500,.F.);
#600=ORIENTED_EDGE('',*,*,#1501,.F.);
#601=ORIENTED_EDGE('',*,*,#1502,.T.);
#602=ORIENTED_EDGE('',*,*,#1503,.F.);
#603=ORIENTED_EDGE('',*,*,#1504,.T.);
#604=ORIENTED_EDGE('',*,*,#1440,.T.);
#605=ORIENTED_EDGE('',*,*,#1505,.F.);
#606=ORIENTED_EDGE('',*,*,#1506,.F.);
#607=ORIENTED_EDGE('',*,*,#1507,.T.);
#608=ORIENTED_EDGE('',*,*,#1508,.F.);
#609=ORIENTED_EDGE('',*,*,#1509,.T.);
#610=ORIENTED_EDGE('',*,*,#1443,.T.);
#611=ORIENTED_EDGE('',*,*,#1510,.F.);
#612=ORIENTED_EDGE('',*,*,#1511,.F.);
#613=ORIENTED_EDGE('',*,*,#1512,.T.);
#614=ORIENTED_EDGE('',*,*,#1513,.F.);
#615=ORIENTED_EDGE('',*,*,#1514,.T.);
#616=ORIENTED_EDGE('',*,*,#1436,.T.);
#617=ORIENTED_EDGE('',*,*,#1515,.F.);
#618=ORIENTED_EDGE('',*,*,#1516,.F.);
#619=ORIENTED_EDGE('',*,*,#1517,.T.);
#620=ORIENTED_EDGE('',*,*,#1518,.F.);
#621=ORIENTED_EDGE('',*,*,#1519,.T.);
#622=ORIENTED_EDGE('',*,*,#1520,.T.);
#623=ORIENTED_EDGE('',*,*,#1521,.F.);
#624=ORIENTED_EDGE('',*,*,#1522,.F.);
#625=ORIENTED_EDGE('',*,*,#1523,.T.);
#626=ORIENTED_EDGE('',*,*,#1524,.F.);
#627=ORIENTED_EDGE('',*,*,#1525,.T.);
#628=ORIENTED_EDGE('',*,*,#1420,.T.);
#629=ORIENTED_EDGE('',*,*,#1526,.F.);
#630=ORIENTED_EDGE('',*,*,#1527,.F.);
#631=ORIENTED_EDGE('',*,*,#1528,.T.);
#632=ORIENTED_EDGE('',*,*,#1529,.F.);
#633=ORIENTED_EDGE('',*,*,#1530,.T.);
#634=ORIENTED_EDGE('',*,*,#1423,.T.);
#635=ORIENTED_EDGE('',*,*,#1531,.F.);
#636=ORIENTED_EDGE('',*,*,#1532,.F.);
#637=ORIENTED_EDGE('',*,*,#1533,.T.);
#638=ORIENTED_EDGE('',*,*,#1534,.F.);
#639=ORIENTED_EDGE('',*,*,#1535,.T.);
#640=ORIENTED_EDGE('',*,*,#1431,.T.);
#641=ORIENTED_EDGE('',*,*,#1536,.F.);
#642=ORIENTED_EDGE('',*,*,#1537,.F.);
#643=ORIENTED_EDGE('',*,*,#1538,.T.);
#644=ORIENTED_EDGE('',*,*,#1539,.F.);
#645=ORIENTED_EDGE('',*,*,#1540,.T.);
#646=ORIENTED_EDGE('',*,*,#1428,.T.);
#647=ORIENTED_EDGE('',*,*,#1541,.F.);
#648=ORIENTED_EDGE('',*,*,#1542,.F.);
#649=ORIENTED_EDGE('',*,*,#1543,.T.);
#650=ORIENTED_EDGE('',*,*,#1544,.F.);
#651=ORIENTED_EDGE('',*,*,#1545,.T.);
#652=ORIENTED_EDGE('',*,*,#1416,.T.);
#653=ORIENTED_EDGE('',*,*,#1546,.F.);
#654=ORIENTED_EDGE('',*,*,#1547,.F.);
#655=ORIENTED_EDGE('',*,*,#1548,.T.);
#656=ORIENTED_EDGE('',*,*,#1549,.F.);
#657=ORIENTED_EDGE('',*,*,#1550,.T.);
#658=ORIENTED_EDGE('',*,*,#1412,.T.);
#659=ORIENTED_EDGE('',*,*,#1551,.F.);
#660=ORIENTED_EDGE('',*,*,#1552,.F.);
#661=ORIENTED_EDGE('',*,*,#1553,.T.);
#662=ORIENTED_EDGE('',*,*,#1554,.F.);
#663=ORIENTED_EDGE('',*,*,#1555,.T.);
#664=ORIENTED_EDGE('',*,*,#1408,.T.);
#665=ORIENTED_EDGE('',*,*,#1556,.F.);
#666=ORIENTED_EDGE('',*,*,#1557,.F.);
#667=ORIENTED_EDGE('',*,*,#1558,.T.);
#668=ORIENTED_EDGE('',*,*,#1559,.F.);
#669=ORIENTED_EDGE('',*,*,#1560,.T.);
#670=ORIENTED_EDGE('',*,*,#1404,.T.);
#671=ORIENTED_EDGE('',*,*,#1561,.F.);
#672=ORIENTED_EDGE('',*,*,#1562,.F.);
#673=ORIENTED_EDGE('',*,*,#1563,.T.);
#674=ORIENTED_EDGE('',*,*,#1564,.F.);
#675=ORIENTED_EDGE('',*,*,#1565,.T.);
#676=ORIENTED_EDGE('',*,*,#1396,.T.);
#677=ORIENTED_EDGE('',*,*,#1566,.F.);
#678=ORIENTED_EDGE('',*,*,#1567,.F.);
#679=ORIENTED_EDGE('',*,*,#1568,.T.);
#680=ORIENTED_EDGE('',*,*,#1569,.F.);
#681=ORIENTED_EDGE('',*,*,#1570,.T.);
#682=ORIENTED_EDGE('',*,*,#1399,.T.);
#683=ORIENTED_EDGE('',*,*,#1571,.F.);
#684=ORIENTED_EDGE('',*,*,#1572,.F.);
#685=ORIENTED_EDGE('',*,*,#1573,.T.);
#686=ORIENTED_EDGE('',*,*,#1574,.F.);
#687=ORIENTED_EDGE('',*,*,#1575,.T.);
#688=ORIENTED_EDGE('',*,*,#1392,.T.);
#689=ORIENTED_EDGE('',*,*,#1576,.F.);
#690=ORIENTED_EDGE('',*,*,#1577,.F.);
#691=ORIENTED_EDGE('',*,*,#1578,.T.);
#692=ORIENTED_EDGE('',*,*,#1579,.F.);
#693=ORIENTED_EDGE('',*,*,#1580,.T.);
#694=ORIENTED_EDGE('',*,*,#1388,.T.);
#695=ORIENTED_EDGE('',*,*,#1581,.F.);
#696=ORIENTED_EDGE('',*,*,#1582,.F.);
#697=ORIENTED_EDGE('',*,*,#1583,.T.);
#698=ORIENTED_EDGE('',*,*,#1584,.F.);
#699=ORIENTED_EDGE('',*,*,#1585,.T.);
#700=ORIENTED_EDGE('',*,*,#1372,.T.);
#701=ORIENTED_EDGE('',*,*,#1586,.F.);
#702=ORIENTED_EDGE('',*,*,#1587,.F.);
#703=ORIENTED_EDGE('',*,*,#1588,.T.);
#704=ORIENTED_EDGE('',*,*,#1520,.F.);
#705=ORIENTED_EDGE('',*,*,#1589,.T.);
#706=ORIENTED_EDGE('',*,*,#1590,.T.);
#707=ORIENTED_EDGE('',*,*,#1591,.F.);
#708=ORIENTED_EDGE('',*,*,#1370,.T.);
#709=ORIENTED_EDGE('',*,*,#1592,.F.);
#710=ORIENTED_EDGE('',*,*,#1593,.T.);
#711=ORIENTED_EDGE('',*,*,#1374,.F.);
#712=ORIENTED_EDGE('',*,*,#1594,.F.);
#713=ORIENTED_EDGE('',*,*,#1595,.F.);
#714=ORIENTED_EDGE('',*,*,#1596,.F.);
#715=ORIENTED_EDGE('',*,*,#1597,.F.);
#716=ORIENTED_EDGE('',*,*,#1598,.T.);
#717=ORIENTED_EDGE('',*,*,#1390,.F.);
#718=ORIENTED_EDGE('',*,*,#1599,.F.);
#719=ORIENTED_EDGE('',*,*,#1600,.F.);
#720=ORIENTED_EDGE('',*,*,#1601,.F.);
#721=ORIENTED_EDGE('',*,*,#1602,.F.);
#722=ORIENTED_EDGE('',*,*,#1603,.T.);
#723=ORIENTED_EDGE('',*,*,#1394,.F.);
#724=ORIENTED_EDGE('',*,*,#1604,.F.);
#725=ORIENTED_EDGE('',*,*,#1605,.F.);
#726=ORIENTED_EDGE('',*,*,#1606,.F.);
#727=ORIENTED_EDGE('',*,*,#1607,.F.);
#728=ORIENTED_EDGE('',*,*,#1608,.T.);
#729=ORIENTED_EDGE('',*,*,#1401,.F.);
#730=ORIENTED_EDGE('',*,*,#1609,.F.);
#731=ORIENTED_EDGE('',*,*,#1610,.F.);
#732=ORIENTED_EDGE('',*,*,#1611,.F.);
#733=ORIENTED_EDGE('',*,*,#1612,.F.);
#734=ORIENTED_EDGE('',*,*,#1613,.T.);
#735=ORIENTED_EDGE('',*,*,#1398,.F.);
#736=ORIENTED_EDGE('',*,*,#1614,.F.);
#737=ORIENTED_EDGE('',*,*,#1615,.F.);
#738=ORIENTED_EDGE('',*,*,#1616,.F.);
#739=ORIENTED_EDGE('',*,*,#1617,.F.);
#740=ORIENTED_EDGE('',*,*,#1618,.T.);
#741=ORIENTED_EDGE('',*,*,#1406,.F.);
#742=ORIENTED_EDGE('',*,*,#1619,.F.);
#743=ORIENTED_EDGE('',*,*,#1620,.F.);
#744=ORIENTED_EDGE('',*,*,#1621,.F.);
#745=ORIENTED_EDGE('',*,*,#1622,.F.);
#746=ORIENTED_EDGE('',*,*,#1623,.T.);
#747=ORIENTED_EDGE('',*,*,#1410,.F.);
#748=ORIENTED_EDGE('',*,*,#1624,.F.);
#749=ORIENTED_EDGE('',*,*,#1625,.F.);
#750=ORIENTED_EDGE('',*,*,#1626,.F.);
#751=ORIENTED_EDGE('',*,*,#1627,.F.);
#752=ORIENTED_EDGE('',*,*,#1628,.T.);
#753=ORIENTED_EDGE('',*,*,#1414,.F.);
#754=ORIENTED_EDGE('',*,*,#1629,.F.);
#755=ORIENTED_EDGE('',*,*,#1630,.F.);
#756=ORIENTED_EDGE('',*,*,#1631,.F.);
#757=ORIENTED_EDGE('',*,*,#1632,.F.);
#758=ORIENTED_EDGE('',*,*,#1633,.T.);
#759=ORIENTED_EDGE('',*,*,#1418,.F.);
#760=ORIENTED_EDGE('',*,*,#1634,.F.);
#761=ORIENTED_EDGE('',*,*,#1635,.F.);
#762=ORIENTED_EDGE('',*,*,#1636,.F.);
#763=ORIENTED_EDGE('',*,*,#1637,.F.);
#764=ORIENTED_EDGE('',*,*,#1638,.T.);
#765=ORIENTED_EDGE('',*,*,#1430,.F.);
#766=ORIENTED_EDGE('',*,*,#1639,.F.);
#767=ORIENTED_EDGE('',*,*,#1640,.F.);
#768=ORIENTED_EDGE('',*,*,#1641,.F.);
#769=ORIENTED_EDGE('',*,*,#1642,.F.);
#770=ORIENTED_EDGE('',*,*,#1643,.T.);
#771=ORIENTED_EDGE('',*,*,#1433,.F.);
#772=ORIENTED_EDGE('',*,*,#1644,.F.);
#773=ORIENTED_EDGE('',*,*,#1645,.F.);
#774=ORIENTED_EDGE('',*,*,#1646,.F.);
#775=ORIENTED_EDGE('',*,*,#1647,.F.);
#776=ORIENTED_EDGE('',*,*,#1648,.T.);
#777=ORIENTED_EDGE('',*,*,#1425,.F.);
#778=ORIENTED_EDGE('',*,*,#1649,.F.);
#779=ORIENTED_EDGE('',*,*,#1650,.F.);
#780=ORIENTED_EDGE('',*,*,#1651,.F.);
#781=ORIENTED_EDGE('',*,*,#1652,.F.);
#782=ORIENTED_EDGE('',*,*,#1653,.T.);
#783=ORIENTED_EDGE('',*,*,#1422,.F.);
#784=ORIENTED_EDGE('',*,*,#1654,.F.);
#785=ORIENTED_EDGE('',*,*,#1655,.F.);
#786=ORIENTED_EDGE('',*,*,#1656,.F.);
#787=ORIENTED_EDGE('',*,*,#1657,.F.);
#788=ORIENTED_EDGE('',*,*,#1658,.T.);
#789=ORIENTED_EDGE('',*,*,#1590,.F.);
#790=ORIENTED_EDGE('',*,*,#1659,.F.);
#791=ORIENTED_EDGE('',*,*,#1660,.F.);
#792=ORIENTED_EDGE('',*,*,#1661,.F.);
#793=ORIENTED_EDGE('',*,*,#1662,.F.);
#794=ORIENTED_EDGE('',*,*,#1663,.T.);
#795=ORIENTED_EDGE('',*,*,#1438,.F.);
#796=ORIENTED_EDGE('',*,*,#1664,.F.);
#797=ORIENTED_EDGE('',*,*,#1665,.F.);
#798=ORIENTED_EDGE('',*,*,#1666,.F.);
#799=ORIENTED_EDGE('',*,*,#1667,.F.);
#800=ORIENTED_EDGE('',*,*,#1668,.T.);
#801=ORIENTED_EDGE('',*,*,#1445,.F.);
#802=ORIENTED_EDGE('',*,*,#1669,.F.);
#803=ORIENTED_EDGE('',*,*,#1670,.F.);
#804=ORIENTED_EDGE('',*,*,#1671,.F.);
#805=ORIENTED_EDGE('',*,*,#1672,.F.);
#806=ORIENTED_EDGE('',*,*,#1673,.T.);
#807=ORIENTED_EDGE('',*,*,#1442,.F.);
#808=ORIENTED_EDGE('',*,*,#1674,.F.);
#809=ORIENTED_EDGE('',*,*,#1675,.F.);
#810=ORIENTED_EDGE('',*,*,#1676,.F.);
#811=ORIENTED_EDGE('',*,*,#1677,.F.);
#812=ORIENTED_EDGE('',*,*,#1678,.T.);
#813=ORIENTED_EDGE('',*,*,#1450,.F.);
#814=ORIENTED_EDGE('',*,*,#1679,.F.);
#815=ORIENTED_EDGE('',*,*,#1680,.F.);
#816=ORIENTED_EDGE('',*,*,#1681,.F.);
#817=ORIENTED_EDGE('',*,*,#1682,.F.);
#818=ORIENTED_EDGE('',*,*,#1683,.T.);
#819=ORIENTED_EDGE('',*,*,#1454,.F.);
#820=ORIENTED_EDGE('',*,*,#1684,.F.);
#821=ORIENTED_EDGE('',*,*,#1685,.F.);
#822=ORIENTED_EDGE('',*,*,#1686,.F.);
#823=ORIENTED_EDGE('',*,*,#1687,.F.);
#824=ORIENTED_EDGE('',*,*,#1688,.T.);
#825=ORIENTED_EDGE('',*,*,#1458,.F.);
#826=ORIENTED_EDGE('',*,*,#1689,.F.);
#827=ORIENTED_EDGE('',*,*,#1690,.F.);
#828=ORIENTED_EDGE('',*,*,#1691,.F.);
#829=ORIENTED_EDGE('',*,*,#1692,.F.);
#830=ORIENTED_EDGE('',*,*,#1693,.T.);
#831=ORIENTED_EDGE('',*,*,#1461,.F.);
#832=ORIENTED_EDGE('',*,*,#1694,.F.);
#833=ORIENTED_EDGE('',*,*,#1695,.F.);
#834=ORIENTED_EDGE('',*,*,#1696,.F.);
#835=ORIENTED_EDGE('',*,*,#1697,.F.);
#836=ORIENTED_EDGE('',*,*,#1698,.T.);
#837=ORIENTED_EDGE('',*,*,#1382,.F.);
#838=ORIENTED_EDGE('',*,*,#1699,.F.);
#839=ORIENTED_EDGE('',*,*,#1700,.F.);
#840=ORIENTED_EDGE('',*,*,#1701,.F.);
#841=ORIENTED_EDGE('',*,*,#1702,.F.);
#842=ORIENTED_EDGE('',*,*,#1703,.T.);
#843=ORIENTED_EDGE('',*,*,#1385,.F.);
#844=ORIENTED_EDGE('',*,*,#1704,.F.);
#845=ORIENTED_EDGE('',*,*,#1705,.F.);
#846=ORIENTED_EDGE('',*,*,#1706,.F.);
#847=ORIENTED_EDGE('',*,*,#1707,.F.);
#848=ORIENTED_EDGE('',*,*,#1708,.T.);
#849=ORIENTED_EDGE('',*,*,#1377,.F.);
#850=ORIENTED_EDGE('',*,*,#1709,.F.);
#851=ORIENTED_EDGE('',*,*,#1710,.F.);
#852=ORIENTED_EDGE('',*,*,#1711,.F.);
#853=ORIENTED_EDGE('',*,*,#1521,.T.);
#854=ORIENTED_EDGE('',*,*,#1591,.T.);
#855=ORIENTED_EDGE('',*,*,#1658,.F.);
#856=ORIENTED_EDGE('',*,*,#1712,.F.);
#857=ORIENTED_EDGE('',*,*,#1654,.T.);
#858=ORIENTED_EDGE('',*,*,#1421,.F.);
#859=ORIENTED_EDGE('',*,*,#1525,.F.);
#860=ORIENTED_EDGE('',*,*,#1713,.F.);
#861=ORIENTED_EDGE('',*,*,#1656,.T.);
#862=ORIENTED_EDGE('',*,*,#1714,.F.);
#863=ORIENTED_EDGE('',*,*,#1523,.F.);
#864=ORIENTED_EDGE('',*,*,#1715,.F.);
#865=ORIENTED_EDGE('',*,*,#1522,.T.);
#866=ORIENTED_EDGE('',*,*,#1712,.T.);
#867=ORIENTED_EDGE('',*,*,#1657,.T.);
#868=ORIENTED_EDGE('',*,*,#1715,.T.);
#869=ORIENTED_EDGE('',*,*,#1524,.T.);
#870=ORIENTED_EDGE('',*,*,#1714,.T.);
#871=ORIENTED_EDGE('',*,*,#1655,.T.);
#872=ORIENTED_EDGE('',*,*,#1713,.T.);
#873=ORIENTED_EDGE('',*,*,#1485,.T.);
#874=ORIENTED_EDGE('',*,*,#1462,.T.);
#875=ORIENTED_EDGE('',*,*,#1693,.F.);
#876=ORIENTED_EDGE('',*,*,#1716,.F.);
#877=ORIENTED_EDGE('',*,*,#1689,.T.);
#878=ORIENTED_EDGE('',*,*,#1457,.F.);
#879=ORIENTED_EDGE('',*,*,#1489,.F.);
#880=ORIENTED_EDGE('',*,*,#1717,.F.);
#881=ORIENTED_EDGE('',*,*,#1691,.T.);
#882=ORIENTED_EDGE('',*,*,#1718,.F.);
#883=ORIENTED_EDGE('',*,*,#1487,.F.);
#884=ORIENTED_EDGE('',*,*,#1719,.F.);
#885=ORIENTED_EDGE('',*,*,#1486,.T.);
#886=ORIENTED_EDGE('',*,*,#1716,.T.);
#887=ORIENTED_EDGE('',*,*,#1692,.T.);
#888=ORIENTED_EDGE('',*,*,#1719,.T.);
#889=ORIENTED_EDGE('',*,*,#1488,.T.);
#890=ORIENTED_EDGE('',*,*,#1718,.T.);
#891=ORIENTED_EDGE('',*,*,#1690,.T.);
#892=ORIENTED_EDGE('',*,*,#1717,.T.);
#893=ORIENTED_EDGE('',*,*,#1490,.T.);
#894=ORIENTED_EDGE('',*,*,#1455,.T.);
#895=ORIENTED_EDGE('',*,*,#1688,.F.);
#896=ORIENTED_EDGE('',*,*,#1720,.F.);
#897=ORIENTED_EDGE('',*,*,#1684,.T.);
#898=ORIENTED_EDGE('',*,*,#1453,.F.);
#899=ORIENTED_EDGE('',*,*,#1494,.F.);
#900=ORIENTED_EDGE('',*,*,#1721,.F.);
#901=ORIENTED_EDGE('',*,*,#1686,.T.);
#902=ORIENTED_EDGE('',*,*,#1722,.F.);
#903=ORIENTED_EDGE('',*,*,#1492,.F.);
#904=ORIENTED_EDGE('',*,*,#1723,.F.);
#905=ORIENTED_EDGE('',*,*,#1491,.T.);
#906=ORIENTED_EDGE('',*,*,#1720,.T.);
#907=ORIENTED_EDGE('',*,*,#1687,.T.);
#908=ORIENTED_EDGE('',*,*,#1723,.T.);
#909=ORIENTED_EDGE('',*,*,#1493,.T.);
#910=ORIENTED_EDGE('',*,*,#1722,.T.);
#911=ORIENTED_EDGE('',*,*,#1685,.T.);
#912=ORIENTED_EDGE('',*,*,#1721,.T.);
#913=ORIENTED_EDGE('',*,*,#1495,.T.);
#914=ORIENTED_EDGE('',*,*,#1451,.T.);
#915=ORIENTED_EDGE('',*,*,#1683,.F.);
#916=ORIENTED_EDGE('',*,*,#1724,.F.);
#917=ORIENTED_EDGE('',*,*,#1679,.T.);
#918=ORIENTED_EDGE('',*,*,#1449,.F.);
#919=ORIENTED_EDGE('',*,*,#1499,.F.);
#920=ORIENTED_EDGE('',*,*,#1725,.F.);
#921=ORIENTED_EDGE('',*,*,#1681,.T.);
#922=ORIENTED_EDGE('',*,*,#1726,.F.);
#923=ORIENTED_EDGE('',*,*,#1497,.F.);
#924=ORIENTED_EDGE('',*,*,#1727,.F.);
#925=ORIENTED_EDGE('',*,*,#1496,.T.);
#926=ORIENTED_EDGE('',*,*,#1724,.T.);
#927=ORIENTED_EDGE('',*,*,#1682,.T.);
#928=ORIENTED_EDGE('',*,*,#1727,.T.);
#929=ORIENTED_EDGE('',*,*,#1498,.T.);
#930=ORIENTED_EDGE('',*,*,#1726,.T.);
#931=ORIENTED_EDGE('',*,*,#1680,.T.);
#932=ORIENTED_EDGE('',*,*,#1725,.T.);
#933=ORIENTED_EDGE('',*,*,#1500,.T.);
#934=ORIENTED_EDGE('',*,*,#1447,.T.);
#935=ORIENTED_EDGE('',*,*,#1678,.F.);
#936=ORIENTED_EDGE('',*,*,#1728,.F.);
#937=ORIENTED_EDGE('',*,*,#1674,.T.);
#938=ORIENTED_EDGE('',*,*,#1441,.F.);
#939=ORIENTED_EDGE('',*,*,#1504,.F.);
#940=ORIENTED_EDGE('',*,*,#1729,.F.);
#941=ORIENTED_EDGE('',*,*,#1676,.T.);
#942=ORIENTED_EDGE('',*,*,#1730,.F.);
#943=ORIENTED_EDGE('',*,*,#1502,.F.);
#944=ORIENTED_EDGE('',*,*,#1731,.F.);
#945=ORIENTED_EDGE('',*,*,#1501,.T.);
#946=ORIENTED_EDGE('',*,*,#1728,.T.);
#947=ORIENTED_EDGE('',*,*,#1677,.T.);
#948=ORIENTED_EDGE('',*,*,#1731,.T.);
#949=ORIENTED_EDGE('',*,*,#1503,.T.);
#950=ORIENTED_EDGE('',*,*,#1730,.T.);
#951=ORIENTED_EDGE('',*,*,#1675,.T.);
#952=ORIENTED_EDGE('',*,*,#1729,.T.);
#953=ORIENTED_EDGE('',*,*,#1510,.T.);
#954=ORIENTED_EDGE('',*,*,#1446,.T.);
#955=ORIENTED_EDGE('',*,*,#1668,.F.);
#956=ORIENTED_EDGE('',*,*,#1732,.F.);
#957=ORIENTED_EDGE('',*,*,#1664,.T.);
#958=ORIENTED_EDGE('',*,*,#1437,.F.);
#959=ORIENTED_EDGE('',*,*,#1514,.F.);
#960=ORIENTED_EDGE('',*,*,#1733,.F.);
#961=ORIENTED_EDGE('',*,*,#1666,.T.);
#962=ORIENTED_EDGE('',*,*,#1734,.F.);
#963=ORIENTED_EDGE('',*,*,#1512,.F.);
#964=ORIENTED_EDGE('',*,*,#1735,.F.);
#965=ORIENTED_EDGE('',*,*,#1511,.T.);
#966=ORIENTED_EDGE('',*,*,#1732,.T.);
#967=ORIENTED_EDGE('',*,*,#1667,.T.);
#968=ORIENTED_EDGE('',*,*,#1735,.T.);
#969=ORIENTED_EDGE('',*,*,#1513,.T.);
#970=ORIENTED_EDGE('',*,*,#1734,.T.);
#971=ORIENTED_EDGE('',*,*,#1665,.T.);
#972=ORIENTED_EDGE('',*,*,#1733,.T.);
#973=ORIENTED_EDGE('',*,*,#1505,.T.);
#974=ORIENTED_EDGE('',*,*,#1439,.T.);
#975=ORIENTED_EDGE('',*,*,#1673,.F.);
#976=ORIENTED_EDGE('',*,*,#1736,.F.);
#977=ORIENTED_EDGE('',*,*,#1669,.T.);
#978=ORIENTED_EDGE('',*,*,#1444,.F.);
#979=ORIENTED_EDGE('',*,*,#1509,.F.);
#980=ORIENTED_EDGE('',*,*,#1737,.F.);
#981=ORIENTED_EDGE('',*,*,#1671,.T.);
#982=ORIENTED_EDGE('',*,*,#1738,.F.);
#983=ORIENTED_EDGE('',*,*,#1507,.F.);
#984=ORIENTED_EDGE('',*,*,#1739,.F.);
#985=ORIENTED_EDGE('',*,*,#1506,.T.);
#986=ORIENTED_EDGE('',*,*,#1736,.T.);
#987=ORIENTED_EDGE('',*,*,#1672,.T.);
#988=ORIENTED_EDGE('',*,*,#1739,.T.);
#989=ORIENTED_EDGE('',*,*,#1508,.T.);
#990=ORIENTED_EDGE('',*,*,#1738,.T.);
#991=ORIENTED_EDGE('',*,*,#1670,.T.);
#992=ORIENTED_EDGE('',*,*,#1737,.T.);
#993=ORIENTED_EDGE('',*,*,#1515,.T.);
#994=ORIENTED_EDGE('',*,*,#1435,.T.);
#995=ORIENTED_EDGE('',*,*,#1663,.F.);
#996=ORIENTED_EDGE('',*,*,#1740,.F.);
#997=ORIENTED_EDGE('',*,*,#1659,.T.);
#998=ORIENTED_EDGE('',*,*,#1589,.F.);
#999=ORIENTED_EDGE('',*,*,#1519,.F.);
#1000=ORIENTED_EDGE('',*,*,#1741,.F.);
#1001=ORIENTED_EDGE('',*,*,#1661,.T.);
#1002=ORIENTED_EDGE('',*,*,#1742,.F.);
#1003=ORIENTED_EDGE('',*,*,#1517,.F.);
#1004=ORIENTED_EDGE('',*,*,#1743,.F.);
#1005=ORIENTED_EDGE('',*,*,#1516,.T.);
#1006=ORIENTED_EDGE('',*,*,#1740,.T.);
#1007=ORIENTED_EDGE('',*,*,#1662,.T.);
#1008=ORIENTED_EDGE('',*,*,#1743,.T.);
#1009=ORIENTED_EDGE('',*,*,#1518,.T.);
#1010=ORIENTED_EDGE('',*,*,#1742,.T.);
#1011=ORIENTED_EDGE('',*,*,#1660,.T.);
#1012=ORIENTED_EDGE('',*,*,#1741,.T.);
#1013=ORIENTED_EDGE('',*,*,#1536,.T.);
#1014=ORIENTED_EDGE('',*,*,#1434,.T.);
#1015=ORIENTED_EDGE('',*,*,#1643,.F.);
#1016=ORIENTED_EDGE('',*,*,#1744,.F.);
#1017=ORIENTED_EDGE('',*,*,#1639,.T.);
#1018=ORIENTED_EDGE('',*,*,#1429,.F.);
#1019=ORIENTED_EDGE('',*,*,#1540,.F.);
#1020=ORIENTED_EDGE('',*,*,#1745,.F.);
#1021=ORIENTED_EDGE('',*,*,#1641,.T.);
#1022=ORIENTED_EDGE('',*,*,#1746,.F.);
#1023=ORIENTED_EDGE('',*,*,#1538,.F.);
#1024=ORIENTED_EDGE('',*,*,#1747,.F.);
#1025=ORIENTED_EDGE('',*,*,#1537,.T.);
#1026=ORIENTED_EDGE('',*,*,#1744,.T.);
#1027=ORIENTED_EDGE('',*,*,#1642,.T.);
#1028=ORIENTED_EDGE('',*,*,#1747,.T.);
#1029=ORIENTED_EDGE('',*,*,#1539,.T.);
#1030=ORIENTED_EDGE('',*,*,#1746,.T.);
#1031=ORIENTED_EDGE('',*,*,#1640,.T.);
#1032=ORIENTED_EDGE('',*,*,#1745,.T.);
#1033=ORIENTED_EDGE('',*,*,#1541,.T.);
#1034=ORIENTED_EDGE('',*,*,#1427,.T.);
#1035=ORIENTED_EDGE('',*,*,#1638,.F.);
#1036=ORIENTED_EDGE('',*,*,#1748,.F.);
#1037=ORIENTED_EDGE('',*,*,#1634,.T.);
#1038=ORIENTED_EDGE('',*,*,#1417,.F.);
#1039=ORIENTED_EDGE('',*,*,#1545,.F.);
#1040=ORIENTED_EDGE('',*,*,#1749,.F.);
#1041=ORIENTED_EDGE('',*,*,#1636,.T.);
#1042=ORIENTED_EDGE('',*,*,#1750,.F.);
#1043=ORIENTED_EDGE('',*,*,#1543,.F.);
#1044=ORIENTED_EDGE('',*,*,#1751,.F.);
#1045=ORIENTED_EDGE('',*,*,#1542,.T.);
#1046=ORIENTED_EDGE('',*,*,#1748,.T.);
#1047=ORIENTED_EDGE('',*,*,#1637,.T.);
#1048=ORIENTED_EDGE('',*,*,#1751,.T.);
#1049=ORIENTED_EDGE('',*,*,#1544,.T.);
#1050=ORIENTED_EDGE('',*,*,#1750,.T.);
#1051=ORIENTED_EDGE('',*,*,#1635,.T.);
#1052=ORIENTED_EDGE('',*,*,#1749,.T.);
#1053=ORIENTED_EDGE('',*,*,#1531,.T.);
#1054=ORIENTED_EDGE('',*,*,#1426,.T.);
#1055=ORIENTED_EDGE('',*,*,#1648,.F.);
#1056=ORIENTED_EDGE('',*,*,#1752,.F.);
#1057=ORIENTED_EDGE('',*,*,#1644,.T.);
#1058=ORIENTED_EDGE('',*,*,#1432,.F.);
#1059=ORIENTED_EDGE('',*,*,#1535,.F.);
#1060=ORIENTED_EDGE('',*,*,#1753,.F.);
#1061=ORIENTED_EDGE('',*,*,#1646,.T.);
#1062=ORIENTED_EDGE('',*,*,#1754,.F.);
#1063=ORIENTED_EDGE('',*,*,#1533,.F.);
#1064=ORIENTED_EDGE('',*,*,#1755,.F.);
#1065=ORIENTED_EDGE('',*,*,#1532,.T.);
#1066=ORIENTED_EDGE('',*,*,#1752,.T.);
#1067=ORIENTED_EDGE('',*,*,#1647,.T.);
#1068=ORIENTED_EDGE('',*,*,#1755,.T.);
#1069=ORIENTED_EDGE('',*,*,#1534,.T.);
#1070=ORIENTED_EDGE('',*,*,#1754,.T.);
#1071=ORIENTED_EDGE('',*,*,#1645,.T.);
#1072=ORIENTED_EDGE('',*,*,#1753,.T.);
#1073=ORIENTED_EDGE('',*,*,#1526,.T.);
#1074=ORIENTED_EDGE('',*,*,#1419,.T.);
#1075=ORIENTED_EDGE('',*,*,#1653,.F.);
#1076=ORIENTED_EDGE('',*,*,#1756,.F.);
#1077=ORIENTED_EDGE('',*,*,#1649,.T.);
#1078=ORIENTED_EDGE('',*,*,#1424,.F.);
#1079=ORIENTED_EDGE('',*,*,#1530,.F.);
#1080=ORIENTED_EDGE('',*,*,#1757,.F.);
#1081=ORIENTED_EDGE('',*,*,#1651,.T.);
#1082=ORIENTED_EDGE('',*,*,#1758,.F.);
#1083=ORIENTED_EDGE('',*,*,#1528,.F.);
#1084=ORIENTED_EDGE('',*,*,#1759,.F.);
#1085=ORIENTED_EDGE('',*,*,#1527,.T.);
#1086=ORIENTED_EDGE('',*,*,#1756,.T.);
#1087=ORIENTED_EDGE('',*,*,#1652,.T.);
#1088=ORIENTED_EDGE('',*,*,#1759,.T.);
#1089=ORIENTED_EDGE('',*,*,#1529,.T.);
#1090=ORIENTED_EDGE('',*,*,#1758,.T.);
#1091=ORIENTED_EDGE('',*,*,#1650,.T.);
#1092=ORIENTED_EDGE('',*,*,#1757,.T.);
#1093=ORIENTED_EDGE('',*,*,#1546,.T.);
#1094=ORIENTED_EDGE('',*,*,#1415,.T.);
#1095=ORIENTED_EDGE('',*,*,#1633,.F.);
#1096=ORIENTED_EDGE('',*,*,#1760,.F.);
#1097=ORIENTED_EDGE('',*,*,#1629,.T.);
#1098=ORIENTED_EDGE('',*,*,#1413,.F.);
#1099=ORIENTED_EDGE('',*,*,#1550,.F.);
#1100=ORIENTED_EDGE('',*,*,#1761,.F.);
#1101=ORIENTED_EDGE('',*,*,#1631,.T.);
#1102=ORIENTED_EDGE('',*,*,#1762,.F.);
#1103=ORIENTED_EDGE('',*,*,#1548,.F.);
#1104=ORIENTED_EDGE('',*,*,#1763,.F.);
#1105=ORIENTED_EDGE('',*,*,#1547,.T.);
#1106=ORIENTED_EDGE('',*,*,#1760,.T.);
#1107=ORIENTED_EDGE('',*,*,#1632,.T.);
#1108=ORIENTED_EDGE('',*,*,#1763,.T.);
#1109=ORIENTED_EDGE('',*,*,#1549,.T.);
#1110=ORIENTED_EDGE('',*,*,#1762,.T.);
#1111=ORIENTED_EDGE('',*,*,#1630,.T.);
#1112=ORIENTED_EDGE('',*,*,#1761,.T.);
#1113=ORIENTED_EDGE('',*,*,#1551,.T.);
#1114=ORIENTED_EDGE('',*,*,#1411,.T.);
#1115=ORIENTED_EDGE('',*,*,#1628,.F.);
#1116=ORIENTED_EDGE('',*,*,#1764,.F.);
#1117=ORIENTED_EDGE('',*,*,#1624,.T.);
#1118=ORIENTED_EDGE('',*,*,#1409,.F.);
#1119=ORIENTED_EDGE('',*,*,#1555,.F.);
#1120=ORIENTED_EDGE('',*,*,#1765,.F.);
#1121=ORIENTED_EDGE('',*,*,#1626,.T.);
#1122=ORIENTED_EDGE('',*,*,#1766,.F.);
#1123=ORIENTED_EDGE('',*,*,#1553,.F.);
#1124=ORIENTED_EDGE('',*,*,#1767,.F.);
#1125=ORIENTED_EDGE('',*,*,#1552,.T.);
#1126=ORIENTED_EDGE('',*,*,#1764,.T.);
#1127=ORIENTED_EDGE('',*,*,#1627,.T.);
#1128=ORIENTED_EDGE('',*,*,#1767,.T.);
#1129=ORIENTED_EDGE('',*,*,#1554,.T.);
#1130=ORIENTED_EDGE('',*,*,#1766,.T.);
#1131=ORIENTED_EDGE('',*,*,#1625,.T.);
#1132=ORIENTED_EDGE('',*,*,#1765,.T.);
#1133=ORIENTED_EDGE('',*,*,#1556,.T.);
#1134=ORIENTED_EDGE('',*,*,#1407,.T.);
#1135=ORIENTED_EDGE('',*,*,#1623,.F.);
#1136=ORIENTED_EDGE('',*,*,#1768,.F.);
#1137=ORIENTED_EDGE('',*,*,#1619,.T.);
#1138=ORIENTED_EDGE('',*,*,#1405,.F.);
#1139=ORIENTED_EDGE('',*,*,#1560,.F.);
#1140=ORIENTED_EDGE('',*,*,#1769,.F.);
#1141=ORIENTED_EDGE('',*,*,#1621,.T.);
#1142=ORIENTED_EDGE('',*,*,#1770,.F.);
#1143=ORIENTED_EDGE('',*,*,#1558,.F.);
#1144=ORIENTED_EDGE('',*,*,#1771,.F.);
#1145=ORIENTED_EDGE('',*,*,#1557,.T.);
#1146=ORIENTED_EDGE('',*,*,#1768,.T.);
#1147=ORIENTED_EDGE('',*,*,#1622,.T.);
#1148=ORIENTED_EDGE('',*,*,#1771,.T.);
#1149=ORIENTED_EDGE('',*,*,#1559,.T.);
#1150=ORIENTED_EDGE('',*,*,#1770,.T.);
#1151=ORIENTED_EDGE('',*,*,#1620,.T.);
#1152=ORIENTED_EDGE('',*,*,#1769,.T.);
#1153=ORIENTED_EDGE('',*,*,#1561,.T.);
#1154=ORIENTED_EDGE('',*,*,#1403,.T.);
#1155=ORIENTED_EDGE('',*,*,#1618,.F.);
#1156=ORIENTED_EDGE('',*,*,#1772,.F.);
#1157=ORIENTED_EDGE('',*,*,#1614,.T.);
#1158=ORIENTED_EDGE('',*,*,#1397,.F.);
#1159=ORIENTED_EDGE('',*,*,#1565,.F.);
#1160=ORIENTED_EDGE('',*,*,#1773,.F.);
#1161=ORIENTED_EDGE('',*,*,#1616,.T.);
#1162=ORIENTED_EDGE('',*,*,#1774,.F.);
#1163=ORIENTED_EDGE('',*,*,#1563,.F.);
#1164=ORIENTED_EDGE('',*,*,#1775,.F.);
#1165=ORIENTED_EDGE('',*,*,#1562,.T.);
#1166=ORIENTED_EDGE('',*,*,#1772,.T.);
#1167=ORIENTED_EDGE('',*,*,#1617,.T.);
#1168=ORIENTED_EDGE('',*,*,#1775,.T.);
#1169=ORIENTED_EDGE('',*,*,#1564,.T.);
#1170=ORIENTED_EDGE('',*,*,#1774,.T.);
#1171=ORIENTED_EDGE('',*,*,#1615,.T.);
#1172=ORIENTED_EDGE('',*,*,#1773,.T.);
#1173=ORIENTED_EDGE('',*,*,#1571,.T.);
#1174=ORIENTED_EDGE('',*,*,#1402,.T.);
#1175=ORIENTED_EDGE('',*,*,#1608,.F.);
#1176=ORIENTED_EDGE('',*,*,#1776,.F.);
#1177=ORIENTED_EDGE('',*,*,#1604,.T.);
#1178=ORIENTED_EDGE('',*,*,#1393,.F.);
#1179=ORIENTED_EDGE('',*,*,#1575,.F.);
#1180=ORIENTED_EDGE('',*,*,#1777,.F.);
#1181=ORIENTED_EDGE('',*,*,#1606,.T.);
#1182=ORIENTED_EDGE('',*,*,#1778,.F.);
#1183=ORIENTED_EDGE('',*,*,#1573,.F.);
#1184=ORIENTED_EDGE('',*,*,#1779,.F.);
#1185=ORIENTED_EDGE('',*,*,#1572,.T.);
#1186=ORIENTED_EDGE('',*,*,#1776,.T.);
#1187=ORIENTED_EDGE('',*,*,#1607,.T.);
#1188=ORIENTED_EDGE('',*,*,#1779,.T.);
#1189=ORIENTED_EDGE('',*,*,#1574,.T.);
#1190=ORIENTED_EDGE('',*,*,#1778,.T.);
#1191=ORIENTED_EDGE('',*,*,#1605,.T.);
#1192=ORIENTED_EDGE('',*,*,#1777,.T.);
#1193=ORIENTED_EDGE('',*,*,#1566,.T.);
#1194=ORIENTED_EDGE('',*,*,#1395,.T.);
#1195=ORIENTED_EDGE('',*,*,#1613,.F.);
#1196=ORIENTED_EDGE('',*,*,#1780,.F.);
#1197=ORIENTED_EDGE('',*,*,#1609,.T.);
#1198=ORIENTED_EDGE('',*,*,#1400,.F.);
#1199=ORIENTED_EDGE('',*,*,#1570,.F.);
#1200=ORIENTED_EDGE('',*,*,#1781,.F.);
#1201=ORIENTED_EDGE('',*,*,#1611,.T.);
#1202=ORIENTED_EDGE('',*,*,#1782,.F.);
#1203=ORIENTED_EDGE('',*,*,#1568,.F.);
#1204=ORIENTED_EDGE('',*,*,#1783,.F.);
#1205=ORIENTED_EDGE('',*,*,#1567,.T.);
#1206=ORIENTED_EDGE('',*,*,#1780,.T.);
#1207=ORIENTED_EDGE('',*,*,#1612,.T.);
#1208=ORIENTED_EDGE('',*,*,#1783,.T.);
#1209=ORIENTED_EDGE('',*,*,#1569,.T.);
#1210=ORIENTED_EDGE('',*,*,#1782,.T.);
#1211=ORIENTED_EDGE('',*,*,#1610,.T.);
#1212=ORIENTED_EDGE('',*,*,#1781,.T.);
#1213=ORIENTED_EDGE('',*,*,#1576,.T.);
#1214=ORIENTED_EDGE('',*,*,#1391,.T.);
#1215=ORIENTED_EDGE('',*,*,#1603,.F.);
#1216=ORIENTED_EDGE('',*,*,#1784,.F.);
#1217=ORIENTED_EDGE('',*,*,#1599,.T.);
#1218=ORIENTED_EDGE('',*,*,#1389,.F.);
#1219=ORIENTED_EDGE('',*,*,#1580,.F.);
#1220=ORIENTED_EDGE('',*,*,#1785,.F.);
#1221=ORIENTED_EDGE('',*,*,#1601,.T.);
#1222=ORIENTED_EDGE('',*,*,#1786,.F.);
#1223=ORIENTED_EDGE('',*,*,#1578,.F.);
#1224=ORIENTED_EDGE('',*,*,#1787,.F.);
#1225=ORIENTED_EDGE('',*,*,#1577,.T.);
#1226=ORIENTED_EDGE('',*,*,#1784,.T.);
#1227=ORIENTED_EDGE('',*,*,#1602,.T.);
#1228=ORIENTED_EDGE('',*,*,#1787,.T.);
#1229=ORIENTED_EDGE('',*,*,#1579,.T.);
#1230=ORIENTED_EDGE('',*,*,#1786,.T.);
#1231=ORIENTED_EDGE('',*,*,#1600,.T.);
#1232=ORIENTED_EDGE('',*,*,#1785,.T.);
#1233=ORIENTED_EDGE('',*,*,#1581,.T.);
#1234=ORIENTED_EDGE('',*,*,#1387,.T.);
#1235=ORIENTED_EDGE('',*,*,#1598,.F.);
#1236=ORIENTED_EDGE('',*,*,#1788,.F.);
#1237=ORIENTED_EDGE('',*,*,#1594,.T.);
#1238=ORIENTED_EDGE('',*,*,#1373,.F.);
#1239=ORIENTED_EDGE('',*,*,#1585,.F.);
#1240=ORIENTED_EDGE('',*,*,#1789,.F.);
#1241=ORIENTED_EDGE('',*,*,#1596,.T.);
#1242=ORIENTED_EDGE('',*,*,#1790,.F.);
#1243=ORIENTED_EDGE('',*,*,#1583,.F.);
#1244=ORIENTED_EDGE('',*,*,#1791,.F.);
#1245=ORIENTED_EDGE('',*,*,#1582,.T.);
#1246=ORIENTED_EDGE('',*,*,#1788,.T.);
#1247=ORIENTED_EDGE('',*,*,#1597,.T.);
#1248=ORIENTED_EDGE('',*,*,#1791,.T.);
#1249=ORIENTED_EDGE('',*,*,#1584,.T.);
#1250=ORIENTED_EDGE('',*,*,#1790,.T.);
#1251=ORIENTED_EDGE('',*,*,#1595,.T.);
#1252=ORIENTED_EDGE('',*,*,#1789,.T.);
#1253=ORIENTED_EDGE('',*,*,#1475,.T.);
#1254=ORIENTED_EDGE('',*,*,#1386,.T.);
#1255=ORIENTED_EDGE('',*,*,#1703,.F.);
#1256=ORIENTED_EDGE('',*,*,#1792,.F.);
#1257=ORIENTED_EDGE('',*,*,#1699,.T.);
#1258=ORIENTED_EDGE('',*,*,#1381,.F.);
#1259=ORIENTED_EDGE('',*,*,#1479,.F.);
#1260=ORIENTED_EDGE('',*,*,#1793,.F.);
#1261=ORIENTED_EDGE('',*,*,#1701,.T.);
#1262=ORIENTED_EDGE('',*,*,#1794,.F.);
#1263=ORIENTED_EDGE('',*,*,#1477,.F.);
#1264=ORIENTED_EDGE('',*,*,#1795,.F.);
#1265=ORIENTED_EDGE('',*,*,#1476,.T.);
#1266=ORIENTED_EDGE('',*,*,#1792,.T.);
#1267=ORIENTED_EDGE('',*,*,#1702,.T.);
#1268=ORIENTED_EDGE('',*,*,#1795,.T.);
#1269=ORIENTED_EDGE('',*,*,#1478,.T.);
#1270=ORIENTED_EDGE('',*,*,#1794,.T.);
#1271=ORIENTED_EDGE('',*,*,#1700,.T.);
#1272=ORIENTED_EDGE('',*,*,#1793,.T.);
#1273=ORIENTED_EDGE('',*,*,#1480,.T.);
#1274=ORIENTED_EDGE('',*,*,#1379,.T.);
#1275=ORIENTED_EDGE('',*,*,#1698,.F.);
#1276=ORIENTED_EDGE('',*,*,#1796,.F.);
#1277=ORIENTED_EDGE('',*,*,#1694,.T.);
#1278=ORIENTED_EDGE('',*,*,#1460,.F.);
#1279=ORIENTED_EDGE('',*,*,#1484,.F.);
#1280=ORIENTED_EDGE('',*,*,#1797,.F.);
#1281=ORIENTED_EDGE('',*,*,#1696,.T.);
#1282=ORIENTED_EDGE('',*,*,#1798,.F.);
#1283=ORIENTED_EDGE('',*,*,#1482,.F.);
#1284=ORIENTED_EDGE('',*,*,#1799,.F.);
#1285=ORIENTED_EDGE('',*,*,#1481,.T.);
#1286=ORIENTED_EDGE('',*,*,#1796,.T.);
#1287=ORIENTED_EDGE('',*,*,#1697,.T.);
#1288=ORIENTED_EDGE('',*,*,#1799,.T.);
#1289=ORIENTED_EDGE('',*,*,#1483,.T.);
#1290=ORIENTED_EDGE('',*,*,#1798,.T.);
#1291=ORIENTED_EDGE('',*,*,#1695,.T.);
#1292=ORIENTED_EDGE('',*,*,#1797,.T.);
#1293=ORIENTED_EDGE('',*,*,#1470,.T.);
#1294=ORIENTED_EDGE('',*,*,#1378,.T.);
#1295=ORIENTED_EDGE('',*,*,#1708,.F.);
#1296=ORIENTED_EDGE('',*,*,#1800,.F.);
#1297=ORIENTED_EDGE('',*,*,#1704,.T.);
#1298=ORIENTED_EDGE('',*,*,#1384,.F.);
#1299=ORIENTED_EDGE('',*,*,#1474,.F.);
#1300=ORIENTED_EDGE('',*,*,#1801,.F.);
#1301=ORIENTED_EDGE('',*,*,#1706,.T.);
#1302=ORIENTED_EDGE('',*,*,#1802,.F.);
#1303=ORIENTED_EDGE('',*,*,#1472,.F.);
#1304=ORIENTED_EDGE('',*,*,#1803,.F.);
#1305=ORIENTED_EDGE('',*,*,#1471,.T.);
#1306=ORIENTED_EDGE('',*,*,#1800,.T.);
#1307=ORIENTED_EDGE('',*,*,#1707,.T.);
#1308=ORIENTED_EDGE('',*,*,#1803,.T.);
#1309=ORIENTED_EDGE('',*,*,#1473,.T.);
#1310=ORIENTED_EDGE('',*,*,#1802,.T.);
#1311=ORIENTED_EDGE('',*,*,#1705,.T.);
#1312=ORIENTED_EDGE('',*,*,#1801,.T.);
#1313=ORIENTED_EDGE('',*,*,#1586,.T.);
#1314=ORIENTED_EDGE('',*,*,#1371,.T.);
#1315=ORIENTED_EDGE('',*,*,#1593,.F.);
#1316=ORIENTED_EDGE('',*,*,#1804,.F.);
#1317=ORIENTED_EDGE('',*,*,#1709,.T.);
#1318=ORIENTED_EDGE('',*,*,#1376,.F.);
#1319=ORIENTED_EDGE('',*,*,#1469,.F.);
#1320=ORIENTED_EDGE('',*,*,#1805,.F.);
#1321=ORIENTED_EDGE('',*,*,#1711,.T.);
#1322=ORIENTED_EDGE('',*,*,#1806,.F.);
#1323=ORIENTED_EDGE('',*,*,#1588,.F.);
#1324=ORIENTED_EDGE('',*,*,#1807,.F.);
#1325=ORIENTED_EDGE('',*,*,#1587,.T.);
#1326=ORIENTED_EDGE('',*,*,#1804,.T.);
#1327=ORIENTED_EDGE('',*,*,#1592,.T.);
#1328=ORIENTED_EDGE('',*,*,#1807,.T.);
#1329=ORIENTED_EDGE('',*,*,#1468,.T.);
#1330=ORIENTED_EDGE('',*,*,#1806,.T.);
#1331=ORIENTED_EDGE('',*,*,#1710,.T.);
#1332=ORIENTED_EDGE('',*,*,#1805,.T.);
#1333=ORIENTED_EDGE('',*,*,#1808,.F.);
#1334=ORIENTED_EDGE('',*,*,#1369,.T.);
#1335=ORIENTED_EDGE('',*,*,#1808,.T.);
#1336=ORIENTED_EDGE('',*,*,#1809,.F.);
#1337=ORIENTED_EDGE('',*,*,#1809,.T.);
#1338=ORIENTED_EDGE('',*,*,#1467,.F.);
#1339=ORIENTED_EDGE('',*,*,#1810,.F.);
#1340=ORIENTED_EDGE('',*,*,#1368,.T.);
#1341=ORIENTED_EDGE('',*,*,#1810,.T.);
#1342=ORIENTED_EDGE('',*,*,#1811,.F.);
#1343=ORIENTED_EDGE('',*,*,#1811,.T.);
#1344=ORIENTED_EDGE('',*,*,#1466,.F.);
#1345=ORIENTED_EDGE('',*,*,#1812,.F.);
#1346=ORIENTED_EDGE('',*,*,#1367,.T.);
#1347=ORIENTED_EDGE('',*,*,#1812,.T.);
#1348=ORIENTED_EDGE('',*,*,#1813,.F.);
#1349=ORIENTED_EDGE('',*,*,#1813,.T.);
#1350=ORIENTED_EDGE('',*,*,#1465,.F.);
#1351=ORIENTED_EDGE('',*,*,#1814,.F.);
#1352=ORIENTED_EDGE('',*,*,#1366,.T.);
#1353=ORIENTED_EDGE('',*,*,#1814,.T.);
#1354=ORIENTED_EDGE('',*,*,#1815,.F.);
#1355=ORIENTED_EDGE('',*,*,#1815,.T.);
#1356=ORIENTED_EDGE('',*,*,#1464,.F.);
#1357=ORIENTED_EDGE('',*,*,#1816,.F.);
#1358=ORIENTED_EDGE('',*,*,#1365,.T.);
#1359=ORIENTED_EDGE('',*,*,#1816,.T.);
#1360=ORIENTED_EDGE('',*,*,#1817,.F.);
#1361=ORIENTED_EDGE('',*,*,#1817,.T.);
#1362=ORIENTED_EDGE('',*,*,#1463,.F.);
#1363=EDGE_CURVE('',#1818,#1818,#2129,.F.);
#1364=EDGE_CURVE('',#1819,#1819,#2130,.T.);
#1365=EDGE_CURVE('',#1820,#1820,#2131,.F.);
#1366=EDGE_CURVE('',#1821,#1821,#2132,.F.);
#1367=EDGE_CURVE('',#1822,#1822,#2133,.F.);
#1368=EDGE_CURVE('',#1823,#1823,#2134,.F.);
#1369=EDGE_CURVE('',#1824,#1824,#2135,.F.);
#1370=EDGE_CURVE('',#1825,#1825,#2136,.T.);
#1371=EDGE_CURVE('',#1826,#1827,#156,.T.);
#1372=EDGE_CURVE('',#1828,#1826,#2137,.T.);
#1373=EDGE_CURVE('',#1828,#1829,#157,.T.);
#1374=EDGE_CURVE('',#1829,#1827,#2138,.T.);
#1375=EDGE_CURVE('',#1830,#1831,#2139,.T.);
#1376=EDGE_CURVE('',#1830,#1832,#158,.T.);
#1377=EDGE_CURVE('',#1832,#1833,#2140,.T.);
#1378=EDGE_CURVE('',#1831,#1833,#159,.T.);
#1379=EDGE_CURVE('',#1834,#1835,#160,.T.);
#1380=EDGE_CURVE('',#1836,#1834,#2141,.T.);
#1381=EDGE_CURVE('',#1836,#1837,#161,.T.);
#1382=EDGE_CURVE('',#1837,#1835,#2142,.T.);
#1383=EDGE_CURVE('',#1838,#1839,#2143,.T.);
#1384=EDGE_CURVE('',#1838,#1840,#162,.T.);
#1385=EDGE_CURVE('',#1840,#1841,#2144,.T.);
#1386=EDGE_CURVE('',#1839,#1841,#163,.T.);
#1387=EDGE_CURVE('',#1842,#1843,#164,.T.);
#1388=EDGE_CURVE('',#1844,#1842,#2145,.T.);
#1389=EDGE_CURVE('',#1844,#1845,#165,.T.);
#1390=EDGE_CURVE('',#1845,#1843,#2146,.T.);
#1391=EDGE_CURVE('',#1846,#1847,#166,.T.);
#1392=EDGE_CURVE('',#1848,#1846,#2147,.T.);
#1393=EDGE_CURVE('',#1848,#1849,#167,.T.);
#1394=EDGE_CURVE('',#1849,#1847,#2148,.T.);
#1395=EDGE_CURVE('',#1850,#1851,#168,.T.);
#1396=EDGE_CURVE('',#1852,#1850,#2149,.T.);
#1397=EDGE_CURVE('',#1852,#1853,#169,.T.);
#1398=EDGE_CURVE('',#1853,#1851,#2150,.T.);
#1399=EDGE_CURVE('',#1854,#1855,#2151,.T.);
#1400=EDGE_CURVE('',#1854,#1856,#170,.T.);
#1401=EDGE_CURVE('',#1856,#1857,#2152,.T.);
#1402=EDGE_CURVE('',#1855,#1857,#171,.T.);
#1403=EDGE_CURVE('',#1858,#1859,#172,.T.);
#1404=EDGE_CURVE('',#1860,#1858,#2153,.T.);
#1405=EDGE_CURVE('',#1860,#1861,#173,.T.);
#1406=EDGE_CURVE('',#1861,#1859,#2154,.T.);
#1407=EDGE_CURVE('',#1862,#1863,#174,.T.);
#1408=EDGE_CURVE('',#1864,#1862,#2155,.T.);
#1409=EDGE_CURVE('',#1864,#1865,#175,.T.);
#1410=EDGE_CURVE('',#1865,#1863,#2156,.T.);
#1411=EDGE_CURVE('',#1866,#1867,#176,.T.);
#1412=EDGE_CURVE('',#1868,#1866,#2157,.T.);
#1413=EDGE_CURVE('',#1868,#1869,#177,.T.);
#1414=EDGE_CURVE('',#1869,#1867,#2158,.T.);
#1415=EDGE_CURVE('',#1870,#1871,#178,.T.);
#1416=EDGE_CURVE('',#1872,#1870,#2159,.T.);
#1417=EDGE_CURVE('',#1872,#1873,#179,.T.);
#1418=EDGE_CURVE('',#1873,#1871,#2160,.T.);
#1419=EDGE_CURVE('',#1874,#1875,#180,.T.);
#1420=EDGE_CURVE('',#1876,#1874,#2161,.T.);
#1421=EDGE_CURVE('',#1876,#1877,#181,.T.);
#1422=EDGE_CURVE('',#1877,#1875,#2162,.T.);
#1423=EDGE_CURVE('',#1878,#1879,#2163,.T.);
#1424=EDGE_CURVE('',#1878,#1880,#182,.T.);
#1425=EDGE_CURVE('',#1880,#1881,#2164,.T.);
#1426=EDGE_CURVE('',#1879,#1881,#183,.T.);
#1427=EDGE_CURVE('',#1882,#1883,#184,.T.);
#1428=EDGE_CURVE('',#1884,#1882,#2165,.T.);
#1429=EDGE_CURVE('',#1884,#1885,#185,.T.);
#1430=EDGE_CURVE('',#1885,#1883,#2166,.T.);
#1431=EDGE_CURVE('',#1886,#1887,#2167,.T.);
#1432=EDGE_CURVE('',#1886,#1888,#186,.T.);
#1433=EDGE_CURVE('',#1888,#1889,#2168,.T.);
#1434=EDGE_CURVE('',#1887,#1889,#187,.T.);
#1435=EDGE_CURVE('',#1890,#1891,#188,.T.);
#1436=EDGE_CURVE('',#1892,#1890,#2169,.T.);
#1437=EDGE_CURVE('',#1892,#1893,#189,.T.);
#1438=EDGE_CURVE('',#1893,#1891,#2170,.T.);
#1439=EDGE_CURVE('',#1894,#1895,#190,.T.);
#1440=EDGE_CURVE('',#1896,#1894,#2171,.T.);
#1441=EDGE_CURVE('',#1896,#1897,#191,.T.);
#1442=EDGE_CURVE('',#1897,#1895,#2172,.T.);
#1443=EDGE_CURVE('',#1898,#1899,#2173,.T.);
#1444=EDGE_CURVE('',#1898,#1900,#192,.T.);
#1445=EDGE_CURVE('',#1900,#1901,#2174,.T.);
#1446=EDGE_CURVE('',#1899,#1901,#193,.T.);
#1447=EDGE_CURVE('',#1902,#1903,#194,.T.);
#1448=EDGE_CURVE('',#1904,#1902,#2175,.T.);
#1449=EDGE_CURVE('',#1904,#1905,#195,.T.);
#1450=EDGE_CURVE('',#1905,#1903,#2176,.T.);
#1451=EDGE_CURVE('',#1906,#1907,#196,.T.);
#1452=EDGE_CURVE('',#1908,#1906,#2177,.T.);
#1453=EDGE_CURVE('',#1908,#1909,#197,.T.);
#1454=EDGE_CURVE('',#1909,#1907,#2178,.T.);
#1455=EDGE_CURVE('',#1910,#1911,#198,.T.);
#1456=EDGE_CURVE('',#1912,#1910,#2179,.T.);
#1457=EDGE_CURVE('',#1912,#1913,#199,.T.);
#1458=EDGE_CURVE('',#1913,#1911,#2180,.T.);
#1459=EDGE_CURVE('',#1914,#1915,#2181,.T.);
#1460=EDGE_CURVE('',#1914,#1916,#200,.T.);
#1461=EDGE_CURVE('',#1916,#1917,#2182,.T.);
#1462=EDGE_CURVE('',#1915,#1917,#201,.T.);
#1463=EDGE_CURVE('',#1918,#1918,#2183,.T.);
#1464=EDGE_CURVE('',#1919,#1919,#2184,.T.);
#1465=EDGE_CURVE('',#1920,#1920,#2185,.T.);
#1466=EDGE_CURVE('',#1921,#1921,#2186,.T.);
#1467=EDGE_CURVE('',#1922,#1922,#2187,.T.);
#1468=EDGE_CURVE('',#1923,#1924,#2188,.T.);
#1469=EDGE_CURVE('',#1923,#1830,#60,.T.);
#1470=EDGE_CURVE('',#1925,#1831,#61,.T.);
#1471=EDGE_CURVE('',#1926,#1925,#2189,.T.);
#1472=EDGE_CURVE('',#1926,#1927,#2190,.T.);
#1473=EDGE_CURVE('',#1928,#1927,#2191,.T.);
#1474=EDGE_CURVE('',#1928,#1838,#62,.T.);
#1475=EDGE_CURVE('',#1929,#1839,#63,.T.);
#1476=EDGE_CURVE('',#1930,#1929,#2192,.T.);
#1477=EDGE_CURVE('',#1930,#1931,#2193,.T.);
#1478=EDGE_CURVE('',#1932,#1931,#2194,.T.);
#1479=EDGE_CURVE('',#1932,#1836,#64,.T.);
#1480=EDGE_CURVE('',#1933,#1834,#65,.T.);
#1481=EDGE_CURVE('',#1934,#1933,#2195,.T.);
#1482=EDGE_CURVE('',#1934,#1935,#2196,.T.);
#1483=EDGE_CURVE('',#1936,#1935,#2197,.T.);
#1484=EDGE_CURVE('',#1936,#1914,#66,.T.);
#1485=EDGE_CURVE('',#1937,#1915,#67,.T.);
#1486=EDGE_CURVE('',#1938,#1937,#2198,.T.);
#1487=EDGE_CURVE('',#1938,#1939,#2199,.T.);
#1488=EDGE_CURVE('',#1940,#1939,#2200,.T.);
#1489=EDGE_CURVE('',#1940,#1912,#68,.T.);
#1490=EDGE_CURVE('',#1941,#1910,#69,.T.);
#1491=EDGE_CURVE('',#1942,#1941,#2201,.T.);
#1492=EDGE_CURVE('',#1942,#1943,#2202,.T.);
#1493=EDGE_CURVE('',#1944,#1943,#2203,.T.);
#1494=EDGE_CURVE('',#1944,#1908,#70,.T.);
#1495=EDGE_CURVE('',#1945,#1906,#71,.T.);
#1496=EDGE_CURVE('',#1946,#1945,#2204,.T.);
#1497=EDGE_CURVE('',#1946,#1947,#2205,.T.);
#1498=EDGE_CURVE('',#1948,#1947,#2206,.T.);
#1499=EDGE_CURVE('',#1948,#1904,#72,.T.);
#1500=EDGE_CURVE('',#1949,#1902,#73,.T.);
#1501=EDGE_CURVE('',#1950,#1949,#2207,.T.);
#1502=EDGE_CURVE('',#1950,#1951,#2208,.T.);
#1503=EDGE_CURVE('',#1952,#1951,#2209,.T.);
#1504=EDGE_CURVE('',#1952,#1896,#74,.T.);
#1505=EDGE_CURVE('',#1953,#1894,#75,.T.);
#1506=EDGE_CURVE('',#1954,#1953,#2210,.T.);
#1507=EDGE_CURVE('',#1954,#1955,#2211,.T.);
#1508=EDGE_CURVE('',#1956,#1955,#2212,.T.);
#1509=EDGE_CURVE('',#1956,#1898,#76,.T.);
#1510=EDGE_CURVE('',#1957,#1899,#77,.T.);
#1511=EDGE_CURVE('',#1958,#1957,#2213,.T.);
#1512=EDGE_CURVE('',#1958,#1959,#2214,.T.);
#1513=EDGE_CURVE('',#1960,#1959,#2215,.T.);
#1514=EDGE_CURVE('',#1960,#1892,#78,.T.);
#1515=EDGE_CURVE('',#1961,#1890,#79,.T.);
#1516=EDGE_CURVE('',#1962,#1961,#2216,.T.);
#1517=EDGE_CURVE('',#1962,#1963,#2217,.T.);
#1518=EDGE_CURVE('',#1964,#1963,#2218,.T.);
#1519=EDGE_CURVE('',#1964,#1965,#80,.T.);
#1520=EDGE_CURVE('',#1965,#1966,#2219,.T.);
#1521=EDGE_CURVE('',#1967,#1966,#81,.T.);
#1522=EDGE_CURVE('',#1968,#1967,#2220,.T.);
#1523=EDGE_CURVE('',#1968,#1969,#2221,.T.);
#1524=EDGE_CURVE('',#1970,#1969,#2222,.T.);
#1525=EDGE_CURVE('',#1970,#1876,#82,.T.);
#1526=EDGE_CURVE('',#1971,#1874,#83,.T.);
#1527=EDGE_CURVE('',#1972,#1971,#2223,.T.);
#1528=EDGE_CURVE('',#1972,#1973,#2224,.T.);
#1529=EDGE_CURVE('',#1974,#1973,#2225,.T.);
#1530=EDGE_CURVE('',#1974,#1878,#84,.T.);
#1531=EDGE_CURVE('',#1975,#1879,#85,.T.);
#1532=EDGE_CURVE('',#1976,#1975,#2226,.T.);
#1533=EDGE_CURVE('',#1976,#1977,#2227,.T.);
#1534=EDGE_CURVE('',#1978,#1977,#2228,.T.);
#1535=EDGE_CURVE('',#1978,#1886,#86,.T.);
#1536=EDGE_CURVE('',#1979,#1887,#87,.T.);
#1537=EDGE_CURVE('',#1980,#1979,#2229,.T.);
#1538=EDGE_CURVE('',#1980,#1981,#2230,.T.);
#1539=EDGE_CURVE('',#1982,#1981,#2231,.T.);
#1540=EDGE_CURVE('',#1982,#1884,#88,.T.);
#1541=EDGE_CURVE('',#1983,#1882,#89,.T.);
#1542=EDGE_CURVE('',#1984,#1983,#2232,.T.);
#1543=EDGE_CURVE('',#1984,#1985,#2233,.T.);
#1544=EDGE_CURVE('',#1986,#1985,#2234,.T.);
#1545=EDGE_CURVE('',#1986,#1872,#90,.T.);
#1546=EDGE_CURVE('',#1987,#1870,#91,.T.);
#1547=EDGE_CURVE('',#1988,#1987,#2235,.T.);
#1548=EDGE_CURVE('',#1988,#1989,#2236,.T.);
#1549=EDGE_CURVE('',#1990,#1989,#2237,.T.);
#1550=EDGE_CURVE('',#1990,#1868,#92,.T.);
#1551=EDGE_CURVE('',#1991,#1866,#93,.T.);
#1552=EDGE_CURVE('',#1992,#1991,#2238,.T.);
#1553=EDGE_CURVE('',#1992,#1993,#2239,.T.);
#1554=EDGE_CURVE('',#1994,#1993,#2240,.T.);
#1555=EDGE_CURVE('',#1994,#1864,#94,.T.);
#1556=EDGE_CURVE('',#1995,#1862,#95,.T.);
#1557=EDGE_CURVE('',#1996,#1995,#2241,.T.);
#1558=EDGE_CURVE('',#1996,#1997,#2242,.T.);
#1559=EDGE_CURVE('',#1998,#1997,#2243,.T.);
#1560=EDGE_CURVE('',#1998,#1860,#96,.T.);
#1561=EDGE_CURVE('',#1999,#1858,#97,.T.);
#1562=EDGE_CURVE('',#2000,#1999,#2244,.T.);
#1563=EDGE_CURVE('',#2000,#2001,#2245,.T.);
#1564=EDGE_CURVE('',#2002,#2001,#2246,.T.);
#1565=EDGE_CURVE('',#2002,#1852,#98,.T.);
#1566=EDGE_CURVE('',#2003,#1850,#99,.T.);
#1567=EDGE_CURVE('',#2004,#2003,#2247,.T.);
#1568=EDGE_CURVE('',#2004,#2005,#2248,.T.);
#1569=EDGE_CURVE('',#2006,#2005,#2249,.T.);
#1570=EDGE_CURVE('',#2006,#1854,#100,.T.);
#1571=EDGE_CURVE('',#2007,#1855,#101,.T.);
#1572=EDGE_CURVE('',#2008,#2007,#2250,.T.);
#1573=EDGE_CURVE('',#2008,#2009,#2251,.T.);
#1574=EDGE_CURVE('',#2010,#2009,#2252,.T.);
#1575=EDGE_CURVE('',#2010,#1848,#102,.T.);
#1576=EDGE_CURVE('',#2011,#1846,#103,.T.);
#1577=EDGE_CURVE('',#2012,#2011,#2253,.T.);
#1578=EDGE_CURVE('',#2012,#2013,#2254,.T.);
#1579=EDGE_CURVE('',#2014,#2013,#2255,.T.);
#1580=EDGE_CURVE('',#2014,#1844,#104,.T.);
#1581=EDGE_CURVE('',#2015,#1842,#105,.T.);
#1582=EDGE_CURVE('',#2016,#2015,#2256,.T.);
#1583=EDGE_CURVE('',#2016,#2017,#2257,.T.);
#1584=EDGE_CURVE('',#2018,#2017,#2258,.T.);
#1585=EDGE_CURVE('',#2018,#1828,#106,.T.);
#1586=EDGE_CURVE('',#2019,#1826,#107,.T.);
#1587=EDGE_CURVE('',#2020,#2019,#2259,.T.);
#1588=EDGE_CURVE('',#2020,#1924,#2260,.T.);
#1589=EDGE_CURVE('',#1965,#2021,#202,.T.);
#1590=EDGE_CURVE('',#2021,#2022,#2261,.T.);
#1591=EDGE_CURVE('',#1966,#2022,#203,.T.);
#1592=EDGE_CURVE('',#2023,#2024,#2262,.F.);
#1593=EDGE_CURVE('',#2023,#1827,#108,.T.);
#1594=EDGE_CURVE('',#2025,#1829,#109,.T.);
#1595=EDGE_CURVE('',#2026,#2025,#2263,.F.);
#1596=EDGE_CURVE('',#2027,#2026,#2264,.T.);
#1597=EDGE_CURVE('',#2028,#2027,#2265,.F.);
#1598=EDGE_CURVE('',#2028,#1843,#110,.T.);
#1599=EDGE_CURVE('',#2029,#1845,#111,.T.);
#1600=EDGE_CURVE('',#2030,#2029,#2266,.F.);
#1601=EDGE_CURVE('',#2031,#2030,#2267,.T.);
#1602=EDGE_CURVE('',#2032,#2031,#2268,.F.);
#1603=EDGE_CURVE('',#2032,#1847,#112,.T.);
#1604=EDGE_CURVE('',#2033,#1849,#113,.T.);
#1605=EDGE_CURVE('',#2034,#2033,#2269,.F.);
#1606=EDGE_CURVE('',#2035,#2034,#2270,.T.);
#1607=EDGE_CURVE('',#2036,#2035,#2271,.F.);
#1608=EDGE_CURVE('',#2036,#1857,#114,.T.);
#1609=EDGE_CURVE('',#2037,#1856,#115,.T.);
#1610=EDGE_CURVE('',#2038,#2037,#2272,.F.);
#1611=EDGE_CURVE('',#2039,#2038,#2273,.T.);
#1612=EDGE_CURVE('',#2040,#2039,#2274,.F.);
#1613=EDGE_CURVE('',#2040,#1851,#116,.T.);
#1614=EDGE_CURVE('',#2041,#1853,#117,.T.);
#1615=EDGE_CURVE('',#2042,#2041,#2275,.F.);
#1616=EDGE_CURVE('',#2043,#2042,#2276,.T.);
#1617=EDGE_CURVE('',#2044,#2043,#2277,.F.);
#1618=EDGE_CURVE('',#2044,#1859,#118,.T.);
#1619=EDGE_CURVE('',#2045,#1861,#119,.T.);
#1620=EDGE_CURVE('',#2046,#2045,#2278,.F.);
#1621=EDGE_CURVE('',#2047,#2046,#2279,.T.);
#1622=EDGE_CURVE('',#2048,#2047,#2280,.F.);
#1623=EDGE_CURVE('',#2048,#1863,#120,.T.);
#1624=EDGE_CURVE('',#2049,#1865,#121,.T.);
#1625=EDGE_CURVE('',#2050,#2049,#2281,.F.);
#1626=EDGE_CURVE('',#2051,#2050,#2282,.T.);
#1627=EDGE_CURVE('',#2052,#2051,#2283,.F.);
#1628=EDGE_CURVE('',#2052,#1867,#122,.T.);
#1629=EDGE_CURVE('',#2053,#1869,#123,.T.);
#1630=EDGE_CURVE('',#2054,#2053,#2284,.F.);
#1631=EDGE_CURVE('',#2055,#2054,#2285,.T.);
#1632=EDGE_CURVE('',#2056,#2055,#2286,.F.);
#1633=EDGE_CURVE('',#2056,#1871,#124,.T.);
#1634=EDGE_CURVE('',#2057,#1873,#125,.T.);
#1635=EDGE_CURVE('',#2058,#2057,#2287,.F.);
#1636=EDGE_CURVE('',#2059,#2058,#2288,.T.);
#1637=EDGE_CURVE('',#2060,#2059,#2289,.F.);
#1638=EDGE_CURVE('',#2060,#1883,#126,.T.);
#1639=EDGE_CURVE('',#2061,#1885,#127,.T.);
#1640=EDGE_CURVE('',#2062,#2061,#2290,.F.);
#1641=EDGE_CURVE('',#2063,#2062,#2291,.T.);
#1642=EDGE_CURVE('',#2064,#2063,#2292,.F.);
#1643=EDGE_CURVE('',#2064,#1889,#128,.T.);
#1644=EDGE_CURVE('',#2065,#1888,#129,.T.);
#1645=EDGE_CURVE('',#2066,#2065,#2293,.F.);
#1646=EDGE_CURVE('',#2067,#2066,#2294,.T.);
#1647=EDGE_CURVE('',#2068,#2067,#2295,.F.);
#1648=EDGE_CURVE('',#2068,#1881,#130,.T.);
#1649=EDGE_CURVE('',#2069,#1880,#131,.T.);
#1650=EDGE_CURVE('',#2070,#2069,#2296,.F.);
#1651=EDGE_CURVE('',#2071,#2070,#2297,.T.);
#1652=EDGE_CURVE('',#2072,#2071,#2298,.F.);
#1653=EDGE_CURVE('',#2072,#1875,#132,.T.);
#1654=EDGE_CURVE('',#2073,#1877,#133,.T.);
#1655=EDGE_CURVE('',#2074,#2073,#2299,.F.);
#1656=EDGE_CURVE('',#2075,#2074,#2300,.T.);
#1657=EDGE_CURVE('',#2076,#2075,#2301,.F.);
#1658=EDGE_CURVE('',#2076,#2022,#134,.T.);
#1659=EDGE_CURVE('',#2077,#2021,#135,.T.);
#1660=EDGE_CURVE('',#2078,#2077,#2302,.F.);
#1661=EDGE_CURVE('',#2079,#2078,#2303,.T.);
#1662=EDGE_CURVE('',#2080,#2079,#2304,.F.);
#1663=EDGE_CURVE('',#2080,#1891,#136,.T.);
#1664=EDGE_CURVE('',#2081,#1893,#137,.T.);
#1665=EDGE_CURVE('',#2082,#2081,#2305,.F.);
#1666=EDGE_CURVE('',#2083,#2082,#2306,.T.);
#1667=EDGE_CURVE('',#2084,#2083,#2307,.F.);
#1668=EDGE_CURVE('',#2084,#1901,#138,.T.);
#1669=EDGE_CURVE('',#2085,#1900,#139,.T.);
#1670=EDGE_CURVE('',#2086,#2085,#2308,.F.);
#1671=EDGE_CURVE('',#2087,#2086,#2309,.T.);
#1672=EDGE_CURVE('',#2088,#2087,#2310,.F.);
#1673=EDGE_CURVE('',#2088,#1895,#140,.T.);
#1674=EDGE_CURVE('',#2089,#1897,#141,.T.);
#1675=EDGE_CURVE('',#2090,#2089,#2311,.F.);
#1676=EDGE_CURVE('',#2091,#2090,#2312,.T.);
#1677=EDGE_CURVE('',#2092,#2091,#2313,.F.);
#1678=EDGE_CURVE('',#2092,#1903,#142,.T.);
#1679=EDGE_CURVE('',#2093,#1905,#143,.T.);
#1680=EDGE_CURVE('',#2094,#2093,#2314,.F.);
#1681=EDGE_CURVE('',#2095,#2094,#2315,.T.);
#1682=EDGE_CURVE('',#2096,#2095,#2316,.F.);
#1683=EDGE_CURVE('',#2096,#1907,#144,.T.);
#1684=EDGE_CURVE('',#2097,#1909,#145,.T.);
#1685=EDGE_CURVE('',#2098,#2097,#2317,.F.);
#1686=EDGE_CURVE('',#2099,#2098,#2318,.T.);
#1687=EDGE_CURVE('',#2100,#2099,#2319,.F.);
#1688=EDGE_CURVE('',#2100,#1911,#146,.T.);
#1689=EDGE_CURVE('',#2101,#1913,#147,.T.);
#1690=EDGE_CURVE('',#2102,#2101,#2320,.F.);
#1691=EDGE_CURVE('',#2103,#2102,#2321,.T.);
#1692=EDGE_CURVE('',#2104,#2103,#2322,.F.);
#1693=EDGE_CURVE('',#2104,#1917,#148,.T.);
#1694=EDGE_CURVE('',#2105,#1916,#149,.T.);
#1695=EDGE_CURVE('',#2106,#2105,#2323,.F.);
#1696=EDGE_CURVE('',#2107,#2106,#2324,.T.);
#1697=EDGE_CURVE('',#2108,#2107,#2325,.F.);
#1698=EDGE_CURVE('',#2108,#1835,#150,.T.);
#1699=EDGE_CURVE('',#2109,#1837,#151,.T.);
#1700=EDGE_CURVE('',#2110,#2109,#2326,.F.);
#1701=EDGE_CURVE('',#2111,#2110,#2327,.T.);
#1702=EDGE_CURVE('',#2112,#2111,#2328,.F.);
#1703=EDGE_CURVE('',#2112,#1841,#152,.T.);
#1704=EDGE_CURVE('',#2113,#1840,#153,.T.);
#1705=EDGE_CURVE('',#2114,#2113,#2329,.F.);
#1706=EDGE_CURVE('',#2115,#2114,#2330,.T.);
#1707=EDGE_CURVE('',#2116,#2115,#2331,.F.);
#1708=EDGE_CURVE('',#2116,#1833,#154,.T.);
#1709=EDGE_CURVE('',#2117,#1832,#155,.T.);
#1710=EDGE_CURVE('',#2118,#2117,#2332,.F.);
#1711=EDGE_CURVE('',#2024,#2118,#2333,.T.);
#1712=EDGE_CURVE('',#1967,#2076,#204,.T.);
#1713=EDGE_CURVE('',#2073,#1970,#205,.F.);
#1714=EDGE_CURVE('',#1969,#2074,#206,.T.);
#1715=EDGE_CURVE('',#2075,#1968,#207,.F.);
#1716=EDGE_CURVE('',#1937,#2104,#208,.T.);
#1717=EDGE_CURVE('',#2101,#1940,#209,.F.);
#1718=EDGE_CURVE('',#1939,#2102,#210,.T.);
#1719=EDGE_CURVE('',#2103,#1938,#211,.F.);
#1720=EDGE_CURVE('',#1941,#2100,#212,.T.);
#1721=EDGE_CURVE('',#2097,#1944,#213,.F.);
#1722=EDGE_CURVE('',#1943,#2098,#214,.T.);
#1723=EDGE_CURVE('',#2099,#1942,#215,.F.);
#1724=EDGE_CURVE('',#1945,#2096,#216,.T.);
#1725=EDGE_CURVE('',#2093,#1948,#217,.F.);
#1726=EDGE_CURVE('',#1947,#2094,#218,.T.);
#1727=EDGE_CURVE('',#2095,#1946,#219,.F.);
#1728=EDGE_CURVE('',#1949,#2092,#220,.T.);
#1729=EDGE_CURVE('',#2089,#1952,#221,.F.);
#1730=EDGE_CURVE('',#1951,#2090,#222,.T.);
#1731=EDGE_CURVE('',#2091,#1950,#223,.F.);
#1732=EDGE_CURVE('',#1957,#2084,#224,.T.);
#1733=EDGE_CURVE('',#2081,#1960,#225,.F.);
#1734=EDGE_CURVE('',#1959,#2082,#226,.T.);
#1735=EDGE_CURVE('',#2083,#1958,#227,.F.);
#1736=EDGE_CURVE('',#1953,#2088,#228,.T.);
#1737=EDGE_CURVE('',#2085,#1956,#229,.F.);
#1738=EDGE_CURVE('',#1955,#2086,#230,.T.);
#1739=EDGE_CURVE('',#2087,#1954,#231,.F.);
#1740=EDGE_CURVE('',#1961,#2080,#232,.T.);
#1741=EDGE_CURVE('',#2077,#1964,#233,.F.);
#1742=EDGE_CURVE('',#1963,#2078,#234,.T.);
#1743=EDGE_CURVE('',#2079,#1962,#235,.F.);
#1744=EDGE_CURVE('',#1979,#2064,#236,.T.);
#1745=EDGE_CURVE('',#2061,#1982,#237,.F.);
#1746=EDGE_CURVE('',#1981,#2062,#238,.T.);
#1747=EDGE_CURVE('',#2063,#1980,#239,.F.);
#1748=EDGE_CURVE('',#1983,#2060,#240,.T.);
#1749=EDGE_CURVE('',#2057,#1986,#241,.F.);
#1750=EDGE_CURVE('',#1985,#2058,#242,.T.);
#1751=EDGE_CURVE('',#2059,#1984,#243,.F.);
#1752=EDGE_CURVE('',#1975,#2068,#244,.T.);
#1753=EDGE_CURVE('',#2065,#1978,#245,.F.);
#1754=EDGE_CURVE('',#1977,#2066,#246,.T.);
#1755=EDGE_CURVE('',#2067,#1976,#247,.F.);
#1756=EDGE_CURVE('',#1971,#2072,#248,.T.);
#1757=EDGE_CURVE('',#2069,#1974,#249,.F.);
#1758=EDGE_CURVE('',#1973,#2070,#250,.T.);
#1759=EDGE_CURVE('',#2071,#1972,#251,.F.);
#1760=EDGE_CURVE('',#1987,#2056,#252,.T.);
#1761=EDGE_CURVE('',#2053,#1990,#253,.F.);
#1762=EDGE_CURVE('',#1989,#2054,#254,.T.);
#1763=EDGE_CURVE('',#2055,#1988,#255,.F.);
#1764=EDGE_CURVE('',#1991,#2052,#256,.T.);
#1765=EDGE_CURVE('',#2049,#1994,#257,.F.);
#1766=EDGE_CURVE('',#1993,#2050,#258,.T.);
#1767=EDGE_CURVE('',#2051,#1992,#259,.F.);
#1768=EDGE_CURVE('',#1995,#2048,#260,.T.);
#1769=EDGE_CURVE('',#2045,#1998,#261,.F.);
#1770=EDGE_CURVE('',#1997,#2046,#262,.T.);
#1771=EDGE_CURVE('',#2047,#1996,#263,.F.);
#1772=EDGE_CURVE('',#1999,#2044,#264,.T.);
#1773=EDGE_CURVE('',#2041,#2002,#265,.F.);
#1774=EDGE_CURVE('',#2001,#2042,#266,.T.);
#1775=EDGE_CURVE('',#2043,#2000,#267,.F.);
#1776=EDGE_CURVE('',#2007,#2036,#268,.T.);
#1777=EDGE_CURVE('',#2033,#2010,#269,.F.);
#1778=EDGE_CURVE('',#2009,#2034,#270,.T.);
#1779=EDGE_CURVE('',#2035,#2008,#271,.F.);
#1780=EDGE_CURVE('',#2003,#2040,#272,.T.);
#1781=EDGE_CURVE('',#2037,#2006,#273,.F.);
#1782=EDGE_CURVE('',#2005,#2038,#274,.T.);
#1783=EDGE_CURVE('',#2039,#2004,#275,.F.);
#1784=EDGE_CURVE('',#2011,#2032,#276,.T.);
#1785=EDGE_CURVE('',#2029,#2014,#277,.F.);
#1786=EDGE_CURVE('',#2013,#2030,#278,.T.);
#1787=EDGE_CURVE('',#2031,#2012,#279,.F.);
#1788=EDGE_CURVE('',#2015,#2028,#280,.T.);
#1789=EDGE_CURVE('',#2025,#2018,#281,.F.);
#1790=EDGE_CURVE('',#2017,#2026,#282,.T.);
#1791=EDGE_CURVE('',#2027,#2016,#283,.F.);
#1792=EDGE_CURVE('',#1929,#2112,#284,.T.);
#1793=EDGE_CURVE('',#2109,#1932,#285,.F.);
#1794=EDGE_CURVE('',#1931,#2110,#286,.T.);
#1795=EDGE_CURVE('',#2111,#1930,#287,.F.);
#1796=EDGE_CURVE('',#1933,#2108,#288,.T.);
#1797=EDGE_CURVE('',#2105,#1936,#289,.F.);
#1798=EDGE_CURVE('',#1935,#2106,#290,.T.);
#1799=EDGE_CURVE('',#2107,#1934,#291,.F.);
#1800=EDGE_CURVE('',#1925,#2116,#292,.T.);
#1801=EDGE_CURVE('',#2113,#1928,#293,.F.);
#1802=EDGE_CURVE('',#1927,#2114,#294,.T.);
#1803=EDGE_CURVE('',#2115,#1926,#295,.F.);
#1804=EDGE_CURVE('',#2019,#2023,#296,.T.);
#1805=EDGE_CURVE('',#2117,#1923,#297,.F.);
#1806=EDGE_CURVE('',#1924,#2118,#298,.T.);
#1807=EDGE_CURVE('',#2024,#2020,#299,.F.);
#1808=EDGE_CURVE('',#2119,#2119,#2334,.T.);
#1809=EDGE_CURVE('',#2120,#2120,#2335,.T.);
#1810=EDGE_CURVE('',#2121,#2121,#2336,.T.);
#1811=EDGE_CURVE('',#2122,#2122,#2337,.T.);
#1812=EDGE_CURVE('',#2123,#2123,#2338,.T.);
#1813=EDGE_CURVE('',#2124,#2124,#2339,.T.);
#1814=EDGE_CURVE('',#2125,#2125,#2340,.T.);
#1815=EDGE_CURVE('',#2126,#2126,#2341,.T.);
#1816=EDGE_CURVE('',#2127,#2127,#2342,.T.);
#1817=EDGE_CURVE('',#2128,#2128,#2343,.T.);
#1818=VERTEX_POINT('',#4154);
#1819=VERTEX_POINT('',#4156);
#1820=VERTEX_POINT('',#4159);
#1821=VERTEX_POINT('',#4161);
#1822=VERTEX_POINT('',#4163);
#1823=VERTEX_POINT('',#4165);
#1824=VERTEX_POINT('',#4167);
#1825=VERTEX_POINT('',#4170);
#1826=VERTEX_POINT('',#4173);
#1827=VERTEX_POINT('',#4174);
#1828=VERTEX_POINT('',#4176);
#1829=VERTEX_POINT('',#4178);
#1830=VERTEX_POINT('',#4182);
#1831=VERTEX_POINT('',#4183);
#1832=VERTEX_POINT('',#4185);
#1833=VERTEX_POINT('',#4187);
#1834=VERTEX_POINT('',#4191);
#1835=VERTEX_POINT('',#4192);
#1836=VERTEX_POINT('',#4194);
#1837=VERTEX_POINT('',#4196);
#1838=VERTEX_POINT('',#4200);
#1839=VERTEX_POINT('',#4201);
#1840=VERTEX_POINT('',#4203);
#1841=VERTEX_POINT('',#4205);
#1842=VERTEX_POINT('',#4209);
#1843=VERTEX_POINT('',#4210);
#1844=VERTEX_POINT('',#4212);
#1845=VERTEX_POINT('',#4214);
#1846=VERTEX_POINT('',#4218);
#1847=VERTEX_POINT('',#4219);
#1848=VERTEX_POINT('',#4221);
#1849=VERTEX_POINT('',#4223);
#1850=VERTEX_POINT('',#4227);
#1851=VERTEX_POINT('',#4228);
#1852=VERTEX_POINT('',#4230);
#1853=VERTEX_POINT('',#4232);
#1854=VERTEX_POINT('',#4236);
#1855=VERTEX_POINT('',#4237);
#1856=VERTEX_POINT('',#4239);
#1857=VERTEX_POINT('',#4241);
#1858=VERTEX_POINT('',#4245);
#1859=VERTEX_POINT('',#4246);
#1860=VERTEX_POINT('',#4248);
#1861=VERTEX_POINT('',#4250);
#1862=VERTEX_POINT('',#4254);
#1863=VERTEX_POINT('',#4255);
#1864=VERTEX_POINT('',#4257);
#1865=VERTEX_POINT('',#4259);
#1866=VERTEX_POINT('',#4263);
#1867=VERTEX_POINT('',#4264);
#1868=VERTEX_POINT('',#4266);
#1869=VERTEX_POINT('',#4268);
#1870=VERTEX_POINT('',#4272);
#1871=VERTEX_POINT('',#4273);
#1872=VERTEX_POINT('',#4275);
#1873=VERTEX_POINT('',#4277);
#1874=VERTEX_POINT('',#4281);
#1875=VERTEX_POINT('',#4282);
#1876=VERTEX_POINT('',#4284);
#1877=VERTEX_POINT('',#4286);
#1878=VERTEX_POINT('',#4290);
#1879=VERTEX_POINT('',#4291);
#1880=VERTEX_POINT('',#4293);
#1881=VERTEX_POINT('',#4295);
#1882=VERTEX_POINT('',#4299);
#1883=VERTEX_POINT('',#4300);
#1884=VERTEX_POINT('',#4302);
#1885=VERTEX_POINT('',#4304);
#1886=VERTEX_POINT('',#4308);
#1887=VERTEX_POINT('',#4309);
#1888=VERTEX_POINT('',#4311);
#1889=VERTEX_POINT('',#4313);
#1890=VERTEX_POINT('',#4317);
#1891=VERTEX_POINT('',#4318);
#1892=VERTEX_POINT('',#4320);
#1893=VERTEX_POINT('',#4322);
#1894=VERTEX_POINT('',#4326);
#1895=VERTEX_POINT('',#4327);
#1896=VERTEX_POINT('',#4329);
#1897=VERTEX_POINT('',#4331);
#1898=VERTEX_POINT('',#4335);
#1899=VERTEX_POINT('',#4336);
#1900=VERTEX_POINT('',#4338);
#1901=VERTEX_POINT('',#4340);
#1902=VERTEX_POINT('',#4344);
#1903=VERTEX_POINT('',#4345);
#1904=VERTEX_POINT('',#4347);
#1905=VERTEX_POINT('',#4349);
#1906=VERTEX_POINT('',#4353);
#1907=VERTEX_POINT('',#4354);
#1908=VERTEX_POINT('',#4356);
#1909=VERTEX_POINT('',#4358);
#1910=VERTEX_POINT('',#4362);
#1911=VERTEX_POINT('',#4363);
#1912=VERTEX_POINT('',#4365);
#1913=VERTEX_POINT('',#4367);
#1914=VERTEX_POINT('',#4371);
#1915=VERTEX_POINT('',#4372);
#1916=VERTEX_POINT('',#4374);
#1917=VERTEX_POINT('',#4376);
#1918=VERTEX_POINT('',#4380);
#1919=VERTEX_POINT('',#4382);
#1920=VERTEX_POINT('',#4384);
#1921=VERTEX_POINT('',#4386);
#1922=VERTEX_POINT('',#4388);
#1923=VERTEX_POINT('',#4390);
#1924=VERTEX_POINT('',#4391);
#1925=VERTEX_POINT('',#4456);
#1926=VERTEX_POINT('',#4458);
#1927=VERTEX_POINT('',#4460);
#1928=VERTEX_POINT('',#4462);
#1929=VERTEX_POINT('',#4527);
#1930=VERTEX_POINT('',#4529);
#1931=VERTEX_POINT('',#4531);
#1932=VERTEX_POINT('',#4533);
#1933=VERTEX_POINT('',#4598);
#1934=VERTEX_POINT('',#4600);
#1935=VERTEX_POINT('',#4602);
#1936=VERTEX_POINT('',#4604);
#1937=VERTEX_POINT('',#4669);
#1938=VERTEX_POINT('',#4671);
#1939=VERTEX_POINT('',#4673);
#1940=VERTEX_POINT('',#4675);
#1941=VERTEX_POINT('',#4740);
#1942=VERTEX_POINT('',#4742);
#1943=VERTEX_POINT('',#4744);
#1944=VERTEX_POINT('',#4746);
#1945=VERTEX_POINT('',#4811);
#1946=VERTEX_POINT('',#4813);
#1947=VERTEX_POINT('',#4815);
#1948=VERTEX_POINT('',#4817);
#1949=VERTEX_POINT('',#4882);
#1950=VERTEX_POINT('',#4884);
#1951=VERTEX_POINT('',#4886);
#1952=VERTEX_POINT('',#4888);
#1953=VERTEX_POINT('',#4953);
#1954=VERTEX_POINT('',#4955);
#1955=VERTEX_POINT('',#4957);
#1956=VERTEX_POINT('',#4959);
#1957=VERTEX_POINT('',#5024);
#1958=VERTEX_POINT('',#5026);
#1959=VERTEX_POINT('',#5028);
#1960=VERTEX_POINT('',#5030);
#1961=VERTEX_POINT('',#5095);
#1962=VERTEX_POINT('',#5097);
#1963=VERTEX_POINT('',#5099);
#1964=VERTEX_POINT('',#5101);
#1965=VERTEX_POINT('',#5134);
#1966=VERTEX_POINT('',#5136);
#1967=VERTEX_POINT('',#5169);
#1968=VERTEX_POINT('',#5171);
#1969=VERTEX_POINT('',#5173);
#1970=VERTEX_POINT('',#5175);
#1971=VERTEX_POINT('',#5240);
#1972=VERTEX_POINT('',#5242);
#1973=VERTEX_POINT('',#5244);
#1974=VERTEX_POINT('',#5246);
#1975=VERTEX_POINT('',#5311);
#1976=VERTEX_POINT('',#5313);
#1977=VERTEX_POINT('',#5315);
#1978=VERTEX_POINT('',#5317);
#1979=VERTEX_POINT('',#5382);
#1980=VERTEX_POINT('',#5384);
#1981=VERTEX_POINT('',#5386);
#1982=VERTEX_POINT('',#5388);
#1983=VERTEX_POINT('',#5453);
#1984=VERTEX_POINT('',#5455);
#1985=VERTEX_POINT('',#5457);
#1986=VERTEX_POINT('',#5459);
#1987=VERTEX_POINT('',#5524);
#1988=VERTEX_POINT('',#5526);
#1989=VERTEX_POINT('',#5528);
#1990=VERTEX_POINT('',#5530);
#1991=VERTEX_POINT('',#5595);
#1992=VERTEX_POINT('',#5597);
#1993=VERTEX_POINT('',#5599);
#1994=VERTEX_POINT('',#5601);
#1995=VERTEX_POINT('',#5666);
#1996=VERTEX_POINT('',#5668);
#1997=VERTEX_POINT('',#5670);
#1998=VERTEX_POINT('',#5672);
#1999=VERTEX_POINT('',#5737);
#2000=VERTEX_POINT('',#5739);
#2001=VERTEX_POINT('',#5741);
#2002=VERTEX_POINT('',#5743);
#2003=VERTEX_POINT('',#5808);
#2004=VERTEX_POINT('',#5810);
#2005=VERTEX_POINT('',#5812);
#2006=VERTEX_POINT('',#5814);
#2007=VERTEX_POINT('',#5879);
#2008=VERTEX_POINT('',#5881);
#2009=VERTEX_POINT('',#5883);
#2010=VERTEX_POINT('',#5885);
#2011=VERTEX_POINT('',#5950);
#2012=VERTEX_POINT('',#5952);
#2013=VERTEX_POINT('',#5954);
#2014=VERTEX_POINT('',#5956);
#2015=VERTEX_POINT('',#6021);
#2016=VERTEX_POINT('',#6023);
#2017=VERTEX_POINT('',#6025);
#2018=VERTEX_POINT('',#6027);
#2019=VERTEX_POINT('',#6092);
#2020=VERTEX_POINT('',#6094);
#2021=VERTEX_POINT('',#6098);
#2022=VERTEX_POINT('',#6100);
#2023=VERTEX_POINT('',#6104);
#2024=VERTEX_POINT('',#6105);
#2025=VERTEX_POINT('',#6170);
#2026=VERTEX_POINT('',#6172);
#2027=VERTEX_POINT('',#6174);
#2028=VERTEX_POINT('',#6176);
#2029=VERTEX_POINT('',#6241);
#2030=VERTEX_POINT('',#6243);
#2031=VERTEX_POINT('',#6245);
#2032=VERTEX_POINT('',#6247);
#2033=VERTEX_POINT('',#6312);
#2034=VERTEX_POINT('',#6314);
#2035=VERTEX_POINT('',#6316);
#2036=VERTEX_POINT('',#6318);
#2037=VERTEX_POINT('',#6383);
#2038=VERTEX_POINT('',#6385);
#2039=VERTEX_POINT('',#6387);
#2040=VERTEX_POINT('',#6389);
#2041=VERTEX_POINT('',#6454);
#2042=VERTEX_POINT('',#6456);
#2043=VERTEX_POINT('',#6458);
#2044=VERTEX_POINT('',#6460);
#2045=VERTEX_POINT('',#6525);
#2046=VERTEX_POINT('',#6527);
#2047=VERTEX_POINT('',#6529);
#2048=VERTEX_POINT('',#6531);
#2049=VERTEX_POINT('',#6596);
#2050=VERTEX_POINT('',#6598);
#2051=VERTEX_POINT('',#6600);
#2052=VERTEX_POINT('',#6602);
#2053=VERTEX_POINT('',#6667);
#2054=VERTEX_POINT('',#6669);
#2055=VERTEX_POINT('',#6671);
#2056=VERTEX_POINT('',#6673);
#2057=VERTEX_POINT('',#6738);
#2058=VERTEX_POINT('',#6740);
#2059=VERTEX_POINT('',#6742);
#2060=VERTEX_POINT('',#6744);
#2061=VERTEX_POINT('',#6809);
#2062=VERTEX_POINT('',#6811);
#2063=VERTEX_POINT('',#6813);
#2064=VERTEX_POINT('',#6815);
#2065=VERTEX_POINT('',#6880);
#2066=VERTEX_POINT('',#6882);
#2067=VERTEX_POINT('',#6884);
#2068=VERTEX_POINT('',#6886);
#2069=VERTEX_POINT('',#6951);
#2070=VERTEX_POINT('',#6953);
#2071=VERTEX_POINT('',#6955);
#2072=VERTEX_POINT('',#6957);
#2073=VERTEX_POINT('',#7022);
#2074=VERTEX_POINT('',#7024);
#2075=VERTEX_POINT('',#7026);
#2076=VERTEX_POINT('',#7028);
#2077=VERTEX_POINT('',#7093);
#2078=VERTEX_POINT('',#7095);
#2079=VERTEX_POINT('',#7097);
#2080=VERTEX_POINT('',#7099);
#2081=VERTEX_POINT('',#7164);
#2082=VERTEX_POINT('',#7166);
#2083=VERTEX_POINT('',#7168);
#2084=VERTEX_POINT('',#7170);
#2085=VERTEX_POINT('',#7235);
#2086=VERTEX_POINT('',#7237);
#2087=VERTEX_POINT('',#7239);
#2088=VERTEX_POINT('',#7241);
#2089=VERTEX_POINT('',#7306);
#2090=VERTEX_POINT('',#7308);
#2091=VERTEX_POINT('',#7310);
#2092=VERTEX_POINT('',#7312);
#2093=VERTEX_POINT('',#7377);
#2094=VERTEX_POINT('',#7379);
#2095=VERTEX_POINT('',#7381);
#2096=VERTEX_POINT('',#7383);
#2097=VERTEX_POINT('',#7448);
#2098=VERTEX_POINT('',#7450);
#2099=VERTEX_POINT('',#7452);
#2100=VERTEX_POINT('',#7454);
#2101=VERTEX_POINT('',#7519);
#2102=VERTEX_POINT('',#7521);
#2103=VERTEX_POINT('',#7523);
#2104=VERTEX_POINT('',#7525);
#2105=VERTEX_POINT('',#7590);
#2106=VERTEX_POINT('',#7592);
#2107=VERTEX_POINT('',#7594);
#2108=VERTEX_POINT('',#7596);
#2109=VERTEX_POINT('',#7661);
#2110=VERTEX_POINT('',#7663);
#2111=VERTEX_POINT('',#7665);
#2112=VERTEX_POINT('',#7667);
#2113=VERTEX_POINT('',#7732);
#2114=VERTEX_POINT('',#7734);
#2115=VERTEX_POINT('',#7736);
#2116=VERTEX_POINT('',#7738);
#2117=VERTEX_POINT('',#7803);
#2118=VERTEX_POINT('',#7805);
#2119=VERTEX_POINT('',#9225);
#2120=VERTEX_POINT('',#9228);
#2121=VERTEX_POINT('',#9232);
#2122=VERTEX_POINT('',#9235);
#2123=VERTEX_POINT('',#9239);
#2124=VERTEX_POINT('',#9242);
#2125=VERTEX_POINT('',#9246);
#2126=VERTEX_POINT('',#9249);
#2127=VERTEX_POINT('',#9253);
#2128=VERTEX_POINT('',#9256);
#2129=CIRCLE('',#3013,0.0121);
#2130=CIRCLE('',#3014,0.0121);
#2131=CIRCLE('',#3016,0.0017);
#2132=CIRCLE('',#3017,0.0017);
#2133=CIRCLE('',#3018,0.0017);
#2134=CIRCLE('',#3019,0.0017);
#2135=CIRCLE('',#3020,0.0017);
#2136=CIRCLE('',#3022,0.0101);
#2137=CIRCLE('',#3024,0.013);
#2138=CIRCLE('',#3025,0.013);
#2139=CIRCLE('',#3027,0.013);
#2140=CIRCLE('',#3028,0.013);
#2141=CIRCLE('',#3030,0.013);
#2142=CIRCLE('',#3031,0.013);
#2143=CIRCLE('',#3033,0.013);
#2144=CIRCLE('',#3034,0.013);
#2145=CIRCLE('',#3036,0.013);
#2146=CIRCLE('',#3037,0.013);
#2147=CIRCLE('',#3039,0.013);
#2148=CIRCLE('',#3040,0.013);
#2149=CIRCLE('',#3042,0.013);
#2150=CIRCLE('',#3043,0.013);
#2151=CIRCLE('',#3045,0.013);
#2152=CIRCLE('',#3046,0.013);
#2153=CIRCLE('',#3048,0.013);
#2154=CIRCLE('',#3049,0.013);
#2155=CIRCLE('',#3051,0.013);
#2156=CIRCLE('',#3052,0.013);
#2157=CIRCLE('',#3054,0.013);
#2158=CIRCLE('',#3055,0.013);
#2159=CIRCLE('',#3057,0.013);
#2160=CIRCLE('',#3058,0.013);
#2161=CIRCLE('',#3060,0.013);
#2162=CIRCLE('',#3061,0.013);
#2163=CIRCLE('',#3063,0.013);
#2164=CIRCLE('',#3064,0.013);
#2165=CIRCLE('',#3066,0.013);
#2166=CIRCLE('',#3067,0.013);
#2167=CIRCLE('',#3069,0.013);
#2168=CIRCLE('',#3070,0.013);
#2169=CIRCLE('',#3072,0.013);
#2170=CIRCLE('',#3073,0.013);
#2171=CIRCLE('',#3075,0.013);
#2172=CIRCLE('',#3076,0.013);
#2173=CIRCLE('',#3078,0.013);
#2174=CIRCLE('',#3079,0.013);
#2175=CIRCLE('',#3081,0.013);
#2176=CIRCLE('',#3082,0.013);
#2177=CIRCLE('',#3084,0.013);
#2178=CIRCLE('',#3085,0.013);
#2179=CIRCLE('',#3087,0.013);
#2180=CIRCLE('',#3088,0.013);
#2181=CIRCLE('',#3090,0.013);
#2182=CIRCLE('',#3091,0.013);
#2183=CIRCLE('',#3093,0.003);
#2184=CIRCLE('',#3094,0.003);
#2185=CIRCLE('',#3095,0.003);
#2186=CIRCLE('',#3096,0.003);
#2187=CIRCLE('',#3097,0.003);
#2188=CIRCLE('',#3098,0.000381840316341248);
#2189=CIRCLE('',#3099,0.000381840316341248);
#2190=CIRCLE('',#3100,0.0107500000000011);
#2191=CIRCLE('',#3101,0.000381840316341248);
#2192=CIRCLE('',#3102,0.000381840316341248);
#2193=CIRCLE('',#3103,0.0107500000000011);
#2194=CIRCLE('',#3104,0.000381840316341248);
#2195=CIRCLE('',#3105,0.000381840316341248);
#2196=CIRCLE('',#3106,0.0107500000000011);
#2197=CIRCLE('',#3107,0.000381840316341248);
#2198=CIRCLE('',#3108,0.000381840316341248);
#2199=CIRCLE('',#3109,0.0107500000000011);
#2200=CIRCLE('',#3110,0.000381840316341248);
#2201=CIRCLE('',#3111,0.000381840316341248);
#2202=CIRCLE('',#3112,0.0107500000000011);
#2203=CIRCLE('',#3113,0.000381840316341248);
#2204=CIRCLE('',#3114,0.000381840316341248);
#2205=CIRCLE('',#3115,0.0107500000000011);
#2206=CIRCLE('',#3116,0.000381840316341248);
#2207=CIRCLE('',#3117,0.000381840316341248);
#2208=CIRCLE('',#3118,0.0107500000000011);
#2209=CIRCLE('',#3119,0.000381840316341248);
#2210=CIRCLE('',#3120,0.000381840316341248);
#2211=CIRCLE('',#3121,0.0107500000000011);
#2212=CIRCLE('',#3122,0.000381840316341248);
#2213=CIRCLE('',#3123,0.000381840316341248);
#2214=CIRCLE('',#3124,0.0107500000000011);
#2215=CIRCLE('',#3125,0.000381840316341248);
#2216=CIRCLE('',#3126,0.000381840316341248);
#2217=CIRCLE('',#3127,0.0107500000000011);
#2218=CIRCLE('',#3128,0.000381840316341248);
#2219=CIRCLE('',#3129,0.013);
#2220=CIRCLE('',#3130,0.000381840316341248);
#2221=CIRCLE('',#3131,0.0107500000000011);
#2222=CIRCLE('',#3132,0.000381840316341248);
#2223=CIRCLE('',#3133,0.000381840316341248);
#2224=CIRCLE('',#3134,0.0107500000000011);
#2225=CIRCLE('',#3135,0.000381840316341248);
#2226=CIRCLE('',#3136,0.000381840316341248);
#2227=CIRCLE('',#3137,0.0107500000000011);
#2228=CIRCLE('',#3138,0.000381840316341248);
#2229=CIRCLE('',#3139,0.000381840316341248);
#2230=CIRCLE('',#3140,0.0107500000000011);
#2231=CIRCLE('',#3141,0.000381840316341248);
#2232=CIRCLE('',#3142,0.000381840316341248);
#2233=CIRCLE('',#3143,0.0107500000000011);
#2234=CIRCLE('',#3144,0.000381840316341248);
#2235=CIRCLE('',#3145,0.000381840316341248);
#2236=CIRCLE('',#3146,0.0107500000000011);
#2237=CIRCLE('',#3147,0.000381840316341248);
#2238=CIRCLE('',#3148,0.000381840316341248);
#2239=CIRCLE('',#3149,0.0107500000000011);
#2240=CIRCLE('',#3150,0.000381840316341248);
#2241=CIRCLE('',#3151,0.000381840316341248);
#2242=CIRCLE('',#3152,0.0107500000000011);
#2243=CIRCLE('',#3153,0.000381840316341248);
#2244=CIRCLE('',#3154,0.000381840316341248);
#2245=CIRCLE('',#3155,0.0107500000000011);
#2246=CIRCLE('',#3156,0.000381840316341248);
#2247=CIRCLE('',#3157,0.000381840316341248);
#2248=CIRCLE('',#3158,0.0107500000000011);
#2249=CIRCLE('',#3159,0.000381840316341248);
#2250=CIRCLE('',#3160,0.000381840316341248);
#2251=CIRCLE('',#3161,0.0107500000000011);
#2252=CIRCLE('',#3162,0.000381840316341248);
#2253=CIRCLE('',#3163,0.000381840316341248);
#2254=CIRCLE('',#3164,0.0107500000000011);
#2255=CIRCLE('',#3165,0.000381840316341248);
#2256=CIRCLE('',#3166,0.000381840316341248);
#2257=CIRCLE('',#3167,0.0107500000000011);
#2258=CIRCLE('',#3168,0.000381840316341248);
#2259=CIRCLE('',#3169,0.000381840316341248);
#2260=CIRCLE('',#3170,0.0107500000000011);
#2261=CIRCLE('',#3172,0.013);
#2262=CIRCLE('',#3174,0.000381840316341248);
#2263=CIRCLE('',#3175,0.000381840316341248);
#2264=CIRCLE('',#3176,0.0107500000000011);
#2265=CIRCLE('',#3177,0.000381840316341248);
#2266=CIRCLE('',#3178,0.000381840316341248);
#2267=CIRCLE('',#3179,0.0107500000000011);
#2268=CIRCLE('',#3180,0.000381840316341248);
#2269=CIRCLE('',#3181,0.000381840316341248);
#2270=CIRCLE('',#3182,0.0107500000000011);
#2271=CIRCLE('',#3183,0.000381840316341248);
#2272=CIRCLE('',#3184,0.000381840316341248);
#2273=CIRCLE('',#3185,0.0107500000000011);
#2274=CIRCLE('',#3186,0.000381840316341248);
#2275=CIRCLE('',#3187,0.000381840316341248);
#2276=CIRCLE('',#3188,0.0107500000000011);
#2277=CIRCLE('',#3189,0.000381840316341248);
#2278=CIRCLE('',#3190,0.000381840316341248);
#2279=CIRCLE('',#3191,0.0107500000000011);
#2280=CIRCLE('',#3192,0.000381840316341248);
#2281=CIRCLE('',#3193,0.000381840316341248);
#2282=CIRCLE('',#3194,0.0107500000000011);
#2283=CIRCLE('',#3195,0.000381840316341248);
#2284=CIRCLE('',#3196,0.000381840316341248);
#2285=CIRCLE('',#3197,0.0107500000000011);
#2286=CIRCLE('',#3198,0.000381840316341248);
#2287=CIRCLE('',#3199,0.000381840316341248);
#2288=CIRCLE('',#3200,0.0107500000000011);
#2289=CIRCLE('',#3201,0.000381840316341248);
#2290=CIRCLE('',#3202,0.000381840316341248);
#2291=CIRCLE('',#3203,0.0107500000000011);
#2292=CIRCLE('',#3204,0.000381840316341248);
#2293=CIRCLE('',#3205,0.000381840316341248);
#2294=CIRCLE('',#3206,0.0107500000000011);
#2295=CIRCLE('',#3207,0.000381840316341248);
#2296=CIRCLE('',#3208,0.000381840316341248);
#2297=CIRCLE('',#3209,0.0107500000000011);
#2298=CIRCLE('',#3210,0.000381840316341248);
#2299=CIRCLE('',#3211,0.000381840316341248);
#2300=CIRCLE('',#3212,0.0107500000000011);
#2301=CIRCLE('',#3213,0.000381840316341248);
#2302=CIRCLE('',#3214,0.000381840316341248);
#2303=CIRCLE('',#3215,0.0107500000000011);
#2304=CIRCLE('',#3216,0.000381840316341248);
#2305=CIRCLE('',#3217,0.000381840316341248);
#2306=CIRCLE('',#3218,0.0107500000000011);
#2307=CIRCLE('',#3219,0.000381840316341248);
#2308=CIRCLE('',#3220,0.000381840316341248);
#2309=CIRCLE('',#3221,0.0107500000000011);
#2310=CIRCLE('',#3222,0.000381840316341248);
#2311=CIRCLE('',#3223,0.000381840316341248);
#2312=CIRCLE('',#3224,0.0107500000000011);
#2313=CIRCLE('',#3225,0.000381840316341248);
#2314=CIRCLE('',#3226,0.000381840316341248);
#2315=CIRCLE('',#3227,0.0107500000000011);
#2316=CIRCLE('',#3228,0.000381840316341248);
#2317=CIRCLE('',#3229,0.000381840316341248);
#2318=CIRCLE('',#3230,0.0107500000000011);
#2319=CIRCLE('',#3231,0.000381840316341248);
#2320=CIRCLE('',#3232,0.000381840316341248);
#2321=CIRCLE('',#3233,0.0107500000000011);
#2322=CIRCLE('',#3234,0.000381840316341248);
#2323=CIRCLE('',#3235,0.000381840316341248);
#2324=CIRCLE('',#3236,0.0107500000000011);
#2325=CIRCLE('',#3237,0.000381840316341248);
#2326=CIRCLE('',#3238,0.000381840316341248);
#2327=CIRCLE('',#3239,0.0107500000000011);
#2328=CIRCLE('',#3240,0.000381840316341248);
#2329=CIRCLE('',#3241,0.000381840316341248);
#2330=CIRCLE('',#3242,0.0107500000000011);
#2331=CIRCLE('',#3243,0.000381840316341248);
#2332=CIRCLE('',#3244,0.000381840316341248);
#2333=CIRCLE('',#3245,0.0107500000000011);
#2334=CIRCLE('',#3319,0.0017);
#2335=CIRCLE('',#3321,0.003);
#2336=CIRCLE('',#3324,0.0017);
#2337=CIRCLE('',#3326,0.003);
#2338=CIRCLE('',#3329,0.0017);
#2339=CIRCLE('',#3331,0.003);
#2340=CIRCLE('',#3334,0.0017);
#2341=CIRCLE('',#3336,0.003);
#2342=CIRCLE('',#3339,0.0017);
#2343=CIRCLE('',#3341,0.003);
#2344=EDGE_LOOP('',(#453));
#2345=EDGE_LOOP('',(#454));
#2346=EDGE_LOOP('',(#455));
#2347=EDGE_LOOP('',(#456));
#2348=EDGE_LOOP('',(#457));
#2349=EDGE_LOOP('',(#458));
#2350=EDGE_LOOP('',(#459));
#2351=EDGE_LOOP('',(#460));
#2352=EDGE_LOOP('',(#461));
#2353=EDGE_LOOP('',(#462));
#2354=EDGE_LOOP('',(#463,#464,#465,#466));
#2355=EDGE_LOOP('',(#467,#468,#469,#470));
#2356=EDGE_LOOP('',(#471,#472,#473,#474));
#2357=EDGE_LOOP('',(#475,#476,#477,#478));
#2358=EDGE_LOOP('',(#479,#480,#481,#482));
#2359=EDGE_LOOP('',(#483,#484,#485,#486));
#2360=EDGE_LOOP('',(#487,#488,#489,#490));
#2361=EDGE_LOOP('',(#491,#492,#493,#494));
#2362=EDGE_LOOP('',(#495,#496,#497,#498));
#2363=EDGE_LOOP('',(#499,#500,#501,#502));
#2364=EDGE_LOOP('',(#503,#504,#505,#506));
#2365=EDGE_LOOP('',(#507,#508,#509,#510));
#2366=EDGE_LOOP('',(#511,#512,#513,#514));
#2367=EDGE_LOOP('',(#515,#516,#517,#518));
#2368=EDGE_LOOP('',(#519,#520,#521,#522));
#2369=EDGE_LOOP('',(#523,#524,#525,#526));
#2370=EDGE_LOOP('',(#527,#528,#529,#530));
#2371=EDGE_LOOP('',(#531,#532,#533,#534));
#2372=EDGE_LOOP('',(#535,#536,#537,#538));
#2373=EDGE_LOOP('',(#539,#540,#541,#542));
#2374=EDGE_LOOP('',(#543,#544,#545,#546));
#2375=EDGE_LOOP('',(#547,#548,#549,#550));
#2376=EDGE_LOOP('',(#551,#552,#553,#554));
#2377=EDGE_LOOP('',(#555));
#2378=EDGE_LOOP('',(#556));
#2379=EDGE_LOOP('',(#557));
#2380=EDGE_LOOP('',(#558));
#2381=EDGE_LOOP('',(#559));
#2382=EDGE_LOOP('',(#560,#561,#562,#563,#564,#565,#566,#567,#568,#569,#570,
#571,#572,#573,#574,#575,#576,#577,#578,#579,#580,#581,#582,#583,#584,#585,
#586,#587,#588,#589,#590,#591,#592,#593,#594,#595,#596,#597,#598,#599,#600,
#601,#602,#603,#604,#605,#606,#607,#608,#609,#610,#611,#612,#613,#614,#615,
#616,#617,#618,#619,#620,#621,#622,#623,#624,#625,#626,#627,#628,#629,#630,
#631,#632,#633,#634,#635,#636,#637,#638,#639,#640,#641,#642,#643,#644,#645,
#646,#647,#648,#649,#650,#651,#652,#653,#654,#655,#656,#657,#658,#659,#660,
#661,#662,#663,#664,#665,#666,#667,#668,#669,#670,#671,#672,#673,#674,#675,
#676,#677,#678,#679,#680,#681,#682,#683,#684,#685,#686,#687,#688,#689,#690,
#691,#692,#693,#694,#695,#696,#697,#698,#699,#700,#701,#702,#703));
#2383=EDGE_LOOP('',(#704,#705,#706,#707));
#2384=EDGE_LOOP('',(#708));
#2385=EDGE_LOOP('',(#709,#710,#711,#712,#713,#714,#715,#716,#717,#718,#719,
#720,#721,#722,#723,#724,#725,#726,#727,#728,#729,#730,#731,#732,#733,#734,
#735,#736,#737,#738,#739,#740,#741,#742,#743,#744,#745,#746,#747,#748,#749,
#750,#751,#752,#753,#754,#755,#756,#757,#758,#759,#760,#761,#762,#763,#764,
#765,#766,#767,#768,#769,#770,#771,#772,#773,#774,#775,#776,#777,#778,#779,
#780,#781,#782,#783,#784,#785,#786,#787,#788,#789,#790,#791,#792,#793,#794,
#795,#796,#797,#798,#799,#800,#801,#802,#803,#804,#805,#806,#807,#808,#809,
#810,#811,#812,#813,#814,#815,#816,#817,#818,#819,#820,#821,#822,#823,#824,
#825,#826,#827,#828,#829,#830,#831,#832,#833,#834,#835,#836,#837,#838,#839,
#840,#841,#842,#843,#844,#845,#846,#847,#848,#849,#850,#851,#852));
#2386=EDGE_LOOP('',(#853,#854,#855,#856));
#2387=EDGE_LOOP('',(#857,#858,#859,#860));
#2388=EDGE_LOOP('',(#861,#862,#863,#864));
#2389=EDGE_LOOP('',(#865,#866,#867,#868));
#2390=EDGE_LOOP('',(#869,#870,#871,#872));
#2391=EDGE_LOOP('',(#873,#874,#875,#876));
#2392=EDGE_LOOP('',(#877,#878,#879,#880));
#2393=EDGE_LOOP('',(#881,#882,#883,#884));
#2394=EDGE_LOOP('',(#885,#886,#887,#888));
#2395=EDGE_LOOP('',(#889,#890,#891,#892));
#2396=EDGE_LOOP('',(#893,#894,#895,#896));
#2397=EDGE_LOOP('',(#897,#898,#899,#900));
#2398=EDGE_LOOP('',(#901,#902,#903,#904));
#2399=EDGE_LOOP('',(#905,#906,#907,#908));
#2400=EDGE_LOOP('',(#909,#910,#911,#912));
#2401=EDGE_LOOP('',(#913,#914,#915,#916));
#2402=EDGE_LOOP('',(#917,#918,#919,#920));
#2403=EDGE_LOOP('',(#921,#922,#923,#924));
#2404=EDGE_LOOP('',(#925,#926,#927,#928));
#2405=EDGE_LOOP('',(#929,#930,#931,#932));
#2406=EDGE_LOOP('',(#933,#934,#935,#936));
#2407=EDGE_LOOP('',(#937,#938,#939,#940));
#2408=EDGE_LOOP('',(#941,#942,#943,#944));
#2409=EDGE_LOOP('',(#945,#946,#947,#948));
#2410=EDGE_LOOP('',(#949,#950,#951,#952));
#2411=EDGE_LOOP('',(#953,#954,#955,#956));
#2412=EDGE_LOOP('',(#957,#958,#959,#960));
#2413=EDGE_LOOP('',(#961,#962,#963,#964));
#2414=EDGE_LOOP('',(#965,#966,#967,#968));
#2415=EDGE_LOOP('',(#969,#970,#971,#972));
#2416=EDGE_LOOP('',(#973,#974,#975,#976));
#2417=EDGE_LOOP('',(#977,#978,#979,#980));
#2418=EDGE_LOOP('',(#981,#982,#983,#984));
#2419=EDGE_LOOP('',(#985,#986,#987,#988));
#2420=EDGE_LOOP('',(#989,#990,#991,#992));
#2421=EDGE_LOOP('',(#993,#994,#995,#996));
#2422=EDGE_LOOP('',(#997,#998,#999,#1000));
#2423=EDGE_LOOP('',(#1001,#1002,#1003,#1004));
#2424=EDGE_LOOP('',(#1005,#1006,#1007,#1008));
#2425=EDGE_LOOP('',(#1009,#1010,#1011,#1012));
#2426=EDGE_LOOP('',(#1013,#1014,#1015,#1016));
#2427=EDGE_LOOP('',(#1017,#1018,#1019,#1020));
#2428=EDGE_LOOP('',(#1021,#1022,#1023,#1024));
#2429=EDGE_LOOP('',(#1025,#1026,#1027,#1028));
#2430=EDGE_LOOP('',(#1029,#1030,#1031,#1032));
#2431=EDGE_LOOP('',(#1033,#1034,#1035,#1036));
#2432=EDGE_LOOP('',(#1037,#1038,#1039,#1040));
#2433=EDGE_LOOP('',(#1041,#1042,#1043,#1044));
#2434=EDGE_LOOP('',(#1045,#1046,#1047,#1048));
#2435=EDGE_LOOP('',(#1049,#1050,#1051,#1052));
#2436=EDGE_LOOP('',(#1053,#1054,#1055,#1056));
#2437=EDGE_LOOP('',(#1057,#1058,#1059,#1060));
#2438=EDGE_LOOP('',(#1061,#1062,#1063,#1064));
#2439=EDGE_LOOP('',(#1065,#1066,#1067,#1068));
#2440=EDGE_LOOP('',(#1069,#1070,#1071,#1072));
#2441=EDGE_LOOP('',(#1073,#1074,#1075,#1076));
#2442=EDGE_LOOP('',(#1077,#1078,#1079,#1080));
#2443=EDGE_LOOP('',(#1081,#1082,#1083,#1084));
#2444=EDGE_LOOP('',(#1085,#1086,#1087,#1088));
#2445=EDGE_LOOP('',(#1089,#1090,#1091,#1092));
#2446=EDGE_LOOP('',(#1093,#1094,#1095,#1096));
#2447=EDGE_LOOP('',(#1097,#1098,#1099,#1100));
#2448=EDGE_LOOP('',(#1101,#1102,#1103,#1104));
#2449=EDGE_LOOP('',(#1105,#1106,#1107,#1108));
#2450=EDGE_LOOP('',(#1109,#1110,#1111,#1112));
#2451=EDGE_LOOP('',(#1113,#1114,#1115,#1116));
#2452=EDGE_LOOP('',(#1117,#1118,#1119,#1120));
#2453=EDGE_LOOP('',(#1121,#1122,#1123,#1124));
#2454=EDGE_LOOP('',(#1125,#1126,#1127,#1128));
#2455=EDGE_LOOP('',(#1129,#1130,#1131,#1132));
#2456=EDGE_LOOP('',(#1133,#1134,#1135,#1136));
#2457=EDGE_LOOP('',(#1137,#1138,#1139,#1140));
#2458=EDGE_LOOP('',(#1141,#1142,#1143,#1144));
#2459=EDGE_LOOP('',(#1145,#1146,#1147,#1148));
#2460=EDGE_LOOP('',(#1149,#1150,#1151,#1152));
#2461=EDGE_LOOP('',(#1153,#1154,#1155,#1156));
#2462=EDGE_LOOP('',(#1157,#1158,#1159,#1160));
#2463=EDGE_LOOP('',(#1161,#1162,#1163,#1164));
#2464=EDGE_LOOP('',(#1165,#1166,#1167,#1168));
#2465=EDGE_LOOP('',(#1169,#1170,#1171,#1172));
#2466=EDGE_LOOP('',(#1173,#1174,#1175,#1176));
#2467=EDGE_LOOP('',(#1177,#1178,#1179,#1180));
#2468=EDGE_LOOP('',(#1181,#1182,#1183,#1184));
#2469=EDGE_LOOP('',(#1185,#1186,#1187,#1188));
#2470=EDGE_LOOP('',(#1189,#1190,#1191,#1192));
#2471=EDGE_LOOP('',(#1193,#1194,#1195,#1196));
#2472=EDGE_LOOP('',(#1197,#1198,#1199,#1200));
#2473=EDGE_LOOP('',(#1201,#1202,#1203,#1204));
#2474=EDGE_LOOP('',(#1205,#1206,#1207,#1208));
#2475=EDGE_LOOP('',(#1209,#1210,#1211,#1212));
#2476=EDGE_LOOP('',(#1213,#1214,#1215,#1216));
#2477=EDGE_LOOP('',(#1217,#1218,#1219,#1220));
#2478=EDGE_LOOP('',(#1221,#1222,#1223,#1224));
#2479=EDGE_LOOP('',(#1225,#1226,#1227,#1228));
#2480=EDGE_LOOP('',(#1229,#1230,#1231,#1232));
#2481=EDGE_LOOP('',(#1233,#1234,#1235,#1236));
#2482=EDGE_LOOP('',(#1237,#1238,#1239,#1240));
#2483=EDGE_LOOP('',(#1241,#1242,#1243,#1244));
#2484=EDGE_LOOP('',(#1245,#1246,#1247,#1248));
#2485=EDGE_LOOP('',(#1249,#1250,#1251,#1252));
#2486=EDGE_LOOP('',(#1253,#1254,#1255,#1256));
#2487=EDGE_LOOP('',(#1257,#1258,#1259,#1260));
#2488=EDGE_LOOP('',(#1261,#1262,#1263,#1264));
#2489=EDGE_LOOP('',(#1265,#1266,#1267,#1268));
#2490=EDGE_LOOP('',(#1269,#1270,#1271,#1272));
#2491=EDGE_LOOP('',(#1273,#1274,#1275,#1276));
#2492=EDGE_LOOP('',(#1277,#1278,#1279,#1280));
#2493=EDGE_LOOP('',(#1281,#1282,#1283,#1284));
#2494=EDGE_LOOP('',(#1285,#1286,#1287,#1288));
#2495=EDGE_LOOP('',(#1289,#1290,#1291,#1292));
#2496=EDGE_LOOP('',(#1293,#1294,#1295,#1296));
#2497=EDGE_LOOP('',(#1297,#1298,#1299,#1300));
#2498=EDGE_LOOP('',(#1301,#1302,#1303,#1304));
#2499=EDGE_LOOP('',(#1305,#1306,#1307,#1308));
#2500=EDGE_LOOP('',(#1309,#1310,#1311,#1312));
#2501=EDGE_LOOP('',(#1313,#1314,#1315,#1316));
#2502=EDGE_LOOP('',(#1317,#1318,#1319,#1320));
#2503=EDGE_LOOP('',(#1321,#1322,#1323,#1324));
#2504=EDGE_LOOP('',(#1325,#1326,#1327,#1328));
#2505=EDGE_LOOP('',(#1329,#1330,#1331,#1332));
#2506=EDGE_LOOP('',(#1333));
#2507=EDGE_LOOP('',(#1334));
#2508=EDGE_LOOP('',(#1335));
#2509=EDGE_LOOP('',(#1336));
#2510=EDGE_LOOP('',(#1337));
#2511=EDGE_LOOP('',(#1338));
#2512=EDGE_LOOP('',(#1339));
#2513=EDGE_LOOP('',(#1340));
#2514=EDGE_LOOP('',(#1341));
#2515=EDGE_LOOP('',(#1342));
#2516=EDGE_LOOP('',(#1343));
#2517=EDGE_LOOP('',(#1344));
#2518=EDGE_LOOP('',(#1345));
#2519=EDGE_LOOP('',(#1346));
#2520=EDGE_LOOP('',(#1347));
#2521=EDGE_LOOP('',(#1348));
#2522=EDGE_LOOP('',(#1349));
#2523=EDGE_LOOP('',(#1350));
#2524=EDGE_LOOP('',(#1351));
#2525=EDGE_LOOP('',(#1352));
#2526=EDGE_LOOP('',(#1353));
#2527=EDGE_LOOP('',(#1354));
#2528=EDGE_LOOP('',(#1355));
#2529=EDGE_LOOP('',(#1356));
#2530=EDGE_LOOP('',(#1357));
#2531=EDGE_LOOP('',(#1358));
#2532=EDGE_LOOP('',(#1359));
#2533=EDGE_LOOP('',(#1360));
#2534=EDGE_LOOP('',(#1361));
#2535=EDGE_LOOP('',(#1362));
#2536=FACE_BOUND('',#2344,.T.);
#2537=FACE_BOUND('',#2345,.T.);
#2538=FACE_BOUND('',#2346,.T.);
#2539=FACE_BOUND('',#2347,.T.);
#2540=FACE_BOUND('',#2348,.T.);
#2541=FACE_BOUND('',#2349,.T.);
#2542=FACE_BOUND('',#2350,.T.);
#2543=FACE_BOUND('',#2351,.T.);
#2544=FACE_BOUND('',#2352,.T.);
#2545=FACE_BOUND('',#2353,.T.);
#2546=FACE_BOUND('',#2354,.T.);
#2547=FACE_BOUND('',#2355,.T.);
#2548=FACE_BOUND('',#2356,.T.);
#2549=FACE_BOUND('',#2357,.T.);
#2550=FACE_BOUND('',#2358,.T.);
#2551=FACE_BOUND('',#2359,.T.);
#2552=FACE_BOUND('',#2360,.T.);
#2553=FACE_BOUND('',#2361,.T.);
#2554=FACE_BOUND('',#2362,.T.);
#2555=FACE_BOUND('',#2363,.T.);
#2556=FACE_BOUND('',#2364,.T.);
#2557=FACE_BOUND('',#2365,.T.);
#2558=FACE_BOUND('',#2366,.T.);
#2559=FACE_BOUND('',#2367,.T.);
#2560=FACE_BOUND('',#2368,.T.);
#2561=FACE_BOUND('',#2369,.T.);
#2562=FACE_BOUND('',#2370,.T.);
#2563=FACE_BOUND('',#2371,.T.);
#2564=FACE_BOUND('',#2372,.T.);
#2565=FACE_BOUND('',#2373,.T.);
#2566=FACE_BOUND('',#2374,.T.);
#2567=FACE_BOUND('',#2375,.T.);
#2568=FACE_BOUND('',#2376,.T.);
#2569=FACE_BOUND('',#2377,.T.);
#2570=FACE_BOUND('',#2378,.T.);
#2571=FACE_BOUND('',#2379,.T.);
#2572=FACE_BOUND('',#2380,.T.);
#2573=FACE_BOUND('',#2381,.T.);
#2574=FACE_BOUND('',#2382,.T.);
#2575=FACE_BOUND('',#2383,.T.);
#2576=FACE_BOUND('',#2384,.T.);
#2577=FACE_BOUND('',#2385,.T.);
#2578=FACE_BOUND('',#2386,.T.);
#2579=FACE_BOUND('',#2387,.T.);
#2580=FACE_BOUND('',#2388,.T.);
#2581=FACE_BOUND('',#2389,.T.);
#2582=FACE_BOUND('',#2390,.T.);
#2583=FACE_BOUND('',#2391,.T.);
#2584=FACE_BOUND('',#2392,.T.);
#2585=FACE_BOUND('',#2393,.T.);
#2586=FACE_BOUND('',#2394,.T.);
#2587=FACE_BOUND('',#2395,.T.);
#2588=FACE_BOUND('',#2396,.T.);
#2589=FACE_BOUND('',#2397,.T.);
#2590=FACE_BOUND('',#2398,.T.);
#2591=FACE_BOUND('',#2399,.T.);
#2592=FACE_BOUND('',#2400,.T.);
#2593=FACE_BOUND('',#2401,.T.);
#2594=FACE_BOUND('',#2402,.T.);
#2595=FACE_BOUND('',#2403,.T.);
#2596=FACE_BOUND('',#2404,.T.);
#2597=FACE_BOUND('',#2405,.T.);
#2598=FACE_BOUND('',#2406,.T.);
#2599=FACE_BOUND('',#2407,.T.);
#2600=FACE_BOUND('',#2408,.T.);
#2601=FACE_BOUND('',#2409,.T.);
#2602=FACE_BOUND('',#2410,.T.);
#2603=FACE_BOUND('',#2411,.T.);
#2604=FACE_BOUND('',#2412,.T.);
#2605=FACE_BOUND('',#2413,.T.);
#2606=FACE_BOUND('',#2414,.T.);
#2607=FACE_BOUND('',#2415,.T.);
#2608=FACE_BOUND('',#2416,.T.);
#2609=FACE_BOUND('',#2417,.T.);
#2610=FACE_BOUND('',#2418,.T.);
#2611=FACE_BOUND('',#2419,.T.);
#2612=FACE_BOUND('',#2420,.T.);
#2613=FACE_BOUND('',#2421,.T.);
#2614=FACE_BOUND('',#2422,.T.);
#2615=FACE_BOUND('',#2423,.T.);
#2616=FACE_BOUND('',#2424,.T.);
#2617=FACE_BOUND('',#2425,.T.);
#2618=FACE_BOUND('',#2426,.T.);
#2619=FACE_BOUND('',#2427,.T.);
#2620=FACE_BOUND('',#2428,.T.);
#2621=FACE_BOUND('',#2429,.T.);
#2622=FACE_BOUND('',#2430,.T.);
#2623=FACE_BOUND('',#2431,.T.);
#2624=FACE_BOUND('',#2432,.T.);
#2625=FACE_BOUND('',#2433,.T.);
#2626=FACE_BOUND('',#2434,.T.);
#2627=FACE_BOUND('',#2435,.T.);
#2628=FACE_BOUND('',#2436,.T.);
#2629=FACE_BOUND('',#2437,.T.);
#2630=FACE_BOUND('',#2438,.T.);
#2631=FACE_BOUND('',#2439,.T.);
#2632=FACE_BOUND('',#2440,.T.);
#2633=FACE_BOUND('',#2441,.T.);
#2634=FACE_BOUND('',#2442,.T.);
#2635=FACE_BOUND('',#2443,.T.);
#2636=FACE_BOUND('',#2444,.T.);
#2637=FACE_BOUND('',#2445,.T.);
#2638=FACE_BOUND('',#2446,.T.);
#2639=FACE_BOUND('',#2447,.T.);
#2640=FACE_BOUND('',#2448,.T.);
#2641=FACE_BOUND('',#2449,.T.);
#2642=FACE_BOUND('',#2450,.T.);
#2643=FACE_BOUND('',#2451,.T.);
#2644=FACE_BOUND('',#2452,.T.);
#2645=FACE_BOUND('',#2453,.T.);
#2646=FACE_BOUND('',#2454,.T.);
#2647=FACE_BOUND('',#2455,.T.);
#2648=FACE_BOUND('',#2456,.T.);
#2649=FACE_BOUND('',#2457,.T.);
#2650=FACE_BOUND('',#2458,.T.);
#2651=FACE_BOUND('',#2459,.T.);
#2652=FACE_BOUND('',#2460,.T.);
#2653=FACE_BOUND('',#2461,.T.);
#2654=FACE_BOUND('',#2462,.T.);
#2655=FACE_BOUND('',#2463,.T.);
#2656=FACE_BOUND('',#2464,.T.);
#2657=FACE_BOUND('',#2465,.T.);
#2658=FACE_BOUND('',#2466,.T.);
#2659=FACE_BOUND('',#2467,.T.);
#2660=FACE_BOUND('',#2468,.T.);
#2661=FACE_BOUND('',#2469,.T.);
#2662=FACE_BOUND('',#2470,.T.);
#2663=FACE_BOUND('',#2471,.T.);
#2664=FACE_BOUND('',#2472,.T.);
#2665=FACE_BOUND('',#2473,.T.);
#2666=FACE_BOUND('',#2474,.T.);
#2667=FACE_BOUND('',#2475,.T.);
#2668=FACE_BOUND('',#2476,.T.);
#2669=FACE_BOUND('',#2477,.T.);
#2670=FACE_BOUND('',#2478,.T.);
#2671=FACE_BOUND('',#2479,.T.);
#2672=FACE_BOUND('',#2480,.T.);
#2673=FACE_BOUND('',#2481,.T.);
#2674=FACE_BOUND('',#2482,.T.);
#2675=FACE_BOUND('',#2483,.T.);
#2676=FACE_BOUND('',#2484,.T.);
#2677=FACE_BOUND('',#2485,.T.);
#2678=FACE_BOUND('',#2486,.T.);
#2679=FACE_BOUND('',#2487,.T.);
#2680=FACE_BOUND('',#2488,.T.);
#2681=FACE_BOUND('',#2489,.T.);
#2682=FACE_BOUND('',#2490,.T.);
#2683=FACE_BOUND('',#2491,.T.);
#2684=FACE_BOUND('',#2492,.T.);
#2685=FACE_BOUND('',#2493,.T.);
#2686=FACE_BOUND('',#2494,.T.);
#2687=FACE_BOUND('',#2495,.T.);
#2688=FACE_BOUND('',#2496,.T.);
#2689=FACE_BOUND('',#2497,.T.);
#2690=FACE_BOUND('',#2498,.T.);
#2691=FACE_BOUND('',#2499,.T.);
#2692=FACE_BOUND('',#2500,.T.);
#2693=FACE_BOUND('',#2501,.T.);
#2694=FACE_BOUND('',#2502,.T.);
#2695=FACE_BOUND('',#2503,.T.);
#2696=FACE_BOUND('',#2504,.T.);
#2697=FACE_BOUND('',#2505,.T.);
#2698=FACE_BOUND('',#2506,.T.);
#2699=FACE_BOUND('',#2507,.T.);
#2700=FACE_BOUND('',#2508,.T.);
#2701=FACE_BOUND('',#2509,.T.);
#2702=FACE_BOUND('',#2510,.T.);
#2703=FACE_BOUND('',#2511,.T.);
#2704=FACE_BOUND('',#2512,.T.);
#2705=FACE_BOUND('',#2513,.T.);
#2706=FACE_BOUND('',#2514,.T.);
#2707=FACE_BOUND('',#2515,.T.);
#2708=FACE_BOUND('',#2516,.T.);
#2709=FACE_BOUND('',#2517,.T.);
#2710=FACE_BOUND('',#2518,.T.);
#2711=FACE_BOUND('',#2519,.T.);
#2712=FACE_BOUND('',#2520,.T.);
#2713=FACE_BOUND('',#2521,.T.);
#2714=FACE_BOUND('',#2522,.T.);
#2715=FACE_BOUND('',#2523,.T.);
#2716=FACE_BOUND('',#2524,.T.);
#2717=FACE_BOUND('',#2525,.T.);
#2718=FACE_BOUND('',#2526,.T.);
#2719=FACE_BOUND('',#2527,.T.);
#2720=FACE_BOUND('',#2528,.T.);
#2721=FACE_BOUND('',#2529,.T.);
#2722=FACE_BOUND('',#2530,.T.);
#2723=FACE_BOUND('',#2531,.T.);
#2724=FACE_BOUND('',#2532,.T.);
#2725=FACE_BOUND('',#2533,.T.);
#2726=FACE_BOUND('',#2534,.T.);
#2727=FACE_BOUND('',#2535,.T.);
#2728=CYLINDRICAL_SURFACE('',#3012,0.0121);
#2729=CYLINDRICAL_SURFACE('',#3023,0.013);
#2730=CYLINDRICAL_SURFACE('',#3026,0.013);
#2731=CYLINDRICAL_SURFACE('',#3029,0.013);
#2732=CYLINDRICAL_SURFACE('',#3032,0.013);
#2733=CYLINDRICAL_SURFACE('',#3035,0.013);
#2734=CYLINDRICAL_SURFACE('',#3038,0.013);
#2735=CYLINDRICAL_SURFACE('',#3041,0.013);
#2736=CYLINDRICAL_SURFACE('',#3044,0.013);
#2737=CYLINDRICAL_SURFACE('',#3047,0.013);
#2738=CYLINDRICAL_SURFACE('',#3050,0.013);
#2739=CYLINDRICAL_SURFACE('',#3053,0.013);
#2740=CYLINDRICAL_SURFACE('',#3056,0.013);
#2741=CYLINDRICAL_SURFACE('',#3059,0.013);
#2742=CYLINDRICAL_SURFACE('',#3062,0.013);
#2743=CYLINDRICAL_SURFACE('',#3065,0.013);
#2744=CYLINDRICAL_SURFACE('',#3068,0.013);
#2745=CYLINDRICAL_SURFACE('',#3071,0.013);
#2746=CYLINDRICAL_SURFACE('',#3074,0.013);
#2747=CYLINDRICAL_SURFACE('',#3077,0.013);
#2748=CYLINDRICAL_SURFACE('',#3080,0.013);
#2749=CYLINDRICAL_SURFACE('',#3083,0.013);
#2750=CYLINDRICAL_SURFACE('',#3086,0.013);
#2751=CYLINDRICAL_SURFACE('',#3089,0.013);
#2752=CYLINDRICAL_SURFACE('',#3171,0.013);
#2753=CYLINDRICAL_SURFACE('',#3246,0.0107500000000011);
#2754=CYLINDRICAL_SURFACE('',#3247,0.000381840316341248);
#2755=CYLINDRICAL_SURFACE('',#3248,0.000381840316341248);
#2756=CYLINDRICAL_SURFACE('',#3249,0.0107500000000011);
#2757=CYLINDRICAL_SURFACE('',#3250,0.000381840316341248);
#2758=CYLINDRICAL_SURFACE('',#3251,0.000381840316341248);
#2759=CYLINDRICAL_SURFACE('',#3252,0.0107500000000011);
#2760=CYLINDRICAL_SURFACE('',#3253,0.000381840316341248);
#2761=CYLINDRICAL_SURFACE('',#3254,0.000381840316341248);
#2762=CYLINDRICAL_SURFACE('',#3255,0.0107500000000011);
#2763=CYLINDRICAL_SURFACE('',#3256,0.000381840316341248);
#2764=CYLINDRICAL_SURFACE('',#3257,0.000381840316341248);
#2765=CYLINDRICAL_SURFACE('',#3258,0.0107500000000011);
#2766=CYLINDRICAL_SURFACE('',#3259,0.000381840316341248);
#2767=CYLINDRICAL_SURFACE('',#3260,0.000381840316341248);
#2768=CYLINDRICAL_SURFACE('',#3261,0.0107500000000011);
#2769=CYLINDRICAL_SURFACE('',#3262,0.000381840316341248);
#2770=CYLINDRICAL_SURFACE('',#3263,0.000381840316341248);
#2771=CYLINDRICAL_SURFACE('',#3264,0.0107500000000011);
#2772=CYLINDRICAL_SURFACE('',#3265,0.000381840316341248);
#2773=CYLINDRICAL_SURFACE('',#3266,0.000381840316341248);
#2774=CYLINDRICAL_SURFACE('',#3267,0.0107500000000011);
#2775=CYLINDRICAL_SURFACE('',#3268,0.000381840316341248);
#2776=CYLINDRICAL_SURFACE('',#3269,0.000381840316341248);
#2777=CYLINDRICAL_SURFACE('',#3270,0.0107500000000011);
#2778=CYLINDRICAL_SURFACE('',#3271,0.000381840316341248);
#2779=CYLINDRICAL_SURFACE('',#3272,0.000381840316341248);
#2780=CYLINDRICAL_SURFACE('',#3273,0.0107500000000011);
#2781=CYLINDRICAL_SURFACE('',#3274,0.000381840316341248);
#2782=CYLINDRICAL_SURFACE('',#3275,0.000381840316341248);
#2783=CYLINDRICAL_SURFACE('',#3276,0.0107500000000011);
#2784=CYLINDRICAL_SURFACE('',#3277,0.000381840316341248);
#2785=CYLINDRICAL_SURFACE('',#3278,0.000381840316341248);
#2786=CYLINDRICAL_SURFACE('',#3279,0.0107500000000011);
#2787=CYLINDRICAL_SURFACE('',#3280,0.000381840316341248);
#2788=CYLINDRICAL_SURFACE('',#3281,0.000381840316341248);
#2789=CYLINDRICAL_SURFACE('',#3282,0.0107500000000011);
#2790=CYLINDRICAL_SURFACE('',#3283,0.000381840316341248);
#2791=CYLINDRICAL_SURFACE('',#3284,0.000381840316341248);
#2792=CYLINDRICAL_SURFACE('',#3285,0.0107500000000011);
#2793=CYLINDRICAL_SURFACE('',#3286,0.000381840316341248);
#2794=CYLINDRICAL_SURFACE('',#3287,0.000381840316341248);
#2795=CYLINDRICAL_SURFACE('',#3288,0.0107500000000011);
#2796=CYLINDRICAL_SURFACE('',#3289,0.000381840316341248);
#2797=CYLINDRICAL_SURFACE('',#3290,0.000381840316341248);
#2798=CYLINDRICAL_SURFACE('',#3291,0.0107500000000011);
#2799=CYLINDRICAL_SURFACE('',#3292,0.000381840316341248);
#2800=CYLINDRICAL_SURFACE('',#3293,0.000381840316341248);
#2801=CYLINDRICAL_SURFACE('',#3294,0.0107500000000011);
#2802=CYLINDRICAL_SURFACE('',#3295,0.000381840316341248);
#2803=CYLINDRICAL_SURFACE('',#3296,0.000381840316341248);
#2804=CYLINDRICAL_SURFACE('',#3297,0.0107500000000011);
#2805=CYLINDRICAL_SURFACE('',#3298,0.000381840316341248);
#2806=CYLINDRICAL_SURFACE('',#3299,0.000381840316341248);
#2807=CYLINDRICAL_SURFACE('',#3300,0.0107500000000011);
#2808=CYLINDRICAL_SURFACE('',#3301,0.000381840316341248);
#2809=CYLINDRICAL_SURFACE('',#3302,0.000381840316341248);
#2810=CYLINDRICAL_SURFACE('',#3303,0.0107500000000011);
#2811=CYLINDRICAL_SURFACE('',#3304,0.000381840316341248);
#2812=CYLINDRICAL_SURFACE('',#3305,0.000381840316341248);
#2813=CYLINDRICAL_SURFACE('',#3306,0.0107500000000011);
#2814=CYLINDRICAL_SURFACE('',#3307,0.000381840316341248);
#2815=CYLINDRICAL_SURFACE('',#3308,0.000381840316341248);
#2816=CYLINDRICAL_SURFACE('',#3309,0.0107500000000011);
#2817=CYLINDRICAL_SURFACE('',#3310,0.000381840316341248);
#2818=CYLINDRICAL_SURFACE('',#3311,0.000381840316341248);
#2819=CYLINDRICAL_SURFACE('',#3312,0.0107500000000011);
#2820=CYLINDRICAL_SURFACE('',#3313,0.000381840316341248);
#2821=CYLINDRICAL_SURFACE('',#3314,0.000381840316341248);
#2822=CYLINDRICAL_SURFACE('',#3315,0.0107500000000011);
#2823=CYLINDRICAL_SURFACE('',#3316,0.000381840316341248);
#2824=CYLINDRICAL_SURFACE('',#3317,0.000381840316341248);
#2825=CYLINDRICAL_SURFACE('',#3318,0.0017);
#2826=CYLINDRICAL_SURFACE('',#3322,0.003);
#2827=CYLINDRICAL_SURFACE('',#3323,0.0017);
#2828=CYLINDRICAL_SURFACE('',#3327,0.003);
#2829=CYLINDRICAL_SURFACE('',#3328,0.0017);
#2830=CYLINDRICAL_SURFACE('',#3332,0.003);
#2831=CYLINDRICAL_SURFACE('',#3333,0.0017);
#2832=CYLINDRICAL_SURFACE('',#3337,0.003);
#2833=CYLINDRICAL_SURFACE('',#3338,0.0017);
#2834=CYLINDRICAL_SURFACE('',#3342,0.003);
#2835=ADVANCED_FACE('',(#2536,#2537),#2728,.T.);
#2836=ADVANCED_FACE('',(#2538,#2539,#2540,#2541,#2542,#2543),#445,.F.);
#2837=ADVANCED_FACE('',(#2544,#2545),#444,.T.);
#2838=ADVANCED_FACE('',(#2546),#2729,.T.);
#2839=ADVANCED_FACE('',(#2547),#2730,.T.);
#2840=ADVANCED_FACE('',(#2548),#2731,.T.);
#2841=ADVANCED_FACE('',(#2549),#2732,.T.);
#2842=ADVANCED_FACE('',(#2550),#2733,.T.);
#2843=ADVANCED_FACE('',(#2551),#2734,.T.);
#2844=ADVANCED_FACE('',(#2552),#2735,.T.);
#2845=ADVANCED_FACE('',(#2553),#2736,.T.);
#2846=ADVANCED_FACE('',(#2554),#2737,.T.);
#2847=ADVANCED_FACE('',(#2555),#2738,.T.);
#2848=ADVANCED_FACE('',(#2556),#2739,.T.);
#2849=ADVANCED_FACE('',(#2557),#2740,.T.);
#2850=ADVANCED_FACE('',(#2558),#2741,.T.);
#2851=ADVANCED_FACE('',(#2559),#2742,.T.);
#2852=ADVANCED_FACE('',(#2560),#2743,.T.);
#2853=ADVANCED_FACE('',(#2561),#2744,.T.);
#2854=ADVANCED_FACE('',(#2562),#2745,.T.);
#2855=ADVANCED_FACE('',(#2563),#2746,.T.);
#2856=ADVANCED_FACE('',(#2564),#2747,.T.);
#2857=ADVANCED_FACE('',(#2565),#2748,.T.);
#2858=ADVANCED_FACE('',(#2566),#2749,.T.);
#2859=ADVANCED_FACE('',(#2567),#2750,.T.);
#2860=ADVANCED_FACE('',(#2568),#2751,.T.);
#2861=ADVANCED_FACE('',(#2569,#2570,#2571,#2572,#2573,#2574),#446,.T.);
#2862=ADVANCED_FACE('',(#2575),#2752,.T.);
#2863=ADVANCED_FACE('',(#2576,#2577),#447,.F.);
#2864=ADVANCED_FACE('',(#2578),#12,.T.);
#2865=ADVANCED_FACE('',(#2579),#13,.F.);
#2866=ADVANCED_FACE('',(#2580),#2753,.T.);
#2867=ADVANCED_FACE('',(#2581),#2754,.F.);
#2868=ADVANCED_FACE('',(#2582),#2755,.F.);
#2869=ADVANCED_FACE('',(#2583),#14,.T.);
#2870=ADVANCED_FACE('',(#2584),#15,.F.);
#2871=ADVANCED_FACE('',(#2585),#2756,.T.);
#2872=ADVANCED_FACE('',(#2586),#2757,.F.);
#2873=ADVANCED_FACE('',(#2587),#2758,.F.);
#2874=ADVANCED_FACE('',(#2588),#16,.T.);
#2875=ADVANCED_FACE('',(#2589),#17,.F.);
#2876=ADVANCED_FACE('',(#2590),#2759,.T.);
#2877=ADVANCED_FACE('',(#2591),#2760,.F.);
#2878=ADVANCED_FACE('',(#2592),#2761,.F.);
#2879=ADVANCED_FACE('',(#2593),#18,.T.);
#2880=ADVANCED_FACE('',(#2594),#19,.F.);
#2881=ADVANCED_FACE('',(#2595),#2762,.T.);
#2882=ADVANCED_FACE('',(#2596),#2763,.F.);
#2883=ADVANCED_FACE('',(#2597),#2764,.F.);
#2884=ADVANCED_FACE('',(#2598),#20,.T.);
#2885=ADVANCED_FACE('',(#2599),#21,.F.);
#2886=ADVANCED_FACE('',(#2600),#2765,.T.);
#2887=ADVANCED_FACE('',(#2601),#2766,.F.);
#2888=ADVANCED_FACE('',(#2602),#2767,.F.);
#2889=ADVANCED_FACE('',(#2603),#22,.T.);
#2890=ADVANCED_FACE('',(#2604),#23,.F.);
#2891=ADVANCED_FACE('',(#2605),#2768,.T.);
#2892=ADVANCED_FACE('',(#2606),#2769,.F.);
#2893=ADVANCED_FACE('',(#2607),#2770,.F.);
#2894=ADVANCED_FACE('',(#2608),#24,.T.);
#2895=ADVANCED_FACE('',(#2609),#25,.F.);
#2896=ADVANCED_FACE('',(#2610),#2771,.T.);
#2897=ADVANCED_FACE('',(#2611),#2772,.F.);
#2898=ADVANCED_FACE('',(#2612),#2773,.F.);
#2899=ADVANCED_FACE('',(#2613),#26,.T.);
#2900=ADVANCED_FACE('',(#2614),#27,.F.);
#2901=ADVANCED_FACE('',(#2615),#2774,.T.);
#2902=ADVANCED_FACE('',(#2616),#2775,.F.);
#2903=ADVANCED_FACE('',(#2617),#2776,.F.);
#2904=ADVANCED_FACE('',(#2618),#28,.T.);
#2905=ADVANCED_FACE('',(#2619),#29,.F.);
#2906=ADVANCED_FACE('',(#2620),#2777,.T.);
#2907=ADVANCED_FACE('',(#2621),#2778,.F.);
#2908=ADVANCED_FACE('',(#2622),#2779,.F.);
#2909=ADVANCED_FACE('',(#2623),#30,.T.);
#2910=ADVANCED_FACE('',(#2624),#31,.F.);
#2911=ADVANCED_FACE('',(#2625),#2780,.T.);
#2912=ADVANCED_FACE('',(#2626),#2781,.F.);
#2913=ADVANCED_FACE('',(#2627),#2782,.F.);
#2914=ADVANCED_FACE('',(#2628),#32,.T.);
#2915=ADVANCED_FACE('',(#2629),#33,.F.);
#2916=ADVANCED_FACE('',(#2630),#2783,.T.);
#2917=ADVANCED_FACE('',(#2631),#2784,.F.);
#2918=ADVANCED_FACE('',(#2632),#2785,.F.);
#2919=ADVANCED_FACE('',(#2633),#34,.T.);
#2920=ADVANCED_FACE('',(#2634),#35,.F.);
#2921=ADVANCED_FACE('',(#2635),#2786,.T.);
#2922=ADVANCED_FACE('',(#2636),#2787,.F.);
#2923=ADVANCED_FACE('',(#2637),#2788,.F.);
#2924=ADVANCED_FACE('',(#2638),#36,.T.);
#2925=ADVANCED_FACE('',(#2639),#37,.F.);
#2926=ADVANCED_FACE('',(#2640),#2789,.T.);
#2927=ADVANCED_FACE('',(#2641),#2790,.F.);
#2928=ADVANCED_FACE('',(#2642),#2791,.F.);
#2929=ADVANCED_FACE('',(#2643),#38,.T.);
#2930=ADVANCED_FACE('',(#2644),#39,.F.);
#2931=ADVANCED_FACE('',(#2645),#2792,.T.);
#2932=ADVANCED_FACE('',(#2646),#2793,.F.);
#2933=ADVANCED_FACE('',(#2647),#2794,.F.);
#2934=ADVANCED_FACE('',(#2648),#40,.T.);
#2935=ADVANCED_FACE('',(#2649),#41,.F.);
#2936=ADVANCED_FACE('',(#2650),#2795,.T.);
#2937=ADVANCED_FACE('',(#2651),#2796,.F.);
#2938=ADVANCED_FACE('',(#2652),#2797,.F.);
#2939=ADVANCED_FACE('',(#2653),#42,.T.);
#2940=ADVANCED_FACE('',(#2654),#43,.F.);
#2941=ADVANCED_FACE('',(#2655),#2798,.T.);
#2942=ADVANCED_FACE('',(#2656),#2799,.F.);
#2943=ADVANCED_FACE('',(#2657),#2800,.F.);
#2944=ADVANCED_FACE('',(#2658),#44,.T.);
#2945=ADVANCED_FACE('',(#2659),#45,.F.);
#2946=ADVANCED_FACE('',(#2660),#2801,.T.);
#2947=ADVANCED_FACE('',(#2661),#2802,.F.);
#2948=ADVANCED_FACE('',(#2662),#2803,.F.);
#2949=ADVANCED_FACE('',(#2663),#46,.T.);
#2950=ADVANCED_FACE('',(#2664),#47,.F.);
#2951=ADVANCED_FACE('',(#2665),#2804,.T.);
#2952=ADVANCED_FACE('',(#2666),#2805,.F.);
#2953=ADVANCED_FACE('',(#2667),#2806,.F.);
#2954=ADVANCED_FACE('',(#2668),#48,.T.);
#2955=ADVANCED_FACE('',(#2669),#49,.F.);
#2956=ADVANCED_FACE('',(#2670),#2807,.T.);
#2957=ADVANCED_FACE('',(#2671),#2808,.F.);
#2958=ADVANCED_FACE('',(#2672),#2809,.F.);
#2959=ADVANCED_FACE('',(#2673),#50,.T.);
#2960=ADVANCED_FACE('',(#2674),#51,.F.);
#2961=ADVANCED_FACE('',(#2675),#2810,.T.);
#2962=ADVANCED_FACE('',(#2676),#2811,.F.);
#2963=ADVANCED_FACE('',(#2677),#2812,.F.);
#2964=ADVANCED_FACE('',(#2678),#52,.T.);
#2965=ADVANCED_FACE('',(#2679),#53,.F.);
#2966=ADVANCED_FACE('',(#2680),#2813,.T.);
#2967=ADVANCED_FACE('',(#2681),#2814,.F.);
#2968=ADVANCED_FACE('',(#2682),#2815,.F.);
#2969=ADVANCED_FACE('',(#2683),#54,.T.);
#2970=ADVANCED_FACE('',(#2684),#55,.F.);
#2971=ADVANCED_FACE('',(#2685),#2816,.T.);
#2972=ADVANCED_FACE('',(#2686),#2817,.F.);
#2973=ADVANCED_FACE('',(#2687),#2818,.F.);
#2974=ADVANCED_FACE('',(#2688),#56,.T.);
#2975=ADVANCED_FACE('',(#2689),#57,.F.);
#2976=ADVANCED_FACE('',(#2690),#2819,.T.);
#2977=ADVANCED_FACE('',(#2691),#2820,.F.);
#2978=ADVANCED_FACE('',(#2692),#2821,.F.);
#2979=ADVANCED_FACE('',(#2693),#58,.T.);
#2980=ADVANCED_FACE('',(#2694),#59,.F.);
#2981=ADVANCED_FACE('',(#2695),#2822,.T.);
#2982=ADVANCED_FACE('',(#2696),#2823,.F.);
#2983=ADVANCED_FACE('',(#2697),#2824,.F.);
#2984=ADVANCED_FACE('',(#2698,#2699),#2825,.F.);
#2985=ADVANCED_FACE('',(#2700,#2701),#448,.T.);
#2986=ADVANCED_FACE('',(#2702,#2703),#2826,.F.);
#2987=ADVANCED_FACE('',(#2704,#2705),#2827,.F.);
#2988=ADVANCED_FACE('',(#2706,#2707),#449,.T.);
#2989=ADVANCED_FACE('',(#2708,#2709),#2828,.F.);
#2990=ADVANCED_FACE('',(#2710,#2711),#2829,.F.);
#2991=ADVANCED_FACE('',(#2712,#2713),#450,.T.);
#2992=ADVANCED_FACE('',(#2714,#2715),#2830,.F.);
#2993=ADVANCED_FACE('',(#2716,#2717),#2831,.F.);
#2994=ADVANCED_FACE('',(#2718,#2719),#451,.T.);
#2995=ADVANCED_FACE('',(#2720,#2721),#2832,.F.);
#2996=ADVANCED_FACE('',(#2722,#2723),#2833,.F.);
#2997=ADVANCED_FACE('',(#2724,#2725),#452,.T.);
#2998=ADVANCED_FACE('',(#2726,#2727),#2834,.F.);
#2999=CLOSED_SHELL('',(#2835,#2836,#2837,#2838,#2839,#2840,#2841,#2842,
#2843,#2844,#2845,#2846,#2847,#2848,#2849,#2850,#2851,#2852,#2853,#2854,
#2855,#2856,#2857,#2858,#2859,#2860,#2861,#2862,#2863,#2864,#2865,#2866,
#2867,#2868,#2869,#2870,#2871,#2872,#2873,#2874,#2875,#2876,#2877,#2878,
#2879,#2880,#2881,#2882,#2883,#2884,#2885,#2886,#2887,#2888,#2889,#2890,
#2891,#2892,#2893,#2894,#2895,#2896,#2897,#2898,#2899,#2900,#2901,#2902,
#2903,#2904,#2905,#2906,#2907,#2908,#2909,#2910,#2911,#2912,#2913,#2914,
#2915,#2916,#2917,#2918,#2919,#2920,#2921,#2922,#2923,#2924,#2925,#2926,
#2927,#2928,#2929,#2930,#2931,#2932,#2933,#2934,#2935,#2936,#2937,#2938,
#2939,#2940,#2941,#2942,#2943,#2944,#2945,#2946,#2947,#2948,#2949,#2950,
#2951,#2952,#2953,#2954,#2955,#2956,#2957,#2958,#2959,#2960,#2961,#2962,
#2963,#2964,#2965,#2966,#2967,#2968,#2969,#2970,#2971,#2972,#2973,#2974,
#2975,#2976,#2977,#2978,#2979,#2980,#2981,#2982,#2983,#2984,#2985,#2986,
#2987,#2988,#2989,#2990,#2991,#2992,#2993,#2994,#2995,#2996,#2997,#2998));
#3000=STYLED_ITEM('',(#3001),#3008);
#3001=PRESENTATION_STYLE_ASSIGNMENT((#3002));
#3002=SURFACE_STYLE_USAGE(.BOTH.,#3003);
#3003=SURFACE_SIDE_STYLE('',(#3004));
#3004=SURFACE_STYLE_FILL_AREA(#3005);
#3005=FILL_AREA_STYLE('',(#3006));
#3006=FILL_AREA_STYLE_COLOUR('',#3007);
#3007=COLOUR_RGB('',0.917647058823529,0.917647058823529,0.917647058823529);
#3008=MANIFOLD_SOLID_BREP('Pinion',#2999);
#3009=SHAPE_DEFINITION_REPRESENTATION(#9264,#3010);
#3010=SHAPE_REPRESENTATION('Pinion',(#3011),#9259);
#3011=AXIS2_PLACEMENT_3D('',#4151,#3343,#3344);
#3012=AXIS2_PLACEMENT_3D('',#4152,#3345,#3346);
#3013=AXIS2_PLACEMENT_3D('',#4153,#3347,#3348);
#3014=AXIS2_PLACEMENT_3D('',#4155,#3349,#3350);
#3015=AXIS2_PLACEMENT_3D('',#4157,#3351,#3352);
#3016=AXIS2_PLACEMENT_3D('',#4158,#3353,#3354);
#3017=AXIS2_PLACEMENT_3D('',#4160,#3355,#3356);
#3018=AXIS2_PLACEMENT_3D('',#4162,#3357,#3358);
#3019=AXIS2_PLACEMENT_3D('',#4164,#3359,#3360);
#3020=AXIS2_PLACEMENT_3D('',#4166,#3361,#3362);
#3021=AXIS2_PLACEMENT_3D('',#4168,#3363,#3364);
#3022=AXIS2_PLACEMENT_3D('',#4169,#3365,#3366);
#3023=AXIS2_PLACEMENT_3D('',#4171,#3367,#3368);
#3024=AXIS2_PLACEMENT_3D('',#4175,#3370,#3371);
#3025=AXIS2_PLACEMENT_3D('',#4179,#3373,#3374);
#3026=AXIS2_PLACEMENT_3D('',#4180,#3375,#3376);
#3027=AXIS2_PLACEMENT_3D('',#4181,#3377,#3378);
#3028=AXIS2_PLACEMENT_3D('',#4186,#3380,#3381);
#3029=AXIS2_PLACEMENT_3D('',#4189,#3383,#3384);
#3030=AXIS2_PLACEMENT_3D('',#4193,#3386,#3387);
#3031=AXIS2_PLACEMENT_3D('',#4197,#3389,#3390);
#3032=AXIS2_PLACEMENT_3D('',#4198,#3391,#3392);
#3033=AXIS2_PLACEMENT_3D('',#4199,#3393,#3394);
#3034=AXIS2_PLACEMENT_3D('',#4204,#3396,#3397);
#3035=AXIS2_PLACEMENT_3D('',#4207,#3399,#3400);
#3036=AXIS2_PLACEMENT_3D('',#4211,#3402,#3403);
#3037=AXIS2_PLACEMENT_3D('',#4215,#3405,#3406);
#3038=AXIS2_PLACEMENT_3D('',#4216,#3407,#3408);
#3039=AXIS2_PLACEMENT_3D('',#4220,#3410,#3411);
#3040=AXIS2_PLACEMENT_3D('',#4224,#3413,#3414);
#3041=AXIS2_PLACEMENT_3D('',#4225,#3415,#3416);
#3042=AXIS2_PLACEMENT_3D('',#4229,#3418,#3419);
#3043=AXIS2_PLACEMENT_3D('',#4233,#3421,#3422);
#3044=AXIS2_PLACEMENT_3D('',#4234,#3423,#3424);
#3045=AXIS2_PLACEMENT_3D('',#4235,#3425,#3426);
#3046=AXIS2_PLACEMENT_3D('',#4240,#3428,#3429);
#3047=AXIS2_PLACEMENT_3D('',#4243,#3431,#3432);
#3048=AXIS2_PLACEMENT_3D('',#4247,#3434,#3435);
#3049=AXIS2_PLACEMENT_3D('',#4251,#3437,#3438);
#3050=AXIS2_PLACEMENT_3D('',#4252,#3439,#3440);
#3051=AXIS2_PLACEMENT_3D('',#4256,#3442,#3443);
#3052=AXIS2_PLACEMENT_3D('',#4260,#3445,#3446);
#3053=AXIS2_PLACEMENT_3D('',#4261,#3447,#3448);
#3054=AXIS2_PLACEMENT_3D('',#4265,#3450,#3451);
#3055=AXIS2_PLACEMENT_3D('',#4269,#3453,#3454);
#3056=AXIS2_PLACEMENT_3D('',#4270,#3455,#3456);
#3057=AXIS2_PLACEMENT_3D('',#4274,#3458,#3459);
#3058=AXIS2_PLACEMENT_3D('',#4278,#3461,#3462);
#3059=AXIS2_PLACEMENT_3D('',#4279,#3463,#3464);
#3060=AXIS2_PLACEMENT_3D('',#4283,#3466,#3467);
#3061=AXIS2_PLACEMENT_3D('',#4287,#3469,#3470);
#3062=AXIS2_PLACEMENT_3D('',#4288,#3471,#3472);
#3063=AXIS2_PLACEMENT_3D('',#4289,#3473,#3474);
#3064=AXIS2_PLACEMENT_3D('',#4294,#3476,#3477);
#3065=AXIS2_PLACEMENT_3D('',#4297,#3479,#3480);
#3066=AXIS2_PLACEMENT_3D('',#4301,#3482,#3483);
#3067=AXIS2_PLACEMENT_3D('',#4305,#3485,#3486);
#3068=AXIS2_PLACEMENT_3D('',#4306,#3487,#3488);
#3069=AXIS2_PLACEMENT_3D('',#4307,#3489,#3490);
#3070=AXIS2_PLACEMENT_3D('',#4312,#3492,#3493);
#3071=AXIS2_PLACEMENT_3D('',#4315,#3495,#3496);
#3072=AXIS2_PLACEMENT_3D('',#4319,#3498,#3499);
#3073=AXIS2_PLACEMENT_3D('',#4323,#3501,#3502);
#3074=AXIS2_PLACEMENT_3D('',#4324,#3503,#3504);
#3075=AXIS2_PLACEMENT_3D('',#4328,#3506,#3507);
#3076=AXIS2_PLACEMENT_3D('',#4332,#3509,#3510);
#3077=AXIS2_PLACEMENT_3D('',#4333,#3511,#3512);
#3078=AXIS2_PLACEMENT_3D('',#4334,#3513,#3514);
#3079=AXIS2_PLACEMENT_3D('',#4339,#3516,#3517);
#3080=AXIS2_PLACEMENT_3D('',#4342,#3519,#3520);
#3081=AXIS2_PLACEMENT_3D('',#4346,#3522,#3523);
#3082=AXIS2_PLACEMENT_3D('',#4350,#3525,#3526);
#3083=AXIS2_PLACEMENT_3D('',#4351,#3527,#3528);
#3084=AXIS2_PLACEMENT_3D('',#4355,#3530,#3531);
#3085=AXIS2_PLACEMENT_3D('',#4359,#3533,#3534);
#3086=AXIS2_PLACEMENT_3D('',#4360,#3535,#3536);
#3087=AXIS2_PLACEMENT_3D('',#4364,#3538,#3539);
#3088=AXIS2_PLACEMENT_3D('',#4368,#3541,#3542);
#3089=AXIS2_PLACEMENT_3D('',#4369,#3543,#3544);
#3090=AXIS2_PLACEMENT_3D('',#4370,#3545,#3546);
#3091=AXIS2_PLACEMENT_3D('',#4375,#3548,#3549);
#3092=AXIS2_PLACEMENT_3D('',#4378,#3551,#3552);
#3093=AXIS2_PLACEMENT_3D('',#4379,#3553,#3554);
#3094=AXIS2_PLACEMENT_3D('',#4381,#3555,#3556);
#3095=AXIS2_PLACEMENT_3D('',#4383,#3557,#3558);
#3096=AXIS2_PLACEMENT_3D('',#4385,#3559,#3560);
#3097=AXIS2_PLACEMENT_3D('',#4387,#3561,#3562);
#3098=AXIS2_PLACEMENT_3D('',#4389,#3563,#3564);
#3099=AXIS2_PLACEMENT_3D('',#4457,#3565,#3566);
#3100=AXIS2_PLACEMENT_3D('',#4459,#3567,#3568);
#3101=AXIS2_PLACEMENT_3D('',#4461,#3569,#3570);
#3102=AXIS2_PLACEMENT_3D('',#4528,#3571,#3572);
#3103=AXIS2_PLACEMENT_3D('',#4530,#3573,#3574);
#3104=AXIS2_PLACEMENT_3D('',#4532,#3575,#3576);
#3105=AXIS2_PLACEMENT_3D('',#4599,#3577,#3578);
#3106=AXIS2_PLACEMENT_3D('',#4601,#3579,#3580);
#3107=AXIS2_PLACEMENT_3D('',#4603,#3581,#3582);
#3108=AXIS2_PLACEMENT_3D('',#4670,#3583,#3584);
#3109=AXIS2_PLACEMENT_3D('',#4672,#3585,#3586);
#3110=AXIS2_PLACEMENT_3D('',#4674,#3587,#3588);
#3111=AXIS2_PLACEMENT_3D('',#4741,#3589,#3590);
#3112=AXIS2_PLACEMENT_3D('',#4743,#3591,#3592);
#3113=AXIS2_PLACEMENT_3D('',#4745,#3593,#3594);
#3114=AXIS2_PLACEMENT_3D('',#4812,#3595,#3596);
#3115=AXIS2_PLACEMENT_3D('',#4814,#3597,#3598);
#3116=AXIS2_PLACEMENT_3D('',#4816,#3599,#3600);
#3117=AXIS2_PLACEMENT_3D('',#4883,#3601,#3602);
#3118=AXIS2_PLACEMENT_3D('',#4885,#3603,#3604);
#3119=AXIS2_PLACEMENT_3D('',#4887,#3605,#3606);
#3120=AXIS2_PLACEMENT_3D('',#4954,#3607,#3608);
#3121=AXIS2_PLACEMENT_3D('',#4956,#3609,#3610);
#3122=AXIS2_PLACEMENT_3D('',#4958,#3611,#3612);
#3123=AXIS2_PLACEMENT_3D('',#5025,#3613,#3614);
#3124=AXIS2_PLACEMENT_3D('',#5027,#3615,#3616);
#3125=AXIS2_PLACEMENT_3D('',#5029,#3617,#3618);
#3126=AXIS2_PLACEMENT_3D('',#5096,#3619,#3620);
#3127=AXIS2_PLACEMENT_3D('',#5098,#3621,#3622);
#3128=AXIS2_PLACEMENT_3D('',#5100,#3623,#3624);
#3129=AXIS2_PLACEMENT_3D('',#5135,#3625,#3626);
#3130=AXIS2_PLACEMENT_3D('',#5170,#3627,#3628);
#3131=AXIS2_PLACEMENT_3D('',#5172,#3629,#3630);
#3132=AXIS2_PLACEMENT_3D('',#5174,#3631,#3632);
#3133=AXIS2_PLACEMENT_3D('',#5241,#3633,#3634);
#3134=AXIS2_PLACEMENT_3D('',#5243,#3635,#3636);
#3135=AXIS2_PLACEMENT_3D('',#5245,#3637,#3638);
#3136=AXIS2_PLACEMENT_3D('',#5312,#3639,#3640);
#3137=AXIS2_PLACEMENT_3D('',#5314,#3641,#3642);
#3138=AXIS2_PLACEMENT_3D('',#5316,#3643,#3644);
#3139=AXIS2_PLACEMENT_3D('',#5383,#3645,#3646);
#3140=AXIS2_PLACEMENT_3D('',#5385,#3647,#3648);
#3141=AXIS2_PLACEMENT_3D('',#5387,#3649,#3650);
#3142=AXIS2_PLACEMENT_3D('',#5454,#3651,#3652);
#3143=AXIS2_PLACEMENT_3D('',#5456,#3653,#3654);
#3144=AXIS2_PLACEMENT_3D('',#5458,#3655,#3656);
#3145=AXIS2_PLACEMENT_3D('',#5525,#3657,#3658);
#3146=AXIS2_PLACEMENT_3D('',#5527,#3659,#3660);
#3147=AXIS2_PLACEMENT_3D('',#5529,#3661,#3662);
#3148=AXIS2_PLACEMENT_3D('',#5596,#3663,#3664);
#3149=AXIS2_PLACEMENT_3D('',#5598,#3665,#3666);
#3150=AXIS2_PLACEMENT_3D('',#5600,#3667,#3668);
#3151=AXIS2_PLACEMENT_3D('',#5667,#3669,#3670);
#3152=AXIS2_PLACEMENT_3D('',#5669,#3671,#3672);
#3153=AXIS2_PLACEMENT_3D('',#5671,#3673,#3674);
#3154=AXIS2_PLACEMENT_3D('',#5738,#3675,#3676);
#3155=AXIS2_PLACEMENT_3D('',#5740,#3677,#3678);
#3156=AXIS2_PLACEMENT_3D('',#5742,#3679,#3680);
#3157=AXIS2_PLACEMENT_3D('',#5809,#3681,#3682);
#3158=AXIS2_PLACEMENT_3D('',#5811,#3683,#3684);
#3159=AXIS2_PLACEMENT_3D('',#5813,#3685,#3686);
#3160=AXIS2_PLACEMENT_3D('',#5880,#3687,#3688);
#3161=AXIS2_PLACEMENT_3D('',#5882,#3689,#3690);
#3162=AXIS2_PLACEMENT_3D('',#5884,#3691,#3692);
#3163=AXIS2_PLACEMENT_3D('',#5951,#3693,#3694);
#3164=AXIS2_PLACEMENT_3D('',#5953,#3695,#3696);
#3165=AXIS2_PLACEMENT_3D('',#5955,#3697,#3698);
#3166=AXIS2_PLACEMENT_3D('',#6022,#3699,#3700);
#3167=AXIS2_PLACEMENT_3D('',#6024,#3701,#3702);
#3168=AXIS2_PLACEMENT_3D('',#6026,#3703,#3704);
#3169=AXIS2_PLACEMENT_3D('',#6093,#3705,#3706);
#3170=AXIS2_PLACEMENT_3D('',#6095,#3707,#3708);
#3171=AXIS2_PLACEMENT_3D('',#6096,#3709,#3710);
#3172=AXIS2_PLACEMENT_3D('',#6099,#3712,#3713);
#3173=AXIS2_PLACEMENT_3D('',#6102,#3715,#3716);
#3174=AXIS2_PLACEMENT_3D('',#6103,#3717,#3718);
#3175=AXIS2_PLACEMENT_3D('',#6171,#3719,#3720);
#3176=AXIS2_PLACEMENT_3D('',#6173,#3721,#3722);
#3177=AXIS2_PLACEMENT_3D('',#6175,#3723,#3724);
#3178=AXIS2_PLACEMENT_3D('',#6242,#3725,#3726);
#3179=AXIS2_PLACEMENT_3D('',#6244,#3727,#3728);
#3180=AXIS2_PLACEMENT_3D('',#6246,#3729,#3730);
#3181=AXIS2_PLACEMENT_3D('',#6313,#3731,#3732);
#3182=AXIS2_PLACEMENT_3D('',#6315,#3733,#3734);
#3183=AXIS2_PLACEMENT_3D('',#6317,#3735,#3736);
#3184=AXIS2_PLACEMENT_3D('',#6384,#3737,#3738);
#3185=AXIS2_PLACEMENT_3D('',#6386,#3739,#3740);
#3186=AXIS2_PLACEMENT_3D('',#6388,#3741,#3742);
#3187=AXIS2_PLACEMENT_3D('',#6455,#3743,#3744);
#3188=AXIS2_PLACEMENT_3D('',#6457,#3745,#3746);
#3189=AXIS2_PLACEMENT_3D('',#6459,#3747,#3748);
#3190=AXIS2_PLACEMENT_3D('',#6526,#3749,#3750);
#3191=AXIS2_PLACEMENT_3D('',#6528,#3751,#3752);
#3192=AXIS2_PLACEMENT_3D('',#6530,#3753,#3754);
#3193=AXIS2_PLACEMENT_3D('',#6597,#3755,#3756);
#3194=AXIS2_PLACEMENT_3D('',#6599,#3757,#3758);
#3195=AXIS2_PLACEMENT_3D('',#6601,#3759,#3760);
#3196=AXIS2_PLACEMENT_3D('',#6668,#3761,#3762);
#3197=AXIS2_PLACEMENT_3D('',#6670,#3763,#3764);
#3198=AXIS2_PLACEMENT_3D('',#6672,#3765,#3766);
#3199=AXIS2_PLACEMENT_3D('',#6739,#3767,#3768);
#3200=AXIS2_PLACEMENT_3D('',#6741,#3769,#3770);
#3201=AXIS2_PLACEMENT_3D('',#6743,#3771,#3772);
#3202=AXIS2_PLACEMENT_3D('',#6810,#3773,#3774);
#3203=AXIS2_PLACEMENT_3D('',#6812,#3775,#3776);
#3204=AXIS2_PLACEMENT_3D('',#6814,#3777,#3778);
#3205=AXIS2_PLACEMENT_3D('',#6881,#3779,#3780);
#3206=AXIS2_PLACEMENT_3D('',#6883,#3781,#3782);
#3207=AXIS2_PLACEMENT_3D('',#6885,#3783,#3784);
#3208=AXIS2_PLACEMENT_3D('',#6952,#3785,#3786);
#3209=AXIS2_PLACEMENT_3D('',#6954,#3787,#3788);
#3210=AXIS2_PLACEMENT_3D('',#6956,#3789,#3790);
#3211=AXIS2_PLACEMENT_3D('',#7023,#3791,#3792);
#3212=AXIS2_PLACEMENT_3D('',#7025,#3793,#3794);
#3213=AXIS2_PLACEMENT_3D('',#7027,#3795,#3796);
#3214=AXIS2_PLACEMENT_3D('',#7094,#3797,#3798);
#3215=AXIS2_PLACEMENT_3D('',#7096,#3799,#3800);
#3216=AXIS2_PLACEMENT_3D('',#7098,#3801,#3802);
#3217=AXIS2_PLACEMENT_3D('',#7165,#3803,#3804);
#3218=AXIS2_PLACEMENT_3D('',#7167,#3805,#3806);
#3219=AXIS2_PLACEMENT_3D('',#7169,#3807,#3808);
#3220=AXIS2_PLACEMENT_3D('',#7236,#3809,#3810);
#3221=AXIS2_PLACEMENT_3D('',#7238,#3811,#3812);
#3222=AXIS2_PLACEMENT_3D('',#7240,#3813,#3814);
#3223=AXIS2_PLACEMENT_3D('',#7307,#3815,#3816);
#3224=AXIS2_PLACEMENT_3D('',#7309,#3817,#3818);
#3225=AXIS2_PLACEMENT_3D('',#7311,#3819,#3820);
#3226=AXIS2_PLACEMENT_3D('',#7378,#3821,#3822);
#3227=AXIS2_PLACEMENT_3D('',#7380,#3823,#3824);
#3228=AXIS2_PLACEMENT_3D('',#7382,#3825,#3826);
#3229=AXIS2_PLACEMENT_3D('',#7449,#3827,#3828);
#3230=AXIS2_PLACEMENT_3D('',#7451,#3829,#3830);
#3231=AXIS2_PLACEMENT_3D('',#7453,#3831,#3832);
#3232=AXIS2_PLACEMENT_3D('',#7520,#3833,#3834);
#3233=AXIS2_PLACEMENT_3D('',#7522,#3835,#3836);
#3234=AXIS2_PLACEMENT_3D('',#7524,#3837,#3838);
#3235=AXIS2_PLACEMENT_3D('',#7591,#3839,#3840);
#3236=AXIS2_PLACEMENT_3D('',#7593,#3841,#3842);
#3237=AXIS2_PLACEMENT_3D('',#7595,#3843,#3844);
#3238=AXIS2_PLACEMENT_3D('',#7662,#3845,#3846);
#3239=AXIS2_PLACEMENT_3D('',#7664,#3847,#3848);
#3240=AXIS2_PLACEMENT_3D('',#7666,#3849,#3850);
#3241=AXIS2_PLACEMENT_3D('',#7733,#3851,#3852);
#3242=AXIS2_PLACEMENT_3D('',#7735,#3853,#3854);
#3243=AXIS2_PLACEMENT_3D('',#7737,#3855,#3856);
#3244=AXIS2_PLACEMENT_3D('',#7804,#3857,#3858);
#3245=AXIS2_PLACEMENT_3D('',#7806,#3859,#3860);
#3246=AXIS2_PLACEMENT_3D('',#7861,#3863,#3864);
#3247=AXIS2_PLACEMENT_3D('',#7864,#3867,#3868);
#3248=AXIS2_PLACEMENT_3D('',#7865,#3869,#3870);
#3249=AXIS2_PLACEMENT_3D('',#7920,#3873,#3874);
#3250=AXIS2_PLACEMENT_3D('',#7923,#3877,#3878);
#3251=AXIS2_PLACEMENT_3D('',#7924,#3879,#3880);
#3252=AXIS2_PLACEMENT_3D('',#7979,#3883,#3884);
#3253=AXIS2_PLACEMENT_3D('',#7982,#3887,#3888);
#3254=AXIS2_PLACEMENT_3D('',#7983,#3889,#3890);
#3255=AXIS2_PLACEMENT_3D('',#8038,#3893,#3894);
#3256=AXIS2_PLACEMENT_3D('',#8041,#3897,#3898);
#3257=AXIS2_PLACEMENT_3D('',#8042,#3899,#3900);
#3258=AXIS2_PLACEMENT_3D('',#8097,#3903,#3904);
#3259=AXIS2_PLACEMENT_3D('',#8100,#3907,#3908);
#3260=AXIS2_PLACEMENT_3D('',#8101,#3909,#3910);
#3261=AXIS2_PLACEMENT_3D('',#8156,#3913,#3914);
#3262=AXIS2_PLACEMENT_3D('',#8159,#3917,#3918);
#3263=AXIS2_PLACEMENT_3D('',#8160,#3919,#3920);
#3264=AXIS2_PLACEMENT_3D('',#8215,#3923,#3924);
#3265=AXIS2_PLACEMENT_3D('',#8218,#3927,#3928);
#3266=AXIS2_PLACEMENT_3D('',#8219,#3929,#3930);
#3267=AXIS2_PLACEMENT_3D('',#8274,#3933,#3934);
#3268=AXIS2_PLACEMENT_3D('',#8277,#3937,#3938);
#3269=AXIS2_PLACEMENT_3D('',#8278,#3939,#3940);
#3270=AXIS2_PLACEMENT_3D('',#8333,#3943,#3944);
#3271=AXIS2_PLACEMENT_3D('',#8336,#3947,#3948);
#3272=AXIS2_PLACEMENT_3D('',#8337,#3949,#3950);
#3273=AXIS2_PLACEMENT_3D('',#8392,#3953,#3954);
#3274=AXIS2_PLACEMENT_3D('',#8395,#3957,#3958);
#3275=AXIS2_PLACEMENT_3D('',#8396,#3959,#3960);
#3276=AXIS2_PLACEMENT_3D('',#8451,#3963,#3964);
#3277=AXIS2_PLACEMENT_3D('',#8454,#3967,#3968);
#3278=AXIS2_PLACEMENT_3D('',#8455,#3969,#3970);
#3279=AXIS2_PLACEMENT_3D('',#8510,#3973,#3974);
#3280=AXIS2_PLACEMENT_3D('',#8513,#3977,#3978);
#3281=AXIS2_PLACEMENT_3D('',#8514,#3979,#3980);
#3282=AXIS2_PLACEMENT_3D('',#8569,#3983,#3984);
#3283=AXIS2_PLACEMENT_3D('',#8572,#3987,#3988);
#3284=AXIS2_PLACEMENT_3D('',#8573,#3989,#3990);
#3285=AXIS2_PLACEMENT_3D('',#8628,#3993,#3994);
#3286=AXIS2_PLACEMENT_3D('',#8631,#3997,#3998);
#3287=AXIS2_PLACEMENT_3D('',#8632,#3999,#4000);
#3288=AXIS2_PLACEMENT_3D('',#8687,#4003,#4004);
#3289=AXIS2_PLACEMENT_3D('',#8690,#4007,#4008);
#3290=AXIS2_PLACEMENT_3D('',#8691,#4009,#4010);
#3291=AXIS2_PLACEMENT_3D('',#8746,#4013,#4014);
#3292=AXIS2_PLACEMENT_3D('',#8749,#4017,#4018);
#3293=AXIS2_PLACEMENT_3D('',#8750,#4019,#4020);
#3294=AXIS2_PLACEMENT_3D('',#8805,#4023,#4024);
#3295=AXIS2_PLACEMENT_3D('',#8808,#4027,#4028);
#3296=AXIS2_PLACEMENT_3D('',#8809,#4029,#4030);
#3297=AXIS2_PLACEMENT_3D('',#8864,#4033,#4034);
#3298=AXIS2_PLACEMENT_3D('',#8867,#4037,#4038);
#3299=AXIS2_PLACEMENT_3D('',#8868,#4039,#4040);
#3300=AXIS2_PLACEMENT_3D('',#8923,#4043,#4044);
#3301=AXIS2_PLACEMENT_3D('',#8926,#4047,#4048);
#3302=AXIS2_PLACEMENT_3D('',#8927,#4049,#4050);
#3303=AXIS2_PLACEMENT_3D('',#8982,#4053,#4054);
#3304=AXIS2_PLACEMENT_3D('',#8985,#4057,#4058);
#3305=AXIS2_PLACEMENT_3D('',#8986,#4059,#4060);
#3306=AXIS2_PLACEMENT_3D('',#9041,#4063,#4064);
#3307=AXIS2_PLACEMENT_3D('',#9044,#4067,#4068);
#3308=AXIS2_PLACEMENT_3D('',#9045,#4069,#4070);
#3309=AXIS2_PLACEMENT_3D('',#9100,#4073,#4074);
#3310=AXIS2_PLACEMENT_3D('',#9103,#4077,#4078);
#3311=AXIS2_PLACEMENT_3D('',#9104,#4079,#4080);
#3312=AXIS2_PLACEMENT_3D('',#9159,#4083,#4084);
#3313=AXIS2_PLACEMENT_3D('',#9162,#4087,#4088);
#3314=AXIS2_PLACEMENT_3D('',#9163,#4089,#4090);
#3315=AXIS2_PLACEMENT_3D('',#9218,#4093,#4094);
#3316=AXIS2_PLACEMENT_3D('',#9221,#4097,#4098);
#3317=AXIS2_PLACEMENT_3D('',#9222,#4099,#4100);
#3318=AXIS2_PLACEMENT_3D('',#9223,#4101,#4102);
#3319=AXIS2_PLACEMENT_3D('',#9224,#4103,#4104);
#3320=AXIS2_PLACEMENT_3D('',#9226,#4105,#4106);
#3321=AXIS2_PLACEMENT_3D('',#9227,#4107,#4108);
#3322=AXIS2_PLACEMENT_3D('',#9229,#4109,#4110);
#3323=AXIS2_PLACEMENT_3D('',#9230,#4111,#4112);
#3324=AXIS2_PLACEMENT_3D('',#9231,#4113,#4114);
#3325=AXIS2_PLACEMENT_3D('',#9233,#4115,#4116);
#3326=AXIS2_PLACEMENT_3D('',#9234,#4117,#4118);
#3327=AXIS2_PLACEMENT_3D('',#9236,#4119,#4120);
#3328=AXIS2_PLACEMENT_3D('',#9237,#4121,#4122);
#3329=AXIS2_PLACEMENT_3D('',#9238,#4123,#4124);
#3330=AXIS2_PLACEMENT_3D('',#9240,#4125,#4126);
#3331=AXIS2_PLACEMENT_3D('',#9241,#4127,#4128);
#3332=AXIS2_PLACEMENT_3D('',#9243,#4129,#4130);
#3333=AXIS2_PLACEMENT_3D('',#9244,#4131,#4132);
#3334=AXIS2_PLACEMENT_3D('',#9245,#4133,#4134);
#3335=AXIS2_PLACEMENT_3D('',#9247,#4135,#4136);
#3336=AXIS2_PLACEMENT_3D('',#9248,#4137,#4138);
#3337=AXIS2_PLACEMENT_3D('',#9250,#4139,#4140);
#3338=AXIS2_PLACEMENT_3D('',#9251,#4141,#4142);
#3339=AXIS2_PLACEMENT_3D('',#9252,#4143,#4144);
#3340=AXIS2_PLACEMENT_3D('',#9254,#4145,#4146);
#3341=AXIS2_PLACEMENT_3D('',#9255,#4147,#4148);
#3342=AXIS2_PLACEMENT_3D('',#9257,#4149,#4150);
#3343=DIRECTION('',(0.,0.,1.));
#3344=DIRECTION('',(1.,0.,0.));
#3345=DIRECTION('',(0.00722892899150899,-0.0174521784124417,-0.999821566107821));
#3346=DIRECTION('',(0.,0.999847691176682,-0.0174526344331741));
#3347=DIRECTION('',(-0.00722892899150899,0.0174521784124417,0.999821566107821));
#3348=DIRECTION('',(0.,-0.999847691176682,0.0174526344331741));
#3349=DIRECTION('',(-0.00722892899150899,0.0174521784124417,0.999821566107821));
#3350=DIRECTION('',(0.,-0.999847691176682,0.0174526344331741));
#3351=DIRECTION('',(-0.00722892899150899,0.0174521784124417,0.999821566107821));
#3352=DIRECTION('',(0.999973870951454,0.00012616385503218,0.00722782796184045));
#3353=DIRECTION('',(-0.00722892899150899,0.0174521784124417,0.999821566107821));
#3354=DIRECTION('',(0.,-0.999847691176682,0.0174526344331741));
#3355=DIRECTION('',(-0.00722892899150899,0.0174521784124417,0.999821566107821));
#3356=DIRECTION('',(0.,-0.999847691176682,0.0174526344331741));
#3357=DIRECTION('',(-0.00722892899150899,0.0174521784124417,0.999821566107821));
#3358=DIRECTION('',(0.,-0.999847691176682,0.0174526344331741));
#3359=DIRECTION('',(-0.00722892899150899,0.0174521784124417,0.999821566107821));
#3360=DIRECTION('',(0.,-0.999847691176682,0.0174526344331741));
#3361=DIRECTION('',(-0.00722892899150899,0.0174521784124417,0.999821566107821));
#3362=DIRECTION('',(0.,-0.999847691176682,0.0174526344331741));
#3363=DIRECTION('',(-0.00722892899150899,0.0174521784124417,0.999821566107821));
#3364=DIRECTION('',(0.,-0.999847691176682,0.0174526344331741));
#3365=DIRECTION('',(-0.00722892899150899,0.0174521784124417,0.999821566107821));
#3366=DIRECTION('',(0.,-0.999847691176682,0.0174526344331741));
#3367=DIRECTION('',(0.00722892899150899,-0.0174521784124417,-0.999821566107821));
#3368=DIRECTION('',(0.,0.999847691176682,-0.0174526344331741));
#3369=DIRECTION('',(0.00722892899150899,-0.0174521784124417,-0.999821566107821));
#3370=DIRECTION('',(-0.00722892899150899,0.0174521784124417,0.999821566107821));
#3371=DIRECTION('',(0.,-0.999847691176682,0.0174526344331741));
#3372=DIRECTION('',(0.00722892899150899,-0.0174521784124417,-0.999821566107821));
#3373=DIRECTION('',(-0.00722892899150899,0.0174521784124417,0.999821566107821));
#3374=DIRECTION('',(0.,-0.999847691176682,0.0174526344331741));
#3375=DIRECTION('',(0.00722892899150899,-0.0174521784124417,-0.999821566107821));
#3376=DIRECTION('',(0.,0.999847691176682,-0.0174526344331741));
#3377=DIRECTION('',(-0.00722892899150899,0.0174521784124417,0.999821566107821));
#3378=DIRECTION('',(0.,-0.999847691176682,0.0174526344331741));
#3379=DIRECTION('',(0.00722892899150899,-0.0174521784124417,-0.999821566107821));
#3380=DIRECTION('',(-0.00722892899150899,0.0174521784124417,0.999821566107821));
#3381=DIRECTION('',(0.,-0.999847691176682,0.0174526344331741));
#3382=DIRECTION('',(0.00722892899150899,-0.0174521784124417,-0.999821566107821));
#3383=DIRECTION('',(0.00722892899150899,-0.0174521784124417,-0.999821566107821));
#3384=DIRECTION('',(0.,0.999847691176682,-0.0174526344331741));
#3385=DIRECTION('',(0.007228928991509,-0.0174521784124417,-0.999821566107821));
#3386=DIRECTION('',(-0.00722892899150899,0.0174521784124417,0.999821566107821));
#3387=DIRECTION('',(0.,-0.999847691176682,0.0174526344331741));
#3388=DIRECTION('',(0.00722892899150899,-0.0174521784124417,-0.999821566107821));
#3389=DIRECTION('',(-0.00722892899150899,0.0174521784124417,0.999821566107821));
#3390=DIRECTION('',(0.,-0.999847691176682,0.0174526344331741));
#3391=DIRECTION('',(0.00722892899150899,-0.0174521784124417,-0.999821566107821));
#3392=DIRECTION('',(0.,0.999847691176682,-0.0174526344331741));
#3393=DIRECTION('',(-0.00722892899150899,0.0174521784124417,0.999821566107821));
#3394=DIRECTION('',(0.,-0.999847691176682,0.0174526344331741));
#3395=DIRECTION('',(0.00722892899150899,-0.0174521784124417,-0.999821566107821));
#3396=DIRECTION('',(-0.00722892899150899,0.0174521784124417,0.999821566107821));
#3397=DIRECTION('',(0.,-0.999847691176682,0.0174526344331741));
#3398=DIRECTION('',(0.00722892899150899,-0.0174521784124417,-0.999821566107821));
#3399=DIRECTION('',(0.00722892899150899,-0.0174521784124417,-0.999821566107821));
#3400=DIRECTION('',(0.,0.999847691176682,-0.0174526344331741));
#3401=DIRECTION('',(0.00722892899150899,-0.0174521784124417,-0.999821566107821));
#3402=DIRECTION('',(-0.00722892899150899,0.0174521784124417,0.999821566107821));
#3403=DIRECTION('',(0.,-0.999847691176682,0.0174526344331741));
#3404=DIRECTION('',(0.00722892899150899,-0.0174521784124417,-0.999821566107821));
#3405=DIRECTION('',(-0.00722892899150899,0.0174521784124417,0.999821566107821));
#3406=DIRECTION('',(0.,-0.999847691176682,0.0174526344331741));
#3407=DIRECTION('',(0.00722892899150899,-0.0174521784124417,-0.999821566107821));
#3408=DIRECTION('',(0.,0.999847691176682,-0.0174526344331741));
#3409=DIRECTION('',(0.00722892899150899,-0.0174521784124417,-0.999821566107821));
#3410=DIRECTION('',(-0.00722892899150899,0.0174521784124417,0.999821566107821));
#3411=DIRECTION('',(0.,-0.999847691176682,0.0174526344331741));
#3412=DIRECTION('',(0.00722892899150899,-0.0174521784124417,-0.999821566107821));
#3413=DIRECTION('',(-0.00722892899150899,0.0174521784124417,0.999821566107821));
#3414=DIRECTION('',(0.,-0.999847691176682,0.0174526344331741));
#3415=DIRECTION('',(0.00722892899150899,-0.0174521784124417,-0.999821566107821));
#3416=DIRECTION('',(0.,0.999847691176682,-0.0174526344331741));
#3417=DIRECTION('',(0.00722892899150899,-0.0174521784124417,-0.999821566107821));
#3418=DIRECTION('',(-0.00722892899150899,0.0174521784124417,0.999821566107821));
#3419=DIRECTION('',(0.,-0.999847691176682,0.0174526344331741));
#3420=DIRECTION('',(0.007228928991509,-0.0174521784124417,-0.999821566107821));
#3421=DIRECTION('',(-0.00722892899150899,0.0174521784124417,0.999821566107821));
#3422=DIRECTION('',(0.,-0.999847691176682,0.0174526344331741));
#3423=DIRECTION('',(0.00722892899150899,-0.0174521784124417,-0.999821566107821));
#3424=DIRECTION('',(0.,0.999847691176682,-0.0174526344331741));
#3425=DIRECTION('',(-0.00722892899150899,0.0174521784124417,0.999821566107821));
#3426=DIRECTION('',(0.,-0.999847691176682,0.0174526344331741));
#3427=DIRECTION('',(0.00722892899150899,-0.0174521784124417,-0.999821566107821));
#3428=DIRECTION('',(-0.00722892899150899,0.0174521784124417,0.999821566107821));
#3429=DIRECTION('',(0.,-0.999847691176682,0.0174526344331741));
#3430=DIRECTION('',(0.00722892899150899,-0.0174521784124417,-0.999821566107821));
#3431=DIRECTION('',(0.00722892899150899,-0.0174521784124417,-0.999821566107821));
#3432=DIRECTION('',(0.,0.999847691176682,-0.0174526344331741));
#3433=DIRECTION('',(0.007228928991509,-0.0174521784124417,-0.999821566107821));
#3434=DIRECTION('',(-0.00722892899150899,0.0174521784124417,0.999821566107821));
#3435=DIRECTION('',(0.,-0.999847691176682,0.0174526344331741));
#3436=DIRECTION('',(0.00722892899150899,-0.0174521784124417,-0.999821566107821));
#3437=DIRECTION('',(-0.00722892899150899,0.0174521784124417,0.999821566107821));
#3438=DIRECTION('',(0.,-0.999847691176682,0.0174526344331741));
#3439=DIRECTION('',(0.00722892899150899,-0.0174521784124417,-0.999821566107821));
#3440=DIRECTION('',(0.,0.999847691176682,-0.0174526344331741));
#3441=DIRECTION('',(0.00722892899150899,-0.0174521784124417,-0.999821566107821));
#3442=DIRECTION('',(-0.00722892899150899,0.0174521784124417,0.999821566107821));
#3443=DIRECTION('',(0.,-0.999847691176682,0.0174526344331741));
#3444=DIRECTION('',(0.00722892899150899,-0.0174521784124417,-0.999821566107821));
#3445=DIRECTION('',(-0.00722892899150899,0.0174521784124417,0.999821566107821));
#3446=DIRECTION('',(0.,-0.999847691176682,0.0174526344331741));
#3447=DIRECTION('',(0.00722892899150899,-0.0174521784124417,-0.999821566107821));
#3448=DIRECTION('',(0.,0.999847691176682,-0.0174526344331741));
#3449=DIRECTION('',(0.00722892899150899,-0.0174521784124417,-0.999821566107821));
#3450=DIRECTION('',(-0.00722892899150899,0.0174521784124417,0.999821566107821));
#3451=DIRECTION('',(0.,-0.999847691176682,0.0174526344331741));
#3452=DIRECTION('',(0.00722892899150899,-0.0174521784124417,-0.999821566107821));
#3453=DIRECTION('',(-0.00722892899150899,0.0174521784124417,0.999821566107821));
#3454=DIRECTION('',(0.,-0.999847691176682,0.0174526344331741));
#3455=DIRECTION('',(0.00722892899150899,-0.0174521784124417,-0.999821566107821));
#3456=DIRECTION('',(0.,0.999847691176682,-0.0174526344331741));
#3457=DIRECTION('',(0.00722892899150899,-0.0174521784124417,-0.999821566107821));
#3458=DIRECTION('',(-0.00722892899150899,0.0174521784124417,0.999821566107821));
#3459=DIRECTION('',(0.,-0.999847691176682,0.0174526344331741));
#3460=DIRECTION('',(0.00722892899150899,-0.0174521784124417,-0.999821566107821));
#3461=DIRECTION('',(-0.00722892899150899,0.0174521784124417,0.999821566107821));
#3462=DIRECTION('',(0.,-0.999847691176682,0.0174526344331741));
#3463=DIRECTION('',(0.00722892899150899,-0.0174521784124417,-0.999821566107821));
#3464=DIRECTION('',(0.,0.999847691176682,-0.0174526344331741));
#3465=DIRECTION('',(0.00722892899150899,-0.0174521784124417,-0.999821566107821));
#3466=DIRECTION('',(-0.00722892899150899,0.0174521784124417,0.999821566107821));
#3467=DIRECTION('',(0.,-0.999847691176682,0.0174526344331741));
#3468=DIRECTION('',(0.00722892899150899,-0.0174521784124417,-0.999821566107821));
#3469=DIRECTION('',(-0.00722892899150899,0.0174521784124417,0.999821566107821));
#3470=DIRECTION('',(0.,-0.999847691176682,0.0174526344331741));
#3471=DIRECTION('',(0.00722892899150899,-0.0174521784124417,-0.999821566107821));
#3472=DIRECTION('',(0.,0.999847691176682,-0.0174526344331741));
#3473=DIRECTION('',(-0.00722892899150899,0.0174521784124417,0.999821566107821));
#3474=DIRECTION('',(0.,-0.999847691176682,0.0174526344331741));
#3475=DIRECTION('',(0.00722892899150899,-0.0174521784124417,-0.999821566107821));
#3476=DIRECTION('',(-0.00722892899150899,0.0174521784124417,0.999821566107821));
#3477=DIRECTION('',(0.,-0.999847691176682,0.0174526344331741));
#3478=DIRECTION('',(0.00722892899150899,-0.0174521784124417,-0.999821566107821));
#3479=DIRECTION('',(0.00722892899150899,-0.0174521784124417,-0.999821566107821));
#3480=DIRECTION('',(0.,0.999847691176682,-0.0174526344331741));
#3481=DIRECTION('',(0.00722892899150899,-0.0174521784124417,-0.999821566107821));
#3482=DIRECTION('',(-0.00722892899150899,0.0174521784124417,0.999821566107821));
#3483=DIRECTION('',(0.,-0.999847691176682,0.0174526344331741));
#3484=DIRECTION('',(0.00722892899150899,-0.0174521784124417,-0.999821566107821));
#3485=DIRECTION('',(-0.00722892899150899,0.0174521784124417,0.999821566107821));
#3486=DIRECTION('',(0.,-0.999847691176682,0.0174526344331741));
#3487=DIRECTION('',(0.00722892899150899,-0.0174521784124417,-0.999821566107821));
#3488=DIRECTION('',(0.,0.999847691176682,-0.0174526344331741));
#3489=DIRECTION('',(-0.00722892899150899,0.0174521784124417,0.999821566107821));
#3490=DIRECTION('',(0.,-0.999847691176682,0.0174526344331741));
#3491=DIRECTION('',(0.00722892899150899,-0.0174521784124417,-0.999821566107821));
#3492=DIRECTION('',(-0.00722892899150899,0.0174521784124417,0.999821566107821));
#3493=DIRECTION('',(0.,-0.999847691176682,0.0174526344331741));
#3494=DIRECTION('',(0.00722892899150899,-0.0174521784124417,-0.999821566107821));
#3495=DIRECTION('',(0.00722892899150899,-0.0174521784124417,-0.999821566107821));
#3496=DIRECTION('',(0.,0.999847691176682,-0.0174526344331741));
#3497=DIRECTION('',(0.00722892899150899,-0.0174521784124417,-0.999821566107821));
#3498=DIRECTION('',(-0.00722892899150899,0.0174521784124417,0.999821566107821));
#3499=DIRECTION('',(0.,-0.999847691176682,0.0174526344331741));
#3500=DIRECTION('',(0.00722892899150899,-0.0174521784124417,-0.999821566107821));
#3501=DIRECTION('',(-0.00722892899150899,0.0174521784124417,0.999821566107821));
#3502=DIRECTION('',(0.,-0.999847691176682,0.0174526344331741));
#3503=DIRECTION('',(0.00722892899150899,-0.0174521784124417,-0.999821566107821));
#3504=DIRECTION('',(0.,0.999847691176682,-0.0174526344331741));
#3505=DIRECTION('',(0.00722892899150899,-0.0174521784124417,-0.999821566107821));
#3506=DIRECTION('',(-0.00722892899150899,0.0174521784124417,0.999821566107821));
#3507=DIRECTION('',(0.,-0.999847691176682,0.0174526344331741));
#3508=DIRECTION('',(0.00722892899150899,-0.0174521784124417,-0.999821566107821));
#3509=DIRECTION('',(-0.00722892899150899,0.0174521784124417,0.999821566107821));
#3510=DIRECTION('',(0.,-0.999847691176682,0.0174526344331741));
#3511=DIRECTION('',(0.00722892899150899,-0.0174521784124417,-0.999821566107821));
#3512=DIRECTION('',(0.,0.999847691176682,-0.0174526344331741));
#3513=DIRECTION('',(-0.00722892899150899,0.0174521784124417,0.999821566107821));
#3514=DIRECTION('',(0.,-0.999847691176682,0.0174526344331741));
#3515=DIRECTION('',(0.00722892899150899,-0.0174521784124417,-0.999821566107821));
#3516=DIRECTION('',(-0.00722892899150899,0.0174521784124417,0.999821566107821));
#3517=DIRECTION('',(0.,-0.999847691176682,0.0174526344331741));
#3518=DIRECTION('',(0.00722892899150899,-0.0174521784124417,-0.999821566107821));
#3519=DIRECTION('',(0.00722892899150899,-0.0174521784124417,-0.999821566107821));
#3520=DIRECTION('',(0.,0.999847691176682,-0.0174526344331741));
#3521=DIRECTION('',(0.00722892899150899,-0.0174521784124417,-0.999821566107821));
#3522=DIRECTION('',(-0.00722892899150899,0.0174521784124417,0.999821566107821));
#3523=DIRECTION('',(0.,-0.999847691176682,0.0174526344331741));
#3524=DIRECTION('',(0.00722892899150899,-0.0174521784124417,-0.999821566107821));
#3525=DIRECTION('',(-0.00722892899150899,0.0174521784124417,0.999821566107821));
#3526=DIRECTION('',(0.,-0.999847691176682,0.0174526344331741));
#3527=DIRECTION('',(0.00722892899150899,-0.0174521784124417,-0.999821566107821));
#3528=DIRECTION('',(0.,0.999847691176682,-0.0174526344331741));
#3529=DIRECTION('',(0.00722892899150899,-0.0174521784124417,-0.999821566107821));
#3530=DIRECTION('',(-0.00722892899150899,0.0174521784124417,0.999821566107821));
#3531=DIRECTION('',(0.,-0.999847691176682,0.0174526344331741));
#3532=DIRECTION('',(0.00722892899150899,-0.0174521784124417,-0.999821566107821));
#3533=DIRECTION('',(-0.00722892899150899,0.0174521784124417,0.999821566107821));
#3534=DIRECTION('',(0.,-0.999847691176682,0.0174526344331741));
#3535=DIRECTION('',(0.00722892899150899,-0.0174521784124417,-0.999821566107821));
#3536=DIRECTION('',(0.,0.999847691176682,-0.0174526344331741));
#3537=DIRECTION('',(0.00722892899150899,-0.0174521784124417,-0.999821566107821));
#3538=DIRECTION('',(-0.00722892899150899,0.0174521784124417,0.999821566107821));
#3539=DIRECTION('',(0.,-0.999847691176682,0.0174526344331741));
#3540=DIRECTION('',(0.00722892899150899,-0.0174521784124417,-0.999821566107821));
#3541=DIRECTION('',(-0.00722892899150899,0.0174521784124417,0.999821566107821));
#3542=DIRECTION('',(0.,-0.999847691176682,0.0174526344331741));
#3543=DIRECTION('',(0.00722892899150899,-0.0174521784124417,-0.999821566107821));
#3544=DIRECTION('',(0.,0.999847691176682,-0.0174526344331741));
#3545=DIRECTION('',(-0.00722892899150899,0.0174521784124417,0.999821566107821));
#3546=DIRECTION('',(0.,-0.999847691176682,0.0174526344331741));
#3547=DIRECTION('',(0.007228928991509,-0.0174521784124417,-0.999821566107821));
#3548=DIRECTION('',(-0.00722892899150899,0.0174521784124417,0.999821566107821));
#3549=DIRECTION('',(0.,-0.999847691176682,0.0174526344331741));
#3550=DIRECTION('',(0.00722892899150899,-0.0174521784124417,-0.999821566107821));
#3551=DIRECTION('',(-0.00722892899150899,0.0174521784124417,0.999821566107821));
#3552=DIRECTION('',(0.999973870951454,0.00012616385503218,0.00722782796184045));
#3553=DIRECTION('',(0.00722892899150899,-0.0174521784124417,-0.999821566107821));
#3554=DIRECTION('',(0.,0.999847691176682,-0.0174526344331741));
#3555=DIRECTION('',(0.00722892899150899,-0.0174521784124417,-0.999821566107821));
#3556=DIRECTION('',(0.,0.999847691176682,-0.0174526344331741));
#3557=DIRECTION('',(0.00722892899150899,-0.0174521784124417,-0.999821566107821));
#3558=DIRECTION('',(0.,0.999847691176682,-0.0174526344331741));
#3559=DIRECTION('',(0.00722892899150899,-0.0174521784124417,-0.999821566107821));
#3560=DIRECTION('',(0.,0.999847691176682,-0.0174526344331741));
#3561=DIRECTION('',(0.00722892899150899,-0.0174521784124417,-0.999821566107821));
#3562=DIRECTION('',(0.,0.999847691176682,-0.0174526344331741));
#3563=DIRECTION('',(-0.00722892899150899,0.0174521784124417,0.999821566107821));
#3564=DIRECTION('',(-0.258812282407127,0.965746053654568,-0.0187286498670335));
#3565=DIRECTION('',(-0.00722892899150899,0.0174521784124417,0.999821566107821));
#3566=DIRECTION('',(-0.499986935475727,0.865830418546709,-0.0187283387630119));
#3567=DIRECTION('',(-0.00722892899150899,0.0174521784124417,0.999821566107821));
#3568=DIRECTION('',(-0.499986935475727,0.865830418546709,-0.0187283387630119));
#3569=DIRECTION('',(-0.00722892899150899,0.0174521784124417,0.999821566107821));
#3570=DIRECTION('',(-0.499986935475727,0.865830418546709,-0.0187283387630119));
#3571=DIRECTION('',(-0.00722892899150899,0.0174521784124417,0.999821566107821));
#3572=DIRECTION('',(-0.707088305159135,0.706909871267311,-0.0174517223223343));
#3573=DIRECTION('',(-0.00722892899150899,0.0174521784124417,0.999821566107821));
#3574=DIRECTION('',(-0.707088305159135,0.706909871267311,-0.0174517223223343));
#3575=DIRECTION('',(-0.00722892899150899,0.0174521784124417,0.999821566107821));
#3576=DIRECTION('',(-0.707088305159135,0.706909871267311,-0.0174517223223343));
#3577=DIRECTION('',(-0.007228928991509,0.0174521784124417,0.999821566107821));
#3578=DIRECTION('',(-0.866002775364621,0.499814584484844,-0.0149857998457243));
#3579=DIRECTION('',(-0.007228928991509,0.0174521784124417,0.999821566107821));
#3580=DIRECTION('',(-0.866002775364621,0.499814584484844,-0.0149857998457243));
#3581=DIRECTION('',(-0.007228928991509,0.0174521784124417,0.999821566107821));
#3582=DIRECTION('',(-0.866002775364621,0.499814584484844,-0.0149857998457243));
#3583=DIRECTION('',(-0.00722892899150899,0.0174521784124417,0.999821566107821));
#3584=DIRECTION('',(-0.965900587566261,0.258657759752389,-0.0114986198748334));
#3585=DIRECTION('',(-0.00722892899150899,0.0174521784124417,0.999821566107821));
#3586=DIRECTION('',(-0.965900587566261,0.258657759752389,-0.0114986198748334));
#3587=DIRECTION('',(-0.00722892899150899,0.0174521784124417,0.999821566107821));
#3588=DIRECTION('',(-0.965900587566261,0.258657759752389,-0.0114986198748334));
#3589=DIRECTION('',(-0.00722892899150899,0.0174521784124417,0.999821566107821));
#3590=DIRECTION('',(-0.999973870951454,-0.000126163855031996,-0.00722782796184045));
#3591=DIRECTION('',(-0.00722892899150899,0.0174521784124417,0.999821566107821));
#3592=DIRECTION('',(-0.999973870951454,-0.000126163855031996,-0.00722782796184045));
#3593=DIRECTION('',(-0.00722892899150899,0.0174521784124417,0.999821566107821));
#3594=DIRECTION('',(-0.999973870951454,-0.000126163855031996,-0.00722782796184045));
#3595=DIRECTION('',(-0.00722892899150899,0.0174521784124417,0.999821566107821));
#3596=DIRECTION('',(-0.965900587566262,-0.258901489604228,-0.0024644715177985));
#3597=DIRECTION('',(-0.00722892899150899,0.0174521784124417,0.999821566107821));
#3598=DIRECTION('',(-0.965900587566262,-0.258901489604228,-0.0024644715177985));
#3599=DIRECTION('',(-0.00722892899150899,0.0174521784124417,0.999821566107821));
#3600=DIRECTION('',(-0.965900587566262,-0.258901489604228,-0.0024644715177985));
#3601=DIRECTION('',(-0.00722892899150899,0.0174521784124417,0.999821566107821));
#3602=DIRECTION('',(-0.866002775364621,-0.500033106691838,0.00246683458744969));
#3603=DIRECTION('',(-0.00722892899150899,0.0174521784124417,0.999821566107821));
#3604=DIRECTION('',(-0.866002775364621,-0.500033106691838,0.00246683458744969));
#3605=DIRECTION('',(-0.00722892899150899,0.0174521784124417,0.999821566107821));
#3606=DIRECTION('',(-0.866002775364621,-0.500033106691838,0.00246683458744969));
#3607=DIRECTION('',(-0.00722892899150899,0.0174521784124417,0.999821566107821));
#3608=DIRECTION('',(-0.707088305159135,-0.707088293902179,0.00723002999220007));
#3609=DIRECTION('',(-0.00722892899150899,0.0174521784124417,0.999821566107821));
#3610=DIRECTION('',(-0.707088305159135,-0.707088293902179,0.00723002999220007));
#3611=DIRECTION('',(-0.00722892899150899,0.0174521784124417,0.999821566107821));
#3612=DIRECTION('',(-0.707088305159135,-0.707088293902179,0.00723002999220007));
#3613=DIRECTION('',(-0.00722892899150899,0.0174521784124417,0.999821566107821));
#3614=DIRECTION('',(-0.499986935475728,-0.865956582401741,0.0115005108011715));
#3615=DIRECTION('',(-0.00722892899150899,0.0174521784124417,0.999821566107821));
#3616=DIRECTION('',(-0.499986935475728,-0.865956582401741,0.0115005108011715));
#3617=DIRECTION('',(-0.00722892899150899,0.0174521784124417,0.999821566107821));
#3618=DIRECTION('',(-0.499986935475728,-0.865956582401741,0.0115005108011715));
#3619=DIRECTION('',(-0.00722892899150899,0.0174521784124417,0.999821566107821));
#3620=DIRECTION('',(-0.258812282407127,-0.96581136087154,0.0149872508045358));
#3621=DIRECTION('',(-0.00722892899150899,0.0174521784124417,0.999821566107821));
#3622=DIRECTION('',(-0.258812282407127,-0.96581136087154,0.0149872508045358));
#3623=DIRECTION('',(-0.00722892899150899,0.0174521784124417,0.999821566107821));
#3624=DIRECTION('',(-0.258812282407127,-0.96581136087154,0.0149872508045358));
#3625=DIRECTION('',(-0.00722892899150899,0.0174521784124417,0.999821566107821));
#3626=DIRECTION('',(0.,-0.999847691176682,0.0174526344331741));
#3627=DIRECTION('',(-0.00722892899150899,0.0174521784124417,0.999821566107821));
#3628=DIRECTION('',(0.,-0.999847691176682,0.0174526344331741));
#3629=DIRECTION('',(-0.00722892899150899,0.0174521784124417,0.999821566107821));
#3630=DIRECTION('',(0.,-0.999847691176682,0.0174526344331741));
#3631=DIRECTION('',(-0.00722892899150899,0.0174521784124417,0.999821566107821));
#3632=DIRECTION('',(0.,-0.999847691176682,0.0174526344331741));
#3633=DIRECTION('',(-0.00722892899150899,0.0174521784124417,0.999821566107821));
#3634=DIRECTION('',(0.258812282407127,-0.965746053654568,0.0187286498670335));
#3635=DIRECTION('',(-0.00722892899150899,0.0174521784124417,0.999821566107821));
#3636=DIRECTION('',(0.258812282407127,-0.965746053654568,0.0187286498670335));
#3637=DIRECTION('',(-0.00722892899150899,0.0174521784124417,0.999821566107821));
#3638=DIRECTION('',(0.258812282407127,-0.965746053654568,0.0187286498670335));
#3639=DIRECTION('',(-0.00722892899150899,0.0174521784124417,0.999821566107821));
#3640=DIRECTION('',(0.499986935475727,-0.865830418546709,0.0187283387630119));
#3641=DIRECTION('',(-0.00722892899150899,0.0174521784124417,0.999821566107821));
#3642=DIRECTION('',(0.499986935475727,-0.865830418546709,0.0187283387630119));
#3643=DIRECTION('',(-0.00722892899150899,0.0174521784124417,0.999821566107821));
#3644=DIRECTION('',(0.499986935475727,-0.865830418546709,0.0187283387630119));
#3645=DIRECTION('',(-0.00722892899150899,0.0174521784124417,0.999821566107821));
#3646=DIRECTION('',(0.707088305159135,-0.706909871267311,0.0174517223223343));
#3647=DIRECTION('',(-0.00722892899150899,0.0174521784124417,0.999821566107821));
#3648=DIRECTION('',(0.707088305159135,-0.706909871267311,0.0174517223223343));
#3649=DIRECTION('',(-0.00722892899150899,0.0174521784124417,0.999821566107821));
#3650=DIRECTION('',(0.707088305159135,-0.706909871267311,0.0174517223223343));
#3651=DIRECTION('',(-0.00722892899150899,0.0174521784124417,0.999821566107821));
#3652=DIRECTION('',(0.866002775364621,-0.499814584484844,0.0149857998457243));
#3653=DIRECTION('',(-0.00722892899150899,0.0174521784124417,0.999821566107821));
#3654=DIRECTION('',(0.866002775364621,-0.499814584484844,0.0149857998457243));
#3655=DIRECTION('',(-0.00722892899150899,0.0174521784124417,0.999821566107821));
#3656=DIRECTION('',(0.866002775364621,-0.499814584484844,0.0149857998457243));
#3657=DIRECTION('',(-0.00722892899150899,0.0174521784124417,0.999821566107821));
#3658=DIRECTION('',(0.965900587566262,-0.258657759752389,0.0114986198748334));
#3659=DIRECTION('',(-0.00722892899150899,0.0174521784124417,0.999821566107821));
#3660=DIRECTION('',(0.965900587566262,-0.258657759752389,0.0114986198748334));
#3661=DIRECTION('',(-0.00722892899150899,0.0174521784124417,0.999821566107821));
#3662=DIRECTION('',(0.965900587566262,-0.258657759752389,0.0114986198748334));
#3663=DIRECTION('',(-0.00722892899150899,0.0174521784124417,0.999821566107821));
#3664=DIRECTION('',(0.999973870951454,0.000126163855032119,0.00722782796184045));
#3665=DIRECTION('',(-0.00722892899150899,0.0174521784124417,0.999821566107821));
#3666=DIRECTION('',(0.999973870951454,0.000126163855032119,0.00722782796184045));
#3667=DIRECTION('',(-0.00722892899150899,0.0174521784124417,0.999821566107821));
#3668=DIRECTION('',(0.999973870951454,0.000126163855032119,0.00722782796184045));
#3669=DIRECTION('',(-0.00722892899150899,0.0174521784124417,0.999821566107821));
#3670=DIRECTION('',(0.965900587566262,0.258901489604229,0.00246447151779848));
#3671=DIRECTION('',(-0.00722892899150899,0.0174521784124417,0.999821566107821));
#3672=DIRECTION('',(0.965900587566262,0.258901489604229,0.00246447151779848));
#3673=DIRECTION('',(-0.00722892899150899,0.0174521784124417,0.999821566107821));
#3674=DIRECTION('',(0.965900587566262,0.258901489604229,0.00246447151779848));
#3675=DIRECTION('',(-0.007228928991509,0.0174521784124417,0.999821566107821));
#3676=DIRECTION('',(0.866002775364621,0.500033106691838,-0.00246683458744969));
#3677=DIRECTION('',(-0.007228928991509,0.0174521784124417,0.999821566107821));
#3678=DIRECTION('',(0.866002775364621,0.500033106691838,-0.00246683458744969));
#3679=DIRECTION('',(-0.007228928991509,0.0174521784124417,0.999821566107821));
#3680=DIRECTION('',(0.866002775364621,0.500033106691838,-0.00246683458744969));
#3681=DIRECTION('',(-0.00722892899150899,0.0174521784124417,0.999821566107821));
#3682=DIRECTION('',(0.707088305159135,0.707088293902179,-0.00723002999220007));
#3683=DIRECTION('',(-0.00722892899150899,0.0174521784124417,0.999821566107821));
#3684=DIRECTION('',(0.707088305159135,0.707088293902179,-0.00723002999220007));
#3685=DIRECTION('',(-0.00722892899150899,0.0174521784124417,0.999821566107821));
#3686=DIRECTION('',(0.707088305159135,0.707088293902179,-0.00723002999220007));
#3687=DIRECTION('',(-0.00722892899150899,0.0174521784124417,0.999821566107821));
#3688=DIRECTION('',(0.499986935475727,0.865956582401741,-0.0115005108011715));
#3689=DIRECTION('',(-0.00722892899150899,0.0174521784124417,0.999821566107821));
#3690=DIRECTION('',(0.499986935475727,0.865956582401741,-0.0115005108011715));
#3691=DIRECTION('',(-0.00722892899150899,0.0174521784124417,0.999821566107821));
#3692=DIRECTION('',(0.499986935475727,0.865956582401741,-0.0115005108011715));
#3693=DIRECTION('',(-0.00722892899150899,0.0174521784124417,0.999821566107821));
#3694=DIRECTION('',(0.258812282407127,0.96581136087154,-0.0149872508045358));
#3695=DIRECTION('',(-0.00722892899150899,0.0174521784124417,0.999821566107821));
#3696=DIRECTION('',(0.258812282407127,0.96581136087154,-0.0149872508045358));
#3697=DIRECTION('',(-0.00722892899150899,0.0174521784124417,0.999821566107821));
#3698=DIRECTION('',(0.258812282407127,0.96581136087154,-0.0149872508045358));
#3699=DIRECTION('',(-0.00722892899150899,0.0174521784124417,0.999821566107821));
#3700=DIRECTION('',(1.22514845490862E-16,0.999847691176682,-0.0174526344331741));
#3701=DIRECTION('',(-0.00722892899150899,0.0174521784124417,0.999821566107821));
#3702=DIRECTION('',(1.22514845490862E-16,0.999847691176682,-0.0174526344331741));
#3703=DIRECTION('',(-0.00722892899150899,0.0174521784124417,0.999821566107821));
#3704=DIRECTION('',(1.22514845490862E-16,0.999847691176682,-0.0174526344331741));
#3705=DIRECTION('',(-0.00722892899150899,0.0174521784124417,0.999821566107821));
#3706=DIRECTION('',(-0.258812282407127,0.965746053654568,-0.0187286498670335));
#3707=DIRECTION('',(-0.00722892899150899,0.0174521784124417,0.999821566107821));
#3708=DIRECTION('',(-0.258812282407127,0.965746053654568,-0.0187286498670335));
#3709=DIRECTION('',(0.00722892899150899,-0.0174521784124417,-0.999821566107821));
#3710=DIRECTION('',(0.,0.999847691176682,-0.0174526344331741));
#3711=DIRECTION('',(0.00722892899150899,-0.0174521784124417,-0.999821566107821));
#3712=DIRECTION('',(-0.00722892899150899,0.0174521784124417,0.999821566107821));
#3713=DIRECTION('',(0.,-0.999847691176682,0.0174526344331741));
#3714=DIRECTION('',(0.00722892899150899,-0.0174521784124417,-0.999821566107821));
#3715=DIRECTION('',(-0.00722892899150899,0.0174521784124417,0.999821566107821));
#3716=DIRECTION('',(0.999973870951454,0.00012616385503218,0.00722782796184045));
#3717=DIRECTION('',(-0.00722892899150899,0.0174521784124417,0.999821566107821));
#3718=DIRECTION('',(-0.258812282407127,0.965746053654568,-0.0187286498670335));
#3719=DIRECTION('',(-0.00722892899150899,0.0174521784124417,0.999821566107821));
#3720=DIRECTION('',(1.22514845490862E-16,0.999847691176682,-0.0174526344331741));
#3721=DIRECTION('',(-0.00722892899150899,0.0174521784124417,0.999821566107821));
#3722=DIRECTION('',(1.22514845490862E-16,0.999847691176682,-0.0174526344331741));
#3723=DIRECTION('',(-0.00722892899150899,0.0174521784124417,0.999821566107821));
#3724=DIRECTION('',(1.22514845490862E-16,0.999847691176682,-0.0174526344331741));
#3725=DIRECTION('',(-0.00722892899150899,0.0174521784124417,0.999821566107821));
#3726=DIRECTION('',(0.258812282407127,0.96581136087154,-0.0149872508045358));
#3727=DIRECTION('',(-0.00722892899150899,0.0174521784124417,0.999821566107821));
#3728=DIRECTION('',(0.258812282407127,0.96581136087154,-0.0149872508045358));
#3729=DIRECTION('',(-0.00722892899150899,0.0174521784124417,0.999821566107821));
#3730=DIRECTION('',(0.258812282407127,0.96581136087154,-0.0149872508045358));
#3731=DIRECTION('',(-0.00722892899150899,0.0174521784124417,0.999821566107821));
#3732=DIRECTION('',(0.499986935475727,0.865956582401741,-0.0115005108011715));
#3733=DIRECTION('',(-0.00722892899150899,0.0174521784124417,0.999821566107821));
#3734=DIRECTION('',(0.499986935475727,0.865956582401741,-0.0115005108011715));
#3735=DIRECTION('',(-0.00722892899150899,0.0174521784124417,0.999821566107821));
#3736=DIRECTION('',(0.499986935475727,0.865956582401741,-0.0115005108011715));
#3737=DIRECTION('',(-0.00722892899150899,0.0174521784124417,0.999821566107821));
#3738=DIRECTION('',(0.707088305159135,0.707088293902179,-0.00723002999220007));
#3739=DIRECTION('',(-0.00722892899150899,0.0174521784124417,0.999821566107821));
#3740=DIRECTION('',(0.707088305159135,0.707088293902179,-0.00723002999220007));
#3741=DIRECTION('',(-0.00722892899150899,0.0174521784124417,0.999821566107821));
#3742=DIRECTION('',(0.707088305159135,0.707088293902179,-0.00723002999220007));
#3743=DIRECTION('',(-0.007228928991509,0.0174521784124417,0.999821566107821));
#3744=DIRECTION('',(0.866002775364621,0.500033106691838,-0.00246683458744969));
#3745=DIRECTION('',(-0.007228928991509,0.0174521784124417,0.999821566107821));
#3746=DIRECTION('',(0.866002775364621,0.500033106691838,-0.00246683458744969));
#3747=DIRECTION('',(-0.007228928991509,0.0174521784124417,0.999821566107821));
#3748=DIRECTION('',(0.866002775364621,0.500033106691838,-0.00246683458744969));
#3749=DIRECTION('',(-0.00722892899150899,0.0174521784124417,0.999821566107821));
#3750=DIRECTION('',(0.965900587566262,0.258901489604229,0.00246447151779848));
#3751=DIRECTION('',(-0.00722892899150899,0.0174521784124417,0.999821566107821));
#3752=DIRECTION('',(0.965900587566262,0.258901489604229,0.00246447151779848));
#3753=DIRECTION('',(-0.00722892899150899,0.0174521784124417,0.999821566107821));
#3754=DIRECTION('',(0.965900587566262,0.258901489604229,0.00246447151779848));
#3755=DIRECTION('',(-0.00722892899150899,0.0174521784124417,0.999821566107821));
#3756=DIRECTION('',(0.999973870951454,0.000126163855032119,0.00722782796184045));
#3757=DIRECTION('',(-0.00722892899150899,0.0174521784124417,0.999821566107821));
#3758=DIRECTION('',(0.999973870951454,0.000126163855032119,0.00722782796184045));
#3759=DIRECTION('',(-0.00722892899150899,0.0174521784124417,0.999821566107821));
#3760=DIRECTION('',(0.999973870951454,0.000126163855032119,0.00722782796184045));
#3761=DIRECTION('',(-0.00722892899150899,0.0174521784124417,0.999821566107821));
#3762=DIRECTION('',(0.965900587566262,-0.258657759752389,0.0114986198748334));
#3763=DIRECTION('',(-0.00722892899150899,0.0174521784124417,0.999821566107821));
#3764=DIRECTION('',(0.965900587566262,-0.258657759752389,0.0114986198748334));
#3765=DIRECTION('',(-0.00722892899150899,0.0174521784124417,0.999821566107821));
#3766=DIRECTION('',(0.965900587566262,-0.258657759752389,0.0114986198748334));
#3767=DIRECTION('',(-0.00722892899150899,0.0174521784124417,0.999821566107821));
#3768=DIRECTION('',(0.866002775364621,-0.499814584484844,0.0149857998457243));
#3769=DIRECTION('',(-0.00722892899150899,0.0174521784124417,0.999821566107821));
#3770=DIRECTION('',(0.866002775364621,-0.499814584484844,0.0149857998457243));
#3771=DIRECTION('',(-0.00722892899150899,0.0174521784124417,0.999821566107821));
#3772=DIRECTION('',(0.866002775364621,-0.499814584484844,0.0149857998457243));
#3773=DIRECTION('',(-0.00722892899150899,0.0174521784124417,0.999821566107821));
#3774=DIRECTION('',(0.707088305159135,-0.706909871267311,0.0174517223223343));
#3775=DIRECTION('',(-0.00722892899150899,0.0174521784124417,0.999821566107821));
#3776=DIRECTION('',(0.707088305159135,-0.706909871267311,0.0174517223223343));
#3777=DIRECTION('',(-0.00722892899150899,0.0174521784124417,0.999821566107821));
#3778=DIRECTION('',(0.707088305159135,-0.706909871267311,0.0174517223223343));
#3779=DIRECTION('',(-0.00722892899150899,0.0174521784124417,0.999821566107821));
#3780=DIRECTION('',(0.499986935475727,-0.865830418546709,0.0187283387630119));
#3781=DIRECTION('',(-0.00722892899150899,0.0174521784124417,0.999821566107821));
#3782=DIRECTION('',(0.499986935475727,-0.865830418546709,0.0187283387630119));
#3783=DIRECTION('',(-0.00722892899150899,0.0174521784124417,0.999821566107821));
#3784=DIRECTION('',(0.499986935475727,-0.865830418546709,0.0187283387630119));
#3785=DIRECTION('',(-0.00722892899150899,0.0174521784124417,0.999821566107821));
#3786=DIRECTION('',(0.258812282407127,-0.965746053654568,0.0187286498670335));
#3787=DIRECTION('',(-0.00722892899150899,0.0174521784124417,0.999821566107821));
#3788=DIRECTION('',(0.258812282407127,-0.965746053654568,0.0187286498670335));
#3789=DIRECTION('',(-0.00722892899150899,0.0174521784124417,0.999821566107821));
#3790=DIRECTION('',(0.258812282407127,-0.965746053654568,0.0187286498670335));
#3791=DIRECTION('',(-0.00722892899150899,0.0174521784124417,0.999821566107821));
#3792=DIRECTION('',(0.,-0.999847691176682,0.0174526344331741));
#3793=DIRECTION('',(-0.00722892899150899,0.0174521784124417,0.999821566107821));
#3794=DIRECTION('',(0.,-0.999847691176682,0.0174526344331741));
#3795=DIRECTION('',(-0.00722892899150899,0.0174521784124417,0.999821566107821));
#3796=DIRECTION('',(0.,-0.999847691176682,0.0174526344331741));
#3797=DIRECTION('',(-0.00722892899150899,0.0174521784124417,0.999821566107821));
#3798=DIRECTION('',(-0.258812282407127,-0.96581136087154,0.0149872508045358));
#3799=DIRECTION('',(-0.00722892899150899,0.0174521784124417,0.999821566107821));
#3800=DIRECTION('',(-0.258812282407127,-0.96581136087154,0.0149872508045358));
#3801=DIRECTION('',(-0.00722892899150899,0.0174521784124417,0.999821566107821));
#3802=DIRECTION('',(-0.258812282407127,-0.96581136087154,0.0149872508045358));
#3803=DIRECTION('',(-0.00722892899150899,0.0174521784124417,0.999821566107821));
#3804=DIRECTION('',(-0.499986935475728,-0.865956582401741,0.0115005108011715));
#3805=DIRECTION('',(-0.00722892899150899,0.0174521784124417,0.999821566107821));
#3806=DIRECTION('',(-0.499986935475728,-0.865956582401741,0.0115005108011715));
#3807=DIRECTION('',(-0.00722892899150899,0.0174521784124417,0.999821566107821));
#3808=DIRECTION('',(-0.499986935475728,-0.865956582401741,0.0115005108011715));
#3809=DIRECTION('',(-0.00722892899150899,0.0174521784124417,0.999821566107821));
#3810=DIRECTION('',(-0.707088305159135,-0.707088293902179,0.00723002999220007));
#3811=DIRECTION('',(-0.00722892899150899,0.0174521784124417,0.999821566107821));
#3812=DIRECTION('',(-0.707088305159135,-0.707088293902179,0.00723002999220007));
#3813=DIRECTION('',(-0.00722892899150899,0.0174521784124417,0.999821566107821));
#3814=DIRECTION('',(-0.707088305159135,-0.707088293902179,0.00723002999220007));
#3815=DIRECTION('',(-0.00722892899150899,0.0174521784124417,0.999821566107821));
#3816=DIRECTION('',(-0.866002775364621,-0.500033106691838,0.00246683458744969));
#3817=DIRECTION('',(-0.00722892899150899,0.0174521784124417,0.999821566107821));
#3818=DIRECTION('',(-0.866002775364621,-0.500033106691838,0.00246683458744969));
#3819=DIRECTION('',(-0.00722892899150899,0.0174521784124417,0.999821566107821));
#3820=DIRECTION('',(-0.866002775364621,-0.500033106691838,0.00246683458744969));
#3821=DIRECTION('',(-0.00722892899150899,0.0174521784124417,0.999821566107821));
#3822=DIRECTION('',(-0.965900587566262,-0.258901489604228,-0.0024644715177985));
#3823=DIRECTION('',(-0.00722892899150899,0.0174521784124417,0.999821566107821));
#3824=DIRECTION('',(-0.965900587566262,-0.258901489604228,-0.0024644715177985));
#3825=DIRECTION('',(-0.00722892899150899,0.0174521784124417,0.999821566107821));
#3826=DIRECTION('',(-0.965900587566262,-0.258901489604228,-0.0024644715177985));
#3827=DIRECTION('',(-0.00722892899150899,0.0174521784124417,0.999821566107821));
#3828=DIRECTION('',(-0.999973870951454,-0.000126163855031996,-0.00722782796184045));
#3829=DIRECTION('',(-0.00722892899150899,0.0174521784124417,0.999821566107821));
#3830=DIRECTION('',(-0.999973870951454,-0.000126163855031996,-0.00722782796184045));
#3831=DIRECTION('',(-0.00722892899150899,0.0174521784124417,0.999821566107821));
#3832=DIRECTION('',(-0.999973870951454,-0.000126163855031996,-0.00722782796184045));
#3833=DIRECTION('',(-0.00722892899150899,0.0174521784124417,0.999821566107821));
#3834=DIRECTION('',(-0.965900587566261,0.258657759752389,-0.0114986198748334));
#3835=DIRECTION('',(-0.00722892899150899,0.0174521784124417,0.999821566107821));
#3836=DIRECTION('',(-0.965900587566261,0.258657759752389,-0.0114986198748334));
#3837=DIRECTION('',(-0.00722892899150899,0.0174521784124417,0.999821566107821));
#3838=DIRECTION('',(-0.965900587566261,0.258657759752389,-0.0114986198748334));
#3839=DIRECTION('',(-0.007228928991509,0.0174521784124417,0.999821566107821));
#3840=DIRECTION('',(-0.866002775364621,0.499814584484844,-0.0149857998457243));
#3841=DIRECTION('',(-0.007228928991509,0.0174521784124417,0.999821566107821));
#3842=DIRECTION('',(-0.866002775364621,0.499814584484844,-0.0149857998457243));
#3843=DIRECTION('',(-0.007228928991509,0.0174521784124417,0.999821566107821));
#3844=DIRECTION('',(-0.866002775364621,0.499814584484844,-0.0149857998457243));
#3845=DIRECTION('',(-0.00722892899150899,0.0174521784124417,0.999821566107821));
#3846=DIRECTION('',(-0.707088305159135,0.706909871267311,-0.0174517223223343));
#3847=DIRECTION('',(-0.00722892899150899,0.0174521784124417,0.999821566107821));
#3848=DIRECTION('',(-0.707088305159135,0.706909871267311,-0.0174517223223343));
#3849=DIRECTION('',(-0.00722892899150899,0.0174521784124417,0.999821566107821));
#3850=DIRECTION('',(-0.707088305159135,0.706909871267311,-0.0174517223223343));
#3851=DIRECTION('',(-0.00722892899150899,0.0174521784124417,0.999821566107821));
#3852=DIRECTION('',(-0.499986935475727,0.865830418546709,-0.0187283387630119));
#3853=DIRECTION('',(-0.00722892899150899,0.0174521784124417,0.999821566107821));
#3854=DIRECTION('',(-0.499986935475727,0.865830418546709,-0.0187283387630119));
#3855=DIRECTION('',(-0.00722892899150899,0.0174521784124417,0.999821566107821));
#3856=DIRECTION('',(-0.499986935475727,0.865830418546709,-0.0187283387630119));
#3857=DIRECTION('',(-0.00722892899150899,0.0174521784124417,0.999821566107821));
#3858=DIRECTION('',(-0.258812282407127,0.965746053654568,-0.0187286498670335));
#3859=DIRECTION('',(-0.00722892899150899,0.0174521784124417,0.999821566107821));
#3860=DIRECTION('',(-0.258812282407127,0.965746053654568,-0.0187286498670335));
#3861=DIRECTION('',(0.00722892899150899,-0.0174521784124417,-0.999821566107821));
#3862=DIRECTION('',(0.00722892899150899,-0.0174521784124417,-0.999821566107821));
#3863=DIRECTION('',(0.00722892899150899,-0.0174521784124417,-0.999821566107821));
#3864=DIRECTION('',(0.,0.999847691176682,-0.0174526344331741));
#3865=DIRECTION('',(0.00722892899150899,-0.0174521784124417,-0.999821566107821));
#3866=DIRECTION('',(0.00722892899150899,-0.0174521784124417,-0.999821566107821));
#3867=DIRECTION('',(0.00722892899150899,-0.0174521784124417,-0.999821566107821));
#3868=DIRECTION('',(0.,0.999847691176682,-0.0174526344331741));
#3869=DIRECTION('',(0.00722892899150899,-0.0174521784124417,-0.999821566107821));
#3870=DIRECTION('',(0.,0.999847691176682,-0.0174526344331741));
#3871=DIRECTION('',(0.00722892899150899,-0.0174521784124417,-0.999821566107821));
#3872=DIRECTION('',(0.00722892899150899,-0.0174521784124417,-0.999821566107821));
#3873=DIRECTION('',(0.00722892899150899,-0.0174521784124417,-0.999821566107821));
#3874=DIRECTION('',(0.965900587566262,-0.258657759752389,0.0114986198748334));
#3875=DIRECTION('',(0.00722892899150899,-0.0174521784124417,-0.999821566107821));
#3876=DIRECTION('',(0.00722892899150899,-0.0174521784124417,-0.999821566107821));
#3877=DIRECTION('',(0.00722892899150899,-0.0174521784124417,-0.999821566107821));
#3878=DIRECTION('',(0.965900587566262,-0.258657759752389,0.0114986198748334));
#3879=DIRECTION('',(0.00722892899150899,-0.0174521784124417,-0.999821566107821));
#3880=DIRECTION('',(0.965900587566262,-0.258657759752389,0.0114986198748334));
#3881=DIRECTION('',(0.00722892899150899,-0.0174521784124417,-0.999821566107821));
#3882=DIRECTION('',(0.00722892899150899,-0.0174521784124417,-0.999821566107821));
#3883=DIRECTION('',(0.00722892899150899,-0.0174521784124417,-0.999821566107821));
#3884=DIRECTION('',(0.999973870951454,0.000126163855031996,0.00722782796184044));
#3885=DIRECTION('',(0.00722892899150899,-0.0174521784124417,-0.999821566107821));
#3886=DIRECTION('',(0.00722892899150899,-0.0174521784124417,-0.999821566107821));
#3887=DIRECTION('',(0.00722892899150899,-0.0174521784124417,-0.999821566107821));
#3888=DIRECTION('',(0.999973870951454,0.000126163855031996,0.00722782796184044));
#3889=DIRECTION('',(0.00722892899150899,-0.0174521784124417,-0.999821566107821));
#3890=DIRECTION('',(0.999973870951454,0.000126163855031996,0.00722782796184044));
#3891=DIRECTION('',(0.00722892899150899,-0.0174521784124417,-0.999821566107821));
#3892=DIRECTION('',(0.00722892899150899,-0.0174521784124417,-0.999821566107821));
#3893=DIRECTION('',(0.00722892899150899,-0.0174521784124417,-0.999821566107821));
#3894=DIRECTION('',(0.965900587566262,0.258901489604228,0.00246447151779849));
#3895=DIRECTION('',(0.00722892899150899,-0.0174521784124417,-0.999821566107821));
#3896=DIRECTION('',(0.00722892899150899,-0.0174521784124417,-0.999821566107821));
#3897=DIRECTION('',(0.00722892899150899,-0.0174521784124417,-0.999821566107821));
#3898=DIRECTION('',(0.965900587566262,0.258901489604228,0.00246447151779849));
#3899=DIRECTION('',(0.00722892899150899,-0.0174521784124417,-0.999821566107821));
#3900=DIRECTION('',(0.965900587566262,0.258901489604228,0.00246447151779849));
#3901=DIRECTION('',(0.00722892899150899,-0.0174521784124417,-0.999821566107821));
#3902=DIRECTION('',(0.00722892899150899,-0.0174521784124417,-0.999821566107821));
#3903=DIRECTION('',(0.00722892899150899,-0.0174521784124417,-0.999821566107821));
#3904=DIRECTION('',(0.866002775364621,0.500033106691839,-0.0024668345874497));
#3905=DIRECTION('',(0.00722892899150899,-0.0174521784124417,-0.999821566107821));
#3906=DIRECTION('',(0.00722892899150899,-0.0174521784124417,-0.999821566107821));
#3907=DIRECTION('',(0.00722892899150899,-0.0174521784124417,-0.999821566107821));
#3908=DIRECTION('',(0.866002775364621,0.500033106691839,-0.0024668345874497));
#3909=DIRECTION('',(0.00722892899150899,-0.0174521784124417,-0.999821566107821));
#3910=DIRECTION('',(0.866002775364621,0.500033106691839,-0.0024668345874497));
#3911=DIRECTION('',(0.00722892899150899,-0.0174521784124417,-0.999821566107821));
#3912=DIRECTION('',(0.00722892899150899,-0.0174521784124417,-0.999821566107821));
#3913=DIRECTION('',(0.00722892899150899,-0.0174521784124417,-0.999821566107821));
#3914=DIRECTION('',(0.499986935475728,0.865956582401741,-0.0115005108011715));
#3915=DIRECTION('',(0.00722892899150899,-0.0174521784124417,-0.999821566107821));
#3916=DIRECTION('',(0.00722892899150899,-0.0174521784124417,-0.999821566107821));
#3917=DIRECTION('',(0.00722892899150899,-0.0174521784124417,-0.999821566107821));
#3918=DIRECTION('',(0.499986935475728,0.865956582401741,-0.0115005108011715));
#3919=DIRECTION('',(0.00722892899150899,-0.0174521784124417,-0.999821566107821));
#3920=DIRECTION('',(0.499986935475728,0.865956582401741,-0.0115005108011715));
#3921=DIRECTION('',(0.00722892899150899,-0.0174521784124417,-0.999821566107821));
#3922=DIRECTION('',(0.00722892899150899,-0.0174521784124417,-0.999821566107821));
#3923=DIRECTION('',(0.00722892899150899,-0.0174521784124417,-0.999821566107821));
#3924=DIRECTION('',(0.707088305159135,0.707088293902179,-0.00723002999220008));
#3925=DIRECTION('',(0.00722892899150899,-0.0174521784124417,-0.999821566107821));
#3926=DIRECTION('',(0.00722892899150899,-0.0174521784124417,-0.999821566107821));
#3927=DIRECTION('',(0.00722892899150899,-0.0174521784124417,-0.999821566107821));
#3928=DIRECTION('',(0.707088305159135,0.707088293902179,-0.00723002999220008));
#3929=DIRECTION('',(0.00722892899150899,-0.0174521784124417,-0.999821566107821));
#3930=DIRECTION('',(0.707088305159135,0.707088293902179,-0.00723002999220008));
#3931=DIRECTION('',(0.00722892899150899,-0.0174521784124417,-0.999821566107821));
#3932=DIRECTION('',(0.00722892899150899,-0.0174521784124417,-0.999821566107821));
#3933=DIRECTION('',(0.00722892899150899,-0.0174521784124417,-0.999821566107821));
#3934=DIRECTION('',(0.258812282407127,0.96581136087154,-0.0149872508045358));
#3935=DIRECTION('',(0.00722892899150899,-0.0174521784124417,-0.999821566107821));
#3936=DIRECTION('',(0.00722892899150899,-0.0174521784124417,-0.999821566107821));
#3937=DIRECTION('',(0.00722892899150899,-0.0174521784124417,-0.999821566107821));
#3938=DIRECTION('',(0.258812282407127,0.96581136087154,-0.0149872508045358));
#3939=DIRECTION('',(0.00722892899150899,-0.0174521784124417,-0.999821566107821));
#3940=DIRECTION('',(0.258812282407127,0.96581136087154,-0.0149872508045358));
#3941=DIRECTION('',(0.00722892899150899,-0.0174521784124417,-0.999821566107821));
#3942=DIRECTION('',(0.00722892899150899,-0.0174521784124417,-0.999821566107821));
#3943=DIRECTION('',(0.00722892899150899,-0.0174521784124417,-0.999821566107821));
#3944=DIRECTION('',(-0.707088305159135,0.706909871267311,-0.0174517223223343));
#3945=DIRECTION('',(0.00722892899150899,-0.0174521784124417,-0.999821566107821));
#3946=DIRECTION('',(0.00722892899150899,-0.0174521784124417,-0.999821566107821));
#3947=DIRECTION('',(0.00722892899150899,-0.0174521784124417,-0.999821566107821));
#3948=DIRECTION('',(-0.707088305159135,0.706909871267311,-0.0174517223223343));
#3949=DIRECTION('',(0.00722892899150899,-0.0174521784124417,-0.999821566107821));
#3950=DIRECTION('',(-0.707088305159135,0.706909871267311,-0.0174517223223343));
#3951=DIRECTION('',(0.00722892899150899,-0.0174521784124417,-0.999821566107821));
#3952=DIRECTION('',(0.00722892899150899,-0.0174521784124417,-0.999821566107821));
#3953=DIRECTION('',(0.00722892899150899,-0.0174521784124417,-0.999821566107821));
#3954=DIRECTION('',(-0.866002775364621,0.499814584484844,-0.0149857998457243));
#3955=DIRECTION('',(0.00722892899150899,-0.0174521784124417,-0.999821566107821));
#3956=DIRECTION('',(0.00722892899150899,-0.0174521784124417,-0.999821566107821));
#3957=DIRECTION('',(0.00722892899150899,-0.0174521784124417,-0.999821566107821));
#3958=DIRECTION('',(-0.866002775364621,0.499814584484844,-0.0149857998457243));
#3959=DIRECTION('',(0.00722892899150899,-0.0174521784124417,-0.999821566107821));
#3960=DIRECTION('',(-0.866002775364621,0.499814584484844,-0.0149857998457243));
#3961=DIRECTION('',(0.00722892899150899,-0.0174521784124417,-0.999821566107821));
#3962=DIRECTION('',(0.00722892899150899,-0.0174521784124417,-0.999821566107821));
#3963=DIRECTION('',(0.00722892899150899,-0.0174521784124417,-0.999821566107821));
#3964=DIRECTION('',(-0.499986935475727,0.865830418546709,-0.0187283387630119));
#3965=DIRECTION('',(0.00722892899150899,-0.0174521784124417,-0.999821566107821));
#3966=DIRECTION('',(0.00722892899150899,-0.0174521784124417,-0.999821566107821));
#3967=DIRECTION('',(0.00722892899150899,-0.0174521784124417,-0.999821566107821));
#3968=DIRECTION('',(-0.499986935475727,0.865830418546709,-0.0187283387630119));
#3969=DIRECTION('',(0.00722892899150899,-0.0174521784124417,-0.999821566107821));
#3970=DIRECTION('',(-0.499986935475727,0.865830418546709,-0.0187283387630119));
#3971=DIRECTION('',(0.00722892899150899,-0.0174521784124417,-0.999821566107821));
#3972=DIRECTION('',(0.00722892899150899,-0.0174521784124417,-0.999821566107821));
#3973=DIRECTION('',(0.00722892899150899,-0.0174521784124417,-0.999821566107821));
#3974=DIRECTION('',(-0.258812282407127,0.965746053654568,-0.0187286498670335));
#3975=DIRECTION('',(0.00722892899150899,-0.0174521784124417,-0.999821566107821));
#3976=DIRECTION('',(0.00722892899150899,-0.0174521784124417,-0.999821566107821));
#3977=DIRECTION('',(0.00722892899150899,-0.0174521784124417,-0.999821566107821));
#3978=DIRECTION('',(-0.258812282407127,0.965746053654568,-0.0187286498670335));
#3979=DIRECTION('',(0.00722892899150899,-0.0174521784124417,-0.999821566107821));
#3980=DIRECTION('',(-0.258812282407127,0.965746053654568,-0.0187286498670335));
#3981=DIRECTION('',(0.00722892899150899,-0.0174521784124417,-0.999821566107821));
#3982=DIRECTION('',(0.00722892899150899,-0.0174521784124417,-0.999821566107821));
#3983=DIRECTION('',(0.00722892899150899,-0.0174521784124417,-0.999821566107821));
#3984=DIRECTION('',(-0.965900587566262,0.258657759752389,-0.0114986198748334));
#3985=DIRECTION('',(0.00722892899150899,-0.0174521784124417,-0.999821566107821));
#3986=DIRECTION('',(0.00722892899150899,-0.0174521784124417,-0.999821566107821));
#3987=DIRECTION('',(0.00722892899150899,-0.0174521784124417,-0.999821566107821));
#3988=DIRECTION('',(-0.965900587566262,0.258657759752389,-0.0114986198748334));
#3989=DIRECTION('',(0.00722892899150899,-0.0174521784124417,-0.999821566107821));
#3990=DIRECTION('',(-0.965900587566262,0.258657759752389,-0.0114986198748334));
#3991=DIRECTION('',(0.00722892899150899,-0.0174521784124417,-0.999821566107821));
#3992=DIRECTION('',(0.00722892899150899,-0.0174521784124417,-0.999821566107821));
#3993=DIRECTION('',(0.00722892899150899,-0.0174521784124417,-0.999821566107821));
#3994=DIRECTION('',(-0.999973870951455,-0.000126163855032119,-0.00722782796184045));
#3995=DIRECTION('',(0.00722892899150899,-0.0174521784124417,-0.999821566107821));
#3996=DIRECTION('',(0.00722892899150899,-0.0174521784124417,-0.999821566107821));
#3997=DIRECTION('',(0.00722892899150899,-0.0174521784124417,-0.999821566107821));
#3998=DIRECTION('',(-0.999973870951455,-0.000126163855032119,-0.00722782796184045));
#3999=DIRECTION('',(0.00722892899150899,-0.0174521784124417,-0.999821566107821));
#4000=DIRECTION('',(-0.999973870951455,-0.000126163855032119,-0.00722782796184045));
#4001=DIRECTION('',(0.00722892899150899,-0.0174521784124417,-0.999821566107821));
#4002=DIRECTION('',(0.00722892899150899,-0.0174521784124417,-0.999821566107821));
#4003=DIRECTION('',(0.00722892899150899,-0.0174521784124417,-0.999821566107821));
#4004=DIRECTION('',(-0.965900587566262,-0.258901489604229,-0.00246447151779849));
#4005=DIRECTION('',(0.00722892899150899,-0.0174521784124417,-0.999821566107821));
#4006=DIRECTION('',(0.00722892899150899,-0.0174521784124417,-0.999821566107821));
#4007=DIRECTION('',(0.00722892899150899,-0.0174521784124417,-0.999821566107821));
#4008=DIRECTION('',(-0.965900587566262,-0.258901489604229,-0.00246447151779849));
#4009=DIRECTION('',(0.00722892899150899,-0.0174521784124417,-0.999821566107821));
#4010=DIRECTION('',(-0.965900587566262,-0.258901489604229,-0.00246447151779849));
#4011=DIRECTION('',(0.007228928991509,-0.0174521784124417,-0.999821566107821));
#4012=DIRECTION('',(0.007228928991509,-0.0174521784124417,-0.999821566107821));
#4013=DIRECTION('',(0.007228928991509,-0.0174521784124417,-0.999821566107821));
#4014=DIRECTION('',(-0.866002775364622,-0.500033106691838,0.00246683458744968));
#4015=DIRECTION('',(0.007228928991509,-0.0174521784124417,-0.999821566107821));
#4016=DIRECTION('',(0.007228928991509,-0.0174521784124417,-0.999821566107821));
#4017=DIRECTION('',(0.007228928991509,-0.0174521784124417,-0.999821566107821));
#4018=DIRECTION('',(-0.866002775364622,-0.500033106691838,0.00246683458744968));
#4019=DIRECTION('',(0.007228928991509,-0.0174521784124417,-0.999821566107821));
#4020=DIRECTION('',(-0.866002775364622,-0.500033106691838,0.00246683458744968));
#4021=DIRECTION('',(0.00722892899150899,-0.0174521784124417,-0.999821566107821));
#4022=DIRECTION('',(0.00722892899150899,-0.0174521784124417,-0.999821566107821));
#4023=DIRECTION('',(0.00722892899150899,-0.0174521784124417,-0.999821566107821));
#4024=DIRECTION('',(-0.499986935475727,-0.865956582401741,0.0115005108011715));
#4025=DIRECTION('',(0.00722892899150899,-0.0174521784124417,-0.999821566107821));
#4026=DIRECTION('',(0.00722892899150899,-0.0174521784124417,-0.999821566107821));
#4027=DIRECTION('',(0.00722892899150899,-0.0174521784124417,-0.999821566107821));
#4028=DIRECTION('',(-0.499986935475727,-0.865956582401741,0.0115005108011715));
#4029=DIRECTION('',(0.00722892899150899,-0.0174521784124417,-0.999821566107821));
#4030=DIRECTION('',(-0.499986935475727,-0.865956582401741,0.0115005108011715));
#4031=DIRECTION('',(0.00722892899150899,-0.0174521784124417,-0.999821566107821));
#4032=DIRECTION('',(0.00722892899150899,-0.0174521784124417,-0.999821566107821));
#4033=DIRECTION('',(0.00722892899150899,-0.0174521784124417,-0.999821566107821));
#4034=DIRECTION('',(-0.707088305159135,-0.707088293902179,0.00723002999220007));
#4035=DIRECTION('',(0.00722892899150899,-0.0174521784124417,-0.999821566107821));
#4036=DIRECTION('',(0.00722892899150899,-0.0174521784124417,-0.999821566107821));
#4037=DIRECTION('',(0.00722892899150899,-0.0174521784124417,-0.999821566107821));
#4038=DIRECTION('',(-0.707088305159135,-0.707088293902179,0.00723002999220007));
#4039=DIRECTION('',(0.00722892899150899,-0.0174521784124417,-0.999821566107821));
#4040=DIRECTION('',(-0.707088305159135,-0.707088293902179,0.00723002999220007));
#4041=DIRECTION('',(0.00722892899150899,-0.0174521784124417,-0.999821566107821));
#4042=DIRECTION('',(0.00722892899150899,-0.0174521784124417,-0.999821566107821));
#4043=DIRECTION('',(0.00722892899150899,-0.0174521784124417,-0.999821566107821));
#4044=DIRECTION('',(-0.258812282407127,-0.96581136087154,0.0149872508045358));
#4045=DIRECTION('',(0.00722892899150899,-0.0174521784124417,-0.999821566107821));
#4046=DIRECTION('',(0.00722892899150899,-0.0174521784124417,-0.999821566107821));
#4047=DIRECTION('',(0.00722892899150899,-0.0174521784124417,-0.999821566107821));
#4048=DIRECTION('',(-0.258812282407127,-0.96581136087154,0.0149872508045358));
#4049=DIRECTION('',(0.00722892899150899,-0.0174521784124417,-0.999821566107821));
#4050=DIRECTION('',(-0.258812282407127,-0.96581136087154,0.0149872508045358));
#4051=DIRECTION('',(0.00722892899150899,-0.0174521784124417,-0.999821566107821));
#4052=DIRECTION('',(0.00722892899150899,-0.0174521784124417,-0.999821566107821));
#4053=DIRECTION('',(0.00722892899150899,-0.0174521784124417,-0.999821566107821));
#4054=DIRECTION('',(-1.22406425273613E-16,-0.999847691176682,0.0174526344331741));
#4055=DIRECTION('',(0.00722892899150899,-0.0174521784124417,-0.999821566107821));
#4056=DIRECTION('',(0.00722892899150899,-0.0174521784124417,-0.999821566107821));
#4057=DIRECTION('',(0.00722892899150899,-0.0174521784124417,-0.999821566107821));
#4058=DIRECTION('',(-1.22406425273613E-16,-0.999847691176682,0.0174526344331741));
#4059=DIRECTION('',(0.00722892899150899,-0.0174521784124417,-0.999821566107821));
#4060=DIRECTION('',(-1.22406425273613E-16,-0.999847691176682,0.0174526344331741));
#4061=DIRECTION('',(0.00722892899150899,-0.0174521784124417,-0.999821566107821));
#4062=DIRECTION('',(0.00722892899150899,-0.0174521784124417,-0.999821566107821));
#4063=DIRECTION('',(0.00722892899150899,-0.0174521784124417,-0.999821566107821));
#4064=DIRECTION('',(0.707088305159135,-0.706909871267311,0.0174517223223343));
#4065=DIRECTION('',(0.00722892899150899,-0.0174521784124417,-0.999821566107821));
#4066=DIRECTION('',(0.00722892899150899,-0.0174521784124417,-0.999821566107821));
#4067=DIRECTION('',(0.00722892899150899,-0.0174521784124417,-0.999821566107821));
#4068=DIRECTION('',(0.707088305159135,-0.706909871267311,0.0174517223223343));
#4069=DIRECTION('',(0.00722892899150899,-0.0174521784124417,-0.999821566107821));
#4070=DIRECTION('',(0.707088305159135,-0.706909871267311,0.0174517223223343));
#4071=DIRECTION('',(0.007228928991509,-0.0174521784124417,-0.999821566107821));
#4072=DIRECTION('',(0.007228928991509,-0.0174521784124417,-0.999821566107821));
#4073=DIRECTION('',(0.007228928991509,-0.0174521784124417,-0.999821566107821));
#4074=DIRECTION('',(0.866002775364621,-0.499814584484844,0.0149857998457243));
#4075=DIRECTION('',(0.007228928991509,-0.0174521784124417,-0.999821566107821));
#4076=DIRECTION('',(0.007228928991509,-0.0174521784124417,-0.999821566107821));
#4077=DIRECTION('',(0.007228928991509,-0.0174521784124417,-0.999821566107821));
#4078=DIRECTION('',(0.866002775364621,-0.499814584484844,0.0149857998457243));
#4079=DIRECTION('',(0.007228928991509,-0.0174521784124417,-0.999821566107821));
#4080=DIRECTION('',(0.866002775364621,-0.499814584484844,0.0149857998457243));
#4081=DIRECTION('',(0.00722892899150899,-0.0174521784124417,-0.999821566107821));
#4082=DIRECTION('',(0.00722892899150899,-0.0174521784124417,-0.999821566107821));
#4083=DIRECTION('',(0.00722892899150899,-0.0174521784124417,-0.999821566107821));
#4084=DIRECTION('',(0.499986935475727,-0.865830418546709,0.0187283387630119));
#4085=DIRECTION('',(0.00722892899150899,-0.0174521784124417,-0.999821566107821));
#4086=DIRECTION('',(0.00722892899150899,-0.0174521784124417,-0.999821566107821));
#4087=DIRECTION('',(0.00722892899150899,-0.0174521784124417,-0.999821566107821));
#4088=DIRECTION('',(0.499986935475727,-0.865830418546709,0.0187283387630119));
#4089=DIRECTION('',(0.00722892899150899,-0.0174521784124417,-0.999821566107821));
#4090=DIRECTION('',(0.499986935475727,-0.865830418546709,0.0187283387630119));
#4091=DIRECTION('',(0.00722892899150899,-0.0174521784124417,-0.999821566107821));
#4092=DIRECTION('',(0.00722892899150899,-0.0174521784124417,-0.999821566107821));
#4093=DIRECTION('',(0.00722892899150899,-0.0174521784124417,-0.999821566107821));
#4094=DIRECTION('',(0.258812282407127,-0.965746053654568,0.0187286498670335));
#4095=DIRECTION('',(0.00722892899150899,-0.0174521784124417,-0.999821566107821));
#4096=DIRECTION('',(0.00722892899150899,-0.0174521784124417,-0.999821566107821));
#4097=DIRECTION('',(0.00722892899150899,-0.0174521784124417,-0.999821566107821));
#4098=DIRECTION('',(0.258812282407127,-0.965746053654568,0.0187286498670335));
#4099=DIRECTION('',(0.00722892899150899,-0.0174521784124417,-0.999821566107821));
#4100=DIRECTION('',(0.258812282407127,-0.965746053654568,0.0187286498670335));
#4101=DIRECTION('',(0.00722892899150899,-0.0174521784124417,-0.999821566107821));
#4102=DIRECTION('',(0.,0.999847691176682,-0.0174526344331741));
#4103=DIRECTION('',(0.00722892899150899,-0.0174521784124417,-0.999821566107821));
#4104=DIRECTION('',(0.,0.999847691176682,-0.0174526344331741));
#4105=DIRECTION('',(-0.00722892899150899,0.0174521784124417,0.999821566107821));
#4106=DIRECTION('',(0.,-0.999847691176682,0.0174526344331741));
#4107=DIRECTION('',(0.00722892899150899,-0.0174521784124417,-0.999821566107821));
#4108=DIRECTION('',(0.,0.999847691176682,-0.0174526344331741));
#4109=DIRECTION('',(0.00722892899150899,-0.0174521784124417,-0.999821566107821));
#4110=DIRECTION('',(0.,0.999847691176682,-0.0174526344331741));
#4111=DIRECTION('',(0.00722892899150899,-0.0174521784124417,-0.999821566107821));
#4112=DIRECTION('',(0.,0.999847691176682,-0.0174526344331741));
#4113=DIRECTION('',(0.00722892899150899,-0.0174521784124417,-0.999821566107821));
#4114=DIRECTION('',(0.,0.999847691176682,-0.0174526344331741));
#4115=DIRECTION('',(-0.00722892899150899,0.0174521784124417,0.999821566107821));
#4116=DIRECTION('',(0.,-0.999847691176682,0.0174526344331741));
#4117=DIRECTION('',(0.00722892899150899,-0.0174521784124417,-0.999821566107821));
#4118=DIRECTION('',(0.,0.999847691176682,-0.0174526344331741));
#4119=DIRECTION('',(0.00722892899150899,-0.0174521784124417,-0.999821566107821));
#4120=DIRECTION('',(0.,0.999847691176682,-0.0174526344331741));
#4121=DIRECTION('',(0.00722892899150899,-0.0174521784124417,-0.999821566107821));
#4122=DIRECTION('',(0.,0.999847691176682,-0.0174526344331741));
#4123=DIRECTION('',(0.00722892899150899,-0.0174521784124417,-0.999821566107821));
#4124=DIRECTION('',(0.,0.999847691176682,-0.0174526344331741));
#4125=DIRECTION('',(-0.00722892899150899,0.0174521784124417,0.999821566107821));
#4126=DIRECTION('',(0.,-0.999847691176682,0.0174526344331741));
#4127=DIRECTION('',(0.00722892899150899,-0.0174521784124417,-0.999821566107821));
#4128=DIRECTION('',(0.,0.999847691176682,-0.0174526344331741));
#4129=DIRECTION('',(0.00722892899150899,-0.0174521784124417,-0.999821566107821));
#4130=DIRECTION('',(0.,0.999847691176682,-0.0174526344331741));
#4131=DIRECTION('',(0.00722892899150899,-0.0174521784124417,-0.999821566107821));
#4132=DIRECTION('',(0.,0.999847691176682,-0.0174526344331741));
#4133=DIRECTION('',(0.00722892899150899,-0.0174521784124417,-0.999821566107821));
#4134=DIRECTION('',(0.,0.999847691176682,-0.0174526344331741));
#4135=DIRECTION('',(-0.00722892899150899,0.0174521784124417,0.999821566107821));
#4136=DIRECTION('',(0.,-0.999847691176682,0.0174526344331741));
#4137=DIRECTION('',(0.00722892899150899,-0.0174521784124417,-0.999821566107821));
#4138=DIRECTION('',(0.,0.999847691176682,-0.0174526344331741));
#4139=DIRECTION('',(0.00722892899150899,-0.0174521784124417,-0.999821566107821));
#4140=DIRECTION('',(0.,0.999847691176682,-0.0174526344331741));
#4141=DIRECTION('',(0.00722892899150899,-0.0174521784124417,-0.999821566107821));
#4142=DIRECTION('',(0.,0.999847691176682,-0.0174526344331741));
#4143=DIRECTION('',(0.00722892899150899,-0.0174521784124417,-0.999821566107821));
#4144=DIRECTION('',(0.,0.999847691176682,-0.0174526344331741));
#4145=DIRECTION('',(-0.00722892899150899,0.0174521784124417,0.999821566107821));
#4146=DIRECTION('',(0.,-0.999847691176682,0.0174526344331741));
#4147=DIRECTION('',(0.00722892899150899,-0.0174521784124417,-0.999821566107821));
#4148=DIRECTION('',(0.,0.999847691176682,-0.0174526344331741));
#4149=DIRECTION('',(0.00722892899150899,-0.0174521784124417,-0.999821566107821));
#4150=DIRECTION('',(0.,0.999847691176682,-0.0174526344331741));
#4151=CARTESIAN_POINT('',(0.,0.,0.));
#4152=CARTESIAN_POINT('',(-0.084404979536249,0.0589162765728201,0.0878927198972006));
#4153=CARTESIAN_POINT('',(-0.084390521678266,0.0588813722159953,0.085893076764985));
#4154=CARTESIAN_POINT('',(-0.084390521678266,0.0467832151527574,0.0861042536416264));
#4155=CARTESIAN_POINT('',(-0.0843832927492745,0.0588639200375828,0.0848932551988772));
#4156=CARTESIAN_POINT('',(-0.0843832927492745,0.0467657629743449,0.0851044320755186));
#4157=CARTESIAN_POINT('',(-0.0843832927492745,0.0588639200375828,0.0848932551988772));
#4158=CARTESIAN_POINT('',(-0.091383111705056,0.0588634784361116,0.0848426526823961));
#4159=CARTESIAN_POINT('',(-0.091383111705056,0.0571637373611112,0.0848723221609325));
#4160=CARTESIAN_POINT('',(-0.0843832927492745,0.0588639200375828,0.0848932551988772));
#4161=CARTESIAN_POINT('',(-0.0843832927492745,0.0571641789625824,0.0849229246774136));
#4162=CARTESIAN_POINT('',(-0.0843828511478033,0.0658628557904219,0.0847710899173004));
#4163=CARTESIAN_POINT('',(-0.0843828511478033,0.0641631147154215,0.0848007593958368));
#4164=CARTESIAN_POINT('',(-0.0773834737934931,0.058864361639054,0.0849438577153582));
#4165=CARTESIAN_POINT('',(-0.0773834737934931,0.0571646205640536,0.0849735271938946));
#4166=CARTESIAN_POINT('',(-0.0843837343507457,0.0518649842847438,0.0850154204804539));
#4167=CARTESIAN_POINT('',(-0.0843837343507457,0.0501652432097434,0.0850450899589903));
#4168=CARTESIAN_POINT('',(-0.084390521678266,0.0588813722159953,0.085893076764985));
#4169=CARTESIAN_POINT('',(-0.084404979536249,0.0589162765728201,0.0878927198972006));
#4170=CARTESIAN_POINT('',(-0.084404979536249,0.0488178148919356,0.0880689915049757));
#4171=CARTESIAN_POINT('',(-0.0844483531101981,0.0590209896432948,0.0938916492938476));
#4172=CARTESIAN_POINT('',(-0.0972852495327876,0.056968956005111,0.0938346545685085));
#4173=CARTESIAN_POINT('',(-0.0972852495327876,0.056968956005111,0.0938346545685085));
#4174=CARTESIAN_POINT('',(-0.0972418759588386,0.0568642429346363,0.0878357251718616));
#4175=CARTESIAN_POINT('',(-0.0844483531101981,0.0590209896432948,0.0938916492938476));
#4176=CARTESIAN_POINT('',(-0.0973785960710515,0.0576778921112596,0.0938216049651128));
#4177=CARTESIAN_POINT('',(-0.0973785960710515,0.0576778921112596,0.0938216049651128));
#4178=CARTESIAN_POINT('',(-0.0973352224971025,0.057573179040785,0.0878226755684659));
#4179=CARTESIAN_POINT('',(-0.0844049795362491,0.0589162765728202,0.0878927198972006));
#4180=CARTESIAN_POINT('',(-0.0844483531101981,0.0590209896432948,0.0938916492938476));
#4181=CARTESIAN_POINT('',(-0.0844483531101981,0.0590209896432948,0.0938916492938476));
#4182=CARTESIAN_POINT('',(-0.0965907679197701,0.0543775300075908,0.0938849099228848));
#4183=CARTESIAN_POINT('',(-0.0963170897172986,0.0537169302800375,0.0938984196380725));
#4184=CARTESIAN_POINT('',(-0.0965907679197701,0.0543775300075908,0.0938849099228848));
#4185=CARTESIAN_POINT('',(-0.096547394345821,0.0542728169371161,0.0878859805262379));
#4186=CARTESIAN_POINT('',(-0.0844049795362491,0.0589162765728202,0.0878927198972006));
#4187=CARTESIAN_POINT('',(-0.0962737161433496,0.0536122172095629,0.0878994902414256));
#4188=CARTESIAN_POINT('',(-0.0963170897172986,0.0537169302800375,0.0938984196380725));
#4189=CARTESIAN_POINT('',(-0.0844483531101981,0.0590209896432948,0.0938916492938476));
#4190=CARTESIAN_POINT('',(-0.0920753649744955,0.0484942545515859,0.0940202515725893));
#4191=CARTESIAN_POINT('',(-0.0920753649744955,0.0484942545515859,0.0940202515725893));
#4192=CARTESIAN_POINT('',(-0.0920319914005464,0.0483895414811112,0.0880213221759424));
#4193=CARTESIAN_POINT('',(-0.0844483531101981,0.0590209896432948,0.0938916492938476));
#4194=CARTESIAN_POINT('',(-0.092642736064364,0.0489294871824919,0.0940085522421863));
#4195=CARTESIAN_POINT('',(-0.092642736064364,0.0489294871824919,0.0940085522421863));
#4196=CARTESIAN_POINT('',(-0.0925993624904149,0.0488247741120172,0.0880096228455394));
#4197=CARTESIAN_POINT('',(-0.0844049795362491,0.0589162765728202,0.0878927198972006));
#4198=CARTESIAN_POINT('',(-0.0844483531101981,0.0590209896432948,0.0938916492938476));
#4199=CARTESIAN_POINT('',(-0.0844483531101981,0.0590209896432948,0.0938916492938476));
#4200=CARTESIAN_POINT('',(-0.0949754542655055,0.0513936120044153,0.0939486741576506));
#4201=CARTESIAN_POINT('',(-0.0945400951160504,0.0508263674351976,0.0939617233198661));
#4202=CARTESIAN_POINT('',(-0.0949754542655055,0.0513936120044153,0.0939486741576506));
#4203=CARTESIAN_POINT('',(-0.0949320806915565,0.0512888989339406,0.0879497447610037));
#4204=CARTESIAN_POINT('',(-0.0844049795362491,0.0589162765728202,0.0878927198972006));
#4205=CARTESIAN_POINT('',(-0.0944967215421013,0.0507216543647229,0.0879627939232192));
#4206=CARTESIAN_POINT('',(-0.0945400951160504,0.0508263674351976,0.0939617233198661));
#4207=CARTESIAN_POINT('',(-0.0844483531101981,0.0590209896432948,0.0938916492938476));
#4208=CARTESIAN_POINT('',(-0.0973785960710515,0.0603608244314807,0.0937747735952882));
#4209=CARTESIAN_POINT('',(-0.0973785960710515,0.0603608244314807,0.0937747735952882));
#4210=CARTESIAN_POINT('',(-0.0973352224971025,0.0602561113610061,0.0877758441986413));
#4211=CARTESIAN_POINT('',(-0.0844483531101981,0.0590209896432948,0.0938916492938476));
#4212=CARTESIAN_POINT('',(-0.0972852495327876,0.0610697840921631,0.0937630734125903));
#4213=CARTESIAN_POINT('',(-0.0972852495327876,0.0610697840921631,0.0937630734125903));
#4214=CARTESIAN_POINT('',(-0.0972418759588386,0.0609650710216884,0.0877641440159434));
#4215=CARTESIAN_POINT('',(-0.0844049795362491,0.0589162765728202,0.0878927198972006));
#4216=CARTESIAN_POINT('',(-0.0844483531101981,0.0590209896432948,0.0938916492938476));
#4217=CARTESIAN_POINT('',(-0.09659076791977,0.0636613853312172,0.0937228575077784));
#4218=CARTESIAN_POINT('',(-0.09659076791977,0.0636613853312172,0.0937228575077784));
#4219=CARTESIAN_POINT('',(-0.096547394345821,0.0635566722607426,0.0877239281111315));
#4220=CARTESIAN_POINT('',(-0.0844483531101981,0.0590209896432948,0.0938916492938476));
#4221=CARTESIAN_POINT('',(-0.0963170897172986,0.064322054117169,0.0937133040938938));
#4222=CARTESIAN_POINT('',(-0.0963170897172986,0.064322054117169,0.0937133040938938));
#4223=CARTESIAN_POINT('',(-0.0962737161433495,0.0642173410466944,0.0877143746972469));
#4224=CARTESIAN_POINT('',(-0.0844049795362491,0.0589162765728202,0.0878927198972006));
#4225=CARTESIAN_POINT('',(-0.0844483531101981,0.0590209896432948,0.0938916492938476));
#4226=CARTESIAN_POINT('',(-0.092642736064364,0.0691104243801838,0.0936562880698145));
#4227=CARTESIAN_POINT('',(-0.092642736064364,0.0691104243801838,0.0936562880698145));
#4228=CARTESIAN_POINT('',(-0.0925993624904149,0.0690057113097092,0.0876573586731676));
#4229=CARTESIAN_POINT('',(-0.0844483531101981,0.0590209896432948,0.0938916492938476));
#4230=CARTESIAN_POINT('',(-0.0920753649744954,0.0695458001782785,0.0936527906749764));
#4231=CARTESIAN_POINT('',(-0.0920753649744954,0.0695458001782785,0.0936527906749764));
#4232=CARTESIAN_POINT('',(-0.0920319914005464,0.0694410871078039,0.0876538612783295));
#4233=CARTESIAN_POINT('',(-0.0844049795362491,0.0589162765728202,0.0878927198972006));
#4234=CARTESIAN_POINT('',(-0.0844483531101981,0.0590209896432948,0.0938916492938476));
#4235=CARTESIAN_POINT('',(-0.0844483531101981,0.0590209896432948,0.0938916492938476));
#4236=CARTESIAN_POINT('',(-0.0945400951160504,0.0672130653587037,0.0936756887058448));
#4237=CARTESIAN_POINT('',(-0.0949754542655055,0.0666457109334383,0.0936824443015476));
#4238=CARTESIAN_POINT('',(-0.0945400951160504,0.0672130653587037,0.0936756887058448));
#4239=CARTESIAN_POINT('',(-0.0944967215421013,0.0671083522882291,0.0876767593091979));
#4240=CARTESIAN_POINT('',(-0.0844049795362491,0.0589162765728202,0.0878927198972006));
#4241=CARTESIAN_POINT('',(-0.0949320806915564,0.0665409978629637,0.0876835149049007));
#4242=CARTESIAN_POINT('',(-0.0949754542655055,0.0666457109334383,0.0936824443015476));
#4243=CARTESIAN_POINT('',(-0.0844483531101981,0.0590209896432948,0.0938916492938476));
#4244=CARTESIAN_POINT('',(-0.0897515842067542,0.0708875595231896,0.0936461713165464));
#4245=CARTESIAN_POINT('',(-0.0897515842067542,0.0708875595231896,0.0936461713165464));
#4246=CARTESIAN_POINT('',(-0.0897082106328051,0.070782846452715,0.0876472419198995));
#4247=CARTESIAN_POINT('',(-0.0844483531101981,0.0590209896432948,0.0938916492938476));
#4248=CARTESIAN_POINT('',(-0.0890908665786217,0.071161286552966,0.0936461704642516));
#4249=CARTESIAN_POINT('',(-0.0890908665786217,0.071161286552966,0.0936461704642516));
#4250=CARTESIAN_POINT('',(-0.0890474930046727,0.0710565734824913,0.0876472410676047));
#4251=CARTESIAN_POINT('',(-0.0844049795362491,0.0589162765728202,0.0878927198972006));
#4252=CARTESIAN_POINT('',(-0.0844483531101981,0.0590209896432948,0.0938916492938476));
#4253=CARTESIAN_POINT('',(-0.0864990259139178,0.0718560075393145,0.0936527834817599));
#4254=CARTESIAN_POINT('',(-0.0864990259139178,0.0718560075393145,0.0936527834817599));
#4255=CARTESIAN_POINT('',(-0.0864556523399687,0.0717512944688398,0.0876538540851129));
#4256=CARTESIAN_POINT('',(-0.0844483531101981,0.0590209896432948,0.0938916492938476));
#4257=CARTESIAN_POINT('',(-0.0857899885619912,0.0719494317560486,0.0936562792300908));
#4258=CARTESIAN_POINT('',(-0.0857899885619912,0.0719494317560486,0.0936562792300908));
#4259=CARTESIAN_POINT('',(-0.0857466149880422,0.0718447186855739,0.0876573498334439));
#4260=CARTESIAN_POINT('',(-0.0844049795362491,0.0589162765728202,0.0878927198972006));
#4261=CARTESIAN_POINT('',(-0.0844483531101981,0.0590209896432948,0.0938916492938476));
#4262=CARTESIAN_POINT('',(-0.083106717658405,0.0719497702966956,0.0936756739573227));
#4263=CARTESIAN_POINT('',(-0.083106717658405,0.0719497702966956,0.0936756739573227));
#4264=CARTESIAN_POINT('',(-0.083063344084456,0.071845057226221,0.0876767445606757));
#4265=CARTESIAN_POINT('',(-0.0844483531101981,0.0590209896432948,0.0938916492938476));
#4266=CARTESIAN_POINT('',(-0.0823976803064784,0.0718565249944077,0.0936824280768076));
#4267=CARTESIAN_POINT('',(-0.0823976803064784,0.0718565249944077,0.0936824280768076));
#4268=CARTESIAN_POINT('',(-0.0823543067325293,0.0717518119239331,0.0876834986801606));
#4269=CARTESIAN_POINT('',(-0.0844049795362491,0.0589162765728202,0.0878927198972006));
#4270=CARTESIAN_POINT('',(-0.0844483531101981,0.0590209896432948,0.0938916492938476));
#4271=CARTESIAN_POINT('',(-0.0798058396417745,0.0711624580183677,0.0937132827951535));
#4272=CARTESIAN_POINT('',(-0.0798058396417745,0.0711624580183677,0.0937132827951535));
#4273=CARTESIAN_POINT('',(-0.0797624660678254,0.071057744947893,0.0877143533985066));
#4274=CARTESIAN_POINT('',(-0.0844483531101981,0.0590209896432948,0.0938916492938476));
#4275=CARTESIAN_POINT('',(-0.079145122013642,0.0708888977103137,0.0937228350037112));
#4276=CARTESIAN_POINT('',(-0.079145122013642,0.0708888977103137,0.0937228350037112));
#4277=CARTESIAN_POINT('',(-0.079101748439693,0.070784184639839,0.0877239056070643));
#4278=CARTESIAN_POINT('',(-0.0844049795362491,0.0589162765728202,0.0878927198972006));
#4279=CARTESIAN_POINT('',(-0.0844483531101981,0.0590209896432948,0.0938916492938476));
#4280=CARTESIAN_POINT('',(-0.0716114566876086,0.0610730232814786,0.0939486440191866));
#4281=CARTESIAN_POINT('',(-0.0716114566876086,0.0610730232814786,0.0939486440191866));
#4282=CARTESIAN_POINT('',(-0.0715680831136595,0.060968310211004,0.0879497146225397));
#4283=CARTESIAN_POINT('',(-0.0844483531101981,0.0590209896432948,0.0938916492938476));
#4284=CARTESIAN_POINT('',(-0.0715181101493447,0.06036408717533,0.0939616936225824));
#4285=CARTESIAN_POINT('',(-0.0715181101493447,0.06036408717533,0.0939616936225824));
#4286=CARTESIAN_POINT('',(-0.0714747365753957,0.0602593741048553,0.0879627642259354));
#4287=CARTESIAN_POINT('',(-0.0844049795362491,0.0589162765728202,0.0878927198972006));
#4288=CARTESIAN_POINT('',(-0.0844483531101981,0.0590209896432948,0.0938916492938476));
#4289=CARTESIAN_POINT('',(-0.0844483531101981,0.0590209896432948,0.0938916492938476));
#4290=CARTESIAN_POINT('',(-0.0723059383006262,0.0636644492789988,0.0938983886648103));
#4291=CARTESIAN_POINT('',(-0.0725796165030976,0.0643250490065521,0.0938848789496226));
#4292=CARTESIAN_POINT('',(-0.0723059383006262,0.0636644492789988,0.0938983886648103));
#4293=CARTESIAN_POINT('',(-0.0722625647266771,0.0635597362085242,0.0878994592681634));
#4294=CARTESIAN_POINT('',(-0.0844049795362491,0.0589162765728202,0.0878927198972006));
#4295=CARTESIAN_POINT('',(-0.0725362429291486,0.0642203359360774,0.0878859495529757));
#4296=CARTESIAN_POINT('',(-0.0725796165030976,0.0643250490065521,0.0938848789496226));
#4297=CARTESIAN_POINT('',(-0.0844483531101981,0.0590209896432948,0.0938916492938476));
#4298=CARTESIAN_POINT('',(-0.0768213412459008,0.0695477247350037,0.0937630470151058));
#4299=CARTESIAN_POINT('',(-0.0768213412459008,0.0695477247350037,0.0937630470151058));
#4300=CARTESIAN_POINT('',(-0.0767779676719517,0.0694430116645291,0.0877641176184589));
#4301=CARTESIAN_POINT('',(-0.0844483531101981,0.0590209896432948,0.0938916492938476));
#4302=CARTESIAN_POINT('',(-0.0762539701560323,0.0691124921040977,0.0937747463455089));
#4303=CARTESIAN_POINT('',(-0.0762539701560323,0.0691124921040977,0.0937747463455089));
#4304=CARTESIAN_POINT('',(-0.0762105965820832,0.0690077790336231,0.0877758169488619));
#4305=CARTESIAN_POINT('',(-0.0844049795362491,0.0589162765728202,0.0878927198972006));
#4306=CARTESIAN_POINT('',(-0.0844483531101981,0.0590209896432948,0.0938916492938476));
#4307=CARTESIAN_POINT('',(-0.0844483531101981,0.0590209896432948,0.0938916492938476));
#4308=CARTESIAN_POINT('',(-0.0739212519548907,0.0666483672821743,0.0938346244300445));
#4309=CARTESIAN_POINT('',(-0.0743566111043459,0.0672156118513921,0.093821575267829));
#4310=CARTESIAN_POINT('',(-0.0739212519548907,0.0666483672821743,0.0938346244300445));
#4311=CARTESIAN_POINT('',(-0.0738778783809417,0.0665436542116997,0.0878356950333976));
#4312=CARTESIAN_POINT('',(-0.0844049795362491,0.0589162765728202,0.0878927198972006));
#4313=CARTESIAN_POINT('',(-0.0743132375303968,0.0671108987809174,0.0878226458711821));
#4314=CARTESIAN_POINT('',(-0.0743566111043459,0.0672156118513921,0.093821575267829));
#4315=CARTESIAN_POINT('',(-0.0844483531101981,0.0590209896432948,0.0938916492938476));
#4316=CARTESIAN_POINT('',(-0.0723059383006262,0.0543805939553724,0.0940604410799167));
#4317=CARTESIAN_POINT('',(-0.0723059383006262,0.0543805939553724,0.0940604410799167));
#4318=CARTESIAN_POINT('',(-0.0722625647266771,0.0542758808848977,0.0880615116832698));
#4319=CARTESIAN_POINT('',(-0.0844483531101981,0.0590209896432948,0.0938916492938476));
#4320=CARTESIAN_POINT('',(-0.0725796165030976,0.0537199251694206,0.0940699944938013));
#4321=CARTESIAN_POINT('',(-0.0725796165030976,0.0537199251694206,0.0940699944938013));
#4322=CARTESIAN_POINT('',(-0.0725362429291486,0.0536152120989459,0.0880710650971544));
#4323=CARTESIAN_POINT('',(-0.0844049795362491,0.0589162765728202,0.0878927198972006));
#4324=CARTESIAN_POINT('',(-0.0844483531101981,0.0590209896432948,0.0938916492938476));
#4325=CARTESIAN_POINT('',(-0.0762539701560322,0.0489315549064058,0.0941270105178806));
#4326=CARTESIAN_POINT('',(-0.0762539701560322,0.0489315549064058,0.0941270105178806));
#4327=CARTESIAN_POINT('',(-0.0762105965820832,0.0488268418359311,0.0881280811212337));
#4328=CARTESIAN_POINT('',(-0.0844483531101981,0.0590209896432948,0.0938916492938476));
#4329=CARTESIAN_POINT('',(-0.0768213412459008,0.0484961791083111,0.0941305079127187));
#4330=CARTESIAN_POINT('',(-0.0768213412459008,0.0484961791083111,0.0941305079127187));
#4331=CARTESIAN_POINT('',(-0.0767779676719517,0.0483914660378364,0.0881315785160718));
#4332=CARTESIAN_POINT('',(-0.0844049795362491,0.0589162765728202,0.0878927198972006));
#4333=CARTESIAN_POINT('',(-0.0844483531101981,0.0590209896432948,0.0938916492938476));
#4334=CARTESIAN_POINT('',(-0.0844483531101981,0.0590209896432948,0.0938916492938476));
#4335=CARTESIAN_POINT('',(-0.0743566111043459,0.0508289139278859,0.0941076098818503));
#4336=CARTESIAN_POINT('',(-0.0739212519548907,0.0513962683531513,0.0941008542861475));
#4337=CARTESIAN_POINT('',(-0.0743566111043459,0.0508289139278859,0.0941076098818503));
#4338=CARTESIAN_POINT('',(-0.0743132375303968,0.0507242008574112,0.0881086804852034));
#4339=CARTESIAN_POINT('',(-0.0844049795362491,0.0589162765728202,0.0878927198972006));
#4340=CARTESIAN_POINT('',(-0.0738778783809417,0.0512915552826766,0.0881019248895006));
#4341=CARTESIAN_POINT('',(-0.0739212519548907,0.0513962683531513,0.0941008542861475));
#4342=CARTESIAN_POINT('',(-0.0844483531101981,0.0590209896432948,0.0938916492938476));
#4343=CARTESIAN_POINT('',(-0.0791451220136421,0.0471544197634,0.0941371272711487));
#4344=CARTESIAN_POINT('',(-0.0791451220136421,0.0471544197634,0.0941371272711487));
#4345=CARTESIAN_POINT('',(-0.079101748439693,0.0470497066929254,0.0881381978745018));
#4346=CARTESIAN_POINT('',(-0.0844483531101981,0.0590209896432948,0.0938916492938476));
#4347=CARTESIAN_POINT('',(-0.0798058396417745,0.0468806927336236,0.0941371281234435));
#4348=CARTESIAN_POINT('',(-0.0798058396417745,0.0468806927336236,0.0941371281234435));
#4349=CARTESIAN_POINT('',(-0.0797624660678254,0.046775979663149,0.0881381987267966));
#4350=CARTESIAN_POINT('',(-0.0844049795362491,0.0589162765728202,0.0878927198972006));
#4351=CARTESIAN_POINT('',(-0.0844483531101981,0.0590209896432948,0.0938916492938476));
#4352=CARTESIAN_POINT('',(-0.0823976803064784,0.0461859717472751,0.0941305151059352));
#4353=CARTESIAN_POINT('',(-0.0823976803064784,0.0461859717472751,0.0941305151059352));
#4354=CARTESIAN_POINT('',(-0.0823543067325294,0.0460812586768005,0.0881315857092883));
#4355=CARTESIAN_POINT('',(-0.0844483531101981,0.0590209896432948,0.0938916492938476));
#4356=CARTESIAN_POINT('',(-0.083106717658405,0.046092547530541,0.0941270193576044));
#4357=CARTESIAN_POINT('',(-0.083106717658405,0.046092547530541,0.0941270193576044));
#4358=CARTESIAN_POINT('',(-0.083063344084456,0.0459878344600664,0.0881280899609574));
#4359=CARTESIAN_POINT('',(-0.0844049795362491,0.0589162765728202,0.0878927198972006));
#4360=CARTESIAN_POINT('',(-0.0844483531101981,0.0590209896432948,0.0938916492938476));
#4361=CARTESIAN_POINT('',(-0.0857899885619912,0.046092208989894,0.0941076246303724));
#4362=CARTESIAN_POINT('',(-0.0857899885619912,0.046092208989894,0.0941076246303724));
#4363=CARTESIAN_POINT('',(-0.0857466149880422,0.0459874959194194,0.0881086952337255));
#4364=CARTESIAN_POINT('',(-0.0844483531101981,0.0590209896432948,0.0938916492938476));
#4365=CARTESIAN_POINT('',(-0.0864990259139178,0.0461854542921818,0.0941008705108876));
#4366=CARTESIAN_POINT('',(-0.0864990259139178,0.0461854542921818,0.0941008705108876));
#4367=CARTESIAN_POINT('',(-0.0864556523399688,0.0460807412217072,0.0881019411142406));
#4368=CARTESIAN_POINT('',(-0.0844049795362491,0.0589162765728202,0.0878927198972006));
#4369=CARTESIAN_POINT('',(-0.0844483531101981,0.0590209896432948,0.0938916492938476));
#4370=CARTESIAN_POINT('',(-0.0844483531101981,0.0590209896432948,0.0938916492938476));
#4371=CARTESIAN_POINT('',(-0.0897515842067542,0.0471530815762759,0.0940604635839839));
#4372=CARTESIAN_POINT('',(-0.0890908665786217,0.0468795212682219,0.0940700157925416));
#4373=CARTESIAN_POINT('',(-0.0897515842067542,0.0471530815762759,0.0940604635839839));
#4374=CARTESIAN_POINT('',(-0.0897082106328052,0.0470483685058013,0.088061534187337));
#4375=CARTESIAN_POINT('',(-0.0844049795362491,0.0589162765728202,0.0878927198972006));
#4376=CARTESIAN_POINT('',(-0.0890474930046727,0.0467748081977473,0.0880710863958947));
#4377=CARTESIAN_POINT('',(-0.0890908665786217,0.0468795212682219,0.0940700157925416));
#4378=CARTESIAN_POINT('',(-0.0844483531101981,0.0590209896432948,0.0938916492938476));
#4379=CARTESIAN_POINT('',(-0.0914481720659796,0.0590205480418236,0.0938410467773665));
#4380=CARTESIAN_POINT('',(-0.0914481720659796,0.0620200911153536,0.093788688874067));
#4381=CARTESIAN_POINT('',(-0.0844483531101981,0.0590209896432948,0.0938916492938476));
#4382=CARTESIAN_POINT('',(-0.0844483531101981,0.0620205327168248,0.0938392913905481));
#4383=CARTESIAN_POINT('',(-0.0844479115087269,0.0660199253961339,0.0937694840122708));
#4384=CARTESIAN_POINT('',(-0.0844479115087269,0.069019468469664,0.0937171261089713));
#4385=CARTESIAN_POINT('',(-0.0774485341544167,0.059021431244766,0.0939422518103286));
#4386=CARTESIAN_POINT('',(-0.0774485341544167,0.062020974318296,0.0938898939070291));
#4387=CARTESIAN_POINT('',(-0.0844487947116693,0.0520220538904557,0.0940138145754243));
#4388=CARTESIAN_POINT('',(-0.0844487947116693,0.0550215969639857,0.0939614566721248));
#4389=CARTESIAN_POINT('',(-0.0951524744172946,0.0559649992192007,0.0938675993597867));
#4390=CARTESIAN_POINT('',(-0.0950351563607454,0.0556016993314883,0.093874789101038));
#4391=CARTESIAN_POINT('',(-0.0947853055620194,0.056069824685351,0.0938684243118314));
#4392=CARTESIAN_POINT('',(-0.0946779538941334,0.0557168252206628,0.0938753621970067));
#4393=CARTESIAN_POINT('',(-0.0949137674548402,0.0556408795988573,0.0938749828663771));
#4394=CARTESIAN_POINT('',(-0.0951762603281329,0.0555563416934801,0.0938745606192994));
#4395=CARTESIAN_POINT('',(-0.095186597500107,0.0555523038425667,0.0938745563611519));
#4396=CARTESIAN_POINT('',(-0.0951986017255347,0.0555478222078998,0.0938745477962182));
#4397=CARTESIAN_POINT('',(-0.0952127293226714,0.0555421034968691,0.0938745454723723));
#4398=CARTESIAN_POINT('',(-0.0952315704744053,0.0555340996821348,0.0938745489556485));
#4399=CARTESIAN_POINT('',(-0.0952541454265728,0.0555239469861568,0.0938745629520813));
#4400=CARTESIAN_POINT('',(-0.0952806575357311,0.0555113900117145,0.0938745904493915));
#4401=CARTESIAN_POINT('',(-0.0953109301428724,0.0554963002276324,0.0938746349684118));
#4402=CARTESIAN_POINT('',(-0.0953448972467485,0.0554785134206044,0.0938746998527371));
#4403=CARTESIAN_POINT('',(-0.0953824535760788,0.055457879561884,0.0938747884822974));
#4404=CARTESIAN_POINT('',(-0.0954234995275956,0.0554342480561516,0.0938749042059317));
#4405=CARTESIAN_POINT('',(-0.0954679279739245,0.0554074722646308,0.0938750503578172));
#4406=CARTESIAN_POINT('',(-0.0955156282040118,0.0553774083460798,0.0938752302492101));
#4407=CARTESIAN_POINT('',(-0.095566484881607,0.0553439157486798,0.0938754471673899));
#4408=CARTESIAN_POINT('',(-0.0956203784494491,0.0553068572214098,0.0938757043725386));
#4409=CARTESIAN_POINT('',(-0.0956771851237803,0.0552660989601441,0.0938760050952301));
#4410=CARTESIAN_POINT('',(-0.0957367770101148,0.0552215107120807,0.0938763525337704));
#4411=CARTESIAN_POINT('',(-0.0957990221887561,0.0551729658897066,0.09387674985159));
#4412=CARTESIAN_POINT('',(-0.0958637848121517,0.0551203416761853,0.0938772001747003));
#4413=CARTESIAN_POINT('',(-0.0959309252045726,0.0550635191411095,0.0938777065889525));
#4414=CARTESIAN_POINT('',(-0.0960002999568011,0.0550023833073179,0.0938782721381867));
#4415=CARTESIAN_POINT('',(-0.0960717620560363,0.0549368233943229,0.0938788998190435));
#4416=CARTESIAN_POINT('',(-0.0961451608916093,0.0548667323664986,0.0938795925888094));
#4417=CARTESIAN_POINT('',(-0.0962203427528989,0.0547920091533269,0.0938803533230613));
#4418=CARTESIAN_POINT('',(-0.0962971494413702,0.0547125505535765,0.093881184967017));
#4419=CARTESIAN_POINT('',(-0.0963754241561939,0.0546282828498567,0.0938820899411395));
#4420=CARTESIAN_POINT('',(-0.0964549894183191,0.0545390406906162,0.093883072414901));
#4421=CARTESIAN_POINT('',(-0.0965269849925651,0.0544552171744751,0.0938840150351613));
#4422=CARTESIAN_POINT('',(-0.0965722535508495,0.0544001698780662,0.0938846486002555));
#4423=CARTESIAN_POINT('',(-0.0965907679197701,0.0543775300075908,0.0938849099228848));
#4424=CARTESIAN_POINT('',(-0.0940175523785324,0.0541227594260832,0.0939079619302144));
#4425=CARTESIAN_POINT('',(-0.0942379851472371,0.0540096879136718,0.0939083418493804));
#4426=CARTESIAN_POINT('',(-0.0944833570870513,0.0538838237941892,0.09390876475158));
#4427=CARTESIAN_POINT('',(-0.0944935212012039,0.0538793682192893,0.0939087690361732));
#4428=CARTESIAN_POINT('',(-0.0945051777935185,0.0538740474738063,0.0939087776316282));
#4429=CARTESIAN_POINT('',(-0.0945192105023875,0.0538680997231107,0.0939087799917997));
#4430=CARTESIAN_POINT('',(-0.0945381917933475,0.0538604341740249,0.0939087765573126));
#4431=CARTESIAN_POINT('',(-0.0945613326270232,0.0538516473930768,0.093908762619851));
#4432=CARTESIAN_POINT('',(-0.0945889573959677,0.0538417761376467,0.0939087351923748));
#4433=CARTESIAN_POINT('',(-0.0946210320958965,0.0538310362140712,0.0939086907537796));
#4434=CARTESIAN_POINT('',(-0.0946576261937645,0.0538195903998576,0.0939086259604751));
#4435=CARTESIAN_POINT('',(-0.0946987713606601,0.0538076192153892,0.093908537432436));
#4436=CARTESIAN_POINT('',(-0.0947445036757347,0.0537952995732307,0.0939084218207416));
#4437=CARTESIAN_POINT('',(-0.0947948511004124,0.0537828109096189,0.0939082757911125));
#4438=CARTESIAN_POINT('',(-0.0948498370839879,0.0537703332172484,0.0939080960321801));
#4439=CARTESIAN_POINT('',(-0.0949094794793939,0.0537580474340547,0.0939078792565389));
#4440=CARTESIAN_POINT('',(-0.0949737908209231,0.0537461351493325,0.093907622203869));
#4441=CARTESIAN_POINT('',(-0.0950427782170304,0.0537347785043228,0.0939073216434459));
#4442=CARTESIAN_POINT('',(-0.0951164433583318,0.0537241600365087,0.0939069743768009));
#4443=CARTESIAN_POINT('',(-0.0951947824974709,0.0537144625385621,0.0939065772403286));
#4444=CARTESIAN_POINT('',(-0.0952777864434209,0.0537058689149848,0.0939061271078303));
#4445=CARTESIAN_POINT('',(-0.0953654405500995,0.0536985620297756,0.0939056208932557));
#4446=CARTESIAN_POINT('',(-0.0954577247360625,0.0536927245922273,0.093905055552554));
#4447=CARTESIAN_POINT('',(-0.0955546134041984,0.0536885388929502,0.0939044280888617));
#4448=CARTESIAN_POINT('',(-0.0956560757652884,0.0536861871192694,0.0939037355446586));
#4449=CARTESIAN_POINT('',(-0.0957620746198928,0.0536858494333479,0.0939029750441214));
#4450=CARTESIAN_POINT('',(-0.0958725711023695,0.0536877106776346,0.093902143641778));
#4451=CARTESIAN_POINT('',(-0.0959875064844247,0.053691933860534,0.0939012389168875));
#4452=CARTESIAN_POINT('',(-0.0961068722212121,0.0536987614009657,0.0939002566997377));
#4453=CARTESIAN_POINT('',(-0.0962170540129538,0.0537071111183748,0.0938993143144776));
#4454=CARTESIAN_POINT('',(-0.0962879889071947,0.0537140167812702,0.0938986808992805));
#4455=CARTESIAN_POINT('',(-0.0963170897172986,0.0537169302800375,0.0938984196380725));
#4456=CARTESIAN_POINT('',(-0.0943515173638918,0.0539515433052209,0.0939085359177568));
#4457=CARTESIAN_POINT('',(-0.0941775390558459,0.0536117170493418,0.093915725585919));
#4458=CARTESIAN_POINT('',(-0.0938438120768687,0.0537972639400405,0.0939148997297515));
#4459=CARTESIAN_POINT('',(-0.0844483531101972,0.0590209896432953,0.0938916492938476));
#4460=CARTESIAN_POINT('',(-0.0936695059493693,0.0534954169584099,0.0939214288287592));
#4461=CARTESIAN_POINT('',(-0.0939970415695684,0.0532991484540413,0.0939224865987156));
#4462=CARTESIAN_POINT('',(-0.0937896764010358,0.0529785998910828,0.0939295811634156));
#4463=CARTESIAN_POINT('',(-0.0934744341806204,0.053182238337925,0.0939283058649797));
#4464=CARTESIAN_POINT('',(-0.0936825616365282,0.0530478576404665,0.0939291467123227));
#4465=CARTESIAN_POINT('',(-0.0939142360735224,0.052898273472002,0.0939300826908745));
#4466=CARTESIAN_POINT('',(-0.0939231761478956,0.052891698219968,0.093930132825129));
#4467=CARTESIAN_POINT('',(-0.0939336116525145,0.0528842629094922,0.0939301871596672));
#4468=CARTESIAN_POINT('',(-0.0939457780267228,0.0528750832157081,0.0939302594283608));
#4469=CARTESIAN_POINT('',(-0.0939619059959919,0.052862476552088,0.0939303628726168));
#4470=CARTESIAN_POINT('',(-0.0939810844198909,0.0528468280420187,0.0939304973577386));
#4471=CARTESIAN_POINT('',(-0.094003443622405,0.0528278383731604,0.0939306671660398));
#4472=CARTESIAN_POINT('',(-0.0940287796877523,0.052805429115076,0.0939308751409024));
#4473=CARTESIAN_POINT('',(-0.0940569863545723,0.0527794587354797,0.0939311245211069));
#4474=CARTESIAN_POINT('',(-0.0940879230999811,0.0527498095654051,0.0939314183766108));
#4475=CARTESIAN_POINT('',(-0.0941214547295015,0.0527163619218321,0.093931759774002));
#4476=CARTESIAN_POINT('',(-0.0941574398048396,0.052679001890475,0.0939321517243176));
#4477=CARTESIAN_POINT('',(-0.0941957341501625,0.0526376191865751,0.0939325971950333));
#4478=CARTESIAN_POINT('',(-0.0942361899733622,0.0525921078995428,0.0939330991034186));
#4479=CARTESIAN_POINT('',(-0.0942786562594266,0.0525423663993469,0.0939336603153272));
#4480=CARTESIAN_POINT('',(-0.0943229788029584,0.0524882974790482,0.0939342836424736));
#4481=CARTESIAN_POINT('',(-0.0943690003470333,0.0524298084257079,0.0939349718401913));
#4482=CARTESIAN_POINT('',(-0.0944165606953075,0.0523668111083339,0.0939357276050872));
#4483=CARTESIAN_POINT('',(-0.0944654968333372,0.0522992220544807,0.0939365535728275));
#4484=CARTESIAN_POINT('',(-0.0945156430548275,0.0522269625362584,0.0939374523157233));
#4485=CARTESIAN_POINT('',(-0.0945668310703934,0.0521499586103662,0.0939384263412459));
#4486=CARTESIAN_POINT('',(-0.094618890196054,0.0520681413196003,0.0939394780871459));
#4487=CARTESIAN_POINT('',(-0.0946716472418012,0.0519814462549721,0.0939406099299029));
#4488=CARTESIAN_POINT('',(-0.0947249275672801,0.0518898155713757,0.0939418241419081));
#4489=CARTESIAN_POINT('',(-0.0947785516454586,0.0517931905270747,0.0939431230465356));
#4490=CARTESIAN_POINT('',(-0.0948323489313727,0.0516915404968658,0.0939445084114347));
#4491=CARTESIAN_POINT('',(-0.0948861051860959,0.0515847516979782,0.0939459837717113));
#4492=CARTESIAN_POINT('',(-0.0949339520616046,0.0514851556616433,0.0939473763063165));
#4493=CARTESIAN_POINT('',(-0.0949634305228918,0.0514202709673332,0.0939482957519347));
#4494=CARTESIAN_POINT('',(-0.0949754542655055,0.0513936120044153,0.0939486741576506));
#4495=CARTESIAN_POINT('',(-0.0924238870799212,0.0518134440026622,0.0939597942569182));
#4496=CARTESIAN_POINT('',(-0.0926075472291033,0.0516471840007698,0.0939613684708502));
#4497=CARTESIAN_POINT('',(-0.0928119861940367,0.0514621137890331,0.0939631207871162));
#4498=CARTESIAN_POINT('',(-0.0928206509731715,0.0514551798452635,0.0939631791728849));
#4499=CARTESIAN_POINT('',(-0.0928305334733674,0.0514470240061021,0.0939632500828056));
#4500=CARTESIAN_POINT('',(-0.09284254890214,0.0514376476402628,0.0939633268758362));
#4501=CARTESIAN_POINT('',(-0.0928588998007245,0.0514253314389969,0.0939634236381589));
#4502=CARTESIAN_POINT('',(-0.092878978412106,0.0514108558144897,0.0939635311416668));
#4503=CARTESIAN_POINT('',(-0.0929031076007343,0.0513941723220657,0.0939636478975951));
#4504=CARTESIAN_POINT('',(-0.092931310381721,0.051375498207437,0.093963769947452));
#4505=CARTESIAN_POINT('',(-0.0929636959924964,0.0513549727191832,0.0939638940708022));
#4506=CARTESIAN_POINT('',(-0.0930003417540266,0.0513327620246626,0.0939640168080982));
#4507=CARTESIAN_POINT('',(-0.0930413283113934,0.0513090276657192,0.0939641347564982));
#4508=CARTESIAN_POINT('',(-0.0930867291215481,0.0512839357225524,0.0939642444859137));
#4509=CARTESIAN_POINT('',(-0.0931366134269524,0.0512576539805177,0.0939643425669641));
#4510=CARTESIAN_POINT('',(-0.0931910453088915,0.0512303525862347,0.0939644255663686));
#4511=CARTESIAN_POINT('',(-0.0932500838796708,0.0512022036918581,0.0939644900517658));
#4512=CARTESIAN_POINT('',(-0.0933137831533342,0.0511733813867969,0.0939645325938408));
#4513=CARTESIAN_POINT('',(-0.0933821920130855,0.0511440615452503,0.0939645497692216));
#4514=CARTESIAN_POINT('',(-0.0934553541553297,0.0511144216951761,0.0939645381631712));
#4515=CARTESIAN_POINT('',(-0.0935333080470587,0.0510846408812956,0.0939644943722866));
#4516=CARTESIAN_POINT('',(-0.0936160868754236,0.0510548995209026,0.0939644150073808));
#4517=CARTESIAN_POINT('',(-0.0937037185371954,0.0510253792884593,0.0939642966955729));
#4518=CARTESIAN_POINT('',(-0.093796225492863,0.0509962628814045,0.0939641360854316));
#4519=CARTESIAN_POINT('',(-0.0938936251608193,0.0509677342410618,0.0939639298402681));
#4520=CARTESIAN_POINT('',(-0.0939959282432336,0.0509399770115423,0.0939636746771418));
#4521=CARTESIAN_POINT('',(-0.0941031450442928,0.0509131797888036,0.0939633672295533));
#4522=CARTESIAN_POINT('',(-0.0942152610299068,0.0508875152196331,0.0939630045889872));
#4523=CARTESIAN_POINT('',(-0.0943323306966604,0.0508632196660989,0.0939625822356519));
#4524=CARTESIAN_POINT('',(-0.0944409230718827,0.0508427710528975,0.0939621540255211));
#4525=CARTESIAN_POINT('',(-0.0945112307774822,0.0508310842002555,0.0939618496828421));
#4526=CARTESIAN_POINT('',(-0.0945400951160504,0.0508263674351976,0.0939617233198661));
#4527=CARTESIAN_POINT('',(-0.09270216380589,0.0515616419281586,0.0939621775342125));
#4528=CARTESIAN_POINT('',(-0.0924461433763577,0.0512784292877867,0.0939689721776411));
#4529=CARTESIAN_POINT('',(-0.0921718060989196,0.0515440117621507,0.0939663198763531));
#4530=CARTESIAN_POINT('',(-0.0844483531101973,0.0590209896432956,0.0938916492938476));
#4531=CARTESIAN_POINT('',(-0.0919253000094052,0.0512975678785031,0.0939724039195958));
#4532=CARTESIAN_POINT('',(-0.0921908813832898,0.0510232317101399,0.0939752723262787));
#4533=CARTESIAN_POINT('',(-0.0919076006963224,0.0507672793267693,0.0939817882315675));
#4534=CARTESIAN_POINT('',(-0.0916558019584624,0.0510455527076555,0.0939787514482079));
#4535=CARTESIAN_POINT('',(-0.091822059767398,0.050861894757001,0.0939807551711666));
#4536=CARTESIAN_POINT('',(-0.0920071275380726,0.0506574582393307,0.0939829855899565));
#4537=CARTESIAN_POINT('',(-0.0920140612635505,0.0506487936787359,0.0939830867000462));
#4538=CARTESIAN_POINT('',(-0.0920222168849663,0.0506389113965727,0.0939832002312473));
#4539=CARTESIAN_POINT('',(-0.0920315929179498,0.0506268963009965,0.0939833421674886));
#4540=CARTESIAN_POINT('',(-0.0920439086103013,0.0506105459117827,0.0939835385231692));
#4541=CARTESIAN_POINT('',(-0.0920583835280369,0.050590468007723,0.0939837843320412));
#4542=CARTESIAN_POINT('',(-0.0920750660812057,0.0505663397589996,0.0939840848791782));
#4543=CARTESIAN_POINT('',(-0.0920937389937754,0.0505381381808182,0.09398444213674));
#4544=CARTESIAN_POINT('',(-0.0921142629858093,0.0505057540671051,0.093984859017975));
#4545=CARTESIAN_POINT('',(-0.0921364718592224,0.0504691101276194,0.0939853380736555));
#4546=CARTESIAN_POINT('',(-0.0921602040416082,0.0504281257478404,0.0939858818791355));
#4547=CARTESIAN_POINT('',(-0.0921852934225393,0.0503827275010436,0.093986492917115));
#4548=CARTESIAN_POINT('',(-0.0922115721867484,0.0503328461746774,0.0939871736090602));
#4549=CARTESIAN_POINT('',(-0.0922388701580578,0.0502784177170132,0.093987926303424));
#4550=CARTESIAN_POINT('',(-0.0922670151551282,0.0502193830449279,0.0939887532764285));
#4551=CARTESIAN_POINT('',(-0.0922958330597653,0.0501556881731616,0.0939896567293149));
#4552=CARTESIAN_POINT('',(-0.0923251479694063,0.0500872842468716,0.0939906387866727));
#4553=CARTESIAN_POINT('',(-0.0923547823281758,0.0500141275975687,0.0939917014945163));
#4554=CARTESIAN_POINT('',(-0.0923845570639034,0.0499361797857077,0.09399284681855));
#4555=CARTESIAN_POINT('',(-0.0924142917323392,0.0498534076510912,0.0939940766422465));
#4556=CARTESIAN_POINT('',(-0.0924438046325738,0.049765783323393,0.0939953927658276));
#4557=CARTESIAN_POINT('',(-0.0924729130412779,0.0496732843680123,0.0939967969020258));
#4558=CARTESIAN_POINT('',(-0.0925014329917168,0.0495758933919643,0.0939982906845604));
#4559=CARTESIAN_POINT('',(-0.0925291808152535,0.0494735997176034,0.0939998756277774));
#4560=CARTESIAN_POINT('',(-0.0925559678908292,0.0493663930658405,0.0940015532748729));
#4561=CARTESIAN_POINT('',(-0.0925816215517029,0.0492542879907166,0.0940033246202201));
#4562=CARTESIAN_POINT('',(-0.0926059053991012,0.0491372300323493,0.0940051923236472));
#4563=CARTESIAN_POINT('',(-0.0926263428903773,0.0490286487811064,0.0940069398736651));
#4564=CARTESIAN_POINT('',(-0.092638022346246,0.0489583484735855,0.0940080825411079));
#4565=CARTESIAN_POINT('',(-0.092642736064364,0.0489294871824919,0.0940085522421863));
#4566=CARTESIAN_POINT('',(-0.0902867023214664,0.049995310903618,0.0940069826170036));
#4567=CARTESIAN_POINT('',(-0.090421073715472,0.0497871927566159,0.0940096438456236));
#4568=CARTESIAN_POINT('',(-0.0905706475279157,0.049555528681712,0.0940126061584984));
#4569=CARTESIAN_POINT('',(-0.0905772224816539,0.0495465889058816,0.094012714666549));
#4570=CARTESIAN_POINT('',(-0.0905846574136743,0.0495361537800026,0.0940128430585415));
#4571=CARTESIAN_POINT('',(-0.0905938367307361,0.0495239877828564,0.094012989051113));
#4572=CARTESIAN_POINT('',(-0.0906064429502277,0.0495078602581732,0.0940131794160531));
#4573=CARTESIAN_POINT('',(-0.0906220910151308,0.0494886822799949,0.0940134010343441));
#4574=CARTESIAN_POINT('',(-0.0906410802591133,0.0494663235030148,0.0940136540169533));
#4575=CARTESIAN_POINT('',(-0.090663489148241,0.0494409878073844,0.0940139342377663));
#4576=CARTESIAN_POINT('',(-0.0906894592460692,0.049412781423195,0.09401423881897));
#4577=CARTESIAN_POINT('',(-0.0907191082541456,0.0493818448407488,0.0940145644572572));
#4578=CARTESIAN_POINT('',(-0.0907525558876536,0.0493483132223598,0.094014907927763));
#4579=CARTESIAN_POINT('',(-0.0907899160931017,0.0493123279740983,0.0940152659383448));
#4580=CARTESIAN_POINT('',(-0.0908312991873591,0.0492740332396864,0.0940156351753166));
#4581=CARTESIAN_POINT('',(-0.09087681111303,0.0492335767792168,0.0940160122934944));
#4582=CARTESIAN_POINT('',(-0.0909265535320268,0.0491911095758195,0.0940163939223855));
#4583=CARTESIAN_POINT('',(-0.0909806236830141,0.0491467858031654,0.0940167766677864));
#4584=CARTESIAN_POINT('',(-0.0910391143104744,0.0491007626866344,0.0940171571147193));
#4585=CARTESIAN_POINT('',(-0.0911021135767357,0.0490532003912331,0.0940175318300239));
#4586=CARTESIAN_POINT('',(-0.0911697049853472,0.0490042619003002,0.0940178973650295));
#4587=CARTESIAN_POINT('',(-0.0912419672950439,0.0489541128892843,0.0940182502583795));
#4588=CARTESIAN_POINT('',(-0.091318974479693,0.0489029216170023,0.0940185870382198));
#4589=CARTESIAN_POINT('',(-0.0914007955267384,0.0488508587371936,0.094018904226945));
#4590=CARTESIAN_POINT('',(-0.0914874948751505,0.0487980974098826,0.0940191983360883));
#4591=CARTESIAN_POINT('',(-0.0915791303993719,0.0487448122460859,0.0940194658993182));
#4592=CARTESIAN_POINT('',(-0.0916757608712055,0.0486911827427669,0.0940197033585298));
#4593=CARTESIAN_POINT('',(-0.0917774169412393,0.0486373794195028,0.0940199075156433));
#4594=CARTESIAN_POINT('',(-0.0918842124336366,0.0485836164738258,0.0940200738088044));
#4595=CARTESIAN_POINT('',(-0.0919838150014255,0.0485357630692106,0.0940201889556156));
#4596=CARTESIAN_POINT('',(-0.092048704164436,0.0485062801407253,0.0940202344259053));
#4597=CARTESIAN_POINT('',(-0.0920753649744955,0.0484942545515859,0.0940202515725893));
#4598=CARTESIAN_POINT('',(-0.0904903266890439,0.0496800827707278,0.0940110127676408));
#4599=CARTESIAN_POINT('',(-0.0901697115072042,0.0494727842192736,0.0940169493426147));
#4600=CARTESIAN_POINT('',(-0.0899734595633987,0.0498003032705707,0.0940126513461559));
#4601=CARTESIAN_POINT('',(-0.0844483531101976,0.0590209896432957,0.0938916492938475));
#4602=CARTESIAN_POINT('',(-0.0896715524944991,0.0496260572283089,0.094017875716141));
#4603=CARTESIAN_POINT('',(-0.0898570806903331,0.0492923489524631,0.0940223592823753));
#4604=CARTESIAN_POINT('',(-0.089517189595604,0.0491184354806258,0.0940278524800754));
#4605=CARTESIAN_POINT('',(-0.0893459940081676,0.049452379924517,0.0940232611635595));
#4606=CARTESIAN_POINT('',(-0.089459051975206,0.0492319607064946,0.0940262912117256));
#4607=CARTESIAN_POINT('',(-0.0895849010168285,0.0489866038504504,0.094029664071399));
#4608=CARTESIAN_POINT('',(-0.0895893558714783,0.0489764404567806,0.0940298092668384));
#4609=CARTESIAN_POINT('',(-0.0895946758175694,0.0489647846641282,0.0940299742577388));
#4610=CARTESIAN_POINT('',(-0.0896006225481748,0.0489507529756674,0.0940301761888073));
#4611=CARTESIAN_POINT('',(-0.0896082866695276,0.0489317731128646,0.0940304520745975));
#4612=CARTESIAN_POINT('',(-0.0896170716393771,0.0489086340907958,0.0940307924557512));
#4613=CARTESIAN_POINT('',(-0.0896269406547714,0.048881011562484,0.0940312032599334));
#4614=CARTESIAN_POINT('',(-0.0896376778864302,0.0488489395551534,0.0940316854536819));
#4615=CARTESIAN_POINT('',(-0.0896491205275384,0.0488123486311556,0.0940322414261801));
#4616=CARTESIAN_POINT('',(-0.0896610880309346,0.0487712071461778,0.0940328730351842));
#4617=CARTESIAN_POINT('',(-0.0896734034571756,0.0487254790479449,0.0940335821893084));
#4618=CARTESIAN_POINT('',(-0.0896858873438513,0.0486751364012035,0.0940343706737231));
#4619=CARTESIAN_POINT('',(-0.0896983596725936,0.04862015578233,0.0940352401988668));
#4620=CARTESIAN_POINT('',(-0.0897106394803801,0.0485605193634764,0.0940361923843322));
#4621=CARTESIAN_POINT('',(-0.0897225451534178,0.048496214634845,0.0940372287615889));
#4622=CARTESIAN_POINT('',(-0.089733894526583,0.0484272345118611,0.094038350771394));
#4623=CARTESIAN_POINT('',(-0.0897445050391432,0.0483535773271554,0.094039559762806));
#4624=CARTESIAN_POINT('',(-0.0897541938758309,0.0482752468506765,0.0940408569918138));
#4625=CARTESIAN_POINT('',(-0.0897627781102219,0.048192252295371,0.0940422436202009));
#4626=CARTESIAN_POINT('',(-0.089770074857088,0.0481046083285471,0.0940437207142454));
#4627=CARTESIAN_POINT('',(-0.0897759013866128,0.0480123350521695,0.0940452892442381));
#4628=CARTESIAN_POINT('',(-0.089780075388411,0.0479154580831215,0.094046950081173));
#4629=CARTESIAN_POINT('',(-0.0897824146560507,0.0478140082297251,0.0940487040046741));
#4630=CARTESIAN_POINT('',(-0.0897827390093265,0.0477080227094592,0.0940505516678419));
#4631=CARTESIAN_POINT('',(-0.0897808635873668,0.0475975404063846,0.0940524937285282));
#4632=CARTESIAN_POINT('',(-0.0897766253686062,0.047482620061953,0.0940545303400654));
#4633=CARTESIAN_POINT('',(-0.0897697819046102,0.0473632702505213,0.094056663105741));
#4634=CARTESIAN_POINT('',(-0.0897614172303979,0.0472531034172037,0.0940586465785258));
#4635=CARTESIAN_POINT('',(-0.0897545017452319,0.0471821783462527,0.0940599345968953));
#4636=CARTESIAN_POINT('',(-0.0897515842067542,0.0471530815762759,0.0940604635839839));
#4637=CARTESIAN_POINT('',(-0.0877516437125919,0.0487922628950435,0.0940463112017133));
#4638=CARTESIAN_POINT('',(-0.0878275691629786,0.0485564695107183,0.0940498780866887));
#4639=CARTESIAN_POINT('',(-0.0879120846147971,0.0482939990965089,0.0940538485194454));
#4640=CARTESIAN_POINT('',(-0.087916121670907,0.048283662719567,0.0940539997551335));
#4641=CARTESIAN_POINT('',(-0.0879206023564217,0.048271659443554,0.0940541768794956));
#4642=CARTESIAN_POINT('',(-0.0879263200064844,0.0482575329077013,0.0940543821224556));
#4643=CARTESIAN_POINT('',(-0.0879343224538575,0.0482386931237558,0.0940546531169571));
#4644=CARTESIAN_POINT('',(-0.0879444735825187,0.0482161197394262,0.0940549737471108));
#4645=CARTESIAN_POINT('',(-0.0879570287962592,0.0481896093915917,0.0940553457160542));
#4646=CARTESIAN_POINT('',(-0.0879721166647662,0.0481593387007475,0.0940557650112379));
#4647=CARTESIAN_POINT('',(-0.0879899014303978,0.0481253736390917,0.0940562292935896));
#4648=CARTESIAN_POINT('',(-0.0880105331541174,0.0480878194456886,0.0940567356411568));
#4649=CARTESIAN_POINT('',(-0.0880341624628179,0.0480467756922335,0.0940572812268211));
#4650=CARTESIAN_POINT('',(-0.0880609360272987,0.048002349474078,0.0940578631207396));
#4651=CARTESIAN_POINT('',(-0.0880909977209244,0.047954651470154,0.0940584783507433));
#4652=CARTESIAN_POINT('',(-0.0881244881278047,0.0479037969844213,0.0940591238877139));
#4653=CARTESIAN_POINT('',(-0.0881615445313675,0.0478499055417343,0.0940597966527206));
#4654=CARTESIAN_POINT('',(-0.0882023007682441,0.0477931008933454,0.0940604935179809));
#4655=CARTESIAN_POINT('',(-0.0882468871238122,0.0477335109011648,0.094061211309636));
#4656=CARTESIAN_POINT('',(-0.0882954302182062,0.0476712674522674,0.094061946810067));
#4657=CARTESIAN_POINT('',(-0.0883480529009035,0.0476065063615645,0.0940626967603561));
#4658=CARTESIAN_POINT('',(-0.0884048741349452,0.0475393672721513,0.0940634578628634));
#4659=CARTESIAN_POINT('',(-0.0884660089300981,0.0474699935606392,0.0940642267833623));
#4660=CARTESIAN_POINT('',(-0.088531568099381,0.0473985322072976,0.0940650001550666));
#4661=CARTESIAN_POINT('',(-0.0886016587109319,0.0473251337902823,0.0940657745754645));
#4662=CARTESIAN_POINT('',(-0.0886763818674197,0.0472499519880631,0.0940665466310588));
#4663=CARTESIAN_POINT('',(-0.0887558408030616,0.0471731449661881,0.0940673128146175));
#4664=CARTESIAN_POINT('',(-0.0888401092643369,0.0470948694963966,0.0940680698564408));
#4665=CARTESIAN_POINT('',(-0.0889293526460589,0.0470153030144772,0.0940688134634942));
#4666=CARTESIAN_POINT('',(-0.0890131776560207,0.0469433059488913,0.0940694641201824));
#4667=CARTESIAN_POINT('',(-0.0890682261872173,0.0468980361574162,0.0940698563047158));
#4668=CARTESIAN_POINT('',(-0.0890908665786217,0.0468795212682219,0.0940700157925416));
#4669=CARTESIAN_POINT('',(-0.0878667390576328,0.0484350909800841,0.0940517135775875));
#4670=CARTESIAN_POINT('',(-0.0875033785182864,0.0483178335712519,0.094056387516333));
#4671=CARTESIAN_POINT('',(-0.0873985861537622,0.0486849693173872,0.0940507367260593));
#4672=CARTESIAN_POINT('',(-0.0844483531101978,0.0590209896432958,0.0938916492938475));
#4673=CARTESIAN_POINT('',(-0.087061852573298,0.0485947956963361,0.0940547453906058));
#4674=CARTESIAN_POINT('',(-0.087154684151135,0.0482244569805275,0.0940605385687621));
#4675=CARTESIAN_POINT('',(-0.0867813456650535,0.0481444343359237,0.0940646347065283));
#4676=CARTESIAN_POINT('',(-0.0867024199244103,0.0485112920808381,0.0940588017474892));
#4677=CARTESIAN_POINT('',(-0.0867545733359351,0.0482691328008959,0.0940626516280876));
#4678=CARTESIAN_POINT('',(-0.0868126272442943,0.0479995762707458,0.0940669370738315));
#4679=CARTESIAN_POINT('',(-0.0868142996371336,0.0479886066624838,0.0940671164597915));
#4680=CARTESIAN_POINT('',(-0.0868164213623654,0.0479759716823493,0.0940673216665338));
#4681=CARTESIAN_POINT('',(-0.0868185335307296,0.0479608796373842,0.094067569831161));
#4682=CARTESIAN_POINT('',(-0.0868210237838789,0.0479405637472767,0.0940679064459001));
#4683=CARTESIAN_POINT('',(-0.0868235201246649,0.0479159404933138,0.0940683182029225));
#4684=CARTESIAN_POINT('',(-0.0868259030451949,0.0478867061150695,0.0940688112685237));
#4685=CARTESIAN_POINT('',(-0.0868279728713495,0.0478529493328878,0.0940693855377517));
#4686=CARTESIAN_POINT('',(-0.0868295543644502,0.0478146452096065,0.0940700427129061));
#4687=CARTESIAN_POINT('',(-0.0868304649322503,0.0477718099033482,0.0940707838321242));
#4688=CARTESIAN_POINT('',(-0.0868305243264003,0.0477244543809868,0.0940716100072108));
#4689=CARTESIAN_POINT('',(-0.0868295519625745,0.047672598102481,0.094072522204151));
#4690=CARTESIAN_POINT('',(-0.0868273678872575,0.0476162650294168,0.0940735213057916));
#4691=CARTESIAN_POINT('',(-0.0868237926829137,0.0475554847727647,0.0940746080924925));
#4692=CARTESIAN_POINT('',(-0.0868186476799764,0.0474902922485749,0.0940757832466041));
#4693=CARTESIAN_POINT('',(-0.0868117550806443,0.0474207277557597,0.0940770473502139));
#4694=CARTESIAN_POINT('',(-0.0868029381072273,0.0473468369280517,0.0940784008849133));
#4695=CARTESIAN_POINT('',(-0.0867920211436245,0.0472686707169217,0.0940798442310724));
#4696=CARTESIAN_POINT('',(-0.0867788298752912,0.0471862853599608,0.0940813776673797));
#4697=CARTESIAN_POINT('',(-0.0867631914393472,0.04709974235243,0.0940830013702541));
#4698=CARTESIAN_POINT('',(-0.0867449345298038,0.0470091083986693,0.0940847154139315));
#4699=CARTESIAN_POINT('',(-0.0867238896733715,0.0469144554212978,0.0940865197683106));
#4700=CARTESIAN_POINT('',(-0.0866998888409881,0.0468158603304082,0.0940884143057902));
#4701=CARTESIAN_POINT('',(-0.0866727676198634,0.046713405702294,0.0940903987737172));
#4702=CARTESIAN_POINT('',(-0.0866423575072755,0.0466071769342817,0.094092472899768));
#4703=CARTESIAN_POINT('',(-0.0866085162364852,0.0464972729521005,0.0940946359857846));
#4704=CARTESIAN_POINT('',(-0.0865710118318569,0.0463837647800186,0.0940968884692524));
#4705=CARTESIAN_POINT('',(-0.0865344150308805,0.0462795200522575,0.0940989726944118));
#4706=CARTESIAN_POINT('',(-0.0865093758835654,0.0462128036442525,0.0941003182873847));
#4707=CARTESIAN_POINT('',(-0.0864990259139178,0.0461854542921818,0.0941008705108876));
#4708=CARTESIAN_POINT('',(-0.0849914713081101,0.048286285710592,0.0940750998329928));
#4709=CARTESIAN_POINT('',(-0.0850037766209069,0.0480388860184186,0.0940793292970071));
#4710=CARTESIAN_POINT('',(-0.085017474123727,0.0477634961898793,0.0940840372712147));
#4711=CARTESIAN_POINT('',(-0.0850186981635064,0.0477524676188327,0.0940842209280782));
#4712=CARTESIAN_POINT('',(-0.0850199192512021,0.0477397141961097,0.0940844347140773));
#4713=CARTESIAN_POINT('',(-0.0850217855858628,0.0477245898216236,0.0940846852204573));
#4714=CARTESIAN_POINT('',(-0.0850246389075537,0.0477043216785576,0.0940850183766927));
#4715=CARTESIAN_POINT('',(-0.0850286013173303,0.0476798912269144,0.0940854161682941));
#4716=CARTESIAN_POINT('',(-0.0850338668837608,0.0476510359446199,0.0940858817745029));
#4717=CARTESIAN_POINT('',(-0.0850406055183423,0.0476178931561184,0.0940864115697835));
#4718=CARTESIAN_POINT('',(-0.0850489929493903,0.0475804840798181,0.094087003913208));
#4719=CARTESIAN_POINT('',(-0.0850592013708771,0.0475388715316773,0.0940876564633053));
#4720=CARTESIAN_POINT('',(-0.0850714020564313,0.047493112707126,0.0940883669833667));
#4721=CARTESIAN_POINT('',(-0.0850857644057709,0.047443273092426,0.0940891331055131));
#4722=CARTESIAN_POINT('',(-0.0851024560440236,0.0473894223591327,0.0940899524016407));
#4723=CARTESIAN_POINT('',(-0.0851216426162299,0.0473316354972986,0.0940908223651262));
#4724=CARTESIAN_POINT('',(-0.0851434876716946,0.0472699924280812,0.0940917404184251));
#4725=CARTESIAN_POINT('',(-0.0851681525242702,0.047204578046871,0.094092703913329));
#4726=CARTESIAN_POINT('',(-0.0851957961214966,0.0471354821385308,0.0940937101333913));
#4727=CARTESIAN_POINT('',(-0.0852265749123615,0.0470627993243175,0.0940947562958097));
#4728=CARTESIAN_POINT('',(-0.0852606427202819,0.0469866289951533,0.0940958395535095));
#4729=CARTESIAN_POINT('',(-0.0852981506054701,0.0469070752453337,0.0940969569972959));
#4730=CARTESIAN_POINT('',(-0.0853392467758673,0.0468242467983855,0.0940981056577921));
#4731=CARTESIAN_POINT('',(-0.0853840763183425,0.0467382569446456,0.094099282508472));
#4732=CARTESIAN_POINT('',(-0.0854327816336853,0.0466492234187491,0.0941004844646542));
#4733=CARTESIAN_POINT('',(-0.0854855001628108,0.0465572684936849,0.0941017083983));
#4734=CARTESIAN_POINT('',(-0.0855423725671091,0.0464625182248651,0.0941029510920625));
#4735=CARTESIAN_POINT('',(-0.0856035106632502,0.0463651049524562,0.0941042094274463));
#4736=CARTESIAN_POINT('',(-0.0856691201453143,0.0462651572585474,0.0941054796728001));
#4737=CARTESIAN_POINT('',(-0.0857314550615473,0.0461739230130296,0.0941066214981874));
#4738=CARTESIAN_POINT('',(-0.0857729114945011,0.0461159514200419,0.0941073336702367));
#4739=CARTESIAN_POINT('',(-0.0857899885619912,0.046092208989894,0.0941076246303724));
#4740=CARTESIAN_POINT('',(-0.085010194073054,0.0479115106893135,0.0940815062711161));
#4741=CARTESIAN_POINT('',(-0.0846288505964756,0.0478922853217383,0.0940845990524316));
#4742=CARTESIAN_POINT('',(-0.0846226592376975,0.0482740180683331,0.0940779805603619));
#4743=CARTESIAN_POINT('',(-0.0844483531101981,0.0590209896432959,0.0938916492938475));
#4744=CARTESIAN_POINT('',(-0.0842740469826987,0.0482740620517483,0.0940805003356057));
#4745=CARTESIAN_POINT('',(-0.0842678556239206,0.0478923308674458,0.0940872083301663));
#4746=CARTESIAN_POINT('',(-0.0838865121473422,0.0479116524610614,0.0940896282629789));
#4747=CARTESIAN_POINT('',(-0.0839052349122861,0.0482864227579441,0.0940829511679356));
#4748=CARTESIAN_POINT('',(-0.0838929295994893,0.0480390261708232,0.0940873585179658));
#4749=CARTESIAN_POINT('',(-0.0838792320966692,0.0477636397986337,0.094092264503735));
#4750=CARTESIAN_POINT('',(-0.0838780080568898,0.0477526115364544,0.0940924658553587));
#4751=CARTESIAN_POINT('',(-0.0838767869691941,0.0477398584218537,0.0940926972934427));
#4752=CARTESIAN_POINT('',(-0.0838749206345334,0.0477247345183078,0.0940929747796193));
#4753=CARTESIAN_POINT('',(-0.0838720673128426,0.0477044670952328,0.094093349183569));
#4754=CARTESIAN_POINT('',(-0.0838681049030659,0.0476800376434415,0.0940938042558994));
#4755=CARTESIAN_POINT('',(-0.0838628393366355,0.0476511836898301,0.0940943459813138));
#4756=CARTESIAN_POINT('',(-0.0838561007020539,0.0476180426017172,0.0940949731905226));
#4757=CARTESIAN_POINT('',(-0.083847713271006,0.0475806356418535,0.0940956867829325));
#4758=CARTESIAN_POINT('',(-0.0838375048495192,0.0475390256696476,0.0940964869063144));
#4759=CARTESIAN_POINT('',(-0.083825304163965,0.0474932699237478,0.0940973737998966));
#4760=CARTESIAN_POINT('',(-0.0838109418146253,0.0474434339331612,0.0940983475446483));
#4761=CARTESIAN_POINT('',(-0.0837942501763727,0.0473895874117408,0.09409940813566));
#4762=CARTESIAN_POINT('',(-0.0837750636041664,0.047331805391337,0.0941005554608789));
#4763=CARTESIAN_POINT('',(-0.0837532185487017,0.0472701678343765,0.0941017893070347));
#4764=CARTESIAN_POINT('',(-0.0837285536961261,0.0472047596769547,0.0941031093578773));
#4765=CARTESIAN_POINT('',(-0.0837009100988997,0.0471356707440423,0.0941045151947111));
#4766=CARTESIAN_POINT('',(-0.0836701313080347,0.0470629956963738,0.0941060062963659));
#4767=CARTESIAN_POINT('',(-0.0836360635001144,0.0469868339636862,0.0941075820394433));
#4768=CARTESIAN_POINT('',(-0.0835985556149261,0.0469072896783927,0.09410924169848));
#4769=CARTESIAN_POINT('',(-0.083557459444529,0.046824471601418,0.094110984446598));
#4770=CARTESIAN_POINT('',(-0.0835126299020537,0.0467384930597095,0.0941128093546523));
#4771=CARTESIAN_POINT('',(-0.0834639245867109,0.0466494718238347,0.0941147153965119));
#4772=CARTESIAN_POINT('',(-0.0834112060575855,0.0465575302014639,0.0941167014309885));
#4773=CARTESIAN_POINT('',(-0.0833543336532872,0.0464627942835025,0.0941187662741411));
#4774=CARTESIAN_POINT('',(-0.0832931955571461,0.0463653964383326,0.0941209084238998));
#4775=CARTESIAN_POINT('',(-0.083227586075082,0.0462654652999467,0.0941231271221338));
#4776=CARTESIAN_POINT('',(-0.0831652511588489,0.0461742467836665,0.0941251700631675));
#4777=CARTESIAN_POINT('',(-0.0831237947258952,0.046116285651559,0.0941264815308064));
#4778=CARTESIAN_POINT('',(-0.083106717658405,0.046092547530541,0.0941270193576044));
#4779=CARTESIAN_POINT('',(-0.0821942862959859,0.0485118608592173,0.094091386613196));
#4780=CARTESIAN_POINT('',(-0.0821421328844612,0.0482697147393699,0.0940959904252661));
#4781=CARTESIAN_POINT('',(-0.082084078976102,0.0480001728582123,0.0941011151002626));
#4782=CARTESIAN_POINT('',(-0.0820824065832626,0.0479892036719524,0.0941013186623897));
#4783=CARTESIAN_POINT('',(-0.0820802848580308,0.047976569227202,0.0941015545408634));
#4784=CARTESIAN_POINT('',(-0.0820781726896667,0.0479614777152094,0.0941018332390675));
#4785=CARTESIAN_POINT('',(-0.0820756824365174,0.0479411624534781,0.0941022058529899));
#4786=CARTESIAN_POINT('',(-0.0820731860957313,0.0479165398294276,0.0941026536971987));
#4787=CARTESIAN_POINT('',(-0.0820708031752013,0.047887306052476,0.0941031812103792));
#4788=CARTESIAN_POINT('',(-0.0820687333490467,0.0478535497925824,0.0941037854010838));
#4789=CARTESIAN_POINT('',(-0.082067151855946,0.0478152460683661,0.0941044654383557));
#4790=CARTESIAN_POINT('',(-0.0820662412881459,0.0477724109918753,0.0941052197207725));
#4791=CARTESIAN_POINT('',(-0.0820661818939959,0.047725055484501,0.0941060467544629));
#4792=CARTESIAN_POINT('',(-0.0820671542578218,0.0476731989606345,0.0941069448948789));
#4793=CARTESIAN_POINT('',(-0.0820693383331387,0.0476168653364531,0.0941079124234533));
#4794=CARTESIAN_POINT('',(-0.0820729135374825,0.0475560841776544,0.09410894752688));
#4795=CARTESIAN_POINT('',(-0.0820780585404198,0.0474908903552038,0.0941100483046559));
#4796=CARTESIAN_POINT('',(-0.082084951139752,0.0474213241231494,0.0941112127686179));
#4797=CARTESIAN_POINT('',(-0.0820937681131689,0.0473474310706166,0.094112438844853));
#4798=CARTESIAN_POINT('',(-0.0821046850767717,0.0472692621047621,0.0941137243750188));
#4799=CARTESIAN_POINT('',(-0.0821178763451051,0.0471868734191917,0.0941150671179073));
#4800=CARTESIAN_POINT('',(-0.0821335147810491,0.0471003264655471,0.0941164647510255));
#4801=CARTESIAN_POINT('',(-0.0821517716905925,0.0470096879049419,0.0941179148722043));
#4802=CARTESIAN_POINT('',(-0.0821728165470248,0.0469150296172312,0.0941194150014308));
#4803=CARTESIAN_POINT('',(-0.0821968173794082,0.0468164284701083,0.0941209625820698));
#4804=CARTESIAN_POINT('',(-0.0822239386005328,0.0467139669983796,0.0941225549847118));
#4805=CARTESIAN_POINT('',(-0.0822543487131207,0.0466077305568527,0.0941241895011518));
#4806=CARTESIAN_POINT('',(-0.0822881899839111,0.046497818035358,0.0941258633766193));
#4807=CARTESIAN_POINT('',(-0.0823256943885393,0.0463843003996284,0.0941275736951519));
#4808=CARTESIAN_POINT('',(-0.0823622911895157,0.046280046437239,0.094129128875725));
#4809=CARTESIAN_POINT('',(-0.0823873303368309,0.0462133237109982,0.0941301125019419));
#4810=CARTESIAN_POINT('',(-0.0823976803064784,0.0461859717472751,0.0941305151059352));
#4811=CARTESIAN_POINT('',(-0.0821153605553427,0.0481450230299746,0.0940983605253974));
#4812=CARTESIAN_POINT('',(-0.0817420220692612,0.0482251398806853,0.0940996613813474));
#4813=CARTESIAN_POINT('',(-0.0818348536470982,0.0485954551719023,0.0940925262267785));
#4814=CARTESIAN_POINT('',(-0.0844483531101984,0.0590209896432959,0.0938916492938475));
#4815=CARTESIAN_POINT('',(-0.081498120066634,0.0486857137623869,0.0940933853942009));
#4816=CARTESIAN_POINT('',(-0.0813933277021099,0.0483186044589599,0.0941005510664219));
#4817=CARTESIAN_POINT('',(-0.0810299671627634,0.0484359535561207,0.0941011298798589));
#4818=CARTESIAN_POINT('',(-0.0811450625078043,0.0487930964285763,0.0940940636818043));
#4819=CARTESIAN_POINT('',(-0.0810691370574176,0.0485573222028467,0.0940987281476451));
#4820=CARTESIAN_POINT('',(-0.0809846216055992,0.048294873114785,0.0941039203386169));
#4821=CARTESIAN_POINT('',(-0.0809805845494892,0.0482845377565309,0.094104129934124));
#4822=CARTESIAN_POINT('',(-0.0809761038639745,0.0482725356111485,0.0941043718314266));
#4823=CARTESIAN_POINT('',(-0.0809703862139119,0.048258410518055,0.0941046597289283));
#4824=CARTESIAN_POINT('',(-0.0809623837665387,0.0482395727534016,0.0941050464070783));
#4825=CARTESIAN_POINT('',(-0.0809522326378775,0.0482170019305499,0.0941055137822894));
#4826=CARTESIAN_POINT('',(-0.0809396774241371,0.0481904947508265,0.0941060672498251));
#4827=CARTESIAN_POINT('',(-0.08092458955563,0.0481602278671691,0.0941067046557436));
#4828=CARTESIAN_POINT('',(-0.0809068047899984,0.0481262672932198,0.0941074260352656));
#4829=CARTESIAN_POINT('',(-0.0808861730662788,0.0480887183059083,0.0941082306357251));
#4830=CARTESIAN_POINT('',(-0.0808625437575784,0.0480476805149383,0.094109117807471));
#4831=CARTESIAN_POINT('',(-0.0808357701930975,0.0480032610526716,0.0941100867409385));
#4832=CARTESIAN_POINT('',(-0.0808057084994718,0.0479555706343441,0.0941111365437967));
#4833=CARTESIAN_POINT('',(-0.0807722180925915,0.0479047245993899,0.0941122662192159));
#4834=CARTESIAN_POINT('',(-0.0807351616890287,0.0478508425073047,0.0941134746728393));
#4835=CARTESIAN_POINT('',(-0.0806944054521521,0.0477940481431124,0.0941147607116313));
#4836=CARTESIAN_POINT('',(-0.080649819096584,0.0477344694015988,0.0941161230451427));
#4837=CARTESIAN_POINT('',(-0.08060127600219,0.0476722382017893,0.0941175602861795));
#4838=CARTESIAN_POINT('',(-0.0805486533194927,0.0476074903895944,0.0941190709517402));
#4839=CARTESIAN_POINT('',(-0.0804918320854511,0.0475403656381277,0.0941206534639186));
#4840=CARTESIAN_POINT('',(-0.0804306972902981,0.0474710073530215,0.0941223061510731));
#4841=CARTESIAN_POINT('',(-0.0803651381210153,0.0473995625425072,0.0941240272483344));
#4842=CARTESIAN_POINT('',(-0.0802950475094644,0.0473261818117575,0.0941258149009712));
#4843=CARTESIAN_POINT('',(-0.0802203243529765,0.047251018864754,0.0941276671570298));
#4844=CARTESIAN_POINT('',(-0.0801408654173346,0.0471742318930941,0.0941295820016357));
#4845=CARTESIAN_POINT('',(-0.0800565969560594,0.0470959776871261,0.0941315572311704));
#4846=CARTESIAN_POINT('',(-0.0799673535743373,0.0470164337243733,0.0941335909435527));
#4847=CARTESIAN_POINT('',(-0.0798835285643755,0.0469444578107128,0.0941354533774053));
#4848=CARTESIAN_POINT('',(-0.0798284800331789,0.0468992019098705,0.0941366413453579));
#4849=CARTESIAN_POINT('',(-0.0798058396417745,0.0468806927336236,0.0941371281234435));
#4850=CARTESIAN_POINT('',(-0.0795507122122287,0.0494536157673209,0.094094061625167));
#4851=CARTESIAN_POINT('',(-0.0794376542451903,0.0492332250777018,0.0940987260431086));
#4852=CARTESIAN_POINT('',(-0.0793118052035678,0.0489878999776879,0.094103918180762));
#4853=CARTESIAN_POINT('',(-0.0793073503489179,0.0489777377081307,0.0941041277757301));
#4854=CARTESIAN_POINT('',(-0.0793020304028269,0.0489660832578832,0.0941043696719502));
#4855=CARTESIAN_POINT('',(-0.0792960836722214,0.0489520530699866,0.0941046575691564));
#4856=CARTESIAN_POINT('',(-0.0792884195508687,0.0489330751411045,0.0941050442477427));
#4857=CARTESIAN_POINT('',(-0.0792796345810192,0.048909938335785,0.0941055116247162));
#4858=CARTESIAN_POINT('',(-0.0792697655656248,0.0488823182977642,0.094106065095717));
#4859=CARTESIAN_POINT('',(-0.079259028333966,0.0488502489998055,0.0941067025072475));
#4860=CARTESIAN_POINT('',(-0.0792475856928579,0.0488136609631786,0.0941074238949506));
#4861=CARTESIAN_POINT('',(-0.0792356181894617,0.0487725224980124,0.0941082285065865));
#4862=CARTESIAN_POINT('',(-0.0792233027632207,0.0487267975073841,0.0941091156929268));
#4863=CARTESIAN_POINT('',(-0.0792108188765449,0.0486764580107555,0.0941100846448273));
#4864=CARTESIAN_POINT('',(-0.0791983465478027,0.0486214805390784,0.094111134470375));
#4865=CARTESIAN_POINT('',(-0.0791860667400162,0.0485618472188415,0.0941122641731549));
#4866=CARTESIAN_POINT('',(-0.0791741610669784,0.0484975454944198,0.0941134726592216));
#4867=CARTESIAN_POINT('',(-0.0791628116938132,0.0484285682352721,0.094114758735947));
#4868=CARTESIAN_POINT('',(-0.0791522011812531,0.0483549137279627,0.0941161211132856));
#4869=CARTESIAN_POINT('',(-0.0791425123445654,0.0482765856963097,0.0941175584044426));
#4870=CARTESIAN_POINT('',(-0.0791339281101744,0.0481935933071009,0.0941190691268109));
#4871=CARTESIAN_POINT('',(-0.0791266313633083,0.0481059511814966,0.0941206517028735));
#4872=CARTESIAN_POINT('',(-0.0791208048337835,0.0480136793753523,0.0941223044613731));
#4873=CARTESIAN_POINT('',(-0.0791166308319853,0.0479168034595481,0.0941240256378184));
#4874=CARTESIAN_POINT('',(-0.0791142915643456,0.0478153541964292,0.0941258133778513));
#4875=CARTESIAN_POINT('',(-0.0791139672110698,0.0477093687580087,0.0941276657298809));
#4876=CARTESIAN_POINT('',(-0.0791158426330294,0.0475988859817008,0.0941295806794042));
#4877=CARTESIAN_POINT('',(-0.0791200808517901,0.0474839645678212,0.0941315560231085));
#4878=CARTESIAN_POINT('',(-0.0791269243157861,0.0473646130295489,0.0941335898594382));
#4879=CARTESIAN_POINT('',(-0.0791352889899983,0.0472544440855369,0.0941354524122113));
#4880=CARTESIAN_POINT('',(-0.0791422044751644,0.0471835172695718,0.0941366404600945));
#4881=CARTESIAN_POINT('',(-0.0791451220136421,0.0471544197634,0.0941371272711487));
#4882=CARTESIAN_POINT('',(-0.0793795166247922,0.0491197145219489,0.094101127750855));
#4883=CARTESIAN_POINT('',(-0.0790396255300632,0.0492937137599688,0.0941005480302562));
#4884=CARTESIAN_POINT('',(-0.0792251537258971,0.0496273752206866,0.0940933824621806));
#4885=CARTESIAN_POINT('',(-0.0844483531101987,0.0590209896432958,0.0938916492938475));
#4886=CARTESIAN_POINT('',(-0.0789232466569976,0.0498016974444584,0.0940925224709416));
#4887=CARTESIAN_POINT('',(-0.0787269947131921,0.0494742279142588,0.0940996574921031));
#4888=CARTESIAN_POINT('',(-0.0784063795313524,0.0496816073679216,0.0940983557409853));
#4889=CARTESIAN_POINT('',(-0.0786100038989299,0.0499967841193988,0.0940913819896393));
#4890=CARTESIAN_POINT('',(-0.0784756325049243,0.0497886998789088,0.0940959856956521));
#4891=CARTESIAN_POINT('',(-0.0783260586924806,0.0495570735466086,0.0941011102525922));
#4892=CARTESIAN_POINT('',(-0.0783194837387424,0.0495481354298646,0.0941013138083953));
#4893=CARTESIAN_POINT('',(-0.0783120488067219,0.049537702180074,0.0941015496800152));
#4894=CARTESIAN_POINT('',(-0.0783028694896602,0.0495255384991844,0.094101828369103));
#4895=CARTESIAN_POINT('',(-0.0782902632701685,0.0495094141554828,0.0941022009699762));
#4896=CARTESIAN_POINT('',(-0.0782746152052654,0.049490240125848,0.0941026487972199));
#4897=CARTESIAN_POINT('',(-0.078255625961283,0.0494678861405056,0.0941031762889791));
#4898=CARTESIAN_POINT('',(-0.0782332170721553,0.0494425560994066,0.0941037804534473));
#4899=CARTESIAN_POINT('',(-0.0782072469743271,0.0494143562683637,0.094104460459259));
#4900=CARTESIAN_POINT('',(-0.0781775979662506,0.0493834271673794,0.0941052147046045));
#4901=CARTESIAN_POINT('',(-0.0781441503327427,0.0493499039889756,0.0941060416952257));
#4902=CARTESIAN_POINT('',(-0.0781067901272945,0.0493139281679756,0.0941069397861945));
#4903=CARTESIAN_POINT('',(-0.0780654070330371,0.049275643875938,0.0941079072585692));
#4904=CARTESIAN_POINT('',(-0.0780198951073662,0.0492351988996884,0.0941089422986758));
#4905=CARTESIAN_POINT('',(-0.0779701526883695,0.0491927442480097,0.0941100430056495));
#4906=CARTESIAN_POINT('',(-0.0779160825373821,0.0491484341191096,0.0941112073909724));
#4907=CARTESIAN_POINT('',(-0.0778575919099219,0.0491024257617703,0.0941124333803838));
#4908=CARTESIAN_POINT('',(-0.0777945926436606,0.0490548793632448,0.0941137188152012));
#4909=CARTESIAN_POINT('',(-0.077727001235049,0.0490059579279429,0.0941150614538838));
#4910=CARTESIAN_POINT('',(-0.0776547389253524,0.0489558271511867,0.0941164589736142));
#4911=CARTESIAN_POINT('',(-0.0775777317407033,0.048904655310459,0.0941179089719067));
#4912=CARTESIAN_POINT('',(-0.0774959106936578,0.0488526130769072,0.094119408968441));
#4913=CARTESIAN_POINT('',(-0.0774092113452458,0.0487998736268159,0.094120956406282));
#4914=CARTESIAN_POINT('',(-0.0773175758210243,0.0487466115858053,0.0941225486557333));
#4915=CARTESIAN_POINT('',(-0.0772209453491908,0.0486930064656691,0.0941241830082969));
#4916=CARTESIAN_POINT('',(-0.077119289279157,0.0486392287937186,0.0941258567089792));
#4917=CARTESIAN_POINT('',(-0.0770124937867597,0.0485854927962078,0.0941275668413716));
#4918=CARTESIAN_POINT('',(-0.0769128912189707,0.0485376645247371,0.094129121846254));
#4919=CARTESIAN_POINT('',(-0.0768480020559603,0.0485081979700136,0.0941301053564675));
#4920=CARTESIAN_POINT('',(-0.0768213412459008,0.0484961791083111,0.0941305079127187));
#4921=CARTESIAN_POINT('',(-0.0772409042619338,0.0510473713942393,0.0940829425712609));
#4922=CARTESIAN_POINT('',(-0.0770746464529982,0.0508637553961332,0.0940873497226995));
#4923=CARTESIAN_POINT('',(-0.0768895786823237,0.0506593655774099,0.094092255487409));
#4924=CARTESIAN_POINT('',(-0.0768826449568457,0.0506507027664319,0.0940924568316675));
#4925=CARTESIAN_POINT('',(-0.0768744893354299,0.0506408225422118,0.0940926882608063));
#4926=CARTESIAN_POINT('',(-0.0768651133024464,0.0506288098125303,0.0940929657372958));
#4927=CARTESIAN_POINT('',(-0.076852797610095,0.0506124625309882,0.0940933401290395));
#4928=CARTESIAN_POINT('',(-0.0768383226923593,0.0505923882794467,0.0940937951878092));
#4929=CARTESIAN_POINT('',(-0.0768216401391905,0.0505682642403038,0.0940943368984962));
#4930=CARTESIAN_POINT('',(-0.0768029672266209,0.0505400673739388,0.0940949640923103));
#4931=CARTESIAN_POINT('',(-0.076782443234587,0.0505076884391329,0.0940956776690647));
#4932=CARTESIAN_POINT('',(-0.0767602343611739,0.0504710501037078,0.0940964777769665));
#4933=CARTESIAN_POINT('',(-0.076736502178788,0.0504300717123725,0.0940973646556736));
#4934=CARTESIAN_POINT('',(-0.0767114127978569,0.0503846797964872,0.0940983383865879));
#4935=CARTESIAN_POINT('',(-0.0766851340336478,0.0503348051011546,0.0940993989652328));
#4936=CARTESIAN_POINT('',(-0.0766578360623384,0.0502803835317049,0.0941005462799883));
#4937=CARTESIAN_POINT('',(-0.076629691065268,0.0502213559615679,0.0941017801180174));
#4938=CARTESIAN_POINT('',(-0.0766008731606309,0.0501576683615475,0.0941031001635028));
#4939=CARTESIAN_POINT('',(-0.07657155825099,0.0500892718324148,0.0941045059981808));
#4940=CARTESIAN_POINT('',(-0.0765419238922205,0.0500161226608772,0.0941059971013117));
#4941=CARTESIAN_POINT('',(-0.0765121491564928,0.0499381823622033,0.094107572849927));
#4942=CARTESIAN_POINT('',(-0.076482414488057,0.0498554177306637,0.0941092325189908));
#4943=CARTESIAN_POINT('',(-0.0764529015878224,0.0497678008500827,0.0941109752820508));
#4944=CARTESIAN_POINT('',(-0.0764237931791184,0.049675309239752,0.0941128002103846));
#4945=CARTESIAN_POINT('',(-0.0763952732286794,0.0495779254602658,0.0941147062782823));
#4946=CARTESIAN_POINT('',(-0.0763675254051428,0.0494756387876327,0.0941166923449699));
#4947=CARTESIAN_POINT('',(-0.076340738329567,0.0493684388951678,0.0941187572269312));
#4948=CARTESIAN_POINT('',(-0.0763150846686933,0.0492563402933425,0.0941208994224631));
#4949=CARTESIAN_POINT('',(-0.0762908008212951,0.049139288462623,0.0941231181740053));
#4950=CARTESIAN_POINT('',(-0.0762703633300189,0.0490307123684602,0.0941251611690847));
#4951=CARTESIAN_POINT('',(-0.0762586838741503,0.0489604150080666,0.0941264726751345));
#4952=CARTESIAN_POINT('',(-0.0762539701560322,0.0489315549064058,0.0941270105178806));
#4953=CARTESIAN_POINT('',(-0.0769891055240738,0.0507691615508122,0.094089619365647));
#4954=CARTESIAN_POINT('',(-0.0767058248371064,0.0510251854156176,0.0940871985755003));
#4955=CARTESIAN_POINT('',(-0.076971406210991,0.0512994545686899,0.0940804909155407));
#4956=CARTESIAN_POINT('',(-0.0844483531101989,0.0590209896432956,0.0938916492938476));
#4957=CARTESIAN_POINT('',(-0.0767249001214767,0.0515459606542798,0.0940779703726221));
#4958=CARTESIAN_POINT('',(-0.0764505628440385,0.0512804474046217,0.094084588502823));
#4959=CARTESIAN_POINT('',(-0.0761945424145063,0.0515637246477302,0.0940814948993378));
#4960=CARTESIAN_POINT('',(-0.0764728191404751,0.0518154565034701,0.09407508884433));
#4961=CARTESIAN_POINT('',(-0.0762891589912929,0.0516492428453334,0.094079318055558));
#4962=CARTESIAN_POINT('',(-0.0760847200263596,0.0514642242205606,0.0940840257483798));
#4963=CARTESIAN_POINT('',(-0.0760760552472247,0.0514572924632119,0.0940842093924871));
#4964=CARTESIAN_POINT('',(-0.0760661727470288,0.0514491391177444,0.0940844231641632));
#4965=CARTESIAN_POINT('',(-0.0760541573182562,0.0514397657838099,0.0940846736526364));
#4966=CARTESIAN_POINT('',(-0.0760378064196717,0.0514274537084366,0.0940850067840992));
#4967=CARTESIAN_POINT('',(-0.0760177278082903,0.0514129831504518,0.0940854045446887));
#4968=CARTESIAN_POINT('',(-0.0759935986196619,0.0513963057466498,0.0940858701129797));
#4969=CARTESIAN_POINT('',(-0.0759653958386752,0.0513776387485502,0.0940863998631875));
#4970=CARTESIAN_POINT('',(-0.0759330102278998,0.0513571214322969,0.0940869921540167));
#4971=CARTESIAN_POINT('',(-0.0758963644663697,0.051334919984759,0.0940876446436743));
#4972=CARTESIAN_POINT('',(-0.0758553779090028,0.0513111959681301,0.0940883550951266));
#4973=CARTESIAN_POINT('',(-0.0758099770988481,0.051286115481145,0.0940891211401813));
#4974=CARTESIAN_POINT('',(-0.0757600927934438,0.0512598463266318,0.0940899403504291));
#4975=CARTESIAN_POINT('',(-0.0757056609115048,0.0512325586673798,0.0940908102189502));
#4976=CARTESIAN_POINT('',(-0.0756466223407254,0.0512044246704599,0.0940917281679131));
#4977=CARTESIAN_POINT('',(-0.075582923067062,0.0511756184389105,0.0940926915488314));
#4978=CARTESIAN_POINT('',(-0.0755145142073107,0.0511463158592658,0.0940936976449905));
#4979=CARTESIAN_POINT('',(-0.0754413520650666,0.0511166944705099,0.0940947436733299));
#4980=CARTESIAN_POINT('',(-0.0753633981733376,0.0510869333270703,0.094095826786527));
#4981=CARTESIAN_POINT('',(-0.0752806193449727,0.0510572128546153,0.0940969440751492));
#4982=CARTESIAN_POINT('',(-0.0751929876832008,0.0510277147346462,0.0940980925695924));
#4983=CARTESIAN_POINT('',(-0.0751004807275333,0.0509986216702697,0.0940992692431147));
#4984=CARTESIAN_POINT('',(-0.0750030810595769,0.0509701176072044,0.0941004710108283));
#4985=CARTESIAN_POINT('',(-0.0749007779771627,0.0509423861922619,0.0941016947445035));
#4986=CARTESIAN_POINT('',(-0.0747935611761035,0.050915616024,0.0941029372265986));
#4987=CARTESIAN_POINT('',(-0.0746814451904894,0.0508899797455386,0.0941041953384927));
#4988=CARTESIAN_POINT('',(-0.0745643755237359,0.0508657137326973,0.094105465348199));
#4989=CARTESIAN_POINT('',(-0.0744557831485135,0.0508452925210772,0.0941066069530981));
#4990=CARTESIAN_POINT('',(-0.074385475442914,0.0508336234094811,0.0941073189809768));
#4991=CARTESIAN_POINT('',(-0.0743566111043459,0.0508289139278859,0.0941076098818503));
#4992=CARTESIAN_POINT('',(-0.0754222720397758,0.0531845159278036,0.0940587871966261));
#4993=CARTESIAN_POINT('',(-0.075214144583868,0.0530501877480417,0.0940626367414743));
#4994=CARTESIAN_POINT('',(-0.0749824701468739,0.0529006620389849,0.0940669218134823));
#4995=CARTESIAN_POINT('',(-0.0749735300725007,0.0528940890428383,0.0940671011857526));
#4996=CARTESIAN_POINT('',(-0.0749630945678818,0.0528866563655982,0.0940673063762967));
#4997=CARTESIAN_POINT('',(-0.0749509281936734,0.0528774797418077,0.0940675545225053));
#4998=CARTESIAN_POINT('',(-0.0749348002244043,0.0528648771478275,0.0940678911132277));
#4999=CARTESIAN_POINT('',(-0.0749156218005053,0.0528492334771324,0.0940683028422906));
#5000=CARTESIAN_POINT('',(-0.0748932625979912,0.052830249450268,0.0940687958759757));
#5001=CARTESIAN_POINT('',(-0.0748679265326439,0.0528078465853419,0.0940693701098514));
#5002=CARTESIAN_POINT('',(-0.0748397198658239,0.0527818833232553,0.0940700272465805));
#5003=CARTESIAN_POINT('',(-0.0748087831204151,0.0527522419595828,0.0940707683247169));
#5004=CARTESIAN_POINT('',(-0.0747752514908947,0.0527188027771902,0.0940715944564727));
#5005=CARTESIAN_POINT('',(-0.0747392664155566,0.052681451826102,0.0940725066082481));
#5006=CARTESIAN_POINT('',(-0.0747009720702337,0.052640078785179,0.0940735056633082));
#5007=CARTESIAN_POINT('',(-0.0746605162470341,0.0525945777065387,0.0940745924024349));
#5008=CARTESIAN_POINT('',(-0.0746180499609696,0.0525448469220435,0.0940757675084037));
#5009=CARTESIAN_POINT('',(-0.0745737274174379,0.052490789185843,0.0940770315637307));
#5010=CARTESIAN_POINT('',(-0.0745277058733629,0.0524323117453169,0.0940783850504379));
#5011=CARTESIAN_POINT('',(-0.0744801455250887,0.0523693264290502,0.0940798283493287));
#5012=CARTESIAN_POINT('',(-0.074431209387059,0.0523017497234634,0.0940813617395268));
#5013=CARTESIAN_POINT('',(-0.0743810631655687,0.0522295028588529,0.0940829853978878));
#5014=CARTESIAN_POINT('',(-0.0743298751500029,0.052152511849453,0.0940846993990857));
#5015=CARTESIAN_POINT('',(-0.0742778160243422,0.0520707076949902,0.0940865037134578));
#5016=CARTESIAN_POINT('',(-0.074225058978595,0.0519840259427745,0.0940883982138432));
#5017=CARTESIAN_POINT('',(-0.0741717786531161,0.0518924087036319,0.0940903826480262));
#5018=CARTESIAN_POINT('',(-0.0741181545749376,0.0517957971905253,0.0940924567441321));
#5019=CARTESIAN_POINT('',(-0.0740643572890236,0.051694160735217,0.0940946198044064));
#5020=CARTESIAN_POINT('',(-0.0740106010343003,0.0515873855008765,0.09409687226691));
#5021=CARTESIAN_POINT('',(-0.0739627541587916,0.0514878015379495,0.0940989564775574));
#5022=CARTESIAN_POINT('',(-0.0739332756975045,0.0514229242820665,0.0941003020648037));
#5023=CARTESIAN_POINT('',(-0.0739212519548907,0.0513962683531513,0.0941008542861475));
#5024=CARTESIAN_POINT('',(-0.0751070298193603,0.0529809570273874,0.0940646196472069));
#5025=CARTESIAN_POINT('',(-0.0748996646508279,0.0533015579156913,0.0940605227603602));
#5026=CARTESIAN_POINT('',(-0.0752272002710269,0.0534977437715874,0.0940547301244579));
#5027=CARTESIAN_POINT('',(-0.0844483531101991,0.0590209896432954,0.0938916492938476));
#5028=CARTESIAN_POINT('',(-0.0750528941435276,0.0537996347366332,0.0940507208006941));
#5029=CARTESIAN_POINT('',(-0.0747191671645504,0.0536141720566993,0.0940563710252983));
#5030=CARTESIAN_POINT('',(-0.0745451888565045,0.0539540422132735,0.0940516963934109));
#5031=CARTESIAN_POINT('',(-0.0748791538418638,0.0541251740633139,0.0940462945968035));
#5032=CARTESIAN_POINT('',(-0.0746587210731592,0.0540121581736516,0.0940498610994907));
#5033=CARTESIAN_POINT('',(-0.0744133491333449,0.0538863559699265,0.094053831106708));
#5034=CARTESIAN_POINT('',(-0.0744031850191924,0.0538819029597812,0.0940539823240773));
#5035=CARTESIAN_POINT('',(-0.0743915284268777,0.0538765851556564,0.0940541594276231));
#5036=CARTESIAN_POINT('',(-0.0743774957180087,0.0538706409458946,0.0940543646451061));
#5037=CARTESIAN_POINT('',(-0.0743585144270487,0.0538629801864396,0.0940546356047998));
#5038=CARTESIAN_POINT('',(-0.0743353735933731,0.0538541992447176,0.0940549561920084));
#5039=CARTESIAN_POINT('',(-0.0743077488244286,0.0538443349599644,0.0940553281091215));
#5040=CARTESIAN_POINT('',(-0.0742756741244998,0.053833603129936,0.0940557473434677));
#5041=CARTESIAN_POINT('',(-0.0742390800266318,0.0538221665496686,0.0940562115556732));
#5042=CARTESIAN_POINT('',(-0.0741979348597362,0.0538102057475372,0.0940567178235511));
#5043=CARTESIAN_POINT('',(-0.0741522025446616,0.0537978976452105,0.0940572633197421));
#5044=CARTESIAN_POINT('',(-0.0741018551199839,0.053785421685981,0.0940578451141782));
#5045=CARTESIAN_POINT('',(-0.0740468691364083,0.0537729578684605,0.0940584602344744));
#5046=CARTESIAN_POINT('',(-0.0739872267410023,0.053760687135089,0.0940591056513079));
#5047=CARTESIAN_POINT('',(-0.0739229153994732,0.0537487910783244,0.094059778285555));
#5048=CARTESIAN_POINT('',(-0.0738539280033658,0.0537374518412013,0.0940604750092512));
#5049=CARTESIAN_POINT('',(-0.0737802628620645,0.0537268519616292,0.0940611926483674));
#5050=CARTESIAN_POINT('',(-0.0737019237229253,0.0537171742313347,0.0940619279851263));
#5051=CARTESIAN_POINT('',(-0.0736189197769753,0.0537086015525003,0.0940626777604634));
#5052=CARTESIAN_POINT('',(-0.0735312656702967,0.053701316785429,0.0940634386766042));
#5053=CARTESIAN_POINT('',(-0.0734389814843337,0.0536955026343466,0.0940642073991998));
#5054=CARTESIAN_POINT('',(-0.0733420928161978,0.053691341383404,0.094064980561354));
#5055=CARTESIAN_POINT('',(-0.0732406304551078,0.0536890152121574,0.0940657547604566));
#5056=CARTESIAN_POINT('',(-0.0731346316005035,0.053688704273383,0.094066526582928));
#5057=CARTESIAN_POINT('',(-0.0730241351180267,0.0536905933997226,0.0940672925214531));
#5058=CARTESIAN_POINT('',(-0.0729091997359715,0.0536948455847616,0.0940680493063127));
#5059=CARTESIAN_POINT('',(-0.0727898339991842,0.0537017032452633,0.09406879264427));
#5060=CARTESIAN_POINT('',(-0.0726796522074424,0.0537100807653181,0.0940694430506986));
#5061=CARTESIAN_POINT('',(-0.0726087173132015,0.0537170043275205,0.0940698350727193));
#5062=CARTESIAN_POINT('',(-0.0725796165030976,0.0537199251694206,0.0940699944938013));
#5063=CARTESIAN_POINT('',(-0.0742187523262628,0.0557194064998498,0.0940232416501253));
#5064=CARTESIAN_POINT('',(-0.073982938765556,0.0556435203818949,0.0940262712482635));
#5065=CARTESIAN_POINT('',(-0.0737204458922634,0.055559048712474,0.0940296436069939));
#5066=CARTESIAN_POINT('',(-0.0737101087202892,0.0555550134699837,0.0940297887833523));
#5067=CARTESIAN_POINT('',(-0.0736981044948615,0.0555505348643946,0.0940299537519053));
#5068=CARTESIAN_POINT('',(-0.0736839768977248,0.0555448197182413,0.0940301556570789));
#5069=CARTESIAN_POINT('',(-0.0736651357459909,0.055536820657776,0.0940304315086786));
#5070=CARTESIAN_POINT('',(-0.0736425607938235,0.0555266736582328,0.0940307718493795));
#5071=CARTESIAN_POINT('',(-0.0736160486846651,0.0555141233737051,0.0940311826066317));
#5072=CARTESIAN_POINT('',(-0.0735857760775238,0.0554990412284402,0.0940316647474794));
#5073=CARTESIAN_POINT('',(-0.0735518089736477,0.0554812629924777,0.0940322206614011));
#5074=CARTESIAN_POINT('',(-0.0735142526443175,0.0554606386105075,0.0940328522065219));
#5075=CARTESIAN_POINT('',(-0.0734732066928006,0.0554370174620766,0.0940335612918123));
#5076=CARTESIAN_POINT('',(-0.0734287782464718,0.0554102528813769,0.0940343497028128));
#5077=CARTESIAN_POINT('',(-0.0733810780163844,0.0553802009992302,0.0940352191503367));
#5078=CARTESIAN_POINT('',(-0.0733302213387892,0.0553467212347145,0.094036171254359));
#5079=CARTESIAN_POINT('',(-0.0732763277709471,0.0553096763066404,0.0940372075467377));
#5080=CARTESIAN_POINT('',(-0.0732195210966159,0.0552689323796473,0.0940383294686247));
#5081=CARTESIAN_POINT('',(-0.0731599292102815,0.0552243591686611,0.0940395383694789));
#5082=CARTESIAN_POINT('',(-0.0730976840316402,0.0551758300528808,0.0940408355056952));
#5083=CARTESIAN_POINT('',(-0.0730329214082445,0.0551232221811909,0.0940422220394683));
#5084=CARTESIAN_POINT('',(-0.0729657810158236,0.0550664165879392,0.0940436990374924));
#5085=CARTESIAN_POINT('',(-0.0728964062635951,0.0550052982597774,0.094045267470479));
#5086=CARTESIAN_POINT('',(-0.0728249441643599,0.0549397563791214,0.0940469282098468));
#5087=CARTESIAN_POINT('',(-0.0727515453287869,0.0548696838723412,0.0940486820356493));
#5088=CARTESIAN_POINT('',(-0.0726763634674974,0.0547949796301321,0.0940505296014176));
#5089=CARTESIAN_POINT('',(-0.0725995567790261,0.0547155404113439,0.094052471565446));
#5090=CARTESIAN_POINT('',(-0.0725212820642023,0.0546312924590197,0.0940545080814797));
#5091=CARTESIAN_POINT('',(-0.0724417168020771,0.0545420703768242,0.0940566407533475));
#5092=CARTESIAN_POINT('',(-0.0723697212278311,0.0544582650276362,0.0940586241440515));
#5093=CARTESIAN_POINT('',(-0.0723244526695467,0.0544032291540375,0.0940599121129473));
#5094=CARTESIAN_POINT('',(-0.0723059383006262,0.0543805939553724,0.0940604410799167));
#5095=CARTESIAN_POINT('',(-0.0738615498596508,0.0556043707451109,0.0940278322850325));
#5096=CARTESIAN_POINT('',(-0.0737442318031016,0.0559677002361933,0.0940223384975539));
#5097=CARTESIAN_POINT('',(-0.0741114006583768,0.0560724330530464,0.0940178556442729));
#5098=CARTESIAN_POINT('',(-0.0844483531101992,0.0590209896432951,0.0938916492938476));
#5099=CARTESIAN_POINT('',(-0.0740211731674269,0.0564091355271786,0.0940126307684527));
#5100=CARTESIAN_POINT('',(-0.0736507994290181,0.0563163623921149,0.0940169280339908));
#5101=CARTESIAN_POINT('',(-0.0735707195766392,0.0566896638726462,0.094010990942139));
#5102=CARTESIAN_POINT('',(-0.0739376136595401,0.0567685333642156,0.094006961527444));
#5103=CARTESIAN_POINT('',(-0.0736954304002177,0.0567164170891406,0.0940096222703261));
#5104=CARTESIAN_POINT('',(-0.0734258471777247,0.0566584045187491,0.094012584042508));
#5105=CARTESIAN_POINT('',(-0.0734148763961368,0.0566567337210897,0.0940126925279254));
#5106=CARTESIAN_POINT('',(-0.0734022400892063,0.0566546138578706,0.0940128208940269));
#5107=CARTESIAN_POINT('',(-0.0733871464061602,0.0566525038603533,0.0940129668552874));
#5108=CARTESIAN_POINT('',(-0.0733668282664355,0.0566500164849136,0.0940131571777566));
#5109=CARTESIAN_POINT('',(-0.0733422022200387,0.0566475235661217,0.0940133787440958));
#5110=CARTESIAN_POINT('',(-0.0733129644531294,0.0566451446351217,0.0940136316644945));
#5111=CARTESIAN_POINT('',(-0.0732792036720527,0.0566430793296457,0.0940139118128512));
#5112=CARTESIAN_POINT('',(-0.0732408949143872,0.0566415028694095,0.0940142163111382));
#5113=CARTESIAN_POINT('',(-0.0731980543172545,0.0566405978215837,0.0940145418559172));
#5114=CARTESIAN_POINT('',(-0.0731506928261683,0.0566405444103927,0.094014885222183));
#5115=CARTESIAN_POINT('',(-0.0730988298807563,0.0566415231949228,0.0940152431176711));
#5116=CARTESIAN_POINT('',(-0.0730424894229215,0.0566437141029615,0.0940156122285841));
#5117=CARTESIAN_POINT('',(-0.0729817010447318,0.0566472965256716,0.0940159892096394));
#5118=CARTESIAN_POINT('',(-0.0729164996440986,0.0566524491056716,0.0940163706902584));
#5119=CARTESIAN_POINT('',(-0.0728469255025849,0.0566593496132457,0.094016753276164));
#5120=CARTESIAN_POINT('',(-0.0727730242373758,0.0566681747980219,0.0940171335523175));
#5121=CARTESIAN_POINT('',(-0.0726948467842124,0.0566791002475153,0.0940175080855108));
#5122=CARTESIAN_POINT('',(-0.0726124493657874,0.0566923002471815,0.0940178734270378));
#5123=CARTESIAN_POINT('',(-0.07252589346331,0.0567079476303313,0.0940182261155197));
#5124=CARTESIAN_POINT('',(-0.0724352457679224,0.0567262136729233,0.0940185626790931));
#5125=CARTESIAN_POINT('',(-0.0723405781899355,0.0567472678177896,0.0940188796401562));
#5126=CARTESIAN_POINT('',(-0.0722419676279456,0.056771278063088,0.0940191735102583));
#5127=CARTESIAN_POINT('',(-0.0721394966479212,0.0567984087904454,0.0940194408231));
#5128=CARTESIAN_POINT('',(-0.0720332506367035,0.0568288284705484,0.0940196780206104));
#5129=CARTESIAN_POINT('',(-0.0719233285145546,0.0568626793397043,0.0940198819047979));
#5130=CARTESIAN_POINT('',(-0.0718098012854343,0.0569001933353188,0.094020047913753));
#5131=CARTESIAN_POINT('',(-0.0717055387841963,0.0569367986729012,0.0940201627975878));
#5132=CARTESIAN_POINT('',(-0.071638810797131,0.0569618430795799,0.0940202080980976));
#5133=CARTESIAN_POINT('',(-0.0716114566876086,0.0569721951944265,0.0940202251751048));
#5134=CARTESIAN_POINT('',(-0.0716114566876086,0.0569721951944265,0.0940202251751048));
#5135=CARTESIAN_POINT('',(-0.0844483531101981,0.0590209896432948,0.0938916492938476));
#5136=CARTESIAN_POINT('',(-0.0715181101493447,0.0576811548551089,0.0940085249924069));
#5137=CARTESIAN_POINT('',(-0.0737123630009604,0.0584792945069977,0.093978728302011));
#5138=CARTESIAN_POINT('',(-0.0734649336399165,0.0584670219643808,0.0939807314913325));
#5139=CARTESIAN_POINT('',(-0.0731895107858502,0.0584533609392707,0.0939829613161111));
#5140=CARTESIAN_POINT('',(-0.0731784809774622,0.0584521384455439,0.0939830624030286));
#5141=CARTESIAN_POINT('',(-0.0731657260993507,0.0584509191211754,0.0939831759072562));
#5142=CARTESIAN_POINT('',(-0.0731506000516835,0.0584490549304249,0.0939833178118909));
#5143=CARTESIAN_POINT('',(-0.0731303297108391,0.0584462045262261,0.0939835141255371));
#5144=CARTESIAN_POINT('',(-0.0731058966760865,0.0584422456990849,0.0939837598842197));
#5145=CARTESIAN_POINT('',(-0.0730770384167097,0.0584369844380442,0.0939840603726112));
#5146=CARTESIAN_POINT('',(-0.0730438922959232,0.0584302508357159,0.0939844175633288));
#5147=CARTESIAN_POINT('',(-0.0730064795569868,0.0584218691832785,0.0939848343698281));
#5148=CARTESIAN_POINT('',(-0.0729648630455142,0.0584116673005584,0.0939853133431769));
#5149=CARTESIAN_POINT('',(-0.0729190999857652,0.0583994739283191,0.0939858570590113));
#5150=CARTESIAN_POINT('',(-0.0728692558936413,0.0583851196799519,0.0939864680003301));
#5151=CARTESIAN_POINT('',(-0.0728154004706417,0.0583684369426868,0.093987148588906));
#5152=CARTESIAN_POINT('',(-0.0727576087371843,0.0583492600829195,0.0939879011735081));
#5153=CARTESIAN_POINT('',(-0.0726959606451497,0.0583274255618951,0.0939887280306837));
#5154=CARTESIAN_POINT('',(-0.0726305411209972,0.0583027720754014,0.0939896313620081));
#5155=CARTESIAN_POINT('',(-0.0725614399809768,0.0582751406846231,0.0939906132924139));
#5156=CARTESIAN_POINT('',(-0.0724887518780278,0.0582443749483714,0.0939916758682662));
#5157=CARTESIAN_POINT('',(-0.0724125762350253,0.0582103210500956,0.093992821055629));
#5158=CARTESIAN_POINT('',(-0.0723330171784626,0.0581728279355071,0.0939940507383416));
#5159=CARTESIAN_POINT('',(-0.0722501834642886,0.0581317474016447,0.0939953667170009));
#5160=CARTESIAN_POINT('',(-0.072164188415445,0.0580869343656492,0.093996770704721));
#5161=CARTESIAN_POINT('',(-0.0720751497993933,0.0580382464298413,0.0939982643356106));
#5162=CARTESIAN_POINT('',(-0.071983189921896,0.0579855461552176,0.0939998491244102));
#5163=CARTESIAN_POINT('',(-0.0718884348720221,0.0579286928822288,0.094001526614722));
#5164=CARTESIAN_POINT('',(-0.0717910170207489,0.0578675747916132,0.0940032978013127));
#5165=CARTESIAN_POINT('',(-0.0716910649923476,0.0578019861990179,0.0940051653444814));
#5166=CARTESIAN_POINT('',(-0.0715998270987709,0.0577396706596212,0.0940069127504432));
#5167=CARTESIAN_POINT('',(-0.0715418534209266,0.0576982267721413,0.0940080553280367));
#5168=CARTESIAN_POINT('',(-0.0715181101493447,0.0576811548551089,0.0940085249924069));
#5169=CARTESIAN_POINT('',(-0.0733375430459465,0.0584606213945159,0.0939817642770618));
#5170=CARTESIAN_POINT('',(-0.0733182671330572,0.05884191918399,0.0939752479814891));
#5171=CARTESIAN_POINT('',(-0.0737000472726966,0.0588480615934107,0.0939723804098722));
#5172=CARTESIAN_POINT('',(-0.0844483531101992,0.0590209896432948,0.0938916492938476));
#5173=CARTESIAN_POINT('',(-0.0737000472726966,0.0591966298594443,0.0939662960486482));
#5174=CARTESIAN_POINT('',(-0.0733182671330572,0.0592028686050905,0.0939689475035754));
#5175=CARTESIAN_POINT('',(-0.0733375430459465,0.0595841615305906,0.0939621525547575));
#5176=CARTESIAN_POINT('',(-0.0737123630009604,0.0595653938381766,0.0939597701199274));
#5177=CARTESIAN_POINT('',(-0.0734649336399165,0.0595777288157089,0.0939613437777741));
#5178=CARTESIAN_POINT('',(-0.0731895107858502,0.0595914593394531,0.0939630954750408));
#5179=CARTESIAN_POINT('',(-0.0731784809774622,0.0595926846163788,0.0939631538354044));
#5180=CARTESIAN_POINT('',(-0.0731657260993507,0.0595939071592406,0.0939632247161239));
#5181=CARTESIAN_POINT('',(-0.0731506000516835,0.0595957751668118,0.0939633014741433));
#5182=CARTESIAN_POINT('',(-0.0731303297108391,0.0595986306859129,0.0939633981892263));
#5183=CARTESIAN_POINT('',(-0.0731058966760865,0.0596025956783469,0.0939635056353162));
#5184=CARTESIAN_POINT('',(-0.0730770384167097,0.0596078642213164,0.0939636223228932));
#5185=CARTESIAN_POINT('',(-0.0730438922959232,0.059614606187548,0.0939637442936129));
#5186=CARTESIAN_POINT('',(-0.0730064795569868,0.0596229972805029,0.0939638683269265));
#5187=CARTESIAN_POINT('',(-0.0729648630455142,0.0596332096644964,0.0939639909632678));
#5188=CARTESIAN_POINT('',(-0.0729190999857652,0.0596454145843255,0.0939641087997648));
#5189=CARTESIAN_POINT('',(-0.0728692558936413,0.0596597814100669,0.0939642184063189));
#5190=CARTESIAN_POINT('',(-0.0728154004706417,0.0596764777369027,0.0939643163535499));
#5191=CARTESIAN_POINT('',(-0.0727576087371843,0.0596956691795068,0.0939643992081911));
#5192=CARTESIAN_POINT('',(-0.0726959606451497,0.0597175192564595,0.0939644635379082));
#5193=CARTESIAN_POINT('',(-0.0726305411209972,0.0597421892505432,0.093964505913426));
#5194=CARTESIAN_POINT('',(-0.0725614399809768,0.0597698380779096,0.0939645229114254));
#5195=CARTESIAN_POINT('',(-0.0724887518780278,0.0598006221558631,0.0939645111172349));
#5196=CARTESIAN_POINT('',(-0.0724125762350253,0.0598346952758667,0.0939644671275305));
#5197=CARTESIAN_POINT('',(-0.0723330171784626,0.0598722084659343,0.0939643875532164));
#5198=CARTESIAN_POINT('',(-0.0722501834642886,0.0599133099015843,0.0939642690215162));
#5199=CARTESIAN_POINT('',(-0.072164188415445,0.0599581446370805,0.0939641081811156));
#5200=CARTESIAN_POINT('',(-0.0720751497993933,0.0600068550403856,0.0939639016954554));
#5201=CARTESIAN_POINT('',(-0.071983189921896,0.0600595785196409,0.093963646281739));
#5202=CARTESIAN_POINT('',(-0.0718884348720221,0.0601164557025792,0.0939633385736163));
#5203=CARTESIAN_POINT('',(-0.0717910170207489,0.0601775983750604,0.0939629756627613));
#5204=CARTESIAN_POINT('',(-0.0716910649923476,0.0602432121889812,0.0939625530294782));
#5205=CARTESIAN_POINT('',(-0.0715998270987709,0.0603055507508282,0.0939621245615757));
#5206=CARTESIAN_POINT('',(-0.0715418534209266,0.0603470092670557,0.0939618200534197));
#5207=CARTESIAN_POINT('',(-0.0715181101493447,0.06036408717533,0.0939616936225824));
#5208=CARTESIAN_POINT('',(-0.07393761365954,0.0612760981424907,0.0939282806633951));
#5209=CARTESIAN_POINT('',(-0.0736954304002177,0.0613282755287097,0.0939291209298583));
#5210=CARTESIAN_POINT('',(-0.0734258471777247,0.0613863561241958,0.0939300562618112));
#5211=CARTESIAN_POINT('',(-0.0734148763961368,0.0613880296901597,0.0939301063703816));
#5212=CARTESIAN_POINT('',(-0.0734022400892063,0.0613901527419525,0.0939301606751582));
#5213=CARTESIAN_POINT('',(-0.0733871464061602,0.0613922665481238,0.0939302329086877));
#5214=CARTESIAN_POINT('',(-0.0733668282664355,0.0613947590505271,0.0939303363059299));
#5215=CARTESIAN_POINT('',(-0.0733422022200386,0.0613972581833154,0.093930470734546));
#5216=CARTESIAN_POINT('',(-0.0733129644531294,0.0613996444920069,0.0939306404762895));
#5217=CARTESIAN_POINT('',(-0.0732792036720527,0.0614017183164861,0.0939308483749199));
#5218=CARTESIAN_POINT('',(-0.0732408949143872,0.061403304443336,0.0939310976693227));
#5219=CARTESIAN_POINT('',(-0.0731980543172545,0.0614042203013139,0.0939313914296572));
#5220=CARTESIAN_POINT('',(-0.0731506928261683,0.0614042856634338,0.0939317327227001));
#5221=CARTESIAN_POINT('',(-0.0730988298807563,0.0614033199657039,0.0939321245596959));
#5222=CARTESIAN_POINT('',(-0.0730424894229215,0.0614011432742954,0.093932569908337));
#5223=CARTESIAN_POINT('',(-0.0729817010447318,0.0613975761905784,0.0939330716861221));
#5224=CARTESIAN_POINT('',(-0.0729164996440986,0.0613924400631284,0.0939336327591444));
#5225=CARTESIAN_POINT('',(-0.0728469255025849,0.0613855571114968,0.0939342559393694));
#5226=CARTESIAN_POINT('',(-0.0727730242373758,0.0613767505745448,0.0939349439823923));
#5227=CARTESIAN_POINT('',(-0.0726948467842124,0.0613658448519046,0.0939356995850923));
#5228=CARTESIAN_POINT('',(-0.0726124493657874,0.0613526656439336,0.0939365253834184));
#5229=CARTESIAN_POINT('',(-0.07252589346331,0.0613370401018072,0.0939374239499749));
#5230=CARTESIAN_POINT('',(-0.0724352457679224,0.0613187969327382,0.0939383977925361));
#5231=CARTESIAN_POINT('',(-0.0723405781899355,0.0612977666757492,0.0939394493491655));
#5232=CARTESIAN_POINT('',(-0.0722419676279456,0.0612737813132783,0.0939405809966653));
#5233=CARTESIAN_POINT('',(-0.0721394966479212,0.0612466764428643,0.0939417950077587));
#5234=CARTESIAN_POINT('',(-0.0720332506367035,0.0612162835722745,0.0939430937061612));
#5235=CARTESIAN_POINT('',(-0.0719233285145546,0.0611824604402407,0.0939444788598699));
#5236=CARTESIAN_POINT('',(-0.0718098012854343,0.0611449750914405,0.0939459540043587));
#5237=CARTESIAN_POINT('',(-0.0717055387841963,0.0611083960628637,0.0939473463427498));
#5238=CARTESIAN_POINT('',(-0.071638810797131,0.0610833684939452,0.0939482656642662));
#5239=CARTESIAN_POINT('',(-0.0716114566876086,0.0610730232814786,0.0939486440191866));
#5240=CARTESIAN_POINT('',(-0.0735707195766391,0.0613550602140229,0.0939295550819071));
#5241=CARTESIAN_POINT('',(-0.0736507994290181,0.0617283414876605,0.0939224603530149));
#5242=CARTESIAN_POINT('',(-0.0740211731674269,0.0616354748945975,0.093921403483329));
#5243=CARTESIAN_POINT('',(-0.0844483531101992,0.0590209896432945,0.0938916492938476));
#5244=CARTESIAN_POINT('',(-0.0741114006583768,0.0619721546012386,0.0939148742758637));
#5245=CARTESIAN_POINT('',(-0.0737442318031016,0.0620769800673889,0.0939156992279084));
#5246=CARTESIAN_POINT('',(-0.0738615498596508,0.0624402799551013,0.0939085094866571));
#5247=CARTESIAN_POINT('',(-0.0742187523262628,0.0623251540659268,0.0939079363906884));
#5248=CARTESIAN_POINT('',(-0.073982938765556,0.0624010996877323,0.093908315721318));
#5249=CARTESIAN_POINT('',(-0.0737204458922634,0.0624856375931095,0.0939087379683958));
#5250=CARTESIAN_POINT('',(-0.0737101087202892,0.0624896754440229,0.0939087422265432));
#5251=CARTESIAN_POINT('',(-0.0736981044948615,0.0624941570786898,0.0939087507914769));
#5252=CARTESIAN_POINT('',(-0.0736839768977248,0.0624998757897205,0.0939087531153229));
#5253=CARTESIAN_POINT('',(-0.0736651357459909,0.0625078796044548,0.0939087496320466));
#5254=CARTESIAN_POINT('',(-0.0736425607938235,0.0625180323004328,0.0939087356356138));
#5255=CARTESIAN_POINT('',(-0.0736160486846651,0.0625305892748751,0.0939087081383036));
#5256=CARTESIAN_POINT('',(-0.0735857760775238,0.0625456790589572,0.0939086636192833));
#5257=CARTESIAN_POINT('',(-0.0735518089736477,0.0625634658659852,0.0939085987349581));
#5258=CARTESIAN_POINT('',(-0.0735142526443174,0.0625840997247056,0.0939085101053977));
#5259=CARTESIAN_POINT('',(-0.0734732066928006,0.062607731230438,0.0939083943817634));
#5260=CARTESIAN_POINT('',(-0.0734287782464718,0.0626345070219588,0.0939082482298779));
#5261=CARTESIAN_POINT('',(-0.0733810780163844,0.0626645709405098,0.0939080683384851));
#5262=CARTESIAN_POINT('',(-0.0733302213387892,0.0626980635379098,0.0939078514203053));
#5263=CARTESIAN_POINT('',(-0.0732763277709471,0.0627351220651798,0.0939075942151565));
#5264=CARTESIAN_POINT('',(-0.0732195210966159,0.0627758803264455,0.093907293492465));
#5265=CARTESIAN_POINT('',(-0.0731599292102814,0.0628204685745089,0.0939069460539247));
#5266=CARTESIAN_POINT('',(-0.0730976840316402,0.062869013396883,0.0939065487361051));
#5267=CARTESIAN_POINT('',(-0.0730329214082445,0.0629216376104043,0.0939060984129949));
#5268=CARTESIAN_POINT('',(-0.0729657810158236,0.0629784601454801,0.0939055919987427));
#5269=CARTESIAN_POINT('',(-0.0728964062635951,0.0630395959792717,0.0939050264495085));
#5270=CARTESIAN_POINT('',(-0.0728249441643599,0.0631051558922667,0.0939043987686516));
#5271=CARTESIAN_POINT('',(-0.0727515453287869,0.063175246920091,0.0939037059988857));
#5272=CARTESIAN_POINT('',(-0.0726763634674974,0.0632499701332627,0.0939029452646338));
#5273=CARTESIAN_POINT('',(-0.072599556779026,0.0633294287330131,0.0939021136206781));
#5274=CARTESIAN_POINT('',(-0.0725212820642023,0.0634136964367329,0.0939012086465557));
#5275=CARTESIAN_POINT('',(-0.0724417168020771,0.0635029385959734,0.0939002261727941));
#5276=CARTESIAN_POINT('',(-0.0723697212278311,0.0635867621121144,0.0938992835525338));
#5277=CARTESIAN_POINT('',(-0.0723244526695467,0.0636418094085234,0.0938986499874397));
#5278=CARTESIAN_POINT('',(-0.0723059383006262,0.0636644492789988,0.0938983886648103));
#5279=CARTESIAN_POINT('',(-0.0748791538418638,0.0639192198605064,0.0938753366574808));
#5280=CARTESIAN_POINT('',(-0.0746587210731592,0.0640322913729178,0.0938749567383147));
#5281=CARTESIAN_POINT('',(-0.0744133491333449,0.0641581554924004,0.0938745338361151));
#5282=CARTESIAN_POINT('',(-0.0744031850191923,0.0641626110673003,0.093874529551522));
#5283=CARTESIAN_POINT('',(-0.0743915284268778,0.0641679318127833,0.0938745209560669));
#5284=CARTESIAN_POINT('',(-0.0743774957180087,0.064173879563479,0.0938745185958955));
#5285=CARTESIAN_POINT('',(-0.0743585144270487,0.0641815451125647,0.0938745220303825));
#5286=CARTESIAN_POINT('',(-0.0743353735933731,0.0641903318935128,0.0938745359678441));
#5287=CARTESIAN_POINT('',(-0.0743077488244286,0.0642002031489429,0.0938745633953203));
#5288=CARTESIAN_POINT('',(-0.0742756741244997,0.0642109430725184,0.0938746078339155));
#5289=CARTESIAN_POINT('',(-0.0742390800266318,0.064222388886732,0.0938746726272201));
#5290=CARTESIAN_POINT('',(-0.0741979348597362,0.0642343600712004,0.0938747611552592));
#5291=CARTESIAN_POINT('',(-0.0741522025446616,0.064246679713359,0.0938748767669536));
#5292=CARTESIAN_POINT('',(-0.0741018551199839,0.0642591683769708,0.0938750227965826));
#5293=CARTESIAN_POINT('',(-0.0740468691364083,0.0642716460693412,0.0938752025555151));
#5294=CARTESIAN_POINT('',(-0.0739872267410023,0.0642839318525349,0.0938754193311562));
#5295=CARTESIAN_POINT('',(-0.0739229153994732,0.0642958441372571,0.0938756763838262));
#5296=CARTESIAN_POINT('',(-0.0738539280033658,0.0643072007822668,0.0938759769442492));
#5297=CARTESIAN_POINT('',(-0.0737802628620645,0.0643178192500809,0.0938763242108942));
#5298=CARTESIAN_POINT('',(-0.0737019237229253,0.0643275167480275,0.0938767213473666));
#5299=CARTESIAN_POINT('',(-0.0736189197769753,0.0643361103716048,0.0938771714798649));
#5300=CARTESIAN_POINT('',(-0.0735312656702967,0.064343417256814,0.0938776776944394));
#5301=CARTESIAN_POINT('',(-0.0734389814843337,0.0643492546943623,0.0938782430351412));
#5302=CARTESIAN_POINT('',(-0.0733420928161978,0.0643534403936394,0.0938788704988334));
#5303=CARTESIAN_POINT('',(-0.0732406304551078,0.0643557921673202,0.0938795630430365));
#5304=CARTESIAN_POINT('',(-0.0731346316005035,0.0643561298532417,0.0938803235435738));
#5305=CARTESIAN_POINT('',(-0.0730241351180267,0.064354268608955,0.0938811549459171));
#5306=CARTESIAN_POINT('',(-0.0729091997359715,0.0643500454260556,0.0938820596708076));
#5307=CARTESIAN_POINT('',(-0.0727898339991842,0.0643432178856239,0.0938830418879575));
#5308=CARTESIAN_POINT('',(-0.0726796522074424,0.0643348681682148,0.0938839842732175));
#5309=CARTESIAN_POINT('',(-0.0726087173132015,0.0643279625053195,0.0938846176884146));
#5310=CARTESIAN_POINT('',(-0.0725796165030976,0.0643250490065521,0.0938848789496226));
#5311=CARTESIAN_POINT('',(-0.0745451888565044,0.0640904359813687,0.0938747626699384));
#5312=CARTESIAN_POINT('',(-0.0747191671645504,0.0644302622372478,0.0938675730017761));
#5313=CARTESIAN_POINT('',(-0.0750528941435276,0.0642447153465491,0.0938683988579436));
#5314=CARTESIAN_POINT('',(-0.0844483531101991,0.0590209896432943,0.0938916492938476));
#5315=CARTESIAN_POINT('',(-0.0752272002710269,0.0645465623281797,0.093861869758936));
#5316=CARTESIAN_POINT('',(-0.0748996646508279,0.0647428308325483,0.0938608119889796));
#5317=CARTESIAN_POINT('',(-0.0751070298193604,0.0650633793955069,0.0938537174242795));
#5318=CARTESIAN_POINT('',(-0.0754222720397758,0.0648597409486646,0.0938549927227154));
#5319=CARTESIAN_POINT('',(-0.075214144583868,0.0649941216461231,0.0938541518753725));
#5320=CARTESIAN_POINT('',(-0.0749824701468739,0.0651437058145876,0.0938532158968206));
#5321=CARTESIAN_POINT('',(-0.0749735300725006,0.0651502810666216,0.0938531657625662));
#5322=CARTESIAN_POINT('',(-0.0749630945678818,0.0651577163770975,0.093853111428028));
#5323=CARTESIAN_POINT('',(-0.0749509281936734,0.0651668960708816,0.0938530391593343));
#5324=CARTESIAN_POINT('',(-0.0749348002244043,0.0651795027345016,0.0938529357150783));
#5325=CARTESIAN_POINT('',(-0.0749156218005053,0.0651951512445709,0.0938528012299565));
#5326=CARTESIAN_POINT('',(-0.0748932625979912,0.0652141409134292,0.0938526314216553));
#5327=CARTESIAN_POINT('',(-0.0748679265326439,0.0652365501715136,0.0938524234467927));
#5328=CARTESIAN_POINT('',(-0.0748397198658239,0.0652625205511099,0.0938521740665882));
#5329=CARTESIAN_POINT('',(-0.0748087831204151,0.0652921697211845,0.0938518802110843));
#5330=CARTESIAN_POINT('',(-0.0747752514908947,0.0653256173647575,0.0938515388136931));
#5331=CARTESIAN_POINT('',(-0.0747392664155566,0.0653629773961146,0.0938511468633775));
#5332=CARTESIAN_POINT('',(-0.0747009720702337,0.0654043601000145,0.0938507013926619));
#5333=CARTESIAN_POINT('',(-0.0746605162470341,0.0654498713870468,0.0938501994842765));
#5334=CARTESIAN_POINT('',(-0.0746180499609696,0.0654996128872427,0.0938496382723679));
#5335=CARTESIAN_POINT('',(-0.0745737274174379,0.0655536818075414,0.0938490149452215));
#5336=CARTESIAN_POINT('',(-0.0745277058733629,0.0656121708608817,0.0938483267475038));
#5337=CARTESIAN_POINT('',(-0.0744801455250887,0.0656751681782557,0.0938475709826079));
#5338=CARTESIAN_POINT('',(-0.0744312093870591,0.0657427572321089,0.0938467450148677));
#5339=CARTESIAN_POINT('',(-0.0743810631655687,0.0658150167503312,0.0938458462719718));
#5340=CARTESIAN_POINT('',(-0.0743298751500029,0.0658920206762234,0.0938448722464492));
#5341=CARTESIAN_POINT('',(-0.0742778160243422,0.0659738379669893,0.0938438205005492));
#5342=CARTESIAN_POINT('',(-0.074225058978595,0.0660605330316175,0.0938426886577922));
#5343=CARTESIAN_POINT('',(-0.0741717786531161,0.0661521637152139,0.093841474445787));
#5344=CARTESIAN_POINT('',(-0.0741181545749376,0.0662487887595149,0.0938401755411596));
#5345=CARTESIAN_POINT('',(-0.0740643572890236,0.0663504387897238,0.0938387901762605));
#5346=CARTESIAN_POINT('',(-0.0740106010343003,0.0664572275886114,0.0938373148159838));
#5347=CARTESIAN_POINT('',(-0.0739627541587916,0.0665568236249464,0.0938359222813787));
#5348=CARTESIAN_POINT('',(-0.0739332756975045,0.0666217083192564,0.0938350028357605));
#5349=CARTESIAN_POINT('',(-0.0739212519548907,0.0666483672821743,0.0938346244300445));
#5350=CARTESIAN_POINT('',(-0.0764728191404751,0.0662285352839274,0.0938235043307769));
#5351=CARTESIAN_POINT('',(-0.076289158991293,0.0663947952858198,0.0938219301168449));
#5352=CARTESIAN_POINT('',(-0.0760847200263596,0.0665798654975565,0.0938201778005789));
#5353=CARTESIAN_POINT('',(-0.0760760552472247,0.0665867994413261,0.0938201194148102));
#5354=CARTESIAN_POINT('',(-0.0760661727470289,0.0665949552804875,0.0938200485048895));
#5355=CARTESIAN_POINT('',(-0.0760541573182563,0.0666043316463268,0.0938199717118589));
#5356=CARTESIAN_POINT('',(-0.0760378064196717,0.0666166478475927,0.0938198749495362));
#5357=CARTESIAN_POINT('',(-0.0760177278082903,0.0666311234720999,0.0938197674460283));
#5358=CARTESIAN_POINT('',(-0.075993598619662,0.0666478069645239,0.0938196506901));
#5359=CARTESIAN_POINT('',(-0.0759653958386752,0.0666664810791527,0.0938195286402431));
#5360=CARTESIAN_POINT('',(-0.0759330102278999,0.0666870065674065,0.0938194045168929));
#5361=CARTESIAN_POINT('',(-0.0758963644663697,0.066709217261927,0.0938192817795969));
#5362=CARTESIAN_POINT('',(-0.0758553779090029,0.0667329516208704,0.093819163831197));
#5363=CARTESIAN_POINT('',(-0.0758099770988481,0.0667580435640372,0.0938190541017814));
#5364=CARTESIAN_POINT('',(-0.0757600927934438,0.0667843253060719,0.093818956020731));
#5365=CARTESIAN_POINT('',(-0.0757056609115048,0.066811626700355,0.0938188730213266));
#5366=CARTESIAN_POINT('',(-0.0756466223407255,0.0668397755947315,0.0938188085359294));
#5367=CARTESIAN_POINT('',(-0.0755829230670621,0.0668685978997927,0.0938187659938543));
#5368=CARTESIAN_POINT('',(-0.0755145142073107,0.0668979177413393,0.0938187488184735));
#5369=CARTESIAN_POINT('',(-0.0754413520650666,0.0669275575914135,0.093818760424524));
#5370=CARTESIAN_POINT('',(-0.0753633981733376,0.066957338405294,0.0938188042154086));
#5371=CARTESIAN_POINT('',(-0.0752806193449727,0.066987079765687,0.0938188835803144));
#5372=CARTESIAN_POINT('',(-0.0751929876832008,0.0670165999981304,0.0938190018921222));
#5373=CARTESIAN_POINT('',(-0.0751004807275333,0.0670457164051851,0.0938191625022636));
#5374=CARTESIAN_POINT('',(-0.0750030810595769,0.0670742450455278,0.093819368747427));
#5375=CARTESIAN_POINT('',(-0.0749007779771627,0.0671020022750473,0.0938196239105534));
#5376=CARTESIAN_POINT('',(-0.0747935611761035,0.067128799497786,0.0938199313581418));
#5377=CARTESIAN_POINT('',(-0.0746814451904894,0.0671544640669565,0.0938202939987079));
#5378=CARTESIAN_POINT('',(-0.0745643755237359,0.0671787596204907,0.0938207163520432));
#5379=CARTESIAN_POINT('',(-0.0744557831485135,0.0671992082336921,0.093821144562174));
#5380=CARTESIAN_POINT('',(-0.074385475442914,0.0672108950863341,0.093821448904853));
#5381=CARTESIAN_POINT('',(-0.0743566111043459,0.0672156118513921,0.093821575267829));
#5382=CARTESIAN_POINT('',(-0.0761945424145063,0.0664803373584311,0.0938211210534827));
#5383=CARTESIAN_POINT('',(-0.0764505628440385,0.0667635499988029,0.0938143264100541));
#5384=CARTESIAN_POINT('',(-0.0767249001214767,0.0664979675244389,0.093816978711342));
#5385=CARTESIAN_POINT('',(-0.0844483531101989,0.059020989643294,0.0938916492938476));
#5386=CARTESIAN_POINT('',(-0.0769714062109911,0.0667444114080865,0.0938108946680994));
#5387=CARTESIAN_POINT('',(-0.0767058248371064,0.0670187475764497,0.0938080262614164));
#5388=CARTESIAN_POINT('',(-0.0769891055240739,0.0672746999598203,0.0938015103561276));
#5389=CARTESIAN_POINT('',(-0.0772409042619339,0.0669964265789341,0.0938045471394872));
#5390=CARTESIAN_POINT('',(-0.0770746464529983,0.0671800845295886,0.0938025434165285));
#5391=CARTESIAN_POINT('',(-0.0768895786823237,0.0673845210472589,0.0938003129977387));
#5392=CARTESIAN_POINT('',(-0.0768826449568458,0.0673931856078537,0.0938002118876489));
#5393=CARTESIAN_POINT('',(-0.07687448933543,0.0674030678900169,0.0938000983564478));
#5394=CARTESIAN_POINT('',(-0.0768651133024465,0.0674150829855931,0.0937999564202066));
#5395=CARTESIAN_POINT('',(-0.076852797610095,0.0674314333748069,0.0937997600645259));
#5396=CARTESIAN_POINT('',(-0.0768383226923593,0.0674515112788666,0.0937995142556539));
#5397=CARTESIAN_POINT('',(-0.0768216401391905,0.06747563952759,0.0937992137085169));
#5398=CARTESIAN_POINT('',(-0.0768029672266209,0.0675038411057714,0.0937988564509551));
#5399=CARTESIAN_POINT('',(-0.076782443234587,0.0675362252194845,0.0937984395697202));
#5400=CARTESIAN_POINT('',(-0.0767602343611739,0.0675728691589702,0.0937979605140397));
#5401=CARTESIAN_POINT('',(-0.076736502178788,0.0676138535387492,0.0937974167085596));
#5402=CARTESIAN_POINT('',(-0.076711412797857,0.067659251785546,0.0937968056705802));
#5403=CARTESIAN_POINT('',(-0.0766851340336478,0.0677091331119122,0.0937961249786349));
#5404=CARTESIAN_POINT('',(-0.0766578360623384,0.0677635615695764,0.0937953722842711));
#5405=CARTESIAN_POINT('',(-0.076629691065268,0.0678225962416617,0.0937945453112666));
#5406=CARTESIAN_POINT('',(-0.076600873160631,0.067886291113428,0.0937936418583803));
#5407=CARTESIAN_POINT('',(-0.07657155825099,0.067954695039718,0.0937926598010224));
#5408=CARTESIAN_POINT('',(-0.0765419238922205,0.0680278516890209,0.0937915970931789));
#5409=CARTESIAN_POINT('',(-0.0765121491564928,0.0681057995008819,0.0937904517691451));
#5410=CARTESIAN_POINT('',(-0.076482414488057,0.0681885716354984,0.0937892219454487));
#5411=CARTESIAN_POINT('',(-0.0764529015878224,0.0682761959631966,0.0937879058218675));
#5412=CARTESIAN_POINT('',(-0.0764237931791184,0.0683686949185773,0.0937865016856693));
#5413=CARTESIAN_POINT('',(-0.0763952732286794,0.0684660858946253,0.0937850079031347));
#5414=CARTESIAN_POINT('',(-0.0763675254051428,0.0685683795689862,0.0937834229599177));
#5415=CARTESIAN_POINT('',(-0.076340738329567,0.0686755862207491,0.0937817453128223));
#5416=CARTESIAN_POINT('',(-0.0763150846686933,0.068787691295873,0.0937799739674751));
#5417=CARTESIAN_POINT('',(-0.0762908008212951,0.0689047492542403,0.0937781062640479));
#5418=CARTESIAN_POINT('',(-0.0762703633300189,0.0690133305054832,0.09377635871403));
#5419=CARTESIAN_POINT('',(-0.0762586838741503,0.0690836308130041,0.0937752160465873));
#5420=CARTESIAN_POINT('',(-0.0762539701560323,0.0691124921040977,0.0937747463455089));
#5421=CARTESIAN_POINT('',(-0.0786100038989298,0.0680466683829716,0.0937763159706915));
#5422=CARTESIAN_POINT('',(-0.0784756325049243,0.0682547865299737,0.0937736547420715));
#5423=CARTESIAN_POINT('',(-0.0783260586924806,0.0684864506048776,0.0937706924291967));
#5424=CARTESIAN_POINT('',(-0.0783194837387424,0.068495390380708,0.0937705839211461));
#5425=CARTESIAN_POINT('',(-0.0783120488067219,0.068505825506587,0.0937704555291536));
#5426=CARTESIAN_POINT('',(-0.0783028694896602,0.0685179915037331,0.0937703095365821));
#5427=CARTESIAN_POINT('',(-0.0782902632701685,0.0685341190284164,0.093770119171642));
#5428=CARTESIAN_POINT('',(-0.0782746152052654,0.0685532970065948,0.093769897553351));
#5429=CARTESIAN_POINT('',(-0.078255625961283,0.0685756557835748,0.0937696445707418));
#5430=CARTESIAN_POINT('',(-0.0782332170721553,0.0686009914792052,0.0937693643499288));
#5431=CARTESIAN_POINT('',(-0.0782072469743271,0.0686291978633946,0.0937690597687251));
#5432=CARTESIAN_POINT('',(-0.0781775979662506,0.0686601344458408,0.0937687341304379));
#5433=CARTESIAN_POINT('',(-0.0781441503327427,0.0686936660642298,0.0937683906599321));
#5434=CARTESIAN_POINT('',(-0.0781067901272945,0.0687296513124913,0.0937680326493503));
#5435=CARTESIAN_POINT('',(-0.0780654070330371,0.0687679460469032,0.0937676634123785));
#5436=CARTESIAN_POINT('',(-0.0780198951073662,0.0688084025073728,0.0937672862942008));
#5437=CARTESIAN_POINT('',(-0.0779701526883694,0.0688508697107702,0.0937669046653097));
#5438=CARTESIAN_POINT('',(-0.0779160825373821,0.0688951934834241,0.0937665219199087));
#5439=CARTESIAN_POINT('',(-0.0778575919099219,0.0689412165999552,0.0937661414729758));
#5440=CARTESIAN_POINT('',(-0.0777945926436606,0.0689887788953565,0.0937657667576712));
#5441=CARTESIAN_POINT('',(-0.077727001235049,0.0690377173862894,0.0937654012226657));
#5442=CARTESIAN_POINT('',(-0.0776547389253524,0.0690878663973053,0.0937650483293156));
#5443=CARTESIAN_POINT('',(-0.0775777317407033,0.0691390576695873,0.0937647115494753));
#5444=CARTESIAN_POINT('',(-0.0774959106936578,0.069191120549396,0.0937643943607501));
#5445=CARTESIAN_POINT('',(-0.0774092113452458,0.069243881876707,0.0937641002516068));
#5446=CARTESIAN_POINT('',(-0.0773175758210243,0.0692971670405037,0.0937638326883769));
#5447=CARTESIAN_POINT('',(-0.0772209453491908,0.0693507965438227,0.0937635952291653));
#5448=CARTESIAN_POINT('',(-0.077119289279157,0.0694045998670868,0.0937633910720518));
#5449=CARTESIAN_POINT('',(-0.0770124937867597,0.0694583628127638,0.0937632247788907));
#5450=CARTESIAN_POINT('',(-0.0769128912189707,0.069506216217379,0.0937631096320795));
#5451=CARTESIAN_POINT('',(-0.0768480020559603,0.0695356991458643,0.0937630641617898));
#5452=CARTESIAN_POINT('',(-0.0768213412459008,0.0695477247350037,0.0937630470151058));
#5453=CARTESIAN_POINT('',(-0.0784063795313524,0.0683618965158618,0.0937722858200544));
#5454=CARTESIAN_POINT('',(-0.0787269947131921,0.068569195067316,0.0937663492450804));
#5455=CARTESIAN_POINT('',(-0.0789232466569976,0.0682416760160189,0.0937706472415392));
#5456=CARTESIAN_POINT('',(-0.0844483531101987,0.0590209896432939,0.0938916492938476));
#5457=CARTESIAN_POINT('',(-0.0792251537258971,0.0684159220582807,0.0937654228715542));
#5458=CARTESIAN_POINT('',(-0.0790396255300632,0.0687496303341265,0.0937609393053198));
#5459=CARTESIAN_POINT('',(-0.0793795166247922,0.0689235438059638,0.0937554461076197));
#5460=CARTESIAN_POINT('',(-0.0795507122122287,0.0685895993620726,0.0937600374241356));
#5461=CARTESIAN_POINT('',(-0.0794376542451903,0.068810018580095,0.0937570073759695));
#5462=CARTESIAN_POINT('',(-0.0793118052035678,0.0690553754361392,0.0937536345162962));
#5463=CARTESIAN_POINT('',(-0.0793073503489179,0.069065538829809,0.0937534893208567));
#5464=CARTESIAN_POINT('',(-0.0793020304028269,0.0690771946224614,0.0937533243299564));
#5465=CARTESIAN_POINT('',(-0.0792960836722214,0.0690912263109222,0.0937531223988878));
#5466=CARTESIAN_POINT('',(-0.0792884195508687,0.069110206173725,0.0937528465130976));
#5467=CARTESIAN_POINT('',(-0.0792796345810192,0.0691333451957938,0.0937525061319439));
#5468=CARTESIAN_POINT('',(-0.0792697655656248,0.0691609677241056,0.0937520953277617));
#5469=CARTESIAN_POINT('',(-0.079259028333966,0.0691930397314362,0.0937516131340133));
#5470=CARTESIAN_POINT('',(-0.0792475856928579,0.069229630655434,0.0937510571615151));
#5471=CARTESIAN_POINT('',(-0.0792356181894617,0.0692707721404118,0.0937504255525109));
#5472=CARTESIAN_POINT('',(-0.0792233027632207,0.0693165002386447,0.0937497163983867));
#5473=CARTESIAN_POINT('',(-0.0792108188765449,0.0693668428853861,0.093748927913972));
#5474=CARTESIAN_POINT('',(-0.0791983465478027,0.0694218235042596,0.0937480583888283));
#5475=CARTESIAN_POINT('',(-0.0791860667400162,0.0694814599231133,0.0937471062033629));
#5476=CARTESIAN_POINT('',(-0.0791741610669784,0.0695457646517446,0.0937460698261063));
#5477=CARTESIAN_POINT('',(-0.0791628116938132,0.0696147447747285,0.0937449478163012));
#5478=CARTESIAN_POINT('',(-0.0791522011812531,0.0696884019594342,0.0937437388248892));
#5479=CARTESIAN_POINT('',(-0.0791425123445654,0.0697667324359131,0.0937424415958813));
#5480=CARTESIAN_POINT('',(-0.0791339281101744,0.0698497269912186,0.0937410549674942));
#5481=CARTESIAN_POINT('',(-0.0791266313633083,0.0699373709580425,0.0937395778734497));
#5482=CARTESIAN_POINT('',(-0.0791208048337835,0.0700296442344201,0.093738009343457));
#5483=CARTESIAN_POINT('',(-0.0791166308319853,0.0701265212034681,0.0937363485065221));
#5484=CARTESIAN_POINT('',(-0.0791142915643456,0.0702279710568645,0.093734594583021));
#5485=CARTESIAN_POINT('',(-0.0791139672110698,0.0703339565771304,0.0937327469198532));
#5486=CARTESIAN_POINT('',(-0.0791158426330294,0.070444438880205,0.093730804859167));
#5487=CARTESIAN_POINT('',(-0.0791200808517901,0.0705593592246366,0.0937287682476297));
#5488=CARTESIAN_POINT('',(-0.0791269243157861,0.0706787090360683,0.0937266354819542));
#5489=CARTESIAN_POINT('',(-0.0791352889899983,0.0707888758693859,0.0937246520091693));
#5490=CARTESIAN_POINT('',(-0.0791422044751644,0.070859800940337,0.0937233639907998));
#5491=CARTESIAN_POINT('',(-0.079145122013642,0.0708888977103137,0.0937228350037112));
#5492=CARTESIAN_POINT('',(-0.0811450625078043,0.0692497163915461,0.0937369873859818));
#5493=CARTESIAN_POINT('',(-0.0810691370574176,0.0694855097758713,0.0937334205010064));
#5494=CARTESIAN_POINT('',(-0.0809846216055992,0.0697479801900807,0.0937294500682497));
#5495=CARTESIAN_POINT('',(-0.0809805845494892,0.0697583165670226,0.0937292988325616));
#5496=CARTESIAN_POINT('',(-0.0809761038639745,0.0697703198430355,0.0937291217081995));
#5497=CARTESIAN_POINT('',(-0.0809703862139119,0.0697844463788883,0.0937289164652394));
#5498=CARTESIAN_POINT('',(-0.0809623837665387,0.0698032861628337,0.093728645470738));
#5499=CARTESIAN_POINT('',(-0.0809522326378775,0.0698258595471634,0.0937283248405843));
#5500=CARTESIAN_POINT('',(-0.0809396774241371,0.0698523698949979,0.0937279528716408));
#5501=CARTESIAN_POINT('',(-0.08092458955563,0.0698826405858421,0.0937275335764572));
#5502=CARTESIAN_POINT('',(-0.0809068047899984,0.0699166056474979,0.0937270692941055));
#5503=CARTESIAN_POINT('',(-0.0808861730662788,0.069954159840901,0.0937265629465383));
#5504=CARTESIAN_POINT('',(-0.0808625437575784,0.0699952035943561,0.093726017360874));
#5505=CARTESIAN_POINT('',(-0.0808357701930975,0.0700396298125115,0.0937254354669555));
#5506=CARTESIAN_POINT('',(-0.0808057084994718,0.0700873278164356,0.0937248202369518));
#5507=CARTESIAN_POINT('',(-0.0807722180925915,0.0701381823021683,0.0937241746999812));
#5508=CARTESIAN_POINT('',(-0.0807351616890287,0.0701920737448553,0.0937235019349745));
#5509=CARTESIAN_POINT('',(-0.0806944054521521,0.0702488783932442,0.0937228050697142));
#5510=CARTESIAN_POINT('',(-0.080649819096584,0.0703084683854248,0.0937220872780591));
#5511=CARTESIAN_POINT('',(-0.08060127600219,0.0703707118343222,0.0937213517776281));
#5512=CARTESIAN_POINT('',(-0.0805486533194927,0.070435472925025,0.093720601827339));
#5513=CARTESIAN_POINT('',(-0.0804918320854511,0.0705026120144383,0.0937198407248317));
#5514=CARTESIAN_POINT('',(-0.0804306972902981,0.0705719857259504,0.0937190718043329));
#5515=CARTESIAN_POINT('',(-0.0803651381210153,0.070643447079292,0.0937182984326285));
#5516=CARTESIAN_POINT('',(-0.0802950475094644,0.0707168454963073,0.0937175240122306));
#5517=CARTESIAN_POINT('',(-0.0802203243529765,0.0707920272985265,0.0937167519566363));
#5518=CARTESIAN_POINT('',(-0.0801408654173346,0.0708688343204015,0.0937159857730776));
#5519=CARTESIAN_POINT('',(-0.0800565969560593,0.070947109790193,0.0937152287312543));
#5520=CARTESIAN_POINT('',(-0.0799673535743373,0.0710266762721123,0.0937144851242009));
#5521=CARTESIAN_POINT('',(-0.0798835285643755,0.0710986733376983,0.0937138344675127));
#5522=CARTESIAN_POINT('',(-0.0798284800331789,0.0711439431291734,0.0937134422829792));
#5523=CARTESIAN_POINT('',(-0.0798058396417745,0.0711624580183677,0.0937132827951535));
#5524=CARTESIAN_POINT('',(-0.0810299671627634,0.0696068883065055,0.0937315850101076));
#5525=CARTESIAN_POINT('',(-0.0813933277021098,0.0697241457153377,0.0937269110713621));
#5526=CARTESIAN_POINT('',(-0.081498120066634,0.0693570099692024,0.0937325618616358));
#5527=CARTESIAN_POINT('',(-0.0844483531101984,0.0590209896432937,0.0938916492938476));
#5528=CARTESIAN_POINT('',(-0.0818348536470982,0.0694471835902535,0.0937285531970893));
#5529=CARTESIAN_POINT('',(-0.0817420220692612,0.069817522306062,0.093722760018933));
#5530=CARTESIAN_POINT('',(-0.0821153605553427,0.0698975449506659,0.0937186638811668));
#5531=CARTESIAN_POINT('',(-0.0821942862959859,0.0695306872057515,0.0937244968402059));
#5532=CARTESIAN_POINT('',(-0.0821421328844612,0.0697728464856936,0.0937206469596075));
#5533=CARTESIAN_POINT('',(-0.0820840789761019,0.0700424030158438,0.0937163615138635));
#5534=CARTESIAN_POINT('',(-0.0820824065832626,0.0700533726241058,0.0937161821279036));
#5535=CARTESIAN_POINT('',(-0.0820802848580308,0.0700660076042402,0.0937159769211613));
#5536=CARTESIAN_POINT('',(-0.0820781726896667,0.0700810996492054,0.0937157287565341));
#5537=CARTESIAN_POINT('',(-0.0820756824365174,0.0701014155393129,0.093715392141795));
#5538=CARTESIAN_POINT('',(-0.0820731860957313,0.0701260387932758,0.0937149803847726));
#5539=CARTESIAN_POINT('',(-0.0820708031752013,0.0701552731715201,0.0937144873191714));
#5540=CARTESIAN_POINT('',(-0.0820687333490467,0.0701890299537018,0.0937139130499434));
#5541=CARTESIAN_POINT('',(-0.082067151855946,0.070227334076983,0.0937132558747889));
#5542=CARTESIAN_POINT('',(-0.0820662412881459,0.0702701693832414,0.0937125147555709));
#5543=CARTESIAN_POINT('',(-0.0820661818939959,0.0703175249056028,0.0937116885804843));
#5544=CARTESIAN_POINT('',(-0.0820671542578218,0.0703693811841086,0.0937107763835441));
#5545=CARTESIAN_POINT('',(-0.0820693383331387,0.0704257142571728,0.0937097772819035));
#5546=CARTESIAN_POINT('',(-0.0820729135374825,0.0704864945138249,0.0937086904952026));
#5547=CARTESIAN_POINT('',(-0.0820780585404198,0.0705516870380147,0.093707515341091));
#5548=CARTESIAN_POINT('',(-0.082084951139752,0.0706212515308299,0.0937062512374812));
#5549=CARTESIAN_POINT('',(-0.0820937681131689,0.0706951423585379,0.0937048977027818));
#5550=CARTESIAN_POINT('',(-0.0821046850767717,0.0707733085696679,0.0937034543566227));
#5551=CARTESIAN_POINT('',(-0.0821178763451051,0.0708556939266288,0.0937019209203154));
#5552=CARTESIAN_POINT('',(-0.0821335147810491,0.0709422369341596,0.093700297217441));
#5553=CARTESIAN_POINT('',(-0.0821517716905924,0.0710328708879203,0.0936985831737636));
#5554=CARTESIAN_POINT('',(-0.0821728165470248,0.0711275238652918,0.0936967788193845));
#5555=CARTESIAN_POINT('',(-0.0821968173794081,0.0712261189561813,0.0936948842819049));
#5556=CARTESIAN_POINT('',(-0.0822239386005328,0.0713285735842956,0.0936928998139779));
#5557=CARTESIAN_POINT('',(-0.0822543487131207,0.0714348023523079,0.0936908256879271));
#5558=CARTESIAN_POINT('',(-0.0822881899839111,0.0715447063344891,0.0936886626019104));
#5559=CARTESIAN_POINT('',(-0.0823256943885393,0.0716582145065709,0.0936864101184427));
#5560=CARTESIAN_POINT('',(-0.0823622911895157,0.071762459234332,0.0936843258932833));
#5561=CARTESIAN_POINT('',(-0.0823873303368308,0.0718291756423371,0.0936829803003104));
#5562=CARTESIAN_POINT('',(-0.0823976803064784,0.0718565249944077,0.0936824280768076));
#5563=CARTESIAN_POINT('',(-0.0839052349122861,0.0697556935759976,0.0937081987547023));
#5564=CARTESIAN_POINT('',(-0.0838929295994893,0.070003093268171,0.093703969290688));
#5565=CARTESIAN_POINT('',(-0.0838792320966692,0.0702784830967104,0.0936992613164804));
#5566=CARTESIAN_POINT('',(-0.0838780080568898,0.0702895116677569,0.0936990776596169));
#5567=CARTESIAN_POINT('',(-0.0838767869691941,0.0703022650904799,0.0936988638736178));
#5568=CARTESIAN_POINT('',(-0.0838749206345334,0.0703173894649661,0.0936986133672378));
#5569=CARTESIAN_POINT('',(-0.0838720673128426,0.070337657608032,0.0936982802110024));
#5570=CARTESIAN_POINT('',(-0.0838681049030659,0.0703620880596752,0.0936978824194011));
#5571=CARTESIAN_POINT('',(-0.0838628393366355,0.0703909433419697,0.0936974168131922));
#5572=CARTESIAN_POINT('',(-0.0838561007020539,0.0704240861304712,0.0936968870179116));
#5573=CARTESIAN_POINT('',(-0.083847713271006,0.0704614952067715,0.0936962946744871));
#5574=CARTESIAN_POINT('',(-0.0838375048495192,0.0705031077549124,0.0936956421243898));
#5575=CARTESIAN_POINT('',(-0.083825304163965,0.0705488665794636,0.0936949316043284));
#5576=CARTESIAN_POINT('',(-0.0838109418146253,0.0705987061941636,0.093694165482182));
#5577=CARTESIAN_POINT('',(-0.0837942501763727,0.070652556927457,0.0936933461860544));
#5578=CARTESIAN_POINT('',(-0.0837750636041664,0.070710343789291,0.0936924762225689));
#5579=CARTESIAN_POINT('',(-0.0837532185487017,0.0707719868585084,0.09369155816927));
#5580=CARTESIAN_POINT('',(-0.0837285536961261,0.0708374012397186,0.0936905946743661));
#5581=CARTESIAN_POINT('',(-0.0837009100988997,0.0709064971480588,0.0936895884543038));
#5582=CARTESIAN_POINT('',(-0.0836701313080347,0.0709791799622721,0.0936885422918854));
#5583=CARTESIAN_POINT('',(-0.0836360635001144,0.0710553502914363,0.0936874590341856));
#5584=CARTESIAN_POINT('',(-0.0835985556149261,0.0711349040412559,0.0936863415903992));
#5585=CARTESIAN_POINT('',(-0.083557459444529,0.0712177324882041,0.0936851929299031));
#5586=CARTESIAN_POINT('',(-0.0835126299020537,0.071303722341944,0.0936840160792232));
#5587=CARTESIAN_POINT('',(-0.0834639245867109,0.0713927558678406,0.0936828141230409));
#5588=CARTESIAN_POINT('',(-0.0834112060575855,0.0714847107929047,0.0936815901893951));
#5589=CARTESIAN_POINT('',(-0.0833543336532872,0.0715794610617246,0.0936803474956326));
#5590=CARTESIAN_POINT('',(-0.0832931955571461,0.0716768743341334,0.0936790891602488));
#5591=CARTESIAN_POINT('',(-0.083227586075082,0.0717768220280422,0.093677818914895));
#5592=CARTESIAN_POINT('',(-0.0831652511588489,0.0718680562735601,0.0936766770895077));
#5593=CARTESIAN_POINT('',(-0.0831237947258952,0.0719260278665477,0.0936759649174584));
#5594=CARTESIAN_POINT('',(-0.083106717658405,0.0719497702966956,0.0936756739573227));
#5595=CARTESIAN_POINT('',(-0.0838865121473422,0.0701304685972762,0.093701792316579));
#5596=CARTESIAN_POINT('',(-0.0842678556239206,0.0701496939648513,0.0936986995352635));
#5597=CARTESIAN_POINT('',(-0.0842740469826987,0.0697679612182565,0.0937053180273333));
#5598=CARTESIAN_POINT('',(-0.0844483531101981,0.0590209896432937,0.0938916492938476));
#5599=CARTESIAN_POINT('',(-0.0846226592376975,0.0697679172348413,0.0937027982520894));
#5600=CARTESIAN_POINT('',(-0.0846288505964756,0.0701496484191438,0.0936960902575288));
#5601=CARTESIAN_POINT('',(-0.085010194073054,0.0701303268255282,0.0936936703247162));
#5602=CARTESIAN_POINT('',(-0.0849914713081101,0.0697555565286455,0.0937003474197594));
#5603=CARTESIAN_POINT('',(-0.0850037766209069,0.0700029531157664,0.0936959400697293));
#5604=CARTESIAN_POINT('',(-0.085017474123727,0.0702783394879559,0.0936910340839602));
#5605=CARTESIAN_POINT('',(-0.0850186981635064,0.0702893677501352,0.0936908327323364));
#5606=CARTESIAN_POINT('',(-0.0850199192512021,0.0703021208647359,0.0936906012942525));
#5607=CARTESIAN_POINT('',(-0.0850217855858628,0.0703172447682818,0.0936903238080758));
#5608=CARTESIAN_POINT('',(-0.0850246389075537,0.0703375121913568,0.0936899494041261));
#5609=CARTESIAN_POINT('',(-0.0850286013173303,0.0703619416431481,0.0936894943317957));
#5610=CARTESIAN_POINT('',(-0.0850338668837608,0.0703907955967596,0.0936889526063813));
#5611=CARTESIAN_POINT('',(-0.0850406055183423,0.0704239366848724,0.0936883253971725));
#5612=CARTESIAN_POINT('',(-0.0850489929493903,0.0704613436447361,0.0936876118047626));
#5613=CARTESIAN_POINT('',(-0.0850592013708771,0.0705029536169421,0.0936868116813808));
#5614=CARTESIAN_POINT('',(-0.0850714020564313,0.0705487093628418,0.0936859247877985));
#5615=CARTESIAN_POINT('',(-0.0850857644057709,0.0705985453534284,0.0936849510430468));
#5616=CARTESIAN_POINT('',(-0.0851024560440236,0.0706523918748489,0.0936838904520351));
#5617=CARTESIAN_POINT('',(-0.0851216426162299,0.0707101738952526,0.0936827431268162));
#5618=CARTESIAN_POINT('',(-0.0851434876716946,0.0707718114522131,0.0936815092806604));
#5619=CARTESIAN_POINT('',(-0.0851681525242702,0.0708372196096349,0.0936801892298178));
#5620=CARTESIAN_POINT('',(-0.0851957961214966,0.0709063085425473,0.093678783392984));
#5621=CARTESIAN_POINT('',(-0.0852265749123615,0.0709789835902158,0.0936772922913292));
#5622=CARTESIAN_POINT('',(-0.0852606427202819,0.0710551453229034,0.0936757165482518));
#5623=CARTESIAN_POINT('',(-0.0852981506054701,0.071134689608197,0.0936740568892152));
#5624=CARTESIAN_POINT('',(-0.0853392467758673,0.0712175076851716,0.0936723141410971));
#5625=CARTESIAN_POINT('',(-0.0853840763183425,0.0713034862268801,0.0936704892330428));
#5626=CARTESIAN_POINT('',(-0.0854327816336853,0.0713925074627549,0.0936685831911832));
#5627=CARTESIAN_POINT('',(-0.0854855001628108,0.0714844490851257,0.0936665971567066));
#5628=CARTESIAN_POINT('',(-0.0855423725671091,0.0715791850030871,0.0936645323135541));
#5629=CARTESIAN_POINT('',(-0.0856035106632502,0.0716765828482571,0.0936623901637954));
#5630=CARTESIAN_POINT('',(-0.0856691201453143,0.0717765139866429,0.0936601714655613));
#5631=CARTESIAN_POINT('',(-0.0857314550615473,0.0718677325029231,0.0936581285245276));
#5632=CARTESIAN_POINT('',(-0.0857729114945011,0.0719256936350306,0.0936568170568887));
#5633=CARTESIAN_POINT('',(-0.0857899885619912,0.0719494317560486,0.0936562792300908));
#5634=CARTESIAN_POINT('',(-0.0867024199244103,0.0695301184273723,0.0936919119744992));
#5635=CARTESIAN_POINT('',(-0.086754573335935,0.0697722645472197,0.093687308162429));
#5636=CARTESIAN_POINT('',(-0.0868126272442943,0.0700418064283773,0.0936821834874325));
#5637=CARTESIAN_POINT('',(-0.0868142996371336,0.0700527756146372,0.0936819799253054));
#5638=CARTESIAN_POINT('',(-0.0868164213623654,0.0700654100593876,0.0936817440468317));
#5639=CARTESIAN_POINT('',(-0.0868185335307296,0.0700805015713802,0.0936814653486276));
#5640=CARTESIAN_POINT('',(-0.0868210237838789,0.0701008168331115,0.0936810927347052));
#5641=CARTESIAN_POINT('',(-0.0868235201246649,0.0701254394571619,0.0936806448904964));
#5642=CARTESIAN_POINT('',(-0.0868259030451949,0.0701546732341136,0.0936801173773159));
#5643=CARTESIAN_POINT('',(-0.0868279728713495,0.0701884294940072,0.0936795131866112));
#5644=CARTESIAN_POINT('',(-0.0868295543644502,0.0702267332182235,0.0936788331493393));
#5645=CARTESIAN_POINT('',(-0.0868304649322503,0.0702695682947143,0.0936780788669226));
#5646=CARTESIAN_POINT('',(-0.0868305243264003,0.0703169238020886,0.0936772518332322));
#5647=CARTESIAN_POINT('',(-0.0868295519625745,0.0703687803259551,0.0936763536928162));
#5648=CARTESIAN_POINT('',(-0.0868273678872575,0.0704251139501364,0.0936753861642418));
#5649=CARTESIAN_POINT('',(-0.0868237926829137,0.0704858951089352,0.0936743510608151));
#5650=CARTESIAN_POINT('',(-0.0868186476799764,0.0705510889313858,0.0936732502830392));
#5651=CARTESIAN_POINT('',(-0.0868117550806443,0.0706206551634402,0.0936720858190772));
#5652=CARTESIAN_POINT('',(-0.0868029381072273,0.070694548215973,0.0936708597428421));
#5653=CARTESIAN_POINT('',(-0.0867920211436245,0.0707727171818275,0.0936695742126763));
#5654=CARTESIAN_POINT('',(-0.0867788298752912,0.0708551058673979,0.0936682314697878));
#5655=CARTESIAN_POINT('',(-0.0867631914393472,0.0709416528210425,0.0936668338366696));
#5656=CARTESIAN_POINT('',(-0.0867449345298038,0.0710322913816478,0.0936653837154908));
#5657=CARTESIAN_POINT('',(-0.0867238896733715,0.0711269496693584,0.0936638835862643));
#5658=CARTESIAN_POINT('',(-0.0866998888409881,0.0712255508164813,0.0936623360056253));
#5659=CARTESIAN_POINT('',(-0.0866727676198634,0.07132801228821,0.0936607436029833));
#5660=CARTESIAN_POINT('',(-0.0866423575072755,0.0714342487297369,0.0936591090865433));
#5661=CARTESIAN_POINT('',(-0.0866085162364852,0.0715441612512315,0.0936574352110758));
#5662=CARTESIAN_POINT('',(-0.0865710118318569,0.0716576788869612,0.0936557248925432));
#5663=CARTESIAN_POINT('',(-0.0865344150308805,0.0717619328493506,0.0936541697119701));
#5664=CARTESIAN_POINT('',(-0.0865093758835654,0.0718286555755914,0.0936531860857532));
#5665=CARTESIAN_POINT('',(-0.0864990259139178,0.0718560075393145,0.0936527834817599));
#5666=CARTESIAN_POINT('',(-0.0867813456650536,0.069896956256615,0.0936849380622978));
#5667=CARTESIAN_POINT('',(-0.087154684151135,0.0698168394059043,0.0936836372063477));
#5668=CARTESIAN_POINT('',(-0.087061852573298,0.0694465241146873,0.0936907723609166));
#5669=CARTESIAN_POINT('',(-0.0844483531101978,0.0590209896432937,0.0938916492938476));
#5670=CARTESIAN_POINT('',(-0.0873985861537622,0.0693562655242027,0.0936899131934942));
#5671=CARTESIAN_POINT('',(-0.0875033785182864,0.0697233748276297,0.0936827475212732));
#5672=CARTESIAN_POINT('',(-0.0878667390576328,0.0696060257304689,0.0936821687078362));
#5673=CARTESIAN_POINT('',(-0.0877516437125919,0.0692488828580133,0.0936892349058908));
#5674=CARTESIAN_POINT('',(-0.0878275691629786,0.0694846570837429,0.09368457044005));
#5675=CARTESIAN_POINT('',(-0.0879120846147971,0.0697471061718046,0.0936793782490783));
#5676=CARTESIAN_POINT('',(-0.087916121670907,0.0697574415300587,0.0936791686535711));
#5677=CARTESIAN_POINT('',(-0.0879206023564217,0.0697694436754411,0.0936789267562685));
#5678=CARTESIAN_POINT('',(-0.0879263200064844,0.0697835687685346,0.0936786388587668));
#5679=CARTESIAN_POINT('',(-0.0879343224538575,0.069802406533188,0.0936782521806168));
#5680=CARTESIAN_POINT('',(-0.0879444735825188,0.0698249773560397,0.0936777848054057));
#5681=CARTESIAN_POINT('',(-0.0879570287962592,0.0698514845357631,0.0936772313378699));
#5682=CARTESIAN_POINT('',(-0.0879721166647662,0.0698817514194205,0.0936765939319515));
#5683=CARTESIAN_POINT('',(-0.0879899014303978,0.0699157119933698,0.0936758725524295));
#5684=CARTESIAN_POINT('',(-0.0880105331541174,0.0699532609806813,0.09367506795197));
#5685=CARTESIAN_POINT('',(-0.0880341624628179,0.0699942987716513,0.0936741807802241));
#5686=CARTESIAN_POINT('',(-0.0880609360272987,0.070038718233918,0.0936732118467566));
#5687=CARTESIAN_POINT('',(-0.0880909977209244,0.0700864086522455,0.0936721620438984));
#5688=CARTESIAN_POINT('',(-0.0881244881278047,0.0701372546871997,0.0936710323684792));
#5689=CARTESIAN_POINT('',(-0.0881615445313675,0.0701911367792849,0.0936698239148558));
#5690=CARTESIAN_POINT('',(-0.0882023007682442,0.0702479311434772,0.0936685378760638));
#5691=CARTESIAN_POINT('',(-0.0882468871238122,0.0703075098849908,0.0936671755425524));
#5692=CARTESIAN_POINT('',(-0.0882954302182062,0.0703697410848003,0.0936657383015156));
#5693=CARTESIAN_POINT('',(-0.0883480529009035,0.0704344888969952,0.0936642276359549));
#5694=CARTESIAN_POINT('',(-0.0884048741349452,0.0705016136484619,0.0936626451237765));
#5695=CARTESIAN_POINT('',(-0.0884660089300981,0.0705709719335681,0.093660992436622));
#5696=CARTESIAN_POINT('',(-0.088531568099381,0.0706424167440825,0.0936592713393607));
#5697=CARTESIAN_POINT('',(-0.0886016587109319,0.0707157974748321,0.0936574836867239));
#5698=CARTESIAN_POINT('',(-0.0886763818674197,0.0707909604218356,0.0936556314306653));
#5699=CARTESIAN_POINT('',(-0.0887558408030616,0.0708677473934955,0.0936537165860594));
#5700=CARTESIAN_POINT('',(-0.0888401092643369,0.0709460015994635,0.0936517413565247));
#5701=CARTESIAN_POINT('',(-0.0889293526460589,0.0710255455622163,0.0936497076441424));
#5702=CARTESIAN_POINT('',(-0.0890131776560207,0.0710975214758768,0.0936478452102898));
#5703=CARTESIAN_POINT('',(-0.0890682261872173,0.0711427773767191,0.0936466572423372));
#5704=CARTESIAN_POINT('',(-0.0890908665786217,0.071161286552966,0.0936461704642516));
#5705=CARTESIAN_POINT('',(-0.0893459940081675,0.0685883635192687,0.0936892369625281));
#5706=CARTESIAN_POINT('',(-0.089459051975206,0.0688087542088877,0.0936845725445865));
#5707=CARTESIAN_POINT('',(-0.0895849010168285,0.0690540793089017,0.0936793804069332));
#5708=CARTESIAN_POINT('',(-0.0895893558714783,0.0690642415784589,0.093679170811965));
#5709=CARTESIAN_POINT('',(-0.0895946758175693,0.0690758960287064,0.093678928915745));
#5710=CARTESIAN_POINT('',(-0.0896006225481748,0.069089926216603,0.0936786410185387));
#5711=CARTESIAN_POINT('',(-0.0896082866695275,0.0691089041454851,0.0936782543399524));
#5712=CARTESIAN_POINT('',(-0.0896170716393771,0.0691320409508046,0.0936777869629789));
#5713=CARTESIAN_POINT('',(-0.0896269406547714,0.0691596609888254,0.0936772334919782));
#5714=CARTESIAN_POINT('',(-0.0896376778864302,0.0691917302867841,0.0936765960804476));
#5715=CARTESIAN_POINT('',(-0.0896491205275384,0.069228318323411,0.0936758746927445));
#5716=CARTESIAN_POINT('',(-0.0896610880309346,0.0692694567885772,0.0936750700811086));
#5717=CARTESIAN_POINT('',(-0.0896734034571755,0.0693151817792056,0.0936741828947683));
#5718=CARTESIAN_POINT('',(-0.0896858873438513,0.0693655212758341,0.0936732139428678));
#5719=CARTESIAN_POINT('',(-0.0896983596725936,0.0694204987475112,0.0936721641173201));
#5720=CARTESIAN_POINT('',(-0.08971063948038,0.0694801320677481,0.0936710344145402));
#5721=CARTESIAN_POINT('',(-0.0897225451534178,0.0695444337921698,0.0936698259284736));
#5722=CARTESIAN_POINT('',(-0.089733894526583,0.0696134110513175,0.0936685398517481));
#5723=CARTESIAN_POINT('',(-0.0897445050391432,0.0696870655586269,0.0936671774744095));
#5724=CARTESIAN_POINT('',(-0.0897541938758308,0.0697653935902799,0.0936657401832525));
#5725=CARTESIAN_POINT('',(-0.0897627781102218,0.0698483859794886,0.0936642294608843));
#5726=CARTESIAN_POINT('',(-0.089770074857088,0.069936028105093,0.0936626468848216));
#5727=CARTESIAN_POINT('',(-0.0897759013866127,0.0700282999112373,0.093660994126322));
#5728=CARTESIAN_POINT('',(-0.089780075388411,0.0701251758270415,0.0936592729498767));
#5729=CARTESIAN_POINT('',(-0.0897824146560506,0.0702266250901604,0.0936574852098438));
#5730=CARTESIAN_POINT('',(-0.0897827390093265,0.0703326105285809,0.0936556328578143));
#5731=CARTESIAN_POINT('',(-0.0897808635873668,0.0704430933048888,0.0936537179082909));
#5732=CARTESIAN_POINT('',(-0.0897766253686062,0.0705580147187684,0.0936517425645867));
#5733=CARTESIAN_POINT('',(-0.0897697819046102,0.0706773662570407,0.0936497087282569));
#5734=CARTESIAN_POINT('',(-0.0897614172303979,0.0707875352010527,0.0936478461754839));
#5735=CARTESIAN_POINT('',(-0.0897545017452319,0.0708584620170178,0.0936466581276006));
#5736=CARTESIAN_POINT('',(-0.0897515842067542,0.0708875595231896,0.0936461713165464));
#5737=CARTESIAN_POINT('',(-0.089517189595604,0.0689222647646407,0.0936821708368402));
#5738=CARTESIAN_POINT('',(-0.0898570806903331,0.0687482655266208,0.0936827505574389));
#5739=CARTESIAN_POINT('',(-0.0896715524944991,0.068414604065903,0.0936899161255145));
#5740=CARTESIAN_POINT('',(-0.0844483531101976,0.0590209896432938,0.0938916492938476));
#5741=CARTESIAN_POINT('',(-0.0899734595633986,0.0682402818421312,0.0936907761167535));
#5742=CARTESIAN_POINT('',(-0.0901697115072041,0.0685677513723308,0.093683641095592));
#5743=CARTESIAN_POINT('',(-0.0904903266890438,0.068360371918668,0.0936849428467098));
#5744=CARTESIAN_POINT('',(-0.0902867023214664,0.0680451951671908,0.0936919165980558));
#5745=CARTESIAN_POINT('',(-0.0904210737154719,0.0682532794076809,0.093687312892043));
#5746=CARTESIAN_POINT('',(-0.0905706475279157,0.068484905739981,0.0936821883351029));
#5747=CARTESIAN_POINT('',(-0.0905772224816538,0.068493843856725,0.0936819847792999));
#5748=CARTESIAN_POINT('',(-0.0905846574136743,0.0685042771065156,0.09368174890768));
#5749=CARTESIAN_POINT('',(-0.0905938367307361,0.0685164407874052,0.0936814702185921));
#5750=CARTESIAN_POINT('',(-0.0906064429502277,0.0685325651311068,0.0936810976177189));
#5751=CARTESIAN_POINT('',(-0.0906220910151308,0.0685517391607416,0.0936806497904752));
#5752=CARTESIAN_POINT('',(-0.0906410802591133,0.068574093146084,0.093680122298716));
#5753=CARTESIAN_POINT('',(-0.090663489148241,0.068599423187183,0.0936795181342479));
#5754=CARTESIAN_POINT('',(-0.0906894592460692,0.0686276230182259,0.0936788381284361));
#5755=CARTESIAN_POINT('',(-0.0907191082541456,0.0686585521192102,0.0936780838830906));
#5756=CARTESIAN_POINT('',(-0.0907525558876536,0.068692075297614,0.0936772568924695));
#5757=CARTESIAN_POINT('',(-0.0907899160931017,0.068728051118614,0.0936763588015007));
#5758=CARTESIAN_POINT('',(-0.0908312991873591,0.0687663354106517,0.0936753913291259));
#5759=CARTESIAN_POINT('',(-0.09087681111303,0.0688067803869013,0.0936743562890194));
#5760=CARTESIAN_POINT('',(-0.0909265535320268,0.0688492350385799,0.0936732555820456));
#5761=CARTESIAN_POINT('',(-0.0909806236830141,0.0688935451674801,0.0936720911967227));
#5762=CARTESIAN_POINT('',(-0.0910391143104744,0.0689395535248193,0.0936708652073113));
#5763=CARTESIAN_POINT('',(-0.0911021135767357,0.0689870999233448,0.0936695797724939));
#5764=CARTESIAN_POINT('',(-0.0911697049853472,0.0690360213586467,0.0936682371338113));
#5765=CARTESIAN_POINT('',(-0.0912419672950439,0.069086152135403,0.093666839614081));
#5766=CARTESIAN_POINT('',(-0.091318974479693,0.0691373239761306,0.0936653896157884));
#5767=CARTESIAN_POINT('',(-0.0914007955267384,0.0691893662096824,0.0936638896192541));
#5768=CARTESIAN_POINT('',(-0.0914874948751505,0.0692421056597737,0.0936623421814131));
#5769=CARTESIAN_POINT('',(-0.0915791303993719,0.0692953677007843,0.0936607499319618));
#5770=CARTESIAN_POINT('',(-0.0916757608712055,0.0693489728209205,0.0936591155793982));
#5771=CARTESIAN_POINT('',(-0.0917774169412393,0.069402750492871,0.093657441878716));
#5772=CARTESIAN_POINT('',(-0.0918842124336365,0.0694564864903818,0.0936557317463235));
#5773=CARTESIAN_POINT('',(-0.0919838150014255,0.0695043147618525,0.0936541767414412));
#5774=CARTESIAN_POINT('',(-0.0920487041644359,0.069533781316576,0.0936531932312276));
#5775=CARTESIAN_POINT('',(-0.0920753649744954,0.0695458001782785,0.0936527906749764));
#5776=CARTESIAN_POINT('',(-0.0916558019584624,0.0669946078923503,0.0937003560164343));
#5777=CARTESIAN_POINT('',(-0.091822059767398,0.0671782238904564,0.0936959488649957));
#5778=CARTESIAN_POINT('',(-0.0920071275380726,0.0673826137091797,0.0936910431002861));
#5779=CARTESIAN_POINT('',(-0.0920140612635505,0.0673912765201577,0.0936908417560276));
#5780=CARTESIAN_POINT('',(-0.0920222168849663,0.0674011567443778,0.0936906103268889));
#5781=CARTESIAN_POINT('',(-0.0920315929179498,0.0674131694740593,0.0936903328503994));
#5782=CARTESIAN_POINT('',(-0.0920439086103013,0.0674295167556014,0.0936899584586557));
#5783=CARTESIAN_POINT('',(-0.0920583835280369,0.0674495910071429,0.0936895033998859));
#5784=CARTESIAN_POINT('',(-0.0920750660812057,0.0674737150462858,0.0936889616891989));
#5785=CARTESIAN_POINT('',(-0.0920937389937754,0.0675019119126508,0.0936883344953848));
#5786=CARTESIAN_POINT('',(-0.0921142629858093,0.0675342908474567,0.0936876209186305));
#5787=CARTESIAN_POINT('',(-0.0921364718592224,0.0675709291828819,0.0936868208107286));
#5788=CARTESIAN_POINT('',(-0.0921602040416082,0.0676119075742171,0.0936859339320215));
#5789=CARTESIAN_POINT('',(-0.0921852934225393,0.0676572994901024,0.0936849602011072));
#5790=CARTESIAN_POINT('',(-0.0922115721867484,0.067707174185435,0.0936838996224624));
#5791=CARTESIAN_POINT('',(-0.0922388701580578,0.0677615957548847,0.0936827523077068));
#5792=CARTESIAN_POINT('',(-0.0922670151551282,0.0678206233250217,0.0936815184696777));
#5793=CARTESIAN_POINT('',(-0.0922958330597653,0.0678843109250421,0.0936801984241923));
#5794=CARTESIAN_POINT('',(-0.0923251479694063,0.0679527074541748,0.0936787925895144));
#5795=CARTESIAN_POINT('',(-0.0923547823281758,0.0680258566257124,0.0936773014863834));
#5796=CARTESIAN_POINT('',(-0.0923845570639034,0.0681037969243863,0.0936757257377681));
#5797=CARTESIAN_POINT('',(-0.0924142917323392,0.0681865615559259,0.0936740660687043));
#5798=CARTESIAN_POINT('',(-0.0924438046325738,0.0682741784365069,0.0936723233056444));
#5799=CARTESIAN_POINT('',(-0.0924729130412779,0.0683666700468376,0.0936704983773106));
#5800=CARTESIAN_POINT('',(-0.0925014329917168,0.0684640538263238,0.0936685923094128));
#5801=CARTESIAN_POINT('',(-0.0925291808152535,0.068566340498957,0.0936666062427252));
#5802=CARTESIAN_POINT('',(-0.0925559678908292,0.0686735403914218,0.093664541360764));
#5803=CARTESIAN_POINT('',(-0.0925816215517029,0.0687856389932471,0.093662399165232));
#5804=CARTESIAN_POINT('',(-0.0926059053991011,0.0689026908239666,0.0936601804136898));
#5805=CARTESIAN_POINT('',(-0.0926263428903773,0.0690112669181295,0.0936581374186104));
#5806=CARTESIAN_POINT('',(-0.092638022346246,0.069081564278523,0.0936568259125606));
#5807=CARTESIAN_POINT('',(-0.092642736064364,0.0691104243801838,0.0936562880698145));
#5808=CARTESIAN_POINT('',(-0.0919076006963224,0.0672728177357774,0.0936936792220481));
#5809=CARTESIAN_POINT('',(-0.0921908813832898,0.067016793870972,0.0936961000121948));
#5810=CARTESIAN_POINT('',(-0.0919253000094052,0.0667425247178997,0.0937028076721544));
#5811=CARTESIAN_POINT('',(-0.0844483531101974,0.059020989643294,0.0938916492938476));
#5812=CARTESIAN_POINT('',(-0.0921718060989196,0.0664960186323098,0.0937053282150731));
#5813=CARTESIAN_POINT('',(-0.0924461433763577,0.0667615318819679,0.0936987100848721));
#5814=CARTESIAN_POINT('',(-0.0927021638058899,0.0664782546388594,0.0937018036883573));
#5815=CARTESIAN_POINT('',(-0.0924238870799212,0.0662265227831195,0.0937082097433651));
#5816=CARTESIAN_POINT('',(-0.0926075472291033,0.0663927364412562,0.0937039805321371));
#5817=CARTESIAN_POINT('',(-0.0928119861940367,0.0665777550660291,0.0936992728393154));
#5818=CARTESIAN_POINT('',(-0.0928206509731715,0.0665846868233777,0.093699089195208));
#5819=CARTESIAN_POINT('',(-0.0928305334733674,0.0665928401688452,0.0936988754235319));
#5820=CARTESIAN_POINT('',(-0.09284254890214,0.0666022135027797,0.0936986249350588));
#5821=CARTESIAN_POINT('',(-0.0928588998007245,0.066614525578153,0.093698291803596));
#5822=CARTESIAN_POINT('',(-0.092878978412106,0.0666289961361378,0.0936978940430064));
#5823=CARTESIAN_POINT('',(-0.0929031076007343,0.0666456735399398,0.0936974284747154));
#5824=CARTESIAN_POINT('',(-0.092931310381721,0.0666643405380395,0.0936968987245076));
#5825=CARTESIAN_POINT('',(-0.0929636959924964,0.0666848578542927,0.0936963064336784));
#5826=CARTESIAN_POINT('',(-0.0930003417540266,0.0667070593018306,0.0936956539440208));
#5827=CARTESIAN_POINT('',(-0.0930413283113934,0.0667307833184596,0.0936949434925685));
#5828=CARTESIAN_POINT('',(-0.0930867291215481,0.0667558638054446,0.0936941774475138));
#5829=CARTESIAN_POINT('',(-0.0931366134269524,0.0667821329599578,0.0936933582372661));
#5830=CARTESIAN_POINT('',(-0.0931910453088915,0.0668094206192099,0.0936924883687449));
#5831=CARTESIAN_POINT('',(-0.0932500838796708,0.0668375546161297,0.0936915704197821));
#5832=CARTESIAN_POINT('',(-0.0933137831533342,0.0668663608476791,0.0936906070388637));
#5833=CARTESIAN_POINT('',(-0.0933821920130856,0.0668956634273238,0.0936896009427047));
#5834=CARTESIAN_POINT('',(-0.0934553541553297,0.0669252848160798,0.0936885549143652));
#5835=CARTESIAN_POINT('',(-0.0935333080470587,0.0669550459595193,0.0936874718011681));
#5836=CARTESIAN_POINT('',(-0.0936160868754236,0.0669847664319743,0.0936863545125459));
#5837=CARTESIAN_POINT('',(-0.0937037185371954,0.0670142645519434,0.0936852060181027));
#5838=CARTESIAN_POINT('',(-0.093796225492863,0.0670433576163199,0.0936840293445804));
#5839=CARTESIAN_POINT('',(-0.0938936251608193,0.0670718616793852,0.0936828275768668));
#5840=CARTESIAN_POINT('',(-0.0939959282432336,0.0670995930943277,0.0936816038431917));
#5841=CARTESIAN_POINT('',(-0.0941031450442928,0.0671263632625896,0.0936803613610966));
#5842=CARTESIAN_POINT('',(-0.0942152610299068,0.067151999541051,0.0936791032492024));
#5843=CARTESIAN_POINT('',(-0.0943323306966604,0.0671762655538924,0.0936778332394961));
#5844=CARTESIAN_POINT('',(-0.0944409230718827,0.0671966867655124,0.093676691634597));
#5845=CARTESIAN_POINT('',(-0.0945112307774822,0.0672083558771085,0.0936759796067183));
#5846=CARTESIAN_POINT('',(-0.0945400951160504,0.0672130653587037,0.0936756887058448));
#5847=CARTESIAN_POINT('',(-0.0934744341806204,0.064857463358786,0.0937245113910691));
#5848=CARTESIAN_POINT('',(-0.0936825616365282,0.0649917915385479,0.0937206618462208));
#5849=CARTESIAN_POINT('',(-0.0939142360735223,0.0651413172476047,0.0937163767742129));
#5850=CARTESIAN_POINT('',(-0.0939231761478956,0.0651478902437513,0.0937161974019425));
#5851=CARTESIAN_POINT('',(-0.0939336116525145,0.0651553229209914,0.0937159922113984));
#5852=CARTESIAN_POINT('',(-0.0939457780267228,0.0651644995447819,0.0937157440651898));
#5853=CARTESIAN_POINT('',(-0.0939619059959919,0.0651771021387621,0.0937154074744674));
#5854=CARTESIAN_POINT('',(-0.0939810844198909,0.0651927458094572,0.0937149957454045));
#5855=CARTESIAN_POINT('',(-0.094003443622405,0.0652117298363216,0.0937145027117195));
#5856=CARTESIAN_POINT('',(-0.0940287796877523,0.0652341327012476,0.0937139284778437));
#5857=CARTESIAN_POINT('',(-0.0940569863545723,0.0652600959633343,0.0937132713411146));
#5858=CARTESIAN_POINT('',(-0.0940879230999811,0.0652897373270068,0.0937125302629782));
#5859=CARTESIAN_POINT('',(-0.0941214547295015,0.0653231765093994,0.0937117041312224));
#5860=CARTESIAN_POINT('',(-0.0941574398048396,0.0653605274604876,0.093710791979447));
#5861=CARTESIAN_POINT('',(-0.0941957341501625,0.0654019005014106,0.0937097929243869));
#5862=CARTESIAN_POINT('',(-0.0942361899733621,0.0654474015800509,0.0937087061852602));
#5863=CARTESIAN_POINT('',(-0.0942786562594266,0.0654971323645461,0.0937075310792914));
#5864=CARTESIAN_POINT('',(-0.0943229788029583,0.0655511901007466,0.0937062670239644));
#5865=CARTESIAN_POINT('',(-0.0943690003470333,0.0656096675412727,0.0937049135372572));
#5866=CARTESIAN_POINT('',(-0.0944165606953075,0.0656726528575394,0.0937034702383664));
#5867=CARTESIAN_POINT('',(-0.0944654968333372,0.0657402295631262,0.0937019368481683));
#5868=CARTESIAN_POINT('',(-0.0945156430548275,0.0658124764277367,0.0937003131898073));
#5869=CARTESIAN_POINT('',(-0.0945668310703933,0.0658894674371366,0.0936985991886095));
#5870=CARTESIAN_POINT('',(-0.094618890196054,0.0659712715915994,0.0936967948742373));
#5871=CARTESIAN_POINT('',(-0.0946716472418012,0.0660579533438151,0.0936949003738519));
#5872=CARTESIAN_POINT('',(-0.0947249275672801,0.0661495705829577,0.0936929159396689));
#5873=CARTESIAN_POINT('',(-0.0947785516454586,0.0662461820960643,0.0936908418435631));
#5874=CARTESIAN_POINT('',(-0.0948323489313727,0.0663478185513726,0.0936886787832887));
#5875=CARTESIAN_POINT('',(-0.0948861051860959,0.0664545937857131,0.0936864263207851));
#5876=CARTESIAN_POINT('',(-0.0949339520616046,0.06655417774864,0.0936843421101377));
#5877=CARTESIAN_POINT('',(-0.0949634305228917,0.0666190550045231,0.0936829965228914));
#5878=CARTESIAN_POINT('',(-0.0949754542655055,0.0666457109334383,0.0936824443015476));
#5879=CARTESIAN_POINT('',(-0.0937896764010359,0.0650610222592022,0.0937186789404882));
#5880=CARTESIAN_POINT('',(-0.0939970415695683,0.0647404213708983,0.0937227758273349));
#5881=CARTESIAN_POINT('',(-0.0936695059493693,0.0645442355150022,0.0937285684632372));
#5882=CARTESIAN_POINT('',(-0.0844483531101971,0.0590209896432942,0.0938916492938476));
#5883=CARTESIAN_POINT('',(-0.0938438120768686,0.0642423445499564,0.093732577787001));
#5884=CARTESIAN_POINT('',(-0.0941775390558458,0.0644278072298903,0.0937269275623968));
#5885=CARTESIAN_POINT('',(-0.0943515173638917,0.0640879370733161,0.0937316021942842));
#5886=CARTESIAN_POINT('',(-0.0940175523785324,0.0639168052232757,0.0937370039908916));
#5887=CARTESIAN_POINT('',(-0.094237985147237,0.064029821112938,0.0937334374882045));
#5888=CARTESIAN_POINT('',(-0.0944833570870513,0.0641556233166631,0.0937294674809871));
#5889=CARTESIAN_POINT('',(-0.0944935212012039,0.0641600763268084,0.0937293162636178));
#5890=CARTESIAN_POINT('',(-0.0945051777935184,0.0641653941309332,0.0937291391600721));
#5891=CARTESIAN_POINT('',(-0.0945192105023875,0.064171338340695,0.093728933942589));
#5892=CARTESIAN_POINT('',(-0.0945381917933475,0.06417899910015,0.0937286629828953));
#5893=CARTESIAN_POINT('',(-0.0945613326270231,0.064187780041872,0.0937283423956867));
#5894=CARTESIAN_POINT('',(-0.0945889573959676,0.0641976443266252,0.0937279704785735));
#5895=CARTESIAN_POINT('',(-0.0946210320958965,0.0642083761566536,0.0937275512442274));
#5896=CARTESIAN_POINT('',(-0.0946576261937644,0.064219812736921,0.093727087032022));
#5897=CARTESIAN_POINT('',(-0.09469877136066,0.0642317735390524,0.093726580764144));
#5898=CARTESIAN_POINT('',(-0.0947445036757346,0.0642440816413791,0.093726035267953));
#5899=CARTESIAN_POINT('',(-0.0947948511004123,0.0642565576006086,0.0937254534735169));
#5900=CARTESIAN_POINT('',(-0.0948498370839879,0.0642690214181291,0.0937248383532207));
#5901=CARTESIAN_POINT('',(-0.0949094794793939,0.0642812921515006,0.0937241929363872));
#5902=CARTESIAN_POINT('',(-0.094973790820923,0.0642931882082652,0.0937235203021401));
#5903=CARTESIAN_POINT('',(-0.0950427782170304,0.0643045274453883,0.0937228235784439));
#5904=CARTESIAN_POINT('',(-0.0951164433583317,0.0643151273249604,0.0937221059393277));
#5905=CARTESIAN_POINT('',(-0.0951947824974709,0.0643248050552548,0.0937213706025689));
#5906=CARTESIAN_POINT('',(-0.0952777864434209,0.0643333777340893,0.0937206208272317));
#5907=CARTESIAN_POINT('',(-0.0953654405500995,0.0643406625011605,0.0937198599110909));
#5908=CARTESIAN_POINT('',(-0.0954577247360625,0.064346476652243,0.0937190911884954));
#5909=CARTESIAN_POINT('',(-0.0955546134041984,0.0643506379031856,0.0937183180263411));
#5910=CARTESIAN_POINT('',(-0.0956560757652884,0.0643529640744322,0.0937175438272385));
#5911=CARTESIAN_POINT('',(-0.0957620746198927,0.0643532750132066,0.0937167720047672));
#5912=CARTESIAN_POINT('',(-0.0958725711023695,0.064351385886867,0.0937160060662421));
#5913=CARTESIAN_POINT('',(-0.0959875064844247,0.064347133701828,0.0937152492813824));
#5914=CARTESIAN_POINT('',(-0.096106872221212,0.0643402760413263,0.0937145059434251));
#5915=CARTESIAN_POINT('',(-0.0962170540129538,0.0643318985212715,0.0937138555369965));
#5916=CARTESIAN_POINT('',(-0.0962879889071947,0.064324974959069,0.0937134635149758));
#5917=CARTESIAN_POINT('',(-0.0963170897172986,0.064322054117169,0.0937133040938938));
#5918=CARTESIAN_POINT('',(-0.0946779538941334,0.0623225727867398,0.0937600569375698));
#5919=CARTESIAN_POINT('',(-0.0949137674548402,0.0623984589046946,0.0937570273394316));
#5920=CARTESIAN_POINT('',(-0.0951762603281329,0.0624829305741156,0.0937536549807012));
#5921=CARTESIAN_POINT('',(-0.095186597500107,0.0624869658166059,0.0937535098043428));
#5922=CARTESIAN_POINT('',(-0.0951986017255347,0.0624914444221949,0.0937533448357898));
#5923=CARTESIAN_POINT('',(-0.0952127293226714,0.0624971595683483,0.0937531429306162));
#5924=CARTESIAN_POINT('',(-0.0952315704744053,0.0625051586288136,0.0937528670790166));
#5925=CARTESIAN_POINT('',(-0.0952541454265727,0.0625153056283568,0.0937525267383157));
#5926=CARTESIAN_POINT('',(-0.0952806575357311,0.0625278559128845,0.0937521159810634));
#5927=CARTESIAN_POINT('',(-0.0953109301428724,0.0625429380581494,0.0937516338402157));
#5928=CARTESIAN_POINT('',(-0.0953448972467485,0.0625607162941119,0.093751077926294));
#5929=CARTESIAN_POINT('',(-0.0953824535760788,0.0625813406760821,0.0937504463811733));
#5930=CARTESIAN_POINT('',(-0.0954234995275955,0.062604961824513,0.0937497372958828));
#5931=CARTESIAN_POINT('',(-0.0954679279739244,0.0626317264052127,0.0937489488848823));
#5932=CARTESIAN_POINT('',(-0.0955156282040118,0.0626617782873594,0.0937480794373584));
#5933=CARTESIAN_POINT('',(-0.095566484881607,0.0626952580518751,0.0937471273333361));
#5934=CARTESIAN_POINT('',(-0.0956203784494491,0.0627323029799491,0.0937460910409574));
#5935=CARTESIAN_POINT('',(-0.0956771851237803,0.0627730469069423,0.0937449691190704));
#5936=CARTESIAN_POINT('',(-0.0957367770101148,0.0628176201179285,0.0937437602182162));
#5937=CARTESIAN_POINT('',(-0.0957990221887561,0.0628661492337088,0.0937424630819999));
#5938=CARTESIAN_POINT('',(-0.0958637848121517,0.0629187571053987,0.0937410765482268));
#5939=CARTESIAN_POINT('',(-0.0959309252045726,0.0629755626986504,0.0937395995502028));
#5940=CARTESIAN_POINT('',(-0.0960002999568011,0.0630366810268122,0.0937380311172162));
#5941=CARTESIAN_POINT('',(-0.0960717620560363,0.0631022229074681,0.0937363703778483));
#5942=CARTESIAN_POINT('',(-0.0961451608916093,0.0631722954142484,0.0937346165520458));
#5943=CARTESIAN_POINT('',(-0.0962203427528989,0.0632469996564575,0.0937327689862776));
#5944=CARTESIAN_POINT('',(-0.0962971494413702,0.0633264388752457,0.0937308270222491));
#5945=CARTESIAN_POINT('',(-0.0963754241561939,0.0634106868275699,0.0937287905062155));
#5946=CARTESIAN_POINT('',(-0.0964549894183191,0.0634999089097654,0.0937266578343476));
#5947=CARTESIAN_POINT('',(-0.0965269849925651,0.0635837142589533,0.0937246744436436));
#5948=CARTESIAN_POINT('',(-0.0965722535508495,0.0636387501325521,0.0937233864747478));
#5949=CARTESIAN_POINT('',(-0.09659076791977,0.0636613853312172,0.0937228575077784));
#5950=CARTESIAN_POINT('',(-0.0950351563607454,0.0624376085414787,0.0937554663026627));
#5951=CARTESIAN_POINT('',(-0.0951524744172946,0.0620742790503963,0.0937609600901412));
#5952=CARTESIAN_POINT('',(-0.0947853055620194,0.0619695462335432,0.0937654429434222));
#5953=CARTESIAN_POINT('',(-0.084448353110197,0.0590209896432945,0.0938916492938476));
#5954=CARTESIAN_POINT('',(-0.0948755330529693,0.061632843759411,0.0937706678192425));
#5955=CARTESIAN_POINT('',(-0.095245906791378,0.0617256168944747,0.0937663705537043));
#5956=CARTESIAN_POINT('',(-0.095325986643757,0.0613523154139434,0.0937723076455561));
#5957=CARTESIAN_POINT('',(-0.0949590925608562,0.061273445922374,0.0937763370602511));
#5958=CARTESIAN_POINT('',(-0.0952012758201785,0.061325562197449,0.0937736763173691));
#5959=CARTESIAN_POINT('',(-0.0954708590426715,0.0613835747678405,0.0937707145451872));
#5960=CARTESIAN_POINT('',(-0.0954818298242594,0.0613852455654999,0.0937706060597698));
#5961=CARTESIAN_POINT('',(-0.0954944661311898,0.061387365428719,0.0937704776936683));
#5962=CARTESIAN_POINT('',(-0.095509559814236,0.0613894754262362,0.0937703317324078));
#5963=CARTESIAN_POINT('',(-0.0955298779539607,0.0613919628016759,0.0937701414099385));
#5964=CARTESIAN_POINT('',(-0.0955545040003576,0.0613944557204679,0.0937699198435993));
#5965=CARTESIAN_POINT('',(-0.0955837417672668,0.0613968346514679,0.0937696669232006));
#5966=CARTESIAN_POINT('',(-0.0956175025483435,0.0613988999569439,0.0937693867748439));
#5967=CARTESIAN_POINT('',(-0.095655811306009,0.0614004764171801,0.0937690822765569));
#5968=CARTESIAN_POINT('',(-0.0956986519031417,0.0614013814650059,0.0937687567317779));
#5969=CARTESIAN_POINT('',(-0.0957460133942279,0.0614014348761969,0.0937684133655121));
#5970=CARTESIAN_POINT('',(-0.0957978763396399,0.0614004560916668,0.093768055470024));
#5971=CARTESIAN_POINT('',(-0.0958542167974747,0.0613982651836281,0.0937676863591111));
#5972=CARTESIAN_POINT('',(-0.0959150051756644,0.061394682760918,0.0937673093780557));
#5973=CARTESIAN_POINT('',(-0.0959802065762976,0.061389530180918,0.0937669278974367));
#5974=CARTESIAN_POINT('',(-0.0960497807178113,0.0613826296733439,0.0937665453115311));
#5975=CARTESIAN_POINT('',(-0.0961236819830204,0.0613738044885677,0.0937661650353776));
#5976=CARTESIAN_POINT('',(-0.0962018594361838,0.0613628790390742,0.0937657905021844));
#5977=CARTESIAN_POINT('',(-0.0962842568546088,0.0613496790394081,0.0937654251606574));
#5978=CARTESIAN_POINT('',(-0.0963708127570862,0.0613340316562583,0.0937650724721754));
#5979=CARTESIAN_POINT('',(-0.0964614604524738,0.0613157656136663,0.0937647359086021));
#5980=CARTESIAN_POINT('',(-0.0965561280304607,0.0612947114688,0.0937644189475389));
#5981=CARTESIAN_POINT('',(-0.0966547385924506,0.0612707012235016,0.0937641250774368));
#5982=CARTESIAN_POINT('',(-0.0967572095724751,0.0612435704961442,0.0937638577645951));
#5983=CARTESIAN_POINT('',(-0.0968634555836927,0.0612131508160412,0.0937636205670847));
#5984=CARTESIAN_POINT('',(-0.0969733777058417,0.0611792999468852,0.0937634166828972));
#5985=CARTESIAN_POINT('',(-0.0970869049349619,0.0611417859512708,0.0937632506739421));
#5986=CARTESIAN_POINT('',(-0.0971911674361998,0.0611051806136884,0.0937631357901073));
#5987=CARTESIAN_POINT('',(-0.0972578954232652,0.0610801362070098,0.0937630904895975));
#5988=CARTESIAN_POINT('',(-0.0972852495327876,0.0610697840921631,0.0937630734125903));
#5989=CARTESIAN_POINT('',(-0.0951843432194358,0.0595626847795919,0.0938045702856842));
#5990=CARTESIAN_POINT('',(-0.0954317725804798,0.0595749573222088,0.0938025670963626));
#5991=CARTESIAN_POINT('',(-0.095707195434546,0.059588618347319,0.0938003372715841));
#5992=CARTESIAN_POINT('',(-0.095718225242934,0.0595898408410457,0.0938002361846665));
#5993=CARTESIAN_POINT('',(-0.0957309801210456,0.0595910601654142,0.0938001226804389));
#5994=CARTESIAN_POINT('',(-0.0957461061687128,0.0595929243561647,0.0937999807758042));
#5995=CARTESIAN_POINT('',(-0.0957663765095571,0.0595957747603635,0.093799784462158));
#5996=CARTESIAN_POINT('',(-0.0957908095443098,0.0595997335875047,0.0937995387034755));
#5997=CARTESIAN_POINT('',(-0.0958196678036865,0.0596049948485454,0.0937992382150839));
#5998=CARTESIAN_POINT('',(-0.0958528139244731,0.0596117284508737,0.0937988810243663));
#5999=CARTESIAN_POINT('',(-0.0958902266634094,0.0596201101033111,0.093798464217867));
#6000=CARTESIAN_POINT('',(-0.095931843174882,0.0596303119860313,0.0937979852445183));
#6001=CARTESIAN_POINT('',(-0.095977606234631,0.0596425053582705,0.0937974415286838));
#6002=CARTESIAN_POINT('',(-0.0960274503267549,0.0596568596066377,0.0937968305873651));
#6003=CARTESIAN_POINT('',(-0.0960813057497546,0.0596735423439029,0.0937961499987892));
#6004=CARTESIAN_POINT('',(-0.0961390974832119,0.0596927192036701,0.0937953974141871));
#6005=CARTESIAN_POINT('',(-0.0962007455752465,0.0597145537246945,0.0937945705570115));
#6006=CARTESIAN_POINT('',(-0.096266165099399,0.0597392072111882,0.093793667225687));
#6007=CARTESIAN_POINT('',(-0.0963352662394194,0.0597668386019666,0.0937926852952813));
#6008=CARTESIAN_POINT('',(-0.0964079543423684,0.0597976043382182,0.0937916227194289));
#6009=CARTESIAN_POINT('',(-0.0964841299853709,0.059831658236494,0.0937904775320662));
#6010=CARTESIAN_POINT('',(-0.0965636890419337,0.0598691513510825,0.0937892478493536));
#6011=CARTESIAN_POINT('',(-0.0966465227561076,0.0599102318849449,0.0937879318706943));
#6012=CARTESIAN_POINT('',(-0.0967325178049512,0.0599550449209404,0.0937865278829742));
#6013=CARTESIAN_POINT('',(-0.096821556421003,0.0600037328567483,0.0937850342520846));
#6014=CARTESIAN_POINT('',(-0.0969135162985003,0.060056433131372,0.0937834494632849));
#6015=CARTESIAN_POINT('',(-0.0970082713483742,0.0601132864043609,0.0937817719729732));
#6016=CARTESIAN_POINT('',(-0.0971056891996473,0.0601744044949764,0.0937800007863824));
#6017=CARTESIAN_POINT('',(-0.0972056412280486,0.0602399930875718,0.0937781332432138));
#6018=CARTESIAN_POINT('',(-0.0972968791216253,0.0603023086269685,0.0937763858372519));
#6019=CARTESIAN_POINT('',(-0.0973548527994697,0.0603437525144484,0.0937752432596584));
#6020=CARTESIAN_POINT('',(-0.0973785960710515,0.0603608244314807,0.0937747735952882));
#6021=CARTESIAN_POINT('',(-0.0955591631744498,0.0595813578920737,0.0938015343106334));
#6022=CARTESIAN_POINT('',(-0.0955784390873391,0.0592000601025996,0.093808050606206));
#6023=CARTESIAN_POINT('',(-0.0951966589476996,0.0591939176931789,0.0938109181778229));
#6024=CARTESIAN_POINT('',(-0.084448353110197,0.0590209896432948,0.0938916492938476));
#6025=CARTESIAN_POINT('',(-0.0951966589476996,0.0588453494271453,0.0938170025390469));
#6026=CARTESIAN_POINT('',(-0.095578439087339,0.0588391106814991,0.0938143510841197));
#6027=CARTESIAN_POINT('',(-0.0955591631744497,0.058457817755999,0.0938211460329376));
#6028=CARTESIAN_POINT('',(-0.0951843432194358,0.058476585448413,0.0938235284677678));
#6029=CARTESIAN_POINT('',(-0.0954317725804798,0.0584642504708807,0.0938219548099211));
#6030=CARTESIAN_POINT('',(-0.095707195434546,0.0584505199471366,0.0938202031126543));
#6031=CARTESIAN_POINT('',(-0.095718225242934,0.0584492946702108,0.0938201447522907));
#6032=CARTESIAN_POINT('',(-0.0957309801210456,0.058448072127349,0.0938200738715712));
#6033=CARTESIAN_POINT('',(-0.0957461061687128,0.0584462041197778,0.0938199971135519));
#6034=CARTESIAN_POINT('',(-0.0957663765095571,0.0584433486006767,0.0938199003984688));
#6035=CARTESIAN_POINT('',(-0.0957908095443098,0.0584393836082427,0.0938197929523789));
#6036=CARTESIAN_POINT('',(-0.0958196678036865,0.0584341150652732,0.0938196762648019));
#6037=CARTESIAN_POINT('',(-0.0958528139244731,0.0584273730990416,0.0938195542940822));
#6038=CARTESIAN_POINT('',(-0.0958902266634094,0.0584189820060868,0.0938194302607686));
#6039=CARTESIAN_POINT('',(-0.095931843174882,0.0584087696220932,0.0938193076244273));
#6040=CARTESIAN_POINT('',(-0.095977606234631,0.0583965647022641,0.0938191897879303));
#6041=CARTESIAN_POINT('',(-0.0960274503267549,0.0583821978765227,0.0938190801813762));
#6042=CARTESIAN_POINT('',(-0.0960813057497546,0.0583655015496869,0.0938189822341452));
#6043=CARTESIAN_POINT('',(-0.0961390974832119,0.0583463101070828,0.093818899379504));
#6044=CARTESIAN_POINT('',(-0.0962007455752465,0.0583244600301301,0.0938188350497869));
#6045=CARTESIAN_POINT('',(-0.096266165099399,0.0582997900360464,0.0938187926742691));
#6046=CARTESIAN_POINT('',(-0.0963352662394194,0.05827214120868,0.0938187756762697));
#6047=CARTESIAN_POINT('',(-0.0964079543423684,0.0582413571307265,0.0938187874704602));
#6048=CARTESIAN_POINT('',(-0.0964841299853709,0.0582072840107229,0.0938188314601647));
#6049=CARTESIAN_POINT('',(-0.0965636890419337,0.0581697708206553,0.0938189110344788));
#6050=CARTESIAN_POINT('',(-0.0966465227561076,0.0581286693850054,0.093819029566179));
#6051=CARTESIAN_POINT('',(-0.0967325178049512,0.0580838346495091,0.0938191904065796));
#6052=CARTESIAN_POINT('',(-0.096821556421003,0.0580351242462041,0.0938193968922397));
#6053=CARTESIAN_POINT('',(-0.0969135162985003,0.0579824007669487,0.0938196523059562));
#6054=CARTESIAN_POINT('',(-0.0970082713483742,0.0579255235840104,0.0938199600140788));
#6055=CARTESIAN_POINT('',(-0.0971056891996473,0.0578643809115292,0.0938203229249338));
#6056=CARTESIAN_POINT('',(-0.0972056412280486,0.0577987670976084,0.0938207455582169));
#6057=CARTESIAN_POINT('',(-0.0972968791216253,0.0577364285357614,0.0938211740261194));
#6058=CARTESIAN_POINT('',(-0.0973548527994697,0.0576949700195339,0.0938214785342754));
#6059=CARTESIAN_POINT('',(-0.0973785960710515,0.0576778921112596,0.0938216049651128));
#6060=CARTESIAN_POINT('',(-0.0949590925608562,0.0567658811440989,0.0938550179243));
#6061=CARTESIAN_POINT('',(-0.0952012758201785,0.0567137037578799,0.0938541776578369));
#6062=CARTESIAN_POINT('',(-0.0954708590426715,0.0566556231623938,0.0938532423258839));
#6063=CARTESIAN_POINT('',(-0.0954818298242594,0.0566539495964299,0.0938531922173136));
#6064=CARTESIAN_POINT('',(-0.0954944661311899,0.056651826544637,0.0938531379125369));
#6065=CARTESIAN_POINT('',(-0.095509559814236,0.0566497127384658,0.0938530656790075));
#6066=CARTESIAN_POINT('',(-0.0955298779539607,0.0566472202360625,0.0938529622817652));
#6067=CARTESIAN_POINT('',(-0.0955545040003576,0.0566447211032742,0.0938528278531492));
#6068=CARTESIAN_POINT('',(-0.0955837417672668,0.0566423347945827,0.0938526581114057));
#6069=CARTESIAN_POINT('',(-0.0956175025483435,0.0566402609701035,0.0938524502127752));
#6070=CARTESIAN_POINT('',(-0.095655811306009,0.0566386748432536,0.0938522009183725));
#6071=CARTESIAN_POINT('',(-0.0956986519031417,0.0566377589852757,0.0938519071580379));
#6072=CARTESIAN_POINT('',(-0.095746013394228,0.0566376936231558,0.093851565864995));
#6073=CARTESIAN_POINT('',(-0.0957978763396399,0.0566386593208857,0.0938511740279993));
#6074=CARTESIAN_POINT('',(-0.0958542167974747,0.0566408360122942,0.0938507286793581));
#6075=CARTESIAN_POINT('',(-0.0959150051756644,0.0566444030960112,0.0938502269015731));
#6076=CARTESIAN_POINT('',(-0.0959802065762977,0.0566495392234612,0.0938496658285507));
#6077=CARTESIAN_POINT('',(-0.0960497807178113,0.0566564221750928,0.0938490426483257));
#6078=CARTESIAN_POINT('',(-0.0961236819830204,0.0566652287120448,0.0938483546053029));
#6079=CARTESIAN_POINT('',(-0.0962018594361839,0.056676134434685,0.0938475990026028));
#6080=CARTESIAN_POINT('',(-0.0962842568546089,0.056689313642656,0.0938467732042767));
#6081=CARTESIAN_POINT('',(-0.0963708127570862,0.0567049391847824,0.0938458746377202));
#6082=CARTESIAN_POINT('',(-0.0964614604524738,0.0567231823538514,0.0938449007951591));
#6083=CARTESIAN_POINT('',(-0.0965561280304607,0.0567442126108404,0.0938438492385296));
#6084=CARTESIAN_POINT('',(-0.0966547385924506,0.0567681979733113,0.0938427175910298));
#6085=CARTESIAN_POINT('',(-0.0967572095724751,0.0567953028437253,0.0938415035799365));
#6086=CARTESIAN_POINT('',(-0.0968634555836927,0.0568256957143151,0.093840204881534));
#6087=CARTESIAN_POINT('',(-0.0969733777058417,0.0568595188463489,0.0938388197278252));
#6088=CARTESIAN_POINT('',(-0.0970869049349619,0.0568970041951491,0.0938373445833365));
#6089=CARTESIAN_POINT('',(-0.0971911674361999,0.0569335832237259,0.0938359522449453));
#6090=CARTESIAN_POINT('',(-0.0972578954232652,0.0569586107926444,0.0938350329234289));
#6091=CARTESIAN_POINT('',(-0.0972852495327876,0.056968956005111,0.0938346545685085));
#6092=CARTESIAN_POINT('',(-0.0953259866437571,0.0566869190725667,0.0938537435057881));
#6093=CARTESIAN_POINT('',(-0.0952459067913781,0.0563136377989291,0.0938608382346802));
#6094=CARTESIAN_POINT('',(-0.0948755330529693,0.0564065043919921,0.0938618951043662));
#6095=CARTESIAN_POINT('',(-0.0844483531101971,0.0590209896432951,0.0938916492938476));
#6096=CARTESIAN_POINT('',(-0.0844483531101981,0.0590209896432948,0.0938916492938476));
#6097=CARTESIAN_POINT('',(-0.0716114566876086,0.0569721951944265,0.0940202251751048));
#6098=CARTESIAN_POINT('',(-0.0715680831136595,0.0568674821239519,0.0880212957784579));
#6099=CARTESIAN_POINT('',(-0.0844049795362491,0.0589162765728202,0.0878927198972006));
#6100=CARTESIAN_POINT('',(-0.0714747365753957,0.0575764417846343,0.08800959559576));
#6101=CARTESIAN_POINT('',(-0.0715181101493447,0.0576811548551089,0.0940085249924069));
#6102=CARTESIAN_POINT('',(-0.0844049795362491,0.0589162765728202,0.0878927198972006));
#6103=CARTESIAN_POINT('',(-0.095202533217429,0.0562089247284545,0.0878619088380333));
#6104=CARTESIAN_POINT('',(-0.095282613069808,0.0565822060020921,0.0878548141091412));
#6105=CARTESIAN_POINT('',(-0.0948321594790202,0.0563017913215175,0.0878629657077193));
#6106=CARTESIAN_POINT('',(-0.0949157189869071,0.0566611680736243,0.0878560885276531));
#6107=CARTESIAN_POINT('',(-0.0951579022462295,0.0566089906874052,0.0878552482611899));
#6108=CARTESIAN_POINT('',(-0.0954274854687225,0.0565509100919192,0.087854312929237));
#6109=CARTESIAN_POINT('',(-0.0954384562503103,0.0565492365259552,0.0878542628206667));
#6110=CARTESIAN_POINT('',(-0.0954510925572408,0.0565471134741624,0.08785420851589));
#6111=CARTESIAN_POINT('',(-0.095466186240287,0.0565449996679912,0.0878541362823606));
#6112=CARTESIAN_POINT('',(-0.0954865043800116,0.0565425071655878,0.0878540328851183));
#6113=CARTESIAN_POINT('',(-0.0955111304264085,0.0565400080327996,0.0878538984565023));
#6114=CARTESIAN_POINT('',(-0.0955403681933177,0.056537621724108,0.0878537287147587));
#6115=CARTESIAN_POINT('',(-0.0955741289743944,0.0565355478996289,0.0878535208161283));
#6116=CARTESIAN_POINT('',(-0.0956124377320599,0.056533961772779,0.0878532715217256));
#6117=CARTESIAN_POINT('',(-0.0956552783291926,0.056533045914801,0.087852977761391));
#6118=CARTESIAN_POINT('',(-0.0957026398202789,0.0565329805526811,0.0878526364683481));
#6119=CARTESIAN_POINT('',(-0.0957545027656908,0.056533946250411,0.0878522446313524));
#6120=CARTESIAN_POINT('',(-0.0958108432235257,0.0565361229418196,0.0878517992827112));
#6121=CARTESIAN_POINT('',(-0.0958716316017154,0.0565396900255366,0.0878512975049262));
#6122=CARTESIAN_POINT('',(-0.0959368330023486,0.0565448261529866,0.0878507364319038));
#6123=CARTESIAN_POINT('',(-0.0960064071438623,0.0565517091046181,0.0878501132516788));
#6124=CARTESIAN_POINT('',(-0.0960803084090713,0.0565605156415701,0.087849425208656));
#6125=CARTESIAN_POINT('',(-0.0961584858622348,0.0565714213642104,0.0878486696059559));
#6126=CARTESIAN_POINT('',(-0.0962408832806598,0.0565846005721814,0.0878478438076298));
#6127=CARTESIAN_POINT('',(-0.0963274391831372,0.0566002261143078,0.0878469452410733));
#6128=CARTESIAN_POINT('',(-0.0964180868785248,0.0566184692833767,0.0878459713985122));
#6129=CARTESIAN_POINT('',(-0.0965127544565117,0.0566394995403657,0.0878449198418827));
#6130=CARTESIAN_POINT('',(-0.0966113650185015,0.0566634849028366,0.0878437881943829));
#6131=CARTESIAN_POINT('',(-0.096713835998526,0.0566905897732506,0.0878425741832896));
#6132=CARTESIAN_POINT('',(-0.0968200820097437,0.0567209826438405,0.087841275484887));
#6133=CARTESIAN_POINT('',(-0.0969300041318926,0.0567548057758743,0.0878398903311783));
#6134=CARTESIAN_POINT('',(-0.0970435313610129,0.0567922911246744,0.0878384151866895));
#6135=CARTESIAN_POINT('',(-0.0971477938622508,0.0568288701532513,0.0878370228482984));
#6136=CARTESIAN_POINT('',(-0.0972145218493161,0.0568538977221698,0.087836103526782));
#6137=CARTESIAN_POINT('',(-0.0972418759588386,0.0568642429346363,0.0878357251718616));
#6138=CARTESIAN_POINT('',(-0.0951409696454868,0.0583718723779384,0.0878245990711209));
#6139=CARTESIAN_POINT('',(-0.0953883990065307,0.058359537400406,0.0878230254132742));
#6140=CARTESIAN_POINT('',(-0.095663821860597,0.0583458068766619,0.0878212737160074));
#6141=CARTESIAN_POINT('',(-0.095674851668985,0.0583445815997361,0.0878212153556438));
#6142=CARTESIAN_POINT('',(-0.0956876065470965,0.0583433590568744,0.0878211444749243));
#6143=CARTESIAN_POINT('',(-0.0957027325947637,0.0583414910493032,0.0878210677169049));
#6144=CARTESIAN_POINT('',(-0.0957230029356081,0.058338635530202,0.0878209710018219));
#6145=CARTESIAN_POINT('',(-0.0957474359703607,0.058334670537768,0.087820863555732));
#6146=CARTESIAN_POINT('',(-0.0957762942297375,0.0583294019947985,0.087820746868155));
#6147=CARTESIAN_POINT('',(-0.095809440350524,0.058322660028567,0.0878206248974353));
#6148=CARTESIAN_POINT('',(-0.0958468530894604,0.0583142689356121,0.0878205008641217));
#6149=CARTESIAN_POINT('',(-0.095888469600933,0.0583040565516186,0.0878203782277804));
#6150=CARTESIAN_POINT('',(-0.0959342326606819,0.0582918516317895,0.0878202603912834));
#6151=CARTESIAN_POINT('',(-0.0959840767528059,0.058277484806048,0.0878201507847293));
#6152=CARTESIAN_POINT('',(-0.0960379321758055,0.0582607884792123,0.0878200528374983));
#6153=CARTESIAN_POINT('',(-0.0960957239092629,0.0582415970366082,0.0878199699828571));
#6154=CARTESIAN_POINT('',(-0.0961573720012974,0.0582197469596555,0.08781990565314));
#6155=CARTESIAN_POINT('',(-0.0962227915254499,0.0581950769655717,0.0878198632776222));
#6156=CARTESIAN_POINT('',(-0.0962918926654704,0.0581674281382053,0.0878198462796228));
#6157=CARTESIAN_POINT('',(-0.0963645807684193,0.0581366440602519,0.0878198580738133));
#6158=CARTESIAN_POINT('',(-0.0964407564114219,0.0581025709402482,0.0878199020635178));
#6159=CARTESIAN_POINT('',(-0.0965203154679846,0.0580650577501806,0.0878199816378319));
#6160=CARTESIAN_POINT('',(-0.0966031491821586,0.0580239563145307,0.087820100169532));
#6161=CARTESIAN_POINT('',(-0.0966891442310022,0.0579791215790345,0.0878202610099327));
#6162=CARTESIAN_POINT('',(-0.0967781828470539,0.0579304111757294,0.0878204674955928));
#6163=CARTESIAN_POINT('',(-0.0968701427245512,0.0578776876964741,0.0878207229093092));
#6164=CARTESIAN_POINT('',(-0.0969648977744251,0.0578208105135357,0.0878210306174319));
#6165=CARTESIAN_POINT('',(-0.0970623156256983,0.0577596678410546,0.0878213935282869));
#6166=CARTESIAN_POINT('',(-0.0971622676540995,0.0576940540271337,0.08782181616157));
#6167=CARTESIAN_POINT('',(-0.0972535055476762,0.0576317154652867,0.0878222446294725));
#6168=CARTESIAN_POINT('',(-0.0973114792255206,0.0575902569490592,0.0878225491376285));
#6169=CARTESIAN_POINT('',(-0.0973352224971025,0.057573179040785,0.0878226755684659));
#6170=CARTESIAN_POINT('',(-0.0955157896005006,0.0583531046855244,0.0878222166362908));
#6171=CARTESIAN_POINT('',(-0.09553506551339,0.0587343976110245,0.0878154216874728));
#6172=CARTESIAN_POINT('',(-0.0951532853737505,0.0587406363566707,0.0878180731424));
#6173=CARTESIAN_POINT('',(-0.084404979536248,0.0589162765728201,0.0878927198972006));
#6174=CARTESIAN_POINT('',(-0.0951532853737506,0.0590892046227043,0.087811988781176));
#6175=CARTESIAN_POINT('',(-0.09553506551339,0.0590953470321249,0.0878091212095591));
#6176=CARTESIAN_POINT('',(-0.0955157896005006,0.0594766448215991,0.0878026049139865));
#6177=CARTESIAN_POINT('',(-0.0951409696454867,0.0594579717091173,0.0878056408890373));
#6178=CARTESIAN_POINT('',(-0.0953883990065307,0.0594702442517342,0.0878036376997157));
#6179=CARTESIAN_POINT('',(-0.095663821860597,0.0594839052768443,0.0878014078749372));
#6180=CARTESIAN_POINT('',(-0.095674851668985,0.0594851277705711,0.0878013067880196));
#6181=CARTESIAN_POINT('',(-0.0956876065470965,0.0594863470949395,0.087801193283792));
#6182=CARTESIAN_POINT('',(-0.0957027325947637,0.05948821128569,0.0878010513791573));
#6183=CARTESIAN_POINT('',(-0.0957230029356081,0.0594910616898889,0.0878008550655111));
#6184=CARTESIAN_POINT('',(-0.0957474359703607,0.05949502051703,0.0878006093068286));
#6185=CARTESIAN_POINT('',(-0.0957762942297375,0.0595002817780708,0.087800308818437));
#6186=CARTESIAN_POINT('',(-0.095809440350524,0.059507015380399,0.0877999516277194));
#6187=CARTESIAN_POINT('',(-0.0958468530894603,0.0595153970328365,0.0877995348212201));
#6188=CARTESIAN_POINT('',(-0.095888469600933,0.0595255989155566,0.0877990558478713));
#6189=CARTESIAN_POINT('',(-0.0959342326606819,0.0595377922877959,0.0877985121320369));
#6190=CARTESIAN_POINT('',(-0.0959840767528059,0.059552146536163,0.0877979011907182));
#6191=CARTESIAN_POINT('',(-0.0960379321758055,0.0595688292734282,0.0877972206021423));
#6192=CARTESIAN_POINT('',(-0.0960957239092629,0.0595880061331955,0.0877964680175402));
#6193=CARTESIAN_POINT('',(-0.0961573720012975,0.0596098406542198,0.0877956411603646));
#6194=CARTESIAN_POINT('',(-0.0962227915254499,0.0596344941407135,0.0877947378290401));
#6195=CARTESIAN_POINT('',(-0.0962918926654704,0.0596621255314919,0.0877937558986344));
#6196=CARTESIAN_POINT('',(-0.0963645807684193,0.0596928912677436,0.087792693322782));
#6197=CARTESIAN_POINT('',(-0.0964407564114219,0.0597269451660194,0.0877915481354193));
#6198=CARTESIAN_POINT('',(-0.0965203154679846,0.0597644382806079,0.0877903184527066));
#6199=CARTESIAN_POINT('',(-0.0966031491821586,0.0598055188144702,0.0877890024740473));
#6200=CARTESIAN_POINT('',(-0.0966891442310022,0.0598503318504657,0.0877875984863272));
#6201=CARTESIAN_POINT('',(-0.0967781828470539,0.0598990197862736,0.0877861048554377));
#6202=CARTESIAN_POINT('',(-0.0968701427245512,0.0599517200608973,0.087784520066638));
#6203=CARTESIAN_POINT('',(-0.0969648977744251,0.0600085733338862,0.0877828425763262));
#6204=CARTESIAN_POINT('',(-0.0970623156256983,0.0600696914245017,0.0877810713897355));
#6205=CARTESIAN_POINT('',(-0.0971622676540995,0.0601352800170971,0.0877792038465669));
#6206=CARTESIAN_POINT('',(-0.0972535055476762,0.0601975955564938,0.087777456440605));
#6207=CARTESIAN_POINT('',(-0.0973114792255206,0.0602390394439737,0.0877763138630115));
#6208=CARTESIAN_POINT('',(-0.0973352224971025,0.0602561113610061,0.0877758441986413));
#6209=CARTESIAN_POINT('',(-0.0949157189869071,0.0611687328518993,0.0877774076636042));
#6210=CARTESIAN_POINT('',(-0.0951579022462295,0.0612208491269744,0.0877747469207221));
#6211=CARTESIAN_POINT('',(-0.0954274854687225,0.0612788616973658,0.0877717851485403));
#6212=CARTESIAN_POINT('',(-0.0954384562503103,0.0612805324950252,0.0877716766631228));
#6213=CARTESIAN_POINT('',(-0.0954510925572408,0.0612826523582443,0.0877715482970214));
#6214=CARTESIAN_POINT('',(-0.095466186240287,0.0612847623557616,0.0877714023357609));
#6215=CARTESIAN_POINT('',(-0.0954865043800116,0.0612872497312013,0.0877712120132916));
#6216=CARTESIAN_POINT('',(-0.0955111304264085,0.0612897426499933,0.0877709904469524));
#6217=CARTESIAN_POINT('',(-0.0955403681933177,0.0612921215809933,0.0877707375265537));
#6218=CARTESIAN_POINT('',(-0.0955741289743944,0.0612941868864693,0.087770457378197));
#6219=CARTESIAN_POINT('',(-0.0956124377320599,0.0612957633467055,0.08777015287991));
#6220=CARTESIAN_POINT('',(-0.0956552783291926,0.0612966683945312,0.087769827335131));
#6221=CARTESIAN_POINT('',(-0.0957026398202789,0.0612967218057222,0.0877694839688652));
#6222=CARTESIAN_POINT('',(-0.0957545027656908,0.0612957430211922,0.0877691260733771));
#6223=CARTESIAN_POINT('',(-0.0958108432235256,0.0612935521131534,0.0877687569624641));
#6224=CARTESIAN_POINT('',(-0.0958716316017154,0.0612899696904434,0.0877683799814088));
#6225=CARTESIAN_POINT('',(-0.0959368330023486,0.0612848171104434,0.0877679985007898));
#6226=CARTESIAN_POINT('',(-0.0960064071438622,0.0612779166028693,0.0877676159148842));
#6227=CARTESIAN_POINT('',(-0.0960803084090713,0.061269091418093,0.0877672356387307));
#6228=CARTESIAN_POINT('',(-0.0961584858622348,0.0612581659685996,0.0877668611055374));
#6229=CARTESIAN_POINT('',(-0.0962408832806598,0.0612449659689334,0.0877664957640105));
#6230=CARTESIAN_POINT('',(-0.0963274391831372,0.0612293185857837,0.0877661430755285));
#6231=CARTESIAN_POINT('',(-0.0964180868785248,0.0612110525431917,0.0877658065119552));
#6232=CARTESIAN_POINT('',(-0.0965127544565117,0.0611899983983253,0.087765489550892));
#6233=CARTESIAN_POINT('',(-0.0966113650185015,0.0611659881530269,0.0877651956807899));
#6234=CARTESIAN_POINT('',(-0.096713835998526,0.0611388574256696,0.0877649283679482));
#6235=CARTESIAN_POINT('',(-0.0968200820097437,0.0611084377455665,0.0877646911704378));
#6236=CARTESIAN_POINT('',(-0.0969300041318926,0.0610745868764106,0.0877644872862503));
#6237=CARTESIAN_POINT('',(-0.0970435313610129,0.0610370728807962,0.0877643212772952));
#6238=CARTESIAN_POINT('',(-0.0971477938622508,0.0610004675432137,0.0877642063934604));
#6239=CARTESIAN_POINT('',(-0.0972145218493161,0.0609754231365351,0.0877641610929506));
#6240=CARTESIAN_POINT('',(-0.0972418759588386,0.0609650710216884,0.0877641440159434));
#6241=CARTESIAN_POINT('',(-0.095282613069808,0.0612476023434687,0.0877733782489092));
#6242=CARTESIAN_POINT('',(-0.095202533217429,0.0616209038240001,0.0877674411570574));
#6243=CARTESIAN_POINT('',(-0.0948321594790202,0.0615281306889364,0.0877717384225955));
#6244=CARTESIAN_POINT('',(-0.084404979536248,0.0589162765728199,0.0878927198972007));
#6245=CARTESIAN_POINT('',(-0.0947419319880704,0.0618648331630685,0.0877665135467753));
#6246=CARTESIAN_POINT('',(-0.0951091008433455,0.0619695659799216,0.0877620306934943));
#6247=CARTESIAN_POINT('',(-0.0949917827867963,0.0623328954710041,0.0877565369060157));
#6248=CARTESIAN_POINT('',(-0.0946345803201843,0.0622178597162651,0.0877611275409229));
#6249=CARTESIAN_POINT('',(-0.0948703938808912,0.06229374583422,0.0877580979427847));
#6250=CARTESIAN_POINT('',(-0.0951328867541838,0.062378217503641,0.0877547255840543));
#6251=CARTESIAN_POINT('',(-0.0951432239261579,0.0623822527461312,0.0877545804076959));
#6252=CARTESIAN_POINT('',(-0.0951552281515856,0.0623867313517203,0.0877544154391429));
#6253=CARTESIAN_POINT('',(-0.0951693557487223,0.0623924464978736,0.0877542135339693));
#6254=CARTESIAN_POINT('',(-0.0951881969004562,0.062400445558339,0.0877539376823696));
#6255=CARTESIAN_POINT('',(-0.0952107718526237,0.0624105925578822,0.0877535973416688));
#6256=CARTESIAN_POINT('',(-0.095237283961782,0.0624231428424099,0.0877531865844165));
#6257=CARTESIAN_POINT('',(-0.0952675565689233,0.0624382249876747,0.0877527044435688));
#6258=CARTESIAN_POINT('',(-0.0953015236727994,0.0624560032236372,0.0877521485296471));
#6259=CARTESIAN_POINT('',(-0.0953390800021297,0.0624766276056075,0.0877515169845263));
#6260=CARTESIAN_POINT('',(-0.0953801259536465,0.0625002487540383,0.0877508078992359));
#6261=CARTESIAN_POINT('',(-0.0954245543999754,0.062527013334738,0.0877500194882354));
#6262=CARTESIAN_POINT('',(-0.0954722546300627,0.0625570652168847,0.0877491500407115));
#6263=CARTESIAN_POINT('',(-0.095523111307658,0.0625905449814004,0.0877481979366892));
#6264=CARTESIAN_POINT('',(-0.0955770048755,0.0626275899094745,0.0877471616443105));
#6265=CARTESIAN_POINT('',(-0.0956338115498313,0.0626683338364676,0.0877460397224235));
#6266=CARTESIAN_POINT('',(-0.0956934034361657,0.0627129070474539,0.0877448308215693));
#6267=CARTESIAN_POINT('',(-0.095755648614807,0.0627614361632342,0.087743533685353));
#6268=CARTESIAN_POINT('',(-0.0958204112382026,0.062814044034924,0.0877421471515799));
#6269=CARTESIAN_POINT('',(-0.0958875516306235,0.0628708496281757,0.0877406701535559));
#6270=CARTESIAN_POINT('',(-0.095956926382852,0.0629319679563375,0.0877391017205693));
#6271=CARTESIAN_POINT('',(-0.0960283884820873,0.0629975098369935,0.0877374409812014));
#6272=CARTESIAN_POINT('',(-0.0961017873176602,0.0630675823437737,0.0877356871553989));
#6273=CARTESIAN_POINT('',(-0.0961769691789498,0.0631422865859829,0.0877338395896306));
#6274=CARTESIAN_POINT('',(-0.0962537758674211,0.063221725804771,0.0877318976256022));
#6275=CARTESIAN_POINT('',(-0.0963320505822448,0.0633059737570952,0.0877298611095685));
#6276=CARTESIAN_POINT('',(-0.0964116158443701,0.0633951958392907,0.0877277284377007));
#6277=CARTESIAN_POINT('',(-0.096483611418616,0.0634790011884787,0.0877257450469967));
#6278=CARTESIAN_POINT('',(-0.0965288799769004,0.0635340370620775,0.0877244570781009));
#6279=CARTESIAN_POINT('',(-0.096547394345821,0.0635566722607426,0.0877239281111315));
#6280=CARTESIAN_POINT('',(-0.0939741788045833,0.0638120921528011,0.0877380745942447));
#6281=CARTESIAN_POINT('',(-0.094194611573288,0.0639251080424634,0.0877345080915575));
#6282=CARTESIAN_POINT('',(-0.0944399835131022,0.0640509102461885,0.0877305380843402));
#6283=CARTESIAN_POINT('',(-0.0944501476272548,0.0640553632563337,0.0877303868669709));
#6284=CARTESIAN_POINT('',(-0.0944618042195694,0.0640606810604586,0.0877302097634251));
#6285=CARTESIAN_POINT('',(-0.0944758369284384,0.0640666252702204,0.0877300045459421));
#6286=CARTESIAN_POINT('',(-0.0944948182193985,0.0640742860296753,0.0877297335862484));
#6287=CARTESIAN_POINT('',(-0.0945179590530741,0.0640830669713973,0.0877294129990398));
#6288=CARTESIAN_POINT('',(-0.0945455838220186,0.0640929312561505,0.0877290410819266));
#6289=CARTESIAN_POINT('',(-0.0945776585219474,0.064103663086179,0.0877286218475805));
#6290=CARTESIAN_POINT('',(-0.0946142526198154,0.0641150996664464,0.087728157635375));
#6291=CARTESIAN_POINT('',(-0.094655397786711,0.0641270604685778,0.0877276513674971));
#6292=CARTESIAN_POINT('',(-0.0947011301017856,0.0641393685709045,0.0877271058713061));
#6293=CARTESIAN_POINT('',(-0.0947514775264633,0.0641518445301339,0.08772652407687));
#6294=CARTESIAN_POINT('',(-0.0948064635100389,0.0641643083476545,0.0877259089565738));
#6295=CARTESIAN_POINT('',(-0.0948661059054449,0.064176579081026,0.0877252635397403));
#6296=CARTESIAN_POINT('',(-0.094930417246974,0.0641884751377905,0.0877245909054932));
#6297=CARTESIAN_POINT('',(-0.0949994046430813,0.0641998143749137,0.087723894181797));
#6298=CARTESIAN_POINT('',(-0.0950730697843827,0.0642104142544857,0.0877231765426808));
#6299=CARTESIAN_POINT('',(-0.0951514089235219,0.0642200919847802,0.0877224412059219));
#6300=CARTESIAN_POINT('',(-0.0952344128694719,0.0642286646636147,0.0877216914305848));
#6301=CARTESIAN_POINT('',(-0.0953220669761504,0.0642359494306859,0.087720930514444));
#6302=CARTESIAN_POINT('',(-0.0954143511621135,0.0642417635817684,0.0877201617918485));
#6303=CARTESIAN_POINT('',(-0.0955112398302493,0.0642459248327109,0.0877193886296942));
#6304=CARTESIAN_POINT('',(-0.0956127021913394,0.0642482510039576,0.0877186144305916));
#6305=CARTESIAN_POINT('',(-0.0957187010459437,0.064248561942732,0.0877178426081202));
#6306=CARTESIAN_POINT('',(-0.0958291975284205,0.0642466728163923,0.0877170766695951));
#6307=CARTESIAN_POINT('',(-0.0959441329104756,0.0642424206313534,0.0877163198847355));
#6308=CARTESIAN_POINT('',(-0.096063498647263,0.0642355629708517,0.0877155765467781));
#6309=CARTESIAN_POINT('',(-0.0961736804390047,0.0642271854507969,0.0877149261403496));
#6310=CARTESIAN_POINT('',(-0.0962446153332456,0.0642202618885944,0.0877145341183289));
#6311=CARTESIAN_POINT('',(-0.0962737161433495,0.0642173410466944,0.0877143746972469));
#6312=CARTESIAN_POINT('',(-0.0943081437899427,0.0639832240028414,0.0877326727976373));
#6313=CARTESIAN_POINT('',(-0.0941341654818967,0.0643230941594156,0.0877279981657499));
#6314=CARTESIAN_POINT('',(-0.0938004385029196,0.0641376314794818,0.0877336483903541));
#6315=CARTESIAN_POINT('',(-0.0844049795362481,0.0589162765728196,0.0878927198972006));
#6316=CARTESIAN_POINT('',(-0.0936261323754202,0.0644395224445276,0.0877296390665902));
#6317=CARTESIAN_POINT('',(-0.0939536679956193,0.0646357083004236,0.087723846430688));
#6318=CARTESIAN_POINT('',(-0.0937463028270867,0.0649563091887275,0.0877197495438413));
#6319=CARTESIAN_POINT('',(-0.0934310606066713,0.0647527502883113,0.0877255819944221));
#6320=CARTESIAN_POINT('',(-0.0936391880625792,0.0648870784680733,0.0877217324495739));
#6321=CARTESIAN_POINT('',(-0.0938708624995733,0.0650366041771301,0.0877174473775659));
#6322=CARTESIAN_POINT('',(-0.0938798025739465,0.0650431771732767,0.0877172680052956));
#6323=CARTESIAN_POINT('',(-0.0938902380785654,0.0650506098505167,0.0877170628147515));
#6324=CARTESIAN_POINT('',(-0.0939024044527737,0.0650597864743072,0.0877168146685429));
#6325=CARTESIAN_POINT('',(-0.0939185324220429,0.0650723890682875,0.0877164780778205));
#6326=CARTESIAN_POINT('',(-0.0939377108459419,0.0650880327389825,0.0877160663487576));
#6327=CARTESIAN_POINT('',(-0.0939600700484559,0.065107016765847,0.0877155733150725));
#6328=CARTESIAN_POINT('',(-0.0939854061138032,0.065129419630773,0.0877149990811968));
#6329=CARTESIAN_POINT('',(-0.0940136127806232,0.0651553828928596,0.0877143419444677));
#6330=CARTESIAN_POINT('',(-0.094044549526032,0.0651850242565321,0.0877136008663312));
#6331=CARTESIAN_POINT('',(-0.0940780811555524,0.0652184634389248,0.0877127747345755));
#6332=CARTESIAN_POINT('',(-0.0941140662308905,0.065255814390013,0.0877118625828001));
#6333=CARTESIAN_POINT('',(-0.0941523605762134,0.0652971874309359,0.08771086352774));
#6334=CARTESIAN_POINT('',(-0.0941928163994131,0.0653426885095763,0.0877097767886133));
#6335=CARTESIAN_POINT('',(-0.0942352826854775,0.0653924192940715,0.0877086016826445));
#6336=CARTESIAN_POINT('',(-0.0942796052290093,0.065446477030272,0.0877073376273175));
#6337=CARTESIAN_POINT('',(-0.0943256267730842,0.0655049544707981,0.0877059841406103));
#6338=CARTESIAN_POINT('',(-0.0943731871213584,0.0655679397870647,0.0877045408417195));
#6339=CARTESIAN_POINT('',(-0.0944221232593881,0.0656355164926516,0.0877030074515214));
#6340=CARTESIAN_POINT('',(-0.0944722694808784,0.0657077633572621,0.0877013837931604));
#6341=CARTESIAN_POINT('',(-0.0945234574964443,0.065784754366662,0.0876996697919626));
#6342=CARTESIAN_POINT('',(-0.0945755166221049,0.0658665585211247,0.0876978654775904));
#6343=CARTESIAN_POINT('',(-0.0946282736678522,0.0659532402733405,0.087695970977205));
#6344=CARTESIAN_POINT('',(-0.094681553993331,0.0660448575124831,0.087693986543022));
#6345=CARTESIAN_POINT('',(-0.0947351780715095,0.0661414690255897,0.0876919124469161));
#6346=CARTESIAN_POINT('',(-0.0947889753574236,0.0662431054808979,0.0876897493866418));
#6347=CARTESIAN_POINT('',(-0.0948427316121468,0.0663498807152384,0.0876874969241382));
#6348=CARTESIAN_POINT('',(-0.0948905784876555,0.0664494646781654,0.0876854127134908));
#6349=CARTESIAN_POINT('',(-0.0949200569489427,0.0665143419340484,0.0876840671262445));
#6350=CARTESIAN_POINT('',(-0.0949320806915564,0.0665409978629637,0.0876835149049007));
#6351=CARTESIAN_POINT('',(-0.0923805135059721,0.0661218097126449,0.0877092803467182));
#6352=CARTESIAN_POINT('',(-0.0925641736551542,0.0662880233707815,0.0877050511354902));
#6353=CARTESIAN_POINT('',(-0.0927686126200876,0.0664730419955544,0.0877003434426685));
#6354=CARTESIAN_POINT('',(-0.0927772773992224,0.066479973752903,0.0877001597985611));
#6355=CARTESIAN_POINT('',(-0.0927871598994184,0.0664881270983706,0.087699946026885));
#6356=CARTESIAN_POINT('',(-0.0927991753281909,0.066497500432305,0.0876996955384119));
#6357=CARTESIAN_POINT('',(-0.0928155262267755,0.0665098125076783,0.0876993624069491));
#6358=CARTESIAN_POINT('',(-0.0928356048381569,0.0665242830656632,0.0876989646463595));
#6359=CARTESIAN_POINT('',(-0.0928597340267852,0.0665409604694652,0.0876984990780685));
#6360=CARTESIAN_POINT('',(-0.092887936807772,0.0665596274675648,0.0876979693278607));
#6361=CARTESIAN_POINT('',(-0.0929203224185473,0.0665801447838181,0.0876973770370315));
#6362=CARTESIAN_POINT('',(-0.0929569681800775,0.0666023462313559,0.0876967245473739));
#6363=CARTESIAN_POINT('',(-0.0929979547374443,0.0666260702479849,0.0876960140959216));
#6364=CARTESIAN_POINT('',(-0.0930433555475991,0.0666511507349699,0.0876952480508669));
#6365=CARTESIAN_POINT('',(-0.0930932398530034,0.0666774198894832,0.0876944288406191));
#6366=CARTESIAN_POINT('',(-0.0931476717349424,0.0667047075487352,0.087693558972098));
#6367=CARTESIAN_POINT('',(-0.0932067103057217,0.0667328415456551,0.0876926410231351));
#6368=CARTESIAN_POINT('',(-0.0932704095793851,0.0667616477772045,0.0876916776422168));
#6369=CARTESIAN_POINT('',(-0.0933388184391365,0.0667909503568491,0.0876906715460577));
#6370=CARTESIAN_POINT('',(-0.0934119805813806,0.0668205717456051,0.0876896255177183));
#6371=CARTESIAN_POINT('',(-0.0934899344731096,0.0668503328890447,0.0876885424045212));
#6372=CARTESIAN_POINT('',(-0.0935727133014745,0.0668800533614997,0.087687425115899));
#6373=CARTESIAN_POINT('',(-0.0936603449632464,0.0669095514814687,0.0876862766214558));
#6374=CARTESIAN_POINT('',(-0.0937528519189139,0.0669386445458452,0.0876850999479335));
#6375=CARTESIAN_POINT('',(-0.0938502515868703,0.0669671486089106,0.0876838981802199));
#6376=CARTESIAN_POINT('',(-0.0939525546692845,0.0669948800238531,0.0876826744465447));
#6377=CARTESIAN_POINT('',(-0.0940597714703437,0.067021650192115,0.0876814319644496));
#6378=CARTESIAN_POINT('',(-0.0941718874559578,0.0670472864705763,0.0876801738525555));
#6379=CARTESIAN_POINT('',(-0.0942889571227113,0.0670715524834177,0.0876789038428492));
#6380=CARTESIAN_POINT('',(-0.0943975494979337,0.0670919736950378,0.0876777622379501));
#6381=CARTESIAN_POINT('',(-0.0944678572035332,0.0671036428066339,0.0876770502100714));
#6382=CARTESIAN_POINT('',(-0.0944967215421013,0.0671083522882291,0.0876767593091979));
#6383=CARTESIAN_POINT('',(-0.0926587902319409,0.0663735415683847,0.0877028742917104));
#6384=CARTESIAN_POINT('',(-0.0924027698024086,0.0666568188114933,0.0876997806882252));
#6385=CARTESIAN_POINT('',(-0.0921284325249705,0.0663913055618351,0.0877063988184262));
#6386=CARTESIAN_POINT('',(-0.0844049795362483,0.0589162765728194,0.0878927198972007));
#6387=CARTESIAN_POINT('',(-0.0918819264354561,0.0666378116474251,0.0877038782755075));
#6388=CARTESIAN_POINT('',(-0.0921475078093408,0.0669120808004974,0.0876971706155479));
#6389=CARTESIAN_POINT('',(-0.0918642271223733,0.0671681046653027,0.0876947498254012));
#6390=CARTESIAN_POINT('',(-0.0916124283845133,0.0668898948218756,0.0877014266197874));
#6391=CARTESIAN_POINT('',(-0.0917786861934489,0.0670735108199818,0.0876970194683488));
#6392=CARTESIAN_POINT('',(-0.0919637539641235,0.0672779006387051,0.0876921137036392));
#6393=CARTESIAN_POINT('',(-0.0919706876896014,0.067286563449683,0.0876919123593807));
#6394=CARTESIAN_POINT('',(-0.0919788433110172,0.0672964436739032,0.0876916809302419));
#6395=CARTESIAN_POINT('',(-0.0919882193440007,0.0673084564035847,0.0876914034537525));
#6396=CARTESIAN_POINT('',(-0.0920005350363522,0.0673248036851268,0.0876910290620088));
#6397=CARTESIAN_POINT('',(-0.0920150099540879,0.0673448779366682,0.087690574003239));
#6398=CARTESIAN_POINT('',(-0.0920316925072567,0.0673690019758112,0.087690032292552));
#6399=CARTESIAN_POINT('',(-0.0920503654198263,0.0673971988421762,0.0876894050987379));
#6400=CARTESIAN_POINT('',(-0.0920708894118602,0.0674295777769821,0.0876886915219835));
#6401=CARTESIAN_POINT('',(-0.0920930982852733,0.0674662161124072,0.0876878914140817));
#6402=CARTESIAN_POINT('',(-0.0921168304676592,0.0675071945037425,0.0876870045353746));
#6403=CARTESIAN_POINT('',(-0.0921419198485902,0.0675525864196278,0.0876860308044603));
#6404=CARTESIAN_POINT('',(-0.0921681986127994,0.0676024611149603,0.0876849702258154));
#6405=CARTESIAN_POINT('',(-0.0921954965841088,0.06765688268441,0.0876838229110599));
#6406=CARTESIAN_POINT('',(-0.0922236415811792,0.067715910254547,0.0876825890730308));
#6407=CARTESIAN_POINT('',(-0.0922524594858162,0.0677795978545675,0.0876812690275454));
#6408=CARTESIAN_POINT('',(-0.0922817743954572,0.0678479943837001,0.0876798631928675));
#6409=CARTESIAN_POINT('',(-0.0923114087542267,0.0679211435552378,0.0876783720897364));
#6410=CARTESIAN_POINT('',(-0.0923411834899544,0.0679990838539116,0.0876767963411212));
#6411=CARTESIAN_POINT('',(-0.0923709181583901,0.0680818484854513,0.0876751366720574));
#6412=CARTESIAN_POINT('',(-0.0924004310586248,0.0681694653660323,0.0876733939089975));
#6413=CARTESIAN_POINT('',(-0.0924295394673288,0.068261956976363,0.0876715689806637));
#6414=CARTESIAN_POINT('',(-0.0924580594177678,0.0683593407558492,0.0876696629127659));
#6415=CARTESIAN_POINT('',(-0.0924858072413044,0.0684616274284823,0.0876676768460783));
#6416=CARTESIAN_POINT('',(-0.0925125943168802,0.0685688273209472,0.087665611964117));
#6417=CARTESIAN_POINT('',(-0.0925382479777538,0.0686809259227725,0.0876634697685851));
#6418=CARTESIAN_POINT('',(-0.0925625318251521,0.068797977753492,0.0876612510170429));
#6419=CARTESIAN_POINT('',(-0.0925829693164283,0.0689065538476548,0.0876592080219635));
#6420=CARTESIAN_POINT('',(-0.0925946487722969,0.0689768512080484,0.0876578965159137));
#6421=CARTESIAN_POINT('',(-0.0925993624904149,0.0690057113097092,0.0876573586731676));
#6422=CARTESIAN_POINT('',(-0.0902433287475173,0.0679404820967162,0.0876929872014089));
#6423=CARTESIAN_POINT('',(-0.0903777001415229,0.0681485663372062,0.0876883834953961));
#6424=CARTESIAN_POINT('',(-0.0905272739539666,0.0683801926695063,0.087683258938456));
#6425=CARTESIAN_POINT('',(-0.0905338489077048,0.0683891307862503,0.0876830553826529));
#6426=CARTESIAN_POINT('',(-0.0905412838397253,0.068399564036041,0.0876828195110331));
#6427=CARTESIAN_POINT('',(-0.090550463156787,0.0684117277169306,0.0876825408219452));
#6428=CARTESIAN_POINT('',(-0.0905630693762787,0.0684278520606322,0.087682168221072));
#6429=CARTESIAN_POINT('',(-0.0905787174411817,0.068447026090267,0.0876817203938283));
#6430=CARTESIAN_POINT('',(-0.0905977066851642,0.0684693800756094,0.0876811929020691));
#6431=CARTESIAN_POINT('',(-0.0906201155742919,0.0684947101167084,0.087680588737601));
#6432=CARTESIAN_POINT('',(-0.0906460856721201,0.0685229099477513,0.0876799087317892));
#6433=CARTESIAN_POINT('',(-0.0906757346801965,0.0685538390487356,0.0876791544864437));
#6434=CARTESIAN_POINT('',(-0.0907091823137045,0.0685873622271393,0.0876783274958225));
#6435=CARTESIAN_POINT('',(-0.0907465425191527,0.0686233380481393,0.0876774294048537));
#6436=CARTESIAN_POINT('',(-0.09078792561341,0.068661622340177,0.087676461932479));
#6437=CARTESIAN_POINT('',(-0.0908334375390809,0.0687020673164266,0.0876754268923724));
#6438=CARTESIAN_POINT('',(-0.0908831799580777,0.0687445219681053,0.0876743261853987));
#6439=CARTESIAN_POINT('',(-0.0909372501090651,0.0687888320970054,0.0876731618000758));
#6440=CARTESIAN_POINT('',(-0.0909957407365253,0.0688348404543447,0.0876719358106644));
#6441=CARTESIAN_POINT('',(-0.0910587400027866,0.0688823868528701,0.087670650375847));
#6442=CARTESIAN_POINT('',(-0.0911263314113982,0.068931308288172,0.0876693077371644));
#6443=CARTESIAN_POINT('',(-0.0911985937210948,0.0689814390649283,0.087667910217434));
#6444=CARTESIAN_POINT('',(-0.0912756009057439,0.069032610905656,0.0876664602191415));
#6445=CARTESIAN_POINT('',(-0.0913574219527893,0.0690846531392078,0.0876649602226072));
#6446=CARTESIAN_POINT('',(-0.0914441213012014,0.0691373925892991,0.0876634127847662));
#6447=CARTESIAN_POINT('',(-0.0915357568254229,0.0691906546303097,0.0876618205353149));
#6448=CARTESIAN_POINT('',(-0.0916323872972564,0.0692442597504459,0.0876601861827513));
#6449=CARTESIAN_POINT('',(-0.0917340433672902,0.0692980374223964,0.0876585124820691));
#6450=CARTESIAN_POINT('',(-0.0918408388596875,0.0693517734199072,0.0876568023496766));
#6451=CARTESIAN_POINT('',(-0.0919404414274765,0.0693996016913779,0.0876552473447942));
#6452=CARTESIAN_POINT('',(-0.0920053305904869,0.0694290682461013,0.0876542638345807));
#6453=CARTESIAN_POINT('',(-0.0920319914005464,0.0694410871078039,0.0876538612783295));
#6454=CARTESIAN_POINT('',(-0.0904469531150948,0.0682556588481934,0.0876860134500629));
#6455=CARTESIAN_POINT('',(-0.0901263379332551,0.0684630383018562,0.0876847116989451));
#6456=CARTESIAN_POINT('',(-0.0899300859894496,0.0681355687716566,0.0876918467201066));
#6457=CARTESIAN_POINT('',(-0.0844049795362485,0.0589162765728192,0.0878927198972007));
#6458=CARTESIAN_POINT('',(-0.08962817892055,0.0683098909954283,0.0876909867288676));
#6459=CARTESIAN_POINT('',(-0.089813707116384,0.0686435524561461,0.087683821160792));
#6460=CARTESIAN_POINT('',(-0.0894738160216549,0.068817551694166,0.0876832414401933));
#6461=CARTESIAN_POINT('',(-0.0893026204342185,0.068483650448794,0.0876903075658812));
#6462=CARTESIAN_POINT('',(-0.0894156784012569,0.0687040411384131,0.0876856431479396));
#6463=CARTESIAN_POINT('',(-0.0895415274428794,0.0689493662384271,0.0876804510102863));
#6464=CARTESIAN_POINT('',(-0.0895459822975292,0.0689595285079842,0.0876802414153181));
#6465=CARTESIAN_POINT('',(-0.0895513022436203,0.0689711829582318,0.0876799995190981));
#6466=CARTESIAN_POINT('',(-0.0895572489742258,0.0689852131461284,0.0876797116218918));
#6467=CARTESIAN_POINT('',(-0.0895649130955785,0.0690041910750105,0.0876793249433055));
#6468=CARTESIAN_POINT('',(-0.089573698065428,0.06902732788033,0.087678857566332));
#6469=CARTESIAN_POINT('',(-0.0895835670808223,0.0690549479183507,0.0876783040953312));
#6470=CARTESIAN_POINT('',(-0.0895943043124812,0.0690870172163094,0.0876776666838006));
#6471=CARTESIAN_POINT('',(-0.0896057469535893,0.0691236052529363,0.0876769452960976));
#6472=CARTESIAN_POINT('',(-0.0896177144569855,0.0691647437181026,0.0876761406844617));
#6473=CARTESIAN_POINT('',(-0.0896300298832265,0.0692104687087309,0.0876752534981214));
#6474=CARTESIAN_POINT('',(-0.0896425137699023,0.0692608082053595,0.0876742845462209));
#6475=CARTESIAN_POINT('',(-0.0896549860986445,0.0693157856770366,0.0876732347206732));
#6476=CARTESIAN_POINT('',(-0.089667265906431,0.0693754189972735,0.0876721050178933));
#6477=CARTESIAN_POINT('',(-0.0896791715794688,0.0694397207216951,0.0876708965318266));
#6478=CARTESIAN_POINT('',(-0.0896905209526339,0.0695086979808429,0.0876696104551012));
#6479=CARTESIAN_POINT('',(-0.0897011314651941,0.0695823524881523,0.0876682480777626));
#6480=CARTESIAN_POINT('',(-0.0897108203018818,0.0696606805198053,0.0876668107866056));
#6481=CARTESIAN_POINT('',(-0.0897194045362728,0.069743672909014,0.0876653000642374));
#6482=CARTESIAN_POINT('',(-0.0897267012831389,0.0698313150346184,0.0876637174881747));
#6483=CARTESIAN_POINT('',(-0.0897325278126637,0.0699235868407627,0.0876620647296751));
#6484=CARTESIAN_POINT('',(-0.0897367018144619,0.0700204627565669,0.0876603435532298));
#6485=CARTESIAN_POINT('',(-0.0897390410821016,0.0701219120196858,0.0876585558131969));
#6486=CARTESIAN_POINT('',(-0.0897393654353774,0.0702278974581063,0.0876567034611673));
#6487=CARTESIAN_POINT('',(-0.0897374900134177,0.0703383802344141,0.087654788511644));
#6488=CARTESIAN_POINT('',(-0.0897332517946571,0.0704533016482937,0.0876528131679397));
#6489=CARTESIAN_POINT('',(-0.0897264083306611,0.0705726531865661,0.08765077933161));
#6490=CARTESIAN_POINT('',(-0.0897180436564489,0.070682822130578,0.0876489167788369));
#6491=CARTESIAN_POINT('',(-0.0897111281712828,0.0707537489465432,0.0876477287309537));
#6492=CARTESIAN_POINT('',(-0.0897082106328051,0.070782846452715,0.0876472419198995));
#6493=CARTESIAN_POINT('',(-0.0877082701386429,0.0691441697875387,0.0876903055092439));
#6494=CARTESIAN_POINT('',(-0.0877841955890296,0.0693799440132682,0.0876856410434031));
#6495=CARTESIAN_POINT('',(-0.087868711040848,0.0696423931013299,0.0876804488524313));
#6496=CARTESIAN_POINT('',(-0.087872748096958,0.0696527284595841,0.0876802392569242));
#6497=CARTESIAN_POINT('',(-0.0878772287824726,0.0696647306049664,0.0876799973596216));
#6498=CARTESIAN_POINT('',(-0.0878829464325353,0.0696788556980599,0.0876797094621199));
#6499=CARTESIAN_POINT('',(-0.0878909488799085,0.0696976934627134,0.0876793227839699));
#6500=CARTESIAN_POINT('',(-0.0879011000085697,0.0697202642855651,0.0876788554087588));
#6501=CARTESIAN_POINT('',(-0.0879136552223101,0.0697467714652885,0.087678301941223));
#6502=CARTESIAN_POINT('',(-0.0879287430908172,0.0697770383489458,0.0876776645353046));
#6503=CARTESIAN_POINT('',(-0.0879465278564488,0.0698109989228952,0.0876769431557826));
#6504=CARTESIAN_POINT('',(-0.0879671595801684,0.0698485479102066,0.0876761385553231));
#6505=CARTESIAN_POINT('',(-0.0879907888888688,0.0698895857011766,0.0876752513835772));
#6506=CARTESIAN_POINT('',(-0.0880175624533497,0.0699340051634433,0.0876742824501097));
#6507=CARTESIAN_POINT('',(-0.0880476241469753,0.0699816955817708,0.0876732326472515));
#6508=CARTESIAN_POINT('',(-0.0880811145538556,0.070032541616725,0.0876721029718323));
#6509=CARTESIAN_POINT('',(-0.0881181709574185,0.0700864237088103,0.0876708945182088));
#6510=CARTESIAN_POINT('',(-0.0881589271942951,0.0701432180730025,0.0876696084794169));
#6511=CARTESIAN_POINT('',(-0.0882035135498632,0.0702027968145162,0.0876682461459055));
#6512=CARTESIAN_POINT('',(-0.0882520566442571,0.0702650280143257,0.0876668089048687));
#6513=CARTESIAN_POINT('',(-0.0883046793269545,0.0703297758265206,0.087665298239308));
#6514=CARTESIAN_POINT('',(-0.0883615005609961,0.0703969005779873,0.0876637157271296));
#6515=CARTESIAN_POINT('',(-0.0884226353561491,0.0704662588630934,0.0876620630399751));
#6516=CARTESIAN_POINT('',(-0.0884881945254319,0.0705377036736078,0.0876603419427138));
#6517=CARTESIAN_POINT('',(-0.0885582851369828,0.0706110844043574,0.087658554290077));
#6518=CARTESIAN_POINT('',(-0.0886330082934707,0.070686247351361,0.0876567020340183));
#6519=CARTESIAN_POINT('',(-0.0887124672291125,0.0707630343230208,0.0876547871894125));
#6520=CARTESIAN_POINT('',(-0.0887967356903878,0.0708412885289888,0.0876528119598778));
#6521=CARTESIAN_POINT('',(-0.0888859790721099,0.0709208324917416,0.0876507782474955));
#6522=CARTESIAN_POINT('',(-0.0889698040820716,0.0709928084054021,0.0876489158136429));
#6523=CARTESIAN_POINT('',(-0.0890248526132683,0.0710380643062444,0.0876477278456903));
#6524=CARTESIAN_POINT('',(-0.0890474930046727,0.0710565734824913,0.0876472410676047));
#6525=CARTESIAN_POINT('',(-0.0878233654836838,0.0695013126599943,0.0876832393111893));
#6526=CARTESIAN_POINT('',(-0.0874600049443373,0.069618661757155,0.0876838181246263));
#6527=CARTESIAN_POINT('',(-0.0873552125798131,0.069251552453728,0.0876909837968473));
#6528=CARTESIAN_POINT('',(-0.0844049795362488,0.0589162765728191,0.0878927198972006));
#6529=CARTESIAN_POINT('',(-0.0870184789993489,0.0693418110442126,0.0876918429642697));
#6530=CARTESIAN_POINT('',(-0.0871113105771859,0.0697121263354296,0.0876847078097008));
#6531=CARTESIAN_POINT('',(-0.0867379720911045,0.0697922431861403,0.0876860086656508));
#6532=CARTESIAN_POINT('',(-0.0866590463504613,0.0694254053568977,0.0876929825778522));
#6533=CARTESIAN_POINT('',(-0.086711199761986,0.069667551476745,0.0876883787657821));
#6534=CARTESIAN_POINT('',(-0.0867692536703452,0.0699370933579026,0.0876832540907856));
#6535=CARTESIAN_POINT('',(-0.0867709260631846,0.0699480625441626,0.0876830505286585));
#6536=CARTESIAN_POINT('',(-0.0867730477884164,0.069960696988913,0.0876828146501848));
#6537=CARTESIAN_POINT('',(-0.0867751599567805,0.0699757885009056,0.0876825359519806));
#6538=CARTESIAN_POINT('',(-0.0867776502099298,0.0699961037626368,0.0876821633380583));
#6539=CARTESIAN_POINT('',(-0.0867801465507158,0.0700207263866873,0.0876817154938495));
#6540=CARTESIAN_POINT('',(-0.0867825294712459,0.070049960163639,0.0876811879806689));
#6541=CARTESIAN_POINT('',(-0.0867845992974004,0.0700837164235326,0.0876805837899643));
#6542=CARTESIAN_POINT('',(-0.0867861807905012,0.0701220201477489,0.0876799037526924));
#6543=CARTESIAN_POINT('',(-0.0867870913583013,0.0701648552242397,0.0876791494702757));
#6544=CARTESIAN_POINT('',(-0.0867871507524512,0.0702122107316139,0.0876783224365853));
#6545=CARTESIAN_POINT('',(-0.0867861783886254,0.0702640672554804,0.0876774242961693));
#6546=CARTESIAN_POINT('',(-0.0867839943133084,0.0703204008796618,0.0876764567675949));
#6547=CARTESIAN_POINT('',(-0.0867804191089647,0.0703811820384606,0.0876754216641682));
#6548=CARTESIAN_POINT('',(-0.0867752741060274,0.0704463758609111,0.0876743208863923));
#6549=CARTESIAN_POINT('',(-0.0867683815066952,0.0705159420929655,0.0876731564224303));
#6550=CARTESIAN_POINT('',(-0.0867595645332783,0.0705898351454984,0.0876719303461952));
#6551=CARTESIAN_POINT('',(-0.0867486475696754,0.0706680041113528,0.0876706448160294));
#6552=CARTESIAN_POINT('',(-0.0867354563013421,0.0707503927969232,0.0876693020731409));
#6553=CARTESIAN_POINT('',(-0.0867198178653981,0.0708369397505679,0.0876679044400227));
#6554=CARTESIAN_POINT('',(-0.0867015609558547,0.0709275783111731,0.0876664543188439));
#6555=CARTESIAN_POINT('',(-0.0866805160994224,0.0710222365988838,0.0876649541896174));
#6556=CARTESIAN_POINT('',(-0.086656515267039,0.0711208377460067,0.0876634066089783));
#6557=CARTESIAN_POINT('',(-0.0866293940459144,0.0712232992177354,0.0876618142063364));
#6558=CARTESIAN_POINT('',(-0.0865989839333265,0.0713295356592622,0.0876601796898964));
#6559=CARTESIAN_POINT('',(-0.0865651426625361,0.0714394481807569,0.0876585058144289));
#6560=CARTESIAN_POINT('',(-0.0865276382579078,0.0715529658164866,0.0876567954958963));
#6561=CARTESIAN_POINT('',(-0.0864910414569314,0.071657219778876,0.0876552403153231));
#6562=CARTESIAN_POINT('',(-0.0864660023096163,0.0717239425051168,0.0876542566891063));
#6563=CARTESIAN_POINT('',(-0.0864556523399687,0.0717512944688398,0.0876538540851129));
#6564=CARTESIAN_POINT('',(-0.0849480977341611,0.0696508434581709,0.0877014180231125));
#6565=CARTESIAN_POINT('',(-0.0849604030469579,0.0698982400452917,0.0876970106730824));
#6566=CARTESIAN_POINT('',(-0.084974100549778,0.0701736264174813,0.0876921046873132));
#6567=CARTESIAN_POINT('',(-0.0849753245895574,0.0701846546796606,0.0876919033356895));
#6568=CARTESIAN_POINT('',(-0.0849765456772531,0.0701974077942612,0.0876916718976055));
#6569=CARTESIAN_POINT('',(-0.0849784120119138,0.0702125316978072,0.0876913944114289));
#6570=CARTESIAN_POINT('',(-0.0849812653336046,0.0702327991208822,0.0876910200074792));
#6571=CARTESIAN_POINT('',(-0.0849852277433813,0.0702572285726735,0.0876905649351488));
#6572=CARTESIAN_POINT('',(-0.0849904933098117,0.0702860825262849,0.0876900232097344));
#6573=CARTESIAN_POINT('',(-0.0849972319443933,0.0703192236143978,0.0876893960005256));
#6574=CARTESIAN_POINT('',(-0.0850056193754412,0.0703566305742615,0.0876886824081157));
#6575=CARTESIAN_POINT('',(-0.085015827796928,0.0703982405464674,0.0876878822847338));
#6576=CARTESIAN_POINT('',(-0.0850280284824822,0.0704439962923672,0.0876869953911516));
#6577=CARTESIAN_POINT('',(-0.0850423908318219,0.0704938322829537,0.0876860216463999));
#6578=CARTESIAN_POINT('',(-0.0850590824700745,0.0705476788043742,0.0876849610553882));
#6579=CARTESIAN_POINT('',(-0.0850782690422808,0.070605460824778,0.0876838137301692));
#6580=CARTESIAN_POINT('',(-0.0851001140977455,0.0706670983817385,0.0876825798840135));
#6581=CARTESIAN_POINT('',(-0.0851247789503211,0.0707325065391603,0.0876812598331709));
#6582=CARTESIAN_POINT('',(-0.0851524225475475,0.0708015954720727,0.087679853996337));
#6583=CARTESIAN_POINT('',(-0.0851832013384125,0.0708742705197411,0.0876783628946823));
#6584=CARTESIAN_POINT('',(-0.0852172691463328,0.0709504322524288,0.0876767871516049));
#6585=CARTESIAN_POINT('',(-0.0852547770315211,0.0710299765377223,0.0876751274925682));
#6586=CARTESIAN_POINT('',(-0.0852958732019182,0.071112794614697,0.0876733847444501));
#6587=CARTESIAN_POINT('',(-0.0853407027443935,0.0711987731564055,0.0876715598363959));
#6588=CARTESIAN_POINT('',(-0.0853894080597362,0.0712877943922803,0.0876696537945363));
#6589=CARTESIAN_POINT('',(-0.0854421265888617,0.0713797360146511,0.0876676677600597));
#6590=CARTESIAN_POINT('',(-0.08549899899316,0.0714744719326124,0.0876656029169071));
#6591=CARTESIAN_POINT('',(-0.0855601370893011,0.0715718697777824,0.0876634607671484));
#6592=CARTESIAN_POINT('',(-0.0856257465713652,0.0716718009161682,0.0876612420689144));
#6593=CARTESIAN_POINT('',(-0.0856880814875983,0.0717630194324484,0.0876591991278807));
#6594=CARTESIAN_POINT('',(-0.085729537920552,0.071820980564556,0.0876578876602418));
#6595=CARTESIAN_POINT('',(-0.0857466149880422,0.0718447186855739,0.0876573498334439));
#6596=CARTESIAN_POINT('',(-0.084966820499105,0.0700256137550535,0.0876947409280693));
#6597=CARTESIAN_POINT('',(-0.0845854770225266,0.0700449353486692,0.0876971608608819));
#6598=CARTESIAN_POINT('',(-0.0845792856637485,0.0696632041643666,0.0877038688554425));
#6599=CARTESIAN_POINT('',(-0.0844049795362491,0.0589162765728191,0.0878927198972007));
#6600=CARTESIAN_POINT('',(-0.0842306734087497,0.0696632481477819,0.0877063886306863));
#6601=CARTESIAN_POINT('',(-0.0842244820499716,0.0700449808943767,0.0876997701386166));
#6602=CARTESIAN_POINT('',(-0.0838431385733932,0.0700257555268014,0.0877028629199321));
#6603=CARTESIAN_POINT('',(-0.0838618613383371,0.0696509805055229,0.0877092693580553));
#6604=CARTESIAN_POINT('',(-0.0838495560255402,0.0698983801976964,0.0877050398940411));
#6605=CARTESIAN_POINT('',(-0.0838358585227202,0.0701737700262357,0.0877003319198335));
#6606=CARTESIAN_POINT('',(-0.0838346344829408,0.0701847985972822,0.08770014826297));
#6607=CARTESIAN_POINT('',(-0.0838334133952451,0.0701975520200052,0.0876999344769708));
#6608=CARTESIAN_POINT('',(-0.0838315470605844,0.0702126763944914,0.0876996839705908));
#6609=CARTESIAN_POINT('',(-0.0838286937388935,0.0702329445375574,0.0876993508143555));
#6610=CARTESIAN_POINT('',(-0.0838247313291169,0.0702573749892006,0.0876989530227541));
#6611=CARTESIAN_POINT('',(-0.0838194657626864,0.0702862302714951,0.0876984874165453));
#6612=CARTESIAN_POINT('',(-0.0838127271281049,0.0703193730599966,0.0876979576212647));
#6613=CARTESIAN_POINT('',(-0.0838043396970569,0.0703567821362968,0.0876973652778402));
#6614=CARTESIAN_POINT('',(-0.0837941312755701,0.0703983946844377,0.0876967127277429));
#6615=CARTESIAN_POINT('',(-0.0837819305900159,0.070444153508989,0.0876960022076815));
#6616=CARTESIAN_POINT('',(-0.0837675682406763,0.0704939931236889,0.0876952360855351));
#6617=CARTESIAN_POINT('',(-0.0837508766024236,0.0705478438569823,0.0876944167894075));
#6618=CARTESIAN_POINT('',(-0.0837316900302173,0.0706056307188164,0.087693546825922));
#6619=CARTESIAN_POINT('',(-0.0837098449747526,0.0706672737880338,0.0876926287726231));
#6620=CARTESIAN_POINT('',(-0.083685180122177,0.070732688169244,0.0876916652777191));
#6621=CARTESIAN_POINT('',(-0.0836575365249506,0.0708017840775842,0.0876906590576569));
#6622=CARTESIAN_POINT('',(-0.0836267577340857,0.0708744668917974,0.0876896128952385));
#6623=CARTESIAN_POINT('',(-0.0835926899261653,0.0709506372209616,0.0876885296375387));
#6624=CARTESIAN_POINT('',(-0.0835551820409771,0.0710301909707813,0.0876874121937522));
#6625=CARTESIAN_POINT('',(-0.0835140858705799,0.0711130194177294,0.0876862635332561));
#6626=CARTESIAN_POINT('',(-0.0834692563281047,0.0711990092714693,0.0876850866825762));
#6627=CARTESIAN_POINT('',(-0.0834205510127619,0.0712880427973659,0.087683884726394));
#6628=CARTESIAN_POINT('',(-0.0833678324836364,0.07137999772243,0.0876826607927482));
#6629=CARTESIAN_POINT('',(-0.0833109600793381,0.0714747479912499,0.0876814180989857));
#6630=CARTESIAN_POINT('',(-0.083249821983197,0.0715721612636588,0.0876801597636019));
#6631=CARTESIAN_POINT('',(-0.0831842125011329,0.0716721089575676,0.0876788895182481));
#6632=CARTESIAN_POINT('',(-0.0831218775848999,0.0717633432030854,0.0876777476928608));
#6633=CARTESIAN_POINT('',(-0.0830804211519461,0.0718213147960731,0.0876770355208115));
#6634=CARTESIAN_POINT('',(-0.083063344084456,0.071845057226221,0.0876767445606757));
#6635=CARTESIAN_POINT('',(-0.0821509127220368,0.0694259741352769,0.087725567443559));
#6636=CARTESIAN_POINT('',(-0.0820987593105121,0.069668133415219,0.0877217175629606));
#6637=CARTESIAN_POINT('',(-0.0820407054021529,0.0699376899453691,0.0877174321172166));
#6638=CARTESIAN_POINT('',(-0.0820390330093135,0.0699486595536311,0.0877172527312567));
#6639=CARTESIAN_POINT('',(-0.0820369112840818,0.0699612945337656,0.0877170475245143));
#6640=CARTESIAN_POINT('',(-0.0820347991157176,0.0699763865787307,0.0877167993598871));
#6641=CARTESIAN_POINT('',(-0.0820323088625683,0.0699967024688383,0.0877164627451481));
#6642=CARTESIAN_POINT('',(-0.0820298125217823,0.0700213257228012,0.0877160509881257));
#6643=CARTESIAN_POINT('',(-0.0820274296012522,0.0700505601010454,0.0877155579225245));
#6644=CARTESIAN_POINT('',(-0.0820253597750977,0.0700843168832271,0.0877149836532964));
#6645=CARTESIAN_POINT('',(-0.082023778281997,0.0701226210065084,0.087714326478142));
#6646=CARTESIAN_POINT('',(-0.0820228677141968,0.0701654563127667,0.087713585358924));
#6647=CARTESIAN_POINT('',(-0.0820228083200469,0.0702128118351281,0.0877127591838374));
#6648=CARTESIAN_POINT('',(-0.0820237806838727,0.0702646681136339,0.0877118469868972));
#6649=CARTESIAN_POINT('',(-0.0820259647591897,0.0703210011866982,0.0877108478852566));
#6650=CARTESIAN_POINT('',(-0.0820295399635335,0.0703817814433502,0.0877097610985556));
#6651=CARTESIAN_POINT('',(-0.0820346849664707,0.0704469739675401,0.0877085859444441));
#6652=CARTESIAN_POINT('',(-0.0820415775658029,0.0705165384603552,0.0877073218408343));
#6653=CARTESIAN_POINT('',(-0.0820503945392198,0.0705904292880632,0.0877059683061348));
#6654=CARTESIAN_POINT('',(-0.0820613115028227,0.0706685954991933,0.0877045249599758));
#6655=CARTESIAN_POINT('',(-0.082074502771156,0.0707509808561541,0.0877029915236685));
#6656=CARTESIAN_POINT('',(-0.0820901412071,0.070837523863685,0.0877013678207941));
#6657=CARTESIAN_POINT('',(-0.0821083981166434,0.0709281578174456,0.0876996537771167));
#6658=CARTESIAN_POINT('',(-0.0821294429730757,0.0710228107948171,0.0876978494227376));
#6659=CARTESIAN_POINT('',(-0.0821534438054591,0.0711214058857067,0.087695954885258));
#6660=CARTESIAN_POINT('',(-0.0821805650265838,0.0712238605138209,0.087693970417331));
#6661=CARTESIAN_POINT('',(-0.0822109751391716,0.0713300892818332,0.0876918962912802));
#6662=CARTESIAN_POINT('',(-0.082244816409962,0.0714399932640144,0.0876897332052635));
#6663=CARTESIAN_POINT('',(-0.0822823208145903,0.0715535014360963,0.0876874807217958));
#6664=CARTESIAN_POINT('',(-0.0823189176155667,0.0716577461638574,0.0876853964966363));
#6665=CARTESIAN_POINT('',(-0.0823439567628818,0.0717244625718624,0.0876840509036635));
#6666=CARTESIAN_POINT('',(-0.0823543067325293,0.0717518119239331,0.0876834986801606));
#6667=CARTESIAN_POINT('',(-0.0820719869813936,0.0697928318801912,0.0877197344845199));
#6668=CARTESIAN_POINT('',(-0.0816986484953122,0.0697128092355874,0.087723830622286));
#6669=CARTESIAN_POINT('',(-0.0817914800731492,0.0693424705197788,0.0877296238004424));
#6670=CARTESIAN_POINT('',(-0.0844049795362493,0.0589162765728191,0.0878927198972006));
#6671=CARTESIAN_POINT('',(-0.081454746492685,0.0692522968987277,0.0877336324649889));
#6672=CARTESIAN_POINT('',(-0.0813499541281608,0.069619432644863,0.0877279816747152));
#6673=CARTESIAN_POINT('',(-0.0809865935888143,0.0695021752360308,0.0877326556134607));
#6674=CARTESIAN_POINT('',(-0.0811016889338553,0.0691450033210715,0.0877380579893349));
#6675=CARTESIAN_POINT('',(-0.0810257634834685,0.0693807967053966,0.0877344911043595));
#6676=CARTESIAN_POINT('',(-0.0809412480316501,0.069643267119606,0.0877305206716028));
#6677=CARTESIAN_POINT('',(-0.0809372109755401,0.0696536034965479,0.0877303694359146));
#6678=CARTESIAN_POINT('',(-0.0809327302900255,0.0696656067725609,0.0877301923115526));
#6679=CARTESIAN_POINT('',(-0.0809270126399628,0.0696797333084137,0.0877299870685925));
#6680=CARTESIAN_POINT('',(-0.0809190101925896,0.0696985730923591,0.0877297160740911));
#6681=CARTESIAN_POINT('',(-0.0809088590639284,0.0697211464766888,0.0877293954439374));
#6682=CARTESIAN_POINT('',(-0.080896303850188,0.0697476568245233,0.0877290234749939));
#6683=CARTESIAN_POINT('',(-0.0808812159816809,0.0697779275153674,0.0877286041798102));
#6684=CARTESIAN_POINT('',(-0.0808634312160493,0.0698118925770232,0.0877281398974586));
#6685=CARTESIAN_POINT('',(-0.0808427994923297,0.0698494467704263,0.0877276335498914));
#6686=CARTESIAN_POINT('',(-0.0808191701836293,0.0698904905238814,0.0877270879642271));
#6687=CARTESIAN_POINT('',(-0.0807923966191484,0.0699349167420369,0.0877265060703086));
#6688=CARTESIAN_POINT('',(-0.0807623349255228,0.0699826147459609,0.0877258908403049));
#6689=CARTESIAN_POINT('',(-0.0807288445186425,0.0700334692316936,0.0877252453033343));
#6690=CARTESIAN_POINT('',(-0.0806917881150796,0.0700873606743806,0.0877245725383276));
#6691=CARTESIAN_POINT('',(-0.080651031878203,0.0701441653227695,0.0877238756730672));
#6692=CARTESIAN_POINT('',(-0.0806064455226349,0.0702037553149501,0.0877231578814121));
#6693=CARTESIAN_POINT('',(-0.0805579024282409,0.0702659987638475,0.0877224223809812));
#6694=CARTESIAN_POINT('',(-0.0805052797455436,0.0703307598545504,0.087721672430692));
#6695=CARTESIAN_POINT('',(-0.080448458511502,0.0703978989439636,0.0877209113281848));
#6696=CARTESIAN_POINT('',(-0.080387323716349,0.0704672726554757,0.0877201424076859));
#6697=CARTESIAN_POINT('',(-0.0803217645470662,0.0705387340088174,0.0877193690359816));
#6698=CARTESIAN_POINT('',(-0.0802516739355153,0.0706121324258326,0.0877185946155837));
#6699=CARTESIAN_POINT('',(-0.0801769507790274,0.0706873142280518,0.0877178225599894));
#6700=CARTESIAN_POINT('',(-0.0800974918433856,0.0707641212499268,0.0877170563764307));
#6701=CARTESIAN_POINT('',(-0.0800132233821103,0.0708423967197183,0.0877162993346074));
#6702=CARTESIAN_POINT('',(-0.0799239800003882,0.0709219632016377,0.087715555727554));
#6703=CARTESIAN_POINT('',(-0.0798401549904265,0.0709939602672237,0.0877149050708657));
#6704=CARTESIAN_POINT('',(-0.0797851064592298,0.0710392300586987,0.0877145128863323));
#6705=CARTESIAN_POINT('',(-0.0797624660678254,0.071057744947893,0.0877143533985066));
#6706=CARTESIAN_POINT('',(-0.0795073386382796,0.0684848862915979,0.0877611080274887));
#6707=CARTESIAN_POINT('',(-0.0793942806712412,0.0687053055096204,0.0877580779793226));
#6708=CARTESIAN_POINT('',(-0.0792684316296187,0.0689506623656646,0.0877547051196492));
#6709=CARTESIAN_POINT('',(-0.0792639767749689,0.0689608257593344,0.0877545599242098));
#6710=CARTESIAN_POINT('',(-0.0792586568288778,0.0689724815519868,0.0877543949333094));
#6711=CARTESIAN_POINT('',(-0.0792527100982724,0.0689865132404475,0.0877541930022409));
#6712=CARTESIAN_POINT('',(-0.0792450459769196,0.0690054931032503,0.0877539171164507));
#6713=CARTESIAN_POINT('',(-0.0792362610070701,0.0690286321253191,0.087753576735297));
#6714=CARTESIAN_POINT('',(-0.0792263919916758,0.069056254653631,0.0877531659311148));
#6715=CARTESIAN_POINT('',(-0.079215654760017,0.0690883266609616,0.0877526837373663));
#6716=CARTESIAN_POINT('',(-0.0792042121189088,0.0691249175849593,0.0877521277648681));
#6717=CARTESIAN_POINT('',(-0.0791922446155126,0.0691660590699372,0.087751496155864));
#6718=CARTESIAN_POINT('',(-0.0791799291892716,0.06921178716817,0.0877507870017398));
#6719=CARTESIAN_POINT('',(-0.0791674453025958,0.0692621298149115,0.0877499985173251));
#6720=CARTESIAN_POINT('',(-0.0791549729738536,0.0693171104337849,0.0877491289921814));
#6721=CARTESIAN_POINT('',(-0.0791426931660671,0.0693767468526386,0.087748176806716));
#6722=CARTESIAN_POINT('',(-0.0791307874930294,0.0694410515812699,0.0877471404294593));
#6723=CARTESIAN_POINT('',(-0.0791194381198642,0.0695100317042538,0.0877460184196542));
#6724=CARTESIAN_POINT('',(-0.079108827607304,0.0695836888889595,0.0877448094282422));
#6725=CARTESIAN_POINT('',(-0.0790991387706163,0.0696620193654384,0.0877435121992344));
#6726=CARTESIAN_POINT('',(-0.0790905545362254,0.0697450139207439,0.0877421255708473));
#6727=CARTESIAN_POINT('',(-0.0790832577893592,0.0698326578875678,0.0877406484768028));
#6728=CARTESIAN_POINT('',(-0.0790774312598344,0.0699249311639454,0.0877390799468101));
#6729=CARTESIAN_POINT('',(-0.0790732572580362,0.0700218081329935,0.0877374191098752));
#6730=CARTESIAN_POINT('',(-0.0790709179903965,0.0701232579863898,0.0877356651863741));
#6731=CARTESIAN_POINT('',(-0.0790705936371207,0.0702292435066558,0.0877338175232063));
#6732=CARTESIAN_POINT('',(-0.0790724690590804,0.0703397258097303,0.08773187546252));
#6733=CARTESIAN_POINT('',(-0.079076707277841,0.070454646154162,0.0877298388509828));
#6734=CARTESIAN_POINT('',(-0.079083550741837,0.0705739959655936,0.0877277060853072));
#6735=CARTESIAN_POINT('',(-0.0790919154160493,0.0706841627989113,0.0877257226125224));
#6736=CARTESIAN_POINT('',(-0.0790988309012153,0.0707550878698623,0.0877244345941529));
#6737=CARTESIAN_POINT('',(-0.079101748439693,0.070784184639839,0.0877239056070643));
#6738=CARTESIAN_POINT('',(-0.0793361430508432,0.0688188307354892,0.0877565167109728));
#6739=CARTESIAN_POINT('',(-0.0789962519561142,0.0686449172636519,0.0877620099086729));
#6740=CARTESIAN_POINT('',(-0.0791817801519481,0.068311208987806,0.0877664934749073));
#6741=CARTESIAN_POINT('',(-0.0844049795362496,0.0589162765728192,0.0878927198972007));
#6742=CARTESIAN_POINT('',(-0.0788798730830485,0.0681369629455442,0.0877717178448922));
#6743=CARTESIAN_POINT('',(-0.078683621139243,0.0684644819968414,0.0877674198484335));
#6744=CARTESIAN_POINT('',(-0.0783630059574033,0.0682571834453871,0.0877733564234074));
#6745=CARTESIAN_POINT('',(-0.0785666303249808,0.0679419553124969,0.0877773865740446));
#6746=CARTESIAN_POINT('',(-0.0784322589309753,0.0681500734594991,0.0877747253454246));
#6747=CARTESIAN_POINT('',(-0.0782826851185315,0.068381737534403,0.0877717630325497));
#6748=CARTESIAN_POINT('',(-0.0782761101647933,0.0683906773102333,0.0877716545244992));
#6749=CARTESIAN_POINT('',(-0.0782686752327728,0.0684011124361124,0.0877715261325067));
#6750=CARTESIAN_POINT('',(-0.0782594959157111,0.0684132784332585,0.0877713801399352));
#6751=CARTESIAN_POINT('',(-0.0782468896962195,0.0684294059579418,0.0877711897749951));
#6752=CARTESIAN_POINT('',(-0.0782312416313164,0.0684485839361201,0.0877709681567041));
#6753=CARTESIAN_POINT('',(-0.0782122523873339,0.0684709427131001,0.0877707151740949));
#6754=CARTESIAN_POINT('',(-0.0781898434982062,0.0684962784087306,0.0877704349532819));
#6755=CARTESIAN_POINT('',(-0.078163873400378,0.06852448479292,0.0877701303720782));
#6756=CARTESIAN_POINT('',(-0.0781342243923016,0.0685554213753661,0.087769804733791));
#6757=CARTESIAN_POINT('',(-0.0781007767587936,0.0685889529937552,0.0877694612632852));
#6758=CARTESIAN_POINT('',(-0.0780634165533455,0.0686249382420166,0.0877691032527034));
#6759=CARTESIAN_POINT('',(-0.0780220334590881,0.0686632329764285,0.0877687340157316));
#6760=CARTESIAN_POINT('',(-0.0779765215334172,0.0687036894368982,0.0877683568975538));
#6761=CARTESIAN_POINT('',(-0.0779267791144204,0.0687461566402955,0.0877679752686627));
#6762=CARTESIAN_POINT('',(-0.0778727089634331,0.0687904804129495,0.0877675925232617));
#6763=CARTESIAN_POINT('',(-0.0778142183359728,0.0688365035294805,0.0877672120763289));
#6764=CARTESIAN_POINT('',(-0.0777512190697115,0.0688840658248819,0.0877668373610243));
#6765=CARTESIAN_POINT('',(-0.0776836276611,0.0689330043158148,0.0877664718260187));
#6766=CARTESIAN_POINT('',(-0.0776113653514033,0.0689831533268307,0.0877661189326687));
#6767=CARTESIAN_POINT('',(-0.0775343581667542,0.0690343445991126,0.0877657821528284));
#6768=CARTESIAN_POINT('',(-0.0774525371197088,0.0690864074789213,0.0877654649641032));
#6769=CARTESIAN_POINT('',(-0.0773658377712967,0.0691391688062323,0.0877651708549599));
#6770=CARTESIAN_POINT('',(-0.0772742022470753,0.0691924539700291,0.08776490329173));
#6771=CARTESIAN_POINT('',(-0.0771775717752417,0.0692460834733481,0.0877646658325184));
#6772=CARTESIAN_POINT('',(-0.0770759157052079,0.0692998867966122,0.0877644616754049));
#6773=CARTESIAN_POINT('',(-0.0769691202128106,0.0693536497422892,0.0877642953822438));
#6774=CARTESIAN_POINT('',(-0.0768695176450217,0.0694015031469044,0.0877641802354326));
#6775=CARTESIAN_POINT('',(-0.0768046284820112,0.0694309860753896,0.0877641347651429));
#6776=CARTESIAN_POINT('',(-0.0767779676719517,0.0694430116645291,0.0877641176184589));
#6777=CARTESIAN_POINT('',(-0.0771975306879848,0.0668917135084595,0.0878056177428403));
#6778=CARTESIAN_POINT('',(-0.0770312728790492,0.067075371459114,0.0878036140198816));
#6779=CARTESIAN_POINT('',(-0.0768462051083746,0.0672798079767843,0.0878013836010917));
#6780=CARTESIAN_POINT('',(-0.0768392713828967,0.067288472537379,0.087801282491002));
#6781=CARTESIAN_POINT('',(-0.0768311157614809,0.0672983548195422,0.0878011689598009));
#6782=CARTESIAN_POINT('',(-0.0768217397284974,0.0673103699151185,0.0878010270235597));
#6783=CARTESIAN_POINT('',(-0.0768094240361459,0.0673267203043322,0.087800830667879));
#6784=CARTESIAN_POINT('',(-0.0767949491184103,0.0673467982083919,0.087800584859007));
#6785=CARTESIAN_POINT('',(-0.0767782665652415,0.0673709264571153,0.08780028431187));
#6786=CARTESIAN_POINT('',(-0.0767595936526718,0.0673991280352967,0.0877999270543082));
#6787=CARTESIAN_POINT('',(-0.0767390696606379,0.0674315121490099,0.0877995101730733));
#6788=CARTESIAN_POINT('',(-0.0767168607872248,0.0674681560884956,0.0877990311173927));
#6789=CARTESIAN_POINT('',(-0.076693128604839,0.0675091404682745,0.0877984873119126));
#6790=CARTESIAN_POINT('',(-0.0766680392239079,0.0675545387150713,0.0877978762739333));
#6791=CARTESIAN_POINT('',(-0.0766417604596988,0.0676044200414375,0.087797195581988));
#6792=CARTESIAN_POINT('',(-0.0766144624883893,0.0676588484991018,0.0877964428876241));
#6793=CARTESIAN_POINT('',(-0.076586317491319,0.067717883171187,0.0877956159146197));
#6794=CARTESIAN_POINT('',(-0.0765574995866819,0.0677815780429534,0.0877947124617333));
#6795=CARTESIAN_POINT('',(-0.0765281846770409,0.0678499819692433,0.0877937304043755));
#6796=CARTESIAN_POINT('',(-0.0764985503182714,0.0679231386185462,0.087792667696532));
#6797=CARTESIAN_POINT('',(-0.0764687755825437,0.0680010864304073,0.0877915223724982));
#6798=CARTESIAN_POINT('',(-0.076439040914108,0.0680838585650238,0.0877902925488018));
#6799=CARTESIAN_POINT('',(-0.0764095280138734,0.0681714828927219,0.0877889764252206));
#6800=CARTESIAN_POINT('',(-0.0763804196051693,0.0682639818481027,0.0877875722890224));
#6801=CARTESIAN_POINT('',(-0.0763518996547304,0.0683613728241506,0.0877860785064878));
#6802=CARTESIAN_POINT('',(-0.0763241518311938,0.0684636664985115,0.0877844935632708));
#6803=CARTESIAN_POINT('',(-0.076297364755618,0.0685708731502744,0.0877828159161754));
#6804=CARTESIAN_POINT('',(-0.0762717110947443,0.0686829782253984,0.0877810445708282));
#6805=CARTESIAN_POINT('',(-0.076247427247346,0.0688000361837656,0.087779176867401));
#6806=CARTESIAN_POINT('',(-0.0762269897560699,0.0689086174350085,0.0877774293173831));
#6807=CARTESIAN_POINT('',(-0.0762153103002012,0.0689789177425295,0.0877762866499404));
#6808=CARTESIAN_POINT('',(-0.0762105965820832,0.0690077790336231,0.0877758169488619));
#6809=CARTESIAN_POINT('',(-0.0769457319501248,0.0671699868893457,0.0878025809594807));
#6810=CARTESIAN_POINT('',(-0.0766624512631574,0.0669140345059751,0.0878090968647695));
#6811=CARTESIAN_POINT('',(-0.076928032637042,0.0666396983376118,0.0878119652714524));
#6812=CARTESIAN_POINT('',(-0.0844049795362499,0.0589162765728194,0.0878927198972006));
#6813=CARTESIAN_POINT('',(-0.0766815265475276,0.0663932544539642,0.0878180493146951));
#6814=CARTESIAN_POINT('',(-0.0764071892700895,0.0666588369283282,0.0878153970134072));
#6815=CARTESIAN_POINT('',(-0.0761511688405573,0.0663756242879564,0.0878221916568357));
#6816=CARTESIAN_POINT('',(-0.076429445566526,0.0661238222134527,0.08782457493413));
#6817=CARTESIAN_POINT('',(-0.0762457854173439,0.0662900822153452,0.087823000720198));
#6818=CARTESIAN_POINT('',(-0.0760413464524105,0.0664751524270819,0.087821248403932));
#6819=CARTESIAN_POINT('',(-0.0760326816732757,0.0664820863708515,0.0878211900181633));
#6820=CARTESIAN_POINT('',(-0.0760227991730798,0.0664902422100128,0.0878211191082426));
#6821=CARTESIAN_POINT('',(-0.0760107837443072,0.0664996185758521,0.087821042315212));
#6822=CARTESIAN_POINT('',(-0.0759944328457227,0.066511934777118,0.0878209455528893));
#6823=CARTESIAN_POINT('',(-0.0759743542343412,0.0665264104016253,0.0878208380493814));
#6824=CARTESIAN_POINT('',(-0.0759502250457129,0.0665430938940493,0.0878207212934531));
#6825=CARTESIAN_POINT('',(-0.0759220222647262,0.066561768008678,0.0878205992435962));
#6826=CARTESIAN_POINT('',(-0.0758896366539508,0.0665822934969318,0.087820475120246));
#6827=CARTESIAN_POINT('',(-0.0758529908924206,0.0666045041914524,0.08782035238295));
#6828=CARTESIAN_POINT('',(-0.0758120043350538,0.0666282385503958,0.0878202344345501));
#6829=CARTESIAN_POINT('',(-0.0757666035248991,0.0666533304935626,0.0878201247051345));
#6830=CARTESIAN_POINT('',(-0.0757167192194948,0.0666796122355973,0.0878200266240841));
#6831=CARTESIAN_POINT('',(-0.0756622873375557,0.0667069136298803,0.0878199436246797));
#6832=CARTESIAN_POINT('',(-0.0756032487667764,0.0667350625242568,0.0878198791392825));
#6833=CARTESIAN_POINT('',(-0.075539549493113,0.0667638848293181,0.0878198365972074));
#6834=CARTESIAN_POINT('',(-0.0754711406333616,0.0667932046708647,0.0878198194218266));
#6835=CARTESIAN_POINT('',(-0.0753979784911175,0.0668228445209388,0.087819831027877));
#6836=CARTESIAN_POINT('',(-0.0753200245993885,0.0668526253348194,0.0878198748187616));
#6837=CARTESIAN_POINT('',(-0.0752372457710236,0.0668823666952123,0.0878199541836675));
#6838=CARTESIAN_POINT('',(-0.0751496141092518,0.0669118869276557,0.0878200724954753));
#6839=CARTESIAN_POINT('',(-0.0750571071535842,0.0669410033347104,0.0878202331056167));
#6840=CARTESIAN_POINT('',(-0.0749597074856279,0.0669695319750531,0.0878204393507801));
#6841=CARTESIAN_POINT('',(-0.0748574044032137,0.0669972892045727,0.0878206945139064));
#6842=CARTESIAN_POINT('',(-0.0747501876021544,0.0670240864273113,0.0878210019614949));
#6843=CARTESIAN_POINT('',(-0.0746380716165404,0.0670497509964818,0.087821364602061));
#6844=CARTESIAN_POINT('',(-0.0745210019497868,0.067074046550016,0.0878217869553963));
#6845=CARTESIAN_POINT('',(-0.0744124095745645,0.0670944951632174,0.0878222151655271));
#6846=CARTESIAN_POINT('',(-0.074342101868965,0.0671061820158594,0.0878225195082061));
#6847=CARTESIAN_POINT('',(-0.0743132375303968,0.0671108987809174,0.0878226458711821));
#6848=CARTESIAN_POINT('',(-0.0753788984658268,0.0647550278781899,0.0878560633260685));
#6849=CARTESIAN_POINT('',(-0.0751707710099189,0.0648894085756485,0.0878552224787255));
#6850=CARTESIAN_POINT('',(-0.0749390965729248,0.0650389927441129,0.0878542865001737));
#6851=CARTESIAN_POINT('',(-0.0749301564985516,0.065045567996147,0.0878542363659192));
#6852=CARTESIAN_POINT('',(-0.0749197209939327,0.0650530033066228,0.087854182031381));
#6853=CARTESIAN_POINT('',(-0.0749075546197244,0.0650621830004069,0.0878541097626874));
#6854=CARTESIAN_POINT('',(-0.0748914266504552,0.065074789664027,0.0878540063184314));
#6855=CARTESIAN_POINT('',(-0.0748722482265562,0.0650904381740963,0.0878538718333096));
#6856=CARTESIAN_POINT('',(-0.0748498890240422,0.0651094278429545,0.0878537020250084));
#6857=CARTESIAN_POINT('',(-0.0748245529586949,0.065131837101039,0.0878534940501458));
#6858=CARTESIAN_POINT('',(-0.0747963462918749,0.0651578074806352,0.0878532446699413));
#6859=CARTESIAN_POINT('',(-0.0747654095464661,0.0651874566507098,0.0878529508144374));
#6860=CARTESIAN_POINT('',(-0.0747318779169456,0.0652209042942828,0.0878526094170462));
#6861=CARTESIAN_POINT('',(-0.0746958928416076,0.0652582643256399,0.0878522174667306));
#6862=CARTESIAN_POINT('',(-0.0746575984962847,0.0652996470295398,0.087851771996015));
#6863=CARTESIAN_POINT('',(-0.074617142673085,0.0653451583165721,0.0878512700876296));
#6864=CARTESIAN_POINT('',(-0.0745746763870206,0.0653948998167681,0.087850708875721));
#6865=CARTESIAN_POINT('',(-0.0745303538434888,0.0654489687370667,0.0878500855485746));
#6866=CARTESIAN_POINT('',(-0.0744843322994139,0.0655074577904071,0.0878493973508569));
#6867=CARTESIAN_POINT('',(-0.0744367719511396,0.0655704551077811,0.087848641585961));
#6868=CARTESIAN_POINT('',(-0.07438783581311,0.0656380441616342,0.0878478156182207));
#6869=CARTESIAN_POINT('',(-0.0743376895916197,0.0657103036798566,0.0878469168753249));
#6870=CARTESIAN_POINT('',(-0.0742865015760538,0.0657873076057487,0.0878459428498023));
#6871=CARTESIAN_POINT('',(-0.0742344424503932,0.0658691248965147,0.0878448911039023));
#6872=CARTESIAN_POINT('',(-0.0741816854046459,0.0659558199611428,0.0878437592611453));
#6873=CARTESIAN_POINT('',(-0.0741284050791671,0.0660474506447392,0.0878425450491401));
#6874=CARTESIAN_POINT('',(-0.0740747810009886,0.0661440756890402,0.0878412461445126));
#6875=CARTESIAN_POINT('',(-0.0740209837150745,0.0662457257192492,0.0878398607796136));
#6876=CARTESIAN_POINT('',(-0.0739672274603512,0.0663525145181367,0.0878383854193369));
#6877=CARTESIAN_POINT('',(-0.0739193805848426,0.0664521105544717,0.0878369928847318));
#6878=CARTESIAN_POINT('',(-0.0738899021235554,0.0665169952487817,0.0878360734391136));
#6879=CARTESIAN_POINT('',(-0.0738778783809417,0.0665436542116997,0.0878356950333976));
#6880=CARTESIAN_POINT('',(-0.0750636562454113,0.0649586663250322,0.0878547880276326));
#6881=CARTESIAN_POINT('',(-0.0748562910768788,0.0646381177620737,0.0878618825923326));
#6882=CARTESIAN_POINT('',(-0.0751838266970779,0.064441849257705,0.087862940362289));
#6883=CARTESIAN_POINT('',(-0.08440497953625,0.0589162765728196,0.0878927198972006));
#6884=CARTESIAN_POINT('',(-0.0750095205695785,0.0641400022760745,0.0878694694612967));
#6885=CARTESIAN_POINT('',(-0.0746757935906013,0.0643255491667731,0.0878686436051292));
#6886=CARTESIAN_POINT('',(-0.0745018152825554,0.0639857229108941,0.0878758332732915));
#6887=CARTESIAN_POINT('',(-0.0748357802679148,0.0638145067900318,0.0878764072608338));
#6888=CARTESIAN_POINT('',(-0.0746153474992101,0.0639275783024432,0.0878760273416678));
#6889=CARTESIAN_POINT('',(-0.0743699755593959,0.0640534424219258,0.0878756044394682));
#6890=CARTESIAN_POINT('',(-0.0743598114452433,0.0640578979968257,0.0878756001548751));
#6891=CARTESIAN_POINT('',(-0.0743481548529287,0.0640632187423086,0.08787559155942));
#6892=CARTESIAN_POINT('',(-0.0743341221440597,0.0640691664930043,0.0878755891992486));
#6893=CARTESIAN_POINT('',(-0.0743151408530996,0.0640768320420901,0.0878755926337356));
#6894=CARTESIAN_POINT('',(-0.074292000019424,0.0640856188230382,0.0878756065711972));
#6895=CARTESIAN_POINT('',(-0.0742643752504795,0.0640954900784682,0.0878756339986734));
#6896=CARTESIAN_POINT('',(-0.0742323005505507,0.0641062300020437,0.0878756784372686));
#6897=CARTESIAN_POINT('',(-0.0741957064526827,0.0641176758162573,0.0878757432305732));
#6898=CARTESIAN_POINT('',(-0.0741545612857871,0.0641296470007257,0.0878758317586122));
#6899=CARTESIAN_POINT('',(-0.0741088289707125,0.0641419666428843,0.0878759473703067));
#6900=CARTESIAN_POINT('',(-0.0740584815460348,0.0641544553064961,0.0878760933999357));
#6901=CARTESIAN_POINT('',(-0.0740034955624592,0.0641669329988665,0.0878762731588682));
#6902=CARTESIAN_POINT('',(-0.0739438531670533,0.0641792187820603,0.0878764899345093));
#6903=CARTESIAN_POINT('',(-0.0738795418255241,0.0641911310667824,0.0878767469871792));
#6904=CARTESIAN_POINT('',(-0.0738105544294168,0.0642024877117921,0.0878770475476023));
#6905=CARTESIAN_POINT('',(-0.0737368892881154,0.0642131061796063,0.0878773948142473));
#6906=CARTESIAN_POINT('',(-0.0736585501489762,0.0642228036775528,0.0878777919507197));
#6907=CARTESIAN_POINT('',(-0.0735755462030262,0.0642313973011302,0.087878242083218));
#6908=CARTESIAN_POINT('',(-0.0734878920963476,0.0642387041863393,0.0878787482977925));
#6909=CARTESIAN_POINT('',(-0.0733956079103846,0.0642445416238876,0.0878793136384942));
#6910=CARTESIAN_POINT('',(-0.0732987192422487,0.0642487273231647,0.0878799411021865));
#6911=CARTESIAN_POINT('',(-0.0731972568811587,0.0642510790968456,0.0878806336463896));
#6912=CARTESIAN_POINT('',(-0.0730912580265544,0.0642514167827671,0.0878813941469269));
#6913=CARTESIAN_POINT('',(-0.0729807615440776,0.0642495555384804,0.0878822255492702));
#6914=CARTESIAN_POINT('',(-0.0728658261620225,0.064245332355581,0.0878831302741607));
#6915=CARTESIAN_POINT('',(-0.0727464604252351,0.0642385048151493,0.0878841124913105));
#6916=CARTESIAN_POINT('',(-0.0726362786334934,0.0642301550977401,0.0878850548765706));
#6917=CARTESIAN_POINT('',(-0.0725653437392524,0.0642232494348448,0.0878856882917677));
#6918=CARTESIAN_POINT('',(-0.0725362429291486,0.0642203359360774,0.0878859495529757));
#6919=CARTESIAN_POINT('',(-0.0741753787523138,0.0622204409954522,0.0879090069940415));
#6920=CARTESIAN_POINT('',(-0.0739395651916069,0.0622963866172576,0.0879093863246711));
#6921=CARTESIAN_POINT('',(-0.0736770723183143,0.0623809245226349,0.0879098085717489));
#6922=CARTESIAN_POINT('',(-0.0736667351463402,0.0623849623735482,0.0879098128298963));
#6923=CARTESIAN_POINT('',(-0.0736547309209125,0.0623894440082152,0.08790982139483));
#6924=CARTESIAN_POINT('',(-0.0736406033237757,0.0623951627192459,0.087909823718676));
#6925=CARTESIAN_POINT('',(-0.0736217621720419,0.0624031665339801,0.0879098202353997));
#6926=CARTESIAN_POINT('',(-0.0735991872198744,0.0624133192299581,0.0879098062389669));
#6927=CARTESIAN_POINT('',(-0.0735726751107161,0.0624258762044004,0.0879097787416567));
#6928=CARTESIAN_POINT('',(-0.0735424025035747,0.0624409659884825,0.0879097342226364));
#6929=CARTESIAN_POINT('',(-0.0735084353996987,0.0624587527955105,0.0879096693383111));
#6930=CARTESIAN_POINT('',(-0.0734708790703684,0.0624793866542309,0.0879095807087508));
#6931=CARTESIAN_POINT('',(-0.0734298331188516,0.0625030181599634,0.0879094649851165));
#6932=CARTESIAN_POINT('',(-0.0733854046725227,0.0625297939514842,0.087909318833231));
#6933=CARTESIAN_POINT('',(-0.0733377044424354,0.0625598578700352,0.0879091389418382));
#6934=CARTESIAN_POINT('',(-0.0732868477648401,0.0625933504674352,0.0879089220236583));
#6935=CARTESIAN_POINT('',(-0.0732329541969981,0.0626304089947052,0.0879086648185096));
#6936=CARTESIAN_POINT('',(-0.0731761475226668,0.0626711672559709,0.0879083640958181));
#6937=CARTESIAN_POINT('',(-0.0731165556363324,0.0627157555040342,0.0879080166572778));
#6938=CARTESIAN_POINT('',(-0.0730543104576911,0.0627643003264083,0.0879076193394582));
#6939=CARTESIAN_POINT('',(-0.0729895478342955,0.0628169245399296,0.0879071690163479));
#6940=CARTESIAN_POINT('',(-0.0729224074418746,0.0628737470750055,0.0879066626020958));
#6941=CARTESIAN_POINT('',(-0.0728530326896461,0.0629348829087971,0.0879060970528616));
#6942=CARTESIAN_POINT('',(-0.0727815705904109,0.0630004428217921,0.0879054693720047));
#6943=CARTESIAN_POINT('',(-0.0727081717548379,0.0630705338496163,0.0879047766022388));
#6944=CARTESIAN_POINT('',(-0.0726329898935483,0.063145257062788,0.0879040158679869));
#6945=CARTESIAN_POINT('',(-0.072556183205077,0.0632247156625384,0.0879031842240312));
#6946=CARTESIAN_POINT('',(-0.0724779084902533,0.0633089833662583,0.0879022792499087));
#6947=CARTESIAN_POINT('',(-0.072398343228128,0.0633982255254987,0.0879012967761472));
#6948=CARTESIAN_POINT('',(-0.072326347653882,0.0634820490416398,0.0879003541558869));
#6949=CARTESIAN_POINT('',(-0.0722810790955977,0.0635370963380487,0.0878997205907928));
#6950=CARTESIAN_POINT('',(-0.0722625647266771,0.0635597362085242,0.0878994592681634));
#6951=CARTESIAN_POINT('',(-0.0738181762857018,0.0623355668846267,0.0879095800900102));
#6952=CARTESIAN_POINT('',(-0.0737008582291526,0.0619722669969143,0.0879167698312615));
#6953=CARTESIAN_POINT('',(-0.0740680270844277,0.0618674415307639,0.0879159448792168));
#6954=CARTESIAN_POINT('',(-0.0844049795362501,0.0589162765728199,0.0878927198972006));
#6955=CARTESIAN_POINT('',(-0.0739777995934779,0.0615307618241228,0.087922474086682));
#6956=CARTESIAN_POINT('',(-0.0736074258550691,0.0616236284171858,0.087923530956368));
#6957=CARTESIAN_POINT('',(-0.0735273460026901,0.0612503471435482,0.0879306256852601));
#6958=CARTESIAN_POINT('',(-0.073894240085591,0.061171385072016,0.0879293512667482));
#6959=CARTESIAN_POINT('',(-0.0736520568262686,0.0612235624582351,0.0879301915332114));
#6960=CARTESIAN_POINT('',(-0.0733824736037756,0.0612816430537211,0.0879311268651643));
#6961=CARTESIAN_POINT('',(-0.0733715028221878,0.0612833166196851,0.0879311769737346));
#6962=CARTESIAN_POINT('',(-0.0733588665152573,0.0612854396714779,0.0879312312785113));
#6963=CARTESIAN_POINT('',(-0.0733437728322111,0.0612875534776491,0.0879313035120407));
#6964=CARTESIAN_POINT('',(-0.0733234546924865,0.0612900459800525,0.087931406909283));
#6965=CARTESIAN_POINT('',(-0.0732988286460896,0.0612925451128407,0.0879315413378991));
#6966=CARTESIAN_POINT('',(-0.0732695908791804,0.0612949314215323,0.0879317110796426));
#6967=CARTESIAN_POINT('',(-0.0732358300981037,0.0612970052460114,0.087931918978273));
#6968=CARTESIAN_POINT('',(-0.0731975213404382,0.0612985913728613,0.0879321682726757));
#6969=CARTESIAN_POINT('',(-0.0731546807433055,0.0612995072308393,0.0879324620330103));
#6970=CARTESIAN_POINT('',(-0.0731073192522192,0.0612995725929592,0.0879328033260532));
#6971=CARTESIAN_POINT('',(-0.0730554563068073,0.0612986068952293,0.0879331951630489));
#6972=CARTESIAN_POINT('',(-0.0729991158489724,0.0612964302038207,0.0879336405116901));
#6973=CARTESIAN_POINT('',(-0.0729383274707827,0.0612928631201037,0.0879341422894751));
#6974=CARTESIAN_POINT('',(-0.0728731260701495,0.0612877269926537,0.0879347033624975));
#6975=CARTESIAN_POINT('',(-0.0728035519286358,0.0612808440410222,0.0879353265427225));
#6976=CARTESIAN_POINT('',(-0.0727296506634268,0.0612720375040702,0.0879360145857454));
#6977=CARTESIAN_POINT('',(-0.0726514732102633,0.0612611317814299,0.0879367701884454));
#6978=CARTESIAN_POINT('',(-0.0725690757918383,0.0612479525734589,0.0879375959867715));
#6979=CARTESIAN_POINT('',(-0.0724825198893609,0.0612323270313325,0.087938494553328));
#6980=CARTESIAN_POINT('',(-0.0723918721939733,0.0612140838622636,0.0879394683958892));
#6981=CARTESIAN_POINT('',(-0.0722972046159864,0.0611930536052746,0.0879405199525186));
#6982=CARTESIAN_POINT('',(-0.0721985940539966,0.0611690682428037,0.0879416516000184));
#6983=CARTESIAN_POINT('',(-0.0720961230739721,0.0611419633723897,0.0879428656111117));
#6984=CARTESIAN_POINT('',(-0.0719898770627544,0.0611115705017998,0.0879441643095143));
#6985=CARTESIAN_POINT('',(-0.0718799549406055,0.061077747369766,0.087945549463223));
#6986=CARTESIAN_POINT('',(-0.0717664277114852,0.0610402620209659,0.0879470246077118));
#6987=CARTESIAN_POINT('',(-0.0716621652102473,0.061003682992389,0.0879484169461029));
#6988=CARTESIAN_POINT('',(-0.071595437223182,0.0609786554234705,0.0879493362676193));
#6989=CARTESIAN_POINT('',(-0.0715680831136595,0.060968310211004,0.0879497146225397));
#6990=CARTESIAN_POINT('',(-0.0736689894270114,0.0594606807677019,0.0879608407232804));
#6991=CARTESIAN_POINT('',(-0.0734215600659674,0.0594730157452343,0.0879624143811271));
#6992=CARTESIAN_POINT('',(-0.0731461372119012,0.0594867462689784,0.0879641660783939));
#6993=CARTESIAN_POINT('',(-0.0731351074035131,0.0594879715459042,0.0879642244387575));
#6994=CARTESIAN_POINT('',(-0.0731223525254016,0.0594891940887659,0.087964295319477));
#6995=CARTESIAN_POINT('',(-0.0731072264777344,0.0594910620963371,0.0879643720774964));
#6996=CARTESIAN_POINT('',(-0.07308695613689,0.0594939176154383,0.0879644687925794));
#6997=CARTESIAN_POINT('',(-0.0730625231021374,0.0594978826078723,0.0879645762386693));
#6998=CARTESIAN_POINT('',(-0.0730336648427606,0.0595031511508418,0.0879646929262463));
#6999=CARTESIAN_POINT('',(-0.0730005187219741,0.0595098931170734,0.087964814896966));
#7000=CARTESIAN_POINT('',(-0.0729631059830378,0.0595182842100282,0.0879649389302796));
#7001=CARTESIAN_POINT('',(-0.0729214894715651,0.0595284965940217,0.0879650615666209));
#7002=CARTESIAN_POINT('',(-0.0728757264118162,0.0595407015138508,0.0879651794031179));
#7003=CARTESIAN_POINT('',(-0.0728258823196923,0.0595550683395923,0.087965289009672));
#7004=CARTESIAN_POINT('',(-0.0727720268966926,0.059571764666428,0.087965386956903));
#7005=CARTESIAN_POINT('',(-0.0727142351632353,0.0595909561090321,0.0879654698115442));
#7006=CARTESIAN_POINT('',(-0.0726525870712007,0.0596128061859848,0.0879655341412613));
#7007=CARTESIAN_POINT('',(-0.0725871675470482,0.0596374761800686,0.0879655765167791));
#7008=CARTESIAN_POINT('',(-0.0725180664070278,0.059665125007435,0.0879655935147785));
#7009=CARTESIAN_POINT('',(-0.0724453783040788,0.0596959090853885,0.087965581720588));
#7010=CARTESIAN_POINT('',(-0.0723692026610762,0.0597299822053921,0.0879655377308835));
#7011=CARTESIAN_POINT('',(-0.0722896436045135,0.0597674953954597,0.0879654581565694));
#7012=CARTESIAN_POINT('',(-0.0722068098903396,0.0598085968311096,0.0879653396248693));
#7013=CARTESIAN_POINT('',(-0.072120814841496,0.0598534315666058,0.0879651787844686));
#7014=CARTESIAN_POINT('',(-0.0720317762254442,0.0599021419699109,0.0879649722988085));
#7015=CARTESIAN_POINT('',(-0.0719398163479469,0.0599548654491662,0.0879647168850921));
#7016=CARTESIAN_POINT('',(-0.071845061298073,0.0600117426321046,0.0879644091769694));
#7017=CARTESIAN_POINT('',(-0.0717476434467999,0.0600728853045857,0.0879640462661144));
#7018=CARTESIAN_POINT('',(-0.0716476914183986,0.0601384991185066,0.0879636236328313));
#7019=CARTESIAN_POINT('',(-0.0715564535248219,0.0602008376803536,0.0879631951649288));
#7020=CARTESIAN_POINT('',(-0.0714984798469775,0.0602422961965811,0.0879628906567728));
#7021=CARTESIAN_POINT('',(-0.0714747365753957,0.0602593741048553,0.0879627642259354));
#7022=CARTESIAN_POINT('',(-0.0732941694719975,0.0594794484601159,0.0879632231581106));
#7023=CARTESIAN_POINT('',(-0.0732748935591082,0.0590981555346158,0.0879700181069285));
#7024=CARTESIAN_POINT('',(-0.0736566736987476,0.0590919167889696,0.0879673666520013));
#7025=CARTESIAN_POINT('',(-0.0844049795362502,0.0589162765728202,0.0878927198972006));
#7026=CARTESIAN_POINT('',(-0.0736566736987476,0.058743348522936,0.0879734510132253));
#7027=CARTESIAN_POINT('',(-0.0732748935591081,0.0587372061135154,0.0879763185848422));
#7028=CARTESIAN_POINT('',(-0.0732941694719975,0.0583559083240412,0.0879828348804148));
#7029=CARTESIAN_POINT('',(-0.0736689894270114,0.058374581436523,0.087979798905364));
#7030=CARTESIAN_POINT('',(-0.0734215600659674,0.0583623088939061,0.0879818020946856));
#7031=CARTESIAN_POINT('',(-0.0731461372119012,0.058348647868796,0.0879840319194641));
#7032=CARTESIAN_POINT('',(-0.0731351074035131,0.0583474253750692,0.0879841330063817));
#7033=CARTESIAN_POINT('',(-0.0731223525254016,0.0583462060507008,0.0879842465106093));
#7034=CARTESIAN_POINT('',(-0.0731072264777344,0.0583443418599503,0.087984388415244));
#7035=CARTESIAN_POINT('',(-0.07308695613689,0.0583414914557515,0.0879845847288902));
#7036=CARTESIAN_POINT('',(-0.0730625231021374,0.0583375326286103,0.0879848304875728));
#7037=CARTESIAN_POINT('',(-0.0730336648427606,0.0583322713675696,0.0879851309759643));
#7038=CARTESIAN_POINT('',(-0.0730005187219741,0.0583255377652413,0.0879854881666819));
#7039=CARTESIAN_POINT('',(-0.0729631059830378,0.0583171561128038,0.0879859049731812));
#7040=CARTESIAN_POINT('',(-0.0729214894715651,0.0583069542300837,0.0879863839465299));
#7041=CARTESIAN_POINT('',(-0.0728757264118162,0.0582947608578444,0.0879869276623644));
#7042=CARTESIAN_POINT('',(-0.0728258823196923,0.0582804066094773,0.0879875386036831));
#7043=CARTESIAN_POINT('',(-0.0727720268966926,0.0582637238722121,0.087988219192259));
#7044=CARTESIAN_POINT('',(-0.0727142351632353,0.0582445470124448,0.0879889717768611));
#7045=CARTESIAN_POINT('',(-0.0726525870712007,0.0582227124914205,0.0879897986340367));
#7046=CARTESIAN_POINT('',(-0.0725871675470482,0.0581980590049268,0.0879907019653612));
#7047=CARTESIAN_POINT('',(-0.0725180664070278,0.0581704276141484,0.087991683895767));
#7048=CARTESIAN_POINT('',(-0.0724453783040788,0.0581396618778967,0.0879927464716193));
#7049=CARTESIAN_POINT('',(-0.0723692026610762,0.0581056079796209,0.087993891658982));
#7050=CARTESIAN_POINT('',(-0.0722896436045135,0.0580681148650324,0.0879951213416947));
#7051=CARTESIAN_POINT('',(-0.0722068098903396,0.0580270343311701,0.087996437320354));
#7052=CARTESIAN_POINT('',(-0.072120814841496,0.0579822212951746,0.0879978413080741));
#7053=CARTESIAN_POINT('',(-0.0720317762254442,0.0579335333593667,0.0879993349389636));
#7054=CARTESIAN_POINT('',(-0.0719398163479469,0.057880833084743,0.0880009197277633));
#7055=CARTESIAN_POINT('',(-0.071845061298073,0.0578239798117541,0.0880025972180751));
#7056=CARTESIAN_POINT('',(-0.0717476434467999,0.0577628617211386,0.0880043684046658));
#7057=CARTESIAN_POINT('',(-0.0716476914183986,0.0576972731285432,0.0880062359478345));
#7058=CARTESIAN_POINT('',(-0.0715564535248219,0.0576349575891465,0.0880079833537963));
#7059=CARTESIAN_POINT('',(-0.0714984798469775,0.0575935137016666,0.0880091259313898));
#7060=CARTESIAN_POINT('',(-0.0714747365753957,0.0575764417846343,0.08800959559576));
#7061=CARTESIAN_POINT('',(-0.073894240085591,0.0566638202937409,0.0880080321307971));
#7062=CARTESIAN_POINT('',(-0.0736520568262687,0.0566117040186659,0.0880106928736792));
#7063=CARTESIAN_POINT('',(-0.0733824736037756,0.0565536914482745,0.088013654645861));
#7064=CARTESIAN_POINT('',(-0.0733715028221878,0.0565520206506151,0.0880137631312784));
#7065=CARTESIAN_POINT('',(-0.0733588665152573,0.0565499007873959,0.0880138914973799));
#7066=CARTESIAN_POINT('',(-0.0733437728322111,0.0565477907898787,0.0880140374586404));
#7067=CARTESIAN_POINT('',(-0.0733234546924865,0.056545303414439,0.0880142277811097));
#7068=CARTESIAN_POINT('',(-0.0732988286460896,0.056542810495647,0.0880144493474489));
#7069=CARTESIAN_POINT('',(-0.0732695908791804,0.056540431564647,0.0880147022678476));
#7070=CARTESIAN_POINT('',(-0.0732358300981037,0.056538366259171,0.0880149824162043));
#7071=CARTESIAN_POINT('',(-0.0731975213404382,0.0565367897989348,0.0880152869144913));
#7072=CARTESIAN_POINT('',(-0.0731546807433055,0.0565358847511091,0.0880156124592703));
#7073=CARTESIAN_POINT('',(-0.0731073192522192,0.0565358313399181,0.0880159558255361));
#7074=CARTESIAN_POINT('',(-0.0730554563068073,0.0565368101244482,0.0880163137210242));
#7075=CARTESIAN_POINT('',(-0.0729991158489725,0.0565390010324868,0.0880166828319372));
#7076=CARTESIAN_POINT('',(-0.0729383274707827,0.0565425834551969,0.0880170598129925));
#7077=CARTESIAN_POINT('',(-0.0728731260701495,0.0565477360351969,0.0880174412936115));
#7078=CARTESIAN_POINT('',(-0.0728035519286358,0.056554636542771,0.0880178238795171));
#7079=CARTESIAN_POINT('',(-0.0727296506634268,0.0565634617275473,0.0880182041556706));
#7080=CARTESIAN_POINT('',(-0.0726514732102633,0.0565743871770407,0.0880185786888639));
#7081=CARTESIAN_POINT('',(-0.0725690757918383,0.0565875871767069,0.0880189440303908));
#7082=CARTESIAN_POINT('',(-0.0724825198893609,0.0566032345598566,0.0880192967188728));
#7083=CARTESIAN_POINT('',(-0.0723918721939733,0.0566215006024486,0.0880196332824461));
#7084=CARTESIAN_POINT('',(-0.0722972046159865,0.056642554747315,0.0880199502435093));
#7085=CARTESIAN_POINT('',(-0.0721985940539966,0.0566665649926133,0.0880202441136114));
#7086=CARTESIAN_POINT('',(-0.0720961230739721,0.0566936957199707,0.0880205114264531));
#7087=CARTESIAN_POINT('',(-0.0719898770627545,0.0567241154000738,0.0880207486239635));
#7088=CARTESIAN_POINT('',(-0.0718799549406055,0.0567579662692297,0.088020952508151));
#7089=CARTESIAN_POINT('',(-0.0717664277114852,0.0567954802648441,0.0880211185171061));
#7090=CARTESIAN_POINT('',(-0.0716621652102473,0.0568320856024266,0.0880212334009409));
#7091=CARTESIAN_POINT('',(-0.071595437223182,0.0568571300091052,0.0880212787014507));
#7092=CARTESIAN_POINT('',(-0.0715680831136595,0.0568674821239519,0.0880212957784579));
#7093=CARTESIAN_POINT('',(-0.0735273460026901,0.0565849508021715,0.0880120615454921));
#7094=CARTESIAN_POINT('',(-0.0736074258550691,0.0562116493216402,0.0880179986373439));
#7095=CARTESIAN_POINT('',(-0.0739777995934779,0.0563044224567039,0.0880137013718058));
#7096=CARTESIAN_POINT('',(-0.0844049795362501,0.0589162765728204,0.0878927198972006));
#7097=CARTESIAN_POINT('',(-0.0740680270844277,0.0559677199825718,0.088018926247626));
#7098=CARTESIAN_POINT('',(-0.0737008582291526,0.0558629871657187,0.088023409100907));
#7099=CARTESIAN_POINT('',(-0.0738181762857018,0.0554996576746362,0.0880289028883855));
#7100=CARTESIAN_POINT('',(-0.0741753787523138,0.0556146934293752,0.0880243122534784));
#7101=CARTESIAN_POINT('',(-0.073939565191607,0.0555388073114203,0.0880273418516166));
#7102=CARTESIAN_POINT('',(-0.0736770723183143,0.0554543356419993,0.088030714210347));
#7103=CARTESIAN_POINT('',(-0.0736667351463402,0.0554503003995091,0.0880308593867054));
#7104=CARTESIAN_POINT('',(-0.0736547309209125,0.05544582179392,0.0880310243552584));
#7105=CARTESIAN_POINT('',(-0.0736406033237758,0.0554401066477667,0.088031226260432));
#7106=CARTESIAN_POINT('',(-0.0736217621720419,0.0554321075873013,0.0880315021120317));
#7107=CARTESIAN_POINT('',(-0.0735991872198744,0.0554219605877581,0.0880318424527325));
#7108=CARTESIAN_POINT('',(-0.0735726751107161,0.0554094103032304,0.0880322532099848));
#7109=CARTESIAN_POINT('',(-0.0735424025035747,0.0553943281579656,0.0880327353508325));
#7110=CARTESIAN_POINT('',(-0.0735084353996987,0.0553765499220031,0.0880332912647542));
#7111=CARTESIAN_POINT('',(-0.0734708790703684,0.0553559255400328,0.088033922809875));
#7112=CARTESIAN_POINT('',(-0.0734298331188516,0.055332304391602,0.0880346318951654));
#7113=CARTESIAN_POINT('',(-0.0733854046725227,0.0553055398109023,0.0880354203061659));
#7114=CARTESIAN_POINT('',(-0.0733377044424354,0.0552754879287556,0.0880362897536898));
#7115=CARTESIAN_POINT('',(-0.0732868477648401,0.0552420081642399,0.0880372418577121));
#7116=CARTESIAN_POINT('',(-0.0732329541969981,0.0552049632361658,0.0880382781500908));
#7117=CARTESIAN_POINT('',(-0.0731761475226668,0.0551642193091727,0.0880394000719778));
#7118=CARTESIAN_POINT('',(-0.0731165556363324,0.0551196460981864,0.088040608972832));
#7119=CARTESIAN_POINT('',(-0.0730543104576911,0.0550711169824061,0.0880419061090483));
#7120=CARTESIAN_POINT('',(-0.0729895478342955,0.0550185091107163,0.0880432926428214));
#7121=CARTESIAN_POINT('',(-0.0729224074418746,0.0549617035174646,0.0880447696408454));
#7122=CARTESIAN_POINT('',(-0.0728530326896461,0.0549005851893027,0.088046338073832));
#7123=CARTESIAN_POINT('',(-0.0727815705904109,0.0548350433086468,0.0880479988131999));
#7124=CARTESIAN_POINT('',(-0.0727081717548379,0.0547649708018666,0.0880497526390024));
#7125=CARTESIAN_POINT('',(-0.0726329898935483,0.0546902665596574,0.0880516002047707));
#7126=CARTESIAN_POINT('',(-0.072556183205077,0.0546108273408693,0.0880535421687991));
#7127=CARTESIAN_POINT('',(-0.0724779084902533,0.0545265793885451,0.0880555786848327));
#7128=CARTESIAN_POINT('',(-0.072398343228128,0.0544373573063496,0.0880577113567006));
#7129=CARTESIAN_POINT('',(-0.0723263476538821,0.0543535519571616,0.0880596947474046));
#7130=CARTESIAN_POINT('',(-0.0722810790955977,0.0542985160835628,0.0880609827163004));
#7131=CARTESIAN_POINT('',(-0.0722625647266771,0.0542758808848977,0.0880615116832698));
#7132=CARTESIAN_POINT('',(-0.0748357802679148,0.0540204609928392,0.0880473652001566));
#7133=CARTESIAN_POINT('',(-0.0746153474992101,0.0539074451031769,0.0880509317028437));
#7134=CARTESIAN_POINT('',(-0.0743699755593959,0.0537816428994518,0.0880549017100611));
#7135=CARTESIAN_POINT('',(-0.0743598114452433,0.0537771898893066,0.0880550529274304));
#7136=CARTESIAN_POINT('',(-0.0743481548529287,0.0537718720851817,0.0880552300309761));
#7137=CARTESIAN_POINT('',(-0.0743341221440597,0.0537659278754199,0.0880554352484592));
#7138=CARTESIAN_POINT('',(-0.0743151408530997,0.053758267115965,0.0880557062081528));
#7139=CARTESIAN_POINT('',(-0.074292000019424,0.053749486174243,0.0880560267953615));
#7140=CARTESIAN_POINT('',(-0.0742643752504795,0.0537396218894898,0.0880563987124746));
#7141=CARTESIAN_POINT('',(-0.0742323005505507,0.0537288900594613,0.0880568179468208));
#7142=CARTESIAN_POINT('',(-0.0741957064526827,0.0537174534791939,0.0880572821590262));
#7143=CARTESIAN_POINT('',(-0.0741545612857871,0.0537054926770626,0.0880577884269042));
#7144=CARTESIAN_POINT('',(-0.0741088289707125,0.0536931845747358,0.0880583339230952));
#7145=CARTESIAN_POINT('',(-0.0740584815460348,0.0536807086155064,0.0880589157175313));
#7146=CARTESIAN_POINT('',(-0.0740034955624592,0.0536682447979858,0.0880595308378275));
#7147=CARTESIAN_POINT('',(-0.0739438531670533,0.0536559740646143,0.088060176254661));
#7148=CARTESIAN_POINT('',(-0.0738795418255241,0.0536440780078497,0.0880608488889081));
#7149=CARTESIAN_POINT('',(-0.0738105544294168,0.0536327387707266,0.0880615456126043));
#7150=CARTESIAN_POINT('',(-0.0737368892881154,0.0536221388911546,0.0880622632517205));
#7151=CARTESIAN_POINT('',(-0.0736585501489762,0.0536124611608601,0.0880629985884793));
#7152=CARTESIAN_POINT('',(-0.0735755462030262,0.0536038884820256,0.0880637483638164));
#7153=CARTESIAN_POINT('',(-0.0734878920963476,0.0535966037149544,0.0880645092799573));
#7154=CARTESIAN_POINT('',(-0.0733956079103846,0.0535907895638719,0.0880652780025528));
#7155=CARTESIAN_POINT('',(-0.0732987192422488,0.0535866283129293,0.0880660511647071));
#7156=CARTESIAN_POINT('',(-0.0731972568811587,0.0535843021416827,0.0880668253638097));
#7157=CARTESIAN_POINT('',(-0.0730912580265544,0.0535839912029083,0.088067597186281));
#7158=CARTESIAN_POINT('',(-0.0729807615440776,0.053585880329248,0.0880683631248061));
#7159=CARTESIAN_POINT('',(-0.0728658261620225,0.0535901325142869,0.0880691199096658));
#7160=CARTESIAN_POINT('',(-0.0727464604252351,0.0535969901747886,0.0880698632476231));
#7161=CARTESIAN_POINT('',(-0.0726362786334934,0.0536053676948434,0.0880705136540517));
#7162=CARTESIAN_POINT('',(-0.0725653437392525,0.0536122912570459,0.0880709056760724));
#7163=CARTESIAN_POINT('',(-0.0725362429291486,0.0536152120989459,0.0880710650971544));
#7164=CARTESIAN_POINT('',(-0.0745018152825554,0.0538493291427989,0.088052766996764));
#7165=CARTESIAN_POINT('',(-0.0746757935906013,0.0535094589862247,0.0880574416286514));
#7166=CARTESIAN_POINT('',(-0.0750095205695785,0.0536949216661586,0.0880517914040472));
#7167=CARTESIAN_POINT('',(-0.08440497953625,0.0589162765728207,0.0878927198972006));
#7168=CARTESIAN_POINT('',(-0.0751838266970779,0.0533930307011127,0.088055800727811));
#7169=CARTESIAN_POINT('',(-0.0748562910768788,0.0531968448452167,0.0880615933637133));
#7170=CARTESIAN_POINT('',(-0.0750636562454114,0.0528762439569128,0.08806569025056));
#7171=CARTESIAN_POINT('',(-0.0753788984658268,0.053079802857329,0.0880598577999791));
#7172=CARTESIAN_POINT('',(-0.0751707710099189,0.052945474677567,0.0880637073448274));
#7173=CARTESIAN_POINT('',(-0.0749390965729248,0.0527959489685102,0.0880679924168353));
#7174=CARTESIAN_POINT('',(-0.0749301564985516,0.0527893759723636,0.0880681717891057));
#7175=CARTESIAN_POINT('',(-0.0749197209939327,0.0527819432951236,0.0880683769796498));
#7176=CARTESIAN_POINT('',(-0.0749075546197244,0.052772766671333,0.0880686251258584));
#7177=CARTESIAN_POINT('',(-0.0748914266504552,0.0527601640773528,0.0880689617165808));
#7178=CARTESIAN_POINT('',(-0.0748722482265562,0.0527445204066578,0.0880693734456437));
#7179=CARTESIAN_POINT('',(-0.0748498890240422,0.0527255363797933,0.0880698664793287));
#7180=CARTESIAN_POINT('',(-0.0748245529586949,0.0527031335148673,0.0880704407132045));
#7181=CARTESIAN_POINT('',(-0.0747963462918749,0.0526771702527807,0.0880710978499336));
#7182=CARTESIAN_POINT('',(-0.074765409546466,0.0526475288891082,0.08807183892807));
#7183=CARTESIAN_POINT('',(-0.0747318779169457,0.0526140897067155,0.0880726650598258));
#7184=CARTESIAN_POINT('',(-0.0746958928416076,0.0525767387556273,0.0880735772116012));
#7185=CARTESIAN_POINT('',(-0.0746575984962847,0.0525353657147044,0.0880745762666613));
#7186=CARTESIAN_POINT('',(-0.074617142673085,0.052489864636064,0.088075663005788));
#7187=CARTESIAN_POINT('',(-0.0745746763870206,0.0524401338515688,0.0880768381117568));
#7188=CARTESIAN_POINT('',(-0.0745303538434888,0.0523860761153683,0.0880781021670837));
#7189=CARTESIAN_POINT('',(-0.0744843322994139,0.0523275986748422,0.088079455653791));
#7190=CARTESIAN_POINT('',(-0.0744367719511396,0.0522646133585756,0.0880808989526818));
#7191=CARTESIAN_POINT('',(-0.07438783581311,0.0521970366529887,0.0880824323428799));
#7192=CARTESIAN_POINT('',(-0.0743376895916197,0.0521247897883782,0.0880840560012409));
#7193=CARTESIAN_POINT('',(-0.0742865015760538,0.0520477987789783,0.0880857700024387));
#7194=CARTESIAN_POINT('',(-0.0742344424503932,0.0519659946245156,0.0880875743168109));
#7195=CARTESIAN_POINT('',(-0.0741816854046459,0.0518793128722998,0.0880894688171962));
#7196=CARTESIAN_POINT('',(-0.0741284050791671,0.0517876956331572,0.0880914532513793));
#7197=CARTESIAN_POINT('',(-0.0740747810009886,0.0516910841200506,0.0880935273474851));
#7198=CARTESIAN_POINT('',(-0.0740209837150745,0.0515894476647424,0.0880956904077595));
#7199=CARTESIAN_POINT('',(-0.0739672274603512,0.0514826724304019,0.0880979428702631));
#7200=CARTESIAN_POINT('',(-0.0739193805848426,0.0513830884674749,0.0881000270809104));
#7201=CARTESIAN_POINT('',(-0.0738899021235554,0.0513182112115919,0.0881013726681568));
#7202=CARTESIAN_POINT('',(-0.0738778783809417,0.0512915552826766,0.0881019248895006));
#7203=CARTESIAN_POINT('',(-0.076429445566526,0.0517107434329954,0.0880761594476831));
#7204=CARTESIAN_POINT('',(-0.0762457854173439,0.0515445297748588,0.0880803886589111));
#7205=CARTESIAN_POINT('',(-0.0760413464524105,0.0513595111500859,0.0880850963517328));
#7206=CARTESIAN_POINT('',(-0.0760326816732757,0.0513525793927373,0.0880852799958402));
#7207=CARTESIAN_POINT('',(-0.0760227991730798,0.0513444260472697,0.0880854937675163));
#7208=CARTESIAN_POINT('',(-0.0760107837443072,0.0513350527133353,0.0880857442559895));
#7209=CARTESIAN_POINT('',(-0.0759944328457227,0.051322740637962,0.0880860773874522));
#7210=CARTESIAN_POINT('',(-0.0759743542343412,0.0513082700799771,0.0880864751480418));
#7211=CARTESIAN_POINT('',(-0.0759502250457129,0.0512915926761751,0.0880869407163328));
#7212=CARTESIAN_POINT('',(-0.0759220222647262,0.0512729256780755,0.0880874704665406));
#7213=CARTESIAN_POINT('',(-0.0758896366539508,0.0512524083618223,0.0880880627573698));
#7214=CARTESIAN_POINT('',(-0.0758529908924206,0.0512302069142844,0.0880887152470274));
#7215=CARTESIAN_POINT('',(-0.0758120043350538,0.0512064828976554,0.0880894256984797));
#7216=CARTESIAN_POINT('',(-0.075766603524899,0.0511814024106704,0.0880901917435344));
#7217=CARTESIAN_POINT('',(-0.0757167192194948,0.0511551332561572,0.0880910109537822));
#7218=CARTESIAN_POINT('',(-0.0756622873375557,0.0511278455969051,0.0880918808223033));
#7219=CARTESIAN_POINT('',(-0.0756032487667764,0.0510997115999852,0.0880927987712661));
#7220=CARTESIAN_POINT('',(-0.075539549493113,0.0510709053684358,0.0880937621521845));
#7221=CARTESIAN_POINT('',(-0.0754711406333616,0.0510416027887912,0.0880947682483436));
#7222=CARTESIAN_POINT('',(-0.0753979784911175,0.0510119814000352,0.088095814276683));
#7223=CARTESIAN_POINT('',(-0.0753200245993885,0.0509822202565956,0.0880968973898801));
#7224=CARTESIAN_POINT('',(-0.0752372457710236,0.0509524997841407,0.0880980146785023));
#7225=CARTESIAN_POINT('',(-0.0751496141092518,0.0509230016641716,0.0880991631729455));
#7226=CARTESIAN_POINT('',(-0.0750571071535842,0.0508939085997951,0.0881003398464678));
#7227=CARTESIAN_POINT('',(-0.0749597074856278,0.0508654045367298,0.0881015416141814));
#7228=CARTESIAN_POINT('',(-0.0748574044032136,0.0508376731217873,0.0881027653478566));
#7229=CARTESIAN_POINT('',(-0.0747501876021544,0.0508109029535253,0.0881040078299517));
#7230=CARTESIAN_POINT('',(-0.0746380716165404,0.050785266675064,0.0881052659418458));
#7231=CARTESIAN_POINT('',(-0.0745210019497868,0.0507610006622226,0.0881065359515521));
#7232=CARTESIAN_POINT('',(-0.0744124095745644,0.0507405794506025,0.0881076775564512));
#7233=CARTESIAN_POINT('',(-0.0743421018689649,0.0507289103390064,0.0881083895843299));
#7234=CARTESIAN_POINT('',(-0.0743132375303968,0.0507242008574112,0.0881086804852034));
#7235=CARTESIAN_POINT('',(-0.0761511688405572,0.0514590115772556,0.088082565502691));
#7236=CARTESIAN_POINT('',(-0.0764071892700895,0.051175734334147,0.0880856591061761));
#7237=CARTESIAN_POINT('',(-0.0766815265475276,0.0514412475838052,0.0880790409759751));
#7238=CARTESIAN_POINT('',(-0.0844049795362498,0.0589162765728209,0.0878927198972006));
#7239=CARTESIAN_POINT('',(-0.076928032637042,0.0511947414982152,0.0880815615188938));
#7240=CARTESIAN_POINT('',(-0.0766624512631573,0.0509204723451429,0.0880882691788534));
#7241=CARTESIAN_POINT('',(-0.0769457319501248,0.0506644484803376,0.0880906899690001));
#7242=CARTESIAN_POINT('',(-0.0771975306879848,0.0509426583237647,0.0880840131746139));
#7243=CARTESIAN_POINT('',(-0.0770312728790492,0.0507590423256586,0.0880884203260525));
#7244=CARTESIAN_POINT('',(-0.0768462051083746,0.0505546525069353,0.0880933260907621));
#7245=CARTESIAN_POINT('',(-0.0768392713828967,0.0505459896959573,0.0880935274350206));
#7246=CARTESIAN_POINT('',(-0.0768311157614809,0.0505361094717371,0.0880937588641593));
#7247=CARTESIAN_POINT('',(-0.0768217397284974,0.0505240967420556,0.0880940363406488));
#7248=CARTESIAN_POINT('',(-0.0768094240361459,0.0505077494605135,0.0880944107323925));
#7249=CARTESIAN_POINT('',(-0.0767949491184102,0.0504876752089721,0.0880948657911623));
#7250=CARTESIAN_POINT('',(-0.0767782665652414,0.0504635511698291,0.0880954075018493));
#7251=CARTESIAN_POINT('',(-0.0767595936526718,0.0504353543034641,0.0880960346956634));
#7252=CARTESIAN_POINT('',(-0.0767390696606379,0.0504029753686582,0.0880967482724177));
#7253=CARTESIAN_POINT('',(-0.0767168607872248,0.0503663370332331,0.0880975483803196));
#7254=CARTESIAN_POINT('',(-0.076693128604839,0.0503253586418979,0.0880984352590267));
#7255=CARTESIAN_POINT('',(-0.0766680392239079,0.0502799667260125,0.088099408989941));
#7256=CARTESIAN_POINT('',(-0.0766417604596987,0.05023009203068,0.0881004695685859));
#7257=CARTESIAN_POINT('',(-0.0766144624883893,0.0501756704612303,0.0881016168833414));
#7258=CARTESIAN_POINT('',(-0.0765863174913189,0.0501166428910933,0.0881028507213705));
#7259=CARTESIAN_POINT('',(-0.0765574995866819,0.0500529552910728,0.0881041707668559));
#7260=CARTESIAN_POINT('',(-0.0765281846770409,0.0499845587619402,0.0881055766015338));
#7261=CARTESIAN_POINT('',(-0.0764985503182714,0.0499114095904026,0.0881070677046648));
#7262=CARTESIAN_POINT('',(-0.0764687755825437,0.0498334692917287,0.0881086434532801));
#7263=CARTESIAN_POINT('',(-0.076439040914108,0.0497507046601891,0.0881103031223439));
#7264=CARTESIAN_POINT('',(-0.0764095280138734,0.049663087779608,0.0881120458854039));
#7265=CARTESIAN_POINT('',(-0.0763804196051693,0.0495705961692773,0.0881138708137376));
#7266=CARTESIAN_POINT('',(-0.0763518996547304,0.0494732123897912,0.0881157768816354));
#7267=CARTESIAN_POINT('',(-0.0763241518311937,0.049370925717158,0.088117762948323));
#7268=CARTESIAN_POINT('',(-0.0762973647556179,0.0492637258246931,0.0881198278302843));
#7269=CARTESIAN_POINT('',(-0.0762717110947443,0.0491516272228679,0.0881219700258162));
#7270=CARTESIAN_POINT('',(-0.076247427247346,0.0490345753921483,0.0881241887773584));
#7271=CARTESIAN_POINT('',(-0.0762269897560699,0.0489259992979855,0.0881262317724378));
#7272=CARTESIAN_POINT('',(-0.0762153103002012,0.0488557019375919,0.0881275432784876));
#7273=CARTESIAN_POINT('',(-0.0762105965820832,0.0488268418359311,0.0881280811212337));
#7274=CARTESIAN_POINT('',(-0.0785666303249808,0.0498920710489242,0.0880924525929924));
#7275=CARTESIAN_POINT('',(-0.0784322589309753,0.0496839868084341,0.0880970562990052));
#7276=CARTESIAN_POINT('',(-0.0782826851185315,0.049452360476134,0.0881021808559453));
#7277=CARTESIAN_POINT('',(-0.0782761101647933,0.04944342235939,0.0881023844117483));
#7278=CARTESIAN_POINT('',(-0.0782686752327729,0.0494329891095993,0.0881026202833682));
#7279=CARTESIAN_POINT('',(-0.0782594959157111,0.0494208254287098,0.0881028989724561));
#7280=CARTESIAN_POINT('',(-0.0782468896962195,0.0494047010850081,0.0881032715733293));
#7281=CARTESIAN_POINT('',(-0.0782312416313164,0.0493855270553733,0.088103719400573));
#7282=CARTESIAN_POINT('',(-0.0782122523873339,0.0493631730700309,0.0881042468923322));
#7283=CARTESIAN_POINT('',(-0.0781898434982062,0.0493378430289319,0.0881048510568003));
#7284=CARTESIAN_POINT('',(-0.078163873400378,0.0493096431978891,0.0881055310626121));
#7285=CARTESIAN_POINT('',(-0.0781342243923016,0.0492787140969047,0.0881062853079576));
#7286=CARTESIAN_POINT('',(-0.0781007767587936,0.049245190918501,0.0881071122985788));
#7287=CARTESIAN_POINT('',(-0.0780634165533455,0.049209215097501,0.0881080103895476));
#7288=CARTESIAN_POINT('',(-0.0780220334590881,0.0491709308054633,0.0881089778619223));
#7289=CARTESIAN_POINT('',(-0.0779765215334172,0.0491304858292137,0.0881100129020288));
#7290=CARTESIAN_POINT('',(-0.0779267791144204,0.049088031177535,0.0881111136090026));
#7291=CARTESIAN_POINT('',(-0.0778727089634331,0.0490437210486349,0.0881122779943255));
#7292=CARTESIAN_POINT('',(-0.0778142183359728,0.0489977126912956,0.0881135039837369));
#7293=CARTESIAN_POINT('',(-0.0777512190697115,0.0489501662927702,0.0881147894185543));
#7294=CARTESIAN_POINT('',(-0.0776836276611,0.0489012448574683,0.0881161320572369));
#7295=CARTESIAN_POINT('',(-0.0776113653514033,0.048851114080712,0.0881175295769673));
#7296=CARTESIAN_POINT('',(-0.0775343581667542,0.0487999422399843,0.0881189795752598));
#7297=CARTESIAN_POINT('',(-0.0774525371197088,0.0487479000064325,0.0881204795717941));
#7298=CARTESIAN_POINT('',(-0.0773658377712967,0.0486951605563412,0.0881220270096351));
#7299=CARTESIAN_POINT('',(-0.0772742022470753,0.0486418985153306,0.0881236192590864));
#7300=CARTESIAN_POINT('',(-0.0771775717752417,0.0485882933951944,0.08812525361165));
#7301=CARTESIAN_POINT('',(-0.0770759157052079,0.0485345157232439,0.0881269273123322));
#7302=CARTESIAN_POINT('',(-0.0769691202128107,0.0484807797257331,0.0881286374447247));
#7303=CARTESIAN_POINT('',(-0.0768695176450217,0.0484329514542624,0.0881301924496071));
#7304=CARTESIAN_POINT('',(-0.0768046284820113,0.048403484899539,0.0881311759598206));
#7305=CARTESIAN_POINT('',(-0.0767779676719517,0.0483914660378364,0.0881315785160718));
#7306=CARTESIAN_POINT('',(-0.0783630059574033,0.049576894297447,0.0880994263443384));
#7307=CARTESIAN_POINT('',(-0.0786836211392431,0.0493695148437841,0.0881007280954562));
#7308=CARTESIAN_POINT('',(-0.0788798730830486,0.0496969843739838,0.0880935930742947));
#7309=CARTESIAN_POINT('',(-0.0844049795362496,0.0589162765728211,0.0878927198972006));
#7310=CARTESIAN_POINT('',(-0.0791817801519481,0.049522662150212,0.0880944530655337));
#7311=CARTESIAN_POINT('',(-0.0789962519561142,0.0491890006894942,0.0881016186336093));
#7312=CARTESIAN_POINT('',(-0.0793361430508432,0.0490150014514744,0.088102198354208));
#7313=CARTESIAN_POINT('',(-0.0795073386382797,0.0493489026968463,0.0880951322285201));
#7314=CARTESIAN_POINT('',(-0.0793942806712412,0.0491285120072272,0.0880997966464617));
#7315=CARTESIAN_POINT('',(-0.0792684316296187,0.0488831869072132,0.088104988784115));
#7316=CARTESIAN_POINT('',(-0.0792639767749689,0.0488730246376561,0.0881051983790832));
#7317=CARTESIAN_POINT('',(-0.0792586568288778,0.0488613701874086,0.0881054402753032));
#7318=CARTESIAN_POINT('',(-0.0792527100982724,0.0488473399995119,0.0881057281725095));
#7319=CARTESIAN_POINT('',(-0.0792450459769197,0.0488283620706298,0.0881061148510958));
#7320=CARTESIAN_POINT('',(-0.0792362610070701,0.0488052252653103,0.0881065822280693));
#7321=CARTESIAN_POINT('',(-0.0792263919916758,0.0487776052272896,0.08810713569907));
#7322=CARTESIAN_POINT('',(-0.079215654760017,0.0487455359293309,0.0881077731106006));
#7323=CARTESIAN_POINT('',(-0.0792042121189088,0.048708947892704,0.0881084944983037));
#7324=CARTESIAN_POINT('',(-0.0791922446155126,0.0486678094275377,0.0881092991099396));
#7325=CARTESIAN_POINT('',(-0.0791799291892717,0.0486220844369094,0.0881101862962799));
#7326=CARTESIAN_POINT('',(-0.0791674453025959,0.0485717449402808,0.0881111552481804));
#7327=CARTESIAN_POINT('',(-0.0791549729738536,0.0485167674686037,0.0881122050737281));
#7328=CARTESIAN_POINT('',(-0.0791426931660672,0.0484571341483668,0.088113334776508));
#7329=CARTESIAN_POINT('',(-0.0791307874930294,0.0483928324239452,0.0881145432625747));
#7330=CARTESIAN_POINT('',(-0.0791194381198642,0.0483238551647975,0.0881158293393001));
#7331=CARTESIAN_POINT('',(-0.079108827607304,0.048250200657488,0.0881171917166387));
#7332=CARTESIAN_POINT('',(-0.0790991387706164,0.048171872625835,0.0881186290077956));
#7333=CARTESIAN_POINT('',(-0.0790905545362254,0.0480888802366263,0.0881201397301639));
#7334=CARTESIAN_POINT('',(-0.0790832577893592,0.0480012381110219,0.0881217223062266));
#7335=CARTESIAN_POINT('',(-0.0790774312598345,0.0479089663048776,0.0881233750647262));
#7336=CARTESIAN_POINT('',(-0.0790732572580362,0.0478120903890734,0.0881250962411715));
#7337=CARTESIAN_POINT('',(-0.0790709179903965,0.0477106411259545,0.0881268839812043));
#7338=CARTESIAN_POINT('',(-0.0790705936371207,0.047604655687534,0.088128736333234));
#7339=CARTESIAN_POINT('',(-0.0790724690590804,0.0474941729112262,0.0881306512827573));
#7340=CARTESIAN_POINT('',(-0.079076707277841,0.0473792514973466,0.0881326266264615));
#7341=CARTESIAN_POINT('',(-0.079083550741837,0.0472598999590742,0.0881346604627913));
#7342=CARTESIAN_POINT('',(-0.0790919154160493,0.0471497310150623,0.0881365230155644));
#7343=CARTESIAN_POINT('',(-0.0790988309012153,0.0470788041990972,0.0881377110634476));
#7344=CARTESIAN_POINT('',(-0.079101748439693,0.0470497066929254,0.0881381978745018));
#7345=CARTESIAN_POINT('',(-0.0811016889338553,0.0486883833581016,0.0880951342851574));
#7346=CARTESIAN_POINT('',(-0.0810257634834685,0.0484526091323721,0.0880997987509982));
#7347=CARTESIAN_POINT('',(-0.0809412480316501,0.0481901600443104,0.0881049909419699));
#7348=CARTESIAN_POINT('',(-0.0809372109755402,0.0481798246860562,0.088105200537477));
#7349=CARTESIAN_POINT('',(-0.0809327302900255,0.0481678225406739,0.0881054424347797));
#7350=CARTESIAN_POINT('',(-0.0809270126399628,0.0481536974475804,0.0881057303322814));
#7351=CARTESIAN_POINT('',(-0.0809190101925897,0.0481348596829269,0.0881061170104313));
#7352=CARTESIAN_POINT('',(-0.0809088590639284,0.0481122888600752,0.0881065843856425));
#7353=CARTESIAN_POINT('',(-0.080896303850188,0.0480857816803519,0.0881071378531782));
#7354=CARTESIAN_POINT('',(-0.0808812159816809,0.0480555147966945,0.0881077752590967));
#7355=CARTESIAN_POINT('',(-0.0808634312160493,0.0480215542227451,0.0881084966386187));
#7356=CARTESIAN_POINT('',(-0.0808427994923297,0.0479840052354337,0.0881093012390782));
#7357=CARTESIAN_POINT('',(-0.0808191701836293,0.0479429674444637,0.0881101884108241));
#7358=CARTESIAN_POINT('',(-0.0807923966191485,0.047898547982197,0.0881111573442916));
#7359=CARTESIAN_POINT('',(-0.0807623349255228,0.0478508575638695,0.0881122071471498));
#7360=CARTESIAN_POINT('',(-0.0807288445186425,0.0478000115289153,0.088113336822569));
#7361=CARTESIAN_POINT('',(-0.0806917881150796,0.04774612943683,0.0881145452761924));
#7362=CARTESIAN_POINT('',(-0.080651031878203,0.0476893350726378,0.0881158313149844));
#7363=CARTESIAN_POINT('',(-0.0806064455226349,0.0476297563311241,0.0881171936484957));
#7364=CARTESIAN_POINT('',(-0.080557902428241,0.0475675251313147,0.0881186308895325));
#7365=CARTESIAN_POINT('',(-0.0805052797455437,0.0475027773191197,0.0881201415550933));
#7366=CARTESIAN_POINT('',(-0.080448458511502,0.047435652567653,0.0881217240672717));
#7367=CARTESIAN_POINT('',(-0.0803873237163491,0.0473662942825469,0.0881233767544262));
#7368=CARTESIAN_POINT('',(-0.0803217645470662,0.0472948494720325,0.0881250978516875));
#7369=CARTESIAN_POINT('',(-0.0802516739355153,0.0472214687412829,0.0881268855043243));
#7370=CARTESIAN_POINT('',(-0.0801769507790275,0.0471463057942793,0.0881287377603829));
#7371=CARTESIAN_POINT('',(-0.0800974918433856,0.0470695188226195,0.0881306526049887));
#7372=CARTESIAN_POINT('',(-0.0800132233821103,0.0469912646166515,0.0881326278345235));
#7373=CARTESIAN_POINT('',(-0.0799239800003883,0.0469117206538987,0.0881346615469057));
#7374=CARTESIAN_POINT('',(-0.0798401549904265,0.0468397447402382,0.0881365239807584));
#7375=CARTESIAN_POINT('',(-0.0797851064592299,0.0467944888393959,0.088137711948711));
#7376=CARTESIAN_POINT('',(-0.0797624660678254,0.046775979663149,0.0881381987267966));
#7377=CARTESIAN_POINT('',(-0.0809865935888144,0.048331240485646,0.088102200483212));
#7378=CARTESIAN_POINT('',(-0.0813499541281608,0.0482138913884853,0.088101621669775));
#7379=CARTESIAN_POINT('',(-0.081454746492685,0.0485810006919123,0.088094455997554));
#7380=CARTESIAN_POINT('',(-0.0844049795362493,0.0589162765728212,0.0878927198972006));
#7381=CARTESIAN_POINT('',(-0.0817914800731492,0.0484907421014277,0.0880935968301315));
#7382=CARTESIAN_POINT('',(-0.0816986484953122,0.0481204268102106,0.0881007319847005));
#7383=CARTESIAN_POINT('',(-0.0820719869813937,0.0480403099595001,0.0880994311287504));
#7384=CARTESIAN_POINT('',(-0.0821509127220369,0.0484071477887426,0.0880924572165491));
#7385=CARTESIAN_POINT('',(-0.0820987593105121,0.0481650016688953,0.0880970610286192));
#7386=CARTESIAN_POINT('',(-0.0820407054021529,0.0478954597877377,0.0881021857036157));
#7387=CARTESIAN_POINT('',(-0.0820390330093136,0.0478844906014777,0.0881023892657428));
#7388=CARTESIAN_POINT('',(-0.0820369112840818,0.0478718561567273,0.0881026251442165));
#7389=CARTESIAN_POINT('',(-0.0820347991157176,0.0478567646447347,0.0881029038424206));
#7390=CARTESIAN_POINT('',(-0.0820323088625683,0.0478364493830035,0.088103276456343));
#7391=CARTESIAN_POINT('',(-0.0820298125217823,0.047811826758953,0.0881037243005518));
#7392=CARTESIAN_POINT('',(-0.0820274296012523,0.0477825929820013,0.0881042518137323));
#7393=CARTESIAN_POINT('',(-0.0820253597750977,0.0477488367221077,0.0881048560044369));
#7394=CARTESIAN_POINT('',(-0.082023778281997,0.0477105329978914,0.0881055360417088));
#7395=CARTESIAN_POINT('',(-0.0820228677141969,0.0476676979214006,0.0881062903241256));
#7396=CARTESIAN_POINT('',(-0.0820228083200469,0.0476203424140264,0.088107117357816));
#7397=CARTESIAN_POINT('',(-0.0820237806838727,0.0475684858901598,0.088108015498232));
#7398=CARTESIAN_POINT('',(-0.0820259647591897,0.0475121522659785,0.0881089830268064));
#7399=CARTESIAN_POINT('',(-0.0820295399635335,0.0474513711071797,0.088110018130233));
#7400=CARTESIAN_POINT('',(-0.0820346849664708,0.0473861772847292,0.088111118908009));
#7401=CARTESIAN_POINT('',(-0.0820415775658029,0.0473166110526748,0.088112283371971));
#7402=CARTESIAN_POINT('',(-0.0820503945392199,0.0472427180001419,0.088113509448206));
#7403=CARTESIAN_POINT('',(-0.0820613115028227,0.0471645490342875,0.0881147949783719));
#7404=CARTESIAN_POINT('',(-0.082074502771156,0.0470821603487171,0.0881161377212604));
#7405=CARTESIAN_POINT('',(-0.0820901412071,0.0469956133950724,0.0881175353543786));
#7406=CARTESIAN_POINT('',(-0.0821083981166434,0.0469049748344672,0.0881189854755574));
#7407=CARTESIAN_POINT('',(-0.0821294429730757,0.0468103165467565,0.0881204856047839));
#7408=CARTESIAN_POINT('',(-0.0821534438054591,0.0467117153996336,0.0881220331854229));
#7409=CARTESIAN_POINT('',(-0.0821805650265838,0.0466092539279049,0.0881236255880648));
#7410=CARTESIAN_POINT('',(-0.0822109751391716,0.0465030174863781,0.0881252601045049));
#7411=CARTESIAN_POINT('',(-0.082244816409962,0.0463931049648834,0.0881269339799724));
#7412=CARTESIAN_POINT('',(-0.0822823208145903,0.0462795873291537,0.0881286442985049));
#7413=CARTESIAN_POINT('',(-0.0823189176155667,0.0461753333667643,0.0881301994790781));
#7414=CARTESIAN_POINT('',(-0.0823439567628818,0.0461086106405235,0.0881311831052949));
#7415=CARTESIAN_POINT('',(-0.0823543067325294,0.0460812586768005,0.0881315857092883));
#7416=CARTESIAN_POINT('',(-0.0838618613383371,0.0481817096874695,0.0880840217712887));
#7417=CARTESIAN_POINT('',(-0.0838495560255403,0.0479343131003486,0.0880884291213189));
#7418=CARTESIAN_POINT('',(-0.0838358585227201,0.047658926728159,0.088093335107088));
#7419=CARTESIAN_POINT('',(-0.0838346344829408,0.0476478984659797,0.0880935364587118));
#7420=CARTESIAN_POINT('',(-0.0838334133952451,0.0476351453513791,0.0880937678967957));
#7421=CARTESIAN_POINT('',(-0.0838315470605844,0.0476200214478331,0.0880940453829724));
#7422=CARTESIAN_POINT('',(-0.0838286937388935,0.0475997540247581,0.0880944197869221));
#7423=CARTESIAN_POINT('',(-0.0838247313291169,0.0475753245729669,0.0880948748592525));
#7424=CARTESIAN_POINT('',(-0.0838194657626864,0.0475464706193554,0.0880954165846668));
#7425=CARTESIAN_POINT('',(-0.0838127271281049,0.0475133295312425,0.0880960437938756));
#7426=CARTESIAN_POINT('',(-0.0838043396970569,0.0474759225713788,0.0880967573862856));
#7427=CARTESIAN_POINT('',(-0.0837941312755701,0.0474343125991729,0.0880975575096674));
#7428=CARTESIAN_POINT('',(-0.0837819305900159,0.0473885568532731,0.0880984444032497));
#7429=CARTESIAN_POINT('',(-0.0837675682406763,0.0473387208626866,0.0880994181480013));
#7430=CARTESIAN_POINT('',(-0.0837508766024236,0.0472848743412661,0.0881004787390131));
#7431=CARTESIAN_POINT('',(-0.0837316900302173,0.0472270923208624,0.088101626064232));
#7432=CARTESIAN_POINT('',(-0.0837098449747526,0.0471654547639018,0.0881028599103877));
#7433=CARTESIAN_POINT('',(-0.083685180122177,0.04710004660648,0.0881041799612304));
#7434=CARTESIAN_POINT('',(-0.0836575365249506,0.0470309576735677,0.0881055857980642));
#7435=CARTESIAN_POINT('',(-0.0836267577340857,0.0469582826258992,0.088107076899719));
#7436=CARTESIAN_POINT('',(-0.0835926899261653,0.0468821208932116,0.0881086526427963));
#7437=CARTESIAN_POINT('',(-0.0835551820409771,0.046802576607918,0.088110312301833));
#7438=CARTESIAN_POINT('',(-0.0835140858705799,0.0467197585309433,0.0881120550499511));
#7439=CARTESIAN_POINT('',(-0.0834692563281047,0.0466337799892348,0.0881138799580054));
#7440=CARTESIAN_POINT('',(-0.0834205510127619,0.0465447587533601,0.088115785999865));
#7441=CARTESIAN_POINT('',(-0.0833678324836364,0.0464528171309892,0.0881177720343416));
#7442=CARTESIAN_POINT('',(-0.0833109600793381,0.0463580812130279,0.0881198368774941));
#7443=CARTESIAN_POINT('',(-0.083249821983197,0.0462606833678579,0.0881219790272528));
#7444=CARTESIAN_POINT('',(-0.0831842125011329,0.0461607522294721,0.0881241977254869));
#7445=CARTESIAN_POINT('',(-0.0831218775848999,0.0460695337131919,0.0881262406665206));
#7446=CARTESIAN_POINT('',(-0.0830804211519461,0.0460115725810843,0.0881275521341594));
#7447=CARTESIAN_POINT('',(-0.083063344084456,0.0459878344600664,0.0881280899609574));
#7448=CARTESIAN_POINT('',(-0.0838431385733932,0.0478069393905868,0.088090698866332));
#7449=CARTESIAN_POINT('',(-0.0842244820499716,0.0477876177969711,0.0880882789335194));
#7450=CARTESIAN_POINT('',(-0.0842306734087497,0.0481693489812737,0.0880815709389588));
#7451=CARTESIAN_POINT('',(-0.0844049795362491,0.0589162765728213,0.0878927198972006));
#7452=CARTESIAN_POINT('',(-0.0845792856637485,0.0481693049978584,0.0880790511637149));
#7453=CARTESIAN_POINT('',(-0.0845854770225266,0.0477875722512637,0.0880856696557847));
#7454=CARTESIAN_POINT('',(-0.084966820499105,0.0478067976188389,0.0880825768744692));
#7455=CARTESIAN_POINT('',(-0.0849480977341611,0.0481815726401174,0.0880761704363459));
#7456=CARTESIAN_POINT('',(-0.0849604030469579,0.047934172947944,0.0880803999003602));
#7457=CARTESIAN_POINT('',(-0.084974100549778,0.0476587831194046,0.0880851078745678));
#7458=CARTESIAN_POINT('',(-0.0849753245895574,0.0476477545483581,0.0880852915314313));
#7459=CARTESIAN_POINT('',(-0.0849765456772531,0.0476350011256351,0.0880855053174304));
#7460=CARTESIAN_POINT('',(-0.0849784120119138,0.0476198767511489,0.0880857558238104));
#7461=CARTESIAN_POINT('',(-0.0849812653336046,0.0475996086080829,0.0880860889800458));
#7462=CARTESIAN_POINT('',(-0.0849852277433813,0.0475751781564397,0.0880864867716471));
#7463=CARTESIAN_POINT('',(-0.0849904933098117,0.0475463228741453,0.088086952377856));
#7464=CARTESIAN_POINT('',(-0.0849972319443933,0.0475131800856437,0.0880874821731365));
#7465=CARTESIAN_POINT('',(-0.0850056193754412,0.0474757710093435,0.0880880745165611));
#7466=CARTESIAN_POINT('',(-0.085015827796928,0.0474341584612026,0.0880887270666584));
#7467=CARTESIAN_POINT('',(-0.0850280284824822,0.0473883996366514,0.0880894375867198));
#7468=CARTESIAN_POINT('',(-0.0850423908318219,0.0473385600219514,0.0880902037088662));
#7469=CARTESIAN_POINT('',(-0.0850590824700745,0.047284709288658,0.0880910230049937));
#7470=CARTESIAN_POINT('',(-0.0850782690422808,0.0472269224268239,0.0880918929684793));
#7471=CARTESIAN_POINT('',(-0.0851001140977455,0.0471652793576066,0.0880928110217782));
#7472=CARTESIAN_POINT('',(-0.0851247789503211,0.0470998649763964,0.0880937745166821));
#7473=CARTESIAN_POINT('',(-0.0851524225475475,0.0470307690680561,0.0880947807367444));
#7474=CARTESIAN_POINT('',(-0.0851832013384125,0.0469580862538429,0.0880958268991628));
#7475=CARTESIAN_POINT('',(-0.0852172691463329,0.0468819159246787,0.0880969101568626));
#7476=CARTESIAN_POINT('',(-0.0852547770315211,0.0468023621748591,0.088098027600649));
#7477=CARTESIAN_POINT('',(-0.0852958732019182,0.0467195337279109,0.0880991762611451));
#7478=CARTESIAN_POINT('',(-0.0853407027443935,0.046633543874171,0.088100353111825));
#7479=CARTESIAN_POINT('',(-0.0853894080597362,0.0465445103482744,0.0881015550680073));
#7480=CARTESIAN_POINT('',(-0.0854421265888617,0.0464525554232103,0.088102779001653));
#7481=CARTESIAN_POINT('',(-0.08549899899316,0.0463578051543904,0.0881040216954156));
#7482=CARTESIAN_POINT('',(-0.0855601370893011,0.0462603918819815,0.0881052800307994));
#7483=CARTESIAN_POINT('',(-0.0856257465713652,0.0461604441880727,0.0881065502761532));
#7484=CARTESIAN_POINT('',(-0.0856880814875983,0.0460692099425549,0.0881076921015405));
#7485=CARTESIAN_POINT('',(-0.0857295379205521,0.0460112383495672,0.0881084042735897));
#7486=CARTESIAN_POINT('',(-0.0857466149880422,0.0459874959194194,0.0881086952337255));
#7487=CARTESIAN_POINT('',(-0.0866590463504613,0.0484065790103634,0.0880598723508423));
#7488=CARTESIAN_POINT('',(-0.086711199761986,0.0481644197304213,0.0880637222314406));
#7489=CARTESIAN_POINT('',(-0.0867692536703452,0.0478948632002712,0.0880680076771846));
#7490=CARTESIAN_POINT('',(-0.0867709260631846,0.0478838935920092,0.0880681870631446));
#7491=CARTESIAN_POINT('',(-0.0867730477884164,0.0478712586118747,0.0880683922698869));
#7492=CARTESIAN_POINT('',(-0.0867751599567805,0.0478561665669095,0.0880686404345141));
#7493=CARTESIAN_POINT('',(-0.0867776502099298,0.047835850676802,0.0880689770492532));
#7494=CARTESIAN_POINT('',(-0.0867801465507159,0.0478112274228391,0.0880693888062755));
#7495=CARTESIAN_POINT('',(-0.0867825294712459,0.0477819930445948,0.0880698818718767));
#7496=CARTESIAN_POINT('',(-0.0867845992974004,0.0477482362624131,0.0880704561411048));
#7497=CARTESIAN_POINT('',(-0.0867861807905012,0.0477099321391319,0.0880711133162593));
#7498=CARTESIAN_POINT('',(-0.0867870913583013,0.0476670968328736,0.0880718544354772));
#7499=CARTESIAN_POINT('',(-0.0867871507524513,0.0476197413105121,0.0880726806105638));
#7500=CARTESIAN_POINT('',(-0.0867861783886254,0.0475678850320064,0.088073592807504));
#7501=CARTESIAN_POINT('',(-0.0867839943133085,0.0475115519589421,0.0880745919091446));
#7502=CARTESIAN_POINT('',(-0.0867804191089647,0.0474507717022901,0.0880756786958456));
#7503=CARTESIAN_POINT('',(-0.0867752741060274,0.0473855791781002,0.0880768538499571));
#7504=CARTESIAN_POINT('',(-0.0867683815066952,0.0473160146852851,0.088078117953567));
#7505=CARTESIAN_POINT('',(-0.0867595645332783,0.0472421238575771,0.0880794714882664));
#7506=CARTESIAN_POINT('',(-0.0867486475696754,0.047163957646447,0.0880809148344254));
#7507=CARTESIAN_POINT('',(-0.0867354563013421,0.0470815722894861,0.0880824482707328));
#7508=CARTESIAN_POINT('',(-0.0867198178653981,0.0469950292819553,0.0880840719736072));
#7509=CARTESIAN_POINT('',(-0.0867015609558547,0.0469043953281947,0.0880857860172846));
#7510=CARTESIAN_POINT('',(-0.0866805160994224,0.0468097423508232,0.0880875903716637));
#7511=CARTESIAN_POINT('',(-0.086656515267039,0.0467111472599336,0.0880894849091432));
#7512=CARTESIAN_POINT('',(-0.0866293940459144,0.0466086926318193,0.0880914693770703));
#7513=CARTESIAN_POINT('',(-0.0865989839333265,0.046502463863807,0.0880935435031211));
#7514=CARTESIAN_POINT('',(-0.0865651426625361,0.0463925598816259,0.0880957065891377));
#7515=CARTESIAN_POINT('',(-0.0865276382579078,0.046279051709544,0.0880979590726055));
#7516=CARTESIAN_POINT('',(-0.0864910414569314,0.0461748069817829,0.0881000432977649));
#7517=CARTESIAN_POINT('',(-0.0864660023096163,0.0461080905737779,0.0881013888907378));
#7518=CARTESIAN_POINT('',(-0.0864556523399688,0.0460807412217072,0.0881019411142406));
#7519=CARTESIAN_POINT('',(-0.0867379720911045,0.0480397212654491,0.0880657053098814));
#7520=CARTESIAN_POINT('',(-0.0871113105771859,0.0481197439100529,0.0880616091721152));
#7521=CARTESIAN_POINT('',(-0.0870184789993489,0.0484900826258614,0.0880558159939589));
#7522=CARTESIAN_POINT('',(-0.0844049795362488,0.0589162765728212,0.0878927198972006));
#7523=CARTESIAN_POINT('',(-0.0873552125798131,0.0485802562469125,0.0880518073294124));
#7524=CARTESIAN_POINT('',(-0.0874600049443373,0.0482131205007773,0.088057458119686));
#7525=CARTESIAN_POINT('',(-0.0878233654836838,0.0483303779096095,0.0880527841809406));
#7526=CARTESIAN_POINT('',(-0.0877082701386429,0.0486875498245688,0.0880473818050664));
#7527=CARTESIAN_POINT('',(-0.0877841955890296,0.0484517564402436,0.0880509486900418));
#7528=CARTESIAN_POINT('',(-0.087868711040848,0.0481892860260343,0.0880549191227984));
#7529=CARTESIAN_POINT('',(-0.087872748096958,0.0481789496490924,0.0880550703584866));
#7530=CARTESIAN_POINT('',(-0.0878772287824726,0.0481669463730794,0.0880552474828487));
#7531=CARTESIAN_POINT('',(-0.0878829464325353,0.0481528198372266,0.0880554527258087));
#7532=CARTESIAN_POINT('',(-0.0878909488799085,0.0481339800532812,0.0880557237203102));
#7533=CARTESIAN_POINT('',(-0.0879011000085697,0.0481114066689515,0.0880560443504639));
#7534=CARTESIAN_POINT('',(-0.0879136552223101,0.048084896321117,0.0880564163194073));
#7535=CARTESIAN_POINT('',(-0.0879287430908172,0.0480546256302729,0.088056835614591));
#7536=CARTESIAN_POINT('',(-0.0879465278564488,0.048020660568617,0.0880572998969426));
#7537=CARTESIAN_POINT('',(-0.0879671595801684,0.047983106375214,0.0880578062445099));
#7538=CARTESIAN_POINT('',(-0.0879907888888688,0.0479420626217588,0.0880583518301741));
#7539=CARTESIAN_POINT('',(-0.0880175624533497,0.0478976364036034,0.0880589337240927));
#7540=CARTESIAN_POINT('',(-0.0880476241469753,0.0478499383996794,0.0880595489540964));
#7541=CARTESIAN_POINT('',(-0.0880811145538556,0.0477990839139467,0.0880601944910669));
#7542=CARTESIAN_POINT('',(-0.0881181709574185,0.0477451924712597,0.0880608672560736));
#7543=CARTESIAN_POINT('',(-0.0881589271942951,0.0476883878228708,0.088061564121334));
#7544=CARTESIAN_POINT('',(-0.0882035135498632,0.0476287978306902,0.0880622819129891));
#7545=CARTESIAN_POINT('',(-0.0882520566442572,0.0475665543817928,0.0880630174134201));
#7546=CARTESIAN_POINT('',(-0.0883046793269545,0.0475017932910899,0.0880637673637092));
#7547=CARTESIAN_POINT('',(-0.0883615005609961,0.0474346542016767,0.0880645284662165));
#7548=CARTESIAN_POINT('',(-0.0884226353561491,0.0473652804901646,0.0880652973867153));
#7549=CARTESIAN_POINT('',(-0.0884881945254319,0.0472938191368229,0.0880660707584197));
#7550=CARTESIAN_POINT('',(-0.0885582851369828,0.0472204207198076,0.0880668451788176));
#7551=CARTESIAN_POINT('',(-0.0886330082934707,0.0471452389175885,0.0880676172344119));
#7552=CARTESIAN_POINT('',(-0.0887124672291125,0.0470684318957134,0.0880683834179706));
#7553=CARTESIAN_POINT('',(-0.0887967356903878,0.046990156425922,0.0880691404597939));
#7554=CARTESIAN_POINT('',(-0.0888859790721099,0.0469105899440026,0.0880698840668472));
#7555=CARTESIAN_POINT('',(-0.0889698040820716,0.0468385928784166,0.0880705347235355));
#7556=CARTESIAN_POINT('',(-0.0890248526132683,0.0467933230869416,0.0880709269080689));
#7557=CARTESIAN_POINT('',(-0.0890474930046727,0.0467748081977473,0.0880710863958947));
#7558=CARTESIAN_POINT('',(-0.0893026204342185,0.0493476668540424,0.0880243317669126));
#7559=CARTESIAN_POINT('',(-0.0894156784012569,0.0491272476360199,0.0880273618150787));
#7560=CARTESIAN_POINT('',(-0.0895415274428794,0.0488818907799757,0.0880307346747521));
#7561=CARTESIAN_POINT('',(-0.0895459822975293,0.0488717273863059,0.0880308798701915));
#7562=CARTESIAN_POINT('',(-0.0895513022436203,0.0488600715936535,0.0880310448610919));
#7563=CARTESIAN_POINT('',(-0.0895572489742258,0.0488460399051928,0.0880312467921604));
#7564=CARTESIAN_POINT('',(-0.0895649130955785,0.04882706004239,0.0880315226779506));
#7565=CARTESIAN_POINT('',(-0.0895736980654281,0.0488039210203212,0.0880318630591043));
#7566=CARTESIAN_POINT('',(-0.0895835670808224,0.0487762984920093,0.0880322738632865));
#7567=CARTESIAN_POINT('',(-0.0895943043124812,0.0487442264846787,0.088032756057035));
#7568=CARTESIAN_POINT('',(-0.0896057469535893,0.048707635560681,0.0880333120295331));
#7569=CARTESIAN_POINT('',(-0.0896177144569855,0.0486664940757031,0.0880339436385373));
#7570=CARTESIAN_POINT('',(-0.0896300298832265,0.0486207659774703,0.0880346527926615));
#7571=CARTESIAN_POINT('',(-0.0896425137699023,0.0485704233307288,0.0880354412770762));
#7572=CARTESIAN_POINT('',(-0.0896549860986445,0.0485154427118554,0.0880363108022199));
#7573=CARTESIAN_POINT('',(-0.089667265906431,0.0484558062930017,0.0880372629876852));
#7574=CARTESIAN_POINT('',(-0.0896791715794688,0.0483915015643703,0.0880382993649419));
#7575=CARTESIAN_POINT('',(-0.089690520952634,0.0483225214413864,0.088039421374747));
#7576=CARTESIAN_POINT('',(-0.0897011314651941,0.0482488642566808,0.088040630366159));
#7577=CARTESIAN_POINT('',(-0.0897108203018818,0.0481705337802019,0.0880419275951669));
#7578=CARTESIAN_POINT('',(-0.0897194045362728,0.0480875392248964,0.088043314223554));
#7579=CARTESIAN_POINT('',(-0.0897267012831389,0.0479998952580725,0.0880447913175984));
#7580=CARTESIAN_POINT('',(-0.0897325278126637,0.0479076219816949,0.0880463598475912));
#7581=CARTESIAN_POINT('',(-0.0897367018144619,0.0478107450126468,0.0880480206845261));
#7582=CARTESIAN_POINT('',(-0.0897390410821016,0.0477092951592505,0.0880497746080272));
#7583=CARTESIAN_POINT('',(-0.0897393654353774,0.0476033096389845,0.088051622271195));
#7584=CARTESIAN_POINT('',(-0.0897374900134178,0.04749282733591,0.0880535643318813));
#7585=CARTESIAN_POINT('',(-0.0897332517946571,0.0473779069914783,0.0880556009434185));
#7586=CARTESIAN_POINT('',(-0.0897264083306611,0.0472585571800467,0.088057733709094));
#7587=CARTESIAN_POINT('',(-0.0897180436564489,0.047148390346729,0.0880597171818789));
#7588=CARTESIAN_POINT('',(-0.0897111281712828,0.047077465275778,0.0880610052002484));
#7589=CARTESIAN_POINT('',(-0.0897082106328052,0.0470483685058013,0.088061534187337));
#7590=CARTESIAN_POINT('',(-0.0894738160216549,0.0490137224101512,0.0880289230834285));
#7591=CARTESIAN_POINT('',(-0.089813707116384,0.0491876358819884,0.0880234298857284));
#7592=CARTESIAN_POINT('',(-0.0896281789205501,0.0495213441578343,0.088018946319494));
#7593=CARTESIAN_POINT('',(-0.0844049795362485,0.0589162765728211,0.0878927198972006));
#7594=CARTESIAN_POINT('',(-0.0899300859894496,0.0496955902000961,0.088013721949509));
#7595=CARTESIAN_POINT('',(-0.0901263379332551,0.0493680711487989,0.0880180199459678));
#7596=CARTESIAN_POINT('',(-0.0904469531150948,0.0495753697002533,0.0880120833709938));
#7597=CARTESIAN_POINT('',(-0.0902433287475174,0.0498905978331434,0.0880080532203567));
#7598=CARTESIAN_POINT('',(-0.0903777001415229,0.0496824796861412,0.0880107144489767));
#7599=CARTESIAN_POINT('',(-0.0905272739539666,0.0494508156112374,0.0880136767618515));
#7600=CARTESIAN_POINT('',(-0.0905338489077048,0.049441875835407,0.0880137852699021));
#7601=CARTESIAN_POINT('',(-0.0905412838397253,0.0494314407095279,0.0880139136618946));
#7602=CARTESIAN_POINT('',(-0.0905504631567871,0.0494192747123818,0.0880140596544661));
#7603=CARTESIAN_POINT('',(-0.0905630693762787,0.0494031471876985,0.0880142500194062));
#7604=CARTESIAN_POINT('',(-0.0905787174411818,0.0493839692095202,0.0880144716376972));
#7605=CARTESIAN_POINT('',(-0.0905977066851642,0.0493616104325402,0.0880147246203064));
#7606=CARTESIAN_POINT('',(-0.0906201155742919,0.0493362747369097,0.0880150048411194));
#7607=CARTESIAN_POINT('',(-0.0906460856721201,0.0493080683527203,0.0880153094223231));
#7608=CARTESIAN_POINT('',(-0.0906757346801966,0.0492771317702742,0.0880156350606103));
#7609=CARTESIAN_POINT('',(-0.0907091823137046,0.0492436001518851,0.0880159785311161));
#7610=CARTESIAN_POINT('',(-0.0907465425191527,0.0492076149036237,0.0880163365416979));
#7611=CARTESIAN_POINT('',(-0.0907879256134101,0.0491693201692118,0.0880167057786697));
#7612=CARTESIAN_POINT('',(-0.090833437539081,0.0491288637087421,0.0880170828968475));
#7613=CARTESIAN_POINT('',(-0.0908831799580778,0.0490863965053448,0.0880174645257386));
#7614=CARTESIAN_POINT('',(-0.0909372501090651,0.0490420727326908,0.0880178472711395));
#7615=CARTESIAN_POINT('',(-0.0909957407365254,0.0489960496161598,0.0880182277180724));
#7616=CARTESIAN_POINT('',(-0.0910587400027866,0.0489484873207584,0.088018602433377));
#7617=CARTESIAN_POINT('',(-0.0911263314113982,0.0488995488298255,0.0880189679683826));
#7618=CARTESIAN_POINT('',(-0.0911985937210948,0.0488493998188096,0.0880193208617326));
#7619=CARTESIAN_POINT('',(-0.091275600905744,0.0487982085465277,0.0880196576415729));
#7620=CARTESIAN_POINT('',(-0.0913574219527894,0.048746145666719,0.0880199748302981));
#7621=CARTESIAN_POINT('',(-0.0914441213012014,0.048693384339408,0.0880202689394413));
#7622=CARTESIAN_POINT('',(-0.0915357568254229,0.0486400991756112,0.0880205365026713));
#7623=CARTESIAN_POINT('',(-0.0916323872972565,0.0485864696722922,0.0880207739618829));
#7624=CARTESIAN_POINT('',(-0.0917340433672902,0.0485326663490281,0.0880209781189964));
#7625=CARTESIAN_POINT('',(-0.0918408388596875,0.0484789034033511,0.0880211444121575));
#7626=CARTESIAN_POINT('',(-0.0919404414274765,0.0484310499987359,0.0880212595589687));
#7627=CARTESIAN_POINT('',(-0.0920053305904869,0.0484015670702507,0.0880213050292584));
#7628=CARTESIAN_POINT('',(-0.0920319914005464,0.0483895414811112,0.0880213221759424));
#7629=CARTESIAN_POINT('',(-0.0916124283845133,0.0509408396371808,0.087979822051561));
#7630=CARTESIAN_POINT('',(-0.0917786861934489,0.0507571816865263,0.0879818257745197));
#7631=CARTESIAN_POINT('',(-0.0919637539641235,0.050552745168856,0.0879840561933096));
#7632=CARTESIAN_POINT('',(-0.0919706876896014,0.0505440806082613,0.0879841573033992));
#7633=CARTESIAN_POINT('',(-0.0919788433110172,0.0505341983260981,0.0879842708346004));
#7634=CARTESIAN_POINT('',(-0.0919882193440007,0.0505221832305218,0.0879844127708416));
#7635=CARTESIAN_POINT('',(-0.0920005350363522,0.0505058328413081,0.0879846091265223));
#7636=CARTESIAN_POINT('',(-0.0920150099540879,0.0504857549372484,0.0879848549353943));
#7637=CARTESIAN_POINT('',(-0.0920316925072567,0.050461626688525,0.0879851554825313));
#7638=CARTESIAN_POINT('',(-0.0920503654198263,0.0504334251103436,0.0879855127400931));
#7639=CARTESIAN_POINT('',(-0.0920708894118602,0.0504010409966304,0.087985929621328));
#7640=CARTESIAN_POINT('',(-0.0920930982852733,0.0503643970571447,0.0879864086770086));
#7641=CARTESIAN_POINT('',(-0.0921168304676592,0.0503234126773658,0.0879869524824886));
#7642=CARTESIAN_POINT('',(-0.0921419198485902,0.050278014430569,0.087987563520468));
#7643=CARTESIAN_POINT('',(-0.0921681986127994,0.0502281331042028,0.0879882442124133));
#7644=CARTESIAN_POINT('',(-0.0921954965841088,0.0501737046465385,0.0879889969067771));
#7645=CARTESIAN_POINT('',(-0.0922236415811792,0.0501146699744533,0.0879898238797816));
#7646=CARTESIAN_POINT('',(-0.0922524594858162,0.0500509751026869,0.0879907273326679));
#7647=CARTESIAN_POINT('',(-0.0922817743954572,0.049982571176397,0.0879917093900258));
#7648=CARTESIAN_POINT('',(-0.0923114087542267,0.0499094145270941,0.0879927720978693));
#7649=CARTESIAN_POINT('',(-0.0923411834899544,0.049831466715233,0.0879939174219031));
#7650=CARTESIAN_POINT('',(-0.0923709181583901,0.0497486945806165,0.0879951472455995));
#7651=CARTESIAN_POINT('',(-0.0924004310586248,0.0496610702529184,0.0879964633691807));
#7652=CARTESIAN_POINT('',(-0.0924295394673288,0.0495685712975377,0.0879978675053789));
#7653=CARTESIAN_POINT('',(-0.0924580594177678,0.0494711803214897,0.0879993612879135));
#7654=CARTESIAN_POINT('',(-0.0924858072413044,0.0493688866471288,0.0880009462311305));
#7655=CARTESIAN_POINT('',(-0.0925125943168802,0.0492616799953659,0.0880026238782259));
#7656=CARTESIAN_POINT('',(-0.0925382479777539,0.0491495749202419,0.0880043952235732));
#7657=CARTESIAN_POINT('',(-0.0925625318251521,0.0490325169618747,0.0880062629270003));
#7658=CARTESIAN_POINT('',(-0.0925829693164282,0.0489239357106318,0.0880080104770182));
#7659=CARTESIAN_POINT('',(-0.0925946487722969,0.0488536354031109,0.0880091531444609));
#7660=CARTESIAN_POINT('',(-0.0925993624904149,0.0488247741120172,0.0880096228455394));
#7661=CARTESIAN_POINT('',(-0.0918642271223733,0.0506625662562946,0.0879828588349206));
#7662=CARTESIAN_POINT('',(-0.0921475078093408,0.0509185186396652,0.0879763429296318));
#7663=CARTESIAN_POINT('',(-0.0918819264354561,0.0511928548080285,0.0879734745229489));
#7664=CARTESIAN_POINT('',(-0.0844049795362483,0.0589162765728209,0.0878927198972006));
#7665=CARTESIAN_POINT('',(-0.0921284325249705,0.0514392986916761,0.0879673904797062));
#7666=CARTESIAN_POINT('',(-0.0924027698024087,0.0511737162173121,0.0879700427809941));
#7667=CARTESIAN_POINT('',(-0.0926587902319409,0.051456928857684,0.0879632481375656));
#7668=CARTESIAN_POINT('',(-0.0923805135059721,0.0517087309321876,0.0879608648602713));
#7669=CARTESIAN_POINT('',(-0.0925641736551542,0.0515424709302951,0.0879624390742033));
#7670=CARTESIAN_POINT('',(-0.0927686126200876,0.0513574007185585,0.0879641913904693));
#7671=CARTESIAN_POINT('',(-0.0927772773992224,0.0513504667747888,0.087964249776238));
#7672=CARTESIAN_POINT('',(-0.0927871598994183,0.0513423109356275,0.0879643206861587));
#7673=CARTESIAN_POINT('',(-0.0927991753281909,0.0513329345697882,0.0879643974791893));
#7674=CARTESIAN_POINT('',(-0.0928155262267755,0.0513206183685223,0.087964494241512));
#7675=CARTESIAN_POINT('',(-0.0928356048381569,0.051306142744015,0.0879646017450199));
#7676=CARTESIAN_POINT('',(-0.0928597340267852,0.051289459251591,0.0879647185009482));
#7677=CARTESIAN_POINT('',(-0.092887936807772,0.0512707851369623,0.0879648405508051));
#7678=CARTESIAN_POINT('',(-0.0929203224185473,0.0512502596487085,0.0879649646741553));
#7679=CARTESIAN_POINT('',(-0.0929569681800775,0.0512280489541879,0.0879650874114513));
#7680=CARTESIAN_POINT('',(-0.0929979547374443,0.0512043145952446,0.0879652053598512));
#7681=CARTESIAN_POINT('',(-0.0930433555475991,0.0511792226520777,0.0879653150892668));
#7682=CARTESIAN_POINT('',(-0.0930932398530034,0.0511529409100431,0.0879654131703172));
#7683=CARTESIAN_POINT('',(-0.0931476717349424,0.05112563951576,0.0879654961697216));
#7684=CARTESIAN_POINT('',(-0.0932067103057217,0.0510974906213835,0.0879655606551189));
#7685=CARTESIAN_POINT('',(-0.0932704095793851,0.0510686683163222,0.0879656031971939));
#7686=CARTESIAN_POINT('',(-0.0933388184391365,0.0510393484747756,0.0879656203725747));
#7687=CARTESIAN_POINT('',(-0.0934119805813806,0.0510097086247015,0.0879656087665242));
#7688=CARTESIAN_POINT('',(-0.0934899344731096,0.0509799278108209,0.0879655649756397));
#7689=CARTESIAN_POINT('',(-0.0935727133014745,0.050950186450428,0.0879654856107338));
#7690=CARTESIAN_POINT('',(-0.0936603449632464,0.0509206662179846,0.087965367298926));
#7691=CARTESIAN_POINT('',(-0.0937528519189139,0.0508915498109299,0.0879652066887846));
#7692=CARTESIAN_POINT('',(-0.0938502515868703,0.0508630211705872,0.0879650004436212));
#7693=CARTESIAN_POINT('',(-0.0939525546692845,0.0508352639410677,0.0879647452804949));
#7694=CARTESIAN_POINT('',(-0.0940597714703437,0.050808466718329,0.0879644378329064));
#7695=CARTESIAN_POINT('',(-0.0941718874559578,0.0507828021491585,0.0879640751923403));
#7696=CARTESIAN_POINT('',(-0.0942889571227113,0.0507585065956243,0.087963652839005));
#7697=CARTESIAN_POINT('',(-0.0943975494979337,0.0507380579824229,0.0879632246288742));
#7698=CARTESIAN_POINT('',(-0.0944678572035332,0.0507263711297809,0.0879629202861952));
#7699=CARTESIAN_POINT('',(-0.0944967215421013,0.0507216543647229,0.0879627939232192));
#7700=CARTESIAN_POINT('',(-0.0934310606066714,0.0530775252674504,0.0879293764683328));
#7701=CARTESIAN_POINT('',(-0.0936391880625792,0.0529431445699918,0.0879302173156758));
#7702=CARTESIAN_POINT('',(-0.0938708624995733,0.0527935604015274,0.0879311532942276));
#7703=CARTESIAN_POINT('',(-0.0938798025739465,0.0527869851494933,0.087931203428482));
#7704=CARTESIAN_POINT('',(-0.0938902380785654,0.0527795498390175,0.0879312577630203));
#7705=CARTESIAN_POINT('',(-0.0939024044527737,0.0527703701452334,0.0879313300317139));
#7706=CARTESIAN_POINT('',(-0.0939185324220429,0.0527577634816133,0.0879314334759699));
#7707=CARTESIAN_POINT('',(-0.0939377108459419,0.052742114971544,0.0879315679610917));
#7708=CARTESIAN_POINT('',(-0.093960070048456,0.0527231253026858,0.0879317377693929));
#7709=CARTESIAN_POINT('',(-0.0939854061138032,0.0527007160446014,0.0879319457442555));
#7710=CARTESIAN_POINT('',(-0.0940136127806233,0.0526747456650051,0.08793219512446));
#7711=CARTESIAN_POINT('',(-0.0940445495260321,0.0526450964949305,0.0879324889799639));
#7712=CARTESIAN_POINT('',(-0.0940780811555525,0.0526116488513575,0.0879328303773551));
#7713=CARTESIAN_POINT('',(-0.0941140662308905,0.0525742888200004,0.0879332223276707));
#7714=CARTESIAN_POINT('',(-0.0941523605762135,0.0525329061161005,0.0879336677983863));
#7715=CARTESIAN_POINT('',(-0.0941928163994131,0.0524873948290682,0.0879341697067717));
#7716=CARTESIAN_POINT('',(-0.0942352826854775,0.0524376533288722,0.0879347309186803));
#7717=CARTESIAN_POINT('',(-0.0942796052290093,0.0523835844085736,0.0879353542458267));
#7718=CARTESIAN_POINT('',(-0.0943256267730843,0.0523250953552332,0.0879360424435444));
#7719=CARTESIAN_POINT('',(-0.0943731871213585,0.0522620980378592,0.0879367982084403));
#7720=CARTESIAN_POINT('',(-0.0944221232593881,0.0521945089840061,0.0879376241761806));
#7721=CARTESIAN_POINT('',(-0.0944722694808785,0.0521222494657838,0.0879385229190764));
#7722=CARTESIAN_POINT('',(-0.0945234574964443,0.0520452455398916,0.087939496944599));
#7723=CARTESIAN_POINT('',(-0.094575516622105,0.0519634282491256,0.087940548690499));
#7724=CARTESIAN_POINT('',(-0.0946282736678522,0.0518767331844975,0.087941680533256));
#7725=CARTESIAN_POINT('',(-0.094681553993331,0.0517851025009011,0.0879428947452612));
#7726=CARTESIAN_POINT('',(-0.0947351780715095,0.0516884774566001,0.0879441936498887));
#7727=CARTESIAN_POINT('',(-0.0947889753574236,0.0515868274263911,0.0879455790147878));
#7728=CARTESIAN_POINT('',(-0.0948427316121469,0.0514800386275036,0.0879470543750644));
#7729=CARTESIAN_POINT('',(-0.0948905784876555,0.0513804425911686,0.0879484469096696));
#7730=CARTESIAN_POINT('',(-0.0949200569489427,0.0513155578968586,0.0879493663552877));
#7731=CARTESIAN_POINT('',(-0.0949320806915565,0.0512888989339406,0.0879497447610037));
#7732=CARTESIAN_POINT('',(-0.0937463028270868,0.0528738868206081,0.0879306517667687));
#7733=CARTESIAN_POINT('',(-0.0939536679956193,0.0531944353835667,0.0879235572020687));
#7734=CARTESIAN_POINT('',(-0.0936261323754202,0.0533907038879353,0.0879224994321123));
#7735=CARTESIAN_POINT('',(-0.0844049795362481,0.0589162765728207,0.0878927198972006));
#7736=CARTESIAN_POINT('',(-0.0938004385029196,0.0536925508695658,0.0879159703331046));
#7737=CARTESIAN_POINT('',(-0.0941341654818968,0.0535070039788672,0.0879167961892721));
#7738=CARTESIAN_POINT('',(-0.0943081437899427,0.0538468302347462,0.0879096065211098));
#7739=CARTESIAN_POINT('',(-0.0939741788045834,0.0540180463556085,0.0879090325335675));
#7740=CARTESIAN_POINT('',(-0.094194611573288,0.0539049748431971,0.0879094124527335));
#7741=CARTESIAN_POINT('',(-0.0944399835131022,0.0537791107237145,0.0879098353549331));
#7742=CARTESIAN_POINT('',(-0.0944501476272548,0.0537746551488146,0.0879098396395262));
#7743=CARTESIAN_POINT('',(-0.0944618042195694,0.0537693344033317,0.0879098482349813));
#7744=CARTESIAN_POINT('',(-0.0944758369284384,0.053763386652636,0.0879098505951527));
#7745=CARTESIAN_POINT('',(-0.0944948182193985,0.0537557211035503,0.0879098471606657));
#7746=CARTESIAN_POINT('',(-0.0945179590530741,0.0537469343226021,0.0879098332232041));
#7747=CARTESIAN_POINT('',(-0.0945455838220186,0.0537370630671721,0.0879098057957279));
#7748=CARTESIAN_POINT('',(-0.0945776585219474,0.0537263231435966,0.0879097613571327));
#7749=CARTESIAN_POINT('',(-0.0946142526198154,0.053714877329383,0.0879096965638281));
#7750=CARTESIAN_POINT('',(-0.094655397786711,0.0537029061449146,0.087909608035789));
#7751=CARTESIAN_POINT('',(-0.0947011301017856,0.053690586502756,0.0879094924240946));
#7752=CARTESIAN_POINT('',(-0.0947514775264633,0.0536780978391442,0.0879093463944656));
#7753=CARTESIAN_POINT('',(-0.0948064635100389,0.0536656201467738,0.0879091666355331));
#7754=CARTESIAN_POINT('',(-0.0948661059054449,0.05365333436358,0.087908949859892));
#7755=CARTESIAN_POINT('',(-0.094930417246974,0.0536414220788579,0.0879086928072221));
#7756=CARTESIAN_POINT('',(-0.0949994046430814,0.0536300654338482,0.087908392246799));
#7757=CARTESIAN_POINT('',(-0.0950730697843827,0.0536194469660341,0.087908044980154));
#7758=CARTESIAN_POINT('',(-0.0951514089235219,0.0536097494680875,0.0879076478436816));
#7759=CARTESIAN_POINT('',(-0.0952344128694719,0.0536011558445101,0.0879071977111833));
#7760=CARTESIAN_POINT('',(-0.0953220669761505,0.053593848959301,0.0879066914966088));
#7761=CARTESIAN_POINT('',(-0.0954143511621135,0.0535880115217527,0.0879061261559071));
#7762=CARTESIAN_POINT('',(-0.0955112398302494,0.0535838258224756,0.0879054986922148));
#7763=CARTESIAN_POINT('',(-0.0956127021913394,0.0535814740487948,0.0879048061480117));
#7764=CARTESIAN_POINT('',(-0.0957187010459437,0.0535811363628733,0.0879040456474745));
#7765=CARTESIAN_POINT('',(-0.0958291975284205,0.05358299760716,0.0879032142451311));
#7766=CARTESIAN_POINT('',(-0.0959441329104757,0.0535872207900593,0.0879023095202406));
#7767=CARTESIAN_POINT('',(-0.096063498647263,0.053594048330491,0.0879013273030908));
#7768=CARTESIAN_POINT('',(-0.0961736804390047,0.0536023980479002,0.0879003849178307));
#7769=CARTESIAN_POINT('',(-0.0962446153332457,0.0536093037107955,0.0878997515026336));
#7770=CARTESIAN_POINT('',(-0.0962737161433496,0.0536122172095629,0.0878994902414256));
#7771=CARTESIAN_POINT('',(-0.0946345803201843,0.0556121121501881,0.0878764328003598));
#7772=CARTESIAN_POINT('',(-0.0948703938808912,0.0555361665283827,0.0878760534697302));
#7773=CARTESIAN_POINT('',(-0.0951328867541838,0.0554516286230054,0.0878756312226525));
#7774=CARTESIAN_POINT('',(-0.0951432239261579,0.0554475907720921,0.087875626964505));
#7775=CARTESIAN_POINT('',(-0.0951552281515856,0.0554431091374251,0.0878756183995713));
#7776=CARTESIAN_POINT('',(-0.0951693557487224,0.0554373904263944,0.0878756160757254));
#7777=CARTESIAN_POINT('',(-0.0951881969004562,0.0554293866116602,0.0878756195590016));
#7778=CARTESIAN_POINT('',(-0.0952107718526237,0.0554192339156822,0.0878756335554344));
#7779=CARTESIAN_POINT('',(-0.095237283961782,0.0554066769412399,0.0878756610527446));
#7780=CARTESIAN_POINT('',(-0.0952675565689233,0.0553915871571578,0.0878757055717649));
#7781=CARTESIAN_POINT('',(-0.0953015236727994,0.0553738003501298,0.0878757704560901));
#7782=CARTESIAN_POINT('',(-0.0953390800021297,0.0553531664914094,0.0878758590856505));
#7783=CARTESIAN_POINT('',(-0.0953801259536465,0.0553295349856769,0.0878759748092848));
#7784=CARTESIAN_POINT('',(-0.0954245543999754,0.0553027591941561,0.0878761209611703));
#7785=CARTESIAN_POINT('',(-0.0954722546300627,0.0552726952756052,0.0878763008525632));
#7786=CARTESIAN_POINT('',(-0.095523111307658,0.0552392026782051,0.0878765177707429));
#7787=CARTESIAN_POINT('',(-0.0955770048755001,0.0552021441509351,0.0878767749758917));
#7788=CARTESIAN_POINT('',(-0.0956338115498313,0.0551613858896694,0.0878770756985832));
#7789=CARTESIAN_POINT('',(-0.0956934034361657,0.0551167976416061,0.0878774231371235));
#7790=CARTESIAN_POINT('',(-0.095755648614807,0.055068252819232,0.0878778204549431));
#7791=CARTESIAN_POINT('',(-0.0958204112382026,0.0550156286057107,0.0878782707780534));
#7792=CARTESIAN_POINT('',(-0.0958875516306236,0.0549588060706348,0.0878787771923055));
#7793=CARTESIAN_POINT('',(-0.095956926382852,0.0548976702368432,0.0878793427415398));
#7794=CARTESIAN_POINT('',(-0.0960283884820873,0.0548321103238482,0.0878799704223966));
#7795=CARTESIAN_POINT('',(-0.0961017873176602,0.054762019296024,0.0878806631921625));
#7796=CARTESIAN_POINT('',(-0.0961769691789498,0.0546872960828523,0.0878814239264144));
#7797=CARTESIAN_POINT('',(-0.0962537758674211,0.0546078374831018,0.0878822555703701));
#7798=CARTESIAN_POINT('',(-0.0963320505822448,0.054523569779382,0.0878831605444926));
#7799=CARTESIAN_POINT('',(-0.0964116158443701,0.0544343276201416,0.0878841430182541));
#7800=CARTESIAN_POINT('',(-0.0964836114186161,0.0543505041040005,0.0878850856385144));
#7801=CARTESIAN_POINT('',(-0.0965288799769004,0.0542954568075916,0.0878857192036086));
#7802=CARTESIAN_POINT('',(-0.096547394345821,0.0542728169371161,0.0878859805262379));
#7803=CARTESIAN_POINT('',(-0.0949917827867963,0.0554969862610136,0.0878758597043911));
#7804=CARTESIAN_POINT('',(-0.0951091008433455,0.055860286148726,0.0878686699631398));
#7805=CARTESIAN_POINT('',(-0.0947419319880704,0.0559651116148764,0.0878694949151845));
#7806=CARTESIAN_POINT('',(-0.084404979536248,0.0589162765728204,0.0878927198972006));
#7807=CARTESIAN_POINT('',(-0.0733375430457646,0.0584606213945068,0.0939817642770632));
#7808=CARTESIAN_POINT('',(-0.0732941694718155,0.0583559083240321,0.0879828348804163));
#7809=CARTESIAN_POINT('',(-0.0732816664730367,0.0584578043864404,0.0939822174486283));
#7810=CARTESIAN_POINT('',(-0.0732382928990876,0.0583530913159658,0.0879832880519813));
#7811=CARTESIAN_POINT('',(-0.0731886581033694,0.0584530207213127,0.0939829734197964));
#7812=CARTESIAN_POINT('',(-0.0731452845294203,0.0583483076508381,0.0879840440231495));
#7813=CARTESIAN_POINT('',(-0.0731725851017477,0.0584517988354481,0.0939831109594955));
#7814=CARTESIAN_POINT('',(-0.0731292115277986,0.0583470857649735,0.0879841815628486));
#7815=CARTESIAN_POINT('',(-0.0731144652726592,0.058444447184502,0.093983659503816));
#7816=CARTESIAN_POINT('',(-0.0730710916987101,0.0583397341140274,0.0879847301071691));
#7817=CARTESIAN_POINT('',(-0.0730373343011849,0.0584293425431012,0.0939844808335814));
#7818=CARTESIAN_POINT('',(-0.0729939607272358,0.0583246294726265,0.0879855514369345));
#7819=CARTESIAN_POINT('',(-0.0729170856894877,0.0584003697296103,0.0939858559863408));
#7820=CARTESIAN_POINT('',(-0.0728737121155386,0.0582956566591357,0.0879869265896938));
#7821=CARTESIAN_POINT('',(-0.0727476064299742,0.0583484167211261,0.093987988213508));
#7822=CARTESIAN_POINT('',(-0.0727042328560251,0.0582437036506515,0.0879890588168611));
#7823=CARTESIAN_POINT('',(-0.0725229715731525,0.0582617061878042,0.0939911259305098));
#7824=CARTESIAN_POINT('',(-0.0724795979992034,0.0581569931173295,0.0879921965338629));
#7825=CARTESIAN_POINT('',(-0.0722838889082387,0.0581513384000135,0.0939947810526388));
#7826=CARTESIAN_POINT('',(-0.0722405153342897,0.0580466253295388,0.0879958516559918));
#7827=CARTESIAN_POINT('',(-0.0719515640617457,0.0579736464127016,0.0940002854998011));
#7828=CARTESIAN_POINT('',(-0.0719081904877966,0.0578689333422269,0.0880013561031542));
#7829=CARTESIAN_POINT('',(-0.071692191723788,0.0578063232079838,0.0940050814942039));
#7830=CARTESIAN_POINT('',(-0.0716488181498389,0.0577016101375091,0.088006152097557));
#7831=CARTESIAN_POINT('',(-0.0715181101493447,0.0576811548551089,0.0940085249924069));
#7832=CARTESIAN_POINT('',(-0.0714747365753956,0.0575764417846342,0.08800959559576));
#7833=CARTESIAN_POINT('',(-0.0733375430459465,0.0584606213945159,0.0939817642770618));
#7834=CARTESIAN_POINT('',(-0.0733375430457646,0.0595841615305998,0.0939621525547586));
#7835=CARTESIAN_POINT('',(-0.0732941694718156,0.0594794484601252,0.0879632231581124));
#7836=CARTESIAN_POINT('',(-0.0732816664730367,0.0595869926382422,0.0939625071368089));
#7837=CARTESIAN_POINT('',(-0.0732382928990877,0.0594822795677676,0.0879635777401627));
#7838=CARTESIAN_POINT('',(-0.0731886581033694,0.059591799772572,0.0939630956977622));
#7839=CARTESIAN_POINT('',(-0.0731452845294204,0.0594870867020974,0.0879641663011159));
#7840=CARTESIAN_POINT('',(-0.0731725851017477,0.0595930257142063,0.0939631905099151));
#7841=CARTESIAN_POINT('',(-0.0731292115277986,0.0594883126437316,0.0879642611132689));
#7842=CARTESIAN_POINT('',(-0.0731144652726592,0.0596003920307789,0.0939634821477996));
#7843=CARTESIAN_POINT('',(-0.0730710916987102,0.0594956789603043,0.0879645527511534));
#7844=CARTESIAN_POINT('',(-0.0730373343011849,0.0596155161349698,0.0939637758259529));
#7845=CARTESIAN_POINT('',(-0.0729939607272358,0.0595108030644952,0.0879648464293067));
#7846=CARTESIAN_POINT('',(-0.0729170856894878,0.0596445192913104,0.0939641389911702));
#7847=CARTESIAN_POINT('',(-0.0728737121155387,0.0595398062208357,0.087965209594524));
#7848=CARTESIAN_POINT('',(-0.0727476064299741,0.0596965150652254,0.0939644567618807));
#7849=CARTESIAN_POINT('',(-0.0727042328560251,0.0595918019947507,0.0879655273652345));
#7850=CARTESIAN_POINT('',(-0.0725229715731525,0.0597832822816274,0.0939645663739272));
#7851=CARTESIAN_POINT('',(-0.0724795979992035,0.0596785692111528,0.087965636977281));
#7852=CARTESIAN_POINT('',(-0.0722838889082387,0.0598937103981758,0.0939643674388466));
#7853=CARTESIAN_POINT('',(-0.0722405153342896,0.0597889973277012,0.0879654380422004));
#7854=CARTESIAN_POINT('',(-0.0719515640617457,0.0600714862424463,0.0939636670908465));
#7855=CARTESIAN_POINT('',(-0.0719081904877967,0.0599667731719717,0.0879647376942003));
#7856=CARTESIAN_POINT('',(-0.071692191723788,0.0602388748957023,0.0939626205916877));
#7857=CARTESIAN_POINT('',(-0.0716488181498389,0.0601341618252277,0.0879636911950415));
#7858=CARTESIAN_POINT('',(-0.0715181101493447,0.06036408717533,0.0939616936225824));
#7859=CARTESIAN_POINT('',(-0.0714747365753956,0.0602593741048554,0.0879627642259362));
#7860=CARTESIAN_POINT('',(-0.0732941694719975,0.0594794484601159,0.0879632231581106));
#7861=CARTESIAN_POINT('',(-0.0844483531101992,0.0590209896432948,0.0938916492938476));
#7862=CARTESIAN_POINT('',(-0.0737000472726966,0.0591966298594443,0.0939662960486482));
#7863=CARTESIAN_POINT('',(-0.0737000472726966,0.0588480615934107,0.0939723804098722));
#7864=CARTESIAN_POINT('',(-0.0732965803460827,0.0587895626487527,0.0909757832831656));
#7865=CARTESIAN_POINT('',(-0.0732965803460827,0.0591505120698532,0.0909694828052519));
#7866=CARTESIAN_POINT('',(-0.0878667390576888,0.0484350909799107,0.0940517135775901));
#7867=CARTESIAN_POINT('',(-0.0878233654837397,0.0483303779094361,0.0880527841809433));
#7868=CARTESIAN_POINT('',(-0.0878839291535518,0.0483818539167917,0.0940525185579673));
#7869=CARTESIAN_POINT('',(-0.0878405555796027,0.048277140846317,0.0880535891613204));
#7870=CARTESIAN_POINT('',(-0.0879126340759748,0.0482932635858139,0.0940538573852754));
#7871=CARTESIAN_POINT('',(-0.0878692605020257,0.0481885505153393,0.0880549279886285));
#7872=CARTESIAN_POINT('',(-0.0879179764339998,0.0482780563156328,0.0940540842062134));
#7873=CARTESIAN_POINT('',(-0.0878746028600508,0.0481733432451581,0.0880551548095666));
#7874=CARTESIAN_POINT('',(-0.0879401280821863,0.0482238258058834,0.0940548706543823));
#7875=CARTESIAN_POINT('',(-0.0878967545082372,0.0481191127354088,0.0880559412577354));
#7876=CARTESIAN_POINT('',(-0.0879746922520277,0.0481532399361928,0.0940558528449));
#7877=CARTESIAN_POINT('',(-0.0879313186780787,0.0480485268657182,0.0880569234482532));
#7878=CARTESIAN_POINT('',(-0.0880338186597669,0.0480445985356643,0.0940573217154983));
#7879=CARTESIAN_POINT('',(-0.0879904450858178,0.0479398854651897,0.0880583923188515));
#7880=CARTESIAN_POINT('',(-0.0881278928622636,0.0478943548918289,0.0940592640852308));
#7881=CARTESIAN_POINT('',(-0.0880845192883146,0.0477896418213543,0.0880603346885839));
#7882=CARTESIAN_POINT('',(-0.0882698265341463,0.047699833426818,0.0940616333028562));
#7883=CARTESIAN_POINT('',(-0.0882264529601972,0.0475951203563434,0.0880627039062093));
#7884=CARTESIAN_POINT('',(-0.0884383553717354,0.0474974782761472,0.0940639469708854));
#7885=CARTESIAN_POINT('',(-0.0883949817977863,0.0473927652056725,0.0880650175742385));
#7886=CARTESIAN_POINT('',(-0.088696066816202,0.047222486036762,0.0940668837307943));
#7887=CARTESIAN_POINT('',(-0.0886526932422529,0.0471177729662874,0.0880679543341474));
#7888=CARTESIAN_POINT('',(-0.0889248711315285,0.0470152692442525,0.0940688464552949));
#7889=CARTESIAN_POINT('',(-0.0888814975575794,0.0469105561737778,0.0880699170586481));
#7890=CARTESIAN_POINT('',(-0.0890908665786217,0.0468795212682219,0.0940700157925416));
#7891=CARTESIAN_POINT('',(-0.0890474930046727,0.0467748081977473,0.0880710863958947));
#7892=CARTESIAN_POINT('',(-0.0878667390576328,0.0484350909800841,0.0940517135775875));
#7893=CARTESIAN_POINT('',(-0.0867813456650918,0.0481444343357456,0.0940646347065311));
#7894=CARTESIAN_POINT('',(-0.0867379720911427,0.048039721265271,0.0880657053098851));
#7895=CARTESIAN_POINT('',(-0.0867930794116229,0.0480897361211243,0.0940655046423371));
#7896=CARTESIAN_POINT('',(-0.0867497058376738,0.0479850230506496,0.0880665752456911));
#7897=CARTESIAN_POINT('',(-0.0868125191640475,0.0479986646775492,0.0940669537674017));
#7898=CARTESIAN_POINT('',(-0.0867691455900984,0.0478939516070745,0.0880680243707558));
#7899=CARTESIAN_POINT('',(-0.0868154968038858,0.0479828241613419,0.0940672087392654));
#7900=CARTESIAN_POINT('',(-0.0867721232299367,0.0478781110908673,0.0880682793426194));
#7901=CARTESIAN_POINT('',(-0.0868234301930318,0.0479247861551709,0.0940681644495282));
#7902=CARTESIAN_POINT('',(-0.0867800566190827,0.0478200730846963,0.0880692350528822));
#7903=CARTESIAN_POINT('',(-0.0868287919519599,0.0478463801947965,0.0940694942818497));
#7904=CARTESIAN_POINT('',(-0.0867854183780109,0.0477416671243219,0.0880705648852037));
#7905=CARTESIAN_POINT('',(-0.0868319108059295,0.0477227405754309,0.0940716298976382));
#7906=CARTESIAN_POINT('',(-0.0867885372319804,0.0476180275049563,0.0880727005009923));
#7907=CARTESIAN_POINT('',(-0.0868255655236566,0.0475456056766358,0.0940747677169833));
#7908=CARTESIAN_POINT('',(-0.0867821919497075,0.0474408926061612,0.0880758383203373));
#7909=CARTESIAN_POINT('',(-0.0867999114100527,0.0473062060101683,0.0940791319931747));
#7910=CARTESIAN_POINT('',(-0.0867565378361037,0.0472014929396937,0.0880802025965288));
#7911=CARTESIAN_POINT('',(-0.0867551408665308,0.0470467315857493,0.0940839848961255));
#7912=CARTESIAN_POINT('',(-0.0867117672925817,0.0469420185152746,0.0880850554994796));
#7913=CARTESIAN_POINT('',(-0.0866694534209303,0.046679780827289,0.094091009668148));
#7914=CARTESIAN_POINT('',(-0.0866260798469813,0.0465750677568144,0.0880920802715021));
#7915=CARTESIAN_POINT('',(-0.0865749101072768,0.0463859750271635,0.094096821703355));
#7916=CARTESIAN_POINT('',(-0.0865315365333277,0.0462812619566889,0.088097892306709));
#7917=CARTESIAN_POINT('',(-0.0864990259139178,0.0461854542921818,0.0941008705108876));
#7918=CARTESIAN_POINT('',(-0.0864556523399688,0.0460807412217072,0.0881019411142416));
#7919=CARTESIAN_POINT('',(-0.0867379720911045,0.0480397212654491,0.0880657053098814));
#7920=CARTESIAN_POINT('',(-0.0844483531101978,0.0590209896432958,0.0938916492938475));
#7921=CARTESIAN_POINT('',(-0.087061852573298,0.0485947956963361,0.0940547453906058));
#7922=CARTESIAN_POINT('',(-0.0873985861537622,0.0486849693173872,0.0940507367260593));
#7923=CARTESIAN_POINT('',(-0.0874816917313118,0.0482654770360146,0.0910569228180095));
#7924=CARTESIAN_POINT('',(-0.0871329973641605,0.0481721004452902,0.0910610738704387));
#7925=CARTESIAN_POINT('',(-0.0850101940730632,0.0479115106891316,0.0940815062711192));
#7926=CARTESIAN_POINT('',(-0.0849668204991141,0.0478067976186569,0.088082576874472));
#7927=CARTESIAN_POINT('',(-0.0850130184873108,0.047855640810733,0.0940824610750843));
#7928=CARTESIAN_POINT('',(-0.0849696449133617,0.0477509277402583,0.088083531678437));
#7929=CARTESIAN_POINT('',(-0.0850178144922143,0.0477626435720492,0.0940840496929701));
#7930=CARTESIAN_POINT('',(-0.0849744409182652,0.0476579305015746,0.0880851202963229));
#7931=CARTESIAN_POINT('',(-0.0850190385604203,0.0477465724441309,0.0940843213689358));
#7932=CARTESIAN_POINT('',(-0.0849756649864712,0.0476418593736563,0.0880853919722886));
#7933=CARTESIAN_POINT('',(-0.0850263984728761,0.0476884590202019,0.0940852825419997));
#7934=CARTESIAN_POINT('',(-0.084983024898927,0.0475837459497273,0.0880863531453525));
#7935=CARTESIAN_POINT('',(-0.0850415147530906,0.0476113358741724,0.0940865194550949));
#7936=CARTESIAN_POINT('',(-0.0849981411791416,0.0475066228036977,0.0880875900584477));
#7937=CARTESIAN_POINT('',(-0.085070506396261,0.0474910987780215,0.0940884086129086));
#7938=CARTESIAN_POINT('',(-0.0850271328223119,0.0473863857075469,0.0880894792162614));
#7939=CARTESIAN_POINT('',(-0.0851224873465766,0.0473216343456331,0.0940909908305737));
#7940=CARTESIAN_POINT('',(-0.0850791137726275,0.0472169212751584,0.0880920614339265));
#7941=CARTESIAN_POINT('',(-0.0852092371677974,0.0470970168889498,0.0940942843738844));
#7942=CARTESIAN_POINT('',(-0.0851658635938484,0.0469923038184752,0.0880953549772371));
#7943=CARTESIAN_POINT('',(-0.0853196490520777,0.0468579504618681,0.0940976590463069));
#7944=CARTESIAN_POINT('',(-0.0852762754781287,0.0467532373913934,0.0880987296496596));
#7945=CARTESIAN_POINT('',(-0.0854974053977105,0.0465256451221333,0.09410217431606));
#7946=CARTESIAN_POINT('',(-0.0854540318237614,0.0464209320516586,0.0881032449194128));
#7947=CARTESIAN_POINT('',(-0.0856647824468483,0.0462662843950883,0.0941054913608124));
#7948=CARTESIAN_POINT('',(-0.0856214088728993,0.0461615713246136,0.0881065619641651));
#7949=CARTESIAN_POINT('',(-0.0857899885619912,0.046092208989894,0.0941076246303724));
#7950=CARTESIAN_POINT('',(-0.0857466149880421,0.0459874959194193,0.0881086952337252));
#7951=CARTESIAN_POINT('',(-0.085010194073054,0.0479115106893135,0.0940815062711161));
#7952=CARTESIAN_POINT('',(-0.083886512147333,0.0479116524608795,0.0940896282629822));
#7953=CARTESIAN_POINT('',(-0.083843138573384,0.0478069393904049,0.0880906988663356));
#7954=CARTESIAN_POINT('',(-0.0838836877330854,0.0478557832951775,0.0940906238967746));
#7955=CARTESIAN_POINT('',(-0.0838403141591363,0.0477510702247029,0.088091694500128));
#7956=CARTESIAN_POINT('',(-0.083878891728182,0.0477627872666903,0.0940922818458686));
#7957=CARTESIAN_POINT('',(-0.0838355181542329,0.0476580741962157,0.088093352449222));
#7958=CARTESIAN_POINT('',(-0.0838776676599759,0.0477467164476465,0.0940925712170056));
#7959=CARTESIAN_POINT('',(-0.0838342940860268,0.0476420033771718,0.088093641820359));
#7960=CARTESIAN_POINT('',(-0.0838703077475202,0.0476886048808758,0.0940936387852115));
#7961=CARTESIAN_POINT('',(-0.0838269341735711,0.0475838918104011,0.0880947093885648));
#7962=CARTESIAN_POINT('',(-0.0838551914673056,0.0476114855492024,0.0940950942197621));
#7963=CARTESIAN_POINT('',(-0.0838118178933566,0.0475067724787277,0.0880961648231155));
#7964=CARTESIAN_POINT('',(-0.0838261998241353,0.0474912557686376,0.0940974024817449));
#7965=CARTESIAN_POINT('',(-0.0837828262501863,0.0473865426981629,0.0880984730850983));
#7966=CARTESIAN_POINT('',(-0.0837742188738198,0.0473218044528259,0.0941007361377767));
#7967=CARTESIAN_POINT('',(-0.0837308452998708,0.0472170913823513,0.0881018067411301));
#7968=CARTESIAN_POINT('',(-0.0836874690525988,0.0470972088860984,0.0941052837394218));
#7969=CARTESIAN_POINT('',(-0.0836440954786497,0.0469924958156238,0.0881063543427752));
#7970=CARTESIAN_POINT('',(-0.0835770571683186,0.0468581703197227,0.0941102545297584));
#7971=CARTESIAN_POINT('',(-0.0835336835943696,0.046753457249248,0.0881113251331117));
#7972=CARTESIAN_POINT('',(-0.0833993008226856,0.0465259098340113,0.0941173394512249));
#7973=CARTESIAN_POINT('',(-0.0833559272487366,0.0464211967635366,0.0881184100545783));
#7974=CARTESIAN_POINT('',(-0.0832319237735486,0.0462665913419377,0.0941230761042305));
#7975=CARTESIAN_POINT('',(-0.0831885501995996,0.046161878271463,0.0881241467075838));
#7976=CARTESIAN_POINT('',(-0.083106717658405,0.046092547530541,0.0941270193576044));
#7977=CARTESIAN_POINT('',(-0.083063344084456,0.0459878344600664,0.0881280899609578));
#7978=CARTESIAN_POINT('',(-0.0838431385733932,0.0478069393905868,0.088090698866332));
#7979=CARTESIAN_POINT('',(-0.0844483531101981,0.0590209896432959,0.0938916492938475));
#7980=CARTESIAN_POINT('',(-0.0842740469826987,0.0482740620517483,0.0940805003356057));
#7981=CARTESIAN_POINT('',(-0.0846226592376975,0.0482740180683331,0.0940779805603619));
#7982=CARTESIAN_POINT('',(-0.0846071638095011,0.047839928786501,0.0910851343541082));
#7983=CARTESIAN_POINT('',(-0.0842461688369461,0.0478399743322085,0.0910877436318428));
#7984=CARTESIAN_POINT('',(-0.0821153605553045,0.0481450230297965,0.0940983605254007));
#7985=CARTESIAN_POINT('',(-0.0820719869813554,0.0480403099593218,0.088099431128753));
#7986=CARTESIAN_POINT('',(-0.0821036268087734,0.0480903277760019,0.0940994000846413));
#7987=CARTESIAN_POINT('',(-0.0820602532348243,0.0479856147055272,0.0881004706879936));
#7988=CARTESIAN_POINT('',(-0.0820841870563488,0.0479992612377433,0.0941011302314212));
#7989=CARTESIAN_POINT('',(-0.0820408134823997,0.0478945481672686,0.0881022008347735));
#7990=CARTESIAN_POINT('',(-0.0820812094165104,0.0479834214728968,0.0941014282481465));
#7991=CARTESIAN_POINT('',(-0.0820378358425614,0.0478787084024222,0.0881024988514988));
#7992=CARTESIAN_POINT('',(-0.0820732760273645,0.0479253854685917,0.0941024986437496));
#7993=CARTESIAN_POINT('',(-0.0820299024534155,0.0478206723981171,0.0881035692471019));
#7994=CARTESIAN_POINT('',(-0.0820679142684363,0.0478469808611733,0.0941039059858387));
#7995=CARTESIAN_POINT('',(-0.0820245406944873,0.0477422677906986,0.088104976589191));
#7996=CARTESIAN_POINT('',(-0.0820647954144667,0.0477233420288014,0.0941060866878851));
#7997=CARTESIAN_POINT('',(-0.0820214218405177,0.0476186289583268,0.0881071572912374));
#7998=CARTESIAN_POINT('',(-0.0820711406967397,0.047546205528874,0.0941091327796162));
#7999=CARTESIAN_POINT('',(-0.0820277671227906,0.0474414924583993,0.0881102033829685));
#8000=CARTESIAN_POINT('',(-0.0820967948103435,0.0473067993889936,0.0941131261990782));
#8001=CARTESIAN_POINT('',(-0.0820534212363944,0.0472020863185189,0.0881141968024305));
#8002=CARTESIAN_POINT('',(-0.0821415653538656,0.0470473136674307,0.0941173318975455));
#8003=CARTESIAN_POINT('',(-0.0820981917799166,0.046942600596956,0.0881184025008978));
#8004=CARTESIAN_POINT('',(-0.0822272527994657,0.0466803412870885,0.094123117968971));
#8005=CARTESIAN_POINT('',(-0.0821838792255166,0.0465756282166139,0.0881241885723233));
#8006=CARTESIAN_POINT('',(-0.0823217961131202,0.0463865116304421,0.094127563282856));
#8007=CARTESIAN_POINT('',(-0.0822784225391712,0.0462817985599674,0.0881286338862083));
#8008=CARTESIAN_POINT('',(-0.0823976803064784,0.0461859717472751,0.0941305151059352));
#8009=CARTESIAN_POINT('',(-0.0823543067325293,0.0460812586768004,0.0881315857092875));
#8010=CARTESIAN_POINT('',(-0.0821153605553427,0.0481450230299747,0.0940983605253974));
#8011=CARTESIAN_POINT('',(-0.0810299671627075,0.0484359535559473,0.0941011298798624));
#8012=CARTESIAN_POINT('',(-0.0809865935887584,0.0483312404854727,0.0881022004832153));
#8013=CARTESIAN_POINT('',(-0.0810127770668445,0.0483827208304791,0.0941021833608437));
#8014=CARTESIAN_POINT('',(-0.0809694034928955,0.0482780077600045,0.0881032539641966));
#8015=CARTESIAN_POINT('',(-0.0809840721444215,0.048294137742738,0.0941039371474762));
#8016=CARTESIAN_POINT('',(-0.0809406985704724,0.0481894246722633,0.0881050077508291));
#8017=CARTESIAN_POINT('',(-0.0809787297863964,0.048278931820617,0.0941042411977215));
#8018=CARTESIAN_POINT('',(-0.0809353562124473,0.0481742187501423,0.0881053118010744));
#8019=CARTESIAN_POINT('',(-0.08095657813821,0.0482247069004884,0.0941053478708619));
#8020=CARTESIAN_POINT('',(-0.0809132045642609,0.0481199938300137,0.0881064184742148));
#8021=CARTESIAN_POINT('',(-0.0809220139683685,0.0481541297525235,0.0941068297221819));
#8022=CARTESIAN_POINT('',(-0.0808786403944194,0.0480494166820488,0.0881079003255347));
#8023=CARTESIAN_POINT('',(-0.0808628875606295,0.0480455032716159,0.0941091533261198));
#8024=CARTESIAN_POINT('',(-0.0808195139866804,0.0479407902011412,0.0881102239294727));
#8025=CARTESIAN_POINT('',(-0.0807688133581325,0.0478952833659289,0.0941124556356886));
#8026=CARTESIAN_POINT('',(-0.0807254397841835,0.0477905702954542,0.0881135262390415));
#8027=CARTESIAN_POINT('',(-0.0806268796862499,0.0477007977156522,0.0941168766512506));
#8028=CARTESIAN_POINT('',(-0.0805835061123009,0.0475960846451775,0.0881179472546034));
#8029=CARTESIAN_POINT('',(-0.0804583508486609,0.0474984850905881,0.0941216265778261));
#8030=CARTESIAN_POINT('',(-0.0804149772747118,0.0473937720201134,0.0881226971811789));
#8031=CARTESIAN_POINT('',(-0.0802006394041943,0.0472235578806407,0.0941282888230471));
#8032=CARTESIAN_POINT('',(-0.0801572658302452,0.0471188448101661,0.0881293594263999));
#8033=CARTESIAN_POINT('',(-0.0799718350888676,0.0470163988233087,0.0941335591504293));
#8034=CARTESIAN_POINT('',(-0.0799284615149186,0.046911685752834,0.0881346297537822));
#8035=CARTESIAN_POINT('',(-0.0798058396417745,0.0468806927336236,0.0941371281234435));
#8036=CARTESIAN_POINT('',(-0.0797624660678254,0.0467759796631489,0.0881381987267963));
#8037=CARTESIAN_POINT('',(-0.0809865935888144,0.048331240485646,0.088102200483212));
#8038=CARTESIAN_POINT('',(-0.0844483531101984,0.0590209896432959,0.0938916492938475));
#8039=CARTESIAN_POINT('',(-0.081498120066634,0.0486857137623869,0.0940933853942009));
#8040=CARTESIAN_POINT('',(-0.0818348536470982,0.0485954551719023,0.0940925262267785));
#8041=CARTESIAN_POINT('',(-0.0817203352822867,0.048172783345448,0.0911001966830239));
#8042=CARTESIAN_POINT('',(-0.0813716409151354,0.0482662479237226,0.0911010863680985));
#8043=CARTESIAN_POINT('',(-0.0793795166247092,0.0491197145217868,0.0941011277508584));
#8044=CARTESIAN_POINT('',(-0.0793361430507602,0.0490150014513121,0.0881021983542117));
#8045=CARTESIAN_POINT('',(-0.0793540243528345,0.0490699212837541,0.0941021812211303));
#8046=CARTESIAN_POINT('',(-0.0793106507788855,0.0489652082132794,0.0881032518244835));
#8047=CARTESIAN_POINT('',(-0.0793116736300839,0.0489869914800083,0.0941039349901603));
#8048=CARTESIAN_POINT('',(-0.0792683000561348,0.0488822784095337,0.0881050055935136));
#8049=CARTESIAN_POINT('',(-0.0793046972034355,0.0489724625320314,0.0941042390382978));
#8050=CARTESIAN_POINT('',(-0.0792613236294864,0.0488677494615567,0.0881053096416511));
#8051=CARTESIAN_POINT('',(-0.0792820111600476,0.0489184590051349,0.0941053457107488));
#8052=CARTESIAN_POINT('',(-0.0792386375860985,0.0488137459346603,0.0881064163141021));
#8053=CARTESIAN_POINT('',(-0.0792565367569869,0.048844116080753,0.0941068275737942));
#8054=CARTESIAN_POINT('',(-0.0792131631830378,0.0487394030102784,0.0881078981771475));
#8055=CARTESIAN_POINT('',(-0.0792215199506213,0.0487255012942638,0.0941091512088323));
#8056=CARTESIAN_POINT('',(-0.0791781463766723,0.0486207882237891,0.0881102218121856));
#8057=CARTESIAN_POINT('',(-0.0791817971443506,0.0485527642865353,0.094112453588512));
#8058=CARTESIAN_POINT('',(-0.0791384235704016,0.0484480512160607,0.0881135241918653));
#8059=CARTESIAN_POINT('',(-0.079144607264891,0.0483148845962533,0.0941168747391885));
#8060=CARTESIAN_POINT('',(-0.0791012336909419,0.0482101715257786,0.0881179453425417));
#8061=CARTESIAN_POINT('',(-0.0791206854291003,0.0480526631033132,0.0941216248523002));
#8062=CARTESIAN_POINT('',(-0.0790773118551513,0.0479479500328385,0.0881226954556534));
#8063=CARTESIAN_POINT('',(-0.0791084645168559,0.0476760322436337,0.0941282874141928));
#8064=CARTESIAN_POINT('',(-0.0790650909429069,0.0475713191731591,0.0881293580175461));
#8065=CARTESIAN_POINT('',(-0.0791237311244403,0.0473677576629093,0.0941335580564143));
#8066=CARTESIAN_POINT('',(-0.0790803575504912,0.0472630445924347,0.0881346286597676));
#8067=CARTESIAN_POINT('',(-0.0791451220136421,0.0471544197634,0.0941371272711487));
#8068=CARTESIAN_POINT('',(-0.079101748439693,0.0470497066929254,0.088138197874502));
#8069=CARTESIAN_POINT('',(-0.0793795166247922,0.049119714521949,0.094101127750855));
#8070=CARTESIAN_POINT('',(-0.0784063795312535,0.0496816073677687,0.0940983557409887));
#8071=CARTESIAN_POINT('',(-0.0783630059573044,0.049576894297294,0.0880994263443418));
#8072=CARTESIAN_POINT('',(-0.0783759952304003,0.0496346388048037,0.094099395276171));
#8073=CARTESIAN_POINT('',(-0.0783326216564512,0.049529925734329,0.0881004658795241));
#8074=CARTESIAN_POINT('',(-0.0783253375834836,0.0495565054488476,0.0941011253826811));
#8075=CARTESIAN_POINT('',(-0.0782819640095346,0.0494517923783729,0.0881021959860342));
#8076=CARTESIAN_POINT('',(-0.0783162410085103,0.0495432006821131,0.0941014233915135));
#8077=CARTESIAN_POINT('',(-0.0782728674345613,0.0494384876116385,0.0881024939948666));
#8078=CARTESIAN_POINT('',(-0.0782808072228097,0.0494965577473224,0.0941024937516422));
#8079=CARTESIAN_POINT('',(-0.0782374336488606,0.0493918446768477,0.0881035643549953));
#8080=CARTESIAN_POINT('',(-0.0782291506543961,0.0494373324990657,0.0941039010340134));
#8081=CARTESIAN_POINT('',(-0.0781857770804471,0.049332619428591,0.0881049716373665));
#8082=CARTESIAN_POINT('',(-0.0781439188490646,0.0493477120329754,0.0941060816301377));
#8083=CARTESIAN_POINT('',(-0.0781005452751155,0.0492429989625008,0.0881071522334908));
#8084=CARTESIAN_POINT('',(-0.0780141623958216,0.0492269607757354,0.094109127546304));
#8085=CARTESIAN_POINT('',(-0.0779707888218726,0.0491222477052608,0.0881101981496571));
#8086=CARTESIAN_POINT('',(-0.0778267174184598,0.049075838917573,0.094113120690878));
#8087=CARTESIAN_POINT('',(-0.0777833438445107,0.0489711258470983,0.0881141912942311));
#8088=CARTESIAN_POINT('',(-0.0776115565893365,0.0489240395048816,0.0941173260540461));
#8089=CARTESIAN_POINT('',(-0.0775681830153874,0.0488193264344069,0.0881183966573992));
#8090=CARTESIAN_POINT('',(-0.077291452655088,0.0487251814057171,0.0941231116020199));
#8091=CARTESIAN_POINT('',(-0.0772480790811389,0.0486204683352425,0.088124182205373));
#8092=CARTESIAN_POINT('',(-0.0770168137095453,0.0485842993305379,0.0941275564396764));
#8093=CARTESIAN_POINT('',(-0.0769734401355962,0.0484795862600632,0.0881286270430295));
#8094=CARTESIAN_POINT('',(-0.0768213412459008,0.0484961791083111,0.0941305079127187));
#8095=CARTESIAN_POINT('',(-0.0767779676719518,0.0483914660378365,0.0881315785160718));
#8096=CARTESIAN_POINT('',(-0.0783630059574033,0.049576894297447,0.0880994263443384));
#8097=CARTESIAN_POINT('',(-0.0844483531101987,0.0590209896432958,0.0938916492938475));
#8098=CARTESIAN_POINT('',(-0.0789232466569976,0.0498016974444584,0.0940925224709416));
#8099=CARTESIAN_POINT('',(-0.0792251537258971,0.0496273752206866,0.0940933824621806));
#8100=CARTESIAN_POINT('',(-0.0790179387430887,0.0492413572247315,0.0911010833319328));
#8101=CARTESIAN_POINT('',(-0.0787053079262176,0.0494218713790214,0.0911001927937796));
#8102=CARTESIAN_POINT('',(-0.0751070298192074,0.0529809570272885,0.0940646196472098));
#8103=CARTESIAN_POINT('',(-0.0750636562452583,0.0528762439568138,0.0880656902505629));
#8104=CARTESIAN_POINT('',(-0.0750600514948724,0.0529505824875411,0.0940654895072799));
#8105=CARTESIAN_POINT('',(-0.0750166779209234,0.0528458694170664,0.0880665601106331));
#8106=CARTESIAN_POINT('',(-0.0749819018864277,0.0528999410926755,0.0940669385064589));
#8107=CARTESIAN_POINT('',(-0.0749385283124787,0.0527952280222008,0.088068009109812));
#8108=CARTESIAN_POINT('',(-0.0749685942928113,0.0528908473445171,0.0940671934573153));
#8109=CARTESIAN_POINT('',(-0.0749252207188622,0.0527861342740424,0.0880682640606685));
#8110=CARTESIAN_POINT('',(-0.0749219410005849,0.0528554239160735,0.0940681490971638));
#8111=CARTESIAN_POINT('',(-0.0748785674266359,0.0527507108455988,0.088069219700517));
#8112=CARTESIAN_POINT('',(-0.0748627017599767,0.0528037813398904,0.0940694788461531));
#8113=CARTESIAN_POINT('',(-0.0748193281860277,0.0526990682694158,0.0880705494495063));
#8114=CARTESIAN_POINT('',(-0.0747730592290625,0.0527185715993129,0.0940716143422837));
#8115=CARTESIAN_POINT('',(-0.0747296856551134,0.0526138585288382,0.0880726849456368));
#8116=CARTESIAN_POINT('',(-0.074652276360067,0.0525888467579683,0.0940747520140098));
#8117=CARTESIAN_POINT('',(-0.0746089027861179,0.0524841336874937,0.0880758226173629));
#8118=CARTESIAN_POINT('',(-0.0745011117780944,0.0524014445049942,0.0940791161282984));
#8119=CARTESIAN_POINT('',(-0.0744577382041453,0.0522967314345195,0.0880801867316516));
#8120=CARTESIAN_POINT('',(-0.0743492660588147,0.0521863299834671,0.0940839688931274));
#8121=CARTESIAN_POINT('',(-0.0743058924848656,0.0520816169129924,0.0880850394964806));
#8122=CARTESIAN_POINT('',(-0.0741503424722593,0.0518662915385389,0.0940909935190805));
#8123=CARTESIAN_POINT('',(-0.0741069688983102,0.0517615784680642,0.0880920641224336));
#8124=CARTESIAN_POINT('',(-0.0740094079631178,0.0515917050290871,0.094096805494445));
#8125=CARTESIAN_POINT('',(-0.0739660343891688,0.0514869919586125,0.0880978760977982));
#8126=CARTESIAN_POINT('',(-0.0739212519548907,0.0513962683531513,0.0941008542861475));
#8127=CARTESIAN_POINT('',(-0.0738778783809416,0.0512915552826767,0.0881019248895007));
#8128=CARTESIAN_POINT('',(-0.0751070298193604,0.0529809570273874,0.0940646196472069));
#8129=CARTESIAN_POINT('',(-0.0745451888563423,0.0539540422131905,0.0940516963934135));
#8130=CARTESIAN_POINT('',(-0.0745018152823933,0.0538493291427159,0.0880527669967666));
#8131=CARTESIAN_POINT('',(-0.0744953861177597,0.0539285594414787,0.094052501287373));
#8132=CARTESIAN_POINT('',(-0.0744520125438107,0.053823846371004,0.0880535718907262));
#8133=CARTESIAN_POINT('',(-0.0744124405044116,0.0538862245276841,0.0940538399706571));
#8134=CARTESIAN_POINT('',(-0.0743690669304625,0.0537815114572095,0.0880549105740103));
#8135=CARTESIAN_POINT('',(-0.074397908842589,0.053879250814761,0.0940540667659586));
#8136=CARTESIAN_POINT('',(-0.07435453526864,0.0537745377442863,0.0880551373693118));
#8137=CARTESIAN_POINT('',(-0.074343895637907,0.0538565744486598,0.0940548531158784));
#8138=CARTESIAN_POINT('',(-0.0743005220639579,0.0537518613781852,0.0880559237192315));
#8139=CARTESIAN_POINT('',(-0.0742695401170844,0.053831112641262,0.094055835165895));
#8140=CARTESIAN_POINT('',(-0.0742261665431353,0.0537263995707873,0.0880569057692481));
#8141=CARTESIAN_POINT('',(-0.0741509059429997,0.0537961152211604,0.0940573038071903));
#8142=CARTESIAN_POINT('',(-0.0741075323690507,0.0536914021506857,0.0880583744105434));
#8143=CARTESIAN_POINT('',(-0.0739781421236885,0.0537564192243545,0.0940592458327141));
#8144=CARTESIAN_POINT('',(-0.0739347685497395,0.0536517061538798,0.0880603164360672));
#8145=CARTESIAN_POINT('',(-0.0737402277204951,0.0537192640546105,0.0940616145603534));
#8146=CARTESIAN_POINT('',(-0.0736968541465461,0.0536145509841358,0.0880626851637066));
#8147=CARTESIAN_POINT('',(-0.0734779701169351,0.0536953783256456,0.0940639276726882));
#8148=CARTESIAN_POINT('',(-0.073434596542986,0.0535906652551709,0.0880649982760413));
#8149=CARTESIAN_POINT('',(-0.073101290184747,0.0536832064801075,0.0940668636142619));
#8150=CARTESIAN_POINT('',(-0.073057916610798,0.0535784934096329,0.088067934217615));
#8151=CARTESIAN_POINT('',(-0.0727929786264675,0.0536985100600952,0.0940688256459087));
#8152=CARTESIAN_POINT('',(-0.0727496050525184,0.0535937969896205,0.0880698962492618));
#8153=CARTESIAN_POINT('',(-0.0725796165030976,0.0537199251694206,0.0940699944938013));
#8154=CARTESIAN_POINT('',(-0.0725362429291486,0.053615212098946,0.0880710650971544));
#8155=CARTESIAN_POINT('',(-0.0745018152825554,0.0538493291427989,0.088052766996764));
#8156=CARTESIAN_POINT('',(-0.0844483531101991,0.0590209896432954,0.0938916492938476));
#8157=CARTESIAN_POINT('',(-0.0750528941435276,0.0537996347366332,0.0940507208006941));
#8158=CARTESIAN_POINT('',(-0.0752272002710269,0.0534977437715874,0.0940547301244579));
#8159=CARTESIAN_POINT('',(-0.0748779778638533,0.053249201380454,0.0910610580620368));
#8160=CARTESIAN_POINT('',(-0.0746974803775759,0.053561815521462,0.0910569063269748));
#8161=CARTESIAN_POINT('',(-0.0769891055239517,0.0507691615506771,0.0940896193656503));
#8162=CARTESIAN_POINT('',(-0.0769457319500026,0.0506644484802024,0.0880906899690032));
#8163=CARTESIAN_POINT('',(-0.0769515919829337,0.050727663655291,0.0940906149546953));
#8164=CARTESIAN_POINT('',(-0.0769082184089847,0.0506229505848163,0.0880916855580483));
#8165=CARTESIAN_POINT('',(-0.0768892164216247,0.0506585221151353,0.0940922728295144));
#8166=CARTESIAN_POINT('',(-0.0768458428476756,0.0505538090446607,0.0880933434328674));
#8167=CARTESIAN_POINT('',(-0.076878716640113,0.0506462941078224,0.0940925621886861));
#8168=CARTESIAN_POINT('',(-0.076835343066164,0.0505415810373477,0.0880936327920391));
#8169=CARTESIAN_POINT('',(-0.0768428239588497,0.0506000033094472,0.0940936297200862));
#8170=CARTESIAN_POINT('',(-0.0767994503849006,0.0504952902389726,0.0880947003234391));
#8171=CARTESIAN_POINT('',(-0.0767989729501267,0.0505347884155415,0.0940950851175703));
#8172=CARTESIAN_POINT('',(-0.0767555993761776,0.0504300753450668,0.0880961557209232));
#8173=CARTESIAN_POINT('',(-0.0767344445288508,0.0504292810766135,0.0940973933337124));
#8174=CARTESIAN_POINT('',(-0.0766910709549017,0.0503245680061388,0.0880984639370653));
#8175=CARTESIAN_POINT('',(-0.0766513606776389,0.0502727153026995,0.0941007269496228));
#8176=CARTESIAN_POINT('',(-0.0766079871036899,0.0501680022322248,0.0881017975529758));
#8177=CARTESIAN_POINT('',(-0.0765538612339416,0.0500525731697936,0.0941052745374013));
#8178=CARTESIAN_POINT('',(-0.0765104876599925,0.0499478600993189,0.0881063451407543));
#8179=CARTESIAN_POINT('',(-0.0764628772524149,0.0498054858668788,0.0941102453527991));
#8180=CARTESIAN_POINT('',(-0.0764195036784659,0.0497007727964042,0.0881113159561521));
#8181=CARTESIAN_POINT('',(-0.0763535808172988,0.0494448632985372,0.0941173303625756));
#8182=CARTESIAN_POINT('',(-0.0763102072433498,0.0493401502280625,0.0881184009659285));
#8183=CARTESIAN_POINT('',(-0.0762885303247373,0.0491431521969636,0.0941230671475779));
#8184=CARTESIAN_POINT('',(-0.0762451567507882,0.049038439126489,0.0881241377509309));
#8185=CARTESIAN_POINT('',(-0.0762539701560322,0.0489315549064058,0.0941270105178806));
#8186=CARTESIAN_POINT('',(-0.0762105965820832,0.0488268418359312,0.0881280811212336));
#8187=CARTESIAN_POINT('',(-0.0769891055240738,0.0507691615508122,0.094089619365647));
#8188=CARTESIAN_POINT('',(-0.0761945424143711,0.0515637246476081,0.094081494899341));
#8189=CARTESIAN_POINT('',(-0.0761511688404221,0.0514590115771335,0.0880825655026944));
#8190=CARTESIAN_POINT('',(-0.0761530345484184,0.0515262210770932,0.0940824496461195));
#8191=CARTESIAN_POINT('',(-0.0761096609744693,0.0514215080066186,0.0880835202494729));
#8192=CARTESIAN_POINT('',(-0.0760838764119297,0.0514638621120092,0.0940840381686078));
#8193=CARTESIAN_POINT('',(-0.0760405028379807,0.0513591490415345,0.0880851087719612));
#8194=CARTESIAN_POINT('',(-0.0760716455365598,0.0514533651985269,0.0940843098272173));
#8195=CARTESIAN_POINT('',(-0.0760282719626107,0.0513486521280523,0.0880853804305707));
#8196=CARTESIAN_POINT('',(-0.0760253443672837,0.0514174828879989,0.0940852709310609));
#8197=CARTESIAN_POINT('',(-0.0759819707933346,0.0513127698175243,0.0880863415344143));
#8198=CARTESIAN_POINT('',(-0.0759601157100684,0.0513736456422448,0.0940865077405149));
#8199=CARTESIAN_POINT('',(-0.0759167421361194,0.0512689325717702,0.0880875783438683));
#8200=CARTESIAN_POINT('',(-0.0758545869138259,0.051309138677631,0.0940883967248035));
#8201=CARTESIAN_POINT('',(-0.0758112133398768,0.0512044256071564,0.0880894673281569));
#8202=CARTESIAN_POINT('',(-0.0756979908976926,0.0512260850674681,0.0940909786734141));
#8203=CARTESIAN_POINT('',(-0.0756546173237435,0.0511213719969935,0.0880920492767675));
#8204=CARTESIAN_POINT('',(-0.0754778086802912,0.0511286257063132,0.0940942718207968));
#8205=CARTESIAN_POINT('',(-0.0754344351063421,0.0510239126358386,0.0880953424241502));
#8206=CARTESIAN_POINT('',(-0.0752306787145682,0.0510376843851087,0.094097646032007));
#8207=CARTESIAN_POINT('',(-0.0751873051406192,0.050932971314634,0.0880987166353604));
#8208=CARTESIAN_POINT('',(-0.0748699968446604,0.0509284472475568,0.0941021606072003));
#8209=CARTESIAN_POINT('',(-0.0748266232707114,0.0508237341770822,0.0881032312105536));
#8210=CARTESIAN_POINT('',(-0.0745682394591777,0.0508634430351354,0.0941054770467903));
#8211=CARTESIAN_POINT('',(-0.0745248658852287,0.0507587299646607,0.0881065476501437));
#8212=CARTESIAN_POINT('',(-0.0743566111043459,0.0508289139278859,0.0941076098818503));
#8213=CARTESIAN_POINT('',(-0.0743132375303969,0.0507242008574113,0.0881086804852037));
#8214=CARTESIAN_POINT('',(-0.0761511688405572,0.0514590115772556,0.088082565502691));
#8215=CARTESIAN_POINT('',(-0.0844483531101989,0.0590209896432956,0.0938916492938476));
#8216=CARTESIAN_POINT('',(-0.0767249001214767,0.0515459606542798,0.0940779703726221));
#8217=CARTESIAN_POINT('',(-0.076971406210991,0.0512994545686899,0.0940804909155407));
#8218=CARTESIAN_POINT('',(-0.0766841380501319,0.0509728288803803,0.0910877338771769));
#8219=CARTESIAN_POINT('',(-0.076428876057064,0.0512280908693844,0.0910851238044995));
#8220=CARTESIAN_POINT('',(-0.0738615498594774,0.0556043707450549,0.0940278322850346));
#8221=CARTESIAN_POINT('',(-0.0738181762855284,0.0554996576745803,0.0880289028883877));
#8222=CARTESIAN_POINT('',(-0.0738083082469936,0.0555871895356337,0.0940285171366036));
#8223=CARTESIAN_POINT('',(-0.0737649346730445,0.055482476465159,0.0880295877399566));
#8224=CARTESIAN_POINT('',(-0.0737197103580804,0.0555584994134292,0.0940296585132429));
#8225=CARTESIAN_POINT('',(-0.0736763367841313,0.0554537863429546,0.088030729116596));
#8226=CARTESIAN_POINT('',(-0.0737045018428721,0.0555531596483343,0.0940298616813046));
#8227=CARTESIAN_POINT('',(-0.0736611282689231,0.0554484465778597,0.0880309322846577));
#8228=CARTESIAN_POINT('',(-0.07365026728445,0.0555310176379308,0.0940306403043252));
#8229=CARTESIAN_POINT('',(-0.0736068937105009,0.0554263045674561,0.0880317109076783));
#8230=CARTESIAN_POINT('',(-0.0735796768683067,0.055496466735694,0.0940317537846237));
#8231=CARTESIAN_POINT('',(-0.0735363032943577,0.0553917536652194,0.0880328243879767));
#8232=CARTESIAN_POINT('',(-0.0734710292180944,0.0554373614964713,0.0940335710302104));
#8233=CARTESIAN_POINT('',(-0.0734276556441453,0.0553326484259967,0.0880346416335634));
#8234=CARTESIAN_POINT('',(-0.0733207784842341,0.0553433181212534,0.0940362989306091));
#8235=CARTESIAN_POINT('',(-0.073277404910285,0.0552386050507787,0.0880373695339622));
#8236=CARTESIAN_POINT('',(-0.0731262503804366,0.0552014269020544,0.0940401821642313));
#8237=CARTESIAN_POINT('',(-0.0730828768064875,0.0550967138315797,0.0880412527675844));
#8238=CARTESIAN_POINT('',(-0.0729238909582356,0.0550329448610635,0.094044586170588));
#8239=CARTESIAN_POINT('',(-0.0728805173842865,0.0549282317905889,0.088045656773941));
#8240=CARTESIAN_POINT('',(-0.0726488965339282,0.0547753006306819,0.0940510716960674));
#8241=CARTESIAN_POINT('',(-0.0726055229599791,0.0546705875602072,0.0880521422994204));
#8242=CARTESIAN_POINT('',(-0.0724416824620991,0.0545465513301961,0.0940565627852789));
#8243=CARTESIAN_POINT('',(-0.07239830888815,0.0544418382597214,0.0880576333886319));
#8244=CARTESIAN_POINT('',(-0.0723059383006262,0.0543805939553724,0.0940604410799167));
#8245=CARTESIAN_POINT('',(-0.0722625647266771,0.0542758808848978,0.0880615116832697));
#8246=CARTESIAN_POINT('',(-0.0738615498596508,0.0556043707451109,0.0940278322850325));
#8247=CARTESIAN_POINT('',(-0.073570719576461,0.056689663872608,0.094010990942141));
#8248=CARTESIAN_POINT('',(-0.073527346002512,0.0565849508021334,0.0880120615454939));
#8249=CARTESIAN_POINT('',(-0.0735160159395801,0.0566779385084791,0.0940115911310884));
#8250=CARTESIAN_POINT('',(-0.073472642365631,0.0565732254380045,0.0880126617344413));
#8251=CARTESIAN_POINT('',(-0.073424935455848,0.0566585127003874,0.0940125887461147));
#8252=CARTESIAN_POINT('',(-0.073381561881899,0.0565537996299127,0.0880136593494677));
#8253=CARTESIAN_POINT('',(-0.0734090933163113,0.0566555374350345,0.0940127552223833));
#8254=CARTESIAN_POINT('',(-0.0733657197423623,0.0565508243645598,0.0880138258257362));
#8255=CARTESIAN_POINT('',(-0.0733510489868615,0.0566476123702356,0.0940133132299315));
#8256=CARTESIAN_POINT('',(-0.0733076754129125,0.056542899299761,0.0880143838332844));
#8257=CARTESIAN_POINT('',(-0.0732726338082969,0.0566422611812904,0.0940139735954249));
#8258=CARTESIAN_POINT('',(-0.0732292602343479,0.0565375481108158,0.0880150441987778));
#8259=CARTESIAN_POINT('',(-0.0731489789792821,0.0566391583220449,0.0940149218082498));
#8260=CARTESIAN_POINT('',(-0.073105605405333,0.0565344452515702,0.0880159924116027));
#8261=CARTESIAN_POINT('',(-0.0729718209255734,0.0566455251551778,0.0940160915648568));
#8262=CARTESIAN_POINT('',(-0.0729284473516243,0.0565408120847031,0.0880171621682097));
#8263=CARTESIAN_POINT('',(-0.0727323878099933,0.0566712062402608,0.0940173744478787));
#8264=CARTESIAN_POINT('',(-0.0726890142360443,0.0565664931697862,0.0880184450512316));
#8265=CARTESIAN_POINT('',(-0.0724728749908777,0.0567160038764914,0.0940184688265547));
#8266=CARTESIAN_POINT('',(-0.0724295014169287,0.0566112908060168,0.0880195394299077));
#8267=CARTESIAN_POINT('',(-0.072105867111295,0.0568017268141253,0.0940196260549426));
#8268=CARTESIAN_POINT('',(-0.072062493537346,0.0566970137436507,0.0880206966582955));
#8269=CARTESIAN_POINT('',(-0.0718120123034061,0.0568962952728382,0.0940200999694317));
#8270=CARTESIAN_POINT('',(-0.071768638729457,0.0567915822023636,0.0880211705727846));
#8271=CARTESIAN_POINT('',(-0.0716114566876086,0.0569721951944265,0.0940202251751048));
#8272=CARTESIAN_POINT('',(-0.0715680831136595,0.0568674821239518,0.0880212957784577));
#8273=CARTESIAN_POINT('',(-0.0735273460026901,0.0565849508021715,0.0880120615454921));
#8274=CARTESIAN_POINT('',(-0.0844483531101992,0.0590209896432951,0.0938916492938476));
#8275=CARTESIAN_POINT('',(-0.0740211731674269,0.0564091355271786,0.0940126307684527));
#8276=CARTESIAN_POINT('',(-0.0741114006583768,0.0560724330530464,0.0940178556442729));
#8277=CARTESIAN_POINT('',(-0.0737225450161271,0.055915343700956,0.0910228737992304));
#8278=CARTESIAN_POINT('',(-0.0736291126420436,0.0562640058568775,0.0910174633356673));
#8279=CARTESIAN_POINT('',(-0.0761945424143711,0.0664803373585532,0.0938211210534815));
#8280=CARTESIAN_POINT('',(-0.0761511688404221,0.0663756242880786,0.0878221916568344));
#8281=CARTESIAN_POINT('',(-0.0761530345484184,0.0665178514029266,0.0938207663458098));
#8282=CARTESIAN_POINT('',(-0.0761096609744693,0.0664131383324519,0.0878218369491628));
#8283=CARTESIAN_POINT('',(-0.0760838764119297,0.0665802278189807,0.0938201775756694));
#8284=CARTESIAN_POINT('',(-0.0760405028379807,0.0664755147485061,0.0878212481790224));
#8285=CARTESIAN_POINT('',(-0.0760716455365598,0.0665907278187323,0.0938200827270058));
#8286=CARTESIAN_POINT('',(-0.0760282719626108,0.0664860147482577,0.0878211533303587));
#8287=CARTESIAN_POINT('',(-0.0760253443672836,0.0666266218126337,0.093819790954423));
#8288=CARTESIAN_POINT('',(-0.0759819707933346,0.066521908742159,0.087820861557776));
#8289=CARTESIAN_POINT('',(-0.0759601157100685,0.0666704755178157,0.0938194970926325));
#8290=CARTESIAN_POINT('',(-0.0759167421361194,0.0665657624473411,0.0878205676959855));
#8291=CARTESIAN_POINT('',(-0.0758545869138259,0.0667350091109646,0.0938191336361729));
#8292=CARTESIAN_POINT('',(-0.0758112133398768,0.0666302960404899,0.0878202042395259));
#8293=CARTESIAN_POINT('',(-0.0756979908976926,0.0668181022356744,0.0938188154448405));
#8294=CARTESIAN_POINT('',(-0.0756546173237436,0.0667133891651997,0.0878198860481934));
#8295=CARTESIAN_POINT('',(-0.0754778086802912,0.0669156171563555,0.0938187052590008));
#8296=CARTESIAN_POINT('',(-0.0754344351063421,0.0668109040858809,0.0878197758623538));
#8297=CARTESIAN_POINT('',(-0.0752306787145682,0.0670066208369278,0.09381890356689));
#8298=CARTESIAN_POINT('',(-0.0751873051406192,0.0669019077664531,0.0878199741702429));
#8299=CARTESIAN_POINT('',(-0.0748699968446604,0.0671159489868881,0.0938196030209438));
#8300=CARTESIAN_POINT('',(-0.0748266232707114,0.0670112359164134,0.0878206736242967));
#8301=CARTESIAN_POINT('',(-0.0745682394591777,0.067181029343049,0.0938206487962712));
#8302=CARTESIAN_POINT('',(-0.0745248658852286,0.0670763162725743,0.0878217193996241));
#8303=CARTESIAN_POINT('',(-0.0743566111043459,0.0672156118513921,0.093821575267829));
#8304=CARTESIAN_POINT('',(-0.0743132375303968,0.0671108987809175,0.087822645871182));
#8305=CARTESIAN_POINT('',(-0.0761945424145063,0.066480337358431,0.0938211210534827));
#8306=CARTESIAN_POINT('',(-0.0769891055239517,0.0672746999599555,0.0938015103561262));
#8307=CARTESIAN_POINT('',(-0.0769457319500027,0.0671699868894809,0.0878025809594802));
#8308=CARTESIAN_POINT('',(-0.0769515919829337,0.0673162073212948,0.0938010570640922));
#8309=CARTESIAN_POINT('',(-0.0769082184089847,0.0672114942508202,0.0878021276674462));
#8310=CARTESIAN_POINT('',(-0.0768892164216247,0.0673853646009443,0.0938003008924861));
#8311=CARTESIAN_POINT('',(-0.0768458428476757,0.0672806515304696,0.0878013714958401));
#8312=CARTESIAN_POINT('',(-0.0768787166401132,0.0673975952577123,0.0938001633185092));
#8313=CARTESIAN_POINT('',(-0.0768353430661642,0.0672928821872377,0.0878012339218632));
#8314=CARTESIAN_POINT('',(-0.0768428239588496,0.0674438951130421,0.0937996146529172));
#8315=CARTESIAN_POINT('',(-0.0767994503849006,0.0673391820425675,0.0878006852562712));
#8316=CARTESIAN_POINT('',(-0.0767989729501266,0.0675091210720617,0.0937987931670905));
#8317=CARTESIAN_POINT('',(-0.0767555993761776,0.0674044080015871,0.0877998637704446));
#8318=CARTESIAN_POINT('',(-0.0767344445288508,0.0676146446937239,0.0937974177759776));
#8319=CARTESIAN_POINT('',(-0.0766910709549018,0.0675099316232493,0.0877984883793316));
#8320=CARTESIAN_POINT('',(-0.0766513606776389,0.0677712314325435,0.0937952852230157));
#8321=CARTESIAN_POINT('',(-0.0766079871036899,0.0676665183620689,0.0877963558263697));
#8322=CARTESIAN_POINT('',(-0.0765538612339416,0.0679913981679037,0.0937921470904757));
#8323=CARTESIAN_POINT('',(-0.0765104876599925,0.067886685097429,0.0877932176938297));
#8324=CARTESIAN_POINT('',(-0.0764628772524149,0.0682385084291981,0.0937884915425762));
#8325=CARTESIAN_POINT('',(-0.0764195036784659,0.0681337953587235,0.0877895621459302));
#8326=CARTESIAN_POINT('',(-0.076353580817299,0.0685991585767796,0.093782986525743));
#8327=CARTESIAN_POINT('',(-0.0763102072433499,0.068494445506305,0.087784057129097));
#8328=CARTESIAN_POINT('',(-0.0762885303247366,0.0689008860928237,0.09377819011285));
#8329=CARTESIAN_POINT('',(-0.0762451567507876,0.0687961730223491,0.087779260716204));
#8330=CARTESIAN_POINT('',(-0.0762539701560323,0.0691124921040977,0.0937747463455089));
#8331=CARTESIAN_POINT('',(-0.0762105965820833,0.0690077790336231,0.0877758169488629));
#8332=CARTESIAN_POINT('',(-0.0769457319501248,0.0671699868893457,0.0878025809594807));
#8333=CARTESIAN_POINT('',(-0.0844483531101989,0.059020989643294,0.0938916492938476));
#8334=CARTESIAN_POINT('',(-0.0769714062109911,0.0667444114080865,0.0938108946680994));
#8335=CARTESIAN_POINT('',(-0.0767249001214767,0.0664979675244389,0.093816978711342));
#8336=CARTESIAN_POINT('',(-0.076428876057064,0.0667111934635655,0.0908148617117306));
#8337=CARTESIAN_POINT('',(-0.0766841380501319,0.0669663910412124,0.090808561563093));
#8338=CARTESIAN_POINT('',(-0.0784063795312534,0.0683618965160147,0.0937722858200524));
#8339=CARTESIAN_POINT('',(-0.0783630059573044,0.0682571834455401,0.0877733564234055));
#8340=CARTESIAN_POINT('',(-0.0783759952304002,0.0684088727459811,0.0937716855213456));
#8341=CARTESIAN_POINT('',(-0.0783326216564512,0.0683041596755065,0.0877727561246987));
#8342=CARTESIAN_POINT('',(-0.0783253375834836,0.0684870188845992,0.0937706877234837));
#8343=CARTESIAN_POINT('',(-0.0782819640095345,0.0683823058141246,0.0877717583268368));
#8344=CARTESIAN_POINT('',(-0.0783162410085103,0.0685003259467116,0.0937705212150453));
#8345=CARTESIAN_POINT('',(-0.0782728674345612,0.0683956128762369,0.0877715918183984));
#8346=CARTESIAN_POINT('',(-0.0782808072228097,0.0685469778226621,0.0937699630869148));
#8347=CARTESIAN_POINT('',(-0.0782374336488607,0.0684422647521874,0.0877710336902679));
#8348=CARTESIAN_POINT('',(-0.0782291506543961,0.0686062161056428,0.0937693025536348));
#8349=CARTESIAN_POINT('',(-0.078185777080447,0.0685015030351682,0.0877703731569879));
#8350=CARTESIAN_POINT('',(-0.0781439188490646,0.0686958580786414,0.0937683540713559));
#8351=CARTESIAN_POINT('',(-0.0781005452751155,0.0685911450081667,0.0877694246747091));
#8352=CARTESIAN_POINT('',(-0.0780141623958216,0.0688166420778856,0.0937671839188437));
#8353=CARTESIAN_POINT('',(-0.0779707888218725,0.068711929007411,0.0877682545221968));
#8354=CARTESIAN_POINT('',(-0.0778267174184598,0.0689678112348457,0.0937659004851689));
#8355=CARTESIAN_POINT('',(-0.0777833438445107,0.068863098164371,0.0877669710885221));
#8356=CARTESIAN_POINT('',(-0.0776115565893364,0.0691196649399952,0.0937648054941861));
#8357=CARTESIAN_POINT('',(-0.0775681830153874,0.0690149518695205,0.0877658760975392));
#8358=CARTESIAN_POINT('',(-0.077291452655088,0.0693186038123627,0.0937636473794559));
#8359=CARTESIAN_POINT('',(-0.0772480790811389,0.0692138907418881,0.087764717982809));
#8360=CARTESIAN_POINT('',(-0.0770168137095453,0.0694595551883693,0.0937631727316371));
#8361=CARTESIAN_POINT('',(-0.0769734401355962,0.0693548421178946,0.0877642433349903));
#8362=CARTESIAN_POINT('',(-0.0768213412459008,0.0695477247350037,0.0937630470151058));
#8363=CARTESIAN_POINT('',(-0.0767779676719517,0.069443011664529,0.087764117618459));
#8364=CARTESIAN_POINT('',(-0.0784063795313524,0.0683618965158618,0.0937722858200544));
#8365=CARTESIAN_POINT('',(-0.0793795166247092,0.068923543806126,0.0937554461076175));
#8366=CARTESIAN_POINT('',(-0.0793361430507602,0.0688188307356513,0.0877565167109706));
#8367=CARTESIAN_POINT('',(-0.0793540243528345,0.0689733434767334,0.0937547611544855));
#8368=CARTESIAN_POINT('',(-0.0793106507788855,0.0688686304062587,0.0877558317578386));
#8369=CARTESIAN_POINT('',(-0.0793116736300839,0.0690562839670192,0.0937536196089286));
#8370=CARTESIAN_POINT('',(-0.0792683000561348,0.0689515708965446,0.0877546902122817));
#8371=CARTESIAN_POINT('',(-0.0793046972034355,0.069070814675388,0.0937534164122493));
#8372=CARTESIAN_POINT('',(-0.0792613236294864,0.0689661016049133,0.0877544870156024));
#8373=CARTESIAN_POINT('',(-0.0792820111600476,0.0691248239267515,0.0937526376900049));
#8374=CARTESIAN_POINT('',(-0.0792386375860985,0.0690201108562768,0.0877537082933579));
#8375=CARTESIAN_POINT('',(-0.0792565367569869,0.069199173279199,0.0937515240857873));
#8376=CARTESIAN_POINT('',(-0.0792131631830378,0.0690944602087243,0.0877525946891404));
#8377=CARTESIAN_POINT('',(-0.0792215199506213,0.0693177969016298,0.09374970665488));
#8378=CARTESIAN_POINT('',(-0.0791781463766723,0.0692130838311551,0.0877507772582331));
#8379=CARTESIAN_POINT('',(-0.0791817971443506,0.0694905439327849,0.0937469785094244));
#8380=CARTESIAN_POINT('',(-0.0791384235704016,0.0693858308623102,0.0877480491127775));
#8381=CARTESIAN_POINT('',(-0.079144607264891,0.0697284330073492,0.0937430949768968));
#8382=CARTESIAN_POINT('',(-0.0791012336909419,0.0696237199368746,0.0877441655802499));
#8383=CARTESIAN_POINT('',(-0.0791206854291004,0.0699906605365891,0.093738690678648));
#8384=CARTESIAN_POINT('',(-0.0790773118551513,0.0698859474661145,0.087739761282001));
#8385=CARTESIAN_POINT('',(-0.0791084645168558,0.0703672944800238,0.0937322047826741));
#8386=CARTESIAN_POINT('',(-0.0790650909429067,0.0702625814095492,0.0877332753860272));
#8387=CARTESIAN_POINT('',(-0.0791237311244409,0.07067556520846,0.0937267134458595));
#8388=CARTESIAN_POINT('',(-0.0790803575504919,0.0705708521379854,0.0877277840492126));
#8389=CARTESIAN_POINT('',(-0.079145122013642,0.0708888977103137,0.0937228350037112));
#8390=CARTESIAN_POINT('',(-0.0791017484396929,0.070784184639839,0.0877239056070643));
#8391=CARTESIAN_POINT('',(-0.0793361430508432,0.0688188307354892,0.0877565167109728));
#8392=CARTESIAN_POINT('',(-0.0844483531101987,0.0590209896432939,0.0938916492938476));
#8393=CARTESIAN_POINT('',(-0.0792251537258971,0.0684159220582807,0.0937654228715542));
#8394=CARTESIAN_POINT('',(-0.0789232466569976,0.0682416760160189,0.0937706472415392));
#8395=CARTESIAN_POINT('',(-0.0787053079262176,0.0685168385320787,0.090766884546757));
#8396=CARTESIAN_POINT('',(-0.0790179387430887,0.0686972737988892,0.0907614746069964));
#8397=CARTESIAN_POINT('',(-0.0745451888563422,0.0640904359814517,0.0938747626699381));
#8398=CARTESIAN_POINT('',(-0.0745018152823932,0.0639857229109771,0.0878758332732914));
#8399=CARTESIAN_POINT('',(-0.0744953861177597,0.0641159313201029,0.0938746777260432));
#8400=CARTESIAN_POINT('',(-0.0744520125438106,0.0640112182496283,0.0878757483293965));
#8401=CARTESIAN_POINT('',(-0.0744124405044115,0.064158287163921,0.0938745381073364));
#8402=CARTESIAN_POINT('',(-0.0743690669304625,0.0640535740934464,0.0878756087106898));
#8403=CARTESIAN_POINT('',(-0.0743979088425891,0.0641652645436809,0.0938745213822271));
#8404=CARTESIAN_POINT('',(-0.07435453526864,0.0640605514732062,0.0878755919855804));
#8405=CARTESIAN_POINT('',(-0.074343895637907,0.0641879545391664,0.0938745158490116));
#8406=CARTESIAN_POINT('',(-0.0743005220639579,0.0640832414686917,0.087875586452365));
#8407=CARTESIAN_POINT('',(-0.0742695401170843,0.064213435109013,0.0938746086849059));
#8408=CARTESIAN_POINT('',(-0.0742261665431352,0.0641087220385383,0.0878756792882592));
#8409=CARTESIAN_POINT('',(-0.0741509059429998,0.0642484624645861,0.0938748550232226));
#8410=CARTESIAN_POINT('',(-0.0741075323690507,0.0641437493941115,0.087875925626576));
#8411=CARTESIAN_POINT('',(-0.0739781421236885,0.06428820205563,0.0938754104772836));
#8412=CARTESIAN_POINT('',(-0.0739347685497394,0.0641834889851554,0.0878764810806369));
#8413=CARTESIAN_POINT('',(-0.0737402277204951,0.0643254172593391,0.0938764810482617));
#8414=CARTESIAN_POINT('',(-0.0736968541465461,0.0642207041888645,0.0878775516516151));
#8415=CARTESIAN_POINT('',(-0.0734779701169351,0.0643493691648939,0.0938779591406681));
#8416=CARTESIAN_POINT('',(-0.073434596542986,0.0642446560944192,0.0878790297440214));
#8417=CARTESIAN_POINT('',(-0.073101290184747,0.0643616360597002,0.0938804684968678));
#8418=CARTESIAN_POINT('',(-0.0730579166107979,0.0642569229892255,0.0878815391002212));
#8419=CARTESIAN_POINT('',(-0.0727929786264675,0.0643464102772943,0.093882963427481));
#8420=CARTESIAN_POINT('',(-0.0727496050525185,0.0642416972068197,0.0878840340308343));
#8421=CARTESIAN_POINT('',(-0.0725796165030976,0.0643250490065521,0.0938848789496226));
#8422=CARTESIAN_POINT('',(-0.0725362429291486,0.0642203359360775,0.0878859495529759));
#8423=CARTESIAN_POINT('',(-0.0745451888565045,0.0640904359813687,0.0938747626699384));
#8424=CARTESIAN_POINT('',(-0.0751070298192074,0.0650633793956058,0.0938537174242789));
#8425=CARTESIAN_POINT('',(-0.0750636562452584,0.0649586663251312,0.0878547880276319));
#8426=CARTESIAN_POINT('',(-0.0750600514948725,0.065093765789596,0.093853526684446));
#8427=CARTESIAN_POINT('',(-0.0750166779209234,0.0649890527191213,0.087854597287799));
#8428=CARTESIAN_POINT('',(-0.0749819018864277,0.0651444269042886,0.0938532074186361));
#8429=CARTESIAN_POINT('',(-0.0749385283124787,0.065039713833814,0.0878542780219891));
#8430=CARTESIAN_POINT('',(-0.0749685942928112,0.0651535240104093,0.0938531448428007));
#8431=CARTESIAN_POINT('',(-0.0749252207188622,0.0650488109399346,0.0878542154461537));
#8432=CARTESIAN_POINT('',(-0.074921941000585,0.0651889592110789,0.0938528636245144));
#8433=CARTESIAN_POINT('',(-0.0748785674266359,0.0650842461406043,0.0878539342278673));
#8434=CARTESIAN_POINT('',(-0.0748627017599767,0.0652406167353544,0.0938523902399804));
#8435=CARTESIAN_POINT('',(-0.0748193281860277,0.0651359036648798,0.0878534608433333));
#8436=CARTESIAN_POINT('',(-0.0747730592290625,0.0653258490958177,0.0938515506192929));
#8437=CARTESIAN_POINT('',(-0.0747296856551134,0.0652211360253431,0.0878526212226459));
#8438=CARTESIAN_POINT('',(-0.074652276360067,0.0654556044148233,0.0938501589887849));
#8439=CARTESIAN_POINT('',(-0.0746089027861179,0.0653508913443487,0.0878512295921379));
#8440=CARTESIAN_POINT('',(-0.0745011117780943,0.0656430448118068,0.0938479801147792));
#8441=CARTESIAN_POINT('',(-0.0744577382041453,0.0655383317413322,0.0878490507181322));
#8442=CARTESIAN_POINT('',(-0.0743492660588147,0.0658581976492178,0.0938453224367773));
#8443=CARTESIAN_POINT('',(-0.0743058924848656,0.0657534845787432,0.0878463930401303));
#8444=CARTESIAN_POINT('',(-0.0741503424722593,0.0661782862893906,0.0938411734568844));
#8445=CARTESIAN_POINT('',(-0.0741069688983102,0.066073573218916,0.0878422440602374));
#8446=CARTESIAN_POINT('',(-0.0740094079631178,0.0664529083614537,0.0938373988355258));
#8447=CARTESIAN_POINT('',(-0.0739660343891688,0.066348195290979,0.0878384694388788));
#8448=CARTESIAN_POINT('',(-0.0739212519548907,0.0666483672821743,0.0938346244300445));
#8449=CARTESIAN_POINT('',(-0.0738778783809416,0.0665436542116997,0.0878356950333974));
#8450=CARTESIAN_POINT('',(-0.0750636562454113,0.0649586663250322,0.0878547880276326));
#8451=CARTESIAN_POINT('',(-0.0844483531101991,0.0590209896432943,0.0938916492938476));
#8452=CARTESIAN_POINT('',(-0.0752272002710269,0.0645465623281797,0.093861869758936));
#8453=CARTESIAN_POINT('',(-0.0750528941435276,0.0642447153465491,0.0938683988579436));
#8454=CARTESIAN_POINT('',(-0.0746974803775758,0.0643779057020105,0.0908681083034527));
#8455=CARTESIAN_POINT('',(-0.0748779778638534,0.064690474297311,0.0908613472906561));
#8456=CARTESIAN_POINT('',(-0.073570719576461,0.0613550602140611,0.0939295550819077));
#8457=CARTESIAN_POINT('',(-0.0735273460025119,0.0612503471435865,0.0879306256852612));
#8458=CARTESIAN_POINT('',(-0.07351601593958,0.0613667993817941,0.0939297456905756));
#8459=CARTESIAN_POINT('',(-0.073472642365631,0.0612620863113195,0.0879308162939292));
#8460=CARTESIAN_POINT('',(-0.073424935455848,0.0613862481726162,0.0939300647380866));
#8461=CARTESIAN_POINT('',(-0.073381561881899,0.0612815351021416,0.0879311353414402));
#8462=CARTESIAN_POINT('',(-0.0734090933163113,0.0613892274354844,0.0939301272763202));
#8463=CARTESIAN_POINT('',(-0.0733657197423622,0.0612845143650097,0.0879311978796738));
#8464=CARTESIAN_POINT('',(-0.0733510489868614,0.0613971671468587,0.0939304083595515));
#8465=CARTESIAN_POINT('',(-0.0733076754129124,0.0612924540763841,0.0879314789629051));
#8466=CARTESIAN_POINT('',(-0.0732726338082969,0.0614025381226434,0.0939308815665177));
#8467=CARTESIAN_POINT('',(-0.0732292602343479,0.0612978250521688,0.0879319521698713));
#8468=CARTESIAN_POINT('',(-0.0731489789792821,0.0614056721842439,0.0939317209120615));
#8469=CARTESIAN_POINT('',(-0.073105605405333,0.0613009591137692,0.0879327915154151));
#8470=CARTESIAN_POINT('',(-0.0729718209255733,0.0613993500541653,0.0939331121582398));
#8471=CARTESIAN_POINT('',(-0.0729284473516243,0.0612946369836907,0.0879341827615933));
#8472=CARTESIAN_POINT('',(-0.0727323878099934,0.0613737293862704,0.0939352905283926));
#8473=CARTESIAN_POINT('',(-0.0726890142360443,0.0612690163157958,0.0879363611317462));
#8474=CARTESIAN_POINT('',(-0.0724728749908777,0.0613289972340264,0.0939379476757613));
#8475=CARTESIAN_POINT('',(-0.0724295014169286,0.0612242841635518,0.0879390182791149));
#8476=CARTESIAN_POINT('',(-0.072105867111295,0.0612433669050698,0.0939420959256289));
#8477=CARTESIAN_POINT('',(-0.072062493537346,0.0611386538345952,0.0879431665289825));
#8478=CARTESIAN_POINT('',(-0.0718120123034061,0.0611488725960065,0.09394586998613));
#8479=CARTESIAN_POINT('',(-0.071768638729457,0.0610441595255318,0.0879469405894835));
#8480=CARTESIAN_POINT('',(-0.0716114566876086,0.0610730232814786,0.0939486440191866));
#8481=CARTESIAN_POINT('',(-0.0715680831136595,0.060968310211004,0.0879497146225402));
#8482=CARTESIAN_POINT('',(-0.0735707195766391,0.0613550602140229,0.0939295550819071));
#8483=CARTESIAN_POINT('',(-0.0738615498594775,0.0624402799551573,0.0939085094866574));
#8484=CARTESIAN_POINT('',(-0.0738181762855284,0.0623355668846827,0.0879095800900103));
#8485=CARTESIAN_POINT('',(-0.0738083082469936,0.0624574745992638,0.0939085942976299));
#8486=CARTESIAN_POINT('',(-0.0737649346730446,0.0623527615287891,0.0879096649009829));
#8487=CARTESIAN_POINT('',(-0.0737197103580804,0.0624861870777548,0.0939087336950536));
#8488=CARTESIAN_POINT('',(-0.0736763367841314,0.0623814740072802,0.0879098042984066));
#8489=CARTESIAN_POINT('',(-0.0737045018428721,0.0624915306804797,0.0939087503817994));
#8490=CARTESIAN_POINT('',(-0.073661128268923,0.0623868176100051,0.0879098209851524));
#8491=CARTESIAN_POINT('',(-0.07365026728445,0.062513686376123,0.0939087557753804));
#8492=CARTESIAN_POINT('',(-0.0736068937105009,0.0624089733056483,0.0879098263787333));
#8493=CARTESIAN_POINT('',(-0.0735796768683067,0.0625482550907431,0.0939086627525127));
#8494=CARTESIAN_POINT('',(-0.0735363032943576,0.0624435420202684,0.0879097333558656));
#8495=CARTESIAN_POINT('',(-0.0734710292180943,0.0626073877454949,0.0939084161210129));
#8496=CARTESIAN_POINT('',(-0.0734276556441453,0.0625026746750202,0.0879094867243658));
#8497=CARTESIAN_POINT('',(-0.0733207784842342,0.062701469034127,0.0939078602502784));
#8498=CARTESIAN_POINT('',(-0.0732774049102851,0.0625967559636524,0.0879089308536314));
#8499=CARTESIAN_POINT('',(-0.0731262503804365,0.0628434093394397,0.0939067891214695));
#8500=CARTESIAN_POINT('',(-0.0730828768064875,0.0627386962689651,0.0879078597248225));
#8501=CARTESIAN_POINT('',(-0.0729238909582356,0.0630119424426542,0.0939053104297291));
#8502=CARTESIAN_POINT('',(-0.0728805173842865,0.0629072293721796,0.087906381033082));
#8503=CARTESIAN_POINT('',(-0.0726488965339282,0.0632696560635624,0.0939028002328997));
#8504=CARTESIAN_POINT('',(-0.0726055229599791,0.0631649429930878,0.0879038708362527));
#8505=CARTESIAN_POINT('',(-0.0724416824620991,0.0634984576512673,0.0939003046372831));
#8506=CARTESIAN_POINT('',(-0.07239830888815,0.0633937445807927,0.0879013752406361));
#8507=CARTESIAN_POINT('',(-0.0723059383006262,0.0636644492789988,0.0938983886648103));
#8508=CARTESIAN_POINT('',(-0.0722625647266771,0.0635597362085241,0.0878994592681633));
#8509=CARTESIAN_POINT('',(-0.0738181762857018,0.0623355668846267,0.0879095800900102));
#8510=CARTESIAN_POINT('',(-0.0844483531101992,0.0590209896432945,0.0938916492938476));
#8511=CARTESIAN_POINT('',(-0.0741114006583768,0.0619721546012386,0.0939148742758637));
#8512=CARTESIAN_POINT('',(-0.0740211731674269,0.0616354748945975,0.093921403483329));
#8513=CARTESIAN_POINT('',(-0.0736291126420436,0.0616759849524231,0.0909229956546915));
#8514=CARTESIAN_POINT('',(-0.0737225450161271,0.0620246235321516,0.090916234529585));
#8515=CARTESIAN_POINT('',(-0.0810299671627074,0.0696068883066789,0.093731585010105));
#8516=CARTESIAN_POINT('',(-0.0809865935887584,0.0695021752362042,0.0877326556134577));
#8517=CARTESIAN_POINT('',(-0.0810127770668445,0.0696601253697979,0.0937307800297278));
#8518=CARTESIAN_POINT('',(-0.0809694034928955,0.0695554122993233,0.0877318506330806));
#8519=CARTESIAN_POINT('',(-0.0809840721444214,0.0697487157007757,0.0937294412024197));
#8520=CARTESIAN_POINT('',(-0.0809406985704724,0.0696440026303011,0.0877305118057725));
#8521=CARTESIAN_POINT('',(-0.0809787297863964,0.0697639229709567,0.0937292143814816));
#8522=CARTESIAN_POINT('',(-0.0809353562124473,0.0696592099004821,0.0877302849848344));
#8523=CARTESIAN_POINT('',(-0.08095657813821,0.0698181534807062,0.0937284279333129));
#8524=CARTESIAN_POINT('',(-0.0809132045642609,0.0697134404102315,0.0877294985366656));
#8525=CARTESIAN_POINT('',(-0.0809220139683685,0.0698887393503968,0.0937274457427951));
#8526=CARTESIAN_POINT('',(-0.0808786403944195,0.0697840262799221,0.0877285163461478));
#8527=CARTESIAN_POINT('',(-0.0808628875606294,0.0699973807509253,0.0937259768721967));
#8528=CARTESIAN_POINT('',(-0.0808195139866803,0.0698926676804506,0.0877270474755494));
#8529=CARTESIAN_POINT('',(-0.0807688133581326,0.0701476243947607,0.0937240345024643));
#8530=CARTESIAN_POINT('',(-0.0807254397841835,0.070042911324286,0.0877251051058171));
#8531=CARTESIAN_POINT('',(-0.0806268796862499,0.0703421458597715,0.0937216652848388));
#8532=CARTESIAN_POINT('',(-0.0805835061123008,0.0702374327892968,0.0877227358881916));
#8533=CARTESIAN_POINT('',(-0.0804583508486609,0.0705445010104425,0.0937193516168098));
#8534=CARTESIAN_POINT('',(-0.0804149772747119,0.0704397879399678,0.0877204222201625));
#8535=CARTESIAN_POINT('',(-0.0802006394041942,0.0708194932498275,0.0937164148569009));
#8536=CARTESIAN_POINT('',(-0.0801572658302452,0.0707147801793529,0.0877174854602537));
#8537=CARTESIAN_POINT('',(-0.0799718350888677,0.0710267100423371,0.0937144521323996));
#8538=CARTESIAN_POINT('',(-0.0799284615149186,0.0709219969718624,0.0877155227357523));
#8539=CARTESIAN_POINT('',(-0.0798058396417745,0.0711624580183677,0.0937132827951535));
#8540=CARTESIAN_POINT('',(-0.0797624660678254,0.071057744947893,0.0877143533985062));
#8541=CARTESIAN_POINT('',(-0.0810299671627634,0.0696068883065055,0.0937315850101076));
#8542=CARTESIAN_POINT('',(-0.0821153605553045,0.069897544950844,0.0937186638811639));
#8543=CARTESIAN_POINT('',(-0.0820719869813554,0.0697928318803693,0.0877197344845179));
#8544=CARTESIAN_POINT('',(-0.0821036268087734,0.0699522431654654,0.093717793945358));
#8545=CARTESIAN_POINT('',(-0.0820602532348243,0.0698475300949907,0.0877188645487119));
#8546=CARTESIAN_POINT('',(-0.0820841870563487,0.0700433146090405,0.0937163448202933));
#8547=CARTESIAN_POINT('',(-0.0820408134823997,0.0699386015385658,0.0877174154236472));
#8548=CARTESIAN_POINT('',(-0.0820812094165104,0.0700591551252476,0.0937160898484297));
#8549=CARTESIAN_POINT('',(-0.0820378358425614,0.0699544420547729,0.0877171604517837));
#8550=CARTESIAN_POINT('',(-0.0820732760273645,0.0701171931314188,0.0937151341381669));
#8551=CARTESIAN_POINT('',(-0.0820299024534154,0.0700124800609442,0.0877162047415209));
#8552=CARTESIAN_POINT('',(-0.0820679142684363,0.070195599091793,0.0937138043058453));
#8553=CARTESIAN_POINT('',(-0.0820245406944872,0.0700908860213184,0.0877148749091993));
#8554=CARTESIAN_POINT('',(-0.0820647954144667,0.0703192387111587,0.0937116686900568));
#8555=CARTESIAN_POINT('',(-0.0820214218405176,0.0702145256406841,0.0877127392934108));
#8556=CARTESIAN_POINT('',(-0.0820711406967396,0.0704963736099538,0.0937085308707118));
#8557=CARTESIAN_POINT('',(-0.0820277671227906,0.0703916605394791,0.0877096014740658));
#8558=CARTESIAN_POINT('',(-0.0820967948103435,0.0707357732764213,0.0937041665945204));
#8559=CARTESIAN_POINT('',(-0.0820534212363945,0.0706310602059467,0.0877052371978743));
#8560=CARTESIAN_POINT('',(-0.0821415653538655,0.0709952477008404,0.0936993136915695));
#8561=CARTESIAN_POINT('',(-0.0820981917799165,0.0708905346303657,0.0877003842949235));
#8562=CARTESIAN_POINT('',(-0.0822272527994658,0.0713621984593003,0.0936922889195472));
#8563=CARTESIAN_POINT('',(-0.0821838792255168,0.0712574853888256,0.0876933595229012));
#8564=CARTESIAN_POINT('',(-0.0823217961131195,0.0716560042594268,0.0936864768843395));
#8565=CARTESIAN_POINT('',(-0.0822784225391704,0.0715512911889522,0.0876875474876934));
#8566=CARTESIAN_POINT('',(-0.0823976803064784,0.0718565249944077,0.0936824280768076));
#8567=CARTESIAN_POINT('',(-0.0823543067325293,0.0717518119239331,0.0876834986801616));
#8568=CARTESIAN_POINT('',(-0.0820719869813936,0.0697928318801912,0.0877197344845199));
#8569=CARTESIAN_POINT('',(-0.0844483531101984,0.0590209896432937,0.0938916492938476));
#8570=CARTESIAN_POINT('',(-0.0818348536470982,0.0694471835902535,0.0937285531970893));
#8571=CARTESIAN_POINT('',(-0.081498120066634,0.0693570099692024,0.0937325618616358));
#8572=CARTESIAN_POINT('',(-0.0813716409151353,0.0696717891801003,0.0907274463730387));
#8573=CARTESIAN_POINT('',(-0.0817203352822867,0.0697651657708247,0.0907232953206095));
#8574=CARTESIAN_POINT('',(-0.083886512147333,0.0701304685974581,0.0937017923165759));
#8575=CARTESIAN_POINT('',(-0.083843138573384,0.0700257555269835,0.0877028629199299));
#8576=CARTESIAN_POINT('',(-0.0838836877330854,0.0701863384758567,0.0937008375126109));
#8577=CARTESIAN_POINT('',(-0.0838403141591363,0.0700816254053821,0.0877019081159649));
#8578=CARTESIAN_POINT('',(-0.083878891728182,0.0702793357145405,0.0936992488947251));
#8579=CARTESIAN_POINT('',(-0.083835518154233,0.0701746226440659,0.0877003194980791));
#8580=CARTESIAN_POINT('',(-0.0838776676599758,0.0702954068424586,0.0936989772187593));
#8581=CARTESIAN_POINT('',(-0.0838342940860268,0.070190693771984,0.0877000478221133));
#8582=CARTESIAN_POINT('',(-0.0838703077475202,0.0703535202663877,0.0936980160456955));
#8583=CARTESIAN_POINT('',(-0.0838269341735712,0.0702488071959131,0.0876990866490495));
#8584=CARTESIAN_POINT('',(-0.0838551914673056,0.0704306434124172,0.0936967791326002));
#8585=CARTESIAN_POINT('',(-0.0838118178933565,0.0703259303419426,0.0876978497359542));
#8586=CARTESIAN_POINT('',(-0.0838261998241354,0.0705508805085682,0.0936948899747865));
#8587=CARTESIAN_POINT('',(-0.0837828262501863,0.0704461674380936,0.0876959605781406));
#8588=CARTESIAN_POINT('',(-0.0837742188738198,0.0707203449409565,0.0936923077571215));
#8589=CARTESIAN_POINT('',(-0.0837308452998708,0.0706156318704819,0.0876933783604755));
#8590=CARTESIAN_POINT('',(-0.0836874690525988,0.0709449623976398,0.0936890142138107));
#8591=CARTESIAN_POINT('',(-0.0836440954786497,0.0708402493271652,0.0876900848171647));
#8592=CARTESIAN_POINT('',(-0.0835770571683186,0.0711840288247215,0.0936856395413884));
#8593=CARTESIAN_POINT('',(-0.0835336835943696,0.0710793157542468,0.0876867101447424));
#8594=CARTESIAN_POINT('',(-0.0833993008226856,0.0715163341644564,0.093681124271635));
#8595=CARTESIAN_POINT('',(-0.0833559272487365,0.0714116210939818,0.0876821948749891));
#8596=CARTESIAN_POINT('',(-0.0832319237735486,0.0717756948915013,0.0936778072268828));
#8597=CARTESIAN_POINT('',(-0.0831885501995996,0.0716709818210267,0.0876788778302368));
#8598=CARTESIAN_POINT('',(-0.083106717658405,0.0719497702966956,0.0936756739573227));
#8599=CARTESIAN_POINT('',(-0.083063344084456,0.071845057226221,0.0876767445606767));
#8600=CARTESIAN_POINT('',(-0.0838865121473422,0.0701304685972761,0.093701792316579));
#8601=CARTESIAN_POINT('',(-0.0850101940730632,0.0701303268257101,0.093693670324713));
#8602=CARTESIAN_POINT('',(-0.0849668204991141,0.0700256137552354,0.0876947409280661));
#8603=CARTESIAN_POINT('',(-0.0850130184873108,0.0701861959914121,0.0936926746909206));
#8604=CARTESIAN_POINT('',(-0.0849696449133618,0.0700814829209375,0.0876937452942737));
#8605=CARTESIAN_POINT('',(-0.0850178144922143,0.0702791920198993,0.0936910167418266));
#8606=CARTESIAN_POINT('',(-0.0849744409182652,0.0701744789494246,0.0876920873451797));
#8607=CARTESIAN_POINT('',(-0.0850190385604203,0.0702952628389432,0.0936907273706895));
#8608=CARTESIAN_POINT('',(-0.0849756649864713,0.0701905497684685,0.0876917979740427));
#8609=CARTESIAN_POINT('',(-0.0850263984728761,0.0703533744057138,0.0936896598024837));
#8610=CARTESIAN_POINT('',(-0.084983024898927,0.0702486613352392,0.0876907304058368));
#8611=CARTESIAN_POINT('',(-0.0850415147530906,0.0704304937373873,0.093688204367933));
#8612=CARTESIAN_POINT('',(-0.0849981411791416,0.0703257806669126,0.0876892749712861));
#8613=CARTESIAN_POINT('',(-0.085070506396261,0.0705507235179521,0.0936858961059502));
#8614=CARTESIAN_POINT('',(-0.0850271328223119,0.0704460104474775,0.0876869667093033));
#8615=CARTESIAN_POINT('',(-0.0851224873465765,0.0707201748337637,0.0936825624499184));
#8616=CARTESIAN_POINT('',(-0.0850791137726275,0.070615461763289,0.0876836330532715));
#8617=CARTESIAN_POINT('',(-0.0852092371677974,0.0709447704004912,0.0936780148482733));
#8618=CARTESIAN_POINT('',(-0.0851658635938484,0.0708400573300165,0.0876790854516264));
#8619=CARTESIAN_POINT('',(-0.0853196490520777,0.071183808966867,0.0936730440579368));
#8620=CARTESIAN_POINT('',(-0.0852762754781286,0.0710790958963923,0.08767411466129));
#8621=CARTESIAN_POINT('',(-0.0854974053977104,0.0715160694525783,0.0936659591364702));
#8622=CARTESIAN_POINT('',(-0.0854540318237614,0.0714113563821036,0.0876670297398233));
#8623=CARTESIAN_POINT('',(-0.0856647824468483,0.071775387944652,0.093660222483464));
#8624=CARTESIAN_POINT('',(-0.0856214088728993,0.0716706748741774,0.0876612930868171));
#8625=CARTESIAN_POINT('',(-0.0857899885619912,0.0719494317560486,0.0936562792300908));
#8626=CARTESIAN_POINT('',(-0.0857466149880421,0.0718447186855739,0.0876573498334439));
#8627=CARTESIAN_POINT('',(-0.084966820499105,0.0700256137550535,0.0876947409280693));
#8628=CARTESIAN_POINT('',(-0.0844483531101981,0.0590209896432937,0.0938916492938476));
#8629=CARTESIAN_POINT('',(-0.0846226592376975,0.0697679172348413,0.0937027982520894));
#8630=CARTESIAN_POINT('',(-0.0842740469826987,0.0697679612182565,0.0937053180273333));
#8631=CARTESIAN_POINT('',(-0.0842461688369461,0.070097337429614,0.09069923483694));
#8632=CARTESIAN_POINT('',(-0.0846071638095011,0.0700972918839065,0.0906966255592053));
#8633=CARTESIAN_POINT('',(-0.0867813456650918,0.0698969562567931,0.0936849380622944));
#8634=CARTESIAN_POINT('',(-0.0867379720911427,0.0697922431863185,0.087686008665648));
#8635=CARTESIAN_POINT('',(-0.0867930794116229,0.0699516515105877,0.0936838985030538));
#8636=CARTESIAN_POINT('',(-0.0867497058376738,0.0698469384401131,0.0876849691064074));
#8637=CARTESIAN_POINT('',(-0.0868125191640475,0.0700427180488464,0.0936821683562739));
#8638=CARTESIAN_POINT('',(-0.0867691455900984,0.0699380049783717,0.0876832389596276));
#8639=CARTESIAN_POINT('',(-0.0868154968038857,0.0700585578136927,0.0936818703395486));
#8640=CARTESIAN_POINT('',(-0.0867721232299367,0.0699538447432181,0.0876829409429023));
#8641=CARTESIAN_POINT('',(-0.0868234301930318,0.0701165938179978,0.0936807999439455));
#8642=CARTESIAN_POINT('',(-0.0867800566190827,0.0700118807475232,0.0876818705472991));
#8643=CARTESIAN_POINT('',(-0.0868287919519599,0.0701949984254164,0.0936793926018563));
#8644=CARTESIAN_POINT('',(-0.0867854183780109,0.0700902853549417,0.0876804632052099));
#8645=CARTESIAN_POINT('',(-0.0868319108059295,0.0703186372577881,0.0936772118998101));
#8646=CARTESIAN_POINT('',(-0.0867885372319804,0.0702139241873135,0.0876782825031637));
#8647=CARTESIAN_POINT('',(-0.0868255655236566,0.0704957737577156,0.0936741658080789));
#8648=CARTESIAN_POINT('',(-0.0867821919497075,0.070391060687241,0.0876752364114325));
#8649=CARTESIAN_POINT('',(-0.0867999114100527,0.070735179897596,0.0936701723886169));
#8650=CARTESIAN_POINT('',(-0.0867565378361036,0.0706304668271213,0.0876712429919705));
#8651=CARTESIAN_POINT('',(-0.0867551408665308,0.070994665619159,0.0936659666901496));
#8652=CARTESIAN_POINT('',(-0.0867117672925817,0.0708899525486844,0.0876670372935033));
#8653=CARTESIAN_POINT('',(-0.0866694534209303,0.071361637999501,0.093660180618724));
#8654=CARTESIAN_POINT('',(-0.0866260798469812,0.0712569249290264,0.0876612512220776));
#8655=CARTESIAN_POINT('',(-0.0865749101072768,0.0716554676561476,0.0936557353048391));
#8656=CARTESIAN_POINT('',(-0.0865315365333277,0.0715507545856729,0.0876568059081927));
#8657=CARTESIAN_POINT('',(-0.0864990259139178,0.0718560075393145,0.0936527834817599));
#8658=CARTESIAN_POINT('',(-0.0864556523399687,0.0717512944688398,0.0876538540851135));
#8659=CARTESIAN_POINT('',(-0.0867813456650536,0.0698969562566149,0.0936849380622978));
#8660=CARTESIAN_POINT('',(-0.0878667390576888,0.0696060257306423,0.0936821687078328));
#8661=CARTESIAN_POINT('',(-0.0878233654837398,0.0695013126601677,0.087683239311186));
#8662=CARTESIAN_POINT('',(-0.0878839291535518,0.0696592584561105,0.0936811152268515));
#8663=CARTESIAN_POINT('',(-0.0878405555796027,0.0695545453856359,0.0876821858302047));
#8664=CARTESIAN_POINT('',(-0.0879126340759748,0.0697478415438517,0.0936793614402191));
#8665=CARTESIAN_POINT('',(-0.0878692605020258,0.069643128473377,0.0876804320435723));
#8666=CARTESIAN_POINT('',(-0.0879179764339998,0.0697630474659726,0.0936790573899734));
#8667=CARTESIAN_POINT('',(-0.0878746028600507,0.0696583343954979,0.0876801279933267));
#8668=CARTESIAN_POINT('',(-0.0879401280821864,0.0698172723861013,0.0936779507168333));
#8669=CARTESIAN_POINT('',(-0.0878967545082373,0.0697125593156266,0.0876790213201866));
#8670=CARTESIAN_POINT('',(-0.0879746922520277,0.0698878495340661,0.0936764688655132));
#8671=CARTESIAN_POINT('',(-0.0879313186780786,0.0697831364635915,0.0876775394688664));
#8672=CARTESIAN_POINT('',(-0.0880338186597669,0.0699964760149737,0.0936741452615753));
#8673=CARTESIAN_POINT('',(-0.0879904450858178,0.069891762944499,0.0876752158649285));
#8674=CARTESIAN_POINT('',(-0.0881278928622637,0.0701466959206608,0.0936708429520065));
#8675=CARTESIAN_POINT('',(-0.0880845192883146,0.0700419828501861,0.0876719135553598));
#8676=CARTESIAN_POINT('',(-0.0882698265341462,0.0703411815709374,0.0936664219364445));
#8677=CARTESIAN_POINT('',(-0.0882264529601972,0.0702364685004628,0.0876674925397977));
#8678=CARTESIAN_POINT('',(-0.0884383553717353,0.0705434941960015,0.093661672009869));
#8679=CARTESIAN_POINT('',(-0.0883949817977863,0.0704387811255268,0.0876627426132222));
#8680=CARTESIAN_POINT('',(-0.0886960668162021,0.0708184214059489,0.093655009764648));
#8681=CARTESIAN_POINT('',(-0.088652693242253,0.0707137083354743,0.0876560803680012));
#8682=CARTESIAN_POINT('',(-0.0889248711315285,0.0710255804632809,0.0936497394372658));
#8683=CARTESIAN_POINT('',(-0.0888814975575794,0.0709208673928063,0.087650810040619));
#8684=CARTESIAN_POINT('',(-0.0890908665786217,0.071161286552966,0.0936461704642516));
#8685=CARTESIAN_POINT('',(-0.0890474930046727,0.0710565734824914,0.0876472410676048));
#8686=CARTESIAN_POINT('',(-0.0878233654836838,0.0695013126599943,0.0876832393111893));
#8687=CARTESIAN_POINT('',(-0.0844483531101978,0.0590209896432937,0.0938916492938476));
#8688=CARTESIAN_POINT('',(-0.0873985861537622,0.0693562655242027,0.0936899131934942));
#8689=CARTESIAN_POINT('',(-0.087061852573298,0.0694465241146873,0.0936907723609166));
#8690=CARTESIAN_POINT('',(-0.0871329973641605,0.069764482870667,0.0906841725080243));
#8691=CARTESIAN_POINT('',(-0.0874816917313118,0.0696710182923923,0.0906832828229497));
#8692=CARTESIAN_POINT('',(-0.0895171895956871,0.0689222647648028,0.0936821708368367));
#8693=CARTESIAN_POINT('',(-0.089473816021738,0.0688175516943282,0.0876832414401897));
#8694=CARTESIAN_POINT('',(-0.0895426818675617,0.0689720580028355,0.0936811173665649));
#8695=CARTESIAN_POINT('',(-0.0894993082936127,0.0688673449323608,0.0876821879699178));
#8696=CARTESIAN_POINT('',(-0.0895850325903123,0.0690549878065813,0.0936793635975348));
#8697=CARTESIAN_POINT('',(-0.0895416590163633,0.0689502747361066,0.0876804342008878));
#8698=CARTESIAN_POINT('',(-0.0895920090169607,0.0690695167545582,0.0936790595493973));
#8699=CARTESIAN_POINT('',(-0.0895486354430117,0.0689648036840836,0.0876801301527503));
#8700=CARTESIAN_POINT('',(-0.0896146950603487,0.0691235202814547,0.0936779528769463));
#8701=CARTESIAN_POINT('',(-0.0895713214863997,0.06901880721098,0.0876790234802993));
#8702=CARTESIAN_POINT('',(-0.0896401694634093,0.0691978632058365,0.0936764710139009));
#8703=CARTESIAN_POINT('',(-0.0895967958894603,0.0690931501353618,0.0876775416172539));
#8704=CARTESIAN_POINT('',(-0.089675186269775,0.0693164779923259,0.0936741473788628));
#8705=CARTESIAN_POINT('',(-0.0896318126958259,0.0692117649218513,0.0876752179822158));
#8706=CARTESIAN_POINT('',(-0.0897149090760455,0.0694892150000542,0.0936708449991831));
#8707=CARTESIAN_POINT('',(-0.0896715355020965,0.0693845019295796,0.0876719156025361));
#8708=CARTESIAN_POINT('',(-0.0897520989555053,0.0697270946903363,0.0936664238485067));
#8709=CARTESIAN_POINT('',(-0.0897087253815562,0.0696223816198617,0.0876674944518597));
#8710=CARTESIAN_POINT('',(-0.0897760207912958,0.0699893161832764,0.0936616737353949));
#8711=CARTESIAN_POINT('',(-0.0897326472173468,0.0698846031128018,0.0876627443387479));
#8712=CARTESIAN_POINT('',(-0.0897882417035404,0.0703659470429559,0.0936550111735024));
#8713=CARTESIAN_POINT('',(-0.0897448681295913,0.0702612339724812,0.0876560817768554));
#8714=CARTESIAN_POINT('',(-0.0897729750959561,0.0706742216236802,0.0936497405312808));
#8715=CARTESIAN_POINT('',(-0.0897296015220071,0.0705695085532056,0.0876508111346338));
#8716=CARTESIAN_POINT('',(-0.0897515842067542,0.0708875595231896,0.0936461713165464));
#8717=CARTESIAN_POINT('',(-0.0897082106328051,0.070782846452715,0.0876472419198994));
#8718=CARTESIAN_POINT('',(-0.089517189595604,0.0689222647646406,0.0936821708368402));
#8719=CARTESIAN_POINT('',(-0.0904903266891428,0.068360371918821,0.0936849428467064));
#8720=CARTESIAN_POINT('',(-0.0904469531151937,0.0682556588483463,0.0876860134500595));
#8721=CARTESIAN_POINT('',(-0.090520710989996,0.068407340481786,0.0936839033115241));
#8722=CARTESIAN_POINT('',(-0.0904773374160469,0.0683026274113113,0.0876849739148772));
#8723=CARTESIAN_POINT('',(-0.0905713686369126,0.068485473837742,0.093682173205014));
#8724=CARTESIAN_POINT('',(-0.0905279950629636,0.0683807607672674,0.0876832438083671));
#8725=CARTESIAN_POINT('',(-0.0905804652118859,0.0684987786044765,0.0936818751961818));
#8726=CARTESIAN_POINT('',(-0.0905370916379368,0.0683940655340018,0.0876829457995349));
#8727=CARTESIAN_POINT('',(-0.0906158989975865,0.0685454215392672,0.0936808048360528));
#8728=CARTESIAN_POINT('',(-0.0905725254236375,0.0684407084687926,0.0876818754394059));
#8729=CARTESIAN_POINT('',(-0.0906675555660002,0.068604646787524,0.0936793975536819));
#8730=CARTESIAN_POINT('',(-0.0906241819920511,0.0684999337170493,0.087680468157035));
#8731=CARTESIAN_POINT('',(-0.0907527873713316,0.0686942672536142,0.0936772169575575));
#8732=CARTESIAN_POINT('',(-0.0907094137973826,0.0685895541831395,0.0876782875609105));
#8733=CARTESIAN_POINT('',(-0.0908825438245746,0.0688150185108543,0.0936741710413913));
#8734=CARTESIAN_POINT('',(-0.0908391702506256,0.0687103054403797,0.0876752416447444));
#8735=CARTESIAN_POINT('',(-0.0910699888019365,0.0689661403690166,0.093670177896817));
#8736=CARTESIAN_POINT('',(-0.0910266152279875,0.0688614272985419,0.0876712485001701));
#8737=CARTESIAN_POINT('',(-0.0912851496310599,0.0691179397817082,0.0936659725336491));
#8738=CARTESIAN_POINT('',(-0.0912417760571108,0.0690132267112335,0.0876670431370022));
#8739=CARTESIAN_POINT('',(-0.0916052535653082,0.0693167978808724,0.0936601869856751));
#8740=CARTESIAN_POINT('',(-0.0915618799913591,0.0692120848103978,0.0876612575890282));
#8741=CARTESIAN_POINT('',(-0.091879892510851,0.0694576799560518,0.0936557421480188));
#8742=CARTESIAN_POINT('',(-0.091836518936902,0.0693529668855771,0.0876568127513719));
#8743=CARTESIAN_POINT('',(-0.0920753649744954,0.0695458001782785,0.0936527906749764));
#8744=CARTESIAN_POINT('',(-0.0920319914005463,0.0694410871078038,0.0876538612783295));
#8745=CARTESIAN_POINT('',(-0.0904469531150948,0.0682556588481934,0.0876860134500629));
#8746=CARTESIAN_POINT('',(-0.0844483531101976,0.0590209896432938,0.0938916492938476));
#8747=CARTESIAN_POINT('',(-0.0899734595633986,0.0682402818421312,0.0936907761167535));
#8748=CARTESIAN_POINT('',(-0.0896715524944991,0.068414604065903,0.0936899161255145));
#8749=CARTESIAN_POINT('',(-0.0898353939033585,0.0686959089913835,0.0906832858591154));
#8750=CARTESIAN_POINT('',(-0.0901480247202296,0.0685153948370935,0.0906841763972686));
#8751=CARTESIAN_POINT('',(-0.0937896764011889,0.0650610222593011,0.0937186789404854));
#8752=CARTESIAN_POINT('',(-0.0937463028272398,0.0649563091888265,0.0877197495438386));
#8753=CARTESIAN_POINT('',(-0.0938366547255238,0.0650913967990485,0.0937178090804153));
#8754=CARTESIAN_POINT('',(-0.0937932811515747,0.0649866837285739,0.0877188796837685));
#8755=CARTESIAN_POINT('',(-0.0939148043339685,0.0651420381939141,0.0937163600812363));
#8756=CARTESIAN_POINT('',(-0.0938714307600195,0.0650373251234395,0.0877174306845895));
#8757=CARTESIAN_POINT('',(-0.093928111927585,0.0651511319420725,0.0937161051303798));
#8758=CARTESIAN_POINT('',(-0.093884738353636,0.0650464188715978,0.087717175733733));
#8759=CARTESIAN_POINT('',(-0.0939747652198112,0.0651865553705162,0.0937151494905314));
#8760=CARTESIAN_POINT('',(-0.0939313916458622,0.0650818423000415,0.0877162200938846));
#8761=CARTESIAN_POINT('',(-0.0940340044604195,0.0652381979466991,0.0937138197415419));
#8762=CARTESIAN_POINT('',(-0.0939906308864704,0.0651334848762244,0.0877148903448952));
#8763=CARTESIAN_POINT('',(-0.0941236469913337,0.0653234076872768,0.0937116842454115));
#8764=CARTESIAN_POINT('',(-0.0940802734173847,0.0652186946168021,0.0877127548487647));
#8765=CARTESIAN_POINT('',(-0.0942444298603293,0.0654531325286213,0.0937085465736853));
#8766=CARTESIAN_POINT('',(-0.0942010562863802,0.0653484194581466,0.0877096171770386));
#8767=CARTESIAN_POINT('',(-0.0943955944423018,0.0656405347815954,0.0937041824593966));
#8768=CARTESIAN_POINT('',(-0.0943522208683527,0.0655358217111208,0.0877052530627499));
#8769=CARTESIAN_POINT('',(-0.0945474401615815,0.0658556493031225,0.0936993296945678));
#8770=CARTESIAN_POINT('',(-0.0945040665876325,0.0657509362326479,0.087700400297921));
#8771=CARTESIAN_POINT('',(-0.094746363748137,0.0661756877480507,0.0936923050686146));
#8772=CARTESIAN_POINT('',(-0.094702990174188,0.0660709746775761,0.0876933756719678));
#8773=CARTESIAN_POINT('',(-0.0948872982572784,0.0664502742575025,0.0936864930932501));
#8774=CARTESIAN_POINT('',(-0.0948439246833293,0.0663455611870278,0.0876875636966033));
#8775=CARTESIAN_POINT('',(-0.0949754542655055,0.0666457109334383,0.0936824443015476));
#8776=CARTESIAN_POINT('',(-0.0949320806915565,0.0665409978629636,0.0876835149049008));
#8777=CARTESIAN_POINT('',(-0.0937896764010358,0.0650610222592022,0.0937186789404882));
#8778=CARTESIAN_POINT('',(-0.0943515173640539,0.0640879370733991,0.0937316021942816));
#8779=CARTESIAN_POINT('',(-0.0943081437901048,0.0639832240029244,0.0877326727976346));
#8780=CARTESIAN_POINT('',(-0.0944013201026365,0.0641134198451109,0.0937307973003221));
#8781=CARTESIAN_POINT('',(-0.0943579465286874,0.0640087067746363,0.0877318679036751));
#8782=CARTESIAN_POINT('',(-0.0944842657159847,0.0641557547589055,0.0937294586170379));
#8783=CARTESIAN_POINT('',(-0.0944408921420356,0.0640510416884309,0.0877305292203909));
#8784=CARTESIAN_POINT('',(-0.0944987973778071,0.0641627284718286,0.0937292318217365));
#8785=CARTESIAN_POINT('',(-0.0944554238038581,0.0640580154013539,0.0877303024250894));
#8786=CARTESIAN_POINT('',(-0.0945528105824892,0.0641854048379298,0.0937284454718167));
#8787=CARTESIAN_POINT('',(-0.0945094370085402,0.0640806917674551,0.0877295160751696));
#8788=CARTESIAN_POINT('',(-0.0946271661033119,0.0642108666453276,0.0937274634218002));
#8789=CARTESIAN_POINT('',(-0.0945837925293629,0.064106153574853,0.0877285340251531));
#8790=CARTESIAN_POINT('',(-0.0947458002773964,0.0642458640654292,0.0937259947805048));
#8791=CARTESIAN_POINT('',(-0.0947024267034474,0.0641411509949546,0.0877270653838577));
#8792=CARTESIAN_POINT('',(-0.0949185640967077,0.0642855600622352,0.093724052754981));
#8793=CARTESIAN_POINT('',(-0.0948751905227586,0.0641808469917605,0.087725123358334));
#8794=CARTESIAN_POINT('',(-0.0951564784999011,0.064322715231979,0.0937216840273417));
#8795=CARTESIAN_POINT('',(-0.095113104925952,0.0642180021615044,0.0877227546306946));
#8796=CARTESIAN_POINT('',(-0.0954187361034611,0.064346600960944,0.093719370915007));
#8797=CARTESIAN_POINT('',(-0.0953753625295121,0.0642418878904693,0.08772044151836));
#8798=CARTESIAN_POINT('',(-0.0957954160356492,0.0643587728064823,0.0937164349734332));
#8799=CARTESIAN_POINT('',(-0.0957520424617001,0.0642540597360076,0.0877175055767861));
#8800=CARTESIAN_POINT('',(-0.0961037275939287,0.0643434692264937,0.0937144729417865));
#8801=CARTESIAN_POINT('',(-0.0960603540199796,0.064238756156019,0.0877155435451394));
#8802=CARTESIAN_POINT('',(-0.0963170897172986,0.064322054117169,0.0937133040938938));
#8803=CARTESIAN_POINT('',(-0.0962737161433495,0.0642173410466944,0.0877143746972467));
#8804=CARTESIAN_POINT('',(-0.0943081437899427,0.0639832240028414,0.0877326727976373));
#8805=CARTESIAN_POINT('',(-0.0844483531101971,0.0590209896432942,0.0938916492938476));
#8806=CARTESIAN_POINT('',(-0.0938438120768686,0.0642423445499564,0.093732577787001));
#8807=CARTESIAN_POINT('',(-0.0936695059493693,0.0645442355150022,0.0937285684632372));
#8808=CARTESIAN_POINT('',(-0.0939753547825938,0.064688064835661,0.0907233111290114));
#8809=CARTESIAN_POINT('',(-0.0941558522688713,0.064375450694653,0.0907274628640733));
#8810=CARTESIAN_POINT('',(-0.0919076006964445,0.0672728177359125,0.0936936792220449));
#8811=CARTESIAN_POINT('',(-0.0918642271224955,0.0671681046654379,0.0876947498253979));
#8812=CARTESIAN_POINT('',(-0.0919451142374625,0.0673143156312986,0.0936926836329998));
#8813=CARTESIAN_POINT('',(-0.0919017406635134,0.067209602560824,0.0876937542363529));
#8814=CARTESIAN_POINT('',(-0.0920074897987716,0.0673834571714542,0.0936910257581807));
#8815=CARTESIAN_POINT('',(-0.0919641162248225,0.0672787441009796,0.0876920963615337));
#8816=CARTESIAN_POINT('',(-0.0920179895802832,0.0673956851787672,0.0936907363990091));
#8817=CARTESIAN_POINT('',(-0.0919746160063341,0.0672909721082926,0.0876918070023621));
#8818=CARTESIAN_POINT('',(-0.0920538822615466,0.0674419759771424,0.0936896688676089));
#8819=CARTESIAN_POINT('',(-0.0920105086875975,0.0673372629066677,0.087690739470962));
#8820=CARTESIAN_POINT('',(-0.0920977332702697,0.0675071908710481,0.0936882134701249));
#8821=CARTESIAN_POINT('',(-0.0920543596963206,0.0674024778005735,0.087689284073478));
#8822=CARTESIAN_POINT('',(-0.0921622616915455,0.0676126982099762,0.0936859052539827));
#8823=CARTESIAN_POINT('',(-0.0921188881175964,0.0675079851395015,0.0876869758573358));
#8824=CARTESIAN_POINT('',(-0.0922453455427572,0.0677692639838901,0.0936825716380723));
#8825=CARTESIAN_POINT('',(-0.0922019719688082,0.0676645509134155,0.0876836422414254));
#8826=CARTESIAN_POINT('',(-0.0923428449864547,0.067989406116796,0.0936780240502938));
#8827=CARTESIAN_POINT('',(-0.0922994714125057,0.0678846930463213,0.0876790946536468));
#8828=CARTESIAN_POINT('',(-0.0924338289679813,0.0682364934197108,0.0936730532348961));
#8829=CARTESIAN_POINT('',(-0.0923904553940322,0.0681317803492361,0.0876741238382491));
#8830=CARTESIAN_POINT('',(-0.0925431254030973,0.0685971159880525,0.0936659682251195));
#8831=CARTESIAN_POINT('',(-0.0924997518291483,0.0684924029175779,0.0876670388284725));
#8832=CARTESIAN_POINT('',(-0.0926081758956596,0.0688988270896259,0.0936602314401172));
#8833=CARTESIAN_POINT('',(-0.0925648023217105,0.0687941140191513,0.0876613020434702));
#8834=CARTESIAN_POINT('',(-0.092642736064364,0.0691104243801838,0.0936562880698145));
#8835=CARTESIAN_POINT('',(-0.0925993624904149,0.0690057113097092,0.0876573586731676));
#8836=CARTESIAN_POINT('',(-0.0919076006963224,0.0672728177357774,0.0936936792220481));
#8837=CARTESIAN_POINT('',(-0.0927021638060251,0.0664782546389815,0.0937018036883542));
#8838=CARTESIAN_POINT('',(-0.092658790232076,0.0663735415685068,0.0877028742917071));
#8839=CARTESIAN_POINT('',(-0.0927436716719778,0.0665157582094964,0.0937008489415757));
#8840=CARTESIAN_POINT('',(-0.0927002980980288,0.0664110451390218,0.0877019195449286));
#8841=CARTESIAN_POINT('',(-0.0928128298084665,0.0665781171745805,0.0936992604190874));
#8842=CARTESIAN_POINT('',(-0.0927694562345175,0.0664734041041058,0.0877003310224402));
#8843=CARTESIAN_POINT('',(-0.0928250606838364,0.0665886140880626,0.0936989887604778));
#8844=CARTESIAN_POINT('',(-0.0927816871098873,0.066483901017588,0.0877000593638306));
#8845=CARTESIAN_POINT('',(-0.0928713618531127,0.0666244963985907,0.0936980276566343));
#8846=CARTESIAN_POINT('',(-0.0928279882791636,0.066519783328116,0.0876990982599871));
#8847=CARTESIAN_POINT('',(-0.0929365905103277,0.0666683336443449,0.0936967908471802));
#8848=CARTESIAN_POINT('',(-0.0928932169363786,0.0665636205738702,0.0876978614505331));
#8849=CARTESIAN_POINT('',(-0.0930421193065705,0.0667328406089585,0.0936949018628916));
#8850=CARTESIAN_POINT('',(-0.0929987457326214,0.0666281275384839,0.0876959724662444));
#8851=CARTESIAN_POINT('',(-0.0931987153227036,0.0668158942191216,0.093692319914281));
#8852=CARTESIAN_POINT('',(-0.0931553417487546,0.0667111811486469,0.0876933905176339));
#8853=CARTESIAN_POINT('',(-0.0934188975401052,0.0669133535802764,0.0936890267668984));
#8854=CARTESIAN_POINT('',(-0.0933755239661561,0.0668086405098018,0.0876900973702513));
#8855=CARTESIAN_POINT('',(-0.093666027505828,0.067004294901481,0.0936856525556881));
#8856=CARTESIAN_POINT('',(-0.0936226539318789,0.0668995818310063,0.0876867231590409));
#8857=CARTESIAN_POINT('',(-0.0940267093757359,0.0671135320390328,0.093681137980495));
#8858=CARTESIAN_POINT('',(-0.0939833358017869,0.0670088189685581,0.0876822085838478));
#8859=CARTESIAN_POINT('',(-0.094328466761218,0.0671785362514542,0.0936778215409048));
#8860=CARTESIAN_POINT('',(-0.0942850931872689,0.0670738231809796,0.0876788921442576));
#8861=CARTESIAN_POINT('',(-0.0945400951160504,0.0672130653587037,0.0936756887058448));
#8862=CARTESIAN_POINT('',(-0.0944967215421013,0.067108352288229,0.0876767593091977));
#8863=CARTESIAN_POINT('',(-0.0926587902319409,0.0663735415683847,0.0877028742917104));
#8864=CARTESIAN_POINT('',(-0.0844483531101974,0.059020989643294,0.0938916492938476));
#8865=CARTESIAN_POINT('',(-0.0921718060989196,0.0664960186323098,0.0937053282150731));
#8866=CARTESIAN_POINT('',(-0.0919253000094052,0.0667425247178997,0.0937028076721544));
#8867=CARTESIAN_POINT('',(-0.0921691945963153,0.0669644373357347,0.0906966353138714));
#8868=CARTESIAN_POINT('',(-0.0924244565893832,0.0667091753467306,0.0906992453865487));
#8869=CARTESIAN_POINT('',(-0.0950351563609187,0.0624376085415346,0.0937554663026604));
#8870=CARTESIAN_POINT('',(-0.0949917827869697,0.06233289547106,0.0877565369060136));
#8871=CARTESIAN_POINT('',(-0.0950883979734026,0.0624547897509559,0.0937547814510915));
#8872=CARTESIAN_POINT('',(-0.0950450243994535,0.0623500766804812,0.0877558520544446));
#8873=CARTESIAN_POINT('',(-0.0951769958623159,0.0624834798731604,0.0937536400744521));
#8874=CARTESIAN_POINT('',(-0.0951336222883668,0.0623787668026857,0.0877547106778052));
#8875=CARTESIAN_POINT('',(-0.095192204377524,0.0624888196382553,0.0937534369063905));
#8876=CARTESIAN_POINT('',(-0.095148830803575,0.0623841065677806,0.0877545075097436));
#8877=CARTESIAN_POINT('',(-0.0952464389359462,0.0625109616486589,0.09375265828337));
#8878=CARTESIAN_POINT('',(-0.0952030653619972,0.0624062485781842,0.0877537288867232));
#8879=CARTESIAN_POINT('',(-0.0953170293520895,0.0625455125508956,0.0937515448030714));
#8880=CARTESIAN_POINT('',(-0.0952736557781405,0.0624407994804209,0.0877526154064246));
#8881=CARTESIAN_POINT('',(-0.0954256770023018,0.0626046177901183,0.0937497275574848));
#8882=CARTESIAN_POINT('',(-0.0953823034283527,0.0624999047196437,0.087750798160838));
#8883=CARTESIAN_POINT('',(-0.0955759277361621,0.0626986611653362,0.093746999657086));
#8884=CARTESIAN_POINT('',(-0.095532554162213,0.0625939480948615,0.0877480702604391));
#8885=CARTESIAN_POINT('',(-0.0957704558399598,0.0628405523845352,0.0937431164234638));
#8886=CARTESIAN_POINT('',(-0.0957270822660107,0.0627358393140606,0.0877441870268169));
#8887=CARTESIAN_POINT('',(-0.0959728152621606,0.0630090344255261,0.0937387124171072));
#8888=CARTESIAN_POINT('',(-0.0959294416882116,0.0629043213550514,0.0877397830204604));
#8889=CARTESIAN_POINT('',(-0.0962478096864681,0.0632666786559078,0.0937322268916277));
#8890=CARTESIAN_POINT('',(-0.096204436112519,0.0631619655854331,0.0877332974949809));
#8891=CARTESIAN_POINT('',(-0.0964550237582972,0.0634954279563935,0.0937267358024162));
#8892=CARTESIAN_POINT('',(-0.0964116501843481,0.0633907148859189,0.0877278064057694));
#8893=CARTESIAN_POINT('',(-0.09659076791977,0.0636613853312172,0.0937228575077784));
#8894=CARTESIAN_POINT('',(-0.0965473943458209,0.0635566722607425,0.0877239281111316));
#8895=CARTESIAN_POINT('',(-0.0950351563607454,0.0624376085414787,0.0937554663026627));
#8896=CARTESIAN_POINT('',(-0.0953259866439352,0.0613523154139816,0.0937723076455542));
#8897=CARTESIAN_POINT('',(-0.0952826130699861,0.0612476023435069,0.087773378248907));
#8898=CARTESIAN_POINT('',(-0.0953806902808161,0.0613640407781105,0.0937717074566068));
#8899=CARTESIAN_POINT('',(-0.0953373167068671,0.0612593277076358,0.0877727780599596));
#8900=CARTESIAN_POINT('',(-0.0954717707645482,0.0613834665862022,0.0937707098415805));
#8901=CARTESIAN_POINT('',(-0.0954283971905991,0.0612787535157276,0.0877717804449332));
#8902=CARTESIAN_POINT('',(-0.0954876129040848,0.0613864418515551,0.0937705433653119));
#8903=CARTESIAN_POINT('',(-0.0954442393301358,0.0612817287810805,0.0877716139686647));
#8904=CARTESIAN_POINT('',(-0.0955456572335348,0.0613943669163539,0.0937699853577637));
#8905=CARTESIAN_POINT('',(-0.0955022836595858,0.0612896538458793,0.0877710559611165));
#8906=CARTESIAN_POINT('',(-0.0956240724120992,0.0613997181052992,0.0937693249922702));
#8907=CARTESIAN_POINT('',(-0.0955806988381502,0.0612950050348245,0.0877703955956229));
#8908=CARTESIAN_POINT('',(-0.0957477272411141,0.0614028209645447,0.0937683767794453));
#8909=CARTESIAN_POINT('',(-0.0957043536671651,0.0612981078940701,0.087769447382798));
#8910=CARTESIAN_POINT('',(-0.0959248852948228,0.0613964541314119,0.0937672070228384));
#8911=CARTESIAN_POINT('',(-0.0958815117208738,0.0612917410609372,0.0877682776261911));
#8912=CARTESIAN_POINT('',(-0.0961643184104028,0.0613707730463287,0.0937659241398165));
#8913=CARTESIAN_POINT('',(-0.0961209448364538,0.061266059975854,0.0877669947431692));
#8914=CARTESIAN_POINT('',(-0.0964238312295185,0.0613259754100982,0.0937648297611405));
#8915=CARTESIAN_POINT('',(-0.0963804576555694,0.0612212623396236,0.0877659003644932));
#8916=CARTESIAN_POINT('',(-0.0967908391091013,0.0612402524724641,0.0937636725327524));
#8917=CARTESIAN_POINT('',(-0.0967474655351522,0.0611355394019895,0.0877647431361052));
#8918=CARTESIAN_POINT('',(-0.09708469391699,0.0611456840137521,0.0937631986182634));
#8919=CARTESIAN_POINT('',(-0.097041320343041,0.0610409709432775,0.0877642692216161));
#8920=CARTESIAN_POINT('',(-0.0972852495327876,0.0610697840921631,0.0937630734125903));
#8921=CARTESIAN_POINT('',(-0.0972418759588386,0.0609650710216884,0.0877641440159431));
#8922=CARTESIAN_POINT('',(-0.095282613069808,0.0612476023434688,0.0877733782489092));
#8923=CARTESIAN_POINT('',(-0.084448353110197,0.0590209896432945,0.0938916492938476));
#8924=CARTESIAN_POINT('',(-0.0948755330529693,0.061632843759411,0.0937706678192425));
#8925=CARTESIAN_POINT('',(-0.0947853055620194,0.0619695462335432,0.0937654429434222));
#8926=CARTESIAN_POINT('',(-0.0951307876303201,0.0620219225151589,0.0907614953918178));
#8927=CARTESIAN_POINT('',(-0.0952242200044035,0.0616732603592374,0.0907669058553809));
#8928=CARTESIAN_POINT('',(-0.0955591631746317,0.0595813578920829,0.0938015343106319));
#8929=CARTESIAN_POINT('',(-0.0955157896006827,0.0594766448216082,0.0878026049139853));
#8930=CARTESIAN_POINT('',(-0.0956150397473596,0.0595841749001492,0.0938010811390669));
#8931=CARTESIAN_POINT('',(-0.0955716661734106,0.0594794618296746,0.0878021517424203));
#8932=CARTESIAN_POINT('',(-0.0957080481170268,0.0595889585652769,0.0938003251678988));
#8933=CARTESIAN_POINT('',(-0.0956646745430778,0.0594842454948023,0.0878013957712521));
#8934=CARTESIAN_POINT('',(-0.0957241211186486,0.0595901804511414,0.0938001876281995));
#8935=CARTESIAN_POINT('',(-0.0956807475446995,0.0594854673806668,0.0878012582315529));
#8936=CARTESIAN_POINT('',(-0.095782240947737,0.0595975321020876,0.0937996390838792));
#8937=CARTESIAN_POINT('',(-0.095738867373788,0.0594928190316129,0.0878007096872326));
#8938=CARTESIAN_POINT('',(-0.0958593719192115,0.0596126367434884,0.0937988177541137));
#8939=CARTESIAN_POINT('',(-0.0958159983452624,0.0595079236730138,0.087799888357467));
#8940=CARTESIAN_POINT('',(-0.0959796205309084,0.0596416095569794,0.0937974426013545));
#8941=CARTESIAN_POINT('',(-0.0959362469569594,0.0595368964865048,0.0877985132047079));
#8942=CARTESIAN_POINT('',(-0.0961490997904221,0.0596935625654634,0.0937953103741872));
#8943=CARTESIAN_POINT('',(-0.0961057262164731,0.0595888494949888,0.0877963809775406));
#8944=CARTESIAN_POINT('',(-0.0963737346472437,0.0597802730987855,0.0937921726571853));
#8945=CARTESIAN_POINT('',(-0.0963303610732946,0.0596755600283109,0.0877932432605387));
#8946=CARTESIAN_POINT('',(-0.0966128173121576,0.0598906408865761,0.0937885175350564));
#8947=CARTESIAN_POINT('',(-0.0965694437382085,0.0597859278161015,0.0877895881384098));
#8948=CARTESIAN_POINT('',(-0.0969451421586505,0.0600683328738879,0.093783013087894));
#8949=CARTESIAN_POINT('',(-0.0969017685847015,0.0599636198034132,0.0877840836912474));
#8950=CARTESIAN_POINT('',(-0.0972045144966088,0.0602356560786066,0.0937782170934912));
#8951=CARTESIAN_POINT('',(-0.0971611409226598,0.0601309430081319,0.0877792876968446));
#8952=CARTESIAN_POINT('',(-0.0973785960710515,0.0603608244314807,0.0937747735952882));
#8953=CARTESIAN_POINT('',(-0.0973352224971024,0.0602561113610061,0.0877758441986416));
#8954=CARTESIAN_POINT('',(-0.0955591631744497,0.0595813578920737,0.0938015343106334));
#8955=CARTESIAN_POINT('',(-0.0955591631746316,0.0584578177559898,0.0938211460329365));
#8956=CARTESIAN_POINT('',(-0.0955157896006825,0.0583531046855152,0.0878222166362891));
#8957=CARTESIAN_POINT('',(-0.0956150397473595,0.0584549866483475,0.0938207914508862));
#8958=CARTESIAN_POINT('',(-0.0955716661734105,0.0583502735778728,0.0878218620542388));
#8959=CARTESIAN_POINT('',(-0.0957080481170268,0.0584501795140176,0.093820202889933));
#8960=CARTESIAN_POINT('',(-0.0956646745430778,0.058345466443543,0.0878212734932856));
#8961=CARTESIAN_POINT('',(-0.0957241211186486,0.0584489535723833,0.09382010807778));
#8962=CARTESIAN_POINT('',(-0.0956807475446995,0.0583442405019087,0.0878211786811326));
#8963=CARTESIAN_POINT('',(-0.0957822409477371,0.0584415872558107,0.0938198164398956));
#8964=CARTESIAN_POINT('',(-0.095738867373788,0.0583368741853361,0.0878208870432482));
#8965=CARTESIAN_POINT('',(-0.0958593719192114,0.0584264631516198,0.0938195227617422));
#8966=CARTESIAN_POINT('',(-0.0958159983452623,0.0583217500811451,0.0878205933650948));
#8967=CARTESIAN_POINT('',(-0.0959796205309085,0.0583974599952793,0.093819159596525));
#8968=CARTESIAN_POINT('',(-0.0959362469569594,0.0582927469248046,0.0878202301998776));
#8969=CARTESIAN_POINT('',(-0.096149099790422,0.0583454642213642,0.0938188418258144));
#8970=CARTESIAN_POINT('',(-0.096105726216473,0.0582407511508896,0.087819912429167));
#8971=CARTESIAN_POINT('',(-0.0963737346472437,0.0582586970049622,0.0938187322137679));
#8972=CARTESIAN_POINT('',(-0.0963303610732946,0.0581539839344875,0.0878198028171205));
#8973=CARTESIAN_POINT('',(-0.0966128173121576,0.0581482688884139,0.0938189311488487));
#8974=CARTESIAN_POINT('',(-0.0965694437382085,0.0580435558179392,0.0878200017522013));
#8975=CARTESIAN_POINT('',(-0.0969451421586505,0.0579704930441433,0.0938196314968488));
#8976=CARTESIAN_POINT('',(-0.0969017685847015,0.0578657799736687,0.0878207021002014));
#8977=CARTESIAN_POINT('',(-0.0972045144966088,0.0578031043908873,0.0938206779960068));
#8978=CARTESIAN_POINT('',(-0.0971611409226598,0.0576983913204126,0.0878217485993594));
#8979=CARTESIAN_POINT('',(-0.0973785960710515,0.0576778921112596,0.0938216049651128));
#8980=CARTESIAN_POINT('',(-0.0973352224971025,0.0575731790407849,0.0878226755684654));
#8981=CARTESIAN_POINT('',(-0.0955157896005007,0.0583531046855244,0.0878222166362908));
#8982=CARTESIAN_POINT('',(-0.084448353110197,0.0590209896432948,0.0938916492938476));
#8983=CARTESIAN_POINT('',(-0.0951966589476996,0.0588453494271453,0.0938170025390469));
#8984=CARTESIAN_POINT('',(-0.0951966589476996,0.0591939176931789,0.0938109181778229));
#8985=CARTESIAN_POINT('',(-0.0955567523003645,0.0591477035673622,0.0908085859078826));
#8986=CARTESIAN_POINT('',(-0.0955567523003645,0.0587867541462618,0.0908148863857963));
#8987=CARTESIAN_POINT('',(-0.0927021638060252,0.0515616419280364,0.0939621775342136));
#8988=CARTESIAN_POINT('',(-0.0926587902320761,0.0514569288575618,0.087963248137567));
#8989=CARTESIAN_POINT('',(-0.0927436716719779,0.0515241278836631,0.0939625322418853));
#8990=CARTESIAN_POINT('',(-0.0927002980980288,0.0514194148131884,0.0879636028452387));
#8991=CARTESIAN_POINT('',(-0.0928128298084665,0.0514617514676089,0.0939631210120257));
#8992=CARTESIAN_POINT('',(-0.0927694562345174,0.0513570383971342,0.0879641916153791));
#8993=CARTESIAN_POINT('',(-0.0928250606838363,0.0514512514678572,0.0939632158606893));
#8994=CARTESIAN_POINT('',(-0.0927816871098873,0.0513465383973826,0.0879642864640427));
#8995=CARTESIAN_POINT('',(-0.0928713618531127,0.0514153574739559,0.0939635076332721));
#8996=CARTESIAN_POINT('',(-0.0928279882791637,0.0513106444034813,0.0879645782366255));
#8997=CARTESIAN_POINT('',(-0.0929365905103277,0.0513715037687741,0.0939638014950626));
#8998=CARTESIAN_POINT('',(-0.0928932169363786,0.0512667906982994,0.087964872098416));
#8999=CARTESIAN_POINT('',(-0.0930421193065705,0.051306970175625,0.0939641649515222));
#9000=CARTESIAN_POINT('',(-0.0929987457326214,0.0512022571051503,0.0879652355548756));
#9001=CARTESIAN_POINT('',(-0.0931987153227037,0.0512238770509154,0.0939644831428547));
#9002=CARTESIAN_POINT('',(-0.0931553417487546,0.0511191639804408,0.0879655537462081));
#9003=CARTESIAN_POINT('',(-0.0934188975401051,0.051126362130234,0.0939645933286943));
#9004=CARTESIAN_POINT('',(-0.093375523966156,0.0510216490597594,0.0879656639320477));
#9005=CARTESIAN_POINT('',(-0.093666027505828,0.0510353584496619,0.0939643950208051));
#9006=CARTESIAN_POINT('',(-0.0936226539318789,0.0509306453791872,0.0879654656241585));
#9007=CARTESIAN_POINT('',(-0.094026709375736,0.0509260302997016,0.0939636955667514));
#9008=CARTESIAN_POINT('',(-0.0939833358017869,0.050821317229227,0.0879647661701048));
#9009=CARTESIAN_POINT('',(-0.094328466761218,0.05086094994354,0.093962649791424));
#9010=CARTESIAN_POINT('',(-0.0942850931872689,0.0507562368730654,0.0879637203947774));
#9011=CARTESIAN_POINT('',(-0.0945400951160504,0.0508263674351976,0.0939617233198661));
#9012=CARTESIAN_POINT('',(-0.0944967215421013,0.050721654364723,0.0879627939232195));
#9013=CARTESIAN_POINT('',(-0.09270216380589,0.0515616419281586,0.0939621775342125));
#9014=CARTESIAN_POINT('',(-0.0919076006964445,0.0507672793266341,0.093981788231569));
#9015=CARTESIAN_POINT('',(-0.0918642271224955,0.0506625662561595,0.0879828588349214));
#9016=CARTESIAN_POINT('',(-0.0919451142374625,0.0507257719652948,0.0939822415236029));
#9017=CARTESIAN_POINT('',(-0.0919017406635135,0.0506210588948201,0.0879833121269553));
#9018=CARTESIAN_POINT('',(-0.0920074897987715,0.0506566146856453,0.093982997695209));
#9019=CARTESIAN_POINT('',(-0.0919641162248225,0.0505519016151707,0.0879840682985614));
#9020=CARTESIAN_POINT('',(-0.0920179895802832,0.0506443840288773,0.0939831352691859));
#9021=CARTESIAN_POINT('',(-0.0919746160063341,0.0505396709584026,0.0879842058725383));
#9022=CARTESIAN_POINT('',(-0.0920538822615466,0.0505980841735475,0.093983683934778));
#9023=CARTESIAN_POINT('',(-0.0920105086875976,0.0504933711030728,0.0879847545381304));
#9024=CARTESIAN_POINT('',(-0.0920977332702697,0.0505328582145279,0.0939845054206046));
#9025=CARTESIAN_POINT('',(-0.0920543596963206,0.0504281451440532,0.087985576023957));
#9026=CARTESIAN_POINT('',(-0.0921622616915455,0.0504273345928658,0.0939858808117175));
#9027=CARTESIAN_POINT('',(-0.0921188881175964,0.0503226215223911,0.0879869514150699));
#9028=CARTESIAN_POINT('',(-0.0922453455427572,0.0502707478540461,0.0939880133646794));
#9029=CARTESIAN_POINT('',(-0.0922019719688081,0.0501660347835714,0.0879890839680318));
#9030=CARTESIAN_POINT('',(-0.0923428449864547,0.0500505811186859,0.0939911514972194));
#9031=CARTESIAN_POINT('',(-0.0922994714125057,0.0499458680482113,0.0879922221005718));
#9032=CARTESIAN_POINT('',(-0.0924338289679813,0.0498034708573916,0.0939948070451189));
#9033=CARTESIAN_POINT('',(-0.0923904553940322,0.0496987577869169,0.0879958776484713));
#9034=CARTESIAN_POINT('',(-0.0925431254030973,0.04944282070981,0.0940003120619521));
#9035=CARTESIAN_POINT('',(-0.0924997518291483,0.0493381076393353,0.0880013826653044));
#9036=CARTESIAN_POINT('',(-0.0926081758956596,0.0491410931937659,0.0940051084748452));
#9037=CARTESIAN_POINT('',(-0.0925648023217105,0.0490363801232912,0.0880061790781976));
#9038=CARTESIAN_POINT('',(-0.092642736064364,0.0489294871824919,0.0940085522421863));
#9039=CARTESIAN_POINT('',(-0.0925993624904149,0.0488247741120172,0.0880096228455387));
#9040=CARTESIAN_POINT('',(-0.0918642271223733,0.0506625662562946,0.0879828588349206));
#9041=CARTESIAN_POINT('',(-0.0844483531101973,0.0590209896432956,0.0938916492938476));
#9042=CARTESIAN_POINT('',(-0.0919253000094052,0.0512975678785031,0.0939724039195958));
#9043=CARTESIAN_POINT('',(-0.0921718060989196,0.0515440117621507,0.0939663198763531));
#9044=CARTESIAN_POINT('',(-0.0924244565893832,0.0512260727525494,0.0909695074793176));
#9045=CARTESIAN_POINT('',(-0.0921691945963153,0.0509708751749026,0.0909758076279553));
#9046=CARTESIAN_POINT('',(-0.0904903266891429,0.0496800827705749,0.0940110127676427));
#9047=CARTESIAN_POINT('',(-0.0904469531151938,0.0495753697001002,0.0880120833709957));
#9048=CARTESIAN_POINT('',(-0.0905207109899961,0.0496331065406085,0.0940116130663495));
#9049=CARTESIAN_POINT('',(-0.090477337416047,0.0495283934701338,0.0880126836697025));
#9050=CARTESIAN_POINT('',(-0.0905713686369127,0.0495549604019904,0.0940126108642114));
#9051=CARTESIAN_POINT('',(-0.0905279950629636,0.0494502473315157,0.0880136814675643));
#9052=CARTESIAN_POINT('',(-0.0905804652118859,0.049541653339878,0.0940127773726498));
#9053=CARTESIAN_POINT('',(-0.0905370916379369,0.0494369402694034,0.0880138479760028));
#9054=CARTESIAN_POINT('',(-0.0906158989975865,0.0494950014639277,0.0940133355007803));
#9055=CARTESIAN_POINT('',(-0.0905725254236374,0.049390288393453,0.0880144061041333));
#9056=CARTESIAN_POINT('',(-0.0906675555660003,0.0494357631809468,0.0940139960340604));
#9057=CARTESIAN_POINT('',(-0.0906241819920512,0.0493310501104721,0.0880150666374133));
#9058=CARTESIAN_POINT('',(-0.0907527873713317,0.0493461212079482,0.0940149445163392));
#9059=CARTESIAN_POINT('',(-0.0907094137973826,0.0492414081374736,0.0880160151196921));
#9060=CARTESIAN_POINT('',(-0.0908825438245746,0.049225337208704,0.0940161146688516));
#9061=CARTESIAN_POINT('',(-0.0908391702506255,0.0491206241382294,0.0880171852722046));
#9062=CARTESIAN_POINT('',(-0.0910699888019365,0.0490741680517439,0.0940173981025261));
#9063=CARTESIAN_POINT('',(-0.0910266152279875,0.0489694549812692,0.0880184687058791));
#9064=CARTESIAN_POINT('',(-0.0912851496310599,0.0489223143465944,0.0940184930935091));
#9065=CARTESIAN_POINT('',(-0.0912417760571108,0.0488176012761198,0.088019563696862));
#9066=CARTESIAN_POINT('',(-0.0916052535653082,0.0487233754742269,0.0940196512082392));
#9067=CARTESIAN_POINT('',(-0.0915618799913591,0.0486186624037522,0.0880207218115921));
#9068=CARTESIAN_POINT('',(-0.0918798925108511,0.0485824240982204,0.094020125856058));
#9069=CARTESIAN_POINT('',(-0.0918365189369021,0.0484777110277457,0.0880211964594109));
#9070=CARTESIAN_POINT('',(-0.0920753649744955,0.0484942545515859,0.0940202515725893));
#9071=CARTESIAN_POINT('',(-0.0920319914005464,0.0483895414811112,0.0880213221759423));
#9072=CARTESIAN_POINT('',(-0.0904903266890439,0.0496800827707279,0.0940110127676408));
#9073=CARTESIAN_POINT('',(-0.089517189595687,0.0491184354804637,0.0940278524800777));
#9074=CARTESIAN_POINT('',(-0.089473816021738,0.0490137224099891,0.0880289230834307));
#9075=CARTESIAN_POINT('',(-0.0895426818675617,0.0490686358098563,0.0940285374332096));
#9076=CARTESIAN_POINT('',(-0.0894993082936126,0.0489639227393817,0.0880296080365626));
#9077=CARTESIAN_POINT('',(-0.0895850325903123,0.0489856953195704,0.0940296789787666));
#9078=CARTESIAN_POINT('',(-0.0895416590163632,0.0488809822490957,0.0880307495821196));
#9079=CARTESIAN_POINT('',(-0.0895920090169608,0.0489711646112017,0.0940298821754458));
#9080=CARTESIAN_POINT('',(-0.0895486354430118,0.048866451540727,0.0880309527787988));
#9081=CARTESIAN_POINT('',(-0.0896146950603487,0.0489171553598381,0.0940306608976902));
#9082=CARTESIAN_POINT('',(-0.0895713214863997,0.0488124422893635,0.0880317315010432));
#9083=CARTESIAN_POINT('',(-0.0896401694634093,0.0488428060073907,0.094031774501908));
#9084=CARTESIAN_POINT('',(-0.0895967958894602,0.0487380929369161,0.088032845105261));
#9085=CARTESIAN_POINT('',(-0.0896751862697751,0.0487241823849598,0.094033591932815));
#9086=CARTESIAN_POINT('',(-0.089631812695826,0.0486194693144852,0.088034662536168));
#9087=CARTESIAN_POINT('',(-0.0897149090760456,0.0485514353538049,0.0940363200782707));
#9088=CARTESIAN_POINT('',(-0.0896715355020965,0.0484467222833302,0.0880373906816238));
#9089=CARTESIAN_POINT('',(-0.0897520989555054,0.0483135462792403,0.0940402036107984));
#9090=CARTESIAN_POINT('',(-0.0897087253815563,0.0482088332087657,0.0880412742141514));
#9091=CARTESIAN_POINT('',(-0.0897760207912959,0.0480513187500006,0.0940446079090471));
#9092=CARTESIAN_POINT('',(-0.0897326472173469,0.0479466056795259,0.0880456785124002));
#9093=CARTESIAN_POINT('',(-0.0897882417035404,0.0476746848065656,0.094051093805021));
#9094=CARTESIAN_POINT('',(-0.0897448681295914,0.0475699717360909,0.088052164408374));
#9095=CARTESIAN_POINT('',(-0.0897729750959561,0.0473664140781304,0.0940565851418355));
#9096=CARTESIAN_POINT('',(-0.089729601522007,0.0472617010076558,0.0880576557451885));
#9097=CARTESIAN_POINT('',(-0.0897515842067542,0.0471530815762759,0.0940604635839839));
#9098=CARTESIAN_POINT('',(-0.0897082106328051,0.0470483685058012,0.0880615341873369));
#9099=CARTESIAN_POINT('',(-0.0894738160216549,0.0490137224101511,0.0880289230834285));
#9100=CARTESIAN_POINT('',(-0.0844483531101976,0.0590209896432957,0.0938916492938475));
#9101=CARTESIAN_POINT('',(-0.0896715524944991,0.0496260572283089,0.094017875716141));
#9102=CARTESIAN_POINT('',(-0.0899734595633987,0.0498003032705707,0.0940126513461559));
#9103=CARTESIAN_POINT('',(-0.0901480247202296,0.0494204276840363,0.0910174846442912));
#9104=CARTESIAN_POINT('',(-0.0898353939033585,0.0492399924172257,0.0910228945840518));
#9105=CARTESIAN_POINT('',(-0.094351517364054,0.0539515433051379,0.093908535917757));
#9106=CARTESIAN_POINT('',(-0.0943081437901049,0.0538468302346632,0.0879096065211099));
#9107=CARTESIAN_POINT('',(-0.0944013201026366,0.0539260479664867,0.0939086208616519));
#9108=CARTESIAN_POINT('',(-0.0943579465286875,0.053821334896012,0.0879096914650048));
#9109=CARTESIAN_POINT('',(-0.0944842657159846,0.0538836921226686,0.0939087604803587));
#9110=CARTESIAN_POINT('',(-0.0944408921420356,0.0537789790521939,0.0879098310837116));
#9111=CARTESIAN_POINT('',(-0.0944987973778072,0.0538767147429087,0.0939087772054681));
#9112=CARTESIAN_POINT('',(-0.0944554238038582,0.053772001672434,0.087909847808821));
#9113=CARTESIAN_POINT('',(-0.0945528105824893,0.0538540247474232,0.0939087827386835));
#9114=CARTESIAN_POINT('',(-0.0945094370085403,0.0537493116769486,0.0879098533420364));
#9115=CARTESIAN_POINT('',(-0.094627166103312,0.0538285441775767,0.0939086899027893));
#9116=CARTESIAN_POINT('',(-0.0945837925293629,0.053723831107102,0.0879097605061422));
#9117=CARTESIAN_POINT('',(-0.0947458002773965,0.0537935168220035,0.0939084435644725));
#9118=CARTESIAN_POINT('',(-0.0947024267034475,0.0536888037515288,0.0879095141678254));
#9119=CARTESIAN_POINT('',(-0.0949185640967077,0.0537537772309596,0.0939078881104116));
#9120=CARTESIAN_POINT('',(-0.0948751905227586,0.0536490641604849,0.0879089587137645));
#9121=CARTESIAN_POINT('',(-0.0951564784999011,0.0537165620272504,0.0939068175394334));
#9122=CARTESIAN_POINT('',(-0.095113104925952,0.0536118489567758,0.0879078881427863));
#9123=CARTESIAN_POINT('',(-0.0954187361034611,0.0536926101216958,0.093905339447027));
#9124=CARTESIAN_POINT('',(-0.0953753625295121,0.0535878970512211,0.0879064100503799));
#9125=CARTESIAN_POINT('',(-0.0957954160356493,0.0536803432268893,0.0939028300908274));
#9126=CARTESIAN_POINT('',(-0.0957520424617002,0.0535756301564146,0.0879039006941802));
#9127=CARTESIAN_POINT('',(-0.0961037275939287,0.053695569009296,0.093900335160214));
#9128=CARTESIAN_POINT('',(-0.0960603540199796,0.0535908559388213,0.0879014057635669));
#9129=CARTESIAN_POINT('',(-0.0963170897172986,0.0537169302800375,0.0938984196380725));
#9130=CARTESIAN_POINT('',(-0.0962737161433495,0.0536122172095628,0.0878994902414254));
#9131=CARTESIAN_POINT('',(-0.0943515173638918,0.0539515433052209,0.0939085359177568));
#9132=CARTESIAN_POINT('',(-0.0937896764011888,0.0529785998909838,0.0939295811634162));
#9133=CARTESIAN_POINT('',(-0.0937463028272398,0.0528738868205091,0.0879306517667687));
#9134=CARTESIAN_POINT('',(-0.0938366547255238,0.0529482134969936,0.0939297719032492));
#9135=CARTESIAN_POINT('',(-0.0937932811515747,0.052843500426519,0.0879308425066016));
#9136=CARTESIAN_POINT('',(-0.0939148043339686,0.052897552382301,0.093930091169059));
#9137=CARTESIAN_POINT('',(-0.0938714307600195,0.0527928393118263,0.0879311617724115));
#9138=CARTESIAN_POINT('',(-0.093928111927585,0.0528884552761803,0.0939301537448945));
#9139=CARTESIAN_POINT('',(-0.0938847383536359,0.0527837422057056,0.0879312243482469));
#9140=CARTESIAN_POINT('',(-0.0939747652198113,0.0528530200755107,0.0939304349631807));
#9141=CARTESIAN_POINT('',(-0.0939313916458622,0.052748307005036,0.0879315055665332));
#9142=CARTESIAN_POINT('',(-0.0940340044604195,0.0528013625512352,0.0939309083477147));
#9143=CARTESIAN_POINT('',(-0.0939906308864704,0.0526966494807605,0.0879319789510672));
#9144=CARTESIAN_POINT('',(-0.0941236469913337,0.0527161301907719,0.0939317479684022));
#9145=CARTESIAN_POINT('',(-0.0940802734173847,0.0526114171202972,0.0879328185717546));
#9146=CARTESIAN_POINT('',(-0.0942444298603294,0.0525863748717663,0.0939331395989102));
#9147=CARTESIAN_POINT('',(-0.0942010562863803,0.0524816618012916,0.0879342102022627));
#9148=CARTESIAN_POINT('',(-0.0943955944423018,0.0523989344747827,0.0939353184729159));
#9149=CARTESIAN_POINT('',(-0.0943522208683527,0.0522942214043081,0.0879363890762683));
#9150=CARTESIAN_POINT('',(-0.0945474401615817,0.0521837816373718,0.0939379761509178));
#9151=CARTESIAN_POINT('',(-0.0945040665876326,0.0520790685668971,0.0879390467542703));
#9152=CARTESIAN_POINT('',(-0.0947463637481367,0.0518636929971989,0.0939421251308105));
#9153=CARTESIAN_POINT('',(-0.0947029901741877,0.0517589799267243,0.087943195734163));
#9154=CARTESIAN_POINT('',(-0.0948872982572791,0.051589070925136,0.0939458997521701));
#9155=CARTESIAN_POINT('',(-0.09484392468333,0.0514843578546613,0.0879469703555226));
#9156=CARTESIAN_POINT('',(-0.0949754542655055,0.0513936120044153,0.0939486741576506));
#9157=CARTESIAN_POINT('',(-0.0949320806915565,0.0512888989339406,0.0879497447610031));
#9158=CARTESIAN_POINT('',(-0.0937463028270868,0.0528738868206081,0.0879306517667687));
#9159=CARTESIAN_POINT('',(-0.0844483531101972,0.0590209896432953,0.0938916492938476));
#9160=CARTESIAN_POINT('',(-0.0936695059493693,0.0534954169584099,0.0939214288287592));
#9161=CARTESIAN_POINT('',(-0.0938438120768687,0.0537972639400405,0.0939148997297515));
#9162=CARTESIAN_POINT('',(-0.0941558522688713,0.0535593605141045,0.0909162608875955));
#9163=CARTESIAN_POINT('',(-0.0939753547825938,0.053246791918804,0.0909230219003921));
#9164=CARTESIAN_POINT('',(-0.0953259866439352,0.0566869190725285,0.0938537435057875));
#9165=CARTESIAN_POINT('',(-0.0952826130699862,0.0565822060020538,0.0878548141091406));
#9166=CARTESIAN_POINT('',(-0.0953806902808162,0.0566751799047955,0.0938535528971195));
#9167=CARTESIAN_POINT('',(-0.0953373167068671,0.0565704668343208,0.0878546235004726));
#9168=CARTESIAN_POINT('',(-0.0954717707645482,0.0566557311139734,0.0938532338496085));
#9169=CARTESIAN_POINT('',(-0.0954283971905991,0.0565510180434987,0.0878543044529616));
#9170=CARTESIAN_POINT('',(-0.0954876129040849,0.0566527518511052,0.0938531713113749));
#9171=CARTESIAN_POINT('',(-0.0954442393301358,0.0565480387806305,0.087854241914728));
#9172=CARTESIAN_POINT('',(-0.0955456572335348,0.0566448121397309,0.0938528902281437));
#9173=CARTESIAN_POINT('',(-0.0955022836595857,0.0565400990692563,0.0878539608314968));
#9174=CARTESIAN_POINT('',(-0.0956240724120993,0.0566394411639462,0.0938524170211775));
#9175=CARTESIAN_POINT('',(-0.0955806988381502,0.0565347280934715,0.0878534876245306));
#9176=CARTESIAN_POINT('',(-0.0957477272411142,0.0566363071023457,0.0938515776756335));
#9177=CARTESIAN_POINT('',(-0.0957043536671651,0.0565315940318711,0.0878526482789866));
#9178=CARTESIAN_POINT('',(-0.0959248852948228,0.0566426292324243,0.0938501864294555));
#9179=CARTESIAN_POINT('',(-0.0958815117208737,0.0565379161619496,0.0878512570328086));
#9180=CARTESIAN_POINT('',(-0.0961643184104029,0.0566682499003192,0.0938480080593025));
#9181=CARTESIAN_POINT('',(-0.0961209448364539,0.0565635368298445,0.0878490786626556));
#9182=CARTESIAN_POINT('',(-0.0964238312295185,0.0567129820525632,0.0938453509119339));
#9183=CARTESIAN_POINT('',(-0.0963804576555694,0.0566082689820886,0.087846421515287));
#9184=CARTESIAN_POINT('',(-0.0967908391091013,0.0567986123815198,0.0938412026620662));
#9185=CARTESIAN_POINT('',(-0.0967474655351522,0.0566938993110452,0.0878422732654193));
#9186=CARTESIAN_POINT('',(-0.09708469391699,0.0568931066905831,0.0938374286015651));
#9187=CARTESIAN_POINT('',(-0.0970413203430409,0.0567883936201085,0.0878384992049182));
#9188=CARTESIAN_POINT('',(-0.0972852495327876,0.056968956005111,0.0938346545685085));
#9189=CARTESIAN_POINT('',(-0.0972418759588386,0.0568642429346364,0.0878357251718616));
#9190=CARTESIAN_POINT('',(-0.0953259866437571,0.0566869190725667,0.0938537435057881));
#9191=CARTESIAN_POINT('',(-0.0950351563609187,0.0556016993314323,0.0938747891010378));
#9192=CARTESIAN_POINT('',(-0.0949917827869697,0.0554969862609576,0.0878758597043909));
#9193=CARTESIAN_POINT('',(-0.0950883979734026,0.0555845046873258,0.0938747042900653));
#9194=CARTESIAN_POINT('',(-0.0950450243994536,0.0554797916168512,0.0878757748934184));
#9195=CARTESIAN_POINT('',(-0.0951769958623159,0.0555557922088348,0.0938745648926416));
#9196=CARTESIAN_POINT('',(-0.0951336222883668,0.0554510791383602,0.0878756354959947));
#9197=CARTESIAN_POINT('',(-0.095192204377524,0.0555504486061098,0.0938745482058956));
#9198=CARTESIAN_POINT('',(-0.095148830803575,0.0554457355356352,0.0878756188092487));
#9199=CARTESIAN_POINT('',(-0.0952464389359464,0.0555282929104667,0.0938745428123148));
#9200=CARTESIAN_POINT('',(-0.0952030653619973,0.055423579839992,0.0878756134156679));
#9201=CARTESIAN_POINT('',(-0.0953170293520895,0.0554937241958465,0.0938746358351825));
#9202=CARTESIAN_POINT('',(-0.0952736557781404,0.0553890111253719,0.0878757064385356));
#9203=CARTESIAN_POINT('',(-0.0954256770023019,0.0554345915410947,0.0938748824666821));
#9204=CARTESIAN_POINT('',(-0.0953823034283528,0.05532987847062,0.0878759530700352));
#9205=CARTESIAN_POINT('',(-0.095575927736162,0.0553405102524626,0.0938754383374169));
#9206=CARTESIAN_POINT('',(-0.095532554162213,0.0552357971819879,0.08787650894077));
#9207=CARTESIAN_POINT('',(-0.0957704558399597,0.0551985699471498,0.0938765094662255));
#9208=CARTESIAN_POINT('',(-0.0957270822660107,0.0550938568766752,0.0878775800695786));
#9209=CARTESIAN_POINT('',(-0.0959728152621606,0.0550300368439354,0.0938779881579662));
#9210=CARTESIAN_POINT('',(-0.0959294416882116,0.0549253237734608,0.0878790587613193));
#9211=CARTESIAN_POINT('',(-0.0962478096864682,0.0547723232230271,0.0938804983547951));
#9212=CARTESIAN_POINT('',(-0.0962044361125191,0.0546676101525525,0.0878815689581482));
#9213=CARTESIAN_POINT('',(-0.0964550237582966,0.0545435216353223,0.0938829939504128));
#9214=CARTESIAN_POINT('',(-0.0964116501843475,0.0544388085648477,0.0878840645537659));
#9215=CARTESIAN_POINT('',(-0.0965907679197701,0.0543775300075908,0.0938849099228848));
#9216=CARTESIAN_POINT('',(-0.096547394345821,0.0542728169371162,0.0878859805262379));
#9217=CARTESIAN_POINT('',(-0.0949917827867963,0.0554969862610136,0.0878758597043911));
#9218=CARTESIAN_POINT('',(-0.0844483531101971,0.0590209896432951,0.0938916492938476));
#9219=CARTESIAN_POINT('',(-0.0947853055620194,0.056069824685351,0.0938684243118314));
#9220=CARTESIAN_POINT('',(-0.0948755330529693,0.0564065043919921,0.0938618951043662));
#9221=CARTESIAN_POINT('',(-0.0952242200044036,0.0562612812636918,0.0908613735363568));
#9222=CARTESIAN_POINT('',(-0.0951307876303201,0.0559126426839633,0.0908681346614633));
#9223=CARTESIAN_POINT('',(-0.0844487947116693,0.0520220538904557,0.0940138145754243));
#9224=CARTESIAN_POINT('',(-0.0843981922087287,0.0518998886415686,0.0870150636126696));
#9225=CARTESIAN_POINT('',(-0.0843981922087287,0.053599629716569,0.0869853941341332));
#9226=CARTESIAN_POINT('',(-0.0813982705958744,0.0519002671331337,0.0870367470965551));
#9227=CARTESIAN_POINT('',(-0.0843981922087287,0.0518998886415686,0.0870150636126696));
#9228=CARTESIAN_POINT('',(-0.0843981922087287,0.0548994317150986,0.0869627057093701));
#9229=CARTESIAN_POINT('',(-0.0844487947116693,0.0520220538904557,0.0940138145754243));
#9230=CARTESIAN_POINT('',(-0.0774485341544167,0.059021431244766,0.0939422518103286));
#9231=CARTESIAN_POINT('',(-0.0773979316514761,0.0588992659958789,0.0869435008475739));
#9232=CARTESIAN_POINT('',(-0.0773979316514761,0.0605990070708793,0.0869138313690375));
#9233=CARTESIAN_POINT('',(-0.0743980100386217,0.058899644487444,0.0869651843314594));
#9234=CARTESIAN_POINT('',(-0.0773979316514761,0.0588992659958789,0.0869435008475739));
#9235=CARTESIAN_POINT('',(-0.0773979316514761,0.0618988090694089,0.0868911429442744));
#9236=CARTESIAN_POINT('',(-0.0774485341544167,0.059021431244766,0.0939422518103286));
#9237=CARTESIAN_POINT('',(-0.0844479115087269,0.0660199253961339,0.0937694840122708));
#9238=CARTESIAN_POINT('',(-0.0843973090057863,0.0658977601472468,0.086770733049516));
#9239=CARTESIAN_POINT('',(-0.0843973090057863,0.0675975012222472,0.0867410635709796));
#9240=CARTESIAN_POINT('',(-0.081397387392932,0.0658981386388119,0.0867924165334016));
#9241=CARTESIAN_POINT('',(-0.0843973090057863,0.0658977601472468,0.086770733049516));
#9242=CARTESIAN_POINT('',(-0.0843973090057863,0.0688973032207768,0.0867183751462165));
#9243=CARTESIAN_POINT('',(-0.0844479115087269,0.0660199253961339,0.0937694840122708));
#9244=CARTESIAN_POINT('',(-0.0844483531101981,0.0590209896432948,0.0938916492938476));
#9245=CARTESIAN_POINT('',(-0.0843977506072575,0.0588988243944077,0.0868928983310928));
#9246=CARTESIAN_POINT('',(-0.0843977506072575,0.0605985654694081,0.0868632288525564));
#9247=CARTESIAN_POINT('',(-0.0813978289944031,0.0588992028859728,0.0869145818149783));
#9248=CARTESIAN_POINT('',(-0.0843977506072575,0.0588988243944077,0.0868928983310928));
#9249=CARTESIAN_POINT('',(-0.0843977506072575,0.0618983674679377,0.0868405404277933));
#9250=CARTESIAN_POINT('',(-0.0844483531101981,0.0590209896432948,0.0938916492938476));
#9251=CARTESIAN_POINT('',(-0.0914481720659796,0.0590205480418236,0.0938410467773665));
#9252=CARTESIAN_POINT('',(-0.091397569563039,0.0588983827929365,0.0868422958146117));
#9253=CARTESIAN_POINT('',(-0.091397569563039,0.0605981238679369,0.0868126263360753));
#9254=CARTESIAN_POINT('',(-0.0883976479501846,0.0588987612845016,0.0868639792984973));
#9255=CARTESIAN_POINT('',(-0.091397569563039,0.0588983827929365,0.0868422958146117));
#9256=CARTESIAN_POINT('',(-0.091397569563039,0.0618979258664665,0.0867899379113122));
#9257=CARTESIAN_POINT('',(-0.0914481720659796,0.0590205480418236,0.0938410467773665));
#9258=MECHANICAL_DESIGN_GEOMETRIC_PRESENTATION_REPRESENTATION('',(#3000),
#9259);
#9259=(
GEOMETRIC_REPRESENTATION_CONTEXT(3)
GLOBAL_UNCERTAINTY_ASSIGNED_CONTEXT((#9260))
GLOBAL_UNIT_ASSIGNED_CONTEXT((#9263,#9262,#9261))
REPRESENTATION_CONTEXT('Pinion','TOP_LEVEL_ASSEMBLY_PART')
);
#9260=UNCERTAINTY_MEASURE_WITH_UNIT(LENGTH_MEASURE(2.E-5),#9263,
'DISTANCE_ACCURACY_VALUE','Maximum Tolerance applied to model');
#9261=(
NAMED_UNIT(*)
SI_UNIT($,.STERADIAN.)
SOLID_ANGLE_UNIT()
);
#9262=(
NAMED_UNIT(*)
PLANE_ANGLE_UNIT()
SI_UNIT($,.RADIAN.)
);
#9263=(
LENGTH_UNIT()
NAMED_UNIT(*)
SI_UNIT($,.METRE.)
);
#9264=PRODUCT_DEFINITION_SHAPE('','',#9265);
#9265=PRODUCT_DEFINITION('','',#9267,#9266);
#9266=PRODUCT_DEFINITION_CONTEXT('',#9273,'design');
#9267=PRODUCT_DEFINITION_FORMATION_WITH_SPECIFIED_SOURCE('','',#9269,
 .NOT_KNOWN.);
#9268=PRODUCT_RELATED_PRODUCT_CATEGORY('','',(#9269));
#9269=PRODUCT('Pinion','Pinion','Pinion',(#9271));
#9270=PRODUCT_CATEGORY('','');
#9271=PRODUCT_CONTEXT('',#9273,'mechanical');
#9272=APPLICATION_PROTOCOL_DEFINITION('international standard',
'ap242_managed_model_based_3d_engineering',2020,#9273);
#9273=APPLICATION_CONTEXT('managed model based 3d engineering');
ENDSEC;
END-ISO-10303-21;
