ISO-10303-21;
HEADER;
/* Generated by software containing ST-Developer
 * from STEP Tools, Inc. (www.steptools.com) 
 */
/* OPTION: using custom renumber hook */

FILE_DESCRIPTION(
/* description */ ('STEP AP242 Edition 2',
'CAx-IF Rec.Pracs.---Representation and Presentation of Product Manufa
cturing Information (PMI)---4.0---2014-10-13',
'CAx-IF Rec.Pracs.---3D Tessellated Geometry---0.4---2014-09-14','2;1',
'CAx-IF Rec.Pracs.---User Defined Attributes---1.5---2016-08-15'),
/* implementation_level */ '2;1');

FILE_NAME(
/* name */ 'Hexarm - Follower - Top Rack',
/* time_stamp */ '2026-08-09T23:35:39Z',
/* author */ (''),
/* organization */ (''),
/* preprocessor_version */ 'ST-DEVELOPER v20',
/* originating_system */ 'ONSHAPE BY PTC INC, 1.219',
/* authorisation */ '  ');

FILE_SCHEMA (('AP242_MANAGED_MODEL_BASED_3D_ENGINEERING_MIM_LF { 1 0 10303 442 3 1 4 }'));
ENDSEC;

DATA;
#10=SHAPE_REPRESENTATION_RELATIONSHIP('','',#2166,#11);
#11=ADVANCED_BREP_SHAPE_REPRESENTATION('',(#2164),#3429);
#12=CYLINDRICAL_SURFACE('',#2269,0.0022);
#13=CYLINDRICAL_SURFACE('',#2272,0.0022);
#14=CIRCLE('',#2265,0.0022);
#15=CIRCLE('',#2266,0.0022);
#16=CIRCLE('',#2270,0.0022);
#17=CIRCLE('',#2273,0.0022);
#18=B_SPLINE_SURFACE_WITH_KNOTS('',3,1,((#3355,#3356),(#3357,#3358),(#3359,
#3360),(#3361,#3362)),.RULED_SURF.,.F.,.F.,.F.,(4,4),(2,2),(0.,1.),(0.,
1.),.PIECEWISE_BEZIER_KNOTS.);
#19=B_SPLINE_SURFACE_WITH_KNOTS('',3,1,((#3364,#3365),(#3366,#3367),(#3368,
#3369),(#3370,#3371)),.RULED_SURF.,.F.,.F.,.F.,(4,4),(2,2),(0.,1.),(0.,
1.),.PIECEWISE_BEZIER_KNOTS.);
#20=B_SPLINE_SURFACE_WITH_KNOTS('',3,1,((#3404,#3405),(#3406,#3407),(#3408,
#3409),(#3410,#3411)),.RULED_SURF.,.F.,.F.,.F.,(4,4),(2,2),(0.,1.),(0.,
1.),.PIECEWISE_BEZIER_KNOTS.);
#21=B_SPLINE_SURFACE_WITH_KNOTS('',3,1,((#3412,#3413),(#3414,#3415),(#3416,
#3417),(#3418,#3419)),.RULED_SURF.,.F.,.F.,.F.,(4,4),(2,2),(0.,1.),(0.,
1.),.PIECEWISE_BEZIER_KNOTS.);
#22=ORIENTED_EDGE('',*,*,#626,.F.);
#23=ORIENTED_EDGE('',*,*,#627,.T.);
#24=ORIENTED_EDGE('',*,*,#628,.T.);
#25=ORIENTED_EDGE('',*,*,#629,.F.);
#26=ORIENTED_EDGE('',*,*,#630,.F.);
#27=ORIENTED_EDGE('',*,*,#631,.T.);
#28=ORIENTED_EDGE('',*,*,#632,.T.);
#29=ORIENTED_EDGE('',*,*,#630,.T.);
#30=ORIENTED_EDGE('',*,*,#633,.T.);
#31=ORIENTED_EDGE('',*,*,#634,.F.);
#32=ORIENTED_EDGE('',*,*,#635,.T.);
#33=ORIENTED_EDGE('',*,*,#636,.F.);
#34=ORIENTED_EDGE('',*,*,#637,.F.);
#35=ORIENTED_EDGE('',*,*,#634,.T.);
#36=ORIENTED_EDGE('',*,*,#638,.T.);
#37=ORIENTED_EDGE('',*,*,#639,.F.);
#38=ORIENTED_EDGE('',*,*,#640,.T.);
#39=ORIENTED_EDGE('',*,*,#641,.T.);
#40=ORIENTED_EDGE('',*,*,#642,.F.);
#41=ORIENTED_EDGE('',*,*,#641,.F.);
#42=ORIENTED_EDGE('',*,*,#643,.T.);
#43=ORIENTED_EDGE('',*,*,#644,.T.);
#44=ORIENTED_EDGE('',*,*,#645,.F.);
#45=ORIENTED_EDGE('',*,*,#646,.F.);
#46=ORIENTED_EDGE('',*,*,#647,.T.);
#47=ORIENTED_EDGE('',*,*,#648,.T.);
#48=ORIENTED_EDGE('',*,*,#644,.F.);
#49=ORIENTED_EDGE('',*,*,#647,.F.);
#50=ORIENTED_EDGE('',*,*,#649,.T.);
#51=ORIENTED_EDGE('',*,*,#650,.T.);
#52=ORIENTED_EDGE('',*,*,#651,.F.);
#53=ORIENTED_EDGE('',*,*,#652,.F.);
#54=ORIENTED_EDGE('',*,*,#653,.F.);
#55=ORIENTED_EDGE('',*,*,#654,.F.);
#56=ORIENTED_EDGE('',*,*,#655,.T.);
#57=ORIENTED_EDGE('',*,*,#656,.T.);
#58=ORIENTED_EDGE('',*,*,#657,.T.);
#59=ORIENTED_EDGE('',*,*,#658,.F.);
#60=ORIENTED_EDGE('',*,*,#659,.T.);
#61=ORIENTED_EDGE('',*,*,#660,.T.);
#62=ORIENTED_EDGE('',*,*,#661,.T.);
#63=ORIENTED_EDGE('',*,*,#662,.F.);
#64=ORIENTED_EDGE('',*,*,#663,.T.);
#65=ORIENTED_EDGE('',*,*,#664,.T.);
#66=ORIENTED_EDGE('',*,*,#665,.T.);
#67=ORIENTED_EDGE('',*,*,#666,.F.);
#68=ORIENTED_EDGE('',*,*,#667,.T.);
#69=ORIENTED_EDGE('',*,*,#668,.T.);
#70=ORIENTED_EDGE('',*,*,#669,.T.);
#71=ORIENTED_EDGE('',*,*,#670,.F.);
#72=ORIENTED_EDGE('',*,*,#671,.T.);
#73=ORIENTED_EDGE('',*,*,#672,.T.);
#74=ORIENTED_EDGE('',*,*,#673,.T.);
#75=ORIENTED_EDGE('',*,*,#674,.F.);
#76=ORIENTED_EDGE('',*,*,#675,.T.);
#77=ORIENTED_EDGE('',*,*,#676,.T.);
#78=ORIENTED_EDGE('',*,*,#677,.T.);
#79=ORIENTED_EDGE('',*,*,#678,.F.);
#80=ORIENTED_EDGE('',*,*,#679,.T.);
#81=ORIENTED_EDGE('',*,*,#680,.T.);
#82=ORIENTED_EDGE('',*,*,#681,.T.);
#83=ORIENTED_EDGE('',*,*,#682,.F.);
#84=ORIENTED_EDGE('',*,*,#683,.T.);
#85=ORIENTED_EDGE('',*,*,#684,.T.);
#86=ORIENTED_EDGE('',*,*,#685,.T.);
#87=ORIENTED_EDGE('',*,*,#686,.F.);
#88=ORIENTED_EDGE('',*,*,#687,.T.);
#89=ORIENTED_EDGE('',*,*,#688,.T.);
#90=ORIENTED_EDGE('',*,*,#689,.T.);
#91=ORIENTED_EDGE('',*,*,#690,.F.);
#92=ORIENTED_EDGE('',*,*,#691,.T.);
#93=ORIENTED_EDGE('',*,*,#642,.T.);
#94=ORIENTED_EDGE('',*,*,#645,.T.);
#95=ORIENTED_EDGE('',*,*,#648,.F.);
#96=ORIENTED_EDGE('',*,*,#651,.T.);
#97=ORIENTED_EDGE('',*,*,#692,.T.);
#98=ORIENTED_EDGE('',*,*,#693,.T.);
#99=ORIENTED_EDGE('',*,*,#694,.F.);
#100=ORIENTED_EDGE('',*,*,#695,.T.);
#101=ORIENTED_EDGE('',*,*,#696,.T.);
#102=ORIENTED_EDGE('',*,*,#697,.T.);
#103=ORIENTED_EDGE('',*,*,#698,.F.);
#104=ORIENTED_EDGE('',*,*,#699,.T.);
#105=ORIENTED_EDGE('',*,*,#700,.T.);
#106=ORIENTED_EDGE('',*,*,#701,.T.);
#107=ORIENTED_EDGE('',*,*,#702,.F.);
#108=ORIENTED_EDGE('',*,*,#703,.T.);
#109=ORIENTED_EDGE('',*,*,#704,.T.);
#110=ORIENTED_EDGE('',*,*,#705,.T.);
#111=ORIENTED_EDGE('',*,*,#706,.F.);
#112=ORIENTED_EDGE('',*,*,#707,.T.);
#113=ORIENTED_EDGE('',*,*,#708,.T.);
#114=ORIENTED_EDGE('',*,*,#709,.T.);
#115=ORIENTED_EDGE('',*,*,#710,.F.);
#116=ORIENTED_EDGE('',*,*,#711,.T.);
#117=ORIENTED_EDGE('',*,*,#712,.T.);
#118=ORIENTED_EDGE('',*,*,#713,.T.);
#119=ORIENTED_EDGE('',*,*,#714,.F.);
#120=ORIENTED_EDGE('',*,*,#715,.T.);
#121=ORIENTED_EDGE('',*,*,#716,.T.);
#122=ORIENTED_EDGE('',*,*,#717,.T.);
#123=ORIENTED_EDGE('',*,*,#718,.F.);
#124=ORIENTED_EDGE('',*,*,#719,.T.);
#125=ORIENTED_EDGE('',*,*,#720,.T.);
#126=ORIENTED_EDGE('',*,*,#721,.T.);
#127=ORIENTED_EDGE('',*,*,#722,.F.);
#128=ORIENTED_EDGE('',*,*,#723,.T.);
#129=ORIENTED_EDGE('',*,*,#724,.T.);
#130=ORIENTED_EDGE('',*,*,#725,.T.);
#131=ORIENTED_EDGE('',*,*,#726,.F.);
#132=ORIENTED_EDGE('',*,*,#727,.T.);
#133=ORIENTED_EDGE('',*,*,#728,.F.);
#134=ORIENTED_EDGE('',*,*,#729,.T.);
#135=ORIENTED_EDGE('',*,*,#730,.T.);
#136=ORIENTED_EDGE('',*,*,#688,.F.);
#137=ORIENTED_EDGE('',*,*,#730,.F.);
#138=ORIENTED_EDGE('',*,*,#731,.T.);
#139=ORIENTED_EDGE('',*,*,#732,.T.);
#140=ORIENTED_EDGE('',*,*,#689,.F.);
#141=ORIENTED_EDGE('',*,*,#733,.F.);
#142=ORIENTED_EDGE('',*,*,#734,.T.);
#143=ORIENTED_EDGE('',*,*,#690,.T.);
#144=ORIENTED_EDGE('',*,*,#732,.F.);
#145=ORIENTED_EDGE('',*,*,#734,.F.);
#146=ORIENTED_EDGE('',*,*,#735,.T.);
#147=ORIENTED_EDGE('',*,*,#639,.T.);
#148=ORIENTED_EDGE('',*,*,#691,.F.);
#149=ORIENTED_EDGE('',*,*,#736,.F.);
#150=ORIENTED_EDGE('',*,*,#737,.T.);
#151=ORIENTED_EDGE('',*,*,#738,.T.);
#152=ORIENTED_EDGE('',*,*,#684,.F.);
#153=ORIENTED_EDGE('',*,*,#738,.F.);
#154=ORIENTED_EDGE('',*,*,#739,.T.);
#155=ORIENTED_EDGE('',*,*,#740,.T.);
#156=ORIENTED_EDGE('',*,*,#685,.F.);
#157=ORIENTED_EDGE('',*,*,#741,.F.);
#158=ORIENTED_EDGE('',*,*,#742,.T.);
#159=ORIENTED_EDGE('',*,*,#686,.T.);
#160=ORIENTED_EDGE('',*,*,#740,.F.);
#161=ORIENTED_EDGE('',*,*,#742,.F.);
#162=ORIENTED_EDGE('',*,*,#743,.T.);
#163=ORIENTED_EDGE('',*,*,#728,.T.);
#164=ORIENTED_EDGE('',*,*,#687,.F.);
#165=ORIENTED_EDGE('',*,*,#744,.F.);
#166=ORIENTED_EDGE('',*,*,#745,.T.);
#167=ORIENTED_EDGE('',*,*,#746,.T.);
#168=ORIENTED_EDGE('',*,*,#680,.F.);
#169=ORIENTED_EDGE('',*,*,#746,.F.);
#170=ORIENTED_EDGE('',*,*,#747,.T.);
#171=ORIENTED_EDGE('',*,*,#748,.T.);
#172=ORIENTED_EDGE('',*,*,#681,.F.);
#173=ORIENTED_EDGE('',*,*,#749,.F.);
#174=ORIENTED_EDGE('',*,*,#750,.T.);
#175=ORIENTED_EDGE('',*,*,#682,.T.);
#176=ORIENTED_EDGE('',*,*,#748,.F.);
#177=ORIENTED_EDGE('',*,*,#750,.F.);
#178=ORIENTED_EDGE('',*,*,#751,.T.);
#179=ORIENTED_EDGE('',*,*,#736,.T.);
#180=ORIENTED_EDGE('',*,*,#683,.F.);
#181=ORIENTED_EDGE('',*,*,#752,.F.);
#182=ORIENTED_EDGE('',*,*,#753,.T.);
#183=ORIENTED_EDGE('',*,*,#754,.T.);
#184=ORIENTED_EDGE('',*,*,#676,.F.);
#185=ORIENTED_EDGE('',*,*,#754,.F.);
#186=ORIENTED_EDGE('',*,*,#755,.T.);
#187=ORIENTED_EDGE('',*,*,#756,.T.);
#188=ORIENTED_EDGE('',*,*,#677,.F.);
#189=ORIENTED_EDGE('',*,*,#757,.F.);
#190=ORIENTED_EDGE('',*,*,#758,.T.);
#191=ORIENTED_EDGE('',*,*,#678,.T.);
#192=ORIENTED_EDGE('',*,*,#756,.F.);
#193=ORIENTED_EDGE('',*,*,#758,.F.);
#194=ORIENTED_EDGE('',*,*,#759,.T.);
#195=ORIENTED_EDGE('',*,*,#744,.T.);
#196=ORIENTED_EDGE('',*,*,#679,.F.);
#197=ORIENTED_EDGE('',*,*,#760,.F.);
#198=ORIENTED_EDGE('',*,*,#761,.T.);
#199=ORIENTED_EDGE('',*,*,#762,.T.);
#200=ORIENTED_EDGE('',*,*,#672,.F.);
#201=ORIENTED_EDGE('',*,*,#762,.F.);
#202=ORIENTED_EDGE('',*,*,#763,.T.);
#203=ORIENTED_EDGE('',*,*,#764,.T.);
#204=ORIENTED_EDGE('',*,*,#673,.F.);
#205=ORIENTED_EDGE('',*,*,#765,.F.);
#206=ORIENTED_EDGE('',*,*,#766,.T.);
#207=ORIENTED_EDGE('',*,*,#674,.T.);
#208=ORIENTED_EDGE('',*,*,#764,.F.);
#209=ORIENTED_EDGE('',*,*,#766,.F.);
#210=ORIENTED_EDGE('',*,*,#767,.T.);
#211=ORIENTED_EDGE('',*,*,#752,.T.);
#212=ORIENTED_EDGE('',*,*,#675,.F.);
#213=ORIENTED_EDGE('',*,*,#768,.F.);
#214=ORIENTED_EDGE('',*,*,#769,.T.);
#215=ORIENTED_EDGE('',*,*,#770,.T.);
#216=ORIENTED_EDGE('',*,*,#668,.F.);
#217=ORIENTED_EDGE('',*,*,#770,.F.);
#218=ORIENTED_EDGE('',*,*,#771,.T.);
#219=ORIENTED_EDGE('',*,*,#772,.T.);
#220=ORIENTED_EDGE('',*,*,#669,.F.);
#221=ORIENTED_EDGE('',*,*,#773,.F.);
#222=ORIENTED_EDGE('',*,*,#774,.T.);
#223=ORIENTED_EDGE('',*,*,#670,.T.);
#224=ORIENTED_EDGE('',*,*,#772,.F.);
#225=ORIENTED_EDGE('',*,*,#774,.F.);
#226=ORIENTED_EDGE('',*,*,#775,.T.);
#227=ORIENTED_EDGE('',*,*,#760,.T.);
#228=ORIENTED_EDGE('',*,*,#671,.F.);
#229=ORIENTED_EDGE('',*,*,#776,.F.);
#230=ORIENTED_EDGE('',*,*,#777,.T.);
#231=ORIENTED_EDGE('',*,*,#778,.T.);
#232=ORIENTED_EDGE('',*,*,#664,.F.);
#233=ORIENTED_EDGE('',*,*,#778,.F.);
#234=ORIENTED_EDGE('',*,*,#779,.T.);
#235=ORIENTED_EDGE('',*,*,#780,.T.);
#236=ORIENTED_EDGE('',*,*,#665,.F.);
#237=ORIENTED_EDGE('',*,*,#781,.F.);
#238=ORIENTED_EDGE('',*,*,#782,.T.);
#239=ORIENTED_EDGE('',*,*,#666,.T.);
#240=ORIENTED_EDGE('',*,*,#780,.F.);
#241=ORIENTED_EDGE('',*,*,#782,.F.);
#242=ORIENTED_EDGE('',*,*,#783,.T.);
#243=ORIENTED_EDGE('',*,*,#768,.T.);
#244=ORIENTED_EDGE('',*,*,#667,.F.);
#245=ORIENTED_EDGE('',*,*,#784,.F.);
#246=ORIENTED_EDGE('',*,*,#785,.T.);
#247=ORIENTED_EDGE('',*,*,#786,.T.);
#248=ORIENTED_EDGE('',*,*,#660,.F.);
#249=ORIENTED_EDGE('',*,*,#786,.F.);
#250=ORIENTED_EDGE('',*,*,#787,.T.);
#251=ORIENTED_EDGE('',*,*,#788,.T.);
#252=ORIENTED_EDGE('',*,*,#661,.F.);
#253=ORIENTED_EDGE('',*,*,#789,.F.);
#254=ORIENTED_EDGE('',*,*,#790,.T.);
#255=ORIENTED_EDGE('',*,*,#662,.T.);
#256=ORIENTED_EDGE('',*,*,#788,.F.);
#257=ORIENTED_EDGE('',*,*,#790,.F.);
#258=ORIENTED_EDGE('',*,*,#791,.T.);
#259=ORIENTED_EDGE('',*,*,#776,.T.);
#260=ORIENTED_EDGE('',*,*,#663,.F.);
#261=ORIENTED_EDGE('',*,*,#792,.F.);
#262=ORIENTED_EDGE('',*,*,#793,.T.);
#263=ORIENTED_EDGE('',*,*,#794,.T.);
#264=ORIENTED_EDGE('',*,*,#656,.F.);
#265=ORIENTED_EDGE('',*,*,#794,.F.);
#266=ORIENTED_EDGE('',*,*,#795,.T.);
#267=ORIENTED_EDGE('',*,*,#796,.T.);
#268=ORIENTED_EDGE('',*,*,#657,.F.);
#269=ORIENTED_EDGE('',*,*,#797,.F.);
#270=ORIENTED_EDGE('',*,*,#798,.T.);
#271=ORIENTED_EDGE('',*,*,#658,.T.);
#272=ORIENTED_EDGE('',*,*,#796,.F.);
#273=ORIENTED_EDGE('',*,*,#798,.F.);
#274=ORIENTED_EDGE('',*,*,#799,.T.);
#275=ORIENTED_EDGE('',*,*,#784,.T.);
#276=ORIENTED_EDGE('',*,*,#659,.F.);
#277=ORIENTED_EDGE('',*,*,#650,.F.);
#278=ORIENTED_EDGE('',*,*,#800,.T.);
#279=ORIENTED_EDGE('',*,*,#801,.T.);
#280=ORIENTED_EDGE('',*,*,#692,.F.);
#281=ORIENTED_EDGE('',*,*,#801,.F.);
#282=ORIENTED_EDGE('',*,*,#802,.T.);
#283=ORIENTED_EDGE('',*,*,#803,.T.);
#284=ORIENTED_EDGE('',*,*,#693,.F.);
#285=ORIENTED_EDGE('',*,*,#804,.F.);
#286=ORIENTED_EDGE('',*,*,#805,.T.);
#287=ORIENTED_EDGE('',*,*,#694,.T.);
#288=ORIENTED_EDGE('',*,*,#803,.F.);
#289=ORIENTED_EDGE('',*,*,#805,.F.);
#290=ORIENTED_EDGE('',*,*,#806,.T.);
#291=ORIENTED_EDGE('',*,*,#807,.T.);
#292=ORIENTED_EDGE('',*,*,#695,.F.);
#293=ORIENTED_EDGE('',*,*,#807,.F.);
#294=ORIENTED_EDGE('',*,*,#808,.T.);
#295=ORIENTED_EDGE('',*,*,#809,.T.);
#296=ORIENTED_EDGE('',*,*,#696,.F.);
#297=ORIENTED_EDGE('',*,*,#809,.F.);
#298=ORIENTED_EDGE('',*,*,#810,.T.);
#299=ORIENTED_EDGE('',*,*,#811,.T.);
#300=ORIENTED_EDGE('',*,*,#697,.F.);
#301=ORIENTED_EDGE('',*,*,#812,.F.);
#302=ORIENTED_EDGE('',*,*,#813,.T.);
#303=ORIENTED_EDGE('',*,*,#698,.T.);
#304=ORIENTED_EDGE('',*,*,#811,.F.);
#305=ORIENTED_EDGE('',*,*,#813,.F.);
#306=ORIENTED_EDGE('',*,*,#814,.T.);
#307=ORIENTED_EDGE('',*,*,#815,.T.);
#308=ORIENTED_EDGE('',*,*,#699,.F.);
#309=ORIENTED_EDGE('',*,*,#815,.F.);
#310=ORIENTED_EDGE('',*,*,#816,.T.);
#311=ORIENTED_EDGE('',*,*,#817,.T.);
#312=ORIENTED_EDGE('',*,*,#700,.F.);
#313=ORIENTED_EDGE('',*,*,#817,.F.);
#314=ORIENTED_EDGE('',*,*,#818,.T.);
#315=ORIENTED_EDGE('',*,*,#819,.T.);
#316=ORIENTED_EDGE('',*,*,#701,.F.);
#317=ORIENTED_EDGE('',*,*,#820,.F.);
#318=ORIENTED_EDGE('',*,*,#821,.T.);
#319=ORIENTED_EDGE('',*,*,#702,.T.);
#320=ORIENTED_EDGE('',*,*,#819,.F.);
#321=ORIENTED_EDGE('',*,*,#821,.F.);
#322=ORIENTED_EDGE('',*,*,#822,.T.);
#323=ORIENTED_EDGE('',*,*,#823,.T.);
#324=ORIENTED_EDGE('',*,*,#703,.F.);
#325=ORIENTED_EDGE('',*,*,#823,.F.);
#326=ORIENTED_EDGE('',*,*,#824,.T.);
#327=ORIENTED_EDGE('',*,*,#825,.T.);
#328=ORIENTED_EDGE('',*,*,#704,.F.);
#329=ORIENTED_EDGE('',*,*,#825,.F.);
#330=ORIENTED_EDGE('',*,*,#826,.T.);
#331=ORIENTED_EDGE('',*,*,#827,.T.);
#332=ORIENTED_EDGE('',*,*,#705,.F.);
#333=ORIENTED_EDGE('',*,*,#828,.F.);
#334=ORIENTED_EDGE('',*,*,#829,.T.);
#335=ORIENTED_EDGE('',*,*,#706,.T.);
#336=ORIENTED_EDGE('',*,*,#827,.F.);
#337=ORIENTED_EDGE('',*,*,#829,.F.);
#338=ORIENTED_EDGE('',*,*,#830,.T.);
#339=ORIENTED_EDGE('',*,*,#831,.T.);
#340=ORIENTED_EDGE('',*,*,#707,.F.);
#341=ORIENTED_EDGE('',*,*,#831,.F.);
#342=ORIENTED_EDGE('',*,*,#832,.T.);
#343=ORIENTED_EDGE('',*,*,#833,.T.);
#344=ORIENTED_EDGE('',*,*,#708,.F.);
#345=ORIENTED_EDGE('',*,*,#833,.F.);
#346=ORIENTED_EDGE('',*,*,#834,.T.);
#347=ORIENTED_EDGE('',*,*,#835,.T.);
#348=ORIENTED_EDGE('',*,*,#709,.F.);
#349=ORIENTED_EDGE('',*,*,#836,.F.);
#350=ORIENTED_EDGE('',*,*,#837,.T.);
#351=ORIENTED_EDGE('',*,*,#710,.T.);
#352=ORIENTED_EDGE('',*,*,#835,.F.);
#353=ORIENTED_EDGE('',*,*,#837,.F.);
#354=ORIENTED_EDGE('',*,*,#838,.T.);
#355=ORIENTED_EDGE('',*,*,#839,.T.);
#356=ORIENTED_EDGE('',*,*,#711,.F.);
#357=ORIENTED_EDGE('',*,*,#839,.F.);
#358=ORIENTED_EDGE('',*,*,#840,.T.);
#359=ORIENTED_EDGE('',*,*,#841,.T.);
#360=ORIENTED_EDGE('',*,*,#712,.F.);
#361=ORIENTED_EDGE('',*,*,#841,.F.);
#362=ORIENTED_EDGE('',*,*,#842,.T.);
#363=ORIENTED_EDGE('',*,*,#843,.T.);
#364=ORIENTED_EDGE('',*,*,#713,.F.);
#365=ORIENTED_EDGE('',*,*,#844,.F.);
#366=ORIENTED_EDGE('',*,*,#845,.T.);
#367=ORIENTED_EDGE('',*,*,#714,.T.);
#368=ORIENTED_EDGE('',*,*,#843,.F.);
#369=ORIENTED_EDGE('',*,*,#845,.F.);
#370=ORIENTED_EDGE('',*,*,#846,.T.);
#371=ORIENTED_EDGE('',*,*,#847,.T.);
#372=ORIENTED_EDGE('',*,*,#715,.F.);
#373=ORIENTED_EDGE('',*,*,#847,.F.);
#374=ORIENTED_EDGE('',*,*,#848,.T.);
#375=ORIENTED_EDGE('',*,*,#849,.T.);
#376=ORIENTED_EDGE('',*,*,#716,.F.);
#377=ORIENTED_EDGE('',*,*,#849,.F.);
#378=ORIENTED_EDGE('',*,*,#850,.T.);
#379=ORIENTED_EDGE('',*,*,#851,.T.);
#380=ORIENTED_EDGE('',*,*,#717,.F.);
#381=ORIENTED_EDGE('',*,*,#852,.F.);
#382=ORIENTED_EDGE('',*,*,#853,.T.);
#383=ORIENTED_EDGE('',*,*,#718,.T.);
#384=ORIENTED_EDGE('',*,*,#851,.F.);
#385=ORIENTED_EDGE('',*,*,#853,.F.);
#386=ORIENTED_EDGE('',*,*,#854,.T.);
#387=ORIENTED_EDGE('',*,*,#855,.T.);
#388=ORIENTED_EDGE('',*,*,#719,.F.);
#389=ORIENTED_EDGE('',*,*,#855,.F.);
#390=ORIENTED_EDGE('',*,*,#856,.T.);
#391=ORIENTED_EDGE('',*,*,#857,.T.);
#392=ORIENTED_EDGE('',*,*,#720,.F.);
#393=ORIENTED_EDGE('',*,*,#857,.F.);
#394=ORIENTED_EDGE('',*,*,#858,.T.);
#395=ORIENTED_EDGE('',*,*,#859,.T.);
#396=ORIENTED_EDGE('',*,*,#721,.F.);
#397=ORIENTED_EDGE('',*,*,#860,.F.);
#398=ORIENTED_EDGE('',*,*,#861,.T.);
#399=ORIENTED_EDGE('',*,*,#722,.T.);
#400=ORIENTED_EDGE('',*,*,#859,.F.);
#401=ORIENTED_EDGE('',*,*,#861,.F.);
#402=ORIENTED_EDGE('',*,*,#862,.T.);
#403=ORIENTED_EDGE('',*,*,#863,.T.);
#404=ORIENTED_EDGE('',*,*,#723,.F.);
#405=ORIENTED_EDGE('',*,*,#863,.F.);
#406=ORIENTED_EDGE('',*,*,#864,.T.);
#407=ORIENTED_EDGE('',*,*,#865,.T.);
#408=ORIENTED_EDGE('',*,*,#724,.F.);
#409=ORIENTED_EDGE('',*,*,#865,.F.);
#410=ORIENTED_EDGE('',*,*,#866,.T.);
#411=ORIENTED_EDGE('',*,*,#867,.T.);
#412=ORIENTED_EDGE('',*,*,#725,.F.);
#413=ORIENTED_EDGE('',*,*,#868,.F.);
#414=ORIENTED_EDGE('',*,*,#869,.T.);
#415=ORIENTED_EDGE('',*,*,#726,.T.);
#416=ORIENTED_EDGE('',*,*,#867,.F.);
#417=ORIENTED_EDGE('',*,*,#869,.F.);
#418=ORIENTED_EDGE('',*,*,#870,.T.);
#419=ORIENTED_EDGE('',*,*,#871,.T.);
#420=ORIENTED_EDGE('',*,*,#727,.F.);
#421=ORIENTED_EDGE('',*,*,#871,.F.);
#422=ORIENTED_EDGE('',*,*,#872,.T.);
#423=ORIENTED_EDGE('',*,*,#638,.F.);
#424=ORIENTED_EDGE('',*,*,#633,.F.);
#425=ORIENTED_EDGE('',*,*,#629,.T.);
#426=ORIENTED_EDGE('',*,*,#873,.F.);
#427=ORIENTED_EDGE('',*,*,#874,.T.);
#428=ORIENTED_EDGE('',*,*,#652,.T.);
#429=ORIENTED_EDGE('',*,*,#870,.F.);
#430=ORIENTED_EDGE('',*,*,#868,.T.);
#431=ORIENTED_EDGE('',*,*,#866,.F.);
#432=ORIENTED_EDGE('',*,*,#864,.F.);
#433=ORIENTED_EDGE('',*,*,#862,.F.);
#434=ORIENTED_EDGE('',*,*,#860,.T.);
#435=ORIENTED_EDGE('',*,*,#858,.F.);
#436=ORIENTED_EDGE('',*,*,#856,.F.);
#437=ORIENTED_EDGE('',*,*,#854,.F.);
#438=ORIENTED_EDGE('',*,*,#852,.T.);
#439=ORIENTED_EDGE('',*,*,#850,.F.);
#440=ORIENTED_EDGE('',*,*,#848,.F.);
#441=ORIENTED_EDGE('',*,*,#846,.F.);
#442=ORIENTED_EDGE('',*,*,#844,.T.);
#443=ORIENTED_EDGE('',*,*,#842,.F.);
#444=ORIENTED_EDGE('',*,*,#840,.F.);
#445=ORIENTED_EDGE('',*,*,#838,.F.);
#446=ORIENTED_EDGE('',*,*,#836,.T.);
#447=ORIENTED_EDGE('',*,*,#834,.F.);
#448=ORIENTED_EDGE('',*,*,#832,.F.);
#449=ORIENTED_EDGE('',*,*,#830,.F.);
#450=ORIENTED_EDGE('',*,*,#828,.T.);
#451=ORIENTED_EDGE('',*,*,#826,.F.);
#452=ORIENTED_EDGE('',*,*,#824,.F.);
#453=ORIENTED_EDGE('',*,*,#822,.F.);
#454=ORIENTED_EDGE('',*,*,#820,.T.);
#455=ORIENTED_EDGE('',*,*,#818,.F.);
#456=ORIENTED_EDGE('',*,*,#816,.F.);
#457=ORIENTED_EDGE('',*,*,#814,.F.);
#458=ORIENTED_EDGE('',*,*,#812,.T.);
#459=ORIENTED_EDGE('',*,*,#810,.F.);
#460=ORIENTED_EDGE('',*,*,#808,.F.);
#461=ORIENTED_EDGE('',*,*,#806,.F.);
#462=ORIENTED_EDGE('',*,*,#804,.T.);
#463=ORIENTED_EDGE('',*,*,#802,.F.);
#464=ORIENTED_EDGE('',*,*,#800,.F.);
#465=ORIENTED_EDGE('',*,*,#649,.F.);
#466=ORIENTED_EDGE('',*,*,#646,.T.);
#467=ORIENTED_EDGE('',*,*,#643,.F.);
#468=ORIENTED_EDGE('',*,*,#640,.F.);
#469=ORIENTED_EDGE('',*,*,#735,.F.);
#470=ORIENTED_EDGE('',*,*,#733,.T.);
#471=ORIENTED_EDGE('',*,*,#731,.F.);
#472=ORIENTED_EDGE('',*,*,#729,.F.);
#473=ORIENTED_EDGE('',*,*,#743,.F.);
#474=ORIENTED_EDGE('',*,*,#741,.T.);
#475=ORIENTED_EDGE('',*,*,#739,.F.);
#476=ORIENTED_EDGE('',*,*,#737,.F.);
#477=ORIENTED_EDGE('',*,*,#751,.F.);
#478=ORIENTED_EDGE('',*,*,#749,.T.);
#479=ORIENTED_EDGE('',*,*,#747,.F.);
#480=ORIENTED_EDGE('',*,*,#745,.F.);
#481=ORIENTED_EDGE('',*,*,#759,.F.);
#482=ORIENTED_EDGE('',*,*,#757,.T.);
#483=ORIENTED_EDGE('',*,*,#755,.F.);
#484=ORIENTED_EDGE('',*,*,#753,.F.);
#485=ORIENTED_EDGE('',*,*,#767,.F.);
#486=ORIENTED_EDGE('',*,*,#765,.T.);
#487=ORIENTED_EDGE('',*,*,#763,.F.);
#488=ORIENTED_EDGE('',*,*,#761,.F.);
#489=ORIENTED_EDGE('',*,*,#775,.F.);
#490=ORIENTED_EDGE('',*,*,#773,.T.);
#491=ORIENTED_EDGE('',*,*,#771,.F.);
#492=ORIENTED_EDGE('',*,*,#769,.F.);
#493=ORIENTED_EDGE('',*,*,#783,.F.);
#494=ORIENTED_EDGE('',*,*,#781,.T.);
#495=ORIENTED_EDGE('',*,*,#779,.F.);
#496=ORIENTED_EDGE('',*,*,#777,.F.);
#497=ORIENTED_EDGE('',*,*,#791,.F.);
#498=ORIENTED_EDGE('',*,*,#789,.T.);
#499=ORIENTED_EDGE('',*,*,#787,.F.);
#500=ORIENTED_EDGE('',*,*,#785,.F.);
#501=ORIENTED_EDGE('',*,*,#799,.F.);
#502=ORIENTED_EDGE('',*,*,#797,.T.);
#503=ORIENTED_EDGE('',*,*,#795,.F.);
#504=ORIENTED_EDGE('',*,*,#793,.F.);
#505=ORIENTED_EDGE('',*,*,#875,.F.);
#506=ORIENTED_EDGE('',*,*,#876,.F.);
#507=ORIENTED_EDGE('',*,*,#636,.T.);
#508=ORIENTED_EDGE('',*,*,#872,.F.);
#509=ORIENTED_EDGE('',*,*,#628,.F.);
#510=ORIENTED_EDGE('',*,*,#877,.F.);
#511=ORIENTED_EDGE('',*,*,#878,.T.);
#512=ORIENTED_EDGE('',*,*,#873,.T.);
#513=ORIENTED_EDGE('',*,*,#878,.F.);
#514=ORIENTED_EDGE('',*,*,#879,.T.);
#515=ORIENTED_EDGE('',*,*,#653,.T.);
#516=ORIENTED_EDGE('',*,*,#874,.F.);
#517=ORIENTED_EDGE('',*,*,#792,.T.);
#518=ORIENTED_EDGE('',*,*,#655,.F.);
#519=ORIENTED_EDGE('',*,*,#880,.F.);
#520=ORIENTED_EDGE('',*,*,#875,.T.);
#521=ORIENTED_EDGE('',*,*,#627,.F.);
#522=ORIENTED_EDGE('',*,*,#881,.T.);
#523=ORIENTED_EDGE('',*,*,#882,.F.);
#524=ORIENTED_EDGE('',*,*,#883,.T.);
#525=ORIENTED_EDGE('',*,*,#884,.F.);
#526=ORIENTED_EDGE('',*,*,#885,.F.);
#527=ORIENTED_EDGE('',*,*,#886,.T.);
#528=ORIENTED_EDGE('',*,*,#887,.T.);
#529=ORIENTED_EDGE('',*,*,#888,.T.);
#530=ORIENTED_EDGE('',*,*,#635,.F.);
#531=ORIENTED_EDGE('',*,*,#637,.T.);
#532=ORIENTED_EDGE('',*,*,#876,.T.);
#533=ORIENTED_EDGE('',*,*,#880,.T.);
#534=ORIENTED_EDGE('',*,*,#654,.T.);
#535=ORIENTED_EDGE('',*,*,#879,.F.);
#536=ORIENTED_EDGE('',*,*,#877,.T.);
#537=ORIENTED_EDGE('',*,*,#889,.F.);
#538=ORIENTED_EDGE('',*,*,#632,.F.);
#539=ORIENTED_EDGE('',*,*,#890,.F.);
#540=ORIENTED_EDGE('',*,*,#891,.F.);
#541=ORIENTED_EDGE('',*,*,#892,.F.);
#542=ORIENTED_EDGE('',*,*,#893,.T.);
#543=ORIENTED_EDGE('',*,*,#894,.T.);
#544=ORIENTED_EDGE('',*,*,#895,.T.);
#545=ORIENTED_EDGE('',*,*,#896,.T.);
#546=ORIENTED_EDGE('',*,*,#897,.T.);
#547=ORIENTED_EDGE('',*,*,#898,.F.);
#548=ORIENTED_EDGE('',*,*,#899,.F.);
#549=ORIENTED_EDGE('',*,*,#900,.F.);
#550=ORIENTED_EDGE('',*,*,#901,.F.);
#551=ORIENTED_EDGE('',*,*,#902,.T.);
#552=ORIENTED_EDGE('',*,*,#631,.F.);
#553=ORIENTED_EDGE('',*,*,#888,.F.);
#554=ORIENTED_EDGE('',*,*,#903,.T.);
#555=ORIENTED_EDGE('',*,*,#890,.T.);
#556=ORIENTED_EDGE('',*,*,#904,.F.);
#557=ORIENTED_EDGE('',*,*,#886,.F.);
#558=ORIENTED_EDGE('',*,*,#905,.T.);
#559=ORIENTED_EDGE('',*,*,#892,.T.);
#560=ORIENTED_EDGE('',*,*,#882,.T.);
#561=ORIENTED_EDGE('',*,*,#906,.T.);
#562=ORIENTED_EDGE('',*,*,#902,.F.);
#563=ORIENTED_EDGE('',*,*,#907,.F.);
#564=ORIENTED_EDGE('',*,*,#903,.F.);
#565=ORIENTED_EDGE('',*,*,#887,.F.);
#566=ORIENTED_EDGE('',*,*,#904,.T.);
#567=ORIENTED_EDGE('',*,*,#891,.T.);
#568=ORIENTED_EDGE('',*,*,#881,.F.);
#569=ORIENTED_EDGE('',*,*,#626,.T.);
#570=ORIENTED_EDGE('',*,*,#889,.T.);
#571=ORIENTED_EDGE('',*,*,#906,.F.);
#572=ORIENTED_EDGE('',*,*,#908,.F.);
#573=ORIENTED_EDGE('',*,*,#893,.F.);
#574=ORIENTED_EDGE('',*,*,#905,.F.);
#575=ORIENTED_EDGE('',*,*,#885,.T.);
#576=ORIENTED_EDGE('',*,*,#901,.T.);
#577=ORIENTED_EDGE('',*,*,#909,.F.);
#578=ORIENTED_EDGE('',*,*,#883,.F.);
#579=ORIENTED_EDGE('',*,*,#907,.T.);
#580=ORIENTED_EDGE('',*,*,#900,.T.);
#581=ORIENTED_EDGE('',*,*,#910,.F.);
#582=ORIENTED_EDGE('',*,*,#911,.F.);
#583=ORIENTED_EDGE('',*,*,#909,.T.);
#584=ORIENTED_EDGE('',*,*,#911,.T.);
#585=ORIENTED_EDGE('',*,*,#912,.F.);
#586=ORIENTED_EDGE('',*,*,#913,.F.);
#587=ORIENTED_EDGE('',*,*,#884,.T.);
#588=ORIENTED_EDGE('',*,*,#913,.T.);
#589=ORIENTED_EDGE('',*,*,#914,.F.);
#590=ORIENTED_EDGE('',*,*,#894,.F.);
#591=ORIENTED_EDGE('',*,*,#908,.T.);
#592=ORIENTED_EDGE('',*,*,#915,.F.);
#593=ORIENTED_EDGE('',*,*,#896,.F.);
#594=ORIENTED_EDGE('',*,*,#916,.T.);
#595=ORIENTED_EDGE('',*,*,#917,.T.);
#596=ORIENTED_EDGE('',*,*,#918,.F.);
#597=ORIENTED_EDGE('',*,*,#919,.F.);
#598=ORIENTED_EDGE('',*,*,#920,.F.);
#599=ORIENTED_EDGE('',*,*,#917,.F.);
#600=ORIENTED_EDGE('',*,*,#921,.F.);
#601=ORIENTED_EDGE('',*,*,#912,.T.);
#602=ORIENTED_EDGE('',*,*,#922,.T.);
#603=ORIENTED_EDGE('',*,*,#923,.T.);
#604=ORIENTED_EDGE('',*,*,#924,.T.);
#605=ORIENTED_EDGE('',*,*,#923,.F.);
#606=ORIENTED_EDGE('',*,*,#925,.F.);
#607=ORIENTED_EDGE('',*,*,#898,.T.);
#608=ORIENTED_EDGE('',*,*,#897,.F.);
#609=ORIENTED_EDGE('',*,*,#915,.T.);
#610=ORIENTED_EDGE('',*,*,#920,.T.);
#611=ORIENTED_EDGE('',*,*,#924,.F.);
#612=ORIENTED_EDGE('',*,*,#925,.T.);
#613=ORIENTED_EDGE('',*,*,#922,.F.);
#614=ORIENTED_EDGE('',*,*,#910,.T.);
#615=ORIENTED_EDGE('',*,*,#899,.T.);
#616=ORIENTED_EDGE('',*,*,#921,.T.);
#617=ORIENTED_EDGE('',*,*,#916,.F.);
#618=ORIENTED_EDGE('',*,*,#895,.F.);
#619=ORIENTED_EDGE('',*,*,#914,.T.);
#620=ORIENTED_EDGE('',*,*,#926,.F.);
#621=ORIENTED_EDGE('',*,*,#919,.T.);
#622=ORIENTED_EDGE('',*,*,#926,.T.);
#623=ORIENTED_EDGE('',*,*,#927,.F.);
#624=ORIENTED_EDGE('',*,*,#918,.T.);
#625=ORIENTED_EDGE('',*,*,#927,.T.);
#626=EDGE_CURVE('',#928,#929,#1129,.T.);
#627=EDGE_CURVE('',#928,#930,#1130,.T.);
#628=EDGE_CURVE('',#930,#931,#1131,.T.);
#629=EDGE_CURVE('',#932,#931,#1132,.T.);
#630=EDGE_CURVE('',#929,#932,#1133,.T.);
#631=EDGE_CURVE('',#933,#934,#1134,.T.);
#632=EDGE_CURVE('',#934,#929,#1135,.T.);
#633=EDGE_CURVE('',#932,#935,#1136,.T.);
#634=EDGE_CURVE('',#936,#935,#1137,.T.);
#635=EDGE_CURVE('',#936,#933,#1138,.T.);
#636=EDGE_CURVE('',#937,#938,#1139,.T.);
#637=EDGE_CURVE('',#936,#937,#1140,.T.);
#638=EDGE_CURVE('',#935,#938,#1141,.T.);
#639=EDGE_CURVE('',#939,#940,#1142,.T.);
#640=EDGE_CURVE('',#939,#941,#1143,.T.);
#641=EDGE_CURVE('',#941,#942,#1144,.T.);
#642=EDGE_CURVE('',#940,#942,#1145,.T.);
#643=EDGE_CURVE('',#941,#943,#1146,.T.);
#644=EDGE_CURVE('',#943,#944,#1147,.T.);
#645=EDGE_CURVE('',#942,#944,#1148,.T.);
#646=EDGE_CURVE('',#945,#943,#1149,.T.);
#647=EDGE_CURVE('',#945,#946,#1150,.T.);
#648=EDGE_CURVE('',#946,#944,#1151,.T.);
#649=EDGE_CURVE('',#945,#947,#1152,.T.);
#650=EDGE_CURVE('',#947,#948,#1153,.T.);
#651=EDGE_CURVE('',#946,#948,#1154,.T.);
#652=EDGE_CURVE('',#949,#950,#1155,.T.);
#653=EDGE_CURVE('',#951,#949,#1156,.T.);
#654=EDGE_CURVE('',#952,#951,#1157,.T.);
#655=EDGE_CURVE('',#952,#953,#1158,.T.);
#656=EDGE_CURVE('',#953,#954,#1159,.T.);
#657=EDGE_CURVE('',#954,#955,#1160,.T.);
#658=EDGE_CURVE('',#956,#955,#1161,.T.);
#659=EDGE_CURVE('',#956,#957,#1162,.T.);
#660=EDGE_CURVE('',#957,#958,#1163,.T.);
#661=EDGE_CURVE('',#958,#959,#1164,.T.);
#662=EDGE_CURVE('',#960,#959,#1165,.T.);
#663=EDGE_CURVE('',#960,#961,#1166,.T.);
#664=EDGE_CURVE('',#961,#962,#1167,.T.);
#665=EDGE_CURVE('',#962,#963,#1168,.T.);
#666=EDGE_CURVE('',#964,#963,#1169,.T.);
#667=EDGE_CURVE('',#964,#965,#1170,.T.);
#668=EDGE_CURVE('',#965,#966,#1171,.T.);
#669=EDGE_CURVE('',#966,#967,#1172,.T.);
#670=EDGE_CURVE('',#968,#967,#1173,.T.);
#671=EDGE_CURVE('',#968,#969,#1174,.T.);
#672=EDGE_CURVE('',#969,#970,#1175,.T.);
#673=EDGE_CURVE('',#970,#971,#1176,.T.);
#674=EDGE_CURVE('',#972,#971,#1177,.T.);
#675=EDGE_CURVE('',#972,#973,#1178,.T.);
#676=EDGE_CURVE('',#973,#974,#1179,.T.);
#677=EDGE_CURVE('',#974,#975,#1180,.T.);
#678=EDGE_CURVE('',#976,#975,#1181,.T.);
#679=EDGE_CURVE('',#976,#977,#1182,.T.);
#680=EDGE_CURVE('',#977,#978,#1183,.T.);
#681=EDGE_CURVE('',#978,#979,#1184,.T.);
#682=EDGE_CURVE('',#980,#979,#1185,.T.);
#683=EDGE_CURVE('',#980,#981,#1186,.T.);
#684=EDGE_CURVE('',#981,#982,#1187,.T.);
#685=EDGE_CURVE('',#982,#983,#1188,.T.);
#686=EDGE_CURVE('',#984,#983,#1189,.T.);
#687=EDGE_CURVE('',#984,#985,#1190,.T.);
#688=EDGE_CURVE('',#985,#986,#1191,.T.);
#689=EDGE_CURVE('',#986,#987,#1192,.T.);
#690=EDGE_CURVE('',#988,#987,#1193,.T.);
#691=EDGE_CURVE('',#988,#940,#1194,.T.);
#692=EDGE_CURVE('',#948,#989,#1195,.T.);
#693=EDGE_CURVE('',#989,#990,#1196,.T.);
#694=EDGE_CURVE('',#991,#990,#1197,.T.);
#695=EDGE_CURVE('',#991,#992,#1198,.T.);
#696=EDGE_CURVE('',#992,#993,#1199,.T.);
#697=EDGE_CURVE('',#993,#994,#1200,.T.);
#698=EDGE_CURVE('',#995,#994,#1201,.T.);
#699=EDGE_CURVE('',#995,#996,#1202,.T.);
#700=EDGE_CURVE('',#996,#997,#1203,.T.);
#701=EDGE_CURVE('',#997,#998,#1204,.T.);
#702=EDGE_CURVE('',#999,#998,#1205,.T.);
#703=EDGE_CURVE('',#999,#1000,#1206,.T.);
#704=EDGE_CURVE('',#1000,#1001,#1207,.T.);
#705=EDGE_CURVE('',#1001,#1002,#1208,.T.);
#706=EDGE_CURVE('',#1003,#1002,#1209,.T.);
#707=EDGE_CURVE('',#1003,#1004,#1210,.T.);
#708=EDGE_CURVE('',#1004,#1005,#1211,.T.);
#709=EDGE_CURVE('',#1005,#1006,#1212,.T.);
#710=EDGE_CURVE('',#1007,#1006,#1213,.T.);
#711=EDGE_CURVE('',#1007,#1008,#1214,.T.);
#712=EDGE_CURVE('',#1008,#1009,#1215,.T.);
#713=EDGE_CURVE('',#1009,#1010,#1216,.T.);
#714=EDGE_CURVE('',#1011,#1010,#1217,.T.);
#715=EDGE_CURVE('',#1011,#1012,#1218,.T.);
#716=EDGE_CURVE('',#1012,#1013,#1219,.T.);
#717=EDGE_CURVE('',#1013,#1014,#1220,.T.);
#718=EDGE_CURVE('',#1015,#1014,#1221,.T.);
#719=EDGE_CURVE('',#1015,#1016,#1222,.T.);
#720=EDGE_CURVE('',#1016,#1017,#1223,.T.);
#721=EDGE_CURVE('',#1017,#1018,#1224,.T.);
#722=EDGE_CURVE('',#1019,#1018,#1225,.T.);
#723=EDGE_CURVE('',#1019,#1020,#1226,.T.);
#724=EDGE_CURVE('',#1020,#1021,#1227,.T.);
#725=EDGE_CURVE('',#1021,#1022,#1228,.T.);
#726=EDGE_CURVE('',#1023,#1022,#1229,.T.);
#727=EDGE_CURVE('',#1023,#950,#1230,.T.);
#728=EDGE_CURVE('',#1024,#985,#1231,.T.);
#729=EDGE_CURVE('',#1024,#1025,#1232,.T.);
#730=EDGE_CURVE('',#1025,#986,#1233,.T.);
#731=EDGE_CURVE('',#1025,#1026,#1234,.T.);
#732=EDGE_CURVE('',#1026,#987,#1235,.T.);
#733=EDGE_CURVE('',#1027,#1026,#1236,.T.);
#734=EDGE_CURVE('',#1027,#988,#1237,.T.);
#735=EDGE_CURVE('',#1027,#939,#1238,.T.);
#736=EDGE_CURVE('',#1028,#981,#1239,.T.);
#737=EDGE_CURVE('',#1028,#1029,#1240,.T.);
#738=EDGE_CURVE('',#1029,#982,#1241,.T.);
#739=EDGE_CURVE('',#1029,#1030,#1242,.T.);
#740=EDGE_CURVE('',#1030,#983,#1243,.T.);
#741=EDGE_CURVE('',#1031,#1030,#1244,.T.);
#742=EDGE_CURVE('',#1031,#984,#1245,.T.);
#743=EDGE_CURVE('',#1031,#1024,#1246,.T.);
#744=EDGE_CURVE('',#1032,#977,#1247,.T.);
#745=EDGE_CURVE('',#1032,#1033,#1248,.T.);
#746=EDGE_CURVE('',#1033,#978,#1249,.T.);
#747=EDGE_CURVE('',#1033,#1034,#1250,.T.);
#748=EDGE_CURVE('',#1034,#979,#1251,.T.);
#749=EDGE_CURVE('',#1035,#1034,#1252,.T.);
#750=EDGE_CURVE('',#1035,#980,#1253,.T.);
#751=EDGE_CURVE('',#1035,#1028,#1254,.T.);
#752=EDGE_CURVE('',#1036,#973,#1255,.T.);
#753=EDGE_CURVE('',#1036,#1037,#1256,.T.);
#754=EDGE_CURVE('',#1037,#974,#1257,.T.);
#755=EDGE_CURVE('',#1037,#1038,#1258,.T.);
#756=EDGE_CURVE('',#1038,#975,#1259,.T.);
#757=EDGE_CURVE('',#1039,#1038,#1260,.T.);
#758=EDGE_CURVE('',#1039,#976,#1261,.T.);
#759=EDGE_CURVE('',#1039,#1032,#1262,.T.);
#760=EDGE_CURVE('',#1040,#969,#1263,.T.);
#761=EDGE_CURVE('',#1040,#1041,#1264,.T.);
#762=EDGE_CURVE('',#1041,#970,#1265,.T.);
#763=EDGE_CURVE('',#1041,#1042,#1266,.T.);
#764=EDGE_CURVE('',#1042,#971,#1267,.T.);
#765=EDGE_CURVE('',#1043,#1042,#1268,.T.);
#766=EDGE_CURVE('',#1043,#972,#1269,.T.);
#767=EDGE_CURVE('',#1043,#1036,#1270,.T.);
#768=EDGE_CURVE('',#1044,#965,#1271,.T.);
#769=EDGE_CURVE('',#1044,#1045,#1272,.T.);
#770=EDGE_CURVE('',#1045,#966,#1273,.T.);
#771=EDGE_CURVE('',#1045,#1046,#1274,.T.);
#772=EDGE_CURVE('',#1046,#967,#1275,.T.);
#773=EDGE_CURVE('',#1047,#1046,#1276,.T.);
#774=EDGE_CURVE('',#1047,#968,#1277,.T.);
#775=EDGE_CURVE('',#1047,#1040,#1278,.T.);
#776=EDGE_CURVE('',#1048,#961,#1279,.T.);
#777=EDGE_CURVE('',#1048,#1049,#1280,.T.);
#778=EDGE_CURVE('',#1049,#962,#1281,.T.);
#779=EDGE_CURVE('',#1049,#1050,#1282,.T.);
#780=EDGE_CURVE('',#1050,#963,#1283,.T.);
#781=EDGE_CURVE('',#1051,#1050,#1284,.T.);
#782=EDGE_CURVE('',#1051,#964,#1285,.T.);
#783=EDGE_CURVE('',#1051,#1044,#1286,.T.);
#784=EDGE_CURVE('',#1052,#957,#1287,.T.);
#785=EDGE_CURVE('',#1052,#1053,#1288,.T.);
#786=EDGE_CURVE('',#1053,#958,#1289,.T.);
#787=EDGE_CURVE('',#1053,#1054,#1290,.T.);
#788=EDGE_CURVE('',#1054,#959,#1291,.T.);
#789=EDGE_CURVE('',#1055,#1054,#1292,.T.);
#790=EDGE_CURVE('',#1055,#960,#1293,.T.);
#791=EDGE_CURVE('',#1055,#1048,#1294,.T.);
#792=EDGE_CURVE('',#1056,#953,#1295,.T.);
#793=EDGE_CURVE('',#1056,#1057,#1296,.T.);
#794=EDGE_CURVE('',#1057,#954,#1297,.T.);
#795=EDGE_CURVE('',#1057,#1058,#1298,.T.);
#796=EDGE_CURVE('',#1058,#955,#1299,.T.);
#797=EDGE_CURVE('',#1059,#1058,#1300,.T.);
#798=EDGE_CURVE('',#1059,#956,#1301,.T.);
#799=EDGE_CURVE('',#1059,#1052,#1302,.T.);
#800=EDGE_CURVE('',#947,#1060,#1303,.T.);
#801=EDGE_CURVE('',#1060,#989,#1304,.T.);
#802=EDGE_CURVE('',#1060,#1061,#1305,.T.);
#803=EDGE_CURVE('',#1061,#990,#1306,.T.);
#804=EDGE_CURVE('',#1062,#1061,#1307,.T.);
#805=EDGE_CURVE('',#1062,#991,#1308,.T.);
#806=EDGE_CURVE('',#1062,#1063,#1309,.T.);
#807=EDGE_CURVE('',#1063,#992,#1310,.T.);
#808=EDGE_CURVE('',#1063,#1064,#1311,.T.);
#809=EDGE_CURVE('',#1064,#993,#1312,.T.);
#810=EDGE_CURVE('',#1064,#1065,#1313,.T.);
#811=EDGE_CURVE('',#1065,#994,#1314,.T.);
#812=EDGE_CURVE('',#1066,#1065,#1315,.T.);
#813=EDGE_CURVE('',#1066,#995,#1316,.T.);
#814=EDGE_CURVE('',#1066,#1067,#1317,.T.);
#815=EDGE_CURVE('',#1067,#996,#1318,.T.);
#816=EDGE_CURVE('',#1067,#1068,#1319,.T.);
#817=EDGE_CURVE('',#1068,#997,#1320,.T.);
#818=EDGE_CURVE('',#1068,#1069,#1321,.T.);
#819=EDGE_CURVE('',#1069,#998,#1322,.T.);
#820=EDGE_CURVE('',#1070,#1069,#1323,.T.);
#821=EDGE_CURVE('',#1070,#999,#1324,.T.);
#822=EDGE_CURVE('',#1070,#1071,#1325,.T.);
#823=EDGE_CURVE('',#1071,#1000,#1326,.T.);
#824=EDGE_CURVE('',#1071,#1072,#1327,.T.);
#825=EDGE_CURVE('',#1072,#1001,#1328,.T.);
#826=EDGE_CURVE('',#1072,#1073,#1329,.T.);
#827=EDGE_CURVE('',#1073,#1002,#1330,.T.);
#828=EDGE_CURVE('',#1074,#1073,#1331,.T.);
#829=EDGE_CURVE('',#1074,#1003,#1332,.T.);
#830=EDGE_CURVE('',#1074,#1075,#1333,.T.);
#831=EDGE_CURVE('',#1075,#1004,#1334,.T.);
#832=EDGE_CURVE('',#1075,#1076,#1335,.T.);
#833=EDGE_CURVE('',#1076,#1005,#1336,.T.);
#834=EDGE_CURVE('',#1076,#1077,#1337,.T.);
#835=EDGE_CURVE('',#1077,#1006,#1338,.T.);
#836=EDGE_CURVE('',#1078,#1077,#1339,.T.);
#837=EDGE_CURVE('',#1078,#1007,#1340,.T.);
#838=EDGE_CURVE('',#1078,#1079,#1341,.T.);
#839=EDGE_CURVE('',#1079,#1008,#1342,.T.);
#840=EDGE_CURVE('',#1079,#1080,#1343,.T.);
#841=EDGE_CURVE('',#1080,#1009,#1344,.T.);
#842=EDGE_CURVE('',#1080,#1081,#1345,.T.);
#843=EDGE_CURVE('',#1081,#1010,#1346,.T.);
#844=EDGE_CURVE('',#1082,#1081,#1347,.T.);
#845=EDGE_CURVE('',#1082,#1011,#1348,.T.);
#846=EDGE_CURVE('',#1082,#1083,#1349,.T.);
#847=EDGE_CURVE('',#1083,#1012,#1350,.T.);
#848=EDGE_CURVE('',#1083,#1084,#1351,.T.);
#849=EDGE_CURVE('',#1084,#1013,#1352,.T.);
#850=EDGE_CURVE('',#1084,#1085,#1353,.T.);
#851=EDGE_CURVE('',#1085,#1014,#1354,.T.);
#852=EDGE_CURVE('',#1086,#1085,#1355,.T.);
#853=EDGE_CURVE('',#1086,#1015,#1356,.T.);
#854=EDGE_CURVE('',#1086,#1087,#1357,.T.);
#855=EDGE_CURVE('',#1087,#1016,#1358,.T.);
#856=EDGE_CURVE('',#1087,#1088,#1359,.T.);
#857=EDGE_CURVE('',#1088,#1017,#1360,.T.);
#858=EDGE_CURVE('',#1088,#1089,#1361,.T.);
#859=EDGE_CURVE('',#1089,#1018,#1362,.T.);
#860=EDGE_CURVE('',#1090,#1089,#1363,.T.);
#861=EDGE_CURVE('',#1090,#1019,#1364,.T.);
#862=EDGE_CURVE('',#1090,#1091,#1365,.T.);
#863=EDGE_CURVE('',#1091,#1020,#1366,.T.);
#864=EDGE_CURVE('',#1091,#1092,#1367,.T.);
#865=EDGE_CURVE('',#1092,#1021,#1368,.T.);
#866=EDGE_CURVE('',#1092,#1093,#1369,.T.);
#867=EDGE_CURVE('',#1093,#1022,#1370,.T.);
#868=EDGE_CURVE('',#1094,#1093,#1371,.T.);
#869=EDGE_CURVE('',#1094,#1023,#1372,.T.);
#870=EDGE_CURVE('',#1094,#1095,#1373,.T.);
#871=EDGE_CURVE('',#1095,#950,#1374,.T.);
#872=EDGE_CURVE('',#1095,#938,#1375,.T.);
#873=EDGE_CURVE('',#1096,#931,#1376,.T.);
#874=EDGE_CURVE('',#1096,#949,#1377,.T.);
#875=EDGE_CURVE('',#1097,#1056,#1378,.T.);
#876=EDGE_CURVE('',#937,#1097,#1379,.T.);
#877=EDGE_CURVE('',#1098,#930,#1380,.T.);
#878=EDGE_CURVE('',#1098,#1096,#1381,.T.);
#879=EDGE_CURVE('',#1098,#951,#1382,.T.);
#880=EDGE_CURVE('',#1097,#952,#1383,.T.);
#881=EDGE_CURVE('',#928,#1099,#1384,.T.);
#882=EDGE_CURVE('',#1100,#1099,#1385,.T.);
#883=EDGE_CURVE('',#1100,#1101,#1386,.T.);
#884=EDGE_CURVE('',#1102,#1101,#1387,.F.);
#885=EDGE_CURVE('',#1103,#1102,#1388,.T.);
#886=EDGE_CURVE('',#1103,#1104,#1389,.T.);
#887=EDGE_CURVE('',#1104,#1105,#1390,.T.);
#888=EDGE_CURVE('',#1105,#933,#1391,.T.);
#889=EDGE_CURVE('',#929,#1106,#1392,.T.);
#890=EDGE_CURVE('',#1107,#934,#1393,.T.);
#891=EDGE_CURVE('',#1108,#1107,#1394,.T.);
#892=EDGE_CURVE('',#1109,#1108,#1395,.T.);
#893=EDGE_CURVE('',#1109,#1110,#1396,.T.);
#894=EDGE_CURVE('',#1110,#1111,#1397,.T.);
#895=EDGE_CURVE('',#1111,#1112,#1398,.T.);
#896=EDGE_CURVE('',#1112,#1113,#1399,.T.);
#897=EDGE_CURVE('',#1113,#1114,#1400,.T.);
#898=EDGE_CURVE('',#1115,#1114,#1401,.T.);
#899=EDGE_CURVE('',#1116,#1115,#1402,.T.);
#900=EDGE_CURVE('',#1117,#1116,#1403,.T.);
#901=EDGE_CURVE('',#1118,#1117,#1404,.T.);
#902=EDGE_CURVE('',#1118,#1106,#1405,.T.);
#903=EDGE_CURVE('',#1105,#1107,#1406,.T.);
#904=EDGE_CURVE('',#1104,#1108,#1407,.T.);
#905=EDGE_CURVE('',#1103,#1109,#1408,.T.);
#906=EDGE_CURVE('',#1099,#1106,#1409,.T.);
#907=EDGE_CURVE('',#1100,#1118,#1410,.T.);
#908=EDGE_CURVE('',#1110,#1102,#1411,.F.);
#909=EDGE_CURVE('',#1101,#1117,#1412,.F.);
#910=EDGE_CURVE('',#1119,#1116,#1413,.F.);
#911=EDGE_CURVE('',#1101,#1119,#1414,.T.);
#912=EDGE_CURVE('',#1120,#1119,#1415,.F.);
#913=EDGE_CURVE('',#1102,#1120,#1416,.T.);
#914=EDGE_CURVE('',#1111,#1120,#1417,.F.);
#915=EDGE_CURVE('',#1113,#1121,#1418,.T.);
#916=EDGE_CURVE('',#1112,#1122,#1419,.T.);
#917=EDGE_CURVE('',#1122,#1121,#1420,.T.);
#918=EDGE_CURVE('',#1123,#1123,#14,.T.);
#919=EDGE_CURVE('',#1124,#1124,#15,.T.);
#920=EDGE_CURVE('',#1121,#1125,#1421,.T.);
#921=EDGE_CURVE('',#1120,#1122,#1422,.T.);
#922=EDGE_CURVE('',#1119,#1126,#1423,.T.);
#923=EDGE_CURVE('',#1126,#1125,#1424,.T.);
#924=EDGE_CURVE('',#1114,#1125,#1425,.T.);
#925=EDGE_CURVE('',#1115,#1126,#1426,.T.);
#926=EDGE_CURVE('',#1127,#1127,#16,.T.);
#927=EDGE_CURVE('',#1128,#1128,#17,.T.);
#928=VERTEX_POINT('',#2792);
#929=VERTEX_POINT('',#2793);
#930=VERTEX_POINT('',#2795);
#931=VERTEX_POINT('',#2797);
#932=VERTEX_POINT('',#2799);
#933=VERTEX_POINT('',#2803);
#934=VERTEX_POINT('',#2804);
#935=VERTEX_POINT('',#2807);
#936=VERTEX_POINT('',#2809);
#937=VERTEX_POINT('',#2813);
#938=VERTEX_POINT('',#2814);
#939=VERTEX_POINT('',#2819);
#940=VERTEX_POINT('',#2820);
#941=VERTEX_POINT('',#2822);
#942=VERTEX_POINT('',#2824);
#943=VERTEX_POINT('',#2828);
#944=VERTEX_POINT('',#2830);
#945=VERTEX_POINT('',#2834);
#946=VERTEX_POINT('',#2836);
#947=VERTEX_POINT('',#2840);
#948=VERTEX_POINT('',#2842);
#949=VERTEX_POINT('',#2846);
#950=VERTEX_POINT('',#2847);
#951=VERTEX_POINT('',#2849);
#952=VERTEX_POINT('',#2851);
#953=VERTEX_POINT('',#2853);
#954=VERTEX_POINT('',#2855);
#955=VERTEX_POINT('',#2857);
#956=VERTEX_POINT('',#2859);
#957=VERTEX_POINT('',#2861);
#958=VERTEX_POINT('',#2863);
#959=VERTEX_POINT('',#2865);
#960=VERTEX_POINT('',#2867);
#961=VERTEX_POINT('',#2869);
#962=VERTEX_POINT('',#2871);
#963=VERTEX_POINT('',#2873);
#964=VERTEX_POINT('',#2875);
#965=VERTEX_POINT('',#2877);
#966=VERTEX_POINT('',#2879);
#967=VERTEX_POINT('',#2881);
#968=VERTEX_POINT('',#2883);
#969=VERTEX_POINT('',#2885);
#970=VERTEX_POINT('',#2887);
#971=VERTEX_POINT('',#2889);
#972=VERTEX_POINT('',#2891);
#973=VERTEX_POINT('',#2893);
#974=VERTEX_POINT('',#2895);
#975=VERTEX_POINT('',#2897);
#976=VERTEX_POINT('',#2899);
#977=VERTEX_POINT('',#2901);
#978=VERTEX_POINT('',#2903);
#979=VERTEX_POINT('',#2905);
#980=VERTEX_POINT('',#2907);
#981=VERTEX_POINT('',#2909);
#982=VERTEX_POINT('',#2911);
#983=VERTEX_POINT('',#2913);
#984=VERTEX_POINT('',#2915);
#985=VERTEX_POINT('',#2917);
#986=VERTEX_POINT('',#2919);
#987=VERTEX_POINT('',#2921);
#988=VERTEX_POINT('',#2923);
#989=VERTEX_POINT('',#2926);
#990=VERTEX_POINT('',#2928);
#991=VERTEX_POINT('',#2930);
#992=VERTEX_POINT('',#2932);
#993=VERTEX_POINT('',#2934);
#994=VERTEX_POINT('',#2936);
#995=VERTEX_POINT('',#2938);
#996=VERTEX_POINT('',#2940);
#997=VERTEX_POINT('',#2942);
#998=VERTEX_POINT('',#2944);
#999=VERTEX_POINT('',#2946);
#1000=VERTEX_POINT('',#2948);
#1001=VERTEX_POINT('',#2950);
#1002=VERTEX_POINT('',#2952);
#1003=VERTEX_POINT('',#2954);
#1004=VERTEX_POINT('',#2956);
#1005=VERTEX_POINT('',#2958);
#1006=VERTEX_POINT('',#2960);
#1007=VERTEX_POINT('',#2962);
#1008=VERTEX_POINT('',#2964);
#1009=VERTEX_POINT('',#2966);
#1010=VERTEX_POINT('',#2968);
#1011=VERTEX_POINT('',#2970);
#1012=VERTEX_POINT('',#2972);
#1013=VERTEX_POINT('',#2974);
#1014=VERTEX_POINT('',#2976);
#1015=VERTEX_POINT('',#2978);
#1016=VERTEX_POINT('',#2980);
#1017=VERTEX_POINT('',#2982);
#1018=VERTEX_POINT('',#2984);
#1019=VERTEX_POINT('',#2986);
#1020=VERTEX_POINT('',#2988);
#1021=VERTEX_POINT('',#2990);
#1022=VERTEX_POINT('',#2992);
#1023=VERTEX_POINT('',#2994);
#1024=VERTEX_POINT('',#2998);
#1025=VERTEX_POINT('',#3000);
#1026=VERTEX_POINT('',#3004);
#1027=VERTEX_POINT('',#3008);
#1028=VERTEX_POINT('',#3014);
#1029=VERTEX_POINT('',#3016);
#1030=VERTEX_POINT('',#3020);
#1031=VERTEX_POINT('',#3024);
#1032=VERTEX_POINT('',#3030);
#1033=VERTEX_POINT('',#3032);
#1034=VERTEX_POINT('',#3036);
#1035=VERTEX_POINT('',#3040);
#1036=VERTEX_POINT('',#3046);
#1037=VERTEX_POINT('',#3048);
#1038=VERTEX_POINT('',#3052);
#1039=VERTEX_POINT('',#3056);
#1040=VERTEX_POINT('',#3062);
#1041=VERTEX_POINT('',#3064);
#1042=VERTEX_POINT('',#3068);
#1043=VERTEX_POINT('',#3072);
#1044=VERTEX_POINT('',#3078);
#1045=VERTEX_POINT('',#3080);
#1046=VERTEX_POINT('',#3084);
#1047=VERTEX_POINT('',#3088);
#1048=VERTEX_POINT('',#3094);
#1049=VERTEX_POINT('',#3096);
#1050=VERTEX_POINT('',#3100);
#1051=VERTEX_POINT('',#3104);
#1052=VERTEX_POINT('',#3110);
#1053=VERTEX_POINT('',#3112);
#1054=VERTEX_POINT('',#3116);
#1055=VERTEX_POINT('',#3120);
#1056=VERTEX_POINT('',#3126);
#1057=VERTEX_POINT('',#3128);
#1058=VERTEX_POINT('',#3132);
#1059=VERTEX_POINT('',#3136);
#1060=VERTEX_POINT('',#3142);
#1061=VERTEX_POINT('',#3146);
#1062=VERTEX_POINT('',#3150);
#1063=VERTEX_POINT('',#3154);
#1064=VERTEX_POINT('',#3158);
#1065=VERTEX_POINT('',#3162);
#1066=VERTEX_POINT('',#3166);
#1067=VERTEX_POINT('',#3170);
#1068=VERTEX_POINT('',#3174);
#1069=VERTEX_POINT('',#3178);
#1070=VERTEX_POINT('',#3182);
#1071=VERTEX_POINT('',#3186);
#1072=VERTEX_POINT('',#3190);
#1073=VERTEX_POINT('',#3194);
#1074=VERTEX_POINT('',#3198);
#1075=VERTEX_POINT('',#3202);
#1076=VERTEX_POINT('',#3206);
#1077=VERTEX_POINT('',#3210);
#1078=VERTEX_POINT('',#3214);
#1079=VERTEX_POINT('',#3218);
#1080=VERTEX_POINT('',#3222);
#1081=VERTEX_POINT('',#3226);
#1082=VERTEX_POINT('',#3230);
#1083=VERTEX_POINT('',#3234);
#1084=VERTEX_POINT('',#3238);
#1085=VERTEX_POINT('',#3242);
#1086=VERTEX_POINT('',#3246);
#1087=VERTEX_POINT('',#3250);
#1088=VERTEX_POINT('',#3254);
#1089=VERTEX_POINT('',#3258);
#1090=VERTEX_POINT('',#3262);
#1091=VERTEX_POINT('',#3266);
#1092=VERTEX_POINT('',#3270);
#1093=VERTEX_POINT('',#3274);
#1094=VERTEX_POINT('',#3278);
#1095=VERTEX_POINT('',#3282);
#1096=VERTEX_POINT('',#3287);
#1097=VERTEX_POINT('',#3291);
#1098=VERTEX_POINT('',#3295);
#1099=VERTEX_POINT('',#3303);
#1100=VERTEX_POINT('',#3305);
#1101=VERTEX_POINT('',#3307);
#1102=VERTEX_POINT('',#3309);
#1103=VERTEX_POINT('',#3311);
#1104=VERTEX_POINT('',#3313);
#1105=VERTEX_POINT('',#3315);
#1106=VERTEX_POINT('',#3319);
#1107=VERTEX_POINT('',#3321);
#1108=VERTEX_POINT('',#3323);
#1109=VERTEX_POINT('',#3325);
#1110=VERTEX_POINT('',#3327);
#1111=VERTEX_POINT('',#3329);
#1112=VERTEX_POINT('',#3331);
#1113=VERTEX_POINT('',#3333);
#1114=VERTEX_POINT('',#3335);
#1115=VERTEX_POINT('',#3337);
#1116=VERTEX_POINT('',#3339);
#1117=VERTEX_POINT('',#3341);
#1118=VERTEX_POINT('',#3343);
#1119=VERTEX_POINT('',#3375);
#1120=VERTEX_POINT('',#3379);
#1121=VERTEX_POINT('',#3385);
#1122=VERTEX_POINT('',#3387);
#1123=VERTEX_POINT('',#3391);
#1124=VERTEX_POINT('',#3393);
#1125=VERTEX_POINT('',#3395);
#1126=VERTEX_POINT('',#3398);
#1127=VERTEX_POINT('',#3422);
#1128=VERTEX_POINT('',#3426);
#1129=LINE('',#2791,#1427);
#1130=LINE('',#2794,#1428);
#1131=LINE('',#2796,#1429);
#1132=LINE('',#2798,#1430);
#1133=LINE('',#2800,#1431);
#1134=LINE('',#2802,#1432);
#1135=LINE('',#2805,#1433);
#1136=LINE('',#2806,#1434);
#1137=LINE('',#2808,#1435);
#1138=LINE('',#2810,#1436);
#1139=LINE('',#2812,#1437);
#1140=LINE('',#2815,#1438);
#1141=LINE('',#2816,#1439);
#1142=LINE('',#2818,#1440);
#1143=LINE('',#2821,#1441);
#1144=LINE('',#2823,#1442);
#1145=LINE('',#2825,#1443);
#1146=LINE('',#2827,#1444);
#1147=LINE('',#2829,#1445);
#1148=LINE('',#2831,#1446);
#1149=LINE('',#2833,#1447);
#1150=LINE('',#2835,#1448);
#1151=LINE('',#2837,#1449);
#1152=LINE('',#2839,#1450);
#1153=LINE('',#2841,#1451);
#1154=LINE('',#2843,#1452);
#1155=LINE('',#2845,#1453);
#1156=LINE('',#2848,#1454);
#1157=LINE('',#2850,#1455);
#1158=LINE('',#2852,#1456);
#1159=LINE('',#2854,#1457);
#1160=LINE('',#2856,#1458);
#1161=LINE('',#2858,#1459);
#1162=LINE('',#2860,#1460);
#1163=LINE('',#2862,#1461);
#1164=LINE('',#2864,#1462);
#1165=LINE('',#2866,#1463);
#1166=LINE('',#2868,#1464);
#1167=LINE('',#2870,#1465);
#1168=LINE('',#2872,#1466);
#1169=LINE('',#2874,#1467);
#1170=LINE('',#2876,#1468);
#1171=LINE('',#2878,#1469);
#1172=LINE('',#2880,#1470);
#1173=LINE('',#2882,#1471);
#1174=LINE('',#2884,#1472);
#1175=LINE('',#2886,#1473);
#1176=LINE('',#2888,#1474);
#1177=LINE('',#2890,#1475);
#1178=LINE('',#2892,#1476);
#1179=LINE('',#2894,#1477);
#1180=LINE('',#2896,#1478);
#1181=LINE('',#2898,#1479);
#1182=LINE('',#2900,#1480);
#1183=LINE('',#2902,#1481);
#1184=LINE('',#2904,#1482);
#1185=LINE('',#2906,#1483);
#1186=LINE('',#2908,#1484);
#1187=LINE('',#2910,#1485);
#1188=LINE('',#2912,#1486);
#1189=LINE('',#2914,#1487);
#1190=LINE('',#2916,#1488);
#1191=LINE('',#2918,#1489);
#1192=LINE('',#2920,#1490);
#1193=LINE('',#2922,#1491);
#1194=LINE('',#2924,#1492);
#1195=LINE('',#2925,#1493);
#1196=LINE('',#2927,#1494);
#1197=LINE('',#2929,#1495);
#1198=LINE('',#2931,#1496);
#1199=LINE('',#2933,#1497);
#1200=LINE('',#2935,#1498);
#1201=LINE('',#2937,#1499);
#1202=LINE('',#2939,#1500);
#1203=LINE('',#2941,#1501);
#1204=LINE('',#2943,#1502);
#1205=LINE('',#2945,#1503);
#1206=LINE('',#2947,#1504);
#1207=LINE('',#2949,#1505);
#1208=LINE('',#2951,#1506);
#1209=LINE('',#2953,#1507);
#1210=LINE('',#2955,#1508);
#1211=LINE('',#2957,#1509);
#1212=LINE('',#2959,#1510);
#1213=LINE('',#2961,#1511);
#1214=LINE('',#2963,#1512);
#1215=LINE('',#2965,#1513);
#1216=LINE('',#2967,#1514);
#1217=LINE('',#2969,#1515);
#1218=LINE('',#2971,#1516);
#1219=LINE('',#2973,#1517);
#1220=LINE('',#2975,#1518);
#1221=LINE('',#2977,#1519);
#1222=LINE('',#2979,#1520);
#1223=LINE('',#2981,#1521);
#1224=LINE('',#2983,#1522);
#1225=LINE('',#2985,#1523);
#1226=LINE('',#2987,#1524);
#1227=LINE('',#2989,#1525);
#1228=LINE('',#2991,#1526);
#1229=LINE('',#2993,#1527);
#1230=LINE('',#2995,#1528);
#1231=LINE('',#2997,#1529);
#1232=LINE('',#2999,#1530);
#1233=LINE('',#3001,#1531);
#1234=LINE('',#3003,#1532);
#1235=LINE('',#3005,#1533);
#1236=LINE('',#3007,#1534);
#1237=LINE('',#3009,#1535);
#1238=LINE('',#3011,#1536);
#1239=LINE('',#3013,#1537);
#1240=LINE('',#3015,#1538);
#1241=LINE('',#3017,#1539);
#1242=LINE('',#3019,#1540);
#1243=LINE('',#3021,#1541);
#1244=LINE('',#3023,#1542);
#1245=LINE('',#3025,#1543);
#1246=LINE('',#3027,#1544);
#1247=LINE('',#3029,#1545);
#1248=LINE('',#3031,#1546);
#1249=LINE('',#3033,#1547);
#1250=LINE('',#3035,#1548);
#1251=LINE('',#3037,#1549);
#1252=LINE('',#3039,#1550);
#1253=LINE('',#3041,#1551);
#1254=LINE('',#3043,#1552);
#1255=LINE('',#3045,#1553);
#1256=LINE('',#3047,#1554);
#1257=LINE('',#3049,#1555);
#1258=LINE('',#3051,#1556);
#1259=LINE('',#3053,#1557);
#1260=LINE('',#3055,#1558);
#1261=LINE('',#3057,#1559);
#1262=LINE('',#3059,#1560);
#1263=LINE('',#3061,#1561);
#1264=LINE('',#3063,#1562);
#1265=LINE('',#3065,#1563);
#1266=LINE('',#3067,#1564);
#1267=LINE('',#3069,#1565);
#1268=LINE('',#3071,#1566);
#1269=LINE('',#3073,#1567);
#1270=LINE('',#3075,#1568);
#1271=LINE('',#3077,#1569);
#1272=LINE('',#3079,#1570);
#1273=LINE('',#3081,#1571);
#1274=LINE('',#3083,#1572);
#1275=LINE('',#3085,#1573);
#1276=LINE('',#3087,#1574);
#1277=LINE('',#3089,#1575);
#1278=LINE('',#3091,#1576);
#1279=LINE('',#3093,#1577);
#1280=LINE('',#3095,#1578);
#1281=LINE('',#3097,#1579);
#1282=LINE('',#3099,#1580);
#1283=LINE('',#3101,#1581);
#1284=LINE('',#3103,#1582);
#1285=LINE('',#3105,#1583);
#1286=LINE('',#3107,#1584);
#1287=LINE('',#3109,#1585);
#1288=LINE('',#3111,#1586);
#1289=LINE('',#3113,#1587);
#1290=LINE('',#3115,#1588);
#1291=LINE('',#3117,#1589);
#1292=LINE('',#3119,#1590);
#1293=LINE('',#3121,#1591);
#1294=LINE('',#3123,#1592);
#1295=LINE('',#3125,#1593);
#1296=LINE('',#3127,#1594);
#1297=LINE('',#3129,#1595);
#1298=LINE('',#3131,#1596);
#1299=LINE('',#3133,#1597);
#1300=LINE('',#3135,#1598);
#1301=LINE('',#3137,#1599);
#1302=LINE('',#3139,#1600);
#1303=LINE('',#3141,#1601);
#1304=LINE('',#3143,#1602);
#1305=LINE('',#3145,#1603);
#1306=LINE('',#3147,#1604);
#1307=LINE('',#3149,#1605);
#1308=LINE('',#3151,#1606);
#1309=LINE('',#3153,#1607);
#1310=LINE('',#3155,#1608);
#1311=LINE('',#3157,#1609);
#1312=LINE('',#3159,#1610);
#1313=LINE('',#3161,#1611);
#1314=LINE('',#3163,#1612);
#1315=LINE('',#3165,#1613);
#1316=LINE('',#3167,#1614);
#1317=LINE('',#3169,#1615);
#1318=LINE('',#3171,#1616);
#1319=LINE('',#3173,#1617);
#1320=LINE('',#3175,#1618);
#1321=LINE('',#3177,#1619);
#1322=LINE('',#3179,#1620);
#1323=LINE('',#3181,#1621);
#1324=LINE('',#3183,#1622);
#1325=LINE('',#3185,#1623);
#1326=LINE('',#3187,#1624);
#1327=LINE('',#3189,#1625);
#1328=LINE('',#3191,#1626);
#1329=LINE('',#3193,#1627);
#1330=LINE('',#3195,#1628);
#1331=LINE('',#3197,#1629);
#1332=LINE('',#3199,#1630);
#1333=LINE('',#3201,#1631);
#1334=LINE('',#3203,#1632);
#1335=LINE('',#3205,#1633);
#1336=LINE('',#3207,#1634);
#1337=LINE('',#3209,#1635);
#1338=LINE('',#3211,#1636);
#1339=LINE('',#3213,#1637);
#1340=LINE('',#3215,#1638);
#1341=LINE('',#3217,#1639);
#1342=LINE('',#3219,#1640);
#1343=LINE('',#3221,#1641);
#1344=LINE('',#3223,#1642);
#1345=LINE('',#3225,#1643);
#1346=LINE('',#3227,#1644);
#1347=LINE('',#3229,#1645);
#1348=LINE('',#3231,#1646);
#1349=LINE('',#3233,#1647);
#1350=LINE('',#3235,#1648);
#1351=LINE('',#3237,#1649);
#1352=LINE('',#3239,#1650);
#1353=LINE('',#3241,#1651);
#1354=LINE('',#3243,#1652);
#1355=LINE('',#3245,#1653);
#1356=LINE('',#3247,#1654);
#1357=LINE('',#3249,#1655);
#1358=LINE('',#3251,#1656);
#1359=LINE('',#3253,#1657);
#1360=LINE('',#3255,#1658);
#1361=LINE('',#3257,#1659);
#1362=LINE('',#3259,#1660);
#1363=LINE('',#3261,#1661);
#1364=LINE('',#3263,#1662);
#1365=LINE('',#3265,#1663);
#1366=LINE('',#3267,#1664);
#1367=LINE('',#3269,#1665);
#1368=LINE('',#3271,#1666);
#1369=LINE('',#3273,#1667);
#1370=LINE('',#3275,#1668);
#1371=LINE('',#3277,#1669);
#1372=LINE('',#3279,#1670);
#1373=LINE('',#3281,#1671);
#1374=LINE('',#3283,#1672);
#1375=LINE('',#3285,#1673);
#1376=LINE('',#3286,#1674);
#1377=LINE('',#3288,#1675);
#1378=LINE('',#3290,#1676);
#1379=LINE('',#3292,#1677);
#1380=LINE('',#3294,#1678);
#1381=LINE('',#3296,#1679);
#1382=LINE('',#3298,#1680);
#1383=LINE('',#3300,#1681);
#1384=LINE('',#3302,#1682);
#1385=LINE('',#3304,#1683);
#1386=LINE('',#3306,#1684);
#1387=LINE('',#3308,#1685);
#1388=LINE('',#3310,#1686);
#1389=LINE('',#3312,#1687);
#1390=LINE('',#3314,#1688);
#1391=LINE('',#3316,#1689);
#1392=LINE('',#3318,#1690);
#1393=LINE('',#3320,#1691);
#1394=LINE('',#3322,#1692);
#1395=LINE('',#3324,#1693);
#1396=LINE('',#3326,#1694);
#1397=LINE('',#3328,#1695);
#1398=LINE('',#3330,#1696);
#1399=LINE('',#3332,#1697);
#1400=LINE('',#3334,#1698);
#1401=LINE('',#3336,#1699);
#1402=LINE('',#3338,#1700);
#1403=LINE('',#3340,#1701);
#1404=LINE('',#3342,#1702);
#1405=LINE('',#3344,#1703);
#1406=LINE('',#3346,#1704);
#1407=LINE('',#3348,#1705);
#1408=LINE('',#3349,#1706);
#1409=LINE('',#3351,#1707);
#1410=LINE('',#3352,#1708);
#1411=LINE('',#3363,#1709);
#1412=LINE('',#3372,#1710);
#1413=LINE('',#3374,#1711);
#1414=LINE('',#3376,#1712);
#1415=LINE('',#3378,#1713);
#1416=LINE('',#3380,#1714);
#1417=LINE('',#3382,#1715);
#1418=LINE('',#3384,#1716);
#1419=LINE('',#3386,#1717);
#1420=LINE('',#3388,#1718);
#1421=LINE('',#3394,#1719);
#1422=LINE('',#3396,#1720);
#1423=LINE('',#3397,#1721);
#1424=LINE('',#3399,#1722);
#1425=LINE('',#3401,#1723);
#1426=LINE('',#3402,#1724);
#1427=VECTOR('',#2279,1.);
#1428=VECTOR('',#2280,1.);
#1429=VECTOR('',#2281,1.);
#1430=VECTOR('',#2282,1.);
#1431=VECTOR('',#2283,1.);
#1432=VECTOR('',#2286,1.);
#1433=VECTOR('',#2287,1.);
#1434=VECTOR('',#2288,1.);
#1435=VECTOR('',#2289,1.);
#1436=VECTOR('',#2290,1.);
#1437=VECTOR('',#2293,1.);
#1438=VECTOR('',#2294,1.);
#1439=VECTOR('',#2295,1.);
#1440=VECTOR('',#2298,1.);
#1441=VECTOR('',#2299,1.);
#1442=VECTOR('',#2300,1.);
#1443=VECTOR('',#2301,1.);
#1444=VECTOR('',#2304,1.);
#1445=VECTOR('',#2305,1.);
#1446=VECTOR('',#2306,1.);
#1447=VECTOR('',#2309,1.);
#1448=VECTOR('',#2310,1.);
#1449=VECTOR('',#2311,1.);
#1450=VECTOR('',#2314,1.);
#1451=VECTOR('',#2315,1.);
#1452=VECTOR('',#2316,1.);
#1453=VECTOR('',#2319,1.);
#1454=VECTOR('',#2320,1.);
#1455=VECTOR('',#2321,1.);
#1456=VECTOR('',#2322,1.);
#1457=VECTOR('',#2323,1.);
#1458=VECTOR('',#2324,1.);
#1459=VECTOR('',#2325,1.);
#1460=VECTOR('',#2326,1.);
#1461=VECTOR('',#2327,1.);
#1462=VECTOR('',#2328,1.);
#1463=VECTOR('',#2329,1.);
#1464=VECTOR('',#2330,1.);
#1465=VECTOR('',#2331,1.);
#1466=VECTOR('',#2332,1.);
#1467=VECTOR('',#2333,1.);
#1468=VECTOR('',#2334,1.);
#1469=VECTOR('',#2335,1.);
#1470=VECTOR('',#2336,1.);
#1471=VECTOR('',#2337,1.);
#1472=VECTOR('',#2338,1.);
#1473=VECTOR('',#2339,1.);
#1474=VECTOR('',#2340,1.);
#1475=VECTOR('',#2341,1.);
#1476=VECTOR('',#2342,1.);
#1477=VECTOR('',#2343,1.);
#1478=VECTOR('',#2344,1.);
#1479=VECTOR('',#2345,1.);
#1480=VECTOR('',#2346,1.);
#1481=VECTOR('',#2347,1.);
#1482=VECTOR('',#2348,1.);
#1483=VECTOR('',#2349,1.);
#1484=VECTOR('',#2350,1.);
#1485=VECTOR('',#2351,1.);
#1486=VECTOR('',#2352,1.);
#1487=VECTOR('',#2353,1.);
#1488=VECTOR('',#2354,1.);
#1489=VECTOR('',#2355,1.);
#1490=VECTOR('',#2356,1.);
#1491=VECTOR('',#2357,1.);
#1492=VECTOR('',#2358,1.);
#1493=VECTOR('',#2359,1.);
#1494=VECTOR('',#2360,1.);
#1495=VECTOR('',#2361,1.);
#1496=VECTOR('',#2362,1.);
#1497=VECTOR('',#2363,1.);
#1498=VECTOR('',#2364,1.);
#1499=VECTOR('',#2365,1.);
#1500=VECTOR('',#2366,1.);
#1501=VECTOR('',#2367,1.);
#1502=VECTOR('',#2368,1.);
#1503=VECTOR('',#2369,1.);
#1504=VECTOR('',#2370,1.);
#1505=VECTOR('',#2371,1.);
#1506=VECTOR('',#2372,1.);
#1507=VECTOR('',#2373,1.);
#1508=VECTOR('',#2374,1.);
#1509=VECTOR('',#2375,1.);
#1510=VECTOR('',#2376,1.);
#1511=VECTOR('',#2377,1.);
#1512=VECTOR('',#2378,1.);
#1513=VECTOR('',#2379,1.);
#1514=VECTOR('',#2380,1.);
#1515=VECTOR('',#2381,1.);
#1516=VECTOR('',#2382,1.);
#1517=VECTOR('',#2383,1.);
#1518=VECTOR('',#2384,1.);
#1519=VECTOR('',#2385,1.);
#1520=VECTOR('',#2386,1.);
#1521=VECTOR('',#2387,1.);
#1522=VECTOR('',#2388,1.);
#1523=VECTOR('',#2389,1.);
#1524=VECTOR('',#2390,1.);
#1525=VECTOR('',#2391,1.);
#1526=VECTOR('',#2392,1.);
#1527=VECTOR('',#2393,1.);
#1528=VECTOR('',#2394,1.);
#1529=VECTOR('',#2397,1.);
#1530=VECTOR('',#2398,1.);
#1531=VECTOR('',#2399,1.);
#1532=VECTOR('',#2402,1.);
#1533=VECTOR('',#2403,1.);
#1534=VECTOR('',#2406,1.);
#1535=VECTOR('',#2407,1.);
#1536=VECTOR('',#2410,1.);
#1537=VECTOR('',#2413,1.);
#1538=VECTOR('',#2414,1.);
#1539=VECTOR('',#2415,1.);
#1540=VECTOR('',#2418,1.);
#1541=VECTOR('',#2419,1.);
#1542=VECTOR('',#2422,1.);
#1543=VECTOR('',#2423,1.);
#1544=VECTOR('',#2426,1.);
#1545=VECTOR('',#2429,1.);
#1546=VECTOR('',#2430,1.);
#1547=VECTOR('',#2431,1.);
#1548=VECTOR('',#2434,1.);
#1549=VECTOR('',#2435,1.);
#1550=VECTOR('',#2438,1.);
#1551=VECTOR('',#2439,1.);
#1552=VECTOR('',#2442,1.);
#1553=VECTOR('',#2445,1.);
#1554=VECTOR('',#2446,1.);
#1555=VECTOR('',#2447,1.);
#1556=VECTOR('',#2450,1.);
#1557=VECTOR('',#2451,1.);
#1558=VECTOR('',#2454,1.);
#1559=VECTOR('',#2455,1.);
#1560=VECTOR('',#2458,1.);
#1561=VECTOR('',#2461,1.);
#1562=VECTOR('',#2462,1.);
#1563=VECTOR('',#2463,1.);
#1564=VECTOR('',#2466,1.);
#1565=VECTOR('',#2467,1.);
#1566=VECTOR('',#2470,1.);
#1567=VECTOR('',#2471,1.);
#1568=VECTOR('',#2474,1.);
#1569=VECTOR('',#2477,1.);
#1570=VECTOR('',#2478,1.);
#1571=VECTOR('',#2479,1.);
#1572=VECTOR('',#2482,1.);
#1573=VECTOR('',#2483,1.);
#1574=VECTOR('',#2486,1.);
#1575=VECTOR('',#2487,1.);
#1576=VECTOR('',#2490,1.);
#1577=VECTOR('',#2493,1.);
#1578=VECTOR('',#2494,1.);
#1579=VECTOR('',#2495,1.);
#1580=VECTOR('',#2498,1.);
#1581=VECTOR('',#2499,1.);
#1582=VECTOR('',#2502,1.);
#1583=VECTOR('',#2503,1.);
#1584=VECTOR('',#2506,1.);
#1585=VECTOR('',#2509,1.);
#1586=VECTOR('',#2510,1.);
#1587=VECTOR('',#2511,1.);
#1588=VECTOR('',#2514,1.);
#1589=VECTOR('',#2515,1.);
#1590=VECTOR('',#2518,1.);
#1591=VECTOR('',#2519,1.);
#1592=VECTOR('',#2522,1.);
#1593=VECTOR('',#2525,1.);
#1594=VECTOR('',#2526,1.);
#1595=VECTOR('',#2527,1.);
#1596=VECTOR('',#2530,1.);
#1597=VECTOR('',#2531,1.);
#1598=VECTOR('',#2534,1.);
#1599=VECTOR('',#2535,1.);
#1600=VECTOR('',#2538,1.);
#1601=VECTOR('',#2541,1.);
#1602=VECTOR('',#2542,1.);
#1603=VECTOR('',#2545,1.);
#1604=VECTOR('',#2546,1.);
#1605=VECTOR('',#2549,1.);
#1606=VECTOR('',#2550,1.);
#1607=VECTOR('',#2553,1.);
#1608=VECTOR('',#2554,1.);
#1609=VECTOR('',#2557,1.);
#1610=VECTOR('',#2558,1.);
#1611=VECTOR('',#2561,1.);
#1612=VECTOR('',#2562,1.);
#1613=VECTOR('',#2565,1.);
#1614=VECTOR('',#2566,1.);
#1615=VECTOR('',#2569,1.);
#1616=VECTOR('',#2570,1.);
#1617=VECTOR('',#2573,1.);
#1618=VECTOR('',#2574,1.);
#1619=VECTOR('',#2577,1.);
#1620=VECTOR('',#2578,1.);
#1621=VECTOR('',#2581,1.);
#1622=VECTOR('',#2582,1.);
#1623=VECTOR('',#2585,1.);
#1624=VECTOR('',#2586,1.);
#1625=VECTOR('',#2589,1.);
#1626=VECTOR('',#2590,1.);
#1627=VECTOR('',#2593,1.);
#1628=VECTOR('',#2594,1.);
#1629=VECTOR('',#2597,1.);
#1630=VECTOR('',#2598,1.);
#1631=VECTOR('',#2601,1.);
#1632=VECTOR('',#2602,1.);
#1633=VECTOR('',#2605,1.);
#1634=VECTOR('',#2606,1.);
#1635=VECTOR('',#2609,1.);
#1636=VECTOR('',#2610,1.);
#1637=VECTOR('',#2613,1.);
#1638=VECTOR('',#2614,1.);
#1639=VECTOR('',#2617,1.);
#1640=VECTOR('',#2618,1.);
#1641=VECTOR('',#2621,1.);
#1642=VECTOR('',#2622,1.);
#1643=VECTOR('',#2625,1.);
#1644=VECTOR('',#2626,1.);
#1645=VECTOR('',#2629,1.);
#1646=VECTOR('',#2630,1.);
#1647=VECTOR('',#2633,1.);
#1648=VECTOR('',#2634,1.);
#1649=VECTOR('',#2637,1.);
#1650=VECTOR('',#2638,1.);
#1651=VECTOR('',#2641,1.);
#1652=VECTOR('',#2642,1.);
#1653=VECTOR('',#2645,1.);
#1654=VECTOR('',#2646,1.);
#1655=VECTOR('',#2649,1.);
#1656=VECTOR('',#2650,1.);
#1657=VECTOR('',#2653,1.);
#1658=VECTOR('',#2654,1.);
#1659=VECTOR('',#2657,1.);
#1660=VECTOR('',#2658,1.);
#1661=VECTOR('',#2661,1.);
#1662=VECTOR('',#2662,1.);
#1663=VECTOR('',#2665,1.);
#1664=VECTOR('',#2666,1.);
#1665=VECTOR('',#2669,1.);
#1666=VECTOR('',#2670,1.);
#1667=VECTOR('',#2673,1.);
#1668=VECTOR('',#2674,1.);
#1669=VECTOR('',#2677,1.);
#1670=VECTOR('',#2678,1.);
#1671=VECTOR('',#2681,1.);
#1672=VECTOR('',#2682,1.);
#1673=VECTOR('',#2685,1.);
#1674=VECTOR('',#2686,1.);
#1675=VECTOR('',#2687,1.);
#1676=VECTOR('',#2690,1.);
#1677=VECTOR('',#2691,1.);
#1678=VECTOR('',#2694,1.);
#1679=VECTOR('',#2695,1.);
#1680=VECTOR('',#2698,1.);
#1681=VECTOR('',#2701,1.);
#1682=VECTOR('',#2704,1.);
#1683=VECTOR('',#2705,1.);
#1684=VECTOR('',#2706,1.);
#1685=VECTOR('',#2707,1.);
#1686=VECTOR('',#2708,1.);
#1687=VECTOR('',#2709,1.);
#1688=VECTOR('',#2710,1.);
#1689=VECTOR('',#2711,1.);
#1690=VECTOR('',#2714,1.);
#1691=VECTOR('',#2715,1.);
#1692=VECTOR('',#2716,1.);
#1693=VECTOR('',#2717,1.);
#1694=VECTOR('',#2718,1.);
#1695=VECTOR('',#2719,1.);
#1696=VECTOR('',#2720,1.);
#1697=VECTOR('',#2721,1.);
#1698=VECTOR('',#2722,1.);
#1699=VECTOR('',#2723,1.);
#1700=VECTOR('',#2724,1.);
#1701=VECTOR('',#2725,1.);
#1702=VECTOR('',#2726,1.);
#1703=VECTOR('',#2727,1.);
#1704=VECTOR('',#2730,1.);
#1705=VECTOR('',#2733,1.);
#1706=VECTOR('',#2734,1.);
#1707=VECTOR('',#2737,1.);
#1708=VECTOR('',#2738,1.);
#1709=VECTOR('',#2743,1.);
#1710=VECTOR('',#2744,1.);
#1711=VECTOR('',#2747,1.);
#1712=VECTOR('',#2748,1.);
#1713=VECTOR('',#2751,1.);
#1714=VECTOR('',#2752,1.);
#1715=VECTOR('',#2755,1.);
#1716=VECTOR('',#2758,1.);
#1717=VECTOR('',#2759,1.);
#1718=VECTOR('',#2760,1.);
#1719=VECTOR('',#2767,1.);
#1720=VECTOR('',#2768,1.);
#1721=VECTOR('',#2769,1.);
#1722=VECTOR('',#2770,1.);
#1723=VECTOR('',#2773,1.);
#1724=VECTOR('',#2774,1.);
#1725=EDGE_LOOP('',(#22,#23,#24,#25,#26));
#1726=EDGE_LOOP('',(#27,#28,#29,#30,#31,#32));
#1727=EDGE_LOOP('',(#33,#34,#35,#36));
#1728=EDGE_LOOP('',(#37,#38,#39,#40));
#1729=EDGE_LOOP('',(#41,#42,#43,#44));
#1730=EDGE_LOOP('',(#45,#46,#47,#48));
#1731=EDGE_LOOP('',(#49,#50,#51,#52));
#1732=EDGE_LOOP('',(#53,#54,#55,#56,#57,#58,#59,#60,#61,#62,#63,#64,#65,
#66,#67,#68,#69,#70,#71,#72,#73,#74,#75,#76,#77,#78,#79,#80,#81,#82,#83,
#84,#85,#86,#87,#88,#89,#90,#91,#92,#93,#94,#95,#96,#97,#98,#99,#100,#101,
#102,#103,#104,#105,#106,#107,#108,#109,#110,#111,#112,#113,#114,#115,#116,
#117,#118,#119,#120,#121,#122,#123,#124,#125,#126,#127,#128,#129,#130,#131,
#132));
#1733=EDGE_LOOP('',(#133,#134,#135,#136));
#1734=EDGE_LOOP('',(#137,#138,#139,#140));
#1735=EDGE_LOOP('',(#141,#142,#143,#144));
#1736=EDGE_LOOP('',(#145,#146,#147,#148));
#1737=EDGE_LOOP('',(#149,#150,#151,#152));
#1738=EDGE_LOOP('',(#153,#154,#155,#156));
#1739=EDGE_LOOP('',(#157,#158,#159,#160));
#1740=EDGE_LOOP('',(#161,#162,#163,#164));
#1741=EDGE_LOOP('',(#165,#166,#167,#168));
#1742=EDGE_LOOP('',(#169,#170,#171,#172));
#1743=EDGE_LOOP('',(#173,#174,#175,#176));
#1744=EDGE_LOOP('',(#177,#178,#179,#180));
#1745=EDGE_LOOP('',(#181,#182,#183,#184));
#1746=EDGE_LOOP('',(#185,#186,#187,#188));
#1747=EDGE_LOOP('',(#189,#190,#191,#192));
#1748=EDGE_LOOP('',(#193,#194,#195,#196));
#1749=EDGE_LOOP('',(#197,#198,#199,#200));
#1750=EDGE_LOOP('',(#201,#202,#203,#204));
#1751=EDGE_LOOP('',(#205,#206,#207,#208));
#1752=EDGE_LOOP('',(#209,#210,#211,#212));
#1753=EDGE_LOOP('',(#213,#214,#215,#216));
#1754=EDGE_LOOP('',(#217,#218,#219,#220));
#1755=EDGE_LOOP('',(#221,#222,#223,#224));
#1756=EDGE_LOOP('',(#225,#226,#227,#228));
#1757=EDGE_LOOP('',(#229,#230,#231,#232));
#1758=EDGE_LOOP('',(#233,#234,#235,#236));
#1759=EDGE_LOOP('',(#237,#238,#239,#240));
#1760=EDGE_LOOP('',(#241,#242,#243,#244));
#1761=EDGE_LOOP('',(#245,#246,#247,#248));
#1762=EDGE_LOOP('',(#249,#250,#251,#252));
#1763=EDGE_LOOP('',(#253,#254,#255,#256));
#1764=EDGE_LOOP('',(#257,#258,#259,#260));
#1765=EDGE_LOOP('',(#261,#262,#263,#264));
#1766=EDGE_LOOP('',(#265,#266,#267,#268));
#1767=EDGE_LOOP('',(#269,#270,#271,#272));
#1768=EDGE_LOOP('',(#273,#274,#275,#276));
#1769=EDGE_LOOP('',(#277,#278,#279,#280));
#1770=EDGE_LOOP('',(#281,#282,#283,#284));
#1771=EDGE_LOOP('',(#285,#286,#287,#288));
#1772=EDGE_LOOP('',(#289,#290,#291,#292));
#1773=EDGE_LOOP('',(#293,#294,#295,#296));
#1774=EDGE_LOOP('',(#297,#298,#299,#300));
#1775=EDGE_LOOP('',(#301,#302,#303,#304));
#1776=EDGE_LOOP('',(#305,#306,#307,#308));
#1777=EDGE_LOOP('',(#309,#310,#311,#312));
#1778=EDGE_LOOP('',(#313,#314,#315,#316));
#1779=EDGE_LOOP('',(#317,#318,#319,#320));
#1780=EDGE_LOOP('',(#321,#322,#323,#324));
#1781=EDGE_LOOP('',(#325,#326,#327,#328));
#1782=EDGE_LOOP('',(#329,#330,#331,#332));
#1783=EDGE_LOOP('',(#333,#334,#335,#336));
#1784=EDGE_LOOP('',(#337,#338,#339,#340));
#1785=EDGE_LOOP('',(#341,#342,#343,#344));
#1786=EDGE_LOOP('',(#345,#346,#347,#348));
#1787=EDGE_LOOP('',(#349,#350,#351,#352));
#1788=EDGE_LOOP('',(#353,#354,#355,#356));
#1789=EDGE_LOOP('',(#357,#358,#359,#360));
#1790=EDGE_LOOP('',(#361,#362,#363,#364));
#1791=EDGE_LOOP('',(#365,#366,#367,#368));
#1792=EDGE_LOOP('',(#369,#370,#371,#372));
#1793=EDGE_LOOP('',(#373,#374,#375,#376));
#1794=EDGE_LOOP('',(#377,#378,#379,#380));
#1795=EDGE_LOOP('',(#381,#382,#383,#384));
#1796=EDGE_LOOP('',(#385,#386,#387,#388));
#1797=EDGE_LOOP('',(#389,#390,#391,#392));
#1798=EDGE_LOOP('',(#393,#394,#395,#396));
#1799=EDGE_LOOP('',(#397,#398,#399,#400));
#1800=EDGE_LOOP('',(#401,#402,#403,#404));
#1801=EDGE_LOOP('',(#405,#406,#407,#408));
#1802=EDGE_LOOP('',(#409,#410,#411,#412));
#1803=EDGE_LOOP('',(#413,#414,#415,#416));
#1804=EDGE_LOOP('',(#417,#418,#419,#420));
#1805=EDGE_LOOP('',(#421,#422,#423,#424,#425,#426,#427,#428));
#1806=EDGE_LOOP('',(#429,#430,#431,#432,#433,#434,#435,#436,#437,#438,#439,
#440,#441,#442,#443,#444,#445,#446,#447,#448,#449,#450,#451,#452,#453,#454,
#455,#456,#457,#458,#459,#460,#461,#462,#463,#464,#465,#466,#467,#468,#469,
#470,#471,#472,#473,#474,#475,#476,#477,#478,#479,#480,#481,#482,#483,#484,
#485,#486,#487,#488,#489,#490,#491,#492,#493,#494,#495,#496,#497,#498,#499,
#500,#501,#502,#503,#504,#505,#506,#507,#508));
#1807=EDGE_LOOP('',(#509,#510,#511,#512));
#1808=EDGE_LOOP('',(#513,#514,#515,#516));
#1809=EDGE_LOOP('',(#517,#518,#519,#520));
#1810=EDGE_LOOP('',(#521,#522,#523,#524,#525,#526,#527,#528,#529,#530,#531,
#532,#533,#534,#535,#536));
#1811=EDGE_LOOP('',(#537,#538,#539,#540,#541,#542,#543,#544,#545,#546,#547,
#548,#549,#550,#551));
#1812=EDGE_LOOP('',(#552,#553,#554,#555));
#1813=EDGE_LOOP('',(#556,#557,#558,#559));
#1814=EDGE_LOOP('',(#560,#561,#562,#563));
#1815=EDGE_LOOP('',(#564,#565,#566,#567));
#1816=EDGE_LOOP('',(#568,#569,#570,#571));
#1817=EDGE_LOOP('',(#572,#573,#574,#575));
#1818=EDGE_LOOP('',(#576,#577,#578,#579));
#1819=EDGE_LOOP('',(#580,#581,#582,#583));
#1820=EDGE_LOOP('',(#584,#585,#586,#587));
#1821=EDGE_LOOP('',(#588,#589,#590,#591));
#1822=EDGE_LOOP('',(#592,#593,#594,#595));
#1823=EDGE_LOOP('',(#596));
#1824=EDGE_LOOP('',(#597));
#1825=EDGE_LOOP('',(#598,#599,#600,#601,#602,#603));
#1826=EDGE_LOOP('',(#604,#605,#606,#607));
#1827=EDGE_LOOP('',(#608,#609,#610,#611));
#1828=EDGE_LOOP('',(#612,#613,#614,#615));
#1829=EDGE_LOOP('',(#616,#617,#618,#619));
#1830=EDGE_LOOP('',(#620));
#1831=EDGE_LOOP('',(#621));
#1832=EDGE_LOOP('',(#622));
#1833=EDGE_LOOP('',(#623));
#1834=EDGE_LOOP('',(#624));
#1835=EDGE_LOOP('',(#625));
#1836=FACE_BOUND('',#1725,.T.);
#1837=FACE_BOUND('',#1726,.T.);
#1838=FACE_BOUND('',#1727,.T.);
#1839=FACE_BOUND('',#1728,.T.);
#1840=FACE_BOUND('',#1729,.T.);
#1841=FACE_BOUND('',#1730,.T.);
#1842=FACE_BOUND('',#1731,.T.);
#1843=FACE_BOUND('',#1732,.T.);
#1844=FACE_BOUND('',#1733,.T.);
#1845=FACE_BOUND('',#1734,.T.);
#1846=FACE_BOUND('',#1735,.T.);
#1847=FACE_BOUND('',#1736,.T.);
#1848=FACE_BOUND('',#1737,.T.);
#1849=FACE_BOUND('',#1738,.T.);
#1850=FACE_BOUND('',#1739,.T.);
#1851=FACE_BOUND('',#1740,.T.);
#1852=FACE_BOUND('',#1741,.T.);
#1853=FACE_BOUND('',#1742,.T.);
#1854=FACE_BOUND('',#1743,.T.);
#1855=FACE_BOUND('',#1744,.T.);
#1856=FACE_BOUND('',#1745,.T.);
#1857=FACE_BOUND('',#1746,.T.);
#1858=FACE_BOUND('',#1747,.T.);
#1859=FACE_BOUND('',#1748,.T.);
#1860=FACE_BOUND('',#1749,.T.);
#1861=FACE_BOUND('',#1750,.T.);
#1862=FACE_BOUND('',#1751,.T.);
#1863=FACE_BOUND('',#1752,.T.);
#1864=FACE_BOUND('',#1753,.T.);
#1865=FACE_BOUND('',#1754,.T.);
#1866=FACE_BOUND('',#1755,.T.);
#1867=FACE_BOUND('',#1756,.T.);
#1868=FACE_BOUND('',#1757,.T.);
#1869=FACE_BOUND('',#1758,.T.);
#1870=FACE_BOUND('',#1759,.T.);
#1871=FACE_BOUND('',#1760,.T.);
#1872=FACE_BOUND('',#1761,.T.);
#1873=FACE_BOUND('',#1762,.T.);
#1874=FACE_BOUND('',#1763,.T.);
#1875=FACE_BOUND('',#1764,.T.);
#1876=FACE_BOUND('',#1765,.T.);
#1877=FACE_BOUND('',#1766,.T.);
#1878=FACE_BOUND('',#1767,.T.);
#1879=FACE_BOUND('',#1768,.T.);
#1880=FACE_BOUND('',#1769,.T.);
#1881=FACE_BOUND('',#1770,.T.);
#1882=FACE_BOUND('',#1771,.T.);
#1883=FACE_BOUND('',#1772,.T.);
#1884=FACE_BOUND('',#1773,.T.);
#1885=FACE_BOUND('',#1774,.T.);
#1886=FACE_BOUND('',#1775,.T.);
#1887=FACE_BOUND('',#1776,.T.);
#1888=FACE_BOUND('',#1777,.T.);
#1889=FACE_BOUND('',#1778,.T.);
#1890=FACE_BOUND('',#1779,.T.);
#1891=FACE_BOUND('',#1780,.T.);
#1892=FACE_BOUND('',#1781,.T.);
#1893=FACE_BOUND('',#1782,.T.);
#1894=FACE_BOUND('',#1783,.T.);
#1895=FACE_BOUND('',#1784,.T.);
#1896=FACE_BOUND('',#1785,.T.);
#1897=FACE_BOUND('',#1786,.T.);
#1898=FACE_BOUND('',#1787,.T.);
#1899=FACE_BOUND('',#1788,.T.);
#1900=FACE_BOUND('',#1789,.T.);
#1901=FACE_BOUND('',#1790,.T.);
#1902=FACE_BOUND('',#1791,.T.);
#1903=FACE_BOUND('',#1792,.T.);
#1904=FACE_BOUND('',#1793,.T.);
#1905=FACE_BOUND('',#1794,.T.);
#1906=FACE_BOUND('',#1795,.T.);
#1907=FACE_BOUND('',#1796,.T.);
#1908=FACE_BOUND('',#1797,.T.);
#1909=FACE_BOUND('',#1798,.T.);
#1910=FACE_BOUND('',#1799,.T.);
#1911=FACE_BOUND('',#1800,.T.);
#1912=FACE_BOUND('',#1801,.T.);
#1913=FACE_BOUND('',#1802,.T.);
#1914=FACE_BOUND('',#1803,.T.);
#1915=FACE_BOUND('',#1804,.T.);
#1916=FACE_BOUND('',#1805,.T.);
#1917=FACE_BOUND('',#1806,.T.);
#1918=FACE_BOUND('',#1807,.T.);
#1919=FACE_BOUND('',#1808,.T.);
#1920=FACE_BOUND('',#1809,.T.);
#1921=FACE_BOUND('',#1810,.T.);
#1922=FACE_BOUND('',#1811,.T.);
#1923=FACE_BOUND('',#1812,.T.);
#1924=FACE_BOUND('',#1813,.T.);
#1925=FACE_BOUND('',#1814,.T.);
#1926=FACE_BOUND('',#1815,.T.);
#1927=FACE_BOUND('',#1816,.T.);
#1928=FACE_BOUND('',#1817,.T.);
#1929=FACE_BOUND('',#1818,.T.);
#1930=FACE_BOUND('',#1819,.T.);
#1931=FACE_BOUND('',#1820,.T.);
#1932=FACE_BOUND('',#1821,.T.);
#1933=FACE_BOUND('',#1822,.T.);
#1934=FACE_BOUND('',#1823,.T.);
#1935=FACE_BOUND('',#1824,.T.);
#1936=FACE_BOUND('',#1825,.T.);
#1937=FACE_BOUND('',#1826,.T.);
#1938=FACE_BOUND('',#1827,.T.);
#1939=FACE_BOUND('',#1828,.T.);
#1940=FACE_BOUND('',#1829,.T.);
#1941=FACE_BOUND('',#1830,.T.);
#1942=FACE_BOUND('',#1831,.T.);
#1943=FACE_BOUND('',#1832,.T.);
#1944=FACE_BOUND('',#1833,.T.);
#1945=FACE_BOUND('',#1834,.T.);
#1946=FACE_BOUND('',#1835,.T.);
#1947=PLANE('',#2168);
#1948=PLANE('',#2169);
#1949=PLANE('',#2170);
#1950=PLANE('',#2171);
#1951=PLANE('',#2172);
#1952=PLANE('',#2173);
#1953=PLANE('',#2174);
#1954=PLANE('',#2175);
#1955=PLANE('',#2176);
#1956=PLANE('',#2177);
#1957=PLANE('',#2178);
#1958=PLANE('',#2179);
#1959=PLANE('',#2180);
#1960=PLANE('',#2181);
#1961=PLANE('',#2182);
#1962=PLANE('',#2183);
#1963=PLANE('',#2184);
#1964=PLANE('',#2185);
#1965=PLANE('',#2186);
#1966=PLANE('',#2187);
#1967=PLANE('',#2188);
#1968=PLANE('',#2189);
#1969=PLANE('',#2190);
#1970=PLANE('',#2191);
#1971=PLANE('',#2192);
#1972=PLANE('',#2193);
#1973=PLANE('',#2194);
#1974=PLANE('',#2195);
#1975=PLANE('',#2196);
#1976=PLANE('',#2197);
#1977=PLANE('',#2198);
#1978=PLANE('',#2199);
#1979=PLANE('',#2200);
#1980=PLANE('',#2201);
#1981=PLANE('',#2202);
#1982=PLANE('',#2203);
#1983=PLANE('',#2204);
#1984=PLANE('',#2205);
#1985=PLANE('',#2206);
#1986=PLANE('',#2207);
#1987=PLANE('',#2208);
#1988=PLANE('',#2209);
#1989=PLANE('',#2210);
#1990=PLANE('',#2211);
#1991=PLANE('',#2212);
#1992=PLANE('',#2213);
#1993=PLANE('',#2214);
#1994=PLANE('',#2215);
#1995=PLANE('',#2216);
#1996=PLANE('',#2217);
#1997=PLANE('',#2218);
#1998=PLANE('',#2219);
#1999=PLANE('',#2220);
#2000=PLANE('',#2221);
#2001=PLANE('',#2222);
#2002=PLANE('',#2223);
#2003=PLANE('',#2224);
#2004=PLANE('',#2225);
#2005=PLANE('',#2226);
#2006=PLANE('',#2227);
#2007=PLANE('',#2228);
#2008=PLANE('',#2229);
#2009=PLANE('',#2230);
#2010=PLANE('',#2231);
#2011=PLANE('',#2232);
#2012=PLANE('',#2233);
#2013=PLANE('',#2234);
#2014=PLANE('',#2235);
#2015=PLANE('',#2236);
#2016=PLANE('',#2237);
#2017=PLANE('',#2238);
#2018=PLANE('',#2239);
#2019=PLANE('',#2240);
#2020=PLANE('',#2241);
#2021=PLANE('',#2242);
#2022=PLANE('',#2243);
#2023=PLANE('',#2244);
#2024=PLANE('',#2245);
#2025=PLANE('',#2246);
#2026=PLANE('',#2247);
#2027=PLANE('',#2248);
#2028=PLANE('',#2249);
#2029=PLANE('',#2250);
#2030=PLANE('',#2251);
#2031=PLANE('',#2252);
#2032=PLANE('',#2253);
#2033=PLANE('',#2254);
#2034=PLANE('',#2255);
#2035=PLANE('',#2256);
#2036=PLANE('',#2257);
#2037=PLANE('',#2258);
#2038=PLANE('',#2259);
#2039=PLANE('',#2260);
#2040=PLANE('',#2261);
#2041=PLANE('',#2262);
#2042=PLANE('',#2263);
#2043=PLANE('',#2264);
#2044=PLANE('',#2267);
#2045=PLANE('',#2268);
#2046=PLANE('',#2271);
#2047=PLANE('',#2274);
#2048=ADVANCED_FACE('',(#1836),#1947,.F.);
#2049=ADVANCED_FACE('',(#1837),#1948,.T.);
#2050=ADVANCED_FACE('',(#1838),#1949,.T.);
#2051=ADVANCED_FACE('',(#1839),#1950,.T.);
#2052=ADVANCED_FACE('',(#1840),#1951,.T.);
#2053=ADVANCED_FACE('',(#1841),#1952,.F.);
#2054=ADVANCED_FACE('',(#1842),#1953,.T.);
#2055=ADVANCED_FACE('',(#1843),#1954,.T.);
#2056=ADVANCED_FACE('',(#1844),#1955,.T.);
#2057=ADVANCED_FACE('',(#1845),#1956,.T.);
#2058=ADVANCED_FACE('',(#1846),#1957,.F.);
#2059=ADVANCED_FACE('',(#1847),#1958,.T.);
#2060=ADVANCED_FACE('',(#1848),#1959,.T.);
#2061=ADVANCED_FACE('',(#1849),#1960,.T.);
#2062=ADVANCED_FACE('',(#1850),#1961,.F.);
#2063=ADVANCED_FACE('',(#1851),#1962,.T.);
#2064=ADVANCED_FACE('',(#1852),#1963,.T.);
#2065=ADVANCED_FACE('',(#1853),#1964,.T.);
#2066=ADVANCED_FACE('',(#1854),#1965,.F.);
#2067=ADVANCED_FACE('',(#1855),#1966,.T.);
#2068=ADVANCED_FACE('',(#1856),#1967,.T.);
#2069=ADVANCED_FACE('',(#1857),#1968,.T.);
#2070=ADVANCED_FACE('',(#1858),#1969,.F.);
#2071=ADVANCED_FACE('',(#1859),#1970,.T.);
#2072=ADVANCED_FACE('',(#1860),#1971,.T.);
#2073=ADVANCED_FACE('',(#1861),#1972,.T.);
#2074=ADVANCED_FACE('',(#1862),#1973,.F.);
#2075=ADVANCED_FACE('',(#1863),#1974,.T.);
#2076=ADVANCED_FACE('',(#1864),#1975,.T.);
#2077=ADVANCED_FACE('',(#1865),#1976,.T.);
#2078=ADVANCED_FACE('',(#1866),#1977,.F.);
#2079=ADVANCED_FACE('',(#1867),#1978,.T.);
#2080=ADVANCED_FACE('',(#1868),#1979,.T.);
#2081=ADVANCED_FACE('',(#1869),#1980,.T.);
#2082=ADVANCED_FACE('',(#1870),#1981,.F.);
#2083=ADVANCED_FACE('',(#1871),#1982,.T.);
#2084=ADVANCED_FACE('',(#1872),#1983,.T.);
#2085=ADVANCED_FACE('',(#1873),#1984,.T.);
#2086=ADVANCED_FACE('',(#1874),#1985,.F.);
#2087=ADVANCED_FACE('',(#1875),#1986,.T.);
#2088=ADVANCED_FACE('',(#1876),#1987,.T.);
#2089=ADVANCED_FACE('',(#1877),#1988,.T.);
#2090=ADVANCED_FACE('',(#1878),#1989,.F.);
#2091=ADVANCED_FACE('',(#1879),#1990,.T.);
#2092=ADVANCED_FACE('',(#1880),#1991,.T.);
#2093=ADVANCED_FACE('',(#1881),#1992,.T.);
#2094=ADVANCED_FACE('',(#1882),#1993,.F.);
#2095=ADVANCED_FACE('',(#1883),#1994,.T.);
#2096=ADVANCED_FACE('',(#1884),#1995,.T.);
#2097=ADVANCED_FACE('',(#1885),#1996,.T.);
#2098=ADVANCED_FACE('',(#1886),#1997,.F.);
#2099=ADVANCED_FACE('',(#1887),#1998,.T.);
#2100=ADVANCED_FACE('',(#1888),#1999,.T.);
#2101=ADVANCED_FACE('',(#1889),#2000,.T.);
#2102=ADVANCED_FACE('',(#1890),#2001,.F.);
#2103=ADVANCED_FACE('',(#1891),#2002,.T.);
#2104=ADVANCED_FACE('',(#1892),#2003,.T.);
#2105=ADVANCED_FACE('',(#1893),#2004,.T.);
#2106=ADVANCED_FACE('',(#1894),#2005,.F.);
#2107=ADVANCED_FACE('',(#1895),#2006,.T.);
#2108=ADVANCED_FACE('',(#1896),#2007,.T.);
#2109=ADVANCED_FACE('',(#1897),#2008,.T.);
#2110=ADVANCED_FACE('',(#1898),#2009,.F.);
#2111=ADVANCED_FACE('',(#1899),#2010,.T.);
#2112=ADVANCED_FACE('',(#1900),#2011,.T.);
#2113=ADVANCED_FACE('',(#1901),#2012,.T.);
#2114=ADVANCED_FACE('',(#1902),#2013,.F.);
#2115=ADVANCED_FACE('',(#1903),#2014,.T.);
#2116=ADVANCED_FACE('',(#1904),#2015,.T.);
#2117=ADVANCED_FACE('',(#1905),#2016,.T.);
#2118=ADVANCED_FACE('',(#1906),#2017,.F.);
#2119=ADVANCED_FACE('',(#1907),#2018,.T.);
#2120=ADVANCED_FACE('',(#1908),#2019,.T.);
#2121=ADVANCED_FACE('',(#1909),#2020,.T.);
#2122=ADVANCED_FACE('',(#1910),#2021,.F.);
#2123=ADVANCED_FACE('',(#1911),#2022,.T.);
#2124=ADVANCED_FACE('',(#1912),#2023,.T.);
#2125=ADVANCED_FACE('',(#1913),#2024,.T.);
#2126=ADVANCED_FACE('',(#1914),#2025,.F.);
#2127=ADVANCED_FACE('',(#1915),#2026,.T.);
#2128=ADVANCED_FACE('',(#1916),#2027,.F.);
#2129=ADVANCED_FACE('',(#1917),#2028,.F.);
#2130=ADVANCED_FACE('',(#1918),#2029,.T.);
#2131=ADVANCED_FACE('',(#1919),#2030,.T.);
#2132=ADVANCED_FACE('',(#1920),#2031,.F.);
#2133=ADVANCED_FACE('',(#1921),#2032,.F.);
#2134=ADVANCED_FACE('',(#1922),#2033,.T.);
#2135=ADVANCED_FACE('',(#1923),#2034,.T.);
#2136=ADVANCED_FACE('',(#1924),#2035,.T.);
#2137=ADVANCED_FACE('',(#1925),#2036,.F.);
#2138=ADVANCED_FACE('',(#1926),#2037,.F.);
#2139=ADVANCED_FACE('',(#1927),#2038,.F.);
#2140=ADVANCED_FACE('',(#1928),#18,.T.);
#2141=ADVANCED_FACE('',(#1929),#19,.T.);
#2142=ADVANCED_FACE('',(#1930),#2039,.F.);
#2143=ADVANCED_FACE('',(#1931),#2040,.F.);
#2144=ADVANCED_FACE('',(#1932),#2041,.F.);
#2145=ADVANCED_FACE('',(#1933),#2042,.T.);
#2146=ADVANCED_FACE('',(#1934,#1935,#1936),#2043,.T.);
#2147=ADVANCED_FACE('',(#1937),#2044,.F.);
#2148=ADVANCED_FACE('',(#1938),#2045,.T.);
#2149=ADVANCED_FACE('',(#1939),#20,.T.);
#2150=ADVANCED_FACE('',(#1940),#21,.T.);
#2151=ADVANCED_FACE('',(#1941,#1942),#12,.T.);
#2152=ADVANCED_FACE('',(#1943),#2046,.T.);
#2153=ADVANCED_FACE('',(#1944,#1945),#13,.T.);
#2154=ADVANCED_FACE('',(#1946),#2047,.T.);
#2155=CLOSED_SHELL('',(#2048,#2049,#2050,#2051,#2052,#2053,#2054,#2055,
#2056,#2057,#2058,#2059,#2060,#2061,#2062,#2063,#2064,#2065,#2066,#2067,
#2068,#2069,#2070,#2071,#2072,#2073,#2074,#2075,#2076,#2077,#2078,#2079,
#2080,#2081,#2082,#2083,#2084,#2085,#2086,#2087,#2088,#2089,#2090,#2091,
#2092,#2093,#2094,#2095,#2096,#2097,#2098,#2099,#2100,#2101,#2102,#2103,
#2104,#2105,#2106,#2107,#2108,#2109,#2110,#2111,#2112,#2113,#2114,#2115,
#2116,#2117,#2118,#2119,#2120,#2121,#2122,#2123,#2124,#2125,#2126,#2127,
#2128,#2129,#2130,#2131,#2132,#2133,#2134,#2135,#2136,#2137,#2138,#2139,
#2140,#2141,#2142,#2143,#2144,#2145,#2146,#2147,#2148,#2149,#2150,#2151,
#2152,#2153,#2154));
#2156=STYLED_ITEM('',(#2157),#2164);
#2157=PRESENTATION_STYLE_ASSIGNMENT((#2158));
#2158=SURFACE_STYLE_USAGE(.BOTH.,#2159);
#2159=SURFACE_SIDE_STYLE('',(#2160));
#2160=SURFACE_STYLE_FILL_AREA(#2161);
#2161=FILL_AREA_STYLE('',(#2162));
#2162=FILL_AREA_STYLE_COLOUR('',#2163);
#2163=COLOUR_RGB('',0.980392156862745,0.713725490196078,0.00392156862745098);
#2164=MANIFOLD_SOLID_BREP('Top Rack',#2155);
#2165=SHAPE_DEFINITION_REPRESENTATION(#3434,#2166);
#2166=SHAPE_REPRESENTATION('Top Rack',(#2167),#3429);
#2167=AXIS2_PLACEMENT_3D('',#2789,#2275,#2276);
#2168=AXIS2_PLACEMENT_3D('',#2790,#2277,#2278);
#2169=AXIS2_PLACEMENT_3D('',#2801,#2284,#2285);
#2170=AXIS2_PLACEMENT_3D('',#2811,#2291,#2292);
#2171=AXIS2_PLACEMENT_3D('',#2817,#2296,#2297);
#2172=AXIS2_PLACEMENT_3D('',#2826,#2302,#2303);
#2173=AXIS2_PLACEMENT_3D('',#2832,#2307,#2308);
#2174=AXIS2_PLACEMENT_3D('',#2838,#2312,#2313);
#2175=AXIS2_PLACEMENT_3D('',#2844,#2317,#2318);
#2176=AXIS2_PLACEMENT_3D('',#2996,#2395,#2396);
#2177=AXIS2_PLACEMENT_3D('',#3002,#2400,#2401);
#2178=AXIS2_PLACEMENT_3D('',#3006,#2404,#2405);
#2179=AXIS2_PLACEMENT_3D('',#3010,#2408,#2409);
#2180=AXIS2_PLACEMENT_3D('',#3012,#2411,#2412);
#2181=AXIS2_PLACEMENT_3D('',#3018,#2416,#2417);
#2182=AXIS2_PLACEMENT_3D('',#3022,#2420,#2421);
#2183=AXIS2_PLACEMENT_3D('',#3026,#2424,#2425);
#2184=AXIS2_PLACEMENT_3D('',#3028,#2427,#2428);
#2185=AXIS2_PLACEMENT_3D('',#3034,#2432,#2433);
#2186=AXIS2_PLACEMENT_3D('',#3038,#2436,#2437);
#2187=AXIS2_PLACEMENT_3D('',#3042,#2440,#2441);
#2188=AXIS2_PLACEMENT_3D('',#3044,#2443,#2444);
#2189=AXIS2_PLACEMENT_3D('',#3050,#2448,#2449);
#2190=AXIS2_PLACEMENT_3D('',#3054,#2452,#2453);
#2191=AXIS2_PLACEMENT_3D('',#3058,#2456,#2457);
#2192=AXIS2_PLACEMENT_3D('',#3060,#2459,#2460);
#2193=AXIS2_PLACEMENT_3D('',#3066,#2464,#2465);
#2194=AXIS2_PLACEMENT_3D('',#3070,#2468,#2469);
#2195=AXIS2_PLACEMENT_3D('',#3074,#2472,#2473);
#2196=AXIS2_PLACEMENT_3D('',#3076,#2475,#2476);
#2197=AXIS2_PLACEMENT_3D('',#3082,#2480,#2481);
#2198=AXIS2_PLACEMENT_3D('',#3086,#2484,#2485);
#2199=AXIS2_PLACEMENT_3D('',#3090,#2488,#2489);
#2200=AXIS2_PLACEMENT_3D('',#3092,#2491,#2492);
#2201=AXIS2_PLACEMENT_3D('',#3098,#2496,#2497);
#2202=AXIS2_PLACEMENT_3D('',#3102,#2500,#2501);
#2203=AXIS2_PLACEMENT_3D('',#3106,#2504,#2505);
#2204=AXIS2_PLACEMENT_3D('',#3108,#2507,#2508);
#2205=AXIS2_PLACEMENT_3D('',#3114,#2512,#2513);
#2206=AXIS2_PLACEMENT_3D('',#3118,#2516,#2517);
#2207=AXIS2_PLACEMENT_3D('',#3122,#2520,#2521);
#2208=AXIS2_PLACEMENT_3D('',#3124,#2523,#2524);
#2209=AXIS2_PLACEMENT_3D('',#3130,#2528,#2529);
#2210=AXIS2_PLACEMENT_3D('',#3134,#2532,#2533);
#2211=AXIS2_PLACEMENT_3D('',#3138,#2536,#2537);
#2212=AXIS2_PLACEMENT_3D('',#3140,#2539,#2540);
#2213=AXIS2_PLACEMENT_3D('',#3144,#2543,#2544);
#2214=AXIS2_PLACEMENT_3D('',#3148,#2547,#2548);
#2215=AXIS2_PLACEMENT_3D('',#3152,#2551,#2552);
#2216=AXIS2_PLACEMENT_3D('',#3156,#2555,#2556);
#2217=AXIS2_PLACEMENT_3D('',#3160,#2559,#2560);
#2218=AXIS2_PLACEMENT_3D('',#3164,#2563,#2564);
#2219=AXIS2_PLACEMENT_3D('',#3168,#2567,#2568);
#2220=AXIS2_PLACEMENT_3D('',#3172,#2571,#2572);
#2221=AXIS2_PLACEMENT_3D('',#3176,#2575,#2576);
#2222=AXIS2_PLACEMENT_3D('',#3180,#2579,#2580);
#2223=AXIS2_PLACEMENT_3D('',#3184,#2583,#2584);
#2224=AXIS2_PLACEMENT_3D('',#3188,#2587,#2588);
#2225=AXIS2_PLACEMENT_3D('',#3192,#2591,#2592);
#2226=AXIS2_PLACEMENT_3D('',#3196,#2595,#2596);
#2227=AXIS2_PLACEMENT_3D('',#3200,#2599,#2600);
#2228=AXIS2_PLACEMENT_3D('',#3204,#2603,#2604);
#2229=AXIS2_PLACEMENT_3D('',#3208,#2607,#2608);
#2230=AXIS2_PLACEMENT_3D('',#3212,#2611,#2612);
#2231=AXIS2_PLACEMENT_3D('',#3216,#2615,#2616);
#2232=AXIS2_PLACEMENT_3D('',#3220,#2619,#2620);
#2233=AXIS2_PLACEMENT_3D('',#3224,#2623,#2624);
#2234=AXIS2_PLACEMENT_3D('',#3228,#2627,#2628);
#2235=AXIS2_PLACEMENT_3D('',#3232,#2631,#2632);
#2236=AXIS2_PLACEMENT_3D('',#3236,#2635,#2636);
#2237=AXIS2_PLACEMENT_3D('',#3240,#2639,#2640);
#2238=AXIS2_PLACEMENT_3D('',#3244,#2643,#2644);
#2239=AXIS2_PLACEMENT_3D('',#3248,#2647,#2648);
#2240=AXIS2_PLACEMENT_3D('',#3252,#2651,#2652);
#2241=AXIS2_PLACEMENT_3D('',#3256,#2655,#2656);
#2242=AXIS2_PLACEMENT_3D('',#3260,#2659,#2660);
#2243=AXIS2_PLACEMENT_3D('',#3264,#2663,#2664);
#2244=AXIS2_PLACEMENT_3D('',#3268,#2667,#2668);
#2245=AXIS2_PLACEMENT_3D('',#3272,#2671,#2672);
#2246=AXIS2_PLACEMENT_3D('',#3276,#2675,#2676);
#2247=AXIS2_PLACEMENT_3D('',#3280,#2679,#2680);
#2248=AXIS2_PLACEMENT_3D('',#3284,#2683,#2684);
#2249=AXIS2_PLACEMENT_3D('',#3289,#2688,#2689);
#2250=AXIS2_PLACEMENT_3D('',#3293,#2692,#2693);
#2251=AXIS2_PLACEMENT_3D('',#3297,#2696,#2697);
#2252=AXIS2_PLACEMENT_3D('',#3299,#2699,#2700);
#2253=AXIS2_PLACEMENT_3D('',#3301,#2702,#2703);
#2254=AXIS2_PLACEMENT_3D('',#3317,#2712,#2713);
#2255=AXIS2_PLACEMENT_3D('',#3345,#2728,#2729);
#2256=AXIS2_PLACEMENT_3D('',#3347,#2731,#2732);
#2257=AXIS2_PLACEMENT_3D('',#3350,#2735,#2736);
#2258=AXIS2_PLACEMENT_3D('',#3353,#2739,#2740);
#2259=AXIS2_PLACEMENT_3D('',#3354,#2741,#2742);
#2260=AXIS2_PLACEMENT_3D('',#3373,#2745,#2746);
#2261=AXIS2_PLACEMENT_3D('',#3377,#2749,#2750);
#2262=AXIS2_PLACEMENT_3D('',#3381,#2753,#2754);
#2263=AXIS2_PLACEMENT_3D('',#3383,#2756,#2757);
#2264=AXIS2_PLACEMENT_3D('',#3389,#2761,#2762);
#2265=AXIS2_PLACEMENT_3D('',#3390,#2763,#2764);
#2266=AXIS2_PLACEMENT_3D('',#3392,#2765,#2766);
#2267=AXIS2_PLACEMENT_3D('',#3400,#2771,#2772);
#2268=AXIS2_PLACEMENT_3D('',#3403,#2775,#2776);
#2269=AXIS2_PLACEMENT_3D('',#3420,#2777,#2778);
#2270=AXIS2_PLACEMENT_3D('',#3421,#2779,#2780);
#2271=AXIS2_PLACEMENT_3D('',#3423,#2781,#2782);
#2272=AXIS2_PLACEMENT_3D('',#3424,#2783,#2784);
#2273=AXIS2_PLACEMENT_3D('',#3425,#2785,#2786);
#2274=AXIS2_PLACEMENT_3D('',#3427,#2787,#2788);
#2275=DIRECTION('',(0.,0.,1.));
#2276=DIRECTION('',(1.,0.,0.));
#2277=DIRECTION('',(0.999973870951454,0.000126163855031982,0.00722782796183607));
#2278=DIRECTION('',(-0.0072278280193599,0.0348990408611108,0.999364705925268));
#2279=DIRECTION('',(-8.18572640226556E-17,-0.999847691176682,0.0174526344331685));
#2280=DIRECTION('',(0.00722892899150462,-0.0174521784124361,-0.999821566107821));
#2281=DIRECTION('',(-8.20198943485284E-17,-0.999847691176682,0.0174526344331685));
#2282=DIRECTION('',(0.00722892899150462,-0.0174521784124361,-0.999821566107821));
#2283=DIRECTION('',(-8.18572640226556E-17,-0.999847691176682,0.0174526344331685));
#2284=DIRECTION('',(-0.00722892899150462,0.0174521784124361,0.999821566107821));
#2285=DIRECTION('',(-0.999973870951454,-0.000126163855031981,-0.00722782796183607));
#2286=DIRECTION('',(-8.4296718910748E-17,-0.999847691176682,0.0174526344331685));
#2287=DIRECTION('',(-0.999973870951454,-0.000126163855029804,-0.00722782796183611));
#2288=DIRECTION('',(0.999973870951454,0.000126163855029587,0.00722782796183612));
#2289=DIRECTION('',(-8.27788358692683E-17,-0.999847691176682,0.0174526344331685));
#2290=DIRECTION('',(-0.999973870951454,-0.000126163855029587,-0.00722782796183612));
#2291=DIRECTION('',(0.999973870951454,0.000126163855031981,0.00722782796183607));
#2292=DIRECTION('',(-0.0072278280193599,0.0348990408611108,0.999364705925268));
#2293=DIRECTION('',(-8.27788358692683E-17,-0.999847691176682,0.0174526344331685));
#2294=DIRECTION('',(0.00722892899150462,-0.0174521784124361,-0.999821566107821));
#2295=DIRECTION('',(0.00722892899150462,-0.0174521784124361,-0.999821566107821));
#2296=DIRECTION('',(0.34201120666474,0.939592647888337,-0.013928049034682));
#2297=DIRECTION('',(0.939499281284964,-0.341598924144886,0.0255200996881279));
#2298=DIRECTION('',(0.00722892899150462,-0.0174521784124361,-0.999821566107821));
#2299=DIRECTION('',(0.939668067511802,-0.341849495396504,0.0127610891302902));
#2300=DIRECTION('',(0.00722892899150462,-0.0174521784124361,-0.999821566107821));
#2301=DIRECTION('',(0.939668067511801,-0.341849495396504,0.0127610891302902));
#2302=DIRECTION('',(0.999973870951454,0.000126163855031991,0.00722782796183607));
#2303=DIRECTION('',(-0.0072278280193599,0.0348990408611108,0.999364705925268));
#2304=DIRECTION('',(-7.25331253392803E-17,-0.999847691176682,0.0174526344331685));
#2305=DIRECTION('',(0.00722892899150462,-0.0174521784124361,-0.999821566107821));
#2306=DIRECTION('',(-7.2478915230656E-17,-0.999847691176682,0.0174526344331685));
#2307=DIRECTION('',(-0.342011206664742,0.939506346728775,-0.018872174545563));
#2308=DIRECTION('',(0.939661800426087,0.342100851982768,0.00164556758240972));
#2309=DIRECTION('',(0.939668067511801,0.342086605883673,0.000822784069804582));
#2310=DIRECTION('',(0.00722892899150462,-0.0174521784124361,-0.999821566107821));
#2311=DIRECTION('',(0.939668067511801,0.342086605883673,0.000822784069804584));
#2312=DIRECTION('',(0.999973870951454,0.000126163855032049,0.00722782796183607));
#2313=DIRECTION('',(-0.0072278280193599,0.0348990408611108,0.999364705925268));
#2314=DIRECTION('',(-1.47451495458029E-17,-0.999847691176682,0.0174526344331685));
#2315=DIRECTION('',(0.00722892899150462,-0.0174521784124361,-0.999821566107821));
#2316=DIRECTION('',(-1.46909394371786E-17,-0.999847691176682,0.0174526344331685));
#2317=DIRECTION('',(0.00722892899150462,-0.0174521784124361,-0.999821566107821));
#2318=DIRECTION('',(0.999973870951454,0.000126163855031981,0.00722782796183607));
#2319=DIRECTION('',(0.999973870951454,0.000126163855029586,0.00722782796183612));
#2320=DIRECTION('',(-8.18572640226556E-17,-0.999847691176682,0.0174526344331685));
#2321=DIRECTION('',(-0.999973870951454,-0.000126163855029586,-0.00722782796183612));
#2322=DIRECTION('',(-2.47718512369488E-15,-0.999847691176682,0.0174526344331685));
#2323=DIRECTION('',(0.939668067511801,-0.341849495396504,0.0127610891302902));
#2324=DIRECTION('',(-7.2478915230656E-17,-0.999847691176682,0.0174526344331685));
#2325=DIRECTION('',(0.939668067511801,0.342086605883673,0.000822784069804584));
#2326=DIRECTION('',(-1.46909394371786E-17,-0.999847691176682,0.0174526344331685));
#2327=DIRECTION('',(0.939668067511801,-0.341849495396504,0.0127610891302902));
#2328=DIRECTION('',(-7.2478915230656E-17,-0.999847691176682,0.0174526344331685));
#2329=DIRECTION('',(0.939668067511801,0.342086605883673,0.000822784069804584));
#2330=DIRECTION('',(-1.46909394371786E-17,-0.999847691176682,0.0174526344331685));
#2331=DIRECTION('',(0.939668067511801,-0.341849495396504,0.0127610891302902));
#2332=DIRECTION('',(-7.2478915230656E-17,-0.999847691176682,0.0174526344331685));
#2333=DIRECTION('',(0.939668067511801,0.342086605883673,0.000822784069804584));
#2334=DIRECTION('',(-1.46909394371786E-17,-0.999847691176682,0.0174526344331685));
#2335=DIRECTION('',(0.939668067511801,-0.341849495396504,0.0127610891302902));
#2336=DIRECTION('',(-7.2478915230656E-17,-0.999847691176682,0.0174526344331685));
#2337=DIRECTION('',(0.939668067511801,0.342086605883673,0.000822784069804584));
#2338=DIRECTION('',(-1.46909394371786E-17,-0.999847691176682,0.0174526344331685));
#2339=DIRECTION('',(0.939668067511801,-0.341849495396504,0.0127610891302902));
#2340=DIRECTION('',(-7.2478915230656E-17,-0.999847691176682,0.0174526344331685));
#2341=DIRECTION('',(0.939668067511801,0.342086605883673,0.000822784069804584));
#2342=DIRECTION('',(-1.46909394371786E-17,-0.999847691176682,0.0174526344331685));
#2343=DIRECTION('',(0.939668067511801,-0.341849495396504,0.0127610891302902));
#2344=DIRECTION('',(-7.2478915230656E-17,-0.999847691176682,0.0174526344331685));
#2345=DIRECTION('',(0.939668067511801,0.342086605883673,0.000822784069804584));
#2346=DIRECTION('',(-1.46909394371786E-17,-0.999847691176682,0.0174526344331685));
#2347=DIRECTION('',(0.939668067511801,-0.341849495396504,0.0127610891302902));
#2348=DIRECTION('',(-7.2478915230656E-17,-0.999847691176682,0.0174526344331685));
#2349=DIRECTION('',(0.939668067511801,0.342086605883673,0.000822784069804584));
#2350=DIRECTION('',(-1.46909394371786E-17,-0.999847691176682,0.0174526344331685));
#2351=DIRECTION('',(0.939668067511801,-0.341849495396504,0.0127610891302902));
#2352=DIRECTION('',(-7.2478915230656E-17,-0.999847691176682,0.0174526344331685));
#2353=DIRECTION('',(0.939668067511801,0.342086605883673,0.000822784069804584));
#2354=DIRECTION('',(-1.46909394371786E-17,-0.999847691176682,0.0174526344331685));
#2355=DIRECTION('',(0.939668067511801,-0.341849495396504,0.0127610891302902));
#2356=DIRECTION('',(-7.2478915230656E-17,-0.999847691176682,0.0174526344331685));
#2357=DIRECTION('',(0.939668067511801,0.342086605883673,0.000822784069804584));
#2358=DIRECTION('',(-1.46909394371786E-17,-0.999847691176682,0.0174526344331685));
#2359=DIRECTION('',(0.939668067511801,-0.341849495396504,0.0127610891302902));
#2360=DIRECTION('',(-7.2478915230656E-17,-0.999847691176682,0.0174526344331685));
#2361=DIRECTION('',(0.939668067511801,0.342086605883673,0.000822784069804584));
#2362=DIRECTION('',(-1.56667213924156E-17,-0.999847691176682,0.0174526344331685));
#2363=DIRECTION('',(0.9396680675118,-0.341849495396507,0.0127610891302902));
#2364=DIRECTION('',(-7.48641600101241E-17,-0.999847691176682,0.0174526344331685));
#2365=DIRECTION('',(0.939668067511802,0.342086605883671,0.00082278406980464));
#2366=DIRECTION('',(-1.37693675905659E-17,-0.999847691176682,0.0174526344331685));
#2367=DIRECTION('',(0.939668067511803,-0.341849495396502,0.0127610891302902));
#2368=DIRECTION('',(-6.53773910008759E-17,-0.999847691176682,0.0174526344331685));
#2369=DIRECTION('',(0.939668067511802,0.342086605883671,0.00082278406980464));
#2370=DIRECTION('',(-1.56667213924156E-17,-0.999847691176682,0.0174526344331685));
#2371=DIRECTION('',(0.939668067511803,-0.341849495396502,0.0127610891302902));
#2372=DIRECTION('',(-7.00936704511879E-17,-0.999847691176682,0.0174526344331685));
#2373=DIRECTION('',(0.939668067511802,0.342086605883671,0.00082278406980464));
#2374=DIRECTION('',(-1.37693675905659E-17,-0.999847691176682,0.0174526344331685));
#2375=DIRECTION('',(0.939668067511803,-0.341849495396502,0.0127610891302902));
#2376=DIRECTION('',(-7.00936704511879E-17,-0.999847691176682,0.0174526344331685));
#2377=DIRECTION('',(0.939668067511802,0.342086605883671,0.00082278406980464));
#2378=DIRECTION('',(-1.56667213924156E-17,-0.999847691176682,0.0174526344331685));
#2379=DIRECTION('',(0.9396680675118,-0.341849495396507,0.0127610891302902));
#2380=DIRECTION('',(-7.48641600101241E-17,-0.999847691176682,0.0174526344331685));
#2381=DIRECTION('',(0.939668067511802,0.342086605883671,0.00082278406980464));
#2382=DIRECTION('',(-1.56667213924156E-17,-0.999847691176682,0.0174526344331685));
#2383=DIRECTION('',(0.9396680675118,-0.341849495396507,0.0127610891302902));
#2384=DIRECTION('',(-6.53773910008759E-17,-0.999847691176682,0.0174526344331685));
#2385=DIRECTION('',(0.939668067511802,0.342086605883671,0.00082278406980464));
#2386=DIRECTION('',(-1.56667213924156E-17,-0.999847691176682,0.0174526344331685));
#2387=DIRECTION('',(0.939668067511801,-0.341849495396505,0.0127610891302902));
#2388=DIRECTION('',(-6.53773910008759E-17,-0.999847691176682,0.0174526344331685));
#2389=DIRECTION('',(0.939668067511802,0.342086605883671,0.00082278406980464));
#2390=DIRECTION('',(-1.37693675905659E-17,-0.999847691176682,0.0174526344331685));
#2391=DIRECTION('',(0.939668067511801,-0.341849495396505,0.0127610891302902));
#2392=DIRECTION('',(-7.00936704511879E-17,-0.999847691176682,0.0174526344331685));
#2393=DIRECTION('',(0.939668067511802,0.342086605883671,0.00082278406980464));
#2394=DIRECTION('',(-1.37693675905659E-17,-0.999847691176682,0.0174526344331685));
#2395=DIRECTION('',(0.34201120666474,0.939592647888337,-0.013928049034682));
#2396=DIRECTION('',(0.939499281284964,-0.341598924144886,0.0255200996881279));
#2397=DIRECTION('',(0.00722892899150462,-0.0174521784124361,-0.999821566107821));
#2398=DIRECTION('',(0.939668067511802,-0.341849495396504,0.0127610891302902));
#2399=DIRECTION('',(0.00722892899150462,-0.0174521784124361,-0.999821566107821));
#2400=DIRECTION('',(0.999973870951454,0.000126163855031991,0.00722782796183607));
#2401=DIRECTION('',(-0.0072278280193599,0.0348990408611108,0.999364705925268));
#2402=DIRECTION('',(-7.25331253392803E-17,-0.999847691176682,0.0174526344331685));
#2403=DIRECTION('',(0.00722892899150462,-0.0174521784124361,-0.999821566107821));
#2404=DIRECTION('',(-0.342011206664742,0.939506346728775,-0.018872174545563));
#2405=DIRECTION('',(0.939661800426087,0.342100851982768,0.00164556758240972));
#2406=DIRECTION('',(0.939668067511801,0.342086605883673,0.000822784069804582));
#2407=DIRECTION('',(0.00722892899150462,-0.0174521784124361,-0.999821566107821));
#2408=DIRECTION('',(0.999973870951454,0.000126163855032049,0.00722782796183607));
#2409=DIRECTION('',(-0.0072278280193599,0.0348990408611108,0.999364705925268));
#2410=DIRECTION('',(-1.47451495458029E-17,-0.999847691176682,0.0174526344331685));
#2411=DIRECTION('',(0.34201120666474,0.939592647888337,-0.013928049034682));
#2412=DIRECTION('',(0.939499281284964,-0.341598924144886,0.0255200996881279));
#2413=DIRECTION('',(0.00722892899150462,-0.0174521784124361,-0.999821566107821));
#2414=DIRECTION('',(0.939668067511802,-0.341849495396504,0.0127610891302902));
#2415=DIRECTION('',(0.00722892899150462,-0.0174521784124361,-0.999821566107821));
#2416=DIRECTION('',(0.999973870951454,0.000126163855031991,0.00722782796183607));
#2417=DIRECTION('',(-0.0072278280193599,0.0348990408611108,0.999364705925268));
#2418=DIRECTION('',(-7.25331253392803E-17,-0.999847691176682,0.0174526344331685));
#2419=DIRECTION('',(0.00722892899150462,-0.0174521784124361,-0.999821566107821));
#2420=DIRECTION('',(-0.342011206664742,0.939506346728775,-0.018872174545563));
#2421=DIRECTION('',(0.939661800426087,0.342100851982768,0.00164556758240972));
#2422=DIRECTION('',(0.939668067511801,0.342086605883673,0.000822784069804582));
#2423=DIRECTION('',(0.00722892899150462,-0.0174521784124361,-0.999821566107821));
#2424=DIRECTION('',(0.999973870951454,0.000126163855032049,0.00722782796183607));
#2425=DIRECTION('',(-0.0072278280193599,0.0348990408611108,0.999364705925268));
#2426=DIRECTION('',(-1.47451495458029E-17,-0.999847691176682,0.0174526344331685));
#2427=DIRECTION('',(0.34201120666474,0.939592647888337,-0.013928049034682));
#2428=DIRECTION('',(0.939499281284964,-0.341598924144886,0.0255200996881279));
#2429=DIRECTION('',(0.00722892899150462,-0.0174521784124361,-0.999821566107821));
#2430=DIRECTION('',(0.939668067511802,-0.341849495396504,0.0127610891302902));
#2431=DIRECTION('',(0.00722892899150462,-0.0174521784124361,-0.999821566107821));
#2432=DIRECTION('',(0.999973870951454,0.000126163855031991,0.00722782796183607));
#2433=DIRECTION('',(-0.0072278280193599,0.0348990408611108,0.999364705925268));
#2434=DIRECTION('',(-7.25331253392803E-17,-0.999847691176682,0.0174526344331685));
#2435=DIRECTION('',(0.00722892899150462,-0.0174521784124361,-0.999821566107821));
#2436=DIRECTION('',(-0.342011206664742,0.939506346728775,-0.018872174545563));
#2437=DIRECTION('',(0.939661800426087,0.342100851982768,0.00164556758240972));
#2438=DIRECTION('',(0.939668067511801,0.342086605883673,0.000822784069804582));
#2439=DIRECTION('',(0.00722892899150462,-0.0174521784124361,-0.999821566107821));
#2440=DIRECTION('',(0.999973870951454,0.000126163855032049,0.00722782796183607));
#2441=DIRECTION('',(-0.0072278280193599,0.0348990408611108,0.999364705925268));
#2442=DIRECTION('',(-1.47451495458029E-17,-0.999847691176682,0.0174526344331685));
#2443=DIRECTION('',(0.34201120666474,0.939592647888337,-0.013928049034682));
#2444=DIRECTION('',(0.939499281284964,-0.341598924144886,0.0255200996881279));
#2445=DIRECTION('',(0.00722892899150462,-0.0174521784124361,-0.999821566107821));
#2446=DIRECTION('',(0.939668067511802,-0.341849495396504,0.0127610891302902));
#2447=DIRECTION('',(0.00722892899150462,-0.0174521784124361,-0.999821566107821));
#2448=DIRECTION('',(0.999973870951454,0.000126163855031991,0.00722782796183607));
#2449=DIRECTION('',(-0.0072278280193599,0.0348990408611108,0.999364705925268));
#2450=DIRECTION('',(-7.25331253392803E-17,-0.999847691176682,0.0174526344331685));
#2451=DIRECTION('',(0.00722892899150462,-0.0174521784124361,-0.999821566107821));
#2452=DIRECTION('',(-0.342011206664742,0.939506346728775,-0.018872174545563));
#2453=DIRECTION('',(0.939661800426087,0.342100851982768,0.00164556758240972));
#2454=DIRECTION('',(0.939668067511801,0.342086605883673,0.000822784069804582));
#2455=DIRECTION('',(0.00722892899150462,-0.0174521784124361,-0.999821566107821));
#2456=DIRECTION('',(0.999973870951454,0.000126163855032049,0.00722782796183607));
#2457=DIRECTION('',(-0.0072278280193599,0.0348990408611108,0.999364705925268));
#2458=DIRECTION('',(-1.47451495458029E-17,-0.999847691176682,0.0174526344331685));
#2459=DIRECTION('',(0.34201120666474,0.939592647888337,-0.013928049034682));
#2460=DIRECTION('',(0.939499281284964,-0.341598924144886,0.0255200996881279));
#2461=DIRECTION('',(0.00722892899150462,-0.0174521784124361,-0.999821566107821));
#2462=DIRECTION('',(0.939668067511802,-0.341849495396504,0.0127610891302902));
#2463=DIRECTION('',(0.00722892899150462,-0.0174521784124361,-0.999821566107821));
#2464=DIRECTION('',(0.999973870951454,0.000126163855031991,0.00722782796183607));
#2465=DIRECTION('',(-0.0072278280193599,0.0348990408611108,0.999364705925268));
#2466=DIRECTION('',(-7.25331253392803E-17,-0.999847691176682,0.0174526344331685));
#2467=DIRECTION('',(0.00722892899150462,-0.0174521784124361,-0.999821566107821));
#2468=DIRECTION('',(-0.342011206664742,0.939506346728775,-0.018872174545563));
#2469=DIRECTION('',(0.939661800426087,0.342100851982768,0.00164556758240972));
#2470=DIRECTION('',(0.939668067511801,0.342086605883673,0.000822784069804582));
#2471=DIRECTION('',(0.00722892899150462,-0.0174521784124361,-0.999821566107821));
#2472=DIRECTION('',(0.999973870951454,0.000126163855032049,0.00722782796183607));
#2473=DIRECTION('',(-0.0072278280193599,0.0348990408611108,0.999364705925268));
#2474=DIRECTION('',(-1.47451495458029E-17,-0.999847691176682,0.0174526344331685));
#2475=DIRECTION('',(0.34201120666474,0.939592647888337,-0.013928049034682));
#2476=DIRECTION('',(0.939499281284964,-0.341598924144886,0.0255200996881279));
#2477=DIRECTION('',(0.00722892899150462,-0.0174521784124361,-0.999821566107821));
#2478=DIRECTION('',(0.939668067511802,-0.341849495396504,0.0127610891302902));
#2479=DIRECTION('',(0.00722892899150462,-0.0174521784124361,-0.999821566107821));
#2480=DIRECTION('',(0.999973870951454,0.000126163855031991,0.00722782796183607));
#2481=DIRECTION('',(-0.0072278280193599,0.0348990408611108,0.999364705925268));
#2482=DIRECTION('',(-7.25331253392803E-17,-0.999847691176682,0.0174526344331685));
#2483=DIRECTION('',(0.00722892899150462,-0.0174521784124361,-0.999821566107821));
#2484=DIRECTION('',(-0.342011206664742,0.939506346728775,-0.018872174545563));
#2485=DIRECTION('',(0.939661800426087,0.342100851982768,0.00164556758240972));
#2486=DIRECTION('',(0.939668067511801,0.342086605883673,0.000822784069804582));
#2487=DIRECTION('',(0.00722892899150462,-0.0174521784124361,-0.999821566107821));
#2488=DIRECTION('',(0.999973870951454,0.000126163855032049,0.00722782796183607));
#2489=DIRECTION('',(-0.0072278280193599,0.0348990408611108,0.999364705925268));
#2490=DIRECTION('',(-1.47451495458029E-17,-0.999847691176682,0.0174526344331685));
#2491=DIRECTION('',(0.34201120666474,0.939592647888337,-0.013928049034682));
#2492=DIRECTION('',(0.939499281284964,-0.341598924144886,0.0255200996881279));
#2493=DIRECTION('',(0.00722892899150462,-0.0174521784124361,-0.999821566107821));
#2494=DIRECTION('',(0.939668067511802,-0.341849495396504,0.0127610891302902));
#2495=DIRECTION('',(0.00722892899150462,-0.0174521784124361,-0.999821566107821));
#2496=DIRECTION('',(0.999973870951454,0.000126163855031991,0.00722782796183607));
#2497=DIRECTION('',(-0.0072278280193599,0.0348990408611108,0.999364705925268));
#2498=DIRECTION('',(-7.25331253392803E-17,-0.999847691176682,0.0174526344331685));
#2499=DIRECTION('',(0.00722892899150462,-0.0174521784124361,-0.999821566107821));
#2500=DIRECTION('',(-0.342011206664742,0.939506346728775,-0.018872174545563));
#2501=DIRECTION('',(0.939661800426087,0.342100851982768,0.00164556758240972));
#2502=DIRECTION('',(0.939668067511801,0.342086605883673,0.000822784069804582));
#2503=DIRECTION('',(0.00722892899150462,-0.0174521784124361,-0.999821566107821));
#2504=DIRECTION('',(0.999973870951454,0.000126163855032049,0.00722782796183607));
#2505=DIRECTION('',(-0.0072278280193599,0.0348990408611108,0.999364705925268));
#2506=DIRECTION('',(-1.47451495458029E-17,-0.999847691176682,0.0174526344331685));
#2507=DIRECTION('',(0.34201120666474,0.939592647888337,-0.013928049034682));
#2508=DIRECTION('',(0.939499281284964,-0.341598924144886,0.0255200996881279));
#2509=DIRECTION('',(0.00722892899150462,-0.0174521784124361,-0.999821566107821));
#2510=DIRECTION('',(0.939668067511802,-0.341849495396504,0.0127610891302902));
#2511=DIRECTION('',(0.00722892899150462,-0.0174521784124361,-0.999821566107821));
#2512=DIRECTION('',(0.999973870951454,0.000126163855031991,0.00722782796183607));
#2513=DIRECTION('',(-0.0072278280193599,0.0348990408611108,0.999364705925268));
#2514=DIRECTION('',(-7.25331253392803E-17,-0.999847691176682,0.0174526344331685));
#2515=DIRECTION('',(0.00722892899150462,-0.0174521784124361,-0.999821566107821));
#2516=DIRECTION('',(-0.342011206664742,0.939506346728775,-0.018872174545563));
#2517=DIRECTION('',(0.939661800426087,0.342100851982768,0.00164556758240972));
#2518=DIRECTION('',(0.939668067511801,0.342086605883673,0.000822784069804582));
#2519=DIRECTION('',(0.00722892899150462,-0.0174521784124361,-0.999821566107821));
#2520=DIRECTION('',(0.999973870951454,0.000126163855032049,0.00722782796183607));
#2521=DIRECTION('',(-0.0072278280193599,0.0348990408611108,0.999364705925268));
#2522=DIRECTION('',(-1.47451495458029E-17,-0.999847691176682,0.0174526344331685));
#2523=DIRECTION('',(0.34201120666474,0.939592647888337,-0.013928049034682));
#2524=DIRECTION('',(0.939499281284964,-0.341598924144886,0.0255200996881279));
#2525=DIRECTION('',(0.00722892899150462,-0.0174521784124361,-0.999821566107821));
#2526=DIRECTION('',(0.939668067511802,-0.341849495396504,0.0127610891302902));
#2527=DIRECTION('',(0.00722892899150462,-0.0174521784124361,-0.999821566107821));
#2528=DIRECTION('',(0.999973870951454,0.000126163855031991,0.00722782796183607));
#2529=DIRECTION('',(-0.0072278280193599,0.0348990408611108,0.999364705925268));
#2530=DIRECTION('',(-7.25331253392803E-17,-0.999847691176682,0.0174526344331685));
#2531=DIRECTION('',(0.00722892899150462,-0.0174521784124361,-0.999821566107821));
#2532=DIRECTION('',(-0.342011206664742,0.939506346728775,-0.018872174545563));
#2533=DIRECTION('',(0.939661800426087,0.342100851982768,0.00164556758240972));
#2534=DIRECTION('',(0.939668067511801,0.342086605883673,0.000822784069804582));
#2535=DIRECTION('',(0.00722892899150462,-0.0174521784124361,-0.999821566107821));
#2536=DIRECTION('',(0.999973870951454,0.000126163855032049,0.00722782796183607));
#2537=DIRECTION('',(-0.0072278280193599,0.0348990408611108,0.999364705925268));
#2538=DIRECTION('',(-1.47451495458029E-17,-0.999847691176682,0.0174526344331685));
#2539=DIRECTION('',(0.34201120666474,0.939592647888337,-0.013928049034682));
#2540=DIRECTION('',(0.939499281284964,-0.341598924144886,0.0255200996881279));
#2541=DIRECTION('',(0.939668067511802,-0.341849495396504,0.0127610891302902));
#2542=DIRECTION('',(0.00722892899150462,-0.0174521784124361,-0.999821566107821));
#2543=DIRECTION('',(0.999973870951454,0.000126163855031991,0.00722782796183607));
#2544=DIRECTION('',(-0.0072278280193599,0.0348990408611108,0.999364705925268));
#2545=DIRECTION('',(-7.25331253392803E-17,-0.999847691176682,0.0174526344331685));
#2546=DIRECTION('',(0.00722892899150462,-0.0174521784124361,-0.999821566107821));
#2547=DIRECTION('',(-0.342011206664742,0.939506346728775,-0.018872174545563));
#2548=DIRECTION('',(0.939661800426087,0.342100851982768,0.00164556758240972));
#2549=DIRECTION('',(0.939668067511801,0.342086605883673,0.000822784069804582));
#2550=DIRECTION('',(0.00722892899150462,-0.0174521784124361,-0.999821566107821));
#2551=DIRECTION('',(0.999973870951454,0.000126163855032048,0.00722782796183607));
#2552=DIRECTION('',(-0.0072278280193599,0.0348990408611108,0.999364705925268));
#2553=DIRECTION('',(-1.56667213924156E-17,-0.999847691176682,0.0174526344331685));
#2554=DIRECTION('',(0.00722892899150462,-0.0174521784124361,-0.999821566107821));
#2555=DIRECTION('',(0.342011206664743,0.939592647888335,-0.013928049034682));
#2556=DIRECTION('',(0.939499281284963,-0.341598924144889,0.025520099688128));
#2557=DIRECTION('',(0.9396680675118,-0.341849495396507,0.0127610891302902));
#2558=DIRECTION('',(0.00722892899150462,-0.0174521784124361,-0.999821566107821));
#2559=DIRECTION('',(0.999973870951454,0.000126163855031989,0.00722782796183607));
#2560=DIRECTION('',(-0.0072278280193599,0.0348990408611108,0.999364705925268));
#2561=DIRECTION('',(-7.49183701187484E-17,-0.999847691176682,0.0174526344331685));
#2562=DIRECTION('',(0.00722892899150462,-0.0174521784124361,-0.999821566107821));
#2563=DIRECTION('',(-0.342011206664739,0.939506346728776,-0.018872174545563));
#2564=DIRECTION('',(0.939661800426088,0.342100851982765,0.00164556758240983));
#2565=DIRECTION('',(0.939668067511802,0.342086605883671,0.000822784069804641));
#2566=DIRECTION('',(0.00722892899150462,-0.0174521784124361,-0.999821566107821));
#2567=DIRECTION('',(0.999973870951454,0.00012616385503205,0.00722782796183607));
#2568=DIRECTION('',(-0.0072278280193599,0.0348990408611108,0.999364705925268));
#2569=DIRECTION('',(-1.37693675905659E-17,-0.999847691176682,0.0174526344331685));
#2570=DIRECTION('',(0.00722892899150462,-0.0174521784124361,-0.999821566107821));
#2571=DIRECTION('',(0.342011206664737,0.939592647888338,-0.0139280490346821));
#2572=DIRECTION('',(0.939499281284965,-0.341598924144884,0.0255200996881278));
#2573=DIRECTION('',(0.939668067511803,-0.341849495396502,0.0127610891302902));
#2574=DIRECTION('',(0.00722892899150462,-0.0174521784124361,-0.999821566107821));
#2575=DIRECTION('',(0.999973870951454,0.000126163855031998,0.00722782796183607));
#2576=DIRECTION('',(-0.0072278280193599,0.0348990408611108,0.999364705925268));
#2577=DIRECTION('',(-6.54316011095002E-17,-0.999847691176682,0.0174526344331685));
#2578=DIRECTION('',(0.00722892899150462,-0.0174521784124361,-0.999821566107821));
#2579=DIRECTION('',(-0.342011206664739,0.939506346728776,-0.018872174545563));
#2580=DIRECTION('',(0.939661800426088,0.342100851982765,0.00164556758240983));
#2581=DIRECTION('',(0.939668067511802,0.342086605883671,0.000822784069804641));
#2582=DIRECTION('',(0.00722892899150462,-0.0174521784124361,-0.999821566107821));
#2583=DIRECTION('',(0.999973870951454,0.000126163855032048,0.00722782796183607));
#2584=DIRECTION('',(-0.0072278280193599,0.0348990408611108,0.999364705925268));
#2585=DIRECTION('',(-1.56667213924156E-17,-0.999847691176682,0.0174526344331685));
#2586=DIRECTION('',(0.00722892899150462,-0.0174521784124361,-0.999821566107821));
#2587=DIRECTION('',(0.342011206664737,0.939592647888338,-0.0139280490346821));
#2588=DIRECTION('',(0.939499281284965,-0.341598924144884,0.0255200996881278));
#2589=DIRECTION('',(0.939668067511803,-0.341849495396502,0.0127610891302902));
#2590=DIRECTION('',(0.00722892899150462,-0.0174521784124361,-0.999821566107821));
#2591=DIRECTION('',(0.999973870951454,0.000126163855031993,0.00722782796183607));
#2592=DIRECTION('',(-0.0072278280193599,0.0348990408611108,0.999364705925268));
#2593=DIRECTION('',(-7.01478805598121E-17,-0.999847691176682,0.0174526344331685));
#2594=DIRECTION('',(0.00722892899150462,-0.0174521784124361,-0.999821566107821));
#2595=DIRECTION('',(-0.342011206664739,0.939506346728776,-0.018872174545563));
#2596=DIRECTION('',(0.939661800426088,0.342100851982765,0.00164556758240983));
#2597=DIRECTION('',(0.939668067511802,0.342086605883671,0.000822784069804641));
#2598=DIRECTION('',(0.00722892899150462,-0.0174521784124361,-0.999821566107821));
#2599=DIRECTION('',(0.999973870951454,0.00012616385503205,0.00722782796183607));
#2600=DIRECTION('',(-0.0072278280193599,0.0348990408611108,0.999364705925268));
#2601=DIRECTION('',(-1.37693675905659E-17,-0.999847691176682,0.0174526344331685));
#2602=DIRECTION('',(0.00722892899150462,-0.0174521784124361,-0.999821566107821));
#2603=DIRECTION('',(0.342011206664737,0.939592647888338,-0.0139280490346821));
#2604=DIRECTION('',(0.939499281284965,-0.341598924144884,0.0255200996881278));
#2605=DIRECTION('',(0.939668067511803,-0.341849495396502,0.0127610891302902));
#2606=DIRECTION('',(0.00722892899150462,-0.0174521784124361,-0.999821566107821));
#2607=DIRECTION('',(0.999973870951454,0.000126163855031993,0.00722782796183607));
#2608=DIRECTION('',(-0.0072278280193599,0.0348990408611108,0.999364705925268));
#2609=DIRECTION('',(-7.01478805598121E-17,-0.999847691176682,0.0174526344331685));
#2610=DIRECTION('',(0.00722892899150462,-0.0174521784124361,-0.999821566107821));
#2611=DIRECTION('',(-0.342011206664739,0.939506346728776,-0.018872174545563));
#2612=DIRECTION('',(0.939661800426088,0.342100851982765,0.00164556758240983));
#2613=DIRECTION('',(0.939668067511802,0.342086605883671,0.000822784069804641));
#2614=DIRECTION('',(0.00722892899150462,-0.0174521784124361,-0.999821566107821));
#2615=DIRECTION('',(0.999973870951454,0.000126163855032048,0.00722782796183607));
#2616=DIRECTION('',(-0.0072278280193599,0.0348990408611108,0.999364705925268));
#2617=DIRECTION('',(-1.56667213924156E-17,-0.999847691176682,0.0174526344331685));
#2618=DIRECTION('',(0.00722892899150462,-0.0174521784124361,-0.999821566107821));
#2619=DIRECTION('',(0.342011206664743,0.939592647888335,-0.013928049034682));
#2620=DIRECTION('',(0.939499281284963,-0.341598924144889,0.025520099688128));
#2621=DIRECTION('',(0.9396680675118,-0.341849495396507,0.0127610891302902));
#2622=DIRECTION('',(0.00722892899150462,-0.0174521784124361,-0.999821566107821));
#2623=DIRECTION('',(0.999973870951454,0.000126163855031989,0.00722782796183607));
#2624=DIRECTION('',(-0.0072278280193599,0.0348990408611108,0.999364705925268));
#2625=DIRECTION('',(-7.49183701187484E-17,-0.999847691176682,0.0174526344331685));
#2626=DIRECTION('',(0.00722892899150462,-0.0174521784124361,-0.999821566107821));
#2627=DIRECTION('',(-0.342011206664739,0.939506346728776,-0.018872174545563));
#2628=DIRECTION('',(0.939661800426088,0.342100851982765,0.00164556758240983));
#2629=DIRECTION('',(0.939668067511802,0.342086605883671,0.000822784069804641));
#2630=DIRECTION('',(0.00722892899150462,-0.0174521784124361,-0.999821566107821));
#2631=DIRECTION('',(0.999973870951454,0.000126163855032048,0.00722782796183607));
#2632=DIRECTION('',(-0.0072278280193599,0.0348990408611108,0.999364705925268));
#2633=DIRECTION('',(-1.56667213924156E-17,-0.999847691176682,0.0174526344331685));
#2634=DIRECTION('',(0.00722892899150462,-0.0174521784124361,-0.999821566107821));
#2635=DIRECTION('',(0.342011206664743,0.939592647888335,-0.013928049034682));
#2636=DIRECTION('',(0.939499281284963,-0.341598924144889,0.025520099688128));
#2637=DIRECTION('',(0.9396680675118,-0.341849495396507,0.0127610891302902));
#2638=DIRECTION('',(0.00722892899150462,-0.0174521784124361,-0.999821566107821));
#2639=DIRECTION('',(0.999973870951454,0.000126163855031998,0.00722782796183607));
#2640=DIRECTION('',(-0.0072278280193599,0.0348990408611108,0.999364705925268));
#2641=DIRECTION('',(-6.54316011095002E-17,-0.999847691176682,0.0174526344331685));
#2642=DIRECTION('',(0.00722892899150462,-0.0174521784124361,-0.999821566107821));
#2643=DIRECTION('',(-0.342011206664739,0.939506346728776,-0.018872174545563));
#2644=DIRECTION('',(0.939661800426088,0.342100851982765,0.00164556758240983));
#2645=DIRECTION('',(0.939668067511802,0.342086605883671,0.000822784069804641));
#2646=DIRECTION('',(0.00722892899150462,-0.0174521784124361,-0.999821566107821));
#2647=DIRECTION('',(0.999973870951454,0.000126163855032048,0.00722782796183607));
#2648=DIRECTION('',(-0.0072278280193599,0.0348990408611108,0.999364705925268));
#2649=DIRECTION('',(-1.56667213924156E-17,-0.999847691176682,0.0174526344331685));
#2650=DIRECTION('',(0.00722892899150462,-0.0174521784124361,-0.999821566107821));
#2651=DIRECTION('',(0.342011206664741,0.939592647888336,-0.013928049034682));
#2652=DIRECTION('',(0.939499281284964,-0.341598924144887,0.0255200996881279));
#2653=DIRECTION('',(0.939668067511801,-0.341849495396505,0.0127610891302902));
#2654=DIRECTION('',(0.00722892899150462,-0.0174521784124361,-0.999821566107821));
#2655=DIRECTION('',(0.999973870951454,0.000126163855031998,0.00722782796183607));
#2656=DIRECTION('',(-0.0072278280193599,0.0348990408611108,0.999364705925268));
#2657=DIRECTION('',(-6.54316011095002E-17,-0.999847691176682,0.0174526344331685));
#2658=DIRECTION('',(0.00722892899150462,-0.0174521784124361,-0.999821566107821));
#2659=DIRECTION('',(-0.342011206664739,0.939506346728776,-0.018872174545563));
#2660=DIRECTION('',(0.939661800426088,0.342100851982765,0.00164556758240983));
#2661=DIRECTION('',(0.939668067511802,0.342086605883671,0.000822784069804641));
#2662=DIRECTION('',(0.00722892899150462,-0.0174521784124361,-0.999821566107821));
#2663=DIRECTION('',(0.999973870951454,0.00012616385503205,0.00722782796183607));
#2664=DIRECTION('',(-0.0072278280193599,0.0348990408611108,0.999364705925268));
#2665=DIRECTION('',(-1.37693675905659E-17,-0.999847691176682,0.0174526344331685));
#2666=DIRECTION('',(0.00722892899150462,-0.0174521784124361,-0.999821566107821));
#2667=DIRECTION('',(0.342011206664741,0.939592647888336,-0.013928049034682));
#2668=DIRECTION('',(0.939499281284964,-0.341598924144887,0.0255200996881279));
#2669=DIRECTION('',(0.939668067511801,-0.341849495396505,0.0127610891302902));
#2670=DIRECTION('',(0.00722892899150462,-0.0174521784124361,-0.999821566107821));
#2671=DIRECTION('',(0.999973870951454,0.000126163855031993,0.00722782796183607));
#2672=DIRECTION('',(-0.0072278280193599,0.0348990408611108,0.999364705925268));
#2673=DIRECTION('',(-7.01478805598121E-17,-0.999847691176682,0.0174526344331685));
#2674=DIRECTION('',(0.00722892899150462,-0.0174521784124361,-0.999821566107821));
#2675=DIRECTION('',(-0.342011206664739,0.939506346728776,-0.018872174545563));
#2676=DIRECTION('',(0.939661800426088,0.342100851982765,0.00164556758240983));
#2677=DIRECTION('',(0.939668067511802,0.342086605883671,0.000822784069804641));
#2678=DIRECTION('',(0.00722892899150462,-0.0174521784124361,-0.999821566107821));
#2679=DIRECTION('',(0.999973870951454,0.00012616385503205,0.00722782796183607));
#2680=DIRECTION('',(-0.0072278280193599,0.0348990408611108,0.999364705925268));
#2681=DIRECTION('',(-1.37693675905659E-17,-0.999847691176682,0.0174526344331685));
#2682=DIRECTION('',(0.00722892899150462,-0.0174521784124361,-0.999821566107821));
#2683=DIRECTION('',(2.47718512369488E-15,0.999847691176682,-0.0174526344331685));
#2684=DIRECTION('',(0.0144574802129405,-0.0174508103740698,-0.999743192266484));
#2685=DIRECTION('',(0.999973870951454,0.000126163855029587,0.00722782796183612));
#2686=DIRECTION('',(0.999973870951454,0.000126163855031982,0.00722782796183608));
#2687=DIRECTION('',(0.00722892899150462,-0.0174521784124361,-0.999821566107821));
#2688=DIRECTION('',(-0.00722892899150462,0.0174521784124361,0.999821566107821));
#2689=DIRECTION('',(-0.999973870951454,-0.000126163855031981,-0.00722782796183607));
#2690=DIRECTION('',(-2.47718512369488E-15,-0.999847691176682,0.0174526344331685));
#2691=DIRECTION('',(-0.999973870951454,-0.000126163855029587,-0.00722782796183612));
#2692=DIRECTION('',(-0.00722892899150462,0.0174521784124362,0.999821566107821));
#2693=DIRECTION('',(8.28330459778925E-17,0.999847691176682,-0.0174526344331685));
#2694=DIRECTION('',(0.999973870951454,0.000126163855031982,0.00722782796183608));
#2695=DIRECTION('',(-8.20198943485284E-17,-0.999847691176682,0.0174526344331685));
#2696=DIRECTION('',(-0.999973870951454,-0.000126163855031982,-0.00722782796183608));
#2697=DIRECTION('',(0.00722782790430925,-0.0348999522200565,-0.999364674099912));
#2698=DIRECTION('',(0.00722892899150462,-0.0174521784124361,-0.999821566107821));
#2699=DIRECTION('',(-0.999973870951454,-0.000126163855029587,-0.00722782796183612));
#2700=DIRECTION('',(0.00722782801935985,-0.0348990408611108,-0.999364705925268));
#2701=DIRECTION('',(0.00722892899150462,-0.0174521784124361,-0.999821566107821));
#2702=DIRECTION('',(-2.47718512369488E-15,-0.999847691176682,0.0174526344331685));
#2703=DIRECTION('',(-0.0144574802129405,0.0174508103740698,0.999743192266484));
#2704=DIRECTION('',(-0.999973870951454,-0.000126163855033939,-0.00722782796183604));
#2705=DIRECTION('',(0.00722892899150462,-0.0174521784124361,-0.999821566107821));
#2706=DIRECTION('',(0.619033879692054,0.013706675714537,0.785244664314416));
#2707=DIRECTION('',(0.999973870951454,0.000126163855032737,0.00722782796183606));
#2708=DIRECTION('',(0.364669080200413,0.0162507969405846,0.930995367090825));
#2709=DIRECTION('',(0.00722892899150462,-0.0174521784124361,-0.999821566107821));
#2710=DIRECTION('',(-0.999973870951454,-0.000126163855033939,-0.00722782796183604));
#2711=DIRECTION('',(0.00722892899150462,-0.0174521784124361,-0.999821566107821));
#2712=DIRECTION('',(-2.25920627691667E-15,-0.999847691176682,0.0174526344331685));
#2713=DIRECTION('',(-0.0144574802129405,0.0174508103740698,0.999743192266484));
#2714=DIRECTION('',(-0.999973870951454,-0.00012616385503173,-0.00722782796183608));
#2715=DIRECTION('',(0.00722892899150462,-0.0174521784124361,-0.999821566107821));
#2716=DIRECTION('',(-0.999973870951454,-0.00012616385503173,-0.00722782796183608));
#2717=DIRECTION('',(0.00722892899150462,-0.0174521784124361,-0.999821566107821));
#2718=DIRECTION('',(0.76357335913962,0.0112695341179583,0.645622740315891));
#2719=DIRECTION('',(0.442142343128951,0.0156540513955747,0.896808284466277));
#2720=DIRECTION('',(0.53893820546717,0.0147011446522064,0.842217007091249));
#2721=DIRECTION('',(-0.00722892899150462,0.0174521784124361,0.999821566107821));
#2722=DIRECTION('',(-0.999973870951454,-0.000126163855032157,-0.00722782796183607));
#2723=DIRECTION('',(-0.00722892899150462,0.0174521784124361,0.999821566107821));
#2724=DIRECTION('',(-0.551060068993821,0.0145636226746063,0.834338481226365));
#2725=DIRECTION('',(0.702685379242104,0.0124175617595273,0.711392340385619));
#2726=DIRECTION('',(-0.00722892899150415,0.0174521784124392,0.999821566107821));
#2727=DIRECTION('',(0.00722892899150462,-0.0174521784124361,-0.999821566107821));
#2728=DIRECTION('',(0.999973870951454,0.000126163855031979,0.00722782796183607));
#2729=DIRECTION('',(-0.0072278280193599,0.0348990408611108,0.999364705925268));
#2730=DIRECTION('',(-8.4296718910748E-17,-0.999847691176682,0.0174526344331685));
#2731=DIRECTION('',(0.999973870951454,0.00012616385503198,0.00722782796183607));
#2732=DIRECTION('',(-0.00722782801935989,0.0348990408611108,0.999364705925268));
#2733=DIRECTION('',(-8.29956763037654E-17,-0.999847691176682,0.0174526344331685));
#2734=DIRECTION('',(-8.29956763037654E-17,-0.999847691176682,0.0174526344331685));
#2735=DIRECTION('',(0.999973870951454,0.00012616385503198,0.00722782796183607));
#2736=DIRECTION('',(-0.00722782801935989,0.0348990408611108,0.999364705925268));
#2737=DIRECTION('',(-8.29956763037654E-17,-0.999847691176682,0.0174526344331685));
#2738=DIRECTION('',(-8.29956763037654E-17,-0.999847691176682,0.0174526344331685));
#2739=DIRECTION('',(-0.00722892899150462,0.0174521784124361,0.999821566107821));
#2740=DIRECTION('',(-0.999973870951454,-0.000126163855031981,-0.00722782796183607));
#2741=DIRECTION('',(-0.00722892899150462,0.0174521784124361,0.999821566107821));
#2742=DIRECTION('',(-0.999973870951454,-0.000126163855031981,-0.00722782796183607));
#2743=DIRECTION('',(0.707088305159133,-0.706909871267314,0.0174517223223274));
#2744=DIRECTION('',(0.707088305159134,0.707088293902179,-0.00723002999219927));
#2745=DIRECTION('',(0.581130780117413,-0.586895417070401,-0.563773700895924));
#2746=DIRECTION('',(0.708705875111071,0.02444205903797,0.70508054031652));
#2747=DIRECTION('',(0.707088305159135,0.707088293902178,-0.00723002999219924));
#2748=DIRECTION('',(0.552209191533557,-0.224494445943485,0.80291173395734));
#2749=DIRECTION('',(0.00207734195333063,-0.962690381124189,-0.270597329516334));
#2750=DIRECTION('',(-0.0138477097487905,-0.270599660505357,0.962592366824659));
#2751=DIRECTION('',(0.999973870951454,0.000126163855032385,0.00722782796183607));
#2752=DIRECTION('',(0.603666947697406,-0.214523056142727,0.767832061482771));
#2753=DIRECTION('',(-0.668776472141206,-0.660520771002093,0.341248210816061));
#2754=DIRECTION('',(-0.71121058008095,0.702116730738929,-0.0348081484339115));
#2755=DIRECTION('',(0.707088305159134,-0.706909871267312,0.0174517223223273));
#2756=DIRECTION('',(0.999973870951454,0.00012616385503202,0.00722782796183607));
#2757=DIRECTION('',(-0.00722782801935989,0.0348990408611108,0.999364705925268));
#2758=DIRECTION('',(4.39101879856629E-17,0.999847691176682,-0.0174526344331685));
#2759=DIRECTION('',(4.39101879856629E-17,0.999847691176682,-0.0174526344331685));
#2760=DIRECTION('',(-0.00722892899150462,0.0174521784124361,0.999821566107821));
#2761=DIRECTION('',(-9.32413868337534E-17,0.999847691176682,-0.0174526344331685));
#2762=DIRECTION('',(0.0144574802129405,-0.0174508103740698,-0.999743192266485));
#2763=DIRECTION('',(-9.32955969423777E-17,0.999847691176682,-0.0174526344331685));
#2764=DIRECTION('',(0.0144574802129405,-0.0174508103740698,-0.999743192266484));
#2765=DIRECTION('',(-9.32955969423777E-17,0.999847691176682,-0.0174526344331685));
#2766=DIRECTION('',(0.0144574802129405,-0.0174508103740698,-0.999743192266484));
#2767=DIRECTION('',(-0.999973870951454,-0.000126163855032157,-0.00722782796183607));
#2768=DIRECTION('',(0.749863735829872,0.0115465286383757,0.661491538391588));
#2769=DIRECTION('',(-0.759350321604719,0.0113561153995062,0.650582913794885));
#2770=DIRECTION('',(-0.00722892899150462,0.0174521784124361,0.999821566107821));
#2771=DIRECTION('',(0.999973870951454,0.00012616385503202,0.00722782796183607));
#2772=DIRECTION('',(-0.00722782801935989,0.0348990408611108,0.999364705925268));
#2773=DIRECTION('',(4.39101879856629E-17,0.999847691176682,-0.0174526344331685));
#2774=DIRECTION('',(4.39101879856629E-17,0.999847691176682,-0.0174526344331685));
#2775=DIRECTION('',(-0.00722892899150462,0.0174521784124361,0.999821566107821));
#2776=DIRECTION('',(-0.999973870951454,-0.000126163855031981,-0.00722782796183607));
#2777=DIRECTION('',(9.32955969423777E-17,-0.999847691176682,0.0174526344331685));
#2778=DIRECTION('',(-0.0144574802129405,0.0174508103740698,0.999743192266485));
#2779=DIRECTION('',(-9.32955969423777E-17,0.999847691176682,-0.0174526344331685));
#2780=DIRECTION('',(0.0144574802129405,-0.0174508103740698,-0.999743192266484));
#2781=DIRECTION('',(-9.32955969423777E-17,0.999847691176682,-0.0174526344331685));
#2782=DIRECTION('',(-0.999895485171271,-0.000252321116981311,-0.0144552782111411));
#2783=DIRECTION('',(9.32955969423777E-17,-0.999847691176682,0.0174526344331685));
#2784=DIRECTION('',(-0.0144574802129405,0.0174508103740698,0.999743192266485));
#2785=DIRECTION('',(-9.32955969423777E-17,0.999847691176682,-0.0174526344331685));
#2786=DIRECTION('',(0.0144574802129405,-0.0174508103740698,-0.999743192266484));
#2787=DIRECTION('',(-9.32955969423777E-17,0.999847691176682,-0.0174526344331685));
#2788=DIRECTION('',(-0.999895485171271,-0.000252321116981311,-0.0144552782111411));
#2789=CARTESIAN_POINT('',(0.,0.,0.));
#2790=CARTESIAN_POINT('',(-0.103009367966615,0.0644162544781304,0.55874073052392));
#2791=CARTESIAN_POINT('',(-0.0996754258788281,0.0563674062737596,0.0976285514664514));
#2792=CARTESIAN_POINT('',(-0.0996754258788281,0.0932069044384105,0.0969855072309719));
#2793=CARTESIAN_POINT('',(-0.0996754258788281,0.0852081229089971,0.097125128306437));
#2794=CARTESIAN_POINT('',(-0.103009367966615,0.101255752642781,0.55809768628844));
#2795=CARTESIAN_POINT('',(-0.0996609680208451,0.0931720000815856,0.0949858640987562));
#2796=CARTESIAN_POINT('',(-0.0996609680208451,0.0563306571979445,0.0956289405343466));
#2797=CARTESIAN_POINT('',(-0.0996609680208451,0.0264882481525402,0.0961498485289048));
#2798=CARTESIAN_POINT('',(-0.103009367966615,0.0345720007137359,0.559261670718588));
#2799=CARTESIAN_POINT('',(-0.0996754258788281,0.0265231525093651,0.0981494916611203));
#2800=CARTESIAN_POINT('',(-0.0996754258788281,0.0563674062737596,0.0976285514664514));
#2801=CARTESIAN_POINT('',(-0.0951755434595465,0.056366129292117,0.0976611088923903));
#2802=CARTESIAN_POINT('',(-0.0946755565240708,0.089208144492979,0.0970914569085135));
#2803=CARTESIAN_POINT('',(-0.0946755565240708,0.0932075352576857,0.0970216463707808));
#2804=CARTESIAN_POINT('',(-0.0946755565240708,0.0852087537282722,0.0971612674462462));
#2805=CARTESIAN_POINT('',(-0.0971754912014494,0.0852084383186346,0.0971431978763416));
#2806=CARTESIAN_POINT('',(-0.0986754520078767,0.0265232786732201,0.0981567194890821));
#2807=CARTESIAN_POINT('',(-0.090675661040265,0.0265242879840603,0.0982145421127768));
#2808=CARTESIAN_POINT('',(-0.090675661040265,0.0563666970294646,0.0976936341182185));
#2809=CARTESIAN_POINT('',(-0.090675661040265,0.0932080399131058,0.0970505576826281));
#2810=CARTESIAN_POINT('',(-0.0986754520078766,0.0932070306022655,0.0969927350589335));
#2811=CARTESIAN_POINT('',(-0.090675661040265,0.0563666970294646,0.0976936341182185));
#2812=CARTESIAN_POINT('',(-0.090661203182282,0.0563317926726398,0.0956939909860029));
#2813=CARTESIAN_POINT('',(-0.0906612031822819,0.0931731355562809,0.0950509145504126));
#2814=CARTESIAN_POINT('',(-0.090661203182282,0.0264893836272354,0.0962148989805612));
#2815=CARTESIAN_POINT('',(-0.090675661040265,0.0932080399131058,0.0970505576826281));
#2816=CARTESIAN_POINT('',(-0.090675661040265,0.0265242879840603,0.0982145421127768));
#2817=CARTESIAN_POINT('',(-0.100009446353761,0.0656232789246077,0.558741351649081));
#2818=CARTESIAN_POINT('',(-0.101009420224713,0.0659870675591408,0.558727771581676));
#2819=CARTESIAN_POINT('',(-0.0976610202789422,0.0579033149979451,0.095615949391992));
#2820=CARTESIAN_POINT('',(-0.0976031888470102,0.0577636875721687,0.0876173770376557));
#2821=CARTESIAN_POINT('',(-0.0966610464079907,0.0575395263634121,0.095629529459397));
#2822=CARTESIAN_POINT('',(-0.0956610725370393,0.057175737728879,0.095643109526802));
#2823=CARTESIAN_POINT('',(-0.0990094724828097,0.0652594902900747,0.558754931716486));
#2824=CARTESIAN_POINT('',(-0.0956032411051073,0.0570361203015795,0.0876445369979394));
#2825=CARTESIAN_POINT('',(-0.0966032149760587,0.0573999089361126,0.0876309569305343));
#2826=CARTESIAN_POINT('',(-0.0990094724828097,0.0650754088102006,0.558758144912658));
#2827=CARTESIAN_POINT('',(-0.0956610725370393,0.0569916562490049,0.0956463227229743));
#2828=CARTESIAN_POINT('',(-0.0956610725370393,0.0564394118093826,0.0956559623114912));
#2829=CARTESIAN_POINT('',(-0.0990094724828097,0.0645231643705783,0.558767784501175));
#2830=CARTESIAN_POINT('',(-0.0956032411051073,0.0562997943820831,0.0876573897826285));
#2831=CARTESIAN_POINT('',(-0.0956032411051073,0.0568520388217054,0.0876477501941117));
#2832=CARTESIAN_POINT('',(-0.100009446353761,0.0641591234083351,0.558766908912656));
#2833=CARTESIAN_POINT('',(-0.0966610464079908,0.0560753708471394,0.0956550867229725));
#2834=CARTESIAN_POINT('',(-0.0976610202789422,0.0557113298848963,0.0956542111344538));
#2835=CARTESIAN_POINT('',(-0.101009420224713,0.063795082446092,0.558766033324138));
#2836=CARTESIAN_POINT('',(-0.0976031888470102,0.0555717124575968,0.0876556386055913));
#2837=CARTESIAN_POINT('',(-0.0966032149760587,0.0559357534198399,0.0876565141941099));
#2838=CARTESIAN_POINT('',(-0.101009420224713,0.063320514249316,0.558774317051074));
#2839=CARTESIAN_POINT('',(-0.0976610202789422,0.0552367616881204,0.0956624948613905));
#2840=CARTESIAN_POINT('',(-0.0976610202789422,0.0547618935370371,0.0956707838241176));
#2841=CARTESIAN_POINT('',(-0.101009420224713,0.0628455461134637,0.558782607759065));
#2842=CARTESIAN_POINT('',(-0.0976031888470102,0.0546223760945068,0.0876722095499914));
#2843=CARTESIAN_POINT('',(-0.0976031888470101,0.0550971442608209,0.0876639223325279));
#2844=CARTESIAN_POINT('',(-0.0873257309805701,0.0420590374317851,0.0879658145800071));
#2845=CARTESIAN_POINT('',(-0.0986031627179616,0.0263487568890958,0.0881585038280039));
#2846=CARTESIAN_POINT('',(-0.103603032072719,0.0263481260698206,0.0881223646881947));
#2847=CARTESIAN_POINT('',(-0.0976031888470102,0.0263488830529508,0.0881657316559657));
#2848=CARTESIAN_POINT('',(-0.103603032072719,0.0561923798342151,0.087601424493526));
#2849=CARTESIAN_POINT('',(-0.103603032072719,0.093031877998866,0.0869583802580461));
#2850=CARTESIAN_POINT('',(-0.0986031627179616,0.0930325088181412,0.0869945193978552));
#2851=CARTESIAN_POINT('',(-0.0976031888470101,0.0930326349819962,0.0870017472258171));
#2852=CARTESIAN_POINT('',(-0.0976031888470102,0.0880333965261128,0.0870890103979829));
#2853=CARTESIAN_POINT('',(-0.0976031888470102,0.0860337011437594,0.0871239156668492));
#2854=CARTESIAN_POINT('',(-0.0966032149760587,0.0856699125092264,0.0871374957342543));
#2855=CARTESIAN_POINT('',(-0.0956032411051072,0.0853061238746933,0.0871510758016593));
#2856=CARTESIAN_POINT('',(-0.0956032411051073,0.0851220423948192,0.0871542889978315));
#2857=CARTESIAN_POINT('',(-0.0956032411051073,0.0845697979551969,0.0871639285863484));
#2858=CARTESIAN_POINT('',(-0.0966032149760587,0.0842057569929537,0.0871630529978299));
#2859=CARTESIAN_POINT('',(-0.0976031888470102,0.0838417160307106,0.0871621774093112));
#2860=CARTESIAN_POINT('',(-0.0976031888470101,0.0833671478339347,0.0871704611362479));
#2861=CARTESIAN_POINT('',(-0.0976031888470101,0.0828925796371588,0.0871787448631845));
#2862=CARTESIAN_POINT('',(-0.0966032149760587,0.0825288010011026,0.0871923247560632));
#2863=CARTESIAN_POINT('',(-0.0956032411051073,0.0821650123665696,0.0872059048234682));
#2864=CARTESIAN_POINT('',(-0.0956032411051073,0.0819809308866955,0.0872091180196405));
#2865=CARTESIAN_POINT('',(-0.0956032411051072,0.0814286864470731,0.0872187576081573));
#2866=CARTESIAN_POINT('',(-0.0966032149760587,0.0810646454848299,0.0872178820196387));
#2867=CARTESIAN_POINT('',(-0.0976031888470101,0.0807006045225868,0.08721700643112));
#2868=CARTESIAN_POINT('',(-0.0976031888470101,0.0802260363258109,0.0872252901580568));
#2869=CARTESIAN_POINT('',(-0.0976031888470102,0.079751468129035,0.0872335738849933));
#2870=CARTESIAN_POINT('',(-0.0966032149760587,0.0793876894929788,0.0872471537778721));
#2871=CARTESIAN_POINT('',(-0.0956032411051072,0.0790239008584458,0.0872607338452771));
#2872=CARTESIAN_POINT('',(-0.0956032411051073,0.0788398193785717,0.0872639470414494));
#2873=CARTESIAN_POINT('',(-0.0956032411051073,0.0782875749389493,0.0872735866299662));
#2874=CARTESIAN_POINT('',(-0.0966032149760587,0.0779235339767062,0.0872727110414477));
#2875=CARTESIAN_POINT('',(-0.0976031888470102,0.0775594930144631,0.0872718354529289));
#2876=CARTESIAN_POINT('',(-0.0976031888470101,0.0770849248176871,0.0872801191798656));
#2877=CARTESIAN_POINT('',(-0.0976031888470101,0.0766103566209113,0.0872884029068023));
#2878=CARTESIAN_POINT('',(-0.0966032149760587,0.0762465779848551,0.087301982799681));
#2879=CARTESIAN_POINT('',(-0.0956032411051073,0.075882789350322,0.087315562867086));
#2880=CARTESIAN_POINT('',(-0.0956032411051073,0.0756987078704479,0.0873187760632583));
#2881=CARTESIAN_POINT('',(-0.0956032411051072,0.0751464634308256,0.0873284156517752));
#2882=CARTESIAN_POINT('',(-0.0966032149760587,0.0747824224685825,0.0873275400632565));
#2883=CARTESIAN_POINT('',(-0.0976031888470101,0.0744183815063394,0.0873266644747379));
#2884=CARTESIAN_POINT('',(-0.0976031888470101,0.0739438133095634,0.0873349482016745));
#2885=CARTESIAN_POINT('',(-0.0976031888470102,0.0734692451127875,0.0873432319286112));
#2886=CARTESIAN_POINT('',(-0.0966032149760587,0.0731054664767313,0.0873568118214899));
#2887=CARTESIAN_POINT('',(-0.0956032411051072,0.0727416778421983,0.0873703918888949));
#2888=CARTESIAN_POINT('',(-0.0956032411051072,0.0725575963623242,0.0873736050850672));
#2889=CARTESIAN_POINT('',(-0.0956032411051073,0.0720053519227018,0.0873832446735841));
#2890=CARTESIAN_POINT('',(-0.0966032149760587,0.0716413109604587,0.0873823690850654));
#2891=CARTESIAN_POINT('',(-0.0976031888470101,0.0712772699982156,0.0873814934965468));
#2892=CARTESIAN_POINT('',(-0.0976031888470102,0.0708027018014397,0.0873897772234834));
#2893=CARTESIAN_POINT('',(-0.0976031888470101,0.0703281336046637,0.0873980609504201));
#2894=CARTESIAN_POINT('',(-0.0966032149760587,0.0699643549686076,0.0874116408432988));
#2895=CARTESIAN_POINT('',(-0.0956032411051073,0.0696005663340745,0.0874252209107038));
#2896=CARTESIAN_POINT('',(-0.0956032411051073,0.0694164848542004,0.0874284341068761));
#2897=CARTESIAN_POINT('',(-0.0956032411051072,0.0688642404145781,0.0874380736953929));
#2898=CARTESIAN_POINT('',(-0.0966032149760587,0.0685001994523349,0.0874371981068744));
#2899=CARTESIAN_POINT('',(-0.0976031888470101,0.0681361584900918,0.0874363225183557));
#2900=CARTESIAN_POINT('',(-0.0976031888470101,0.0676615902933159,0.0874446062452924));
#2901=CARTESIAN_POINT('',(-0.0976031888470101,0.06718702209654,0.087452889972229));
#2902=CARTESIAN_POINT('',(-0.0966032149760587,0.0668232434604838,0.0874664698651077));
#2903=CARTESIAN_POINT('',(-0.0956032411051072,0.0664594548259508,0.0874800499325127));
#2904=CARTESIAN_POINT('',(-0.0956032411051072,0.0662753733460767,0.087483263128685));
#2905=CARTESIAN_POINT('',(-0.0956032411051073,0.0657231289064543,0.0874929027172018));
#2906=CARTESIAN_POINT('',(-0.0966032149760587,0.0653590879442112,0.0874920271286832));
#2907=CARTESIAN_POINT('',(-0.0976031888470101,0.0649950469819681,0.0874911515401646));
#2908=CARTESIAN_POINT('',(-0.0976031888470102,0.0645204787851921,0.0874994352671012));
#2909=CARTESIAN_POINT('',(-0.0976031888470101,0.0640459105884162,0.0875077189940378));
#2910=CARTESIAN_POINT('',(-0.0966032149760587,0.0636821319523601,0.0875212988869166));
#2911=CARTESIAN_POINT('',(-0.0956032411051073,0.063318343317827,0.0875348789543216));
#2912=CARTESIAN_POINT('',(-0.0956032411051073,0.0631342618379529,0.0875380921504938));
#2913=CARTESIAN_POINT('',(-0.0956032411051072,0.0625820173983306,0.0875477317390107));
#2914=CARTESIAN_POINT('',(-0.0966032149760587,0.0622179764360875,0.0875468561504922));
#2915=CARTESIAN_POINT('',(-0.0976031888470102,0.0618539354738443,0.0875459805619735));
#2916=CARTESIAN_POINT('',(-0.0976031888470101,0.0613793672770684,0.0875542642889101));
#2917=CARTESIAN_POINT('',(-0.0976031888470101,0.0609047990802925,0.0875625480158467));
#2918=CARTESIAN_POINT('',(-0.0966032149760587,0.0605410204442363,0.0875761279087255));
#2919=CARTESIAN_POINT('',(-0.0956032411051073,0.0601772318097033,0.0875897079761304));
#2920=CARTESIAN_POINT('',(-0.0956032411051072,0.0599931503298292,0.0875929211723028));
#2921=CARTESIAN_POINT('',(-0.0956032411051073,0.0594409058902068,0.0876025607608197));
#2922=CARTESIAN_POINT('',(-0.0966032149760587,0.0590768649279637,0.087601685172301));
#2923=CARTESIAN_POINT('',(-0.0976031888470101,0.0587128239657206,0.0876008095837824));
#2924=CARTESIAN_POINT('',(-0.0976031888470102,0.0582382557689447,0.087609093310719));
#2925=CARTESIAN_POINT('',(-0.0966032149760587,0.0542583874904355,0.0876857931079234));
#2926=CARTESIAN_POINT('',(-0.0956032411051073,0.0538945988559024,0.0876993731753284));
#2927=CARTESIAN_POINT('',(-0.0956032411051073,0.0537105173760283,0.0877025863715007));
#2928=CARTESIAN_POINT('',(-0.0956032411051072,0.053158272936406,0.0877122259600176));
#2929=CARTESIAN_POINT('',(-0.0966032149760587,0.0527942319741628,0.0877113503714989));
#2930=CARTESIAN_POINT('',(-0.0976031888470101,0.0524301910119197,0.0877104747829803));
#2931=CARTESIAN_POINT('',(-0.0976031888470101,0.0519556228151438,0.0877187585099169));
#2932=CARTESIAN_POINT('',(-0.0976031888470102,0.0514808546488296,0.0877270457273804));
#2933=CARTESIAN_POINT('',(-0.0966032149760587,0.0511168660447583,0.0877406292853124));
#2934=CARTESIAN_POINT('',(-0.0956032411051073,0.0507530774102253,0.0877542093527174));
#2935=CARTESIAN_POINT('',(-0.0956032411051073,0.0505689959303511,0.0877574225488897));
#2936=CARTESIAN_POINT('',(-0.0956032411051073,0.0500167514907288,0.0877670621374066));
#2937=CARTESIAN_POINT('',(-0.0966032149760587,0.0496527105284857,0.0877661865488879));
#2938=CARTESIAN_POINT('',(-0.0976031888470101,0.0492886695662425,0.0877653109603693));
#2939=CARTESIAN_POINT('',(-0.0976031888470102,0.0488141013694666,0.0877735946873059));
#2940=CARTESIAN_POINT('',(-0.0976031888470101,0.0483393332031525,0.0877818819047695));
#2941=CARTESIAN_POINT('',(-0.0966032149760587,0.0479753445990812,0.0877954654627014));
#2942=CARTESIAN_POINT('',(-0.0956032411051072,0.0476115559645481,0.0878090455301064));
#2943=CARTESIAN_POINT('',(-0.0956032411051073,0.047427474484674,0.0878122587262787));
#2944=CARTESIAN_POINT('',(-0.0956032411051073,0.0468752300450517,0.0878218983147956));
#2945=CARTESIAN_POINT('',(-0.0966032149760587,0.0465111890828086,0.0878210227262769));
#2946=CARTESIAN_POINT('',(-0.0976031888470102,0.0461471481205654,0.0878201471377583));
#2947=CARTESIAN_POINT('',(-0.0976031888470102,0.0456725799237895,0.087828430864695));
#2948=CARTESIAN_POINT('',(-0.0976031888470101,0.0451978117574753,0.0878367180821585));
#2949=CARTESIAN_POINT('',(-0.0966032149760587,0.0448338231534041,0.0878503016400904));
#2950=CARTESIAN_POINT('',(-0.0956032411051073,0.044470034518871,0.0878638817074955));
#2951=CARTESIAN_POINT('',(-0.0956032411051073,0.0442859530389969,0.0878670949036678));
#2952=CARTESIAN_POINT('',(-0.0956032411051073,0.0437337085993746,0.0878767344921846));
#2953=CARTESIAN_POINT('',(-0.0966032149760587,0.0433696676371314,0.0878758589036659));
#2954=CARTESIAN_POINT('',(-0.0976031888470102,0.0430056266748883,0.0878749833151474));
#2955=CARTESIAN_POINT('',(-0.0976031888470101,0.0425310584781124,0.087883267042084));
#2956=CARTESIAN_POINT('',(-0.0976031888470102,0.0420562903117982,0.0878915542595475));
#2957=CARTESIAN_POINT('',(-0.0966032149760587,0.0416923017077269,0.0879051378174794));
#2958=CARTESIAN_POINT('',(-0.0956032411051073,0.0413285130731938,0.0879187178848845));
#2959=CARTESIAN_POINT('',(-0.0956032411051073,0.0411444315933197,0.0879219310810568));
#2960=CARTESIAN_POINT('',(-0.0956032411051072,0.0405921871536974,0.0879315706695736));
#2961=CARTESIAN_POINT('',(-0.0966032149760587,0.0402281461914542,0.087930695081055));
#2962=CARTESIAN_POINT('',(-0.0976031888470101,0.0398641052292111,0.0879298194925364));
#2963=CARTESIAN_POINT('',(-0.0976031888470101,0.0393895370324353,0.087938103219473));
#2964=CARTESIAN_POINT('',(-0.0976031888470101,0.0389147688661211,0.0879463904369366));
#2965=CARTESIAN_POINT('',(-0.0966032149760587,0.0385507802620497,0.0879599739948684));
#2966=CARTESIAN_POINT('',(-0.0956032411051073,0.0381869916275167,0.0879735540622735));
#2967=CARTESIAN_POINT('',(-0.0956032411051073,0.0380029101476426,0.0879767672584458));
#2968=CARTESIAN_POINT('',(-0.0956032411051073,0.0374506657080203,0.0879864068469626));
#2969=CARTESIAN_POINT('',(-0.0966032149760587,0.0370866247457771,0.087985531258444));
#2970=CARTESIAN_POINT('',(-0.0976031888470101,0.036722583783534,0.0879846556699254));
#2971=CARTESIAN_POINT('',(-0.0976031888470102,0.0362480155867581,0.087992939396862));
#2972=CARTESIAN_POINT('',(-0.0976031888470101,0.035773247420444,0.0880012266143256));
#2973=CARTESIAN_POINT('',(-0.0966032149760587,0.0354092588163727,0.0880148101722574));
#2974=CARTESIAN_POINT('',(-0.0956032411051072,0.0350454701818395,0.0880283902396625));
#2975=CARTESIAN_POINT('',(-0.0956032411051073,0.0348613887019655,0.0880316034358348));
#2976=CARTESIAN_POINT('',(-0.0956032411051073,0.0343091442623432,0.0880412430243517));
#2977=CARTESIAN_POINT('',(-0.0966032149760587,0.0339451033001,0.088040367435833));
#2978=CARTESIAN_POINT('',(-0.0976031888470102,0.0335810623378568,0.0880394918473144));
#2979=CARTESIAN_POINT('',(-0.0976031888470102,0.033106494141081,0.088047775574251));
#2980=CARTESIAN_POINT('',(-0.0976031888470102,0.0326317259747668,0.0880560627917146));
#2981=CARTESIAN_POINT('',(-0.0966032149760587,0.0322677373706955,0.0880696463496465));
#2982=CARTESIAN_POINT('',(-0.0956032411051073,0.0319039487361624,0.0880832264170516));
#2983=CARTESIAN_POINT('',(-0.0956032411051073,0.0317198672562884,0.0880864396132238));
#2984=CARTESIAN_POINT('',(-0.0956032411051073,0.031167622816666,0.0880960792017407));
#2985=CARTESIAN_POINT('',(-0.0966032149760587,0.0308035818544229,0.0880952036132221));
#2986=CARTESIAN_POINT('',(-0.0976031888470102,0.0304395408921798,0.0880943280247034));
#2987=CARTESIAN_POINT('',(-0.0976031888470101,0.0299649726954038,0.08810261175164));
#2988=CARTESIAN_POINT('',(-0.0976031888470102,0.0294902045290897,0.0881108989691036));
#2989=CARTESIAN_POINT('',(-0.0966032149760587,0.0291262159250184,0.0881244825270355));
#2990=CARTESIAN_POINT('',(-0.0956032411051073,0.0287624272904853,0.0881380625944405));
#2991=CARTESIAN_POINT('',(-0.0956032411051073,0.0285783458106111,0.0881412757906128));
#2992=CARTESIAN_POINT('',(-0.0956032411051073,0.0280261013709889,0.0881509153791296));
#2993=CARTESIAN_POINT('',(-0.0966032149760587,0.0276620604087458,0.0881500397906111));
#2994=CARTESIAN_POINT('',(-0.0976031888470101,0.0272980194465025,0.0881491642020924));
#2995=CARTESIAN_POINT('',(-0.0976031888470102,0.0268234512497267,0.0881574479290291));
#2996=CARTESIAN_POINT('',(-0.100009446353761,0.0687643904327315,0.558686522627272));
#2997=CARTESIAN_POINT('',(-0.101009420224713,0.0691281790672646,0.558672942559867));
#2998=CARTESIAN_POINT('',(-0.0976610202789422,0.0610444265060689,0.0955611203701831));
#2999=CARTESIAN_POINT('',(-0.0966610464079907,0.0606806378715358,0.0955747004375881));
#3000=CARTESIAN_POINT('',(-0.0956610725370393,0.0603168492370028,0.095588280504993));
#3001=CARTESIAN_POINT('',(-0.0990094724828097,0.0684006017981984,0.558700102694677));
#3002=CARTESIAN_POINT('',(-0.0990094724828097,0.0682165203183243,0.558703315890849));
#3003=CARTESIAN_POINT('',(-0.0956610725370393,0.0601327677571286,0.0955914937011654));
#3004=CARTESIAN_POINT('',(-0.0956610725370393,0.0595805233175063,0.0956011332896824));
#3005=CARTESIAN_POINT('',(-0.0990094724828097,0.067664275878702,0.558712955479366));
#3006=CARTESIAN_POINT('',(-0.100009446353761,0.0673002349164588,0.558712079890847));
#3007=CARTESIAN_POINT('',(-0.0966610464079907,0.0592164823552632,0.0956002577011636));
#3008=CARTESIAN_POINT('',(-0.0976610202789422,0.0588524413930201,0.0955993821126449));
#3009=CARTESIAN_POINT('',(-0.101009420224713,0.0669361939542157,0.558711204302329));
#3010=CARTESIAN_POINT('',(-0.101009420224713,0.0664616257574398,0.558719488029265));
#3011=CARTESIAN_POINT('',(-0.0976610202789422,0.0583778731962441,0.0956076658395816));
#3012=CARTESIAN_POINT('',(-0.100009446353761,0.0719055019408552,0.558631693605463));
#3013=CARTESIAN_POINT('',(-0.101009420224713,0.0722692905753883,0.558618113538058));
#3014=CARTESIAN_POINT('',(-0.0976610202789422,0.0641855380141926,0.0955062913483742));
#3015=CARTESIAN_POINT('',(-0.0966610464079907,0.0638217493796596,0.0955198714157792));
#3016=CARTESIAN_POINT('',(-0.0956610725370393,0.0634579607451265,0.0955334514831842));
#3017=CARTESIAN_POINT('',(-0.0990094724828097,0.0715417133063222,0.558645273672868));
#3018=CARTESIAN_POINT('',(-0.0990094724828097,0.0713576318264481,0.55864848686904));
#3019=CARTESIAN_POINT('',(-0.0956610725370393,0.0632738792652524,0.0955366646793565));
#3020=CARTESIAN_POINT('',(-0.0956610725370393,0.0627216348256301,0.0955463042678735));
#3021=CARTESIAN_POINT('',(-0.0990094724828097,0.0708053873868257,0.558658126457557));
#3022=CARTESIAN_POINT('',(-0.100009446353761,0.0704413464245826,0.558657250869038));
#3023=CARTESIAN_POINT('',(-0.0966610464079908,0.0623575938633869,0.0955454286793548));
#3024=CARTESIAN_POINT('',(-0.0976610202789422,0.0619935529011438,0.095544553090836));
#3025=CARTESIAN_POINT('',(-0.101009420224713,0.0700773054623395,0.55865637528052));
#3026=CARTESIAN_POINT('',(-0.101009420224713,0.0696027372655635,0.558664659007456));
#3027=CARTESIAN_POINT('',(-0.0976610202789422,0.0615189847043679,0.0955528368177726));
#3028=CARTESIAN_POINT('',(-0.100009446353761,0.075046613448979,0.558576864583654));
#3029=CARTESIAN_POINT('',(-0.101009420224713,0.0754104020835121,0.558563284516249));
#3030=CARTESIAN_POINT('',(-0.0976610202789422,0.0673266495223164,0.0954514623265653));
#3031=CARTESIAN_POINT('',(-0.0966610464079907,0.0669628608877833,0.0954650423939703));
#3032=CARTESIAN_POINT('',(-0.0956610725370393,0.0665990722532503,0.0954786224613753));
#3033=CARTESIAN_POINT('',(-0.0990094724828097,0.0746828248144459,0.558590444651059));
#3034=CARTESIAN_POINT('',(-0.0990094724828097,0.0744987433345718,0.558593657847231));
#3035=CARTESIAN_POINT('',(-0.0956610725370393,0.0664149907733761,0.0954818356575475));
#3036=CARTESIAN_POINT('',(-0.0956610725370393,0.0658627463337538,0.0954914752460646));
#3037=CARTESIAN_POINT('',(-0.0990094724828097,0.0739464988949495,0.558603297435748));
#3038=CARTESIAN_POINT('',(-0.100009446353761,0.0735824579327064,0.558602421847229));
#3039=CARTESIAN_POINT('',(-0.0966610464079907,0.0654987053715107,0.0954905996575458));
#3040=CARTESIAN_POINT('',(-0.0976610202789422,0.0651346644092676,0.0954897240690271));
#3041=CARTESIAN_POINT('',(-0.101009420224713,0.0732184169704633,0.558601546258711));
#3042=CARTESIAN_POINT('',(-0.101009420224713,0.0727438487736873,0.558609829985648));
#3043=CARTESIAN_POINT('',(-0.0976610202789422,0.0646600962124916,0.0954980077959638));
#3044=CARTESIAN_POINT('',(-0.100009446353761,0.0781877249571027,0.558522035561845));
#3045=CARTESIAN_POINT('',(-0.101009420224713,0.0785515135916358,0.55850845549444));
#3046=CARTESIAN_POINT('',(-0.0976610202789422,0.0704677560312017,0.0953966333920196));
#3047=CARTESIAN_POINT('',(-0.0966610464079907,0.0701039723959071,0.0954102133721614));
#3048=CARTESIAN_POINT('',(-0.0956610725370393,0.069740183761374,0.0954237934395664));
#3049=CARTESIAN_POINT('',(-0.0990094724828097,0.0778239363225697,0.55853561562925));
#3050=CARTESIAN_POINT('',(-0.0990094724828097,0.0776398548426956,0.558538828825422));
#3051=CARTESIAN_POINT('',(-0.0956610725370393,0.0695561022814999,0.0954270066357386));
#3052=CARTESIAN_POINT('',(-0.0956610725370393,0.0690038578418776,0.0954366462242557));
#3053=CARTESIAN_POINT('',(-0.0990094724828097,0.0770876104030732,0.558548468413939));
#3054=CARTESIAN_POINT('',(-0.100009446353761,0.0767235694408301,0.558547592825421));
#3055=CARTESIAN_POINT('',(-0.0966610464079907,0.0686398168796344,0.0954357706357369));
#3056=CARTESIAN_POINT('',(-0.0976610202789422,0.0682757759173913,0.0954348950472182));
#3057=CARTESIAN_POINT('',(-0.101009420224713,0.076359528478587,0.558546717236902));
#3058=CARTESIAN_POINT('',(-0.101009420224713,0.0758849602818111,0.558555000963839));
#3059=CARTESIAN_POINT('',(-0.0976610202789422,0.0678012077206154,0.0954431787741549));
#3060=CARTESIAN_POINT('',(-0.100009446353761,0.0813288364652265,0.558467206540036));
#3061=CARTESIAN_POINT('',(-0.101009420224713,0.0816926250997596,0.558453626472631));
#3062=CARTESIAN_POINT('',(-0.0976610202789422,0.0736088725385639,0.0953418042829475));
#3063=CARTESIAN_POINT('',(-0.0966610464079907,0.0732450839040308,0.0953553843503525));
#3064=CARTESIAN_POINT('',(-0.0956610725370393,0.0728812952694977,0.0953689644177575));
#3065=CARTESIAN_POINT('',(-0.0990094724828097,0.0809650478306934,0.558480786607441));
#3066=CARTESIAN_POINT('',(-0.0990094724828097,0.0807809663508194,0.558483999803613));
#3067=CARTESIAN_POINT('',(-0.0956610725370393,0.0726972137896236,0.0953721776139298));
#3068=CARTESIAN_POINT('',(-0.0956610725370393,0.0721449693500013,0.0953818172024468));
#3069=CARTESIAN_POINT('',(-0.0990094724828097,0.080228721911197,0.55849363939213));
#3070=CARTESIAN_POINT('',(-0.100009446353761,0.0798646809489539,0.558492763803612));
#3071=CARTESIAN_POINT('',(-0.0966610464079907,0.0717809283877582,0.095380941613928));
#3072=CARTESIAN_POINT('',(-0.0976610202789422,0.0714168874255151,0.0953800660254093));
#3073=CARTESIAN_POINT('',(-0.101009420224713,0.0795006399867108,0.558491888215093));
#3074=CARTESIAN_POINT('',(-0.101009420224713,0.0790260717899348,0.55850017194203));
#3075=CARTESIAN_POINT('',(-0.0976610202789422,0.0709423192287391,0.095388349752346));
#3076=CARTESIAN_POINT('',(-0.100009446353761,0.0844699479733502,0.558412377518227));
#3077=CARTESIAN_POINT('',(-0.101009420224713,0.0848337366078833,0.558398797450822));
#3078=CARTESIAN_POINT('',(-0.0976610202789422,0.0767499840466877,0.0952869752611386));
#3079=CARTESIAN_POINT('',(-0.0966610464079907,0.0763861954121546,0.0953005553285436));
#3080=CARTESIAN_POINT('',(-0.0956610725370393,0.0760224067776215,0.0953141353959486));
#3081=CARTESIAN_POINT('',(-0.0990094724828097,0.0841061593388172,0.558425957585632));
#3082=CARTESIAN_POINT('',(-0.0990094724828097,0.0839220778589431,0.558429170781805));
#3083=CARTESIAN_POINT('',(-0.0956610725370393,0.0758383252977474,0.0953173485921208));
#3084=CARTESIAN_POINT('',(-0.0956610725370393,0.0752860808581251,0.0953269881806379));
#3085=CARTESIAN_POINT('',(-0.0990094724828097,0.0833698334193208,0.558438810370322));
#3086=CARTESIAN_POINT('',(-0.100009446353761,0.0830057924570776,0.558437934781803));
#3087=CARTESIAN_POINT('',(-0.0966610464079907,0.074922039895882,0.0953261125921191));
#3088=CARTESIAN_POINT('',(-0.0976610202789422,0.0745579989336388,0.0953252370036004));
#3089=CARTESIAN_POINT('',(-0.101009420224713,0.0826417514948345,0.558437059193284));
#3090=CARTESIAN_POINT('',(-0.101009420224713,0.0821671832980586,0.558445342920221));
#3091=CARTESIAN_POINT('',(-0.0976610202789422,0.0740834307368629,0.0953335207305371));
#3092=CARTESIAN_POINT('',(-0.100009446353761,0.087611059481474,0.558357548496418));
#3093=CARTESIAN_POINT('',(-0.101009420224713,0.0879748481160071,0.558343968429013));
#3094=CARTESIAN_POINT('',(-0.0976610202789422,0.0798910955548114,0.0952321462393297));
#3095=CARTESIAN_POINT('',(-0.0966610464079907,0.0795273069202784,0.0952457263067347));
#3096=CARTESIAN_POINT('',(-0.0956610725370393,0.0791635182857453,0.0952593063741397));
#3097=CARTESIAN_POINT('',(-0.0990094724828097,0.0872472708469409,0.558371128563823));
#3098=CARTESIAN_POINT('',(-0.0990094724828097,0.0870631893670668,0.558374341759996));
#3099=CARTESIAN_POINT('',(-0.0956610725370393,0.0789794368058711,0.095262519570312));
#3100=CARTESIAN_POINT('',(-0.0956610725370393,0.0784271923662488,0.0952721591588289));
#3101=CARTESIAN_POINT('',(-0.0990094724828097,0.0865109449274445,0.558383981348512));
#3102=CARTESIAN_POINT('',(-0.100009446353761,0.0861469039652014,0.558383105759994));
#3103=CARTESIAN_POINT('',(-0.0966610464079907,0.0780631514040057,0.0952712835703103));
#3104=CARTESIAN_POINT('',(-0.0976610202789422,0.0776991104417626,0.0952704079817916));
#3105=CARTESIAN_POINT('',(-0.101009420224713,0.0857828630029582,0.558382230171475));
#3106=CARTESIAN_POINT('',(-0.101009420224713,0.0853082948061823,0.558390513898412));
#3107=CARTESIAN_POINT('',(-0.0976610202789422,0.0772245422449867,0.0952786917087282));
#3108=CARTESIAN_POINT('',(-0.100009446353761,0.0907521709895978,0.55830271947461));
#3109=CARTESIAN_POINT('',(-0.101009420224713,0.0911159596241308,0.558289139407205));
#3110=CARTESIAN_POINT('',(-0.0976610202789422,0.0830322070629352,0.0951773172175208));
#3111=CARTESIAN_POINT('',(-0.0966610464079908,0.0826684184284021,0.0951908972849258));
#3112=CARTESIAN_POINT('',(-0.0956610725370393,0.082304629793869,0.0952044773523307));
#3113=CARTESIAN_POINT('',(-0.0990094724828097,0.0903883823550647,0.558316299542015));
#3114=CARTESIAN_POINT('',(-0.0990094724828097,0.0902043008751906,0.558319512738187));
#3115=CARTESIAN_POINT('',(-0.0956610725370393,0.0821205483139949,0.0952076905485031));
#3116=CARTESIAN_POINT('',(-0.0956610725370393,0.0815683038743726,0.0952173301370201));
#3117=CARTESIAN_POINT('',(-0.0990094724828097,0.0896520564355683,0.558329152326704));
#3118=CARTESIAN_POINT('',(-0.100009446353761,0.0892880154733251,0.558328276738185));
#3119=CARTESIAN_POINT('',(-0.0966610464079907,0.0812042629121294,0.0952164545485013));
#3120=CARTESIAN_POINT('',(-0.0976610202789422,0.0808402219498863,0.0952155789599826));
#3121=CARTESIAN_POINT('',(-0.101009420224713,0.088923974511082,0.558327401149667));
#3122=CARTESIAN_POINT('',(-0.101009420224713,0.0884494063143061,0.558335684876603));
#3123=CARTESIAN_POINT('',(-0.0976610202789422,0.0803656537531104,0.0952238626869193));
#3124=CARTESIAN_POINT('',(-0.100009446353761,0.0938932824977215,0.5582478904528));
#3125=CARTESIAN_POINT('',(-0.101009420224713,0.0942570711322546,0.558234310385396));
#3126=CARTESIAN_POINT('',(-0.0976610202789422,0.0861733185710589,0.095122488195712));
#3127=CARTESIAN_POINT('',(-0.0966610464079907,0.0858095299365259,0.0951360682631169));
#3128=CARTESIAN_POINT('',(-0.0956610725370393,0.0854457413019928,0.0951496483305218));
#3129=CARTESIAN_POINT('',(-0.0990094724828097,0.0935294938631884,0.558261470520206));
#3130=CARTESIAN_POINT('',(-0.0990094724828097,0.0933454123833143,0.558264683716378));
#3131=CARTESIAN_POINT('',(-0.0956610725370393,0.0852616598221187,0.0951528615266942));
#3132=CARTESIAN_POINT('',(-0.0956610725370393,0.0847094153824964,0.0951625011152112));
#3133=CARTESIAN_POINT('',(-0.0990094724828097,0.092793167943692,0.558274323304895));
#3134=CARTESIAN_POINT('',(-0.100009446353761,0.0924291269814489,0.558273447716376));
#3135=CARTESIAN_POINT('',(-0.0966610464079907,0.0843453744202532,0.0951616255266925));
#3136=CARTESIAN_POINT('',(-0.0976610202789422,0.0839813334580101,0.0951607499381737));
#3137=CARTESIAN_POINT('',(-0.101009420224713,0.0920650860192057,0.558272572127857));
#3138=CARTESIAN_POINT('',(-0.101009420224713,0.0915905178224298,0.558280855854794));
#3139=CARTESIAN_POINT('',(-0.0976610202789422,0.0835067652612342,0.0951690336651104));
#3140=CARTESIAN_POINT('',(-0.100009446353761,0.0624817574789306,0.55879618782647));
#3141=CARTESIAN_POINT('',(-0.0966610464079907,0.0543980049177349,0.095684365636786));
#3142=CARTESIAN_POINT('',(-0.0956610725370393,0.0540342162832019,0.0956979457041909));
#3143=CARTESIAN_POINT('',(-0.0990094724828097,0.0621179688443975,0.558809767893875));
#3144=CARTESIAN_POINT('',(-0.0990094724828097,0.0619338873645234,0.558812981090047));
#3145=CARTESIAN_POINT('',(-0.0956610725370393,0.0538501348033278,0.0957011589003632));
#3146=CARTESIAN_POINT('',(-0.0956610725370393,0.0532978903637054,0.0957107984888802));
#3147=CARTESIAN_POINT('',(-0.0990094724828097,0.0613816429249011,0.558822620678564));
#3148=CARTESIAN_POINT('',(-0.100009446353761,0.061017601962658,0.558821745090045));
#3149=CARTESIAN_POINT('',(-0.0966610464079907,0.0529338494014623,0.0957099229003615));
#3150=CARTESIAN_POINT('',(-0.0976610202789422,0.0525698084392192,0.0957090473118428));
#3151=CARTESIAN_POINT('',(-0.101009420224713,0.0606535610004148,0.558820869501527));
#3152=CARTESIAN_POINT('',(-0.101009420224713,0.0601789928036389,0.558829153228463));
#3153=CARTESIAN_POINT('',(-0.0976610202789422,0.0520952402424433,0.0957173310387795));
#3154=CARTESIAN_POINT('',(-0.0976610202789422,0.05162037209136,0.0957256200015065));
#3155=CARTESIAN_POINT('',(-0.101009420224713,0.0597040246677865,0.558837443936454));
#3156=CARTESIAN_POINT('',(-0.100009446353761,0.0593402360332535,0.558851024003859));
#3157=CARTESIAN_POINT('',(-0.0966610464079908,0.0512564834720578,0.095739201814175));
#3158=CARTESIAN_POINT('',(-0.0956610725370393,0.0508926948375247,0.09575278188158));
#3159=CARTESIAN_POINT('',(-0.0990094724828097,0.0589764473987204,0.558864604071264));
#3160=CARTESIAN_POINT('',(-0.0990094724828097,0.0587923659188463,0.558867817267436));
#3161=CARTESIAN_POINT('',(-0.0956610725370393,0.0507086133576506,0.0957559950777523));
#3162=CARTESIAN_POINT('',(-0.0956610725370393,0.0501563689180283,0.0957656346662692));
#3163=CARTESIAN_POINT('',(-0.0990094724828097,0.058240121479224,0.558877456855953));
#3164=CARTESIAN_POINT('',(-0.100009446353761,0.0578760805169808,0.558876581267434));
#3165=CARTESIAN_POINT('',(-0.0966610464079907,0.0497923279557851,0.0957647590777506));
#3166=CARTESIAN_POINT('',(-0.0976610202789422,0.049428286993542,0.0957638834892319));
#3167=CARTESIAN_POINT('',(-0.101009420224713,0.0575120395547377,0.558875705678916));
#3168=CARTESIAN_POINT('',(-0.101009420224713,0.0570374713579618,0.558883989405852));
#3169=CARTESIAN_POINT('',(-0.0976610202789422,0.0489537187967661,0.0957721672161685));
#3170=CARTESIAN_POINT('',(-0.0976610202789422,0.0484788506456829,0.0957804561788957));
#3171=CARTESIAN_POINT('',(-0.101009420224713,0.0565625032221094,0.558892280113843));
#3172=CARTESIAN_POINT('',(-0.100009446353761,0.0561987145875764,0.558905860181248));
#3173=CARTESIAN_POINT('',(-0.0966610464079907,0.0481149620263807,0.095794037991564));
#3174=CARTESIAN_POINT('',(-0.0956610725370393,0.0477511733918476,0.095807618058969));
#3175=CARTESIAN_POINT('',(-0.0990094724828097,0.0558349259530432,0.558919440248653));
#3176=CARTESIAN_POINT('',(-0.0990094724828097,0.0556508444731692,0.558922653444825));
#3177=CARTESIAN_POINT('',(-0.0956610725370393,0.0475670919119735,0.0958108312551413));
#3178=CARTESIAN_POINT('',(-0.0956610725370393,0.0470148474723512,0.0958204708436583));
#3179=CARTESIAN_POINT('',(-0.0990094724828097,0.0550986000335468,0.558932293033342));
#3180=CARTESIAN_POINT('',(-0.100009446353761,0.0547345590713037,0.558931417444823));
#3181=CARTESIAN_POINT('',(-0.0966610464079907,0.046650806510108,0.0958195952551396));
#3182=CARTESIAN_POINT('',(-0.0976610202789422,0.0462867655478649,0.0958187196666208));
#3183=CARTESIAN_POINT('',(-0.101009420224713,0.0543705181090606,0.558930541856305));
#3184=CARTESIAN_POINT('',(-0.101009420224713,0.0538959499122847,0.558938825583241));
#3185=CARTESIAN_POINT('',(-0.0976610202789422,0.045812197351089,0.0958270033935575));
#3186=CARTESIAN_POINT('',(-0.0976610202789422,0.0453373292000057,0.0958352923562847));
#3187=CARTESIAN_POINT('',(-0.101009420224713,0.0534209817764323,0.558947116291232));
#3188=CARTESIAN_POINT('',(-0.100009446353761,0.0530571931418992,0.558960696358637));
#3189=CARTESIAN_POINT('',(-0.0966610464079907,0.0449734405807035,0.0958488741689531));
#3190=CARTESIAN_POINT('',(-0.0956610725370393,0.0446096519461704,0.095862454236358));
#3191=CARTESIAN_POINT('',(-0.0990094724828097,0.0526934045073661,0.558974276426042));
#3192=CARTESIAN_POINT('',(-0.0990094724828097,0.052509323027492,0.558977489622214));
#3193=CARTESIAN_POINT('',(-0.0956610725370393,0.0444255704662964,0.0958656674325303));
#3194=CARTESIAN_POINT('',(-0.0956610725370393,0.043873326026674,0.0958753070210473));
#3195=CARTESIAN_POINT('',(-0.0990094724828097,0.0519570785878697,0.558987129210731));
#3196=CARTESIAN_POINT('',(-0.100009446353761,0.0515930376256266,0.558986253622212));
#3197=CARTESIAN_POINT('',(-0.0966610464079908,0.0435092850644309,0.0958744314325286));
#3198=CARTESIAN_POINT('',(-0.0976610202789422,0.0431452441021878,0.0958735558440099));
#3199=CARTESIAN_POINT('',(-0.101009420224713,0.0512289966633835,0.558985378033694));
#3200=CARTESIAN_POINT('',(-0.101009420224713,0.0507544284666075,0.55899366176063));
#3201=CARTESIAN_POINT('',(-0.0976610202789422,0.0426706759054118,0.0958818395709466));
#3202=CARTESIAN_POINT('',(-0.0976610202789422,0.0421958077543286,0.0958901285336737));
#3203=CARTESIAN_POINT('',(-0.101009420224713,0.0502794603307551,0.559001952468621));
#3204=CARTESIAN_POINT('',(-0.100009446353761,0.0499156716962221,0.559015532536026));
#3205=CARTESIAN_POINT('',(-0.0966610464079908,0.0418319191350264,0.0959037103463421));
#3206=CARTESIAN_POINT('',(-0.0956610725370393,0.0414681305004933,0.095917290413747));
#3207=CARTESIAN_POINT('',(-0.0990094724828097,0.049551883061689,0.559029112603431));
#3208=CARTESIAN_POINT('',(-0.0990094724828097,0.0493678015818149,0.559032325799603));
#3209=CARTESIAN_POINT('',(-0.0956610725370393,0.0412840490206192,0.0959205036099193));
#3210=CARTESIAN_POINT('',(-0.0956610725370393,0.040731804580997,0.0959301431984363));
#3211=CARTESIAN_POINT('',(-0.0990094724828097,0.0488155571421925,0.55904196538812));
#3212=CARTESIAN_POINT('',(-0.100009446353761,0.0484515161799494,0.559041089799601));
#3213=CARTESIAN_POINT('',(-0.0966610464079907,0.0403677636187538,0.0959292676099177));
#3214=CARTESIAN_POINT('',(-0.0976610202789422,0.0400037226565106,0.0959283920213988));
#3215=CARTESIAN_POINT('',(-0.101009420224713,0.0480874752177063,0.559040214211083));
#3216=CARTESIAN_POINT('',(-0.101009420224713,0.0476129070209304,0.559048497938019));
#3217=CARTESIAN_POINT('',(-0.0976610202789422,0.0395291544597348,0.0959366757483355));
#3218=CARTESIAN_POINT('',(-0.0976610202789422,0.0390542863086514,0.0959449647110626));
#3219=CARTESIAN_POINT('',(-0.101009420224713,0.047137938885078,0.55905678864601));
#3220=CARTESIAN_POINT('',(-0.100009446353761,0.0467741502505449,0.559070368713415));
#3221=CARTESIAN_POINT('',(-0.0966610464079908,0.0386903976893493,0.0959585465237311));
#3222=CARTESIAN_POINT('',(-0.0956610725370393,0.0383266090548161,0.095972126591136));
#3223=CARTESIAN_POINT('',(-0.0990094724828097,0.0464103616160119,0.55908394878082));
#3224=CARTESIAN_POINT('',(-0.0990094724828097,0.0462262801361378,0.559087161976992));
#3225=CARTESIAN_POINT('',(-0.0956610725370393,0.0381425275749421,0.0959753397873083));
#3226=CARTESIAN_POINT('',(-0.0956610725370393,0.0375902831353198,0.0959849793758253));
#3227=CARTESIAN_POINT('',(-0.0990094724828097,0.0456740356965154,0.559096801565509));
#3228=CARTESIAN_POINT('',(-0.100009446353761,0.0453099947342723,0.55909592597699));
#3229=CARTESIAN_POINT('',(-0.0966610464079907,0.0372262421730766,0.0959841037873066));
#3230=CARTESIAN_POINT('',(-0.0976610202789422,0.0368622012108335,0.0959832281987879));
#3231=CARTESIAN_POINT('',(-0.101009420224713,0.0449459537720292,0.559095050388472));
#3232=CARTESIAN_POINT('',(-0.101009420224713,0.0444713855752532,0.559103334115409));
#3233=CARTESIAN_POINT('',(-0.0976610202789422,0.0363876330140575,0.0959915119257246));
#3234=CARTESIAN_POINT('',(-0.0976610202789422,0.0359127648629743,0.0959998008884516));
#3235=CARTESIAN_POINT('',(-0.101009420224713,0.0439964174394009,0.559111624823399));
#3236=CARTESIAN_POINT('',(-0.100009446353761,0.0436326288048678,0.559125204890804));
#3237=CARTESIAN_POINT('',(-0.0966610464079907,0.0355488762436721,0.0960133827011201));
#3238=CARTESIAN_POINT('',(-0.0956610725370393,0.035185087609139,0.096026962768525));
#3239=CARTESIAN_POINT('',(-0.0990094724828097,0.0432688401703347,0.559138784958209));
#3240=CARTESIAN_POINT('',(-0.0990094724828097,0.0430847586904606,0.559141998154381));
#3241=CARTESIAN_POINT('',(-0.0956610725370393,0.035001006129265,0.0960301759646973));
#3242=CARTESIAN_POINT('',(-0.0956610725370393,0.0344487616896426,0.0960398155532144));
#3243=CARTESIAN_POINT('',(-0.0990094724828097,0.0425325142508383,0.559151637742898));
#3244=CARTESIAN_POINT('',(-0.100009446353761,0.0421684732885952,0.559150762154379));
#3245=CARTESIAN_POINT('',(-0.0966610464079907,0.0340847207273995,0.0960389399646957));
#3246=CARTESIAN_POINT('',(-0.0976610202789422,0.0337206797651564,0.0960380643761769));
#3247=CARTESIAN_POINT('',(-0.101009420224713,0.041804432326352,0.559149886565861));
#3248=CARTESIAN_POINT('',(-0.101009420224713,0.0413298641295761,0.559158170292797));
#3249=CARTESIAN_POINT('',(-0.0976610202789422,0.0332461115683804,0.0960463481031135));
#3250=CARTESIAN_POINT('',(-0.0976610202789422,0.0327712434172972,0.0960546370658407));
#3251=CARTESIAN_POINT('',(-0.101009420224713,0.0408548959937237,0.559166461000788));
#3252=CARTESIAN_POINT('',(-0.100009446353761,0.0404911073591907,0.559180041068193));
#3253=CARTESIAN_POINT('',(-0.0966610464079907,0.032407354797995,0.0960682188785091));
#3254=CARTESIAN_POINT('',(-0.0956610725370393,0.0320435661634619,0.0960817989459141));
#3255=CARTESIAN_POINT('',(-0.0990094724828097,0.0401273187246576,0.559193621135598));
#3256=CARTESIAN_POINT('',(-0.0990094724828097,0.0399432372447835,0.55919683433177));
#3257=CARTESIAN_POINT('',(-0.0956610725370393,0.0318594846835878,0.0960850121420864));
#3258=CARTESIAN_POINT('',(-0.0956610725370393,0.0313072402439655,0.0960946517306034));
#3259=CARTESIAN_POINT('',(-0.0990094724828097,0.0393909928051612,0.559206473920287));
#3260=CARTESIAN_POINT('',(-0.100009446353761,0.0390269518429181,0.559205598331768));
#3261=CARTESIAN_POINT('',(-0.0966610464079908,0.0309431992817224,0.0960937761420847));
#3262=CARTESIAN_POINT('',(-0.0976610202789422,0.0305791583194792,0.0960929005535659));
#3263=CARTESIAN_POINT('',(-0.101009420224713,0.0386629108806749,0.55920472274325));
#3264=CARTESIAN_POINT('',(-0.101009420224713,0.038188342683899,0.559213006470186));
#3265=CARTESIAN_POINT('',(-0.0976610202789422,0.0301045901227033,0.0961011842805025));
#3266=CARTESIAN_POINT('',(-0.0976610202789422,0.02962972197162,0.0961094732432297));
#3267=CARTESIAN_POINT('',(-0.101009420224713,0.0377133745480466,0.559221297178177));
#3268=CARTESIAN_POINT('',(-0.100009446353761,0.0373495859135135,0.559234877245582));
#3269=CARTESIAN_POINT('',(-0.0966610464079907,0.0292658333523179,0.0961230550558981));
#3270=CARTESIAN_POINT('',(-0.0956610725370393,0.0289020447177848,0.096136635123303));
#3271=CARTESIAN_POINT('',(-0.0990094724828097,0.0369857972789804,0.559248457312987));
#3272=CARTESIAN_POINT('',(-0.0990094724828097,0.0368017157991063,0.559251670509159));
#3273=CARTESIAN_POINT('',(-0.0956610725370393,0.0287179632379107,0.0961398483194753));
#3274=CARTESIAN_POINT('',(-0.0956610725370393,0.0281657187982884,0.0961494879079923));
#3275=CARTESIAN_POINT('',(-0.0990094724828097,0.0362494713594841,0.559261310097676));
#3276=CARTESIAN_POINT('',(-0.100009446353761,0.0358854303972409,0.559260434509157));
#3277=CARTESIAN_POINT('',(-0.0966610464079907,0.0278016778360453,0.0961486123194737));
#3278=CARTESIAN_POINT('',(-0.0976610202789422,0.0274376368738021,0.0961477367309549));
#3279=CARTESIAN_POINT('',(-0.101009420224713,0.0355213894349977,0.559259558920639));
#3280=CARTESIAN_POINT('',(-0.101009420224713,0.0350468212382219,0.559267842647576));
#3281=CARTESIAN_POINT('',(-0.0976610202789422,0.0269630686770262,0.0961560204578916));
#3282=CARTESIAN_POINT('',(-0.0976610202789422,0.0264885004802503,0.0961643041848284));
#3283=CARTESIAN_POINT('',(-0.101009420224713,0.0345722530414459,0.559276126374512));
#3284=CARTESIAN_POINT('',(-0.102009394095664,0.0345721268775909,0.55926889854655));
#3285=CARTESIAN_POINT('',(-0.0986609941498937,0.0264883743163952,0.0961570763568665));
#3286=CARTESIAN_POINT('',(-0.103660863504651,0.0264877434971201,0.0961209372170575));
#3287=CARTESIAN_POINT('',(-0.103660863504651,0.0264877434971201,0.0961209372170575));
#3288=CARTESIAN_POINT('',(-0.107009263450421,0.0345714960583157,0.559232759406741));
#3289=CARTESIAN_POINT('',(-0.0951610856015635,0.0563312249352921,0.0956614657601746));
#3290=CARTESIAN_POINT('',(-0.0976610202789422,0.0881730139534123,0.0950875829268456));
#3291=CARTESIAN_POINT('',(-0.0976610202789422,0.0931722524092957,0.0950003197546798));
#3292=CARTESIAN_POINT('',(-0.0986609941498937,0.0931721262454407,0.0949930919267178));
#3293=CARTESIAN_POINT('',(-0.103660863504651,0.0563301525425244,0.0956000292224994));
#3294=CARTESIAN_POINT('',(-0.103660863504651,0.0931714954261655,0.0949569527869089));
#3295=CARTESIAN_POINT('',(-0.103660863504651,0.0931714954261655,0.0949569527869089));
#3296=CARTESIAN_POINT('',(-0.103660863504651,0.0563301525425244,0.0956000292224994));
#3297=CARTESIAN_POINT('',(-0.103639176717676,0.0562777960072871,0.0926005645241755));
#3298=CARTESIAN_POINT('',(-0.107009263450421,0.101255247987361,0.558068774976592));
#3299=CARTESIAN_POINT('',(-0.101009420224713,0.096256766514608,0.558199405116529));
#3300=CARTESIAN_POINT('',(-0.101009420224713,0.101256004970491,0.558112141944364));
#3301=CARTESIAN_POINT('',(-0.102009394095664,0.101255878806636,0.558104914116402));
#3302=CARTESIAN_POINT('',(-0.0971754912014494,0.0932072198480481,0.0970035768008763));
#3303=CARTESIAN_POINT('',(-0.103675321362634,0.0932063997829904,0.0969565959191244));
#3304=CARTESIAN_POINT('',(-0.103711466007591,0.0932936606750526,0.101955703749663));
#3305=CARTESIAN_POINT('',(-0.103711466007591,0.0932936606750526,0.101955703749663));
#3306=CARTESIAN_POINT('',(-0.103711466007591,0.0932936606750526,0.101955703749663));
#3307=CARTESIAN_POINT('',(-0.0957839643298948,0.0934691917700173,0.112011742034436));
#3308=CARTESIAN_POINT('',(-0.0912840819106133,0.093469759507365,0.112044267260265));
#3309=CARTESIAN_POINT('',(-0.0867841994913317,0.0934703272447126,0.112076792486093));
#3310=CARTESIAN_POINT('',(-0.0907118056852225,0.093295300805168,0.102049665513167));
#3311=CARTESIAN_POINT('',(-0.0907118056852225,0.093295300805168,0.102049665513167));
#3312=CARTESIAN_POINT('',(-0.0907118056852225,0.093295300805168,0.102049665513167));
#3313=CARTESIAN_POINT('',(-0.090690118898248,0.0932429442699307,0.0990502008148439));
#3314=CARTESIAN_POINT('',(-0.0971899490594324,0.093242124204873,0.0990032199330919));
#3315=CARTESIAN_POINT('',(-0.0946900143820538,0.0932424396145105,0.0990212895029966));
#3316=CARTESIAN_POINT('',(-0.0946900143820538,0.0932424396145105,0.0990212895029966));
#3317=CARTESIAN_POINT('',(-0.0971899490594325,0.0852433426754596,0.0991428410085572));
#3318=CARTESIAN_POINT('',(-0.0971754912014494,0.0852084383186347,0.0971431978763417));
#3319=CARTESIAN_POINT('',(-0.103675321362634,0.085207618253577,0.0970962169945897));
#3320=CARTESIAN_POINT('',(-0.0946900143820538,0.0852436580850971,0.0991609105784619));
#3321=CARTESIAN_POINT('',(-0.0946900143820538,0.0852436580850971,0.0991609105784619));
#3322=CARTESIAN_POINT('',(-0.0971899490594324,0.0852433426754596,0.0991428410085573));
#3323=CARTESIAN_POINT('',(-0.090690118898248,0.0852441627405173,0.0991898218903092));
#3324=CARTESIAN_POINT('',(-0.0907118056852225,0.0852965192757546,0.102189286588633));
#3325=CARTESIAN_POINT('',(-0.0907118056852225,0.0852965192757546,0.102189286588633));
#3326=CARTESIAN_POINT('',(-0.0907118056852225,0.0852965192757546,0.102189286588633));
#3327=CARTESIAN_POINT('',(-0.0787844085237201,0.0854725550261394,0.112274236185253));
#3328=CARTESIAN_POINT('',(-0.0787844085237201,0.0854725550261394,0.112274236185253));
#3329=CARTESIAN_POINT('',(-0.0738375474652234,0.0856476986613508,0.122308077205699));
#3330=CARTESIAN_POINT('',(-0.0738375474652234,0.0856476986613508,0.122308077205699));
#3331=CARTESIAN_POINT('',(-0.067410001871828,0.0858230291103125,0.132352620638874));
#3332=CARTESIAN_POINT('',(-0.067410001871828,0.0858230291103125,0.132352620638874));
#3333=CARTESIAN_POINT('',(-0.0675184358067006,0.086084811786499,0.147349944130491));
#3334=CARTESIAN_POINT('',(-0.0840180046773996,0.0860827300828909,0.147230684969121));
#3335=CARTESIAN_POINT('',(-0.100517573548098,0.086080648379283,0.14711142580775));
#3336=CARTESIAN_POINT('',(-0.100409139613226,0.0858188657030964,0.132114102316133));
#3337=CARTESIAN_POINT('',(-0.100409139613226,0.0858188657030964,0.132114102316133));
#3338=CARTESIAN_POINT('',(-0.0938370248842524,0.0856451753842501,0.122163520646463));
#3339=CARTESIAN_POINT('',(-0.0938370248842524,0.0856451753842501,0.122163520646463));
#3340=CARTESIAN_POINT('',(-0.103783755297506,0.0854694009297636,0.112093540486207));
#3341=CARTESIAN_POINT('',(-0.103783755297506,0.0854694009297636,0.112093540486207));
#3342=CARTESIAN_POINT('',(-0.103747610652549,0.0853821400377014,0.107094432655668));
#3343=CARTESIAN_POINT('',(-0.103711466007591,0.0852948791456392,0.102095324825129));
#3344=CARTESIAN_POINT('',(-0.103711466007591,0.0852948791456392,0.102095324825129));
#3345=CARTESIAN_POINT('',(-0.0946900143820538,0.0892430488498038,0.0990911000407292));
#3346=CARTESIAN_POINT('',(-0.0946900143820538,0.0892430488498038,0.0990911000407292));
#3347=CARTESIAN_POINT('',(-0.0907118056852225,0.0892959100404613,0.1021194760509));
#3348=CARTESIAN_POINT('',(-0.090690118898248,0.089243553505224,0.0991200113525766));
#3349=CARTESIAN_POINT('',(-0.0907118056852225,0.0892959100404613,0.1021194760509));
#3350=CARTESIAN_POINT('',(-0.103711466007591,0.0892942699103459,0.102025514287396));
#3351=CARTESIAN_POINT('',(-0.103675321362634,0.0892070090182837,0.097026406456857));
#3352=CARTESIAN_POINT('',(-0.103711466007591,0.0892942699103459,0.102025514287396));
#3353=CARTESIAN_POINT('',(-0.0971899490594324,0.0892427334401663,0.0990730304708246));
#3354=CARTESIAN_POINT('',(-0.0971754912014494,0.0892078290833415,0.097073387338609));
#3355=CARTESIAN_POINT('',(-0.0907118056852225,0.0852965192757546,0.102189286588633));
#3356=CARTESIAN_POINT('',(-0.0787844085237201,0.0854725550261394,0.112274236185253));
#3357=CARTESIAN_POINT('',(-0.0907118056852225,0.0879627797855589,0.102142746230144));
#3358=CARTESIAN_POINT('',(-0.0814510055129239,0.0881384790989971,0.112208421618866));
#3359=CARTESIAN_POINT('',(-0.0907118056852225,0.0906290402953636,0.102096205871656));
#3360=CARTESIAN_POINT('',(-0.0841176025021279,0.0908044031718549,0.11214260705248));
#3361=CARTESIAN_POINT('',(-0.0907118056852225,0.093295300805168,0.102049665513167));
#3362=CARTESIAN_POINT('',(-0.0867841994913317,0.0934703272447126,0.112076792486093));
#3363=CARTESIAN_POINT('',(-0.0827843040075259,0.089471441135426,0.112175514335673));
#3364=CARTESIAN_POINT('',(-0.103711466007591,0.0932936606750526,0.101955703749663));
#3365=CARTESIAN_POINT('',(-0.0957839643298948,0.0934691917700173,0.112011742034436));
#3366=CARTESIAN_POINT('',(-0.103711466007591,0.090627400165248,0.102002244108152));
#3367=CARTESIAN_POINT('',(-0.0984505613190985,0.0908025948232662,0.112039008185027));
#3368=CARTESIAN_POINT('',(-0.103711466007591,0.0879611396554438,0.10204878446664));
#3369=CARTESIAN_POINT('',(-0.101117158308303,0.0881359978765147,0.112066274335617));
#3370=CARTESIAN_POINT('',(-0.103711466007591,0.0852948791456392,0.102095324825129));
#3371=CARTESIAN_POINT('',(-0.103783755297506,0.0854694009297636,0.112093540486207));
#3372=CARTESIAN_POINT('',(-0.0997838598137006,0.0894692963498905,0.112052641260322));
#3373=CARTESIAN_POINT('',(-0.320284458273399,0.0250112181541461,-0.0481349197583593));
#3374=CARTESIAN_POINT('',(-0.0913370902068738,0.0881451100218294,0.122137958630284));
#3375=CARTESIAN_POINT('',(-0.0888371555294952,0.0906450446594087,0.122112396614106));
#3376=CARTESIAN_POINT('',(-0.0957839643298948,0.0934691917700173,0.112011742034436));
#3377=CARTESIAN_POINT('',(-0.165450613582309,0.157827584977422,-0.117487668213322));
#3378=CARTESIAN_POINT('',(-0.0838372861747379,0.0906456754786838,0.122148535753915));
#3379=CARTESIAN_POINT('',(-0.0788374168199806,0.090646306297959,0.122184674893724));
#3380=CARTESIAN_POINT('',(-0.0867841994913317,0.0934703272447126,0.112076792486093));
#3381=CARTESIAN_POINT('',(-0.101307744264655,-0.0692567217267008,-0.231361201242035));
#3382=CARTESIAN_POINT('',(-0.076337482142602,0.0881470024796549,0.122246376049712));
#3383=CARTESIAN_POINT('',(-0.067410001871828,0.0883226483382542,0.132308989052791));
#3384=CARTESIAN_POINT('',(-0.0675184358067005,0.0885844310144407,0.147306312544408));
#3385=CARTESIAN_POINT('',(-0.0675184358067006,0.0910840502423824,0.147262680958325));
#3386=CARTESIAN_POINT('',(-0.067410001871828,0.0883226483382542,0.132308989052791));
#3387=CARTESIAN_POINT('',(-0.067410001871828,0.0908222675661958,0.132265357466708));
#3388=CARTESIAN_POINT('',(-0.067410001871828,0.0908222675661958,0.132265357466708));
#3389=CARTESIAN_POINT('',(-0.083909570742527,0.0908201858625878,0.132146098305337));
#3390=CARTESIAN_POINT('',(-0.0756897872016784,0.0909660835801307,0.140504463719556));
#3391=CARTESIAN_POINT('',(-0.0756579807452099,0.0909276917973077,0.13830502869657));
#3392=CARTESIAN_POINT('',(-0.0921880627070044,0.0909619202817005,0.140265951629072));
#3393=CARTESIAN_POINT('',(-0.0921562562505359,0.0909235284988775,0.138066516606086));
#3394=CARTESIAN_POINT('',(-0.0840180046773996,0.0910819685387743,0.147143421796955));
#3395=CARTESIAN_POINT('',(-0.100517573548099,0.0910798868351664,0.147024162635584));
#3396=CARTESIAN_POINT('',(-0.0731237093459043,0.0907342869320774,0.127225016180216));
#3397=CARTESIAN_POINT('',(-0.0888371555294952,0.0906450446594087,0.122112396614106));
#3398=CARTESIAN_POINT('',(-0.100409139613226,0.0908181041589798,0.132026839143967));
#3399=CARTESIAN_POINT('',(-0.100409139613226,0.0908181041589798,0.132026839143967));
#3400=CARTESIAN_POINT('',(-0.100409139613226,0.0883184849310381,0.13207047073005));
#3401=CARTESIAN_POINT('',(-0.100517573548098,0.0885802676072246,0.147067794221667));
#3402=CARTESIAN_POINT('',(-0.100409139613226,0.0883184849310381,0.13207047073005));
#3403=CARTESIAN_POINT('',(-0.0840180046773995,0.0885823493108327,0.147187053383038));
#3404=CARTESIAN_POINT('',(-0.0888371555294952,0.0906450446594087,0.122112396614106));
#3405=CARTESIAN_POINT('',(-0.100409139613226,0.0908181041589798,0.132026839143967));
#3406=CARTESIAN_POINT('',(-0.0905037786477475,0.0889784215676892,0.122129437958225));
#3407=CARTESIAN_POINT('',(-0.100409139613226,0.089151691340352,0.132055926868022));
#3408=CARTESIAN_POINT('',(-0.0921704017660001,0.0873117984759696,0.122146479302344));
#3409=CARTESIAN_POINT('',(-0.100409139613226,0.0874852785217241,0.132085014592078));
#3410=CARTESIAN_POINT('',(-0.0938370248842524,0.0856451753842501,0.122163520646463));
#3411=CARTESIAN_POINT('',(-0.100409139613226,0.0858188657030964,0.132114102316133));
#3412=CARTESIAN_POINT('',(-0.0738375474652234,0.0856476986613508,0.122308077205699));
#3413=CARTESIAN_POINT('',(-0.067410001871828,0.0858230291103125,0.132352620638874));
#3414=CARTESIAN_POINT('',(-0.0755041705834757,0.0873139012068868,0.122266943101708));
#3415=CARTESIAN_POINT('',(-0.067410001871828,0.0874894419289405,0.132323532914818));
#3416=CARTESIAN_POINT('',(-0.0771707937017282,0.0889801037524229,0.122225808997716));
#3417=CARTESIAN_POINT('',(-0.067410001871828,0.0891558547475678,0.132294445190763));
#3418=CARTESIAN_POINT('',(-0.0788374168199806,0.090646306297959,0.122184674893724));
#3419=CARTESIAN_POINT('',(-0.067410001871828,0.0908222675661958,0.132265357466708));
#3420=CARTESIAN_POINT('',(-0.0921880627070044,0.100960397193467,0.140091425284741));
#3421=CARTESIAN_POINT('',(-0.0921880627070044,0.100960397193467,0.140091425284741));
#3422=CARTESIAN_POINT('',(-0.0921562562505359,0.100922005410644,0.137891990261755));
#3423=CARTESIAN_POINT('',(-0.0838921078641414,0.100863033406304,0.134513530545015));
#3424=CARTESIAN_POINT('',(-0.0756897872016784,0.100964560491898,0.140329937375225));
#3425=CARTESIAN_POINT('',(-0.0756897872016784,0.100964560491898,0.140329937375225));
#3426=CARTESIAN_POINT('',(-0.0756579807452099,0.100926168709075,0.138130502352238));
#3427=CARTESIAN_POINT('',(-0.0838921078641414,0.100863033406304,0.134513530545015));
#3428=MECHANICAL_DESIGN_GEOMETRIC_PRESENTATION_REPRESENTATION('',(#2156),
#3429);
#3429=(
GEOMETRIC_REPRESENTATION_CONTEXT(3)
GLOBAL_UNCERTAINTY_ASSIGNED_CONTEXT((#3430))
GLOBAL_UNIT_ASSIGNED_CONTEXT((#3433,#3432,#3431))
REPRESENTATION_CONTEXT('Top Rack','TOP_LEVEL_ASSEMBLY_PART')
);
#3430=UNCERTAINTY_MEASURE_WITH_UNIT(LENGTH_MEASURE(2.06000000000082E-5),
#3433,'DISTANCE_ACCURACY_VALUE','Maximum Tolerance applied to model');
#3431=(
NAMED_UNIT(*)
SI_UNIT($,.STERADIAN.)
SOLID_ANGLE_UNIT()
);
#3432=(
NAMED_UNIT(*)
PLANE_ANGLE_UNIT()
SI_UNIT($,.RADIAN.)
);
#3433=(
LENGTH_UNIT()
NAMED_UNIT(*)
SI_UNIT($,.METRE.)
);
#3434=PRODUCT_DEFINITION_SHAPE('','',#3435);
#3435=PRODUCT_DEFINITION('','',#3437,#3436);
#3436=PRODUCT_DEFINITION_CONTEXT('',#3443,'design');
#3437=PRODUCT_DEFINITION_FORMATION_WITH_SPECIFIED_SOURCE('','',#3439,
 .NOT_KNOWN.);
#3438=PRODUCT_RELATED_PRODUCT_CATEGORY('','',(#3439));
#3439=PRODUCT('Top Rack','Top Rack','Top Rack',(#3441));
#3440=PRODUCT_CATEGORY('','');
#3441=PRODUCT_CONTEXT('',#3443,'mechanical');
#3442=APPLICATION_PROTOCOL_DEFINITION('international standard',
'ap242_managed_model_based_3d_engineering',2020,#3443);
#3443=APPLICATION_CONTEXT('managed model based 3d engineering');
ENDSEC;
END-ISO-10303-21;
