ISO-10303-21;
HEADER;
/* Generated by software containing ST-Developer
 * from STEP Tools, Inc. (www.steptools.com) 
 */
/* OPTION: using custom renumber hook */

FILE_DESCRIPTION(
/* description */ ('STEP AP242 Edition 2',
'CAx-IF Rec.Pracs.---Representation and Presentation of Product Manufa
cturing Information (PMI)---4.0---2014-10-13',
'CAx-IF Rec.Pracs.---3D Tessellated Geometry---0.4---2014-09-14','2;1',
'CAx-IF Rec.Pracs.---User Defined Attributes---1.5---2016-08-15'),
/* implementation_level */ '2;1');

FILE_NAME(
/* name */ 'Overhead Cam Mount - Extension',
/* time_stamp */ '2026-08-09T23:59:09Z',
/* author */ (''),
/* organization */ (''),
/* preprocessor_version */ 'ST-DEVELOPER v20',
/* originating_system */ 'ONSHAPE BY PTC INC, 1.219',
/* authorisation */ '  ');

FILE_SCHEMA (('AP242_MANAGED_MODEL_BASED_3D_ENGINEERING_MIM_LF { 1 0 10303 442 3 1 4 }'));
ENDSEC;

DATA;
#10=SHAPE_REPRESENTATION_RELATIONSHIP('','',#1232,#11);
#11=ADVANCED_BREP_SHAPE_REPRESENTATION('',(#1230),#2440);
#12=B_SPLINE_SURFACE_WITH_KNOTS('',1,3,((#2071,#2072,#2073,#2074,#2075,
#2076,#2077,#2078,#2079,#2080,#2081,#2082,#2083,#2084,#2085,#2086,#2087,
#2088,#2089,#2090,#2091,#2092,#2093,#2094,#2095,#2096,#2097,#2098,#2099,
#2100,#2101,#2102),(#2103,#2104,#2105,#2106,#2107,#2108,#2109,#2110,#2111,
#2112,#2113,#2114,#2115,#2116,#2117,#2118,#2119,#2120,#2121,#2122,#2123,
#2124,#2125,#2126,#2127,#2128,#2129,#2130,#2131,#2132,#2133,#2134)),
 .RULED_SURF.,.F.,.F.,.F.,(2,2),(4,2,2,2,2,2,2,2,2,2,2,2,2,2,2,4),(0.,1.),
(0.,0.0119847732245503,0.0179771598368255,0.0239695464491007,0.0314723029005259,
0.0389750593519513,0.0539805722548019,0.0839915980605031,0.144013649671906,
0.26405775289471,0.384101856117516,0.504145959340321,0.62810946950524,0.75207297967016,
0.87603648983508,1.),.UNSPECIFIED.);
#13=B_SPLINE_SURFACE_WITH_KNOTS('',1,3,((#2169,#2170,#2171,#2172,#2173,
#2174,#2175,#2176,#2177,#2178,#2179,#2180,#2181,#2182,#2183,#2184,#2185,
#2186,#2187,#2188,#2189,#2190,#2191,#2192,#2193,#2194,#2195,#2196,#2197,
#2198,#2199,#2200),(#2201,#2202,#2203,#2204,#2205,#2206,#2207,#2208,#2209,
#2210,#2211,#2212,#2213,#2214,#2215,#2216,#2217,#2218,#2219,#2220,#2221,
#2222,#2223,#2224,#2225,#2226,#2227,#2228,#2229,#2230,#2231,#2232)),
 .RULED_SURF.,.F.,.F.,.F.,(2,2),(4,2,2,2,2,2,2,2,2,2,2,2,2,2,2,4),(0.,1.),
(0.,0.0119847732245503,0.0179771598368255,0.0239695464491007,0.0314723029005259,
0.0389750593519513,0.0539805722548019,0.0839915980605031,0.144013649671906,
0.26405775289471,0.384101856117516,0.504145959340321,0.62810946950524,0.75207297967016,
0.87603648983508,1.),.UNSPECIFIED.);
#14=B_SPLINE_SURFACE_WITH_KNOTS('',1,3,((#2234,#2235,#2236,#2237,#2238,
#2239,#2240,#2241,#2242,#2243,#2244,#2245,#2246,#2247,#2248,#2249,#2250,
#2251,#2252,#2253,#2254,#2255,#2256,#2257,#2258,#2259,#2260,#2261),(#2262,
#2263,#2264,#2265,#2266,#2267,#2268,#2269,#2270,#2271,#2272,#2273,#2274,
#2275,#2276,#2277,#2278,#2279,#2280,#2281,#2282,#2283,#2284,#2285,#2286,
#2287,#2288,#2289)),.RULED_SURF.,.F.,.F.,.F.,(2,2),(4,2,2,2,2,2,2,2,2,2,
2,2,2,4),(0.,1.),(0.0239462603219133,0.0239695464491007,0.0314723029005259,
0.0389750593519513,0.0539805722548019,0.0839915980605031,0.144013649671906,
0.26405775289471,0.384101856117516,0.504145959340321,0.62810946950524,0.75207297967016,
0.87603648983508,1.),.UNSPECIFIED.);
#15=B_SPLINE_SURFACE_WITH_KNOTS('',3,3,((#2322,#2323,#2324,#2325,#2326,
#2327,#2328,#2329,#2330,#2331,#2332,#2333,#2334,#2335,#2336,#2337,#2338,
#2339,#2340,#2341,#2342,#2343,#2344,#2345,#2346),(#2347,#2348,#2349,#2350,
#2351,#2352,#2353,#2354,#2355,#2356,#2357,#2358,#2359,#2360,#2361,#2362,
#2363,#2364,#2365,#2366,#2367,#2368,#2369,#2370,#2371),(#2372,#2373,#2374,
#2375,#2376,#2377,#2378,#2379,#2380,#2381,#2382,#2383,#2384,#2385,#2386,
#2387,#2388,#2389,#2390,#2391,#2392,#2393,#2394,#2395,#2396),(#2397,#2398,
#2399,#2400,#2401,#2402,#2403,#2404,#2405,#2406,#2407,#2408,#2409,#2410,
#2411,#2412,#2413,#2414,#2415,#2416,#2417,#2418,#2419,#2420,#2421)),
 .UNSPECIFIED.,.F.,.F.,.F.,(4,4),(4,2,1,2,2,2,2,2,2,2,2,2,4),(-0.00601632289162141,
1.),(0.0239695463596065,0.0392200221977377,0.0544704980358688,0.0849714497121312,
0.145973353064656,0.267977159769705,0.389980966474754,0.450982869827279,
0.511984773179803,0.633988579884852,0.755992386589902,0.877996193294951,
1.),.UNSPECIFIED.);
#16=ELLIPSE('',#1265,0.00140000282922258,0.0014);
#17=ELLIPSE('',#1268,0.00138060722665882,0.0013);
#18=ELLIPSE('',#1269,0.00386115872618178,0.0013);
#19=ELLIPSE('',#1271,0.00130000262713525,0.0013);
#20=ELLIPSE('',#1279,0.00386115872618178,0.0013);
#21=ELLIPSE('',#1281,0.00138060722665882,0.0013);
#22=CYLINDRICAL_SURFACE('',#1264,0.0014);
#23=CYLINDRICAL_SURFACE('',#1267,0.0013);
#24=CYLINDRICAL_SURFACE('',#1284,0.0013);
#25=CYLINDRICAL_SURFACE('',#1286,0.0013);
#26=CYLINDRICAL_SURFACE('',#1288,0.0013);
#27=CYLINDRICAL_SURFACE('',#1290,0.0014);
#28=CYLINDRICAL_SURFACE('',#1292,0.0014);
#29=CYLINDRICAL_SURFACE('',#1294,0.0014);
#30=CYLINDRICAL_SURFACE('',#1313,0.0024);
#31=CYLINDRICAL_SURFACE('',#1316,0.0024);
#32=CYLINDRICAL_SURFACE('',#1319,0.0024);
#33=CYLINDRICAL_SURFACE('',#1322,0.0024);
#34=CIRCLE('',#1258,0.0014);
#35=CIRCLE('',#1259,0.0014);
#36=CIRCLE('',#1260,0.0014);
#37=CIRCLE('',#1261,0.0013);
#38=CIRCLE('',#1262,0.0013);
#39=CIRCLE('',#1263,0.0013);
#40=CIRCLE('',#1266,0.0014);
#41=CIRCLE('',#1270,0.0013);
#42=CIRCLE('',#1285,0.0013);
#43=CIRCLE('',#1287,0.0013);
#44=CIRCLE('',#1289,0.0013);
#45=CIRCLE('',#1291,0.0014);
#46=CIRCLE('',#1293,0.0014);
#47=CIRCLE('',#1295,0.0014);
#48=CIRCLE('',#1298,0.0024);
#49=CIRCLE('',#1299,0.0024);
#50=CIRCLE('',#1300,0.0024);
#51=CIRCLE('',#1301,0.0024);
#52=CIRCLE('',#1314,0.0024);
#53=CIRCLE('',#1317,0.0024);
#54=CIRCLE('',#1320,0.0024);
#55=CIRCLE('',#1323,0.0024);
#56=B_SPLINE_CURVE_WITH_KNOTS('',3,(#1747,#1748,#1749,#1750),
 .UNSPECIFIED.,.F.,.F.,(4,4),(0.,0.00865783412990107),.UNSPECIFIED.);
#57=B_SPLINE_CURVE_WITH_KNOTS('',3,(#1752,#1753,#1754,#1755),
 .UNSPECIFIED.,.F.,.F.,(4,4),(0.,0.00865761834408364),.UNSPECIFIED.);
#58=B_SPLINE_CURVE_WITH_KNOTS('',3,(#1922,#1923,#1924,#1925,#1926,#1927,
#1928,#1929,#1930,#1931,#1932,#1933,#1934,#1935,#1936,#1937,#1938,#1939,
#1940,#1941,#1942,#1943,#1944,#1945,#1946,#1947,#1948,#1949,#1950,#1951,
#1952,#1953),.UNSPECIFIED.,.F.,.F.,(4,2,2,2,2,2,2,2,2,2,2,2,2,2,2,4),(0.,
0.0119847732245503,0.0179771598368255,0.0239695464491007,0.0314723029005259,
0.0389750593519513,0.0539805722548019,0.0839915980605031,0.144013649671906,
0.26405775289471,0.384101856117516,0.504145959340321,0.62810946950524,0.75207297967016,
0.87603648983508,1.),.UNSPECIFIED.);
#59=B_SPLINE_CURVE_WITH_KNOTS('',3,(#1958,#1959,#1960,#1961,#1962,#1963,
#1964,#1965,#1966,#1967,#1968,#1969,#1970,#1971,#1972,#1973,#1974,#1975,
#1976,#1977,#1978,#1979,#1980,#1981,#1982,#1983,#1984,#1985,#1986,#1987,
#1988,#1989),.UNSPECIFIED.,.F.,.F.,(4,2,2,2,2,2,2,2,2,2,2,2,2,2,2,4),(0.,
0.0119847732245503,0.0179771598368255,0.0239695464491007,0.0314723029005259,
0.0389750593519513,0.0539805722548019,0.0839915980605031,0.144013649671906,
0.26405775289471,0.384101856117516,0.504145959340321,0.62810946950524,0.75207297967016,
0.87603648983508,1.),.UNSPECIFIED.);
#60=B_SPLINE_CURVE_WITH_KNOTS('',3,(#1999,#2000,#2001,#2002,#2003,#2004,
#2005,#2006,#2007,#2008,#2009,#2010,#2011,#2012,#2013,#2014,#2015,#2016,
#2017,#2018,#2019,#2020,#2021,#2022,#2023,#2024,#2025,#2026,#2027,#2028,
#2029,#2030),.UNSPECIFIED.,.F.,.F.,(4,2,2,2,2,2,2,2,2,2,2,2,2,2,2,4),(0.,
0.0119847732245503,0.0179771598368255,0.0239695464491007,0.0314723029005259,
0.0389750593519513,0.0539805722548019,0.0839915980605031,0.144013649671906,
0.26405775289471,0.384101856117516,0.504145959340321,0.62810946950524,0.75207297967016,
0.87603648983508,1.),.UNSPECIFIED.);
#61=B_SPLINE_CURVE_WITH_KNOTS('',3,(#2033,#2034,#2035,#2036,#2037,#2038,
#2039,#2040,#2041,#2042,#2043,#2044,#2045,#2046,#2047,#2048,#2049,#2050,
#2051,#2052,#2053,#2054,#2055,#2056,#2057,#2058,#2059,#2060,#2061,#2062,
#2063,#2064),.UNSPECIFIED.,.F.,.F.,(4,2,2,2,2,2,2,2,2,2,2,2,2,2,2,4),(0.,
0.0119847732245503,0.0179771598368255,0.0239695464491007,0.0314723029005259,
0.0389750593519513,0.0539805722548019,0.0839915980605031,0.144013649671906,
0.26405775289471,0.384101856117516,0.504145959340321,0.62810946950524,0.75207297967016,
0.87603648983508,1.),.UNSPECIFIED.);
#62=B_SPLINE_CURVE_WITH_KNOTS('',3,(#2135,#2136,#2137,#2138,#2139,#2140,
#2141,#2142,#2143,#2144,#2145,#2146,#2147,#2148,#2149,#2150,#2151,#2152,
#2153,#2154,#2155,#2156,#2157,#2158,#2159,#2160,#2161,#2162,#2163,#2164,
#2165,#2166),.UNSPECIFIED.,.F.,.F.,(4,2,2,2,2,2,2,2,2,2,2,2,2,2,2,4),(0.,
0.0119847732245503,0.0179771598368255,0.0239695464491007,0.0314723029005259,
0.0389750593519513,0.0539805722548019,0.0839915980605031,0.144013649671906,
0.26405775289471,0.384101856117516,0.504145959340321,0.62810946950524,0.75207297967016,
0.87603648983508,1.),.UNSPECIFIED.);
#63=B_SPLINE_CURVE_WITH_KNOTS('',3,(#2290,#2291,#2292,#2293,#2294,#2295,
#2296,#2297,#2298,#2299,#2300,#2301,#2302,#2303,#2304,#2305,#2306,#2307,
#2308,#2309,#2310,#2311,#2312,#2313,#2314,#2315,#2316,#2317,#2318,#2319,
#2320,#2321),.UNSPECIFIED.,.F.,.F.,(4,2,2,2,2,2,2,2,2,2,2,2,2,2,2,4),(0.,
0.0119847732245503,0.0179771598368255,0.0239695464491007,0.0314723029005259,
0.0389750593519513,0.0539805722548019,0.0839915980605031,0.144013649671906,
0.26405775289471,0.384101856117516,0.504145959340321,0.62810946950524,0.75207297967016,
0.87603648983508,1.),.UNSPECIFIED.);
#64=ORIENTED_EDGE('',*,*,#378,.F.);
#65=ORIENTED_EDGE('',*,*,#379,.T.);
#66=ORIENTED_EDGE('',*,*,#380,.T.);
#67=ORIENTED_EDGE('',*,*,#381,.F.);
#68=ORIENTED_EDGE('',*,*,#382,.T.);
#69=ORIENTED_EDGE('',*,*,#383,.T.);
#70=ORIENTED_EDGE('',*,*,#384,.T.);
#71=ORIENTED_EDGE('',*,*,#385,.T.);
#72=ORIENTED_EDGE('',*,*,#386,.T.);
#73=ORIENTED_EDGE('',*,*,#387,.T.);
#74=ORIENTED_EDGE('',*,*,#388,.F.);
#75=ORIENTED_EDGE('',*,*,#381,.T.);
#76=ORIENTED_EDGE('',*,*,#389,.T.);
#77=ORIENTED_EDGE('',*,*,#390,.F.);
#78=ORIENTED_EDGE('',*,*,#391,.F.);
#79=ORIENTED_EDGE('',*,*,#390,.T.);
#80=ORIENTED_EDGE('',*,*,#392,.T.);
#81=ORIENTED_EDGE('',*,*,#393,.F.);
#82=ORIENTED_EDGE('',*,*,#394,.F.);
#83=ORIENTED_EDGE('',*,*,#393,.T.);
#84=ORIENTED_EDGE('',*,*,#395,.T.);
#85=ORIENTED_EDGE('',*,*,#396,.F.);
#86=ORIENTED_EDGE('',*,*,#397,.T.);
#87=ORIENTED_EDGE('',*,*,#398,.T.);
#88=ORIENTED_EDGE('',*,*,#399,.T.);
#89=ORIENTED_EDGE('',*,*,#400,.T.);
#90=ORIENTED_EDGE('',*,*,#401,.T.);
#91=ORIENTED_EDGE('',*,*,#402,.T.);
#92=ORIENTED_EDGE('',*,*,#403,.F.);
#93=ORIENTED_EDGE('',*,*,#396,.T.);
#94=ORIENTED_EDGE('',*,*,#404,.T.);
#95=ORIENTED_EDGE('',*,*,#405,.F.);
#96=ORIENTED_EDGE('',*,*,#406,.F.);
#97=ORIENTED_EDGE('',*,*,#405,.T.);
#98=ORIENTED_EDGE('',*,*,#407,.T.);
#99=ORIENTED_EDGE('',*,*,#379,.F.);
#100=ORIENTED_EDGE('',*,*,#380,.F.);
#101=ORIENTED_EDGE('',*,*,#407,.F.);
#102=ORIENTED_EDGE('',*,*,#404,.F.);
#103=ORIENTED_EDGE('',*,*,#395,.F.);
#104=ORIENTED_EDGE('',*,*,#392,.F.);
#105=ORIENTED_EDGE('',*,*,#389,.F.);
#106=ORIENTED_EDGE('',*,*,#408,.F.);
#107=ORIENTED_EDGE('',*,*,#398,.F.);
#108=ORIENTED_EDGE('',*,*,#409,.T.);
#109=ORIENTED_EDGE('',*,*,#383,.F.);
#110=ORIENTED_EDGE('',*,*,#410,.F.);
#111=ORIENTED_EDGE('',*,*,#399,.F.);
#112=ORIENTED_EDGE('',*,*,#408,.T.);
#113=ORIENTED_EDGE('',*,*,#382,.F.);
#114=ORIENTED_EDGE('',*,*,#411,.F.);
#115=ORIENTED_EDGE('',*,*,#400,.F.);
#116=ORIENTED_EDGE('',*,*,#410,.T.);
#117=ORIENTED_EDGE('',*,*,#387,.F.);
#118=ORIENTED_EDGE('',*,*,#412,.F.);
#119=ORIENTED_EDGE('',*,*,#401,.F.);
#120=ORIENTED_EDGE('',*,*,#411,.T.);
#121=ORIENTED_EDGE('',*,*,#386,.F.);
#122=ORIENTED_EDGE('',*,*,#413,.F.);
#123=ORIENTED_EDGE('',*,*,#402,.F.);
#124=ORIENTED_EDGE('',*,*,#412,.T.);
#125=ORIENTED_EDGE('',*,*,#385,.F.);
#126=ORIENTED_EDGE('',*,*,#409,.F.);
#127=ORIENTED_EDGE('',*,*,#397,.F.);
#128=ORIENTED_EDGE('',*,*,#413,.T.);
#129=ORIENTED_EDGE('',*,*,#384,.F.);
#130=ORIENTED_EDGE('',*,*,#414,.F.);
#131=ORIENTED_EDGE('',*,*,#415,.F.);
#132=ORIENTED_EDGE('',*,*,#416,.F.);
#133=ORIENTED_EDGE('',*,*,#417,.F.);
#134=ORIENTED_EDGE('',*,*,#418,.F.);
#135=ORIENTED_EDGE('',*,*,#419,.F.);
#136=ORIENTED_EDGE('',*,*,#403,.T.);
#137=ORIENTED_EDGE('',*,*,#406,.T.);
#138=ORIENTED_EDGE('',*,*,#378,.T.);
#139=ORIENTED_EDGE('',*,*,#388,.T.);
#140=ORIENTED_EDGE('',*,*,#391,.T.);
#141=ORIENTED_EDGE('',*,*,#394,.T.);
#142=ORIENTED_EDGE('',*,*,#414,.T.);
#143=ORIENTED_EDGE('',*,*,#420,.F.);
#144=ORIENTED_EDGE('',*,*,#421,.F.);
#145=ORIENTED_EDGE('',*,*,#422,.T.);
#146=ORIENTED_EDGE('',*,*,#419,.T.);
#147=ORIENTED_EDGE('',*,*,#423,.F.);
#148=ORIENTED_EDGE('',*,*,#424,.F.);
#149=ORIENTED_EDGE('',*,*,#420,.T.);
#150=ORIENTED_EDGE('',*,*,#418,.T.);
#151=ORIENTED_EDGE('',*,*,#425,.F.);
#152=ORIENTED_EDGE('',*,*,#426,.F.);
#153=ORIENTED_EDGE('',*,*,#423,.T.);
#154=ORIENTED_EDGE('',*,*,#417,.T.);
#155=ORIENTED_EDGE('',*,*,#427,.F.);
#156=ORIENTED_EDGE('',*,*,#428,.F.);
#157=ORIENTED_EDGE('',*,*,#425,.T.);
#158=ORIENTED_EDGE('',*,*,#416,.T.);
#159=ORIENTED_EDGE('',*,*,#429,.F.);
#160=ORIENTED_EDGE('',*,*,#430,.F.);
#161=ORIENTED_EDGE('',*,*,#427,.T.);
#162=ORIENTED_EDGE('',*,*,#415,.T.);
#163=ORIENTED_EDGE('',*,*,#422,.F.);
#164=ORIENTED_EDGE('',*,*,#431,.F.);
#165=ORIENTED_EDGE('',*,*,#429,.T.);
#166=ORIENTED_EDGE('',*,*,#432,.F.);
#167=ORIENTED_EDGE('',*,*,#433,.T.);
#168=ORIENTED_EDGE('',*,*,#434,.F.);
#169=ORIENTED_EDGE('',*,*,#435,.F.);
#170=ORIENTED_EDGE('',*,*,#436,.T.);
#171=ORIENTED_EDGE('',*,*,#421,.T.);
#172=ORIENTED_EDGE('',*,*,#424,.T.);
#173=ORIENTED_EDGE('',*,*,#426,.T.);
#174=ORIENTED_EDGE('',*,*,#428,.T.);
#175=ORIENTED_EDGE('',*,*,#430,.T.);
#176=ORIENTED_EDGE('',*,*,#431,.T.);
#177=ORIENTED_EDGE('',*,*,#437,.F.);
#178=ORIENTED_EDGE('',*,*,#438,.T.);
#179=ORIENTED_EDGE('',*,*,#439,.T.);
#180=ORIENTED_EDGE('',*,*,#440,.F.);
#181=ORIENTED_EDGE('',*,*,#441,.F.);
#182=ORIENTED_EDGE('',*,*,#440,.T.);
#183=ORIENTED_EDGE('',*,*,#442,.T.);
#184=ORIENTED_EDGE('',*,*,#443,.F.);
#185=ORIENTED_EDGE('',*,*,#444,.T.);
#186=ORIENTED_EDGE('',*,*,#445,.T.);
#187=ORIENTED_EDGE('',*,*,#446,.T.);
#188=ORIENTED_EDGE('',*,*,#447,.T.);
#189=ORIENTED_EDGE('',*,*,#448,.T.);
#190=ORIENTED_EDGE('',*,*,#449,.T.);
#191=ORIENTED_EDGE('',*,*,#450,.F.);
#192=ORIENTED_EDGE('',*,*,#451,.T.);
#193=ORIENTED_EDGE('',*,*,#452,.F.);
#194=ORIENTED_EDGE('',*,*,#453,.F.);
#195=ORIENTED_EDGE('',*,*,#454,.T.);
#196=ORIENTED_EDGE('',*,*,#455,.F.);
#197=ORIENTED_EDGE('',*,*,#456,.T.);
#198=ORIENTED_EDGE('',*,*,#457,.F.);
#199=ORIENTED_EDGE('',*,*,#458,.F.);
#200=ORIENTED_EDGE('',*,*,#442,.F.);
#201=ORIENTED_EDGE('',*,*,#439,.F.);
#202=ORIENTED_EDGE('',*,*,#459,.F.);
#203=ORIENTED_EDGE('',*,*,#460,.T.);
#204=ORIENTED_EDGE('',*,*,#461,.F.);
#205=ORIENTED_EDGE('',*,*,#462,.T.);
#206=ORIENTED_EDGE('',*,*,#463,.T.);
#207=ORIENTED_EDGE('',*,*,#464,.F.);
#208=ORIENTED_EDGE('',*,*,#465,.T.);
#209=ORIENTED_EDGE('',*,*,#466,.T.);
#210=ORIENTED_EDGE('',*,*,#467,.F.);
#211=ORIENTED_EDGE('',*,*,#468,.F.);
#212=ORIENTED_EDGE('',*,*,#469,.T.);
#213=ORIENTED_EDGE('',*,*,#470,.T.);
#214=ORIENTED_EDGE('',*,*,#465,.F.);
#215=ORIENTED_EDGE('',*,*,#471,.F.);
#216=ORIENTED_EDGE('',*,*,#472,.F.);
#217=ORIENTED_EDGE('',*,*,#469,.F.);
#218=ORIENTED_EDGE('',*,*,#473,.T.);
#219=ORIENTED_EDGE('',*,*,#474,.T.);
#220=ORIENTED_EDGE('',*,*,#475,.F.);
#221=ORIENTED_EDGE('',*,*,#474,.F.);
#222=ORIENTED_EDGE('',*,*,#476,.T.);
#223=ORIENTED_EDGE('',*,*,#467,.T.);
#224=ORIENTED_EDGE('',*,*,#452,.T.);
#225=ORIENTED_EDGE('',*,*,#477,.T.);
#226=ORIENTED_EDGE('',*,*,#478,.T.);
#227=ORIENTED_EDGE('',*,*,#479,.T.);
#228=ORIENTED_EDGE('',*,*,#480,.T.);
#229=ORIENTED_EDGE('',*,*,#481,.F.);
#230=ORIENTED_EDGE('',*,*,#482,.F.);
#231=ORIENTED_EDGE('',*,*,#483,.F.);
#232=ORIENTED_EDGE('',*,*,#484,.T.);
#233=ORIENTED_EDGE('',*,*,#485,.T.);
#234=ORIENTED_EDGE('',*,*,#486,.T.);
#235=ORIENTED_EDGE('',*,*,#487,.T.);
#236=ORIENTED_EDGE('',*,*,#480,.F.);
#237=ORIENTED_EDGE('',*,*,#479,.F.);
#238=ORIENTED_EDGE('',*,*,#488,.F.);
#239=ORIENTED_EDGE('',*,*,#489,.F.);
#240=ORIENTED_EDGE('',*,*,#489,.T.);
#241=ORIENTED_EDGE('',*,*,#490,.T.);
#242=ORIENTED_EDGE('',*,*,#462,.F.);
#243=ORIENTED_EDGE('',*,*,#491,.F.);
#244=ORIENTED_EDGE('',*,*,#491,.T.);
#245=ORIENTED_EDGE('',*,*,#461,.T.);
#246=ORIENTED_EDGE('',*,*,#492,.T.);
#247=ORIENTED_EDGE('',*,*,#449,.F.);
#248=ORIENTED_EDGE('',*,*,#490,.F.);
#249=ORIENTED_EDGE('',*,*,#488,.T.);
#250=ORIENTED_EDGE('',*,*,#448,.F.);
#251=ORIENTED_EDGE('',*,*,#493,.T.);
#252=ORIENTED_EDGE('',*,*,#447,.F.);
#253=ORIENTED_EDGE('',*,*,#494,.T.);
#254=ORIENTED_EDGE('',*,*,#446,.F.);
#255=ORIENTED_EDGE('',*,*,#495,.T.);
#256=ORIENTED_EDGE('',*,*,#445,.F.);
#257=ORIENTED_EDGE('',*,*,#496,.T.);
#258=ORIENTED_EDGE('',*,*,#444,.F.);
#259=ORIENTED_EDGE('',*,*,#497,.T.);
#260=ORIENTED_EDGE('',*,*,#498,.F.);
#261=ORIENTED_EDGE('',*,*,#499,.F.);
#262=ORIENTED_EDGE('',*,*,#453,.T.);
#263=ORIENTED_EDGE('',*,*,#482,.T.);
#264=ORIENTED_EDGE('',*,*,#500,.F.);
#265=ORIENTED_EDGE('',*,*,#501,.F.);
#266=ORIENTED_EDGE('',*,*,#502,.F.);
#267=ORIENTED_EDGE('',*,*,#503,.F.);
#268=ORIENTED_EDGE('',*,*,#476,.F.);
#269=ORIENTED_EDGE('',*,*,#473,.F.);
#270=ORIENTED_EDGE('',*,*,#471,.T.);
#271=ORIENTED_EDGE('',*,*,#468,.T.);
#272=ORIENTED_EDGE('',*,*,#463,.F.);
#273=ORIENTED_EDGE('',*,*,#494,.F.);
#274=ORIENTED_EDGE('',*,*,#493,.F.);
#275=ORIENTED_EDGE('',*,*,#492,.F.);
#276=ORIENTED_EDGE('',*,*,#504,.F.);
#277=ORIENTED_EDGE('',*,*,#498,.T.);
#278=ORIENTED_EDGE('',*,*,#481,.T.);
#279=ORIENTED_EDGE('',*,*,#487,.F.);
#280=ORIENTED_EDGE('',*,*,#485,.F.);
#281=ORIENTED_EDGE('',*,*,#454,.F.);
#282=ORIENTED_EDGE('',*,*,#499,.T.);
#283=ORIENTED_EDGE('',*,*,#504,.T.);
#284=ORIENTED_EDGE('',*,*,#486,.F.);
#285=ORIENTED_EDGE('',*,*,#484,.F.);
#286=ORIENTED_EDGE('',*,*,#505,.T.);
#287=ORIENTED_EDGE('',*,*,#455,.T.);
#288=ORIENTED_EDGE('',*,*,#470,.F.);
#289=ORIENTED_EDGE('',*,*,#472,.T.);
#290=ORIENTED_EDGE('',*,*,#475,.T.);
#291=ORIENTED_EDGE('',*,*,#466,.F.);
#292=ORIENTED_EDGE('',*,*,#506,.T.);
#293=ORIENTED_EDGE('',*,*,#507,.F.);
#294=ORIENTED_EDGE('',*,*,#456,.F.);
#295=ORIENTED_EDGE('',*,*,#505,.F.);
#296=ORIENTED_EDGE('',*,*,#483,.T.);
#297=ORIENTED_EDGE('',*,*,#478,.F.);
#298=ORIENTED_EDGE('',*,*,#464,.T.);
#299=ORIENTED_EDGE('',*,*,#459,.T.);
#300=ORIENTED_EDGE('',*,*,#506,.F.);
#301=ORIENTED_EDGE('',*,*,#477,.F.);
#302=ORIENTED_EDGE('',*,*,#451,.F.);
#303=ORIENTED_EDGE('',*,*,#508,.F.);
#304=ORIENTED_EDGE('',*,*,#507,.T.);
#305=ORIENTED_EDGE('',*,*,#508,.T.);
#306=ORIENTED_EDGE('',*,*,#509,.F.);
#307=ORIENTED_EDGE('',*,*,#510,.F.);
#308=ORIENTED_EDGE('',*,*,#511,.F.);
#309=ORIENTED_EDGE('',*,*,#433,.F.);
#310=ORIENTED_EDGE('',*,*,#512,.F.);
#311=ORIENTED_EDGE('',*,*,#513,.F.);
#312=ORIENTED_EDGE('',*,*,#514,.T.);
#313=ORIENTED_EDGE('',*,*,#443,.T.);
#314=ORIENTED_EDGE('',*,*,#458,.T.);
#315=ORIENTED_EDGE('',*,*,#515,.F.);
#316=ORIENTED_EDGE('',*,*,#516,.T.);
#317=ORIENTED_EDGE('',*,*,#457,.T.);
#318=ORIENTED_EDGE('',*,*,#511,.T.);
#319=ORIENTED_EDGE('',*,*,#517,.F.);
#320=ORIENTED_EDGE('',*,*,#518,.F.);
#321=ORIENTED_EDGE('',*,*,#515,.T.);
#322=ORIENTED_EDGE('',*,*,#510,.T.);
#323=ORIENTED_EDGE('',*,*,#519,.F.);
#324=ORIENTED_EDGE('',*,*,#520,.F.);
#325=ORIENTED_EDGE('',*,*,#517,.T.);
#326=ORIENTED_EDGE('',*,*,#436,.F.);
#327=ORIENTED_EDGE('',*,*,#521,.F.);
#328=ORIENTED_EDGE('',*,*,#519,.T.);
#329=ORIENTED_EDGE('',*,*,#509,.T.);
#330=ORIENTED_EDGE('',*,*,#450,.T.);
#331=ORIENTED_EDGE('',*,*,#438,.F.);
#332=ORIENTED_EDGE('',*,*,#522,.T.);
#333=ORIENTED_EDGE('',*,*,#523,.T.);
#334=ORIENTED_EDGE('',*,*,#524,.F.);
#335=ORIENTED_EDGE('',*,*,#522,.F.);
#336=ORIENTED_EDGE('',*,*,#437,.T.);
#337=ORIENTED_EDGE('',*,*,#441,.T.);
#338=ORIENTED_EDGE('',*,*,#514,.F.);
#339=ORIENTED_EDGE('',*,*,#525,.F.);
#340=ORIENTED_EDGE('',*,*,#526,.F.);
#341=ORIENTED_EDGE('',*,*,#527,.T.);
#342=ORIENTED_EDGE('',*,*,#528,.F.);
#343=ORIENTED_EDGE('',*,*,#523,.F.);
#344=ORIENTED_EDGE('',*,*,#526,.T.);
#345=ORIENTED_EDGE('',*,*,#513,.T.);
#346=ORIENTED_EDGE('',*,*,#529,.F.);
#347=ORIENTED_EDGE('',*,*,#527,.F.);
#348=ORIENTED_EDGE('',*,*,#525,.T.);
#349=ORIENTED_EDGE('',*,*,#521,.T.);
#350=ORIENTED_EDGE('',*,*,#435,.T.);
#351=ORIENTED_EDGE('',*,*,#530,.F.);
#352=ORIENTED_EDGE('',*,*,#520,.T.);
#353=ORIENTED_EDGE('',*,*,#530,.T.);
#354=ORIENTED_EDGE('',*,*,#434,.T.);
#355=ORIENTED_EDGE('',*,*,#516,.F.);
#356=ORIENTED_EDGE('',*,*,#518,.T.);
#357=ORIENTED_EDGE('',*,*,#512,.T.);
#358=ORIENTED_EDGE('',*,*,#432,.T.);
#359=ORIENTED_EDGE('',*,*,#524,.T.);
#360=ORIENTED_EDGE('',*,*,#528,.T.);
#361=ORIENTED_EDGE('',*,*,#529,.T.);
#362=ORIENTED_EDGE('',*,*,#531,.F.);
#363=ORIENTED_EDGE('',*,*,#503,.T.);
#364=ORIENTED_EDGE('',*,*,#495,.F.);
#365=ORIENTED_EDGE('',*,*,#531,.T.);
#366=ORIENTED_EDGE('',*,*,#532,.F.);
#367=ORIENTED_EDGE('',*,*,#502,.T.);
#368=ORIENTED_EDGE('',*,*,#496,.F.);
#369=ORIENTED_EDGE('',*,*,#532,.T.);
#370=ORIENTED_EDGE('',*,*,#533,.F.);
#371=ORIENTED_EDGE('',*,*,#501,.T.);
#372=ORIENTED_EDGE('',*,*,#497,.F.);
#373=ORIENTED_EDGE('',*,*,#533,.T.);
#374=ORIENTED_EDGE('',*,*,#534,.F.);
#375=ORIENTED_EDGE('',*,*,#500,.T.);
#376=ORIENTED_EDGE('',*,*,#460,.F.);
#377=ORIENTED_EDGE('',*,*,#534,.T.);
#378=EDGE_CURVE('',#535,#536,#647,.T.);
#379=EDGE_CURVE('',#535,#537,#648,.T.);
#380=EDGE_CURVE('',#537,#538,#649,.T.);
#381=EDGE_CURVE('',#536,#538,#650,.T.);
#382=EDGE_CURVE('',#539,#540,#651,.T.);
#383=EDGE_CURVE('',#540,#541,#652,.T.);
#384=EDGE_CURVE('',#541,#542,#653,.T.);
#385=EDGE_CURVE('',#542,#543,#654,.T.);
#386=EDGE_CURVE('',#543,#544,#655,.T.);
#387=EDGE_CURVE('',#544,#539,#656,.T.);
#388=EDGE_CURVE('',#536,#545,#657,.T.);
#389=EDGE_CURVE('',#538,#546,#658,.T.);
#390=EDGE_CURVE('',#545,#546,#659,.T.);
#391=EDGE_CURVE('',#545,#547,#660,.T.);
#392=EDGE_CURVE('',#546,#548,#661,.T.);
#393=EDGE_CURVE('',#547,#548,#662,.T.);
#394=EDGE_CURVE('',#547,#549,#663,.T.);
#395=EDGE_CURVE('',#548,#550,#664,.T.);
#396=EDGE_CURVE('',#549,#550,#665,.T.);
#397=EDGE_CURVE('',#551,#552,#666,.T.);
#398=EDGE_CURVE('',#552,#553,#667,.T.);
#399=EDGE_CURVE('',#553,#554,#668,.T.);
#400=EDGE_CURVE('',#554,#555,#669,.T.);
#401=EDGE_CURVE('',#555,#556,#670,.T.);
#402=EDGE_CURVE('',#556,#551,#671,.T.);
#403=EDGE_CURVE('',#549,#557,#672,.T.);
#404=EDGE_CURVE('',#550,#558,#673,.T.);
#405=EDGE_CURVE('',#557,#558,#674,.T.);
#406=EDGE_CURVE('',#557,#535,#675,.T.);
#407=EDGE_CURVE('',#558,#537,#676,.T.);
#408=EDGE_CURVE('',#553,#540,#677,.T.);
#409=EDGE_CURVE('',#552,#541,#678,.T.);
#410=EDGE_CURVE('',#554,#539,#679,.T.);
#411=EDGE_CURVE('',#555,#544,#680,.T.);
#412=EDGE_CURVE('',#556,#543,#681,.T.);
#413=EDGE_CURVE('',#551,#542,#682,.T.);
#414=EDGE_CURVE('',#559,#560,#683,.T.);
#415=EDGE_CURVE('',#561,#559,#684,.T.);
#416=EDGE_CURVE('',#562,#561,#685,.T.);
#417=EDGE_CURVE('',#563,#562,#686,.T.);
#418=EDGE_CURVE('',#564,#563,#687,.T.);
#419=EDGE_CURVE('',#560,#564,#688,.T.);
#420=EDGE_CURVE('',#565,#560,#689,.T.);
#421=EDGE_CURVE('',#566,#565,#690,.T.);
#422=EDGE_CURVE('',#566,#559,#691,.T.);
#423=EDGE_CURVE('',#567,#564,#692,.T.);
#424=EDGE_CURVE('',#565,#567,#693,.T.);
#425=EDGE_CURVE('',#568,#563,#694,.T.);
#426=EDGE_CURVE('',#567,#568,#695,.T.);
#427=EDGE_CURVE('',#569,#562,#696,.T.);
#428=EDGE_CURVE('',#568,#569,#697,.T.);
#429=EDGE_CURVE('',#570,#561,#698,.T.);
#430=EDGE_CURVE('',#569,#570,#699,.T.);
#431=EDGE_CURVE('',#570,#566,#700,.T.);
#432=EDGE_CURVE('',#571,#572,#701,.T.);
#433=EDGE_CURVE('',#571,#573,#702,.T.);
#434=EDGE_CURVE('',#574,#573,#56,.T.);
#435=EDGE_CURVE('',#575,#574,#57,.T.);
#436=EDGE_CURVE('',#575,#572,#703,.T.);
#437=EDGE_CURVE('',#576,#577,#704,.T.);
#438=EDGE_CURVE('',#576,#578,#705,.T.);
#439=EDGE_CURVE('',#578,#579,#706,.T.);
#440=EDGE_CURVE('',#577,#579,#707,.T.);
#441=EDGE_CURVE('',#577,#580,#708,.T.);
#442=EDGE_CURVE('',#579,#581,#709,.T.);
#443=EDGE_CURVE('',#580,#581,#710,.T.);
#444=EDGE_CURVE('',#582,#582,#34,.T.);
#445=EDGE_CURVE('',#583,#583,#35,.T.);
#446=EDGE_CURVE('',#584,#584,#36,.T.);
#447=EDGE_CURVE('',#585,#585,#37,.T.);
#448=EDGE_CURVE('',#586,#586,#38,.T.);
#449=EDGE_CURVE('',#587,#587,#39,.T.);
#450=EDGE_CURVE('',#588,#578,#711,.T.);
#451=EDGE_CURVE('',#588,#589,#712,.T.);
#452=EDGE_CURVE('',#590,#589,#713,.T.);
#453=EDGE_CURVE('',#591,#590,#714,.T.);
#454=EDGE_CURVE('',#591,#592,#715,.T.);
#455=EDGE_CURVE('',#593,#592,#716,.T.);
#456=EDGE_CURVE('',#593,#594,#717,.T.);
#457=EDGE_CURVE('',#595,#594,#718,.T.);
#458=EDGE_CURVE('',#581,#595,#719,.T.);
#459=EDGE_CURVE('',#596,#596,#16,.F.);
#460=EDGE_CURVE('',#597,#597,#40,.T.);
#461=EDGE_CURVE('',#598,#599,#17,.F.);
#462=EDGE_CURVE('',#598,#599,#18,.F.);
#463=EDGE_CURVE('',#600,#600,#41,.T.);
#464=EDGE_CURVE('',#601,#601,#19,.F.);
#465=EDGE_CURVE('',#602,#603,#720,.T.);
#466=EDGE_CURVE('',#603,#604,#721,.T.);
#467=EDGE_CURVE('',#605,#604,#722,.T.);
#468=EDGE_CURVE('',#602,#605,#723,.T.);
#469=EDGE_CURVE('',#606,#607,#724,.T.);
#470=EDGE_CURVE('',#607,#603,#725,.T.);
#471=EDGE_CURVE('',#606,#602,#726,.T.);
#472=EDGE_CURVE('',#607,#608,#727,.T.);
#473=EDGE_CURVE('',#606,#609,#728,.T.);
#474=EDGE_CURVE('',#609,#608,#729,.T.);
#475=EDGE_CURVE('',#608,#604,#730,.T.);
#476=EDGE_CURVE('',#609,#605,#731,.T.);
#477=EDGE_CURVE('',#589,#610,#732,.T.);
#478=EDGE_CURVE('',#610,#611,#733,.T.);
#479=EDGE_CURVE('',#611,#612,#734,.T.);
#480=EDGE_CURVE('',#612,#613,#735,.T.);
#481=EDGE_CURVE('',#614,#613,#736,.T.);
#482=EDGE_CURVE('',#590,#614,#737,.T.);
#483=EDGE_CURVE('',#615,#611,#738,.T.);
#484=EDGE_CURVE('',#615,#592,#739,.T.);
#485=EDGE_CURVE('',#592,#616,#740,.T.);
#486=EDGE_CURVE('',#616,#617,#741,.T.);
#487=EDGE_CURVE('',#617,#613,#742,.T.);
#488=EDGE_CURVE('',#618,#619,#20,.F.);
#489=EDGE_CURVE('',#619,#618,#743,.T.);
#490=EDGE_CURVE('',#618,#619,#21,.F.);
#491=EDGE_CURVE('',#599,#598,#744,.T.);
#492=EDGE_CURVE('',#620,#620,#42,.T.);
#493=EDGE_CURVE('',#621,#621,#43,.T.);
#494=EDGE_CURVE('',#622,#622,#44,.T.);
#495=EDGE_CURVE('',#623,#623,#45,.T.);
#496=EDGE_CURVE('',#624,#624,#46,.T.);
#497=EDGE_CURVE('',#625,#625,#47,.T.);
#498=EDGE_CURVE('',#626,#614,#745,.T.);
#499=EDGE_CURVE('',#591,#626,#746,.T.);
#500=EDGE_CURVE('',#627,#627,#48,.T.);
#501=EDGE_CURVE('',#628,#628,#49,.T.);
#502=EDGE_CURVE('',#629,#629,#50,.T.);
#503=EDGE_CURVE('',#630,#630,#51,.T.);
#504=EDGE_CURVE('',#626,#617,#747,.T.);
#505=EDGE_CURVE('',#615,#593,#748,.T.);
#506=EDGE_CURVE('',#610,#631,#749,.T.);
#507=EDGE_CURVE('',#594,#631,#750,.T.);
#508=EDGE_CURVE('',#631,#588,#751,.T.);
#509=EDGE_CURVE('',#632,#588,#752,.T.);
#510=EDGE_CURVE('',#633,#632,#753,.T.);
#511=EDGE_CURVE('',#594,#633,#754,.T.);
#512=EDGE_CURVE('',#634,#571,#755,.T.);
#513=EDGE_CURVE('',#635,#634,#58,.T.);
#514=EDGE_CURVE('',#635,#580,#756,.T.);
#515=EDGE_CURVE('',#636,#595,#757,.T.);
#516=EDGE_CURVE('',#636,#573,#59,.T.);
#517=EDGE_CURVE('',#637,#633,#758,.T.);
#518=EDGE_CURVE('',#636,#637,#759,.T.);
#519=EDGE_CURVE('',#638,#632,#760,.T.);
#520=EDGE_CURVE('',#637,#638,#761,.T.);
#521=EDGE_CURVE('',#638,#575,#60,.T.);
#522=EDGE_CURVE('',#576,#639,#762,.T.);
#523=EDGE_CURVE('',#639,#640,#61,.T.);
#524=EDGE_CURVE('',#572,#640,#763,.T.);
#525=EDGE_CURVE('',#641,#635,#764,.T.);
#526=EDGE_CURVE('',#639,#641,#765,.T.);
#527=EDGE_CURVE('',#641,#642,#62,.T.);
#528=EDGE_CURVE('',#640,#642,#766,.T.);
#529=EDGE_CURVE('',#642,#634,#767,.T.);
#530=EDGE_CURVE('',#637,#574,#63,.T.);
#531=EDGE_CURVE('',#643,#643,#52,.T.);
#532=EDGE_CURVE('',#644,#644,#53,.T.);
#533=EDGE_CURVE('',#645,#645,#54,.T.);
#534=EDGE_CURVE('',#646,#646,#55,.T.);
#535=VERTEX_POINT('',#1633);
#536=VERTEX_POINT('',#1634);
#537=VERTEX_POINT('',#1636);
#538=VERTEX_POINT('',#1638);
#539=VERTEX_POINT('',#1642);
#540=VERTEX_POINT('',#1643);
#541=VERTEX_POINT('',#1645);
#542=VERTEX_POINT('',#1647);
#543=VERTEX_POINT('',#1649);
#544=VERTEX_POINT('',#1651);
#545=VERTEX_POINT('',#1654);
#546=VERTEX_POINT('',#1656);
#547=VERTEX_POINT('',#1660);
#548=VERTEX_POINT('',#1662);
#549=VERTEX_POINT('',#1666);
#550=VERTEX_POINT('',#1668);
#551=VERTEX_POINT('',#1672);
#552=VERTEX_POINT('',#1673);
#553=VERTEX_POINT('',#1675);
#554=VERTEX_POINT('',#1677);
#555=VERTEX_POINT('',#1679);
#556=VERTEX_POINT('',#1681);
#557=VERTEX_POINT('',#1684);
#558=VERTEX_POINT('',#1686);
#559=VERTEX_POINT('',#1706);
#560=VERTEX_POINT('',#1707);
#561=VERTEX_POINT('',#1709);
#562=VERTEX_POINT('',#1711);
#563=VERTEX_POINT('',#1713);
#564=VERTEX_POINT('',#1715);
#565=VERTEX_POINT('',#1719);
#566=VERTEX_POINT('',#1721);
#567=VERTEX_POINT('',#1725);
#568=VERTEX_POINT('',#1729);
#569=VERTEX_POINT('',#1733);
#570=VERTEX_POINT('',#1737);
#571=VERTEX_POINT('',#1743);
#572=VERTEX_POINT('',#1744);
#573=VERTEX_POINT('',#1746);
#574=VERTEX_POINT('',#1751);
#575=VERTEX_POINT('',#1756);
#576=VERTEX_POINT('',#1760);
#577=VERTEX_POINT('',#1761);
#578=VERTEX_POINT('',#1763);
#579=VERTEX_POINT('',#1765);
#580=VERTEX_POINT('',#1769);
#581=VERTEX_POINT('',#1771);
#582=VERTEX_POINT('',#1775);
#583=VERTEX_POINT('',#1777);
#584=VERTEX_POINT('',#1779);
#585=VERTEX_POINT('',#1781);
#586=VERTEX_POINT('',#1783);
#587=VERTEX_POINT('',#1785);
#588=VERTEX_POINT('',#1787);
#589=VERTEX_POINT('',#1789);
#590=VERTEX_POINT('',#1791);
#591=VERTEX_POINT('',#1793);
#592=VERTEX_POINT('',#1795);
#593=VERTEX_POINT('',#1797);
#594=VERTEX_POINT('',#1799);
#595=VERTEX_POINT('',#1801);
#596=VERTEX_POINT('',#1805);
#597=VERTEX_POINT('',#1807);
#598=VERTEX_POINT('',#1810);
#599=VERTEX_POINT('',#1811);
#600=VERTEX_POINT('',#1814);
#601=VERTEX_POINT('',#1816);
#602=VERTEX_POINT('',#1819);
#603=VERTEX_POINT('',#1820);
#604=VERTEX_POINT('',#1822);
#605=VERTEX_POINT('',#1824);
#606=VERTEX_POINT('',#1828);
#607=VERTEX_POINT('',#1829);
#608=VERTEX_POINT('',#1834);
#609=VERTEX_POINT('',#1836);
#610=VERTEX_POINT('',#1843);
#611=VERTEX_POINT('',#1845);
#612=VERTEX_POINT('',#1847);
#613=VERTEX_POINT('',#1849);
#614=VERTEX_POINT('',#1851);
#615=VERTEX_POINT('',#1855);
#616=VERTEX_POINT('',#1858);
#617=VERTEX_POINT('',#1860);
#618=VERTEX_POINT('',#1864);
#619=VERTEX_POINT('',#1865);
#620=VERTEX_POINT('',#1874);
#621=VERTEX_POINT('',#1877);
#622=VERTEX_POINT('',#1880);
#623=VERTEX_POINT('',#1883);
#624=VERTEX_POINT('',#1886);
#625=VERTEX_POINT('',#1889);
#626=VERTEX_POINT('',#1892);
#627=VERTEX_POINT('',#1896);
#628=VERTEX_POINT('',#1898);
#629=VERTEX_POINT('',#1900);
#630=VERTEX_POINT('',#1902);
#631=VERTEX_POINT('',#1909);
#632=VERTEX_POINT('',#1915);
#633=VERTEX_POINT('',#1917);
#634=VERTEX_POINT('',#1921);
#635=VERTEX_POINT('',#1954);
#636=VERTEX_POINT('',#1957);
#637=VERTEX_POINT('',#1992);
#638=VERTEX_POINT('',#1996);
#639=VERTEX_POINT('',#2032);
#640=VERTEX_POINT('',#2065);
#641=VERTEX_POINT('',#2069);
#642=VERTEX_POINT('',#2167);
#643=VERTEX_POINT('',#2425);
#644=VERTEX_POINT('',#2429);
#645=VERTEX_POINT('',#2433);
#646=VERTEX_POINT('',#2437);
#647=LINE('',#1632,#768);
#648=LINE('',#1635,#769);
#649=LINE('',#1637,#770);
#650=LINE('',#1639,#771);
#651=LINE('',#1641,#772);
#652=LINE('',#1644,#773);
#653=LINE('',#1646,#774);
#654=LINE('',#1648,#775);
#655=LINE('',#1650,#776);
#656=LINE('',#1652,#777);
#657=LINE('',#1653,#778);
#658=LINE('',#1655,#779);
#659=LINE('',#1657,#780);
#660=LINE('',#1659,#781);
#661=LINE('',#1661,#782);
#662=LINE('',#1663,#783);
#663=LINE('',#1665,#784);
#664=LINE('',#1667,#785);
#665=LINE('',#1669,#786);
#666=LINE('',#1671,#787);
#667=LINE('',#1674,#788);
#668=LINE('',#1676,#789);
#669=LINE('',#1678,#790);
#670=LINE('',#1680,#791);
#671=LINE('',#1682,#792);
#672=LINE('',#1683,#793);
#673=LINE('',#1685,#794);
#674=LINE('',#1687,#795);
#675=LINE('',#1689,#796);
#676=LINE('',#1690,#797);
#677=LINE('',#1693,#798);
#678=LINE('',#1694,#799);
#679=LINE('',#1696,#800);
#680=LINE('',#1698,#801);
#681=LINE('',#1700,#802);
#682=LINE('',#1702,#803);
#683=LINE('',#1705,#804);
#684=LINE('',#1708,#805);
#685=LINE('',#1710,#806);
#686=LINE('',#1712,#807);
#687=LINE('',#1714,#808);
#688=LINE('',#1716,#809);
#689=LINE('',#1718,#810);
#690=LINE('',#1720,#811);
#691=LINE('',#1722,#812);
#692=LINE('',#1724,#813);
#693=LINE('',#1726,#814);
#694=LINE('',#1728,#815);
#695=LINE('',#1730,#816);
#696=LINE('',#1732,#817);
#697=LINE('',#1734,#818);
#698=LINE('',#1736,#819);
#699=LINE('',#1738,#820);
#700=LINE('',#1740,#821);
#701=LINE('',#1742,#822);
#702=LINE('',#1745,#823);
#703=LINE('',#1757,#824);
#704=LINE('',#1759,#825);
#705=LINE('',#1762,#826);
#706=LINE('',#1764,#827);
#707=LINE('',#1766,#828);
#708=LINE('',#1768,#829);
#709=LINE('',#1770,#830);
#710=LINE('',#1772,#831);
#711=LINE('',#1786,#832);
#712=LINE('',#1788,#833);
#713=LINE('',#1790,#834);
#714=LINE('',#1792,#835);
#715=LINE('',#1794,#836);
#716=LINE('',#1796,#837);
#717=LINE('',#1798,#838);
#718=LINE('',#1800,#839);
#719=LINE('',#1802,#840);
#720=LINE('',#1818,#841);
#721=LINE('',#1821,#842);
#722=LINE('',#1823,#843);
#723=LINE('',#1825,#844);
#724=LINE('',#1827,#845);
#725=LINE('',#1830,#846);
#726=LINE('',#1831,#847);
#727=LINE('',#1833,#848);
#728=LINE('',#1835,#849);
#729=LINE('',#1837,#850);
#730=LINE('',#1839,#851);
#731=LINE('',#1840,#852);
#732=LINE('',#1842,#853);
#733=LINE('',#1844,#854);
#734=LINE('',#1846,#855);
#735=LINE('',#1848,#856);
#736=LINE('',#1850,#857);
#737=LINE('',#1852,#858);
#738=LINE('',#1854,#859);
#739=LINE('',#1856,#860);
#740=LINE('',#1857,#861);
#741=LINE('',#1859,#862);
#742=LINE('',#1861,#863);
#743=LINE('',#1866,#864);
#744=LINE('',#1870,#865);
#745=LINE('',#1891,#866);
#746=LINE('',#1893,#867);
#747=LINE('',#1903,#868);
#748=LINE('',#1906,#869);
#749=LINE('',#1908,#870);
#750=LINE('',#1910,#871);
#751=LINE('',#1912,#872);
#752=LINE('',#1914,#873);
#753=LINE('',#1916,#874);
#754=LINE('',#1918,#875);
#755=LINE('',#1920,#876);
#756=LINE('',#1955,#877);
#757=LINE('',#1956,#878);
#758=LINE('',#1991,#879);
#759=LINE('',#1993,#880);
#760=LINE('',#1995,#881);
#761=LINE('',#1997,#882);
#762=LINE('',#2031,#883);
#763=LINE('',#2066,#884);
#764=LINE('',#2068,#885);
#765=LINE('',#2070,#886);
#766=LINE('',#2168,#887);
#767=LINE('',#2233,#888);
#768=VECTOR('',#1329,1.);
#769=VECTOR('',#1330,1.);
#770=VECTOR('',#1331,1.);
#771=VECTOR('',#1332,1.);
#772=VECTOR('',#1335,1.);
#773=VECTOR('',#1336,1.);
#774=VECTOR('',#1337,1.);
#775=VECTOR('',#1338,1.);
#776=VECTOR('',#1339,1.);
#777=VECTOR('',#1340,1.);
#778=VECTOR('',#1341,1.);
#779=VECTOR('',#1342,1.);
#780=VECTOR('',#1343,1.);
#781=VECTOR('',#1346,1.);
#782=VECTOR('',#1347,1.);
#783=VECTOR('',#1348,1.);
#784=VECTOR('',#1351,1.);
#785=VECTOR('',#1352,1.);
#786=VECTOR('',#1353,1.);
#787=VECTOR('',#1356,1.);
#788=VECTOR('',#1357,1.);
#789=VECTOR('',#1358,1.);
#790=VECTOR('',#1359,1.);
#791=VECTOR('',#1360,1.);
#792=VECTOR('',#1361,1.);
#793=VECTOR('',#1362,1.);
#794=VECTOR('',#1363,1.);
#795=VECTOR('',#1364,1.);
#796=VECTOR('',#1367,1.);
#797=VECTOR('',#1368,1.);
#798=VECTOR('',#1373,1.);
#799=VECTOR('',#1374,1.);
#800=VECTOR('',#1377,1.);
#801=VECTOR('',#1380,1.);
#802=VECTOR('',#1383,1.);
#803=VECTOR('',#1386,1.);
#804=VECTOR('',#1391,1.);
#805=VECTOR('',#1392,1.);
#806=VECTOR('',#1393,1.);
#807=VECTOR('',#1394,1.);
#808=VECTOR('',#1395,1.);
#809=VECTOR('',#1396,1.);
#810=VECTOR('',#1399,1.);
#811=VECTOR('',#1400,1.);
#812=VECTOR('',#1401,1.);
#813=VECTOR('',#1404,1.);
#814=VECTOR('',#1405,1.);
#815=VECTOR('',#1408,1.);
#816=VECTOR('',#1409,1.);
#817=VECTOR('',#1412,1.);
#818=VECTOR('',#1413,1.);
#819=VECTOR('',#1416,1.);
#820=VECTOR('',#1417,1.);
#821=VECTOR('',#1420,1.);
#822=VECTOR('',#1423,1.);
#823=VECTOR('',#1424,1.);
#824=VECTOR('',#1425,1.);
#825=VECTOR('',#1428,1.);
#826=VECTOR('',#1429,1.);
#827=VECTOR('',#1430,1.);
#828=VECTOR('',#1431,1.);
#829=VECTOR('',#1434,1.);
#830=VECTOR('',#1435,1.);
#831=VECTOR('',#1436,1.);
#832=VECTOR('',#1451,1.);
#833=VECTOR('',#1452,1.);
#834=VECTOR('',#1453,1.);
#835=VECTOR('',#1454,1.);
#836=VECTOR('',#1455,1.);
#837=VECTOR('',#1456,1.);
#838=VECTOR('',#1457,1.);
#839=VECTOR('',#1458,1.);
#840=VECTOR('',#1459,1.);
#841=VECTOR('',#1478,1.);
#842=VECTOR('',#1479,1.);
#843=VECTOR('',#1480,1.);
#844=VECTOR('',#1481,1.);
#845=VECTOR('',#1484,1.);
#846=VECTOR('',#1485,1.);
#847=VECTOR('',#1486,1.);
#848=VECTOR('',#1489,1.);
#849=VECTOR('',#1490,1.);
#850=VECTOR('',#1491,1.);
#851=VECTOR('',#1494,1.);
#852=VECTOR('',#1495,1.);
#853=VECTOR('',#1498,1.);
#854=VECTOR('',#1499,1.);
#855=VECTOR('',#1500,1.);
#856=VECTOR('',#1501,1.);
#857=VECTOR('',#1502,1.);
#858=VECTOR('',#1503,1.);
#859=VECTOR('',#1506,1.);
#860=VECTOR('',#1507,1.);
#861=VECTOR('',#1508,1.);
#862=VECTOR('',#1509,1.);
#863=VECTOR('',#1510,1.);
#864=VECTOR('',#1515,1.);
#865=VECTOR('',#1522,1.);
#866=VECTOR('',#1551,1.);
#867=VECTOR('',#1552,1.);
#868=VECTOR('',#1563,1.);
#869=VECTOR('',#1568,1.);
#870=VECTOR('',#1571,1.);
#871=VECTOR('',#1572,1.);
#872=VECTOR('',#1575,1.);
#873=VECTOR('',#1578,1.);
#874=VECTOR('',#1579,1.);
#875=VECTOR('',#1580,1.);
#876=VECTOR('',#1583,1.);
#877=VECTOR('',#1584,1.);
#878=VECTOR('',#1585,1.);
#879=VECTOR('',#1588,1.);
#880=VECTOR('',#1589,1.);
#881=VECTOR('',#1592,1.);
#882=VECTOR('',#1593,1.);
#883=VECTOR('',#1596,1.);
#884=VECTOR('',#1597,1.);
#885=VECTOR('',#1600,1.);
#886=VECTOR('',#1601,1.);
#887=VECTOR('',#1602,1.);
#888=VECTOR('',#1603,1.);
#889=EDGE_LOOP('',(#64,#65,#66,#67));
#890=EDGE_LOOP('',(#68,#69,#70,#71,#72,#73));
#891=EDGE_LOOP('',(#74,#75,#76,#77));
#892=EDGE_LOOP('',(#78,#79,#80,#81));
#893=EDGE_LOOP('',(#82,#83,#84,#85));
#894=EDGE_LOOP('',(#86,#87,#88,#89,#90,#91));
#895=EDGE_LOOP('',(#92,#93,#94,#95));
#896=EDGE_LOOP('',(#96,#97,#98,#99));
#897=EDGE_LOOP('',(#100,#101,#102,#103,#104,#105));
#898=EDGE_LOOP('',(#106,#107,#108,#109));
#899=EDGE_LOOP('',(#110,#111,#112,#113));
#900=EDGE_LOOP('',(#114,#115,#116,#117));
#901=EDGE_LOOP('',(#118,#119,#120,#121));
#902=EDGE_LOOP('',(#122,#123,#124,#125));
#903=EDGE_LOOP('',(#126,#127,#128,#129));
#904=EDGE_LOOP('',(#130,#131,#132,#133,#134,#135));
#905=EDGE_LOOP('',(#136,#137,#138,#139,#140,#141));
#906=EDGE_LOOP('',(#142,#143,#144,#145));
#907=EDGE_LOOP('',(#146,#147,#148,#149));
#908=EDGE_LOOP('',(#150,#151,#152,#153));
#909=EDGE_LOOP('',(#154,#155,#156,#157));
#910=EDGE_LOOP('',(#158,#159,#160,#161));
#911=EDGE_LOOP('',(#162,#163,#164,#165));
#912=EDGE_LOOP('',(#166,#167,#168,#169,#170));
#913=EDGE_LOOP('',(#171,#172,#173,#174,#175,#176));
#914=EDGE_LOOP('',(#177,#178,#179,#180));
#915=EDGE_LOOP('',(#181,#182,#183,#184));
#916=EDGE_LOOP('',(#185));
#917=EDGE_LOOP('',(#186));
#918=EDGE_LOOP('',(#187));
#919=EDGE_LOOP('',(#188));
#920=EDGE_LOOP('',(#189));
#921=EDGE_LOOP('',(#190));
#922=EDGE_LOOP('',(#191,#192,#193,#194,#195,#196,#197,#198,#199,#200,#201));
#923=EDGE_LOOP('',(#202));
#924=EDGE_LOOP('',(#203));
#925=EDGE_LOOP('',(#204,#205));
#926=EDGE_LOOP('',(#206));
#927=EDGE_LOOP('',(#207));
#928=EDGE_LOOP('',(#208,#209,#210,#211));
#929=EDGE_LOOP('',(#212,#213,#214,#215));
#930=EDGE_LOOP('',(#216,#217,#218,#219));
#931=EDGE_LOOP('',(#220,#221,#222,#223));
#932=EDGE_LOOP('',(#224,#225,#226,#227,#228,#229,#230));
#933=EDGE_LOOP('',(#231,#232,#233,#234,#235,#236,#237));
#934=EDGE_LOOP('',(#238,#239));
#935=EDGE_LOOP('',(#240,#241));
#936=EDGE_LOOP('',(#242,#243));
#937=EDGE_LOOP('',(#244,#245));
#938=EDGE_LOOP('',(#246));
#939=EDGE_LOOP('',(#247));
#940=EDGE_LOOP('',(#248,#249));
#941=EDGE_LOOP('',(#250));
#942=EDGE_LOOP('',(#251));
#943=EDGE_LOOP('',(#252));
#944=EDGE_LOOP('',(#253));
#945=EDGE_LOOP('',(#254));
#946=EDGE_LOOP('',(#255));
#947=EDGE_LOOP('',(#256));
#948=EDGE_LOOP('',(#257));
#949=EDGE_LOOP('',(#258));
#950=EDGE_LOOP('',(#259));
#951=EDGE_LOOP('',(#260,#261,#262,#263));
#952=EDGE_LOOP('',(#264));
#953=EDGE_LOOP('',(#265));
#954=EDGE_LOOP('',(#266));
#955=EDGE_LOOP('',(#267));
#956=EDGE_LOOP('',(#268,#269,#270,#271));
#957=EDGE_LOOP('',(#272));
#958=EDGE_LOOP('',(#273));
#959=EDGE_LOOP('',(#274));
#960=EDGE_LOOP('',(#275));
#961=EDGE_LOOP('',(#276,#277,#278,#279));
#962=EDGE_LOOP('',(#280,#281,#282,#283,#284));
#963=EDGE_LOOP('',(#285,#286,#287));
#964=EDGE_LOOP('',(#288,#289,#290,#291));
#965=EDGE_LOOP('',(#292,#293,#294,#295,#296,#297));
#966=EDGE_LOOP('',(#298));
#967=EDGE_LOOP('',(#299));
#968=EDGE_LOOP('',(#300,#301,#302,#303));
#969=EDGE_LOOP('',(#304,#305,#306,#307,#308));
#970=EDGE_LOOP('',(#309,#310,#311,#312,#313,#314,#315,#316));
#971=EDGE_LOOP('',(#317,#318,#319,#320,#321));
#972=EDGE_LOOP('',(#322,#323,#324,#325));
#973=EDGE_LOOP('',(#326,#327,#328,#329,#330,#331,#332,#333,#334));
#974=EDGE_LOOP('',(#335,#336,#337,#338,#339,#340));
#975=EDGE_LOOP('',(#341,#342,#343,#344));
#976=EDGE_LOOP('',(#345,#346,#347,#348));
#977=EDGE_LOOP('',(#349,#350,#351,#352));
#978=EDGE_LOOP('',(#353,#354,#355,#356));
#979=EDGE_LOOP('',(#357,#358,#359,#360,#361));
#980=EDGE_LOOP('',(#362));
#981=EDGE_LOOP('',(#363));
#982=EDGE_LOOP('',(#364));
#983=EDGE_LOOP('',(#365));
#984=EDGE_LOOP('',(#366));
#985=EDGE_LOOP('',(#367));
#986=EDGE_LOOP('',(#368));
#987=EDGE_LOOP('',(#369));
#988=EDGE_LOOP('',(#370));
#989=EDGE_LOOP('',(#371));
#990=EDGE_LOOP('',(#372));
#991=EDGE_LOOP('',(#373));
#992=EDGE_LOOP('',(#374));
#993=EDGE_LOOP('',(#375));
#994=EDGE_LOOP('',(#376));
#995=EDGE_LOOP('',(#377));
#996=FACE_BOUND('',#889,.T.);
#997=FACE_BOUND('',#890,.T.);
#998=FACE_BOUND('',#891,.T.);
#999=FACE_BOUND('',#892,.T.);
#1000=FACE_BOUND('',#893,.T.);
#1001=FACE_BOUND('',#894,.T.);
#1002=FACE_BOUND('',#895,.T.);
#1003=FACE_BOUND('',#896,.T.);
#1004=FACE_BOUND('',#897,.T.);
#1005=FACE_BOUND('',#898,.T.);
#1006=FACE_BOUND('',#899,.T.);
#1007=FACE_BOUND('',#900,.T.);
#1008=FACE_BOUND('',#901,.T.);
#1009=FACE_BOUND('',#902,.T.);
#1010=FACE_BOUND('',#903,.T.);
#1011=FACE_BOUND('',#904,.T.);
#1012=FACE_BOUND('',#905,.T.);
#1013=FACE_BOUND('',#906,.T.);
#1014=FACE_BOUND('',#907,.T.);
#1015=FACE_BOUND('',#908,.T.);
#1016=FACE_BOUND('',#909,.T.);
#1017=FACE_BOUND('',#910,.T.);
#1018=FACE_BOUND('',#911,.T.);
#1019=FACE_BOUND('',#912,.T.);
#1020=FACE_BOUND('',#913,.T.);
#1021=FACE_BOUND('',#914,.T.);
#1022=FACE_BOUND('',#915,.T.);
#1023=FACE_BOUND('',#916,.T.);
#1024=FACE_BOUND('',#917,.T.);
#1025=FACE_BOUND('',#918,.T.);
#1026=FACE_BOUND('',#919,.T.);
#1027=FACE_BOUND('',#920,.T.);
#1028=FACE_BOUND('',#921,.T.);
#1029=FACE_BOUND('',#922,.T.);
#1030=FACE_BOUND('',#923,.T.);
#1031=FACE_BOUND('',#924,.T.);
#1032=FACE_BOUND('',#925,.T.);
#1033=FACE_BOUND('',#926,.T.);
#1034=FACE_BOUND('',#927,.T.);
#1035=FACE_BOUND('',#928,.T.);
#1036=FACE_BOUND('',#929,.T.);
#1037=FACE_BOUND('',#930,.T.);
#1038=FACE_BOUND('',#931,.T.);
#1039=FACE_BOUND('',#932,.T.);
#1040=FACE_BOUND('',#933,.T.);
#1041=FACE_BOUND('',#934,.T.);
#1042=FACE_BOUND('',#935,.T.);
#1043=FACE_BOUND('',#936,.T.);
#1044=FACE_BOUND('',#937,.T.);
#1045=FACE_BOUND('',#938,.T.);
#1046=FACE_BOUND('',#939,.T.);
#1047=FACE_BOUND('',#940,.T.);
#1048=FACE_BOUND('',#941,.T.);
#1049=FACE_BOUND('',#942,.T.);
#1050=FACE_BOUND('',#943,.T.);
#1051=FACE_BOUND('',#944,.T.);
#1052=FACE_BOUND('',#945,.T.);
#1053=FACE_BOUND('',#946,.T.);
#1054=FACE_BOUND('',#947,.T.);
#1055=FACE_BOUND('',#948,.T.);
#1056=FACE_BOUND('',#949,.T.);
#1057=FACE_BOUND('',#950,.T.);
#1058=FACE_BOUND('',#951,.T.);
#1059=FACE_BOUND('',#952,.T.);
#1060=FACE_BOUND('',#953,.T.);
#1061=FACE_BOUND('',#954,.T.);
#1062=FACE_BOUND('',#955,.T.);
#1063=FACE_BOUND('',#956,.T.);
#1064=FACE_BOUND('',#957,.T.);
#1065=FACE_BOUND('',#958,.T.);
#1066=FACE_BOUND('',#959,.T.);
#1067=FACE_BOUND('',#960,.T.);
#1068=FACE_BOUND('',#961,.T.);
#1069=FACE_BOUND('',#962,.T.);
#1070=FACE_BOUND('',#963,.T.);
#1071=FACE_BOUND('',#964,.T.);
#1072=FACE_BOUND('',#965,.T.);
#1073=FACE_BOUND('',#966,.T.);
#1074=FACE_BOUND('',#967,.T.);
#1075=FACE_BOUND('',#968,.T.);
#1076=FACE_BOUND('',#969,.T.);
#1077=FACE_BOUND('',#970,.T.);
#1078=FACE_BOUND('',#971,.T.);
#1079=FACE_BOUND('',#972,.T.);
#1080=FACE_BOUND('',#973,.T.);
#1081=FACE_BOUND('',#974,.T.);
#1082=FACE_BOUND('',#975,.T.);
#1083=FACE_BOUND('',#976,.T.);
#1084=FACE_BOUND('',#977,.T.);
#1085=FACE_BOUND('',#978,.T.);
#1086=FACE_BOUND('',#979,.T.);
#1087=FACE_BOUND('',#980,.T.);
#1088=FACE_BOUND('',#981,.T.);
#1089=FACE_BOUND('',#982,.T.);
#1090=FACE_BOUND('',#983,.T.);
#1091=FACE_BOUND('',#984,.T.);
#1092=FACE_BOUND('',#985,.T.);
#1093=FACE_BOUND('',#986,.T.);
#1094=FACE_BOUND('',#987,.T.);
#1095=FACE_BOUND('',#988,.T.);
#1096=FACE_BOUND('',#989,.T.);
#1097=FACE_BOUND('',#990,.T.);
#1098=FACE_BOUND('',#991,.T.);
#1099=FACE_BOUND('',#992,.T.);
#1100=FACE_BOUND('',#993,.T.);
#1101=FACE_BOUND('',#994,.T.);
#1102=FACE_BOUND('',#995,.T.);
#1103=PLANE('',#1234);
#1104=PLANE('',#1235);
#1105=PLANE('',#1236);
#1106=PLANE('',#1237);
#1107=PLANE('',#1238);
#1108=PLANE('',#1239);
#1109=PLANE('',#1240);
#1110=PLANE('',#1241);
#1111=PLANE('',#1242);
#1112=PLANE('',#1243);
#1113=PLANE('',#1244);
#1114=PLANE('',#1245);
#1115=PLANE('',#1246);
#1116=PLANE('',#1247);
#1117=PLANE('',#1248);
#1118=PLANE('',#1249);
#1119=PLANE('',#1250);
#1120=PLANE('',#1251);
#1121=PLANE('',#1252);
#1122=PLANE('',#1253);
#1123=PLANE('',#1254);
#1124=PLANE('',#1255);
#1125=PLANE('',#1256);
#1126=PLANE('',#1257);
#1127=PLANE('',#1272);
#1128=PLANE('',#1273);
#1129=PLANE('',#1274);
#1130=PLANE('',#1275);
#1131=PLANE('',#1276);
#1132=PLANE('',#1277);
#1133=PLANE('',#1278);
#1134=PLANE('',#1280);
#1135=PLANE('',#1282);
#1136=PLANE('',#1283);
#1137=PLANE('',#1296);
#1138=PLANE('',#1297);
#1139=PLANE('',#1302);
#1140=PLANE('',#1303);
#1141=PLANE('',#1304);
#1142=PLANE('',#1305);
#1143=PLANE('',#1306);
#1144=PLANE('',#1307);
#1145=PLANE('',#1308);
#1146=PLANE('',#1309);
#1147=PLANE('',#1310);
#1148=PLANE('',#1311);
#1149=PLANE('',#1312);
#1150=PLANE('',#1315);
#1151=PLANE('',#1318);
#1152=PLANE('',#1321);
#1153=PLANE('',#1324);
#1154=ADVANCED_FACE('',(#996),#1103,.F.);
#1155=ADVANCED_FACE('',(#997,#998),#1104,.F.);
#1156=ADVANCED_FACE('',(#999),#1105,.F.);
#1157=ADVANCED_FACE('',(#1000),#1106,.F.);
#1158=ADVANCED_FACE('',(#1001,#1002),#1107,.F.);
#1159=ADVANCED_FACE('',(#1003),#1108,.F.);
#1160=ADVANCED_FACE('',(#1004),#1109,.F.);
#1161=ADVANCED_FACE('',(#1005),#1110,.F.);
#1162=ADVANCED_FACE('',(#1006),#1111,.F.);
#1163=ADVANCED_FACE('',(#1007),#1112,.F.);
#1164=ADVANCED_FACE('',(#1008),#1113,.F.);
#1165=ADVANCED_FACE('',(#1009),#1114,.F.);
#1166=ADVANCED_FACE('',(#1010),#1115,.F.);
#1167=ADVANCED_FACE('',(#1011,#1012),#1116,.F.);
#1168=ADVANCED_FACE('',(#1013),#1117,.F.);
#1169=ADVANCED_FACE('',(#1014),#1118,.F.);
#1170=ADVANCED_FACE('',(#1015),#1119,.F.);
#1171=ADVANCED_FACE('',(#1016),#1120,.F.);
#1172=ADVANCED_FACE('',(#1017),#1121,.F.);
#1173=ADVANCED_FACE('',(#1018),#1122,.F.);
#1174=ADVANCED_FACE('',(#1019,#1020),#1123,.T.);
#1175=ADVANCED_FACE('',(#1021),#1124,.F.);
#1176=ADVANCED_FACE('',(#1022),#1125,.F.);
#1177=ADVANCED_FACE('',(#1023,#1024,#1025,#1026,#1027,#1028,#1029),#1126,
 .F.);
#1178=ADVANCED_FACE('',(#1030,#1031),#22,.F.);
#1179=ADVANCED_FACE('',(#1032,#1033,#1034),#23,.F.);
#1180=ADVANCED_FACE('',(#1035),#1127,.T.);
#1181=ADVANCED_FACE('',(#1036),#1128,.T.);
#1182=ADVANCED_FACE('',(#1037),#1129,.F.);
#1183=ADVANCED_FACE('',(#1038),#1130,.F.);
#1184=ADVANCED_FACE('',(#1039),#1131,.T.);
#1185=ADVANCED_FACE('',(#1040),#1132,.F.);
#1186=ADVANCED_FACE('',(#1041),#1133,.T.);
#1187=ADVANCED_FACE('',(#1042),#1134,.F.);
#1188=ADVANCED_FACE('',(#1043),#1135,.T.);
#1189=ADVANCED_FACE('',(#1044),#1136,.F.);
#1190=ADVANCED_FACE('',(#1045,#1046,#1047),#24,.F.);
#1191=ADVANCED_FACE('',(#1048,#1049),#25,.F.);
#1192=ADVANCED_FACE('',(#1050,#1051),#26,.F.);
#1193=ADVANCED_FACE('',(#1052,#1053),#27,.F.);
#1194=ADVANCED_FACE('',(#1054,#1055),#28,.F.);
#1195=ADVANCED_FACE('',(#1056,#1057),#29,.F.);
#1196=ADVANCED_FACE('',(#1058),#1137,.T.);
#1197=ADVANCED_FACE('',(#1059,#1060,#1061,#1062,#1063,#1064,#1065,#1066,
#1067,#1068),#1138,.T.);
#1198=ADVANCED_FACE('',(#1069),#1139,.F.);
#1199=ADVANCED_FACE('',(#1070),#1140,.T.);
#1200=ADVANCED_FACE('',(#1071,#1072,#1073,#1074),#1141,.T.);
#1201=ADVANCED_FACE('',(#1075),#1142,.T.);
#1202=ADVANCED_FACE('',(#1076),#1143,.F.);
#1203=ADVANCED_FACE('',(#1077),#1144,.F.);
#1204=ADVANCED_FACE('',(#1078),#1145,.F.);
#1205=ADVANCED_FACE('',(#1079),#1146,.F.);
#1206=ADVANCED_FACE('',(#1080),#1147,.F.);
#1207=ADVANCED_FACE('',(#1081),#1148,.F.);
#1208=ADVANCED_FACE('',(#1082),#12,.T.);
#1209=ADVANCED_FACE('',(#1083),#13,.T.);
#1210=ADVANCED_FACE('',(#1084),#14,.T.);
#1211=ADVANCED_FACE('',(#1085),#15,.T.);
#1212=ADVANCED_FACE('',(#1086),#1149,.T.);
#1213=ADVANCED_FACE('',(#1087,#1088),#30,.T.);
#1214=ADVANCED_FACE('',(#1089,#1090),#1150,.T.);
#1215=ADVANCED_FACE('',(#1091,#1092),#31,.T.);
#1216=ADVANCED_FACE('',(#1093,#1094),#1151,.T.);
#1217=ADVANCED_FACE('',(#1095,#1096),#32,.T.);
#1218=ADVANCED_FACE('',(#1097,#1098),#1152,.T.);
#1219=ADVANCED_FACE('',(#1099,#1100),#33,.T.);
#1220=ADVANCED_FACE('',(#1101,#1102),#1153,.T.);
#1221=CLOSED_SHELL('',(#1154,#1155,#1156,#1157,#1158,#1159,#1160,#1161,
#1162,#1163,#1164,#1165,#1166,#1167,#1168,#1169,#1170,#1171,#1172,#1173,
#1174,#1175,#1176,#1177,#1178,#1179,#1180,#1181,#1182,#1183,#1184,#1185,
#1186,#1187,#1188,#1189,#1190,#1191,#1192,#1193,#1194,#1195,#1196,#1197,
#1198,#1199,#1200,#1201,#1202,#1203,#1204,#1205,#1206,#1207,#1208,#1209,
#1210,#1211,#1212,#1213,#1214,#1215,#1216,#1217,#1218,#1219,#1220));
#1222=STYLED_ITEM('',(#1223),#1230);
#1223=PRESENTATION_STYLE_ASSIGNMENT((#1224));
#1224=SURFACE_STYLE_USAGE(.BOTH.,#1225);
#1225=SURFACE_SIDE_STYLE('',(#1226));
#1226=SURFACE_STYLE_FILL_AREA(#1227);
#1227=FILL_AREA_STYLE('',(#1228));
#1228=FILL_AREA_STYLE_COLOUR('',#1229);
#1229=COLOUR_RGB('',0.729411764705882,0.250980392156863,0.105882352941176);
#1230=MANIFOLD_SOLID_BREP('Extension',#1221);
#1231=SHAPE_DEFINITION_REPRESENTATION(#2445,#1232);
#1232=SHAPE_REPRESENTATION('Extension',(#1233),#2440);
#1233=AXIS2_PLACEMENT_3D('',#1630,#1325,#1326);
#1234=AXIS2_PLACEMENT_3D('',#1631,#1327,#1328);
#1235=AXIS2_PLACEMENT_3D('',#1640,#1333,#1334);
#1236=AXIS2_PLACEMENT_3D('',#1658,#1344,#1345);
#1237=AXIS2_PLACEMENT_3D('',#1664,#1349,#1350);
#1238=AXIS2_PLACEMENT_3D('',#1670,#1354,#1355);
#1239=AXIS2_PLACEMENT_3D('',#1688,#1365,#1366);
#1240=AXIS2_PLACEMENT_3D('',#1691,#1369,#1370);
#1241=AXIS2_PLACEMENT_3D('',#1692,#1371,#1372);
#1242=AXIS2_PLACEMENT_3D('',#1695,#1375,#1376);
#1243=AXIS2_PLACEMENT_3D('',#1697,#1378,#1379);
#1244=AXIS2_PLACEMENT_3D('',#1699,#1381,#1382);
#1245=AXIS2_PLACEMENT_3D('',#1701,#1384,#1385);
#1246=AXIS2_PLACEMENT_3D('',#1703,#1387,#1388);
#1247=AXIS2_PLACEMENT_3D('',#1704,#1389,#1390);
#1248=AXIS2_PLACEMENT_3D('',#1717,#1397,#1398);
#1249=AXIS2_PLACEMENT_3D('',#1723,#1402,#1403);
#1250=AXIS2_PLACEMENT_3D('',#1727,#1406,#1407);
#1251=AXIS2_PLACEMENT_3D('',#1731,#1410,#1411);
#1252=AXIS2_PLACEMENT_3D('',#1735,#1414,#1415);
#1253=AXIS2_PLACEMENT_3D('',#1739,#1418,#1419);
#1254=AXIS2_PLACEMENT_3D('',#1741,#1421,#1422);
#1255=AXIS2_PLACEMENT_3D('',#1758,#1426,#1427);
#1256=AXIS2_PLACEMENT_3D('',#1767,#1432,#1433);
#1257=AXIS2_PLACEMENT_3D('',#1773,#1437,#1438);
#1258=AXIS2_PLACEMENT_3D('',#1774,#1439,#1440);
#1259=AXIS2_PLACEMENT_3D('',#1776,#1441,#1442);
#1260=AXIS2_PLACEMENT_3D('',#1778,#1443,#1444);
#1261=AXIS2_PLACEMENT_3D('',#1780,#1445,#1446);
#1262=AXIS2_PLACEMENT_3D('',#1782,#1447,#1448);
#1263=AXIS2_PLACEMENT_3D('',#1784,#1449,#1450);
#1264=AXIS2_PLACEMENT_3D('',#1803,#1460,#1461);
#1265=AXIS2_PLACEMENT_3D('',#1804,#1462,#1463);
#1266=AXIS2_PLACEMENT_3D('',#1806,#1464,#1465);
#1267=AXIS2_PLACEMENT_3D('',#1808,#1466,#1467);
#1268=AXIS2_PLACEMENT_3D('',#1809,#1468,#1469);
#1269=AXIS2_PLACEMENT_3D('',#1812,#1470,#1471);
#1270=AXIS2_PLACEMENT_3D('',#1813,#1472,#1473);
#1271=AXIS2_PLACEMENT_3D('',#1815,#1474,#1475);
#1272=AXIS2_PLACEMENT_3D('',#1817,#1476,#1477);
#1273=AXIS2_PLACEMENT_3D('',#1826,#1482,#1483);
#1274=AXIS2_PLACEMENT_3D('',#1832,#1487,#1488);
#1275=AXIS2_PLACEMENT_3D('',#1838,#1492,#1493);
#1276=AXIS2_PLACEMENT_3D('',#1841,#1496,#1497);
#1277=AXIS2_PLACEMENT_3D('',#1853,#1504,#1505);
#1278=AXIS2_PLACEMENT_3D('',#1862,#1511,#1512);
#1279=AXIS2_PLACEMENT_3D('',#1863,#1513,#1514);
#1280=AXIS2_PLACEMENT_3D('',#1867,#1516,#1517);
#1281=AXIS2_PLACEMENT_3D('',#1868,#1518,#1519);
#1282=AXIS2_PLACEMENT_3D('',#1869,#1520,#1521);
#1283=AXIS2_PLACEMENT_3D('',#1871,#1523,#1524);
#1284=AXIS2_PLACEMENT_3D('',#1872,#1525,#1526);
#1285=AXIS2_PLACEMENT_3D('',#1873,#1527,#1528);
#1286=AXIS2_PLACEMENT_3D('',#1875,#1529,#1530);
#1287=AXIS2_PLACEMENT_3D('',#1876,#1531,#1532);
#1288=AXIS2_PLACEMENT_3D('',#1878,#1533,#1534);
#1289=AXIS2_PLACEMENT_3D('',#1879,#1535,#1536);
#1290=AXIS2_PLACEMENT_3D('',#1881,#1537,#1538);
#1291=AXIS2_PLACEMENT_3D('',#1882,#1539,#1540);
#1292=AXIS2_PLACEMENT_3D('',#1884,#1541,#1542);
#1293=AXIS2_PLACEMENT_3D('',#1885,#1543,#1544);
#1294=AXIS2_PLACEMENT_3D('',#1887,#1545,#1546);
#1295=AXIS2_PLACEMENT_3D('',#1888,#1547,#1548);
#1296=AXIS2_PLACEMENT_3D('',#1890,#1549,#1550);
#1297=AXIS2_PLACEMENT_3D('',#1894,#1553,#1554);
#1298=AXIS2_PLACEMENT_3D('',#1895,#1555,#1556);
#1299=AXIS2_PLACEMENT_3D('',#1897,#1557,#1558);
#1300=AXIS2_PLACEMENT_3D('',#1899,#1559,#1560);
#1301=AXIS2_PLACEMENT_3D('',#1901,#1561,#1562);
#1302=AXIS2_PLACEMENT_3D('',#1904,#1564,#1565);
#1303=AXIS2_PLACEMENT_3D('',#1905,#1566,#1567);
#1304=AXIS2_PLACEMENT_3D('',#1907,#1569,#1570);
#1305=AXIS2_PLACEMENT_3D('',#1911,#1573,#1574);
#1306=AXIS2_PLACEMENT_3D('',#1913,#1576,#1577);
#1307=AXIS2_PLACEMENT_3D('',#1919,#1581,#1582);
#1308=AXIS2_PLACEMENT_3D('',#1990,#1586,#1587);
#1309=AXIS2_PLACEMENT_3D('',#1994,#1590,#1591);
#1310=AXIS2_PLACEMENT_3D('',#1998,#1594,#1595);
#1311=AXIS2_PLACEMENT_3D('',#2067,#1598,#1599);
#1312=AXIS2_PLACEMENT_3D('',#2422,#1604,#1605);
#1313=AXIS2_PLACEMENT_3D('',#2423,#1606,#1607);
#1314=AXIS2_PLACEMENT_3D('',#2424,#1608,#1609);
#1315=AXIS2_PLACEMENT_3D('',#2426,#1610,#1611);
#1316=AXIS2_PLACEMENT_3D('',#2427,#1612,#1613);
#1317=AXIS2_PLACEMENT_3D('',#2428,#1614,#1615);
#1318=AXIS2_PLACEMENT_3D('',#2430,#1616,#1617);
#1319=AXIS2_PLACEMENT_3D('',#2431,#1618,#1619);
#1320=AXIS2_PLACEMENT_3D('',#2432,#1620,#1621);
#1321=AXIS2_PLACEMENT_3D('',#2434,#1622,#1623);
#1322=AXIS2_PLACEMENT_3D('',#2435,#1624,#1625);
#1323=AXIS2_PLACEMENT_3D('',#2436,#1626,#1627);
#1324=AXIS2_PLACEMENT_3D('',#2438,#1628,#1629);
#1325=DIRECTION('',(0.,0.,1.));
#1326=DIRECTION('',(1.,0.,0.));
#1327=DIRECTION('',(-0.5,0.,-0.866025403784439));
#1328=DIRECTION('',(-0.866025403784439,0.,0.5));
#1329=DIRECTION('',(0.866025403784439,0.,-0.5));
#1330=DIRECTION('',(0.,-1.,0.));
#1331=DIRECTION('',(0.866025403784439,0.,-0.5));
#1332=DIRECTION('',(0.,-1.,0.));
#1333=DIRECTION('',(-1.,0.,-3.06594816068808E-16));
#1334=DIRECTION('',(-3.06594816068808E-16,0.,1.));
#1335=DIRECTION('',(-4.60601868077303E-32,1.,1.50231459873715E-16));
#1336=DIRECTION('',(2.65518899384205E-16,0.5,-0.866025403784439));
#1337=DIRECTION('',(2.65518899384205E-16,-0.5,-0.866025403784438));
#1338=DIRECTION('',(-1.38180560423191E-31,-1.,4.50694379621148E-16));
#1339=DIRECTION('',(-2.65518899384205E-16,-0.5,0.866025403784439));
#1340=DIRECTION('',(-2.65518899384205E-16,0.5,0.866025403784438));
#1341=DIRECTION('',(3.06594816068808E-16,0.,-1.));
#1342=DIRECTION('',(3.06594816068808E-16,0.,-1.));
#1343=DIRECTION('',(0.,-1.,0.));
#1344=DIRECTION('',(-0.5,0.,0.866025403784439));
#1345=DIRECTION('',(0.866025403784439,0.,0.5));
#1346=DIRECTION('',(-0.866025403784439,0.,-0.5));
#1347=DIRECTION('',(-0.866025403784439,0.,-0.5));
#1348=DIRECTION('',(0.,-1.,0.));
#1349=DIRECTION('',(0.5,0.,0.866025403784439));
#1350=DIRECTION('',(0.866025403784439,0.,-0.5));
#1351=DIRECTION('',(-0.866025403784439,0.,0.5));
#1352=DIRECTION('',(-0.866025403784439,0.,0.5));
#1353=DIRECTION('',(0.,-1.,0.));
#1354=DIRECTION('',(1.,0.,0.));
#1355=DIRECTION('',(0.,-1.,0.));
#1356=DIRECTION('',(0.,0.5,0.866025403784438));
#1357=DIRECTION('',(0.,-0.5,0.866025403784439));
#1358=DIRECTION('',(0.,-1.,-1.50231459873715E-16));
#1359=DIRECTION('',(0.,-0.5,-0.866025403784438));
#1360=DIRECTION('',(0.,0.5,-0.866025403784439));
#1361=DIRECTION('',(0.,1.,-4.50694379621148E-16));
#1362=DIRECTION('',(0.,0.,1.));
#1363=DIRECTION('',(0.,0.,1.));
#1364=DIRECTION('',(0.,-1.,0.));
#1365=DIRECTION('',(0.5,0.,-0.866025403784439));
#1366=DIRECTION('',(-0.866025403784439,0.,-0.5));
#1367=DIRECTION('',(0.866025403784439,0.,0.5));
#1368=DIRECTION('',(0.866025403784439,0.,0.5));
#1369=DIRECTION('',(0.,1.,0.));
#1370=DIRECTION('',(1.,0.,0.));
#1371=DIRECTION('',(-1.20185167898973E-16,0.866025403784439,0.5));
#1372=DIRECTION('',(0.,-0.5,0.866025403784439));
#1373=DIRECTION('',(1.,0.,2.40370335797945E-16));
#1374=DIRECTION('',(1.,0.,2.40370335797945E-16));
#1375=DIRECTION('',(-2.40370335797945E-16,-1.50231459873715E-16,1.));
#1376=DIRECTION('',(1.,0.,2.40370335797945E-16));
#1377=DIRECTION('',(1.,0.,2.40370335797945E-16));
#1378=DIRECTION('',(-1.20185167898973E-16,-0.866025403784438,0.5));
#1379=DIRECTION('',(0.,-0.5,-0.866025403784438));
#1380=DIRECTION('',(1.,0.,2.40370335797945E-16));
#1381=DIRECTION('',(1.20185167898973E-16,-0.866025403784439,-0.5));
#1382=DIRECTION('',(0.,0.5,-0.866025403784439));
#1383=DIRECTION('',(1.,0.,2.40370335797945E-16));
#1384=DIRECTION('',(2.40370335797945E-16,-4.50694379621148E-16,-1.));
#1385=DIRECTION('',(0.,1.,-4.50694379621148E-16));
#1386=DIRECTION('',(1.,0.,2.40370335797945E-16));
#1387=DIRECTION('',(1.20185167898973E-16,0.866025403784437,-0.5));
#1388=DIRECTION('',(0.,0.5,0.866025403784438));
#1389=DIRECTION('',(0.,1.,0.));
#1390=DIRECTION('',(1.,0.,0.));
#1391=DIRECTION('',(-0.866025403784439,0.,0.5));
#1392=DIRECTION('',(-0.866025403784439,0.,-0.5));
#1393=DIRECTION('',(-1.20185167898973E-16,0.,-1.));
#1394=DIRECTION('',(0.866025403784439,0.,-0.5));
#1395=DIRECTION('',(0.866025403784439,0.,0.5));
#1396=DIRECTION('',(1.20185167898973E-16,0.,1.));
#1397=DIRECTION('',(0.5,0.,0.866025403784439));
#1398=DIRECTION('',(0.866025403784439,0.,-0.5));
#1399=DIRECTION('',(0.,-1.,0.));
#1400=DIRECTION('',(-0.866025403784439,0.,0.5));
#1401=DIRECTION('',(0.,-1.,0.));
#1402=DIRECTION('',(1.,0.,-1.20185167898973E-16));
#1403=DIRECTION('',(-1.20185167898973E-16,0.,-1.));
#1404=DIRECTION('',(0.,-1.,0.));
#1405=DIRECTION('',(1.20185167898973E-16,0.,1.));
#1406=DIRECTION('',(0.5,0.,-0.866025403784439));
#1407=DIRECTION('',(-0.866025403784439,0.,-0.5));
#1408=DIRECTION('',(0.,-1.,0.));
#1409=DIRECTION('',(0.866025403784439,0.,0.5));
#1410=DIRECTION('',(-0.5,0.,-0.866025403784439));
#1411=DIRECTION('',(-0.866025403784439,0.,0.5));
#1412=DIRECTION('',(0.,-1.,0.));
#1413=DIRECTION('',(0.866025403784439,0.,-0.5));
#1414=DIRECTION('',(-1.,0.,1.20185167898973E-16));
#1415=DIRECTION('',(1.20185167898973E-16,0.,1.));
#1416=DIRECTION('',(0.,-1.,0.));
#1417=DIRECTION('',(-1.20185167898973E-16,0.,-1.));
#1418=DIRECTION('',(-0.5,0.,0.866025403784438));
#1419=DIRECTION('',(0.866025403784439,0.,0.5));
#1420=DIRECTION('',(-0.866025403784439,0.,-0.5));
#1421=DIRECTION('',(0.,1.,0.));
#1422=DIRECTION('',(1.,0.,0.));
#1423=DIRECTION('',(0.613545227356463,0.,-0.789659581077888));
#1424=DIRECTION('',(-0.710212865781902,0.,-0.703986992264671));
#1425=DIRECTION('',(0.710212865781902,0.,0.703986992264671));
#1426=DIRECTION('',(0.0848267410150889,-0.61456172493488,0.78429478530322));
#1427=DIRECTION('',(0.,-0.787131831516945,-0.616784792138052));
#1428=DIRECTION('',(-0.872627106691192,0.334130651517146,0.35620028128075));
#1429=DIRECTION('',(-0.5,-0.707106781186547,-0.5));
#1430=DIRECTION('',(-0.861861023604594,0.349734022144066,0.367262426265164));
#1431=DIRECTION('',(-0.5,-0.707106781186547,-0.5));
#1432=DIRECTION('',(0.788806911480781,-0.610159410211912,0.0740888016504714));
#1433=DIRECTION('',(-0.611840964540894,-0.790980805146161,0.));
#1434=DIRECTION('',(-0.34640861328925,-0.3417538476284,0.873616266028857));
#1435=DIRECTION('',(-0.35746839916299,-0.357359054915155,0.862850421260833));
#1436=DIRECTION('',(-0.5,-0.707106781186547,-0.5));
#1437=DIRECTION('',(-0.5,-0.707106781186547,-0.5));
#1438=DIRECTION('',(-0.504392624441609,0.707093077059224,-0.495587994995667));
#1439=DIRECTION('',(-0.5,-0.707106781186547,-0.5));
#1440=DIRECTION('',(-0.504392624441609,0.707093077059224,-0.495587994995667));
#1441=DIRECTION('',(-0.5,-0.707106781186547,-0.5));
#1442=DIRECTION('',(-0.504392624441609,0.707093077059224,-0.495587994995667));
#1443=DIRECTION('',(-0.5,-0.707106781186547,-0.5));
#1444=DIRECTION('',(-0.504392624441609,0.707093077059224,-0.495587994995667));
#1445=DIRECTION('',(-0.5,-0.707106781186547,-0.5));
#1446=DIRECTION('',(-0.504392624441609,0.707093077059224,-0.495587994995667));
#1447=DIRECTION('',(-0.5,-0.707106781186547,-0.5));
#1448=DIRECTION('',(-0.504392624441609,0.707093077059224,-0.495587994995667));
#1449=DIRECTION('',(-0.5,-0.707106781186547,-0.5));
#1450=DIRECTION('',(-0.504392624441609,0.707093077059224,-0.495587994995667));
#1451=DIRECTION('',(-0.504392624441606,0.707093077059223,-0.49558799499567));
#1452=DIRECTION('',(0.707106781186548,-3.33066907387547E-16,-0.707106781186548));
#1453=DIRECTION('',(0.504392624441609,-0.707093077059224,0.495587994995667));
#1454=DIRECTION('',(0.703980170465693,0.00440231472297107,-0.710205983652753));
#1455=DIRECTION('',(0.504392624441609,-0.707093077059224,0.495587994995667));
#1456=DIRECTION('',(-0.703921929093624,-0.00448395496966797,0.710263199024799));
#1457=DIRECTION('',(-0.500508172157249,0.707106598491166,-0.499491569472462));
#1458=DIRECTION('',(0.861861023604594,-0.349734022144067,-0.367262426265163));
#1459=DIRECTION('',(0.504392624441606,-0.707093077059223,0.49558799499567));
#1460=DIRECTION('',(-0.5,-0.707106781186547,-0.5));
#1461=DIRECTION('',(0.500508172157249,-0.707106598491166,0.499491569472462));
#1462=DIRECTION('',(0.501419838679488,0.707106374108563,0.498576695277344));
#1463=DIRECTION('',(0.705740543672038,-0.000913271753239048,-0.708469795370418));
#1464=DIRECTION('',(-0.5,-0.707106781186547,-0.5));
#1465=DIRECTION('',(-0.504392624441609,0.707093077059224,-0.495587994995667));
#1466=DIRECTION('',(-0.5,-0.707106781186547,-0.5));
#1467=DIRECTION('',(0.500508172157249,-0.707106598491166,0.499491569472462));
#1468=DIRECTION('',(0.640659906476329,0.427749347676063,0.637640478480189));
#1469=DIRECTION('',(0.306673771253514,-0.903886270340762,0.298229455813162));
#1470=DIRECTION('',(-0.302465153780227,0.903896930793222,-0.302465153780227));
#1471=DIRECTION('',(-0.639151649257595,-0.427750322621261,-0.639151649257595));
#1472=DIRECTION('',(-0.5,-0.707106781186547,-0.5));
#1473=DIRECTION('',(-0.504392624441609,0.707093077059224,-0.495587994995667));
#1474=DIRECTION('',(0.501419838679488,0.707106374108563,0.498576695277344));
#1475=DIRECTION('',(0.705740543672038,-0.000913271753239048,-0.708469795370418));
#1476=DIRECTION('',(-0.504392624441609,0.707093077059224,-0.495587994995668));
#1477=DIRECTION('',(-0.501414297305579,-0.707114202749238,-0.498571165158858));
#1478=DIRECTION('',(0.5,0.707106781186547,0.5));
#1479=DIRECTION('',(0.702973559849878,0.00298075531432749,-0.711209736470014));
#1480=DIRECTION('',(0.5,0.707106781186547,0.5));
#1481=DIRECTION('',(0.703980170465693,0.00440231472297037,-0.710205983652753));
#1482=DIRECTION('',(0.703980170465693,0.00440231472297048,-0.710205983652753));
#1483=DIRECTION('',(-0.306597240521143,0.903886752485189,-0.298306672380288));
#1484=DIRECTION('',(0.5,0.707106781186547,0.5));
#1485=DIRECTION('',(0.504387088766467,-0.707100905599034,0.495582459321065));
#1486=DIRECTION('',(0.504392624441609,-0.707093077059224,0.495587994995668));
#1487=DIRECTION('',(-0.504392624441608,0.707093077059224,-0.495587994995668));
#1488=DIRECTION('',(-0.501414297305579,-0.707114202749238,-0.498571165158858));
#1489=DIRECTION('',(0.702973559849878,0.00298075531432713,-0.711209736470014));
#1490=DIRECTION('',(0.703980170465693,0.00440231472296992,-0.710205983652752));
#1491=DIRECTION('',(0.5,0.707106781186547,0.5));
#1492=DIRECTION('',(0.703980170465693,0.00440231472297048,-0.710205983652753));
#1493=DIRECTION('',(-0.306597240521143,0.903886752485189,-0.298306672380288));
#1494=DIRECTION('',(0.504387088766467,-0.707100905599034,0.495582459321065));
#1495=DIRECTION('',(0.504392624441609,-0.707093077059224,0.495587994995668));
#1496=DIRECTION('',(0.703980170465693,0.00440231472297087,-0.710205983652753));
#1497=DIRECTION('',(-0.306597240521143,0.903886752485189,-0.298306672380287));
#1498=DIRECTION('',(-0.640632470430974,-0.427749382856151,-0.637668019658889));
#1499=DIRECTION('',(0.504387088766467,-0.707100905599034,0.495582459321065));
#1500=DIRECTION('',(-0.5,-0.707106781186547,-0.5));
#1501=DIRECTION('',(-0.5,-0.707106781186547,-0.5));
#1502=DIRECTION('',(0.504392624441609,-0.707093077059224,0.495587994995667));
#1503=DIRECTION('',(-0.5,-0.707106781186547,-0.5));
#1504=DIRECTION('',(-0.504392624441609,0.707093077059224,-0.495587994995667));
#1505=DIRECTION('',(-0.501414297305579,-0.707114202749238,-0.498571165158858));
#1506=DIRECTION('',(0.702973559849877,0.00298075531432805,-0.711209736470014));
#1507=DIRECTION('',(-0.703959527564466,-0.00437312209677909,0.710226625348797));
#1508=DIRECTION('',(-0.5,-0.707106781186547,-0.5));
#1509=DIRECTION('',(-0.5,-0.707106781186547,-0.5));
#1510=DIRECTION('',(0.703980170465693,0.0044023147229709,-0.710205983652753));
#1511=DIRECTION('',(-0.302465153780227,0.903896930793222,-0.302465153780227));
#1512=DIRECTION('',(-0.640659906476329,-0.427749347676063,-0.637640478480189));
#1513=DIRECTION('',(-0.302465153780227,0.903896930793222,-0.302465153780227));
#1514=DIRECTION('',(-0.639151649257595,-0.427750322621261,-0.639151649257595));
#1515=DIRECTION('',(0.705740543671997,-0.000913271753181141,-0.708469795370459));
#1516=DIRECTION('',(0.640659906476329,0.427749347676063,0.637640478480189));
#1517=DIRECTION('',(-0.705740543671997,0.000913271753181141,0.708469795370459));
#1518=DIRECTION('',(0.640659906476329,0.427749347676063,0.637640478480189));
#1519=DIRECTION('',(0.306673771253514,-0.903886270340762,0.298229455813162));
#1520=DIRECTION('',(-0.302465153780227,0.903896930793222,-0.302465153780227));
#1521=DIRECTION('',(-0.640659906476329,-0.427749347676063,-0.637640478480189));
#1522=DIRECTION('',(0.705740543671997,-0.000913271753181141,-0.708469795370459));
#1523=DIRECTION('',(0.640659906476329,0.427749347676063,0.637640478480189));
#1524=DIRECTION('',(-0.705740543671997,0.000913271753181141,0.708469795370459));
#1525=DIRECTION('',(-0.5,-0.707106781186547,-0.5));
#1526=DIRECTION('',(0.500508172157249,-0.707106598491166,0.499491569472462));
#1527=DIRECTION('',(-0.5,-0.707106781186547,-0.5));
#1528=DIRECTION('',(-0.504392624441609,0.707093077059224,-0.495587994995667));
#1529=DIRECTION('',(-0.5,-0.707106781186547,-0.5));
#1530=DIRECTION('',(0.500508172157249,-0.707106598491166,0.499491569472462));
#1531=DIRECTION('',(-0.5,-0.707106781186547,-0.5));
#1532=DIRECTION('',(-0.504392624441609,0.707093077059224,-0.495587994995667));
#1533=DIRECTION('',(-0.5,-0.707106781186547,-0.5));
#1534=DIRECTION('',(0.500508172157249,-0.707106598491166,0.499491569472462));
#1535=DIRECTION('',(-0.5,-0.707106781186547,-0.5));
#1536=DIRECTION('',(-0.504392624441609,0.707093077059224,-0.495587994995667));
#1537=DIRECTION('',(-0.5,-0.707106781186547,-0.5));
#1538=DIRECTION('',(0.500508172157249,-0.707106598491166,0.499491569472462));
#1539=DIRECTION('',(-0.5,-0.707106781186547,-0.5));
#1540=DIRECTION('',(-0.504392624441609,0.707093077059224,-0.495587994995667));
#1541=DIRECTION('',(-0.5,-0.707106781186547,-0.5));
#1542=DIRECTION('',(0.500508172157249,-0.707106598491166,0.499491569472462));
#1543=DIRECTION('',(-0.5,-0.707106781186547,-0.5));
#1544=DIRECTION('',(-0.504392624441609,0.707093077059224,-0.495587994995667));
#1545=DIRECTION('',(-0.5,-0.707106781186547,-0.5));
#1546=DIRECTION('',(0.500508172157249,-0.707106598491166,0.499491569472462));
#1547=DIRECTION('',(-0.5,-0.707106781186547,-0.5));
#1548=DIRECTION('',(-0.504392624441609,0.707093077059224,-0.495587994995667));
#1549=DIRECTION('',(-0.504392624441609,0.707093077059224,-0.495587994995667));
#1550=DIRECTION('',(-0.501414297305579,-0.707114202749238,-0.498571165158858));
#1551=DIRECTION('',(0.703980170465693,0.00440231472297107,-0.710205983652753));
#1552=DIRECTION('',(-0.5,-0.707106781186547,-0.5));
#1553=DIRECTION('',(-0.5,-0.707106781186547,-0.5));
#1554=DIRECTION('',(-0.504392624441609,0.707093077059224,-0.495587994995667));
#1555=DIRECTION('',(-0.5,-0.707106781186547,-0.5));
#1556=DIRECTION('',(-0.816496580927726,0.577350269189627,0.));
#1557=DIRECTION('',(-0.5,-0.707106781186547,-0.5));
#1558=DIRECTION('',(-0.816496580927726,0.577350269189627,0.));
#1559=DIRECTION('',(-0.5,-0.707106781186547,-0.5));
#1560=DIRECTION('',(-0.816496580927726,0.577350269189627,0.));
#1561=DIRECTION('',(-0.5,-0.707106781186547,-0.5));
#1562=DIRECTION('',(-0.816496580927726,0.577350269189627,0.));
#1563=DIRECTION('',(0.504392624441609,-0.707093077059224,0.495587994995667));
#1564=DIRECTION('',(0.703980170465693,0.00440231472297087,-0.710205983652753));
#1565=DIRECTION('',(-0.306597240521143,0.903886752485189,-0.298306672380287));
#1566=DIRECTION('',(0.640659906476329,0.427749347676063,0.637640478480189));
#1567=DIRECTION('',(-0.705740543671997,0.000913271753181141,0.708469795370459));
#1568=DIRECTION('',(-0.705740543671997,0.00091327175318114,0.708469795370459));
#1569=DIRECTION('',(0.501419838679488,0.707106374108563,0.498576695277344));
#1570=DIRECTION('',(0.815723562896945,-0.578441932206435,0.));
#1571=DIRECTION('',(-0.705740543671997,0.00091327175318114,0.708469795370459));
#1572=DIRECTION('',(-0.500508172157249,0.707106598491166,-0.499491569472462));
#1573=DIRECTION('',(0.302465153780227,-0.903896930793222,0.302465153780227));
#1574=DIRECTION('',(0.,-0.317328688882902,-0.948315613712997));
#1575=DIRECTION('',(0.707106781186548,-3.33066907387547E-16,-0.707106781186548));
#1576=DIRECTION('',(0.5,0.707106781186547,0.5));
#1577=DIRECTION('',(0.866025403784438,-0.408248290463864,-0.288675134594813));
#1578=DIRECTION('',(-0.504392624441606,0.707093077059223,-0.49558799499567));
#1579=DIRECTION('',(0.357468399162987,0.357359054915157,-0.862850421260833));
#1580=DIRECTION('',(0.861861023604594,-0.349734022144067,-0.367262426265163));
#1581=DIRECTION('',(0.703980170465694,0.00440231472296814,-0.710205983652751));
#1582=DIRECTION('',(-0.710212865781902,0.,-0.703986992264671));
#1583=DIRECTION('',(-0.709630935439005,-0.036346544347767,-0.703635462567044));
#1584=DIRECTION('',(0.525838696259257,-0.675396680863257,0.517042540798396));
#1585=DIRECTION('',(-0.5,-0.707106781186547,-0.5));
#1586=DIRECTION('',(-0.0848267410150879,0.614561724934879,-0.784294785303221));
#1587=DIRECTION('',(0.,0.787131831516945,0.616784792138051));
#1588=DIRECTION('',(-0.5,-0.707106781186547,-0.5));
#1589=DIRECTION('',(0.861861023604594,-0.349734022144067,-0.367262426265163));
#1590=DIRECTION('',(-0.788806911480782,0.610159410211911,-0.0740888016504686));
#1591=DIRECTION('',(0.611840964540893,0.790980805146162,0.));
#1592=DIRECTION('',(-0.5,-0.707106781186547,-0.5));
#1593=DIRECTION('',(0.357468399162987,0.357359054915157,-0.862850421260833));
#1594=DIRECTION('',(-0.703980170465695,-0.00440231472296779,0.710205983652751));
#1595=DIRECTION('',(0.710212865781902,0.,0.703986992264671));
#1596=DIRECTION('',(-0.525838696259257,0.675396680863257,-0.517042540798396));
#1597=DIRECTION('',(0.709630935439005,0.036346544347767,0.703635462567044));
#1598=DIRECTION('',(0.477394580098535,0.737441484528756,0.477780777960528));
#1599=DIRECTION('',(0.8785160771536,-0.389787598210771,-0.27617952578663));
#1600=DIRECTION('',(-0.346745363254164,-0.341510856817172,0.873577694162196));
#1601=DIRECTION('',(-0.872584059513419,0.333885824046083,0.356535153363802));
#1602=DIRECTION('',(-0.254849243664286,0.0143607557883358,0.966874155046524));
#1603=DIRECTION('',(-0.964480179103289,-0.0219857885594312,0.263238692479482));
#1604=DIRECTION('',(0.0289111580373481,-0.999329549417536,0.0224632277708207));
#1605=DIRECTION('',(0.158950845894743,-0.0175904616160937,-0.98712978085431));
#1606=DIRECTION('',(0.5,0.707106781186547,0.5));
#1607=DIRECTION('',(0.816496580927726,-0.577350269189627,0.));
#1608=DIRECTION('',(-0.5,-0.707106781186547,-0.5));
#1609=DIRECTION('',(-0.816496580927726,0.577350269189627,0.));
#1610=DIRECTION('',(-0.5,-0.707106781186547,-0.5));
#1611=DIRECTION('',(0.866025403784438,-0.408248290463864,-0.288675134594813));
#1612=DIRECTION('',(0.5,0.707106781186547,0.5));
#1613=DIRECTION('',(0.816496580927726,-0.577350269189627,0.));
#1614=DIRECTION('',(-0.5,-0.707106781186547,-0.5));
#1615=DIRECTION('',(-0.816496580927726,0.577350269189627,0.));
#1616=DIRECTION('',(-0.5,-0.707106781186547,-0.5));
#1617=DIRECTION('',(0.866025403784438,-0.408248290463864,-0.288675134594813));
#1618=DIRECTION('',(0.5,0.707106781186547,0.5));
#1619=DIRECTION('',(0.816496580927726,-0.577350269189627,0.));
#1620=DIRECTION('',(-0.5,-0.707106781186547,-0.5));
#1621=DIRECTION('',(-0.816496580927726,0.577350269189627,0.));
#1622=DIRECTION('',(-0.5,-0.707106781186547,-0.5));
#1623=DIRECTION('',(0.866025403784438,-0.408248290463864,-0.288675134594813));
#1624=DIRECTION('',(0.5,0.707106781186547,0.5));
#1625=DIRECTION('',(0.816496580927726,-0.577350269189627,0.));
#1626=DIRECTION('',(-0.5,-0.707106781186547,-0.5));
#1627=DIRECTION('',(-0.816496580927726,0.577350269189627,0.));
#1628=DIRECTION('',(-0.5,-0.707106781186547,-0.5));
#1629=DIRECTION('',(0.866025403784438,-0.408248290463864,-0.288675134594813));
#1630=CARTESIAN_POINT('',(0.,0.,0.));
#1631=CARTESIAN_POINT('',(0.0049,0.590970964756042,0.0084870489570875));
#1632=CARTESIAN_POINT('',(0.0049,0.2462,0.0084870489570875));
#1633=CARTESIAN_POINT('',(-8.67361737988404E-18,0.2462,0.0113160652761167));
#1634=CARTESIAN_POINT('',(0.0098,0.2462,0.00565803263805833));
#1635=CARTESIAN_POINT('',(-8.67361737988404E-18,0.590970964756042,0.0113160652761167));
#1636=CARTESIAN_POINT('',(-8.67361737988404E-18,0.206,0.0113160652761167));
#1637=CARTESIAN_POINT('',(0.0049,0.206,0.0084870489570875));
#1638=CARTESIAN_POINT('',(0.0098,0.206,0.00565803263805833));
#1639=CARTESIAN_POINT('',(0.0098,0.590970964756042,0.00565803263805833));
#1640=CARTESIAN_POINT('',(0.0098,0.590970964756042,2.60208521396521E-18));
#1641=CARTESIAN_POINT('',(0.0098,0.590970964756042,0.00500000000000006));
#1642=CARTESIAN_POINT('',(0.0098,0.223213248654052,0.005));
#1643=CARTESIAN_POINT('',(0.0098,0.228986751345948,0.005));
#1644=CARTESIAN_POINT('',(0.0098,0.321647868207933,-0.155493762291035));
#1645=CARTESIAN_POINT('',(0.0098,0.231873502691897,2.90581396194483E-17));
#1646=CARTESIAN_POINT('',(0.0098,0.321647868207934,0.155493762291035));
#1647=CARTESIAN_POINT('',(0.0098,0.228986751345948,-0.00500000000000009));
#1648=CARTESIAN_POINT('',(0.0098,0.590970964756042,-0.00500000000000016));
#1649=CARTESIAN_POINT('',(0.0098,0.223213248654052,-0.005));
#1650=CARTESIAN_POINT('',(0.0098,0.312987614170088,-0.160493762291034));
#1651=CARTESIAN_POINT('',(0.0098,0.220326497308103,9.75934094920638E-18));
#1652=CARTESIAN_POINT('',(0.0098,0.312987614170089,0.160493762291035));
#1653=CARTESIAN_POINT('',(0.0098,0.2462,2.60208521396521E-18));
#1654=CARTESIAN_POINT('',(0.0098,0.2462,-0.00565803263805833));
#1655=CARTESIAN_POINT('',(0.0098,0.206,2.60208521396521E-18));
#1656=CARTESIAN_POINT('',(0.0098,0.206,-0.00565803263805833));
#1657=CARTESIAN_POINT('',(0.0098,0.590970964756042,-0.00565803263805833));
#1658=CARTESIAN_POINT('',(0.0049,0.590970964756042,-0.0084870489570875));
#1659=CARTESIAN_POINT('',(0.0049,0.2462,-0.0084870489570875));
#1660=CARTESIAN_POINT('',(1.7347234759768E-18,0.2462,-0.0113160652761167));
#1661=CARTESIAN_POINT('',(0.0049,0.206,-0.0084870489570875));
#1662=CARTESIAN_POINT('',(1.7347234759768E-18,0.206,-0.0113160652761167));
#1663=CARTESIAN_POINT('',(1.7347234759768E-18,0.590970964756042,-0.0113160652761167));
#1664=CARTESIAN_POINT('',(-0.0049,0.590970964756042,-0.0084870489570875));
#1665=CARTESIAN_POINT('',(-0.0049,0.2462,-0.0084870489570875));
#1666=CARTESIAN_POINT('',(-0.0098,0.2462,-0.00565803263805833));
#1667=CARTESIAN_POINT('',(-0.0049,0.206,-0.0084870489570875));
#1668=CARTESIAN_POINT('',(-0.0098,0.206,-0.00565803263805833));
#1669=CARTESIAN_POINT('',(-0.0098,0.590970964756042,-0.00565803263805833));
#1670=CARTESIAN_POINT('',(-0.0098,0.590970964756042,8.67361737988404E-19));
#1671=CARTESIAN_POINT('',(-0.0098,0.321647868207934,0.155493762291035));
#1672=CARTESIAN_POINT('',(-0.0098,0.228986751345948,-0.005));
#1673=CARTESIAN_POINT('',(-0.0098,0.231873502691897,2.77555756156289E-17));
#1674=CARTESIAN_POINT('',(-0.0098,0.321647868207933,-0.155493762291035));
#1675=CARTESIAN_POINT('',(-0.0098,0.228986751345948,0.005));
#1676=CARTESIAN_POINT('',(-0.0098,0.590970964756042,0.005));
#1677=CARTESIAN_POINT('',(-0.0098,0.223213248654052,0.005));
#1678=CARTESIAN_POINT('',(-0.0098,0.312987614170089,0.160493762291035));
#1679=CARTESIAN_POINT('',(-0.0098,0.220326497308103,5.04808236756665E-18));
#1680=CARTESIAN_POINT('',(-0.0098,0.312987614170088,-0.160493762291034));
#1681=CARTESIAN_POINT('',(-0.0098,0.223213248654052,-0.005));
#1682=CARTESIAN_POINT('',(-0.0098,0.590970964756042,-0.00500000000000017));
#1683=CARTESIAN_POINT('',(-0.0098,0.2462,8.67361737988404E-19));
#1684=CARTESIAN_POINT('',(-0.0098,0.2462,0.00565803263805833));
#1685=CARTESIAN_POINT('',(-0.0098,0.206,8.67361737988404E-19));
#1686=CARTESIAN_POINT('',(-0.0098,0.206,0.00565803263805833));
#1687=CARTESIAN_POINT('',(-0.0098,0.590970964756042,0.00565803263805833));
#1688=CARTESIAN_POINT('',(-0.0049,0.590970964756042,0.0084870489570875));
#1689=CARTESIAN_POINT('',(-0.0049,0.2462,0.0084870489570875));
#1690=CARTESIAN_POINT('',(-0.0049,0.206,0.0084870489570875));
#1691=CARTESIAN_POINT('',(-3.46944695195361E-18,0.206,0.));
#1692=CARTESIAN_POINT('',(-0.250215995363639,0.230430127018922,0.00249999999999996));
#1693=CARTESIAN_POINT('',(-0.250215995363639,0.228986751345948,0.005));
#1694=CARTESIAN_POINT('',(-0.250215995363639,0.231873502691897,-3.34419924989464E-17));
#1695=CARTESIAN_POINT('',(-0.250215995363639,0.2261,0.00499999999999994));
#1696=CARTESIAN_POINT('',(-0.250215995363639,0.223213248654052,0.00499999999999991));
#1697=CARTESIAN_POINT('',(-0.250215995363639,0.221769872981078,0.00249999999999993));
#1698=CARTESIAN_POINT('',(-0.250215995363639,0.220326497308103,-5.27407911691884E-17));
#1699=CARTESIAN_POINT('',(-0.250215995363639,0.221769872981078,-0.00250000000000006));
#1700=CARTESIAN_POINT('',(-0.250215995363639,0.223213248654052,-0.00500000000000006));
#1701=CARTESIAN_POINT('',(-0.250215995363639,0.2261,-0.00500000000000006));
#1702=CARTESIAN_POINT('',(-0.250215995363639,0.228986751345948,-0.00500000000000009));
#1703=CARTESIAN_POINT('',(-0.250215995363639,0.230430127018923,-0.00250000000000009));
#1704=CARTESIAN_POINT('',(0.,0.2462,0.));
#1705=CARTESIAN_POINT('',(-0.00625,0.2462,-0.0108253175473055));
#1706=CARTESIAN_POINT('',(-2.38524477946811E-18,0.2462,-0.0144337567297406));
#1707=CARTESIAN_POINT('',(-0.0125,0.2462,-0.00721687836487032));
#1708=CARTESIAN_POINT('',(0.00625,0.2462,-0.0108253175473055));
#1709=CARTESIAN_POINT('',(0.0125,0.2462,-0.00721687836487032));
#1710=CARTESIAN_POINT('',(0.0125,0.2462,8.67361737988404E-19));
#1711=CARTESIAN_POINT('',(0.0125,0.2462,0.00721687836487032));
#1712=CARTESIAN_POINT('',(0.00625,0.2462,0.0108253175473055));
#1713=CARTESIAN_POINT('',(-1.7347234759768E-18,0.2462,0.0144337567297406));
#1714=CARTESIAN_POINT('',(-0.00625,0.2462,0.0108253175473055));
#1715=CARTESIAN_POINT('',(-0.0125,0.2462,0.00721687836487032));
#1716=CARTESIAN_POINT('',(-0.0125,0.2462,8.67361737988404E-19));
#1717=CARTESIAN_POINT('',(-0.00625,0.3962,-0.0108253175473055));
#1718=CARTESIAN_POINT('',(-0.0125,0.3962,-0.00721687836487032));
#1719=CARTESIAN_POINT('',(-0.0125,0.3962,-0.00721687836487032));
#1720=CARTESIAN_POINT('',(-0.00625,0.3962,-0.0108253175473055));
#1721=CARTESIAN_POINT('',(-2.38524477946811E-18,0.3962,-0.0144337567297406));
#1722=CARTESIAN_POINT('',(-2.38524477946811E-18,0.3962,-0.0144337567297406));
#1723=CARTESIAN_POINT('',(-0.0125,0.3962,8.67361737988404E-19));
#1724=CARTESIAN_POINT('',(-0.0125,0.3962,0.00721687836487032));
#1725=CARTESIAN_POINT('',(-0.0125,0.3962,0.00721687836487032));
#1726=CARTESIAN_POINT('',(-0.0125,0.3962,8.67361737988404E-19));
#1727=CARTESIAN_POINT('',(-0.00625,0.3962,0.0108253175473055));
#1728=CARTESIAN_POINT('',(-1.7347234759768E-18,0.3962,0.0144337567297406));
#1729=CARTESIAN_POINT('',(-1.7347234759768E-18,0.3962,0.0144337567297406));
#1730=CARTESIAN_POINT('',(-0.00625,0.3962,0.0108253175473055));
#1731=CARTESIAN_POINT('',(0.00625,0.3962,0.0108253175473055));
#1732=CARTESIAN_POINT('',(0.0125,0.3962,0.00721687836487032));
#1733=CARTESIAN_POINT('',(0.0125,0.3962,0.00721687836487032));
#1734=CARTESIAN_POINT('',(0.00625,0.3962,0.0108253175473055));
#1735=CARTESIAN_POINT('',(0.0125,0.3962,8.67361737988404E-19));
#1736=CARTESIAN_POINT('',(0.0125,0.3962,-0.00721687836487032));
#1737=CARTESIAN_POINT('',(0.0125,0.3962,-0.00721687836487032));
#1738=CARTESIAN_POINT('',(0.0125,0.3962,8.67361737988404E-19));
#1739=CARTESIAN_POINT('',(0.00625,0.3962,-0.0108253175473055));
#1740=CARTESIAN_POINT('',(0.00625,0.3962,-0.0108253175473055));
#1741=CARTESIAN_POINT('',(0.,0.3962,0.));
#1742=CARTESIAN_POINT('',(0.000172222399204242,0.3962,0.000133812383978686));
#1743=CARTESIAN_POINT('',(-0.00437621354619938,0.3962,0.00598784866860728));
#1744=CARTESIAN_POINT('',(0.00489422529768016,0.3962,-0.00594361217154392));
#1745=CARTESIAN_POINT('',(-0.00516264958908046,0.3962,0.00520830668744814));
#1746=CARTESIAN_POINT('',(-0.00725051124179083,0.3962,0.00313874766370081));
#1747=CARTESIAN_POINT('',(-0.00504234130241241,0.396199999996126,-0.00523275621901495));
#1748=CARTESIAN_POINT('',(-0.00577858901143144,0.396199999996126,-0.00244230532613199));
#1749=CARTESIAN_POINT('',(-0.00651462213200037,0.3962,0.000348202180918912));
#1750=CARTESIAN_POINT('',(-0.00725051124179082,0.3962,0.00313874766370081));
#1751=CARTESIAN_POINT('',(-0.00504234130240415,0.396199999996125,-0.00523275621898275));
#1752=CARTESIAN_POINT('',(0.00330908918003837,0.39619999999617,-0.00751485265672559));
#1753=CARTESIAN_POINT('',(0.000525229565024438,0.39619999999617,-0.00675433483574031));
#1754=CARTESIAN_POINT('',(-0.00225858737430062,0.3962,-0.00599366080010306));
#1755=CARTESIAN_POINT('',(-0.00504234130241304,0.3962,-0.00523275621895451));
#1756=CARTESIAN_POINT('',(0.00330908918003837,0.39619999999617,-0.00751485265672559));
#1757=CARTESIAN_POINT('',(0.00539725762286583,0.3962,-0.00544498953221797));
#1758=CARTESIAN_POINT('',(-0.0174000116604907,0.414951348560743,-0.0226460219926518));
#1759=CARTESIAN_POINT('',(-0.0180084177414345,0.414047383983721,-0.0232885519879));
#1760=CARTESIAN_POINT('',(-0.0142531535658144,0.412609485875815,-0.0248214245578473));
#1761=CARTESIAN_POINT('',(-0.02181214674279,0.415503839369615,-0.0217358964150792));
#1762=CARTESIAN_POINT('',(-0.0136680439556245,0.41343695582202,-0.0242363149476575));
#1763=CARTESIAN_POINT('',(-0.0236680439556245,0.399294820198289,-0.0342363149476574));
#1764=CARTESIAN_POINT('',(-0.0274000116604908,0.400809212937012,-0.0326460219926517));
#1765=CARTESIAN_POINT('',(-0.031131979365357,0.402323605675734,-0.0310557290376461));
#1766=CARTESIAN_POINT('',(-0.021131979365357,0.416465741299465,-0.0210557290376461));
#1767=CARTESIAN_POINT('',(-0.0226798629389834,0.41491833120032,-0.0173194771152561));
#1768=CARTESIAN_POINT('',(-0.0233221210245699,0.414014154931003,-0.0179278557277461));
#1769=CARTESIAN_POINT('',(-0.0248128561227998,0.41254345115497,-0.0141683348030561));
#1770=CARTESIAN_POINT('',(-0.0326798629389835,0.40077619557659,-0.0273194771152562));
#1771=CARTESIAN_POINT('',(-0.03422774651261,0.399228785477444,-0.0235832251928663));
#1772=CARTESIAN_POINT('',(-0.02422774651261,0.413370921101176,-0.0135832251928662));
#1773=CARTESIAN_POINT('',(-0.0267638111028776,0.3962,-0.0267638111028776));
#1774=CARTESIAN_POINT('',(-0.0239695854585405,0.406160935484951,-0.0436449268039555));
#1775=CARTESIAN_POINT('',(-0.0246757351327587,0.407150865792833,-0.0443387499969494));
#1776=CARTESIAN_POINT('',(-0.0436810302315798,0.406037670672708,-0.0237591592616784));
#1777=CARTESIAN_POINT('',(-0.0443871799057981,0.40702760098059,-0.0244529824546723));
#1778=CARTESIAN_POINT('',(-0.0295580367472148,0.38623906451505,-0.00988269540179974));
#1779=CARTESIAN_POINT('',(-0.0302641864214331,0.387228994822932,-0.0105765185947937));
#1780=CARTESIAN_POINT('',(-0.0233708228204682,0.408295421660297,-0.0472623087399007));
#1781=CARTESIAN_POINT('',(-0.0240265332322422,0.409214642660474,-0.0479065731333951));
#1782=CARTESIAN_POINT('',(-0.0473061486163017,0.408145742959716,-0.0231153052957071));
#1783=CARTESIAN_POINT('',(-0.0479618590280758,0.409064963959893,-0.0237595696892015));
#1784=CARTESIAN_POINT('',(-0.030156799385287,0.384104578339702,-0.00626531346585442));
#1785=CARTESIAN_POINT('',(-0.0308125097970611,0.385023799339879,-0.00690957785934879));
#1786=CARTESIAN_POINT('',(-0.0214839598243849,0.396233017360422,-0.0320903559802732));
#1787=CARTESIAN_POINT('',(-0.0225826435888414,0.397773229580188,-0.0331698612259419));
#1788=CARTESIAN_POINT('',(-0.0278437978506192,0.397773229580188,-0.0279087069641639));
#1789=CARTESIAN_POINT('',(-0.0144507580046775,0.397773229580188,-0.0413017468101058));
#1790=CARTESIAN_POINT('',(-0.0133881878640294,0.396283643979737,-0.0402577247922799));
#1791=CARTESIAN_POINT('',(-0.02297164772842,0.409718412443861,-0.0496738966971976));
#1792=CARTESIAN_POINT('',(-0.0363472709672682,0.409634768464125,-0.0361799830077953));
#1793=CARTESIAN_POINT('',(-0.0497228942061163,0.409551124484389,-0.022686069318393));
#1794=CARTESIAN_POINT('',(-0.0401394343417257,0.396116356020264,-0.0132698974134753));
#1795=CARTESIAN_POINT('',(-0.0305559744773352,0.382681587556139,-0.00385372550855763));
#1796=CARTESIAN_POINT('',(-0.0171877711434222,0.38276674248497,-0.0173423560977265));
#1797=CARTESIAN_POINT('',(-0.0191509419788969,0.382754237164052,-0.0153615000678088));
#1798=CARTESIAN_POINT('',(-0.0250692389155638,0.391115472901143,-0.0212677761087345));
#1799=CARTESIAN_POINT('',(-0.0251147590508266,0.391179782716245,-0.0213132037861827));
#1800=CARTESIAN_POINT('',(-0.0261276105452645,0.391590787062988,-0.0208816002131035));
#1801=CARTESIAN_POINT('',(-0.0298595782501306,0.393105179801711,-0.0192913072580977));
#1802=CARTESIAN_POINT('',(-0.0320436623813703,0.396166982639578,-0.021437266225482));
#1803=CARTESIAN_POINT('',(-0.0098465919741754,0.386362329327293,-0.0297684629440768));
#1804=CARTESIAN_POINT('',(-0.00986344936101711,0.386338489382195,-0.0297853203309185));
#1805=CARTESIAN_POINT('',(-0.00887541060317918,0.386337210799157,-0.0307771800488558));
#1806=CARTESIAN_POINT('',(-0.0128465919741754,0.382119688640173,-0.0327684629440768));
#1807=CARTESIAN_POINT('',(-0.0135527416483936,0.383109618948056,-0.0334622861370707));
#1808=CARTESIAN_POINT('',(-0.00622147358945347,0.384254257040283,-0.0304123169100481));
#1809=CARTESIAN_POINT('',(-0.00709836171066914,0.383014149966577,-0.0312892050312637));
#1810=CARTESIAN_POINT('',(-0.00616436017394712,0.382106031179243,-0.0316184346290629));
#1811=CARTESIAN_POINT('',(-0.00742419442531384,0.382107661482398,-0.0303537283254934));
#1812=CARTESIAN_POINT('',(-0.0085890187991754,0.380906042495164,-0.03277986211977));
#1813=CARTESIAN_POINT('',(-0.0077214735894535,0.382132936696724,-0.0319123169100481));
#1814=CARTESIAN_POINT('',(-0.00837718400122759,0.383052157696901,-0.0325565813035425));
#1815=CARTESIAN_POINT('',(-0.00624136315334313,0.384226128949281,-0.0304322064739377));
#1816=CARTESIAN_POINT('',(-0.00532389859249362,0.384224941693603,-0.0313532190691653));
#1817=CARTESIAN_POINT('',(-0.146541491987053,0.197121166977956,-0.156553649552818));
#1818=CARTESIAN_POINT('',(-0.149554527116646,0.197102325070941,-0.153513967942784));
#1819=CARTESIAN_POINT('',(-0.0182776508728213,0.382755863880933,-0.0222370916989595));
#1820=CARTESIAN_POINT('',(-0.0167831608495866,0.384869391940623,-0.0207426016757249));
#1821=CARTESIAN_POINT('',(-0.0133991641679253,0.384883740796211,-0.0241662459287088));
#1822=CARTESIAN_POINT('',(-0.0107656950171292,0.384894907257675,-0.0268305693225212));
#1823=CARTESIAN_POINT('',(-0.14352845685746,0.19714000888497,-0.159593331162852));
#1824=CARTESIAN_POINT('',(-0.012251580613635,0.382793547694961,-0.028316454919027));
#1825=CARTESIAN_POINT('',(-0.0201783973330786,0.382743977631181,-0.020319535543097));
#1826=CARTESIAN_POINT('',(-0.150767591378429,0.198802883921269,-0.154705857070749));
#1827=CARTESIAN_POINT('',(-0.15198065564021,0.200503442771597,-0.155897746198714));
#1828=CARTESIAN_POINT('',(-0.0207037793963855,0.386156981581588,-0.0246208699548887));
#1829=CARTESIAN_POINT('',(-0.019209262746702,0.388270547296763,-0.0231263533052053));
#1830=CARTESIAN_POINT('',(-0.0179947289502975,0.386567890812398,-0.0219330205273526));
#1831=CARTESIAN_POINT('',(-0.0263630646426203,0.394090565906193,-0.0301813672587401));
#1832=CARTESIAN_POINT('',(-0.148967620510617,0.200522284678611,-0.158937427808748));
#1833=CARTESIAN_POINT('',(-0.0158252659897816,0.388284896152669,-0.0265499976343301));
#1834=CARTESIAN_POINT('',(-0.0131917969142445,0.388296062613815,-0.0292143209520017));
#1835=CARTESIAN_POINT('',(-0.0226045258566428,0.386145095331836,-0.0227033137990262));
#1836=CARTESIAN_POINT('',(-0.0146777091371991,0.386194665395616,-0.0307002331749562));
#1837=CARTESIAN_POINT('',(-0.145954585381024,0.200541126585625,-0.161977109418781));
#1838=CARTESIAN_POINT('',(-0.144741521119242,0.198840567735297,-0.160785220290816));
#1839=CARTESIAN_POINT('',(-0.011977263213938,0.386593406264169,-0.0280209882685694));
#1840=CARTESIAN_POINT('',(-0.020336994383434,0.394128249720221,-0.0362607304788076));
#1841=CARTESIAN_POINT('',(-0.0133881878640294,0.396283643979737,-0.0402577247922799));
#1842=CARTESIAN_POINT('',(-0.0139963656796663,0.39807662668472,-0.0408494571316836));
#1843=CARTESIAN_POINT('',(-0.0144804134493416,0.397753428682265,-0.0413312650277172));
#1844=CARTESIAN_POINT('',(-0.013409993945581,0.396252806209292,-0.0402795308695802));
#1845=CARTESIAN_POINT('',(-0.00382599749261816,0.382817890517761,-0.0308641141725444));
#1846=CARTESIAN_POINT('',(-0.00380472799963883,0.382848875515611,-0.0308415528873622));
#1847=CARTESIAN_POINT('',(-0.00504003225309177,0.381103031571415,-0.0320752406804247));
#1848=CARTESIAN_POINT('',(-0.00380472799963883,0.382848875515611,-0.0308415528873622));
#1849=CARTESIAN_POINT('',(-0.00530472799963888,0.380727555172051,-0.0323415528873622));
#1850=CARTESIAN_POINT('',(-0.0148881878640295,0.394162323636177,-0.0417577247922799));
#1851=CARTESIAN_POINT('',(-0.0244716477284201,0.407597092100302,-0.0511738966971976));
#1852=CARTESIAN_POINT('',(-0.02297164772842,0.409718412443861,-0.0496738966971976));
#1853=CARTESIAN_POINT('',(-0.0171803512384871,0.382765231535874,-0.0173476391979599));
#1854=CARTESIAN_POINT('',(-0.0171831715922238,0.382761254161546,-0.0173504435601386));
#1855=CARTESIAN_POINT('',(-0.0189112064242405,0.382753926931472,-0.0156021627318344));
#1856=CARTESIAN_POINT('',(-0.0171869179422461,0.382764638518953,-0.0173418019323036));
#1857=CARTESIAN_POINT('',(-0.0305559744773352,0.382681587556139,-0.0038537255085576));
#1858=CARTESIAN_POINT('',(-0.0317905609374292,0.380936857566033,-0.00508655812865159));
#1859=CARTESIAN_POINT('',(-0.0305559744773352,0.382681587556139,-0.0038537255085576));
#1860=CARTESIAN_POINT('',(-0.0320559744773352,0.380560267212579,-0.00535372550855763));
#1861=CARTESIAN_POINT('',(-0.0186803512384871,0.380643911192315,-0.0188476391979599));
#1862=CARTESIAN_POINT('',(-0.0180421503157689,0.382619274214644,-0.0182068519208832));
#1863=CARTESIAN_POINT('',(-0.0322283433695354,0.381174972742127,-0.00833685745010281));
#1864=CARTESIAN_POINT('',(-0.0300437399423856,0.382136932568176,-0.00764670812162015));
#1865=CARTESIAN_POINT('',(-0.0315345409046469,0.382138861756488,-0.00615014190880771));
#1866=CARTESIAN_POINT('',(-0.0187863943373533,0.382122364869254,-0.0189475883228835));
#1867=CARTESIAN_POINT('',(-0.0181814640297929,0.380314571007668,-0.0183426580153231));
#1868=CARTESIAN_POINT('',(-0.0310329856682583,0.38286546381516,-0.00714149974882568));
#1869=CARTESIAN_POINT('',(-0.0180421503157689,0.382619274214644,-0.0182068519208832));
#1870=CARTESIAN_POINT('',(-0.0187863943373533,0.382122364869254,-0.0189475883228835));
#1871=CARTESIAN_POINT('',(-0.0181814640297929,0.380314571007668,-0.0183426580153231));
#1872=CARTESIAN_POINT('',(-0.030156799385287,0.384104578339702,-0.00626531346585442));
#1873=CARTESIAN_POINT('',(-0.0316567993852871,0.381983257996143,-0.00776531346585445));
#1874=CARTESIAN_POINT('',(-0.0323125097970611,0.38290247899632,-0.00840957785934882));
#1875=CARTESIAN_POINT('',(-0.0473061486163017,0.408145742959716,-0.0231153052957071));
#1876=CARTESIAN_POINT('',(-0.0488061486163018,0.406024422616157,-0.0246153052957072));
#1877=CARTESIAN_POINT('',(-0.0494618590280759,0.406943643616334,-0.0252595696892015));
#1878=CARTESIAN_POINT('',(-0.0233708228204682,0.408295421660297,-0.0472623087399007));
#1879=CARTESIAN_POINT('',(-0.0248708228204682,0.406174101316738,-0.0487623087399008));
#1880=CARTESIAN_POINT('',(-0.0255265332322423,0.407093322316915,-0.0494065731333952));
#1881=CARTESIAN_POINT('',(-0.0295580367472148,0.38623906451505,-0.00988269540179974));
#1882=CARTESIAN_POINT('',(-0.0325580367472148,0.38199642382793,-0.0128826954017997));
#1883=CARTESIAN_POINT('',(-0.0332641864214331,0.382986354135813,-0.0135765185947937));
#1884=CARTESIAN_POINT('',(-0.0436810302315798,0.406037670672708,-0.0237591592616784));
#1885=CARTESIAN_POINT('',(-0.0466810302315798,0.401795029985589,-0.0267591592616784));
#1886=CARTESIAN_POINT('',(-0.0473871799057981,0.402784960293471,-0.0274529824546723));
#1887=CARTESIAN_POINT('',(-0.0239695854585405,0.406160935484951,-0.0436449268039555));
#1888=CARTESIAN_POINT('',(-0.0269695854585404,0.401918294797832,-0.0466449268039555));
#1889=CARTESIAN_POINT('',(-0.0276757351327587,0.402908225105714,-0.0473387499969494));
#1890=CARTESIAN_POINT('',(-0.0363472709672682,0.409634768464125,-0.0361799830077953));
#1891=CARTESIAN_POINT('',(-0.0378472709672683,0.407513448120566,-0.0376799830077953));
#1892=CARTESIAN_POINT('',(-0.0512228942061164,0.407429804140829,-0.024186069318393));
#1893=CARTESIAN_POINT('',(-0.0497228942061163,0.409551124484389,-0.022686069318393));
#1894=CARTESIAN_POINT('',(-0.0282638111028777,0.394078679656441,-0.0282638111028776));
#1895=CARTESIAN_POINT('',(-0.0113465919741754,0.384241008983733,-0.0312684629440768));
#1896=CARTESIAN_POINT('',(-0.013306183768402,0.385626649629788,-0.0312684629440768));
#1897=CARTESIAN_POINT('',(-0.0254695854585404,0.404039615141391,-0.0451449268039554));
#1898=CARTESIAN_POINT('',(-0.0274291772527669,0.405425255787446,-0.0451449268039554));
#1899=CARTESIAN_POINT('',(-0.0451810302315798,0.403916350329148,-0.0252591592616784));
#1900=CARTESIAN_POINT('',(-0.0471406220258063,0.405301990975203,-0.0252591592616784));
#1901=CARTESIAN_POINT('',(-0.0310580367472148,0.384117744171489,-0.0113826954017997));
#1902=CARTESIAN_POINT('',(-0.0330176285414413,0.385503384817545,-0.0113826954017997));
#1903=CARTESIAN_POINT('',(-0.0416394343417257,0.393995035676704,-0.0147698974134752));
#1904=CARTESIAN_POINT('',(-0.0401394343417257,0.396116356020264,-0.0132698974134753));
#1905=CARTESIAN_POINT('',(-0.0166929759866241,0.381308389698447,-0.0168611852113226));
#1906=CARTESIAN_POINT('',(-0.00150742838709695,0.382731405370223,-0.0330732449520702));
#1907=CARTESIAN_POINT('',(-0.00742572532376395,0.391092641107314,-0.0389795209929959));
#1908=CARTESIAN_POINT('',(-0.0121382561263427,0.397750397786358,-0.0436824799809021));
#1909=CARTESIAN_POINT('',(-0.0297817697181426,0.397773229580188,-0.0259707350966405));
#1910=CARTESIAN_POINT('',(-0.0250692389155638,0.391115472901143,-0.0212677761087345));
#1911=CARTESIAN_POINT('',(-0.0121395374461557,0.397749542287663,-0.043683755261859));
#1912=CARTESIAN_POINT('',(-0.0278437978506192,0.397773229580188,-0.0279087069641639));
#1913=CARTESIAN_POINT('',(-0.0307534928950023,0.398060635586972,-0.0254054653924829));
#1914=CARTESIAN_POINT('',(-0.0214839598243849,0.396233017360422,-0.0320903559802732));
#1915=CARTESIAN_POINT('',(-0.0192998756931453,0.393171214522555,-0.029944397012889));
#1916=CARTESIAN_POINT('',(-0.0208477592667718,0.39162380442341,-0.0262081450904991));
#1917=CARTESIAN_POINT('',(-0.0223956428403983,0.390076394324266,-0.0224718931681091));
#1918=CARTESIAN_POINT('',(-0.0261276105452645,0.391590787062988,-0.0208816002131035));
#1919=CARTESIAN_POINT('',(-0.0220436623813703,0.410309118263308,-0.011437266225482));
#1920=CARTESIAN_POINT('',(-0.00417807131583114,0.396210148635021,0.00618431685080811));
#1921=CARTESIAN_POINT('',(-0.00110527922882356,0.396367533788746,0.00923114777874157));
#1922=CARTESIAN_POINT('',(-0.0248206591544827,0.412553473509233,-0.0141760073067268));
#1923=CARTESIAN_POINT('',(-0.0247233956163923,0.412693593259004,-0.014078727848431));
#1924=CARTESIAN_POINT('',(-0.0246253329633477,0.412831777548451,-0.0139806682776323));
#1925=CARTESIAN_POINT('',(-0.0244770887261819,0.413036142231339,-0.0138324567961447));
#1926=CARTESIAN_POINT('',(-0.0244274822684012,0.413103778503133,-0.0137828659456436));
#1927=CARTESIAN_POINT('',(-0.0243278939486216,0.413238079097132,-0.0136833181560638));
#1928=CARTESIAN_POINT('',(-0.0242831907129714,0.413297780500006,-0.013638636730466));
#1929=CARTESIAN_POINT('',(-0.0241583277052347,0.413462496654088,-0.0135138472808407));
#1930=CARTESIAN_POINT('',(-0.0240752694726323,0.41357039218231,-0.0134308483478877));
#1931=CARTESIAN_POINT('',(-0.0239215541800377,0.413766505569146,-0.0132772649182308));
#1932=CARTESIAN_POINT('',(-0.0238442883832275,0.413863442285542,-0.0132000755731578));
#1933=CARTESIAN_POINT('',(-0.0236113076062569,0.41415088603735,-0.0129673553923235));
#1934=CARTESIAN_POINT('',(-0.0234544093614339,0.41433802661987,-0.0128106725320827));
#1935=CARTESIAN_POINT('',(-0.02297930569839,0.414885933304243,-0.012336337447448));
#1936=CARTESIAN_POINT('',(-0.022656693486921,0.415233184160923,-0.0120144008368961));
#1937=CARTESIAN_POINT('',(-0.0216737481868407,0.416220502393782,-0.0110339522042987));
#1938=CARTESIAN_POINT('',(-0.0209983428835063,0.416806157678867,-0.0103608373750282));
#1939=CARTESIAN_POINT('',(-0.018930698097184,0.418342174796763,-0.00830179676768217));
#1940=CARTESIAN_POINT('',(-0.017497399817554,0.419072927900648,-0.00687653339953098));
#1941=CARTESIAN_POINT('',(-0.0146098467919098,0.419911662565573,-0.00400909424511315));
#1942=CARTESIAN_POINT('',(-0.0131537928361644,0.420020866758222,-0.00256512744282363));
#1943=CARTESIAN_POINT('',(-0.0103152615152771,0.41952288560806,0.000245433914495965));
#1944=CARTESIAN_POINT('',(-0.00892857202855654,0.418910174748736,0.00161616941607424));
#1945=CARTESIAN_POINT('',(-0.0063835039982912,0.416807656815652,0.00412589408911307));
#1946=CARTESIAN_POINT('',(-0.00532238777156371,0.415355787432071,0.00516870872772211));
#1947=CARTESIAN_POINT('',(-0.00363128278805245,0.412097121854444,0.0068247898228996));
#1948=CARTESIAN_POINT('',(-0.00299091142552582,0.41028670675762,0.0074483254365778));
#1949=CARTESIAN_POINT('',(-0.0020083623815535,0.406488542683901,0.00839871778107316));
#1950=CARTESIAN_POINT('',(-0.001666285855973,0.404496538902903,0.00872544786858946));
#1951=CARTESIAN_POINT('',(-0.0012170913807596,0.400449536569503,0.00914561868122555));
#1952=CARTESIAN_POINT('',(-0.00111070185605957,0.398394148382295,0.00923833495189531));
#1953=CARTESIAN_POINT('',(-0.00110527922882356,0.396367533788746,0.00923114777874157));
#1954=CARTESIAN_POINT('',(-0.0248206591544827,0.412553473509233,-0.0141760073067268));
#1955=CARTESIAN_POINT('',(-0.0225437108082156,0.409628920092937,-0.0119371474308834));
#1956=CARTESIAN_POINT('',(-0.0198595782501306,0.407247315425442,-0.00929130725809771));
#1957=CARTESIAN_POINT('',(-0.0198582029400342,0.407249260020981,-0.00928993195039806));
#1958=CARTESIAN_POINT('',(-0.0202667624619486,0.406704366676641,-0.00969828755504014));
#1959=CARTESIAN_POINT('',(-0.020199759861206,0.406797741720145,-0.00963129351426338));
#1960=CARTESIAN_POINT('',(-0.0201323089113921,0.406889674774106,-0.00956386399313438));
#1961=CARTESIAN_POINT('',(-0.0200304995808342,0.407025411874059,-0.00946210575823703));
#1962=CARTESIAN_POINT('',(-0.0199964576556717,0.407070297157391,-0.00942808402372722));
#1963=CARTESIAN_POINT('',(-0.0199281695031026,0.407159346909422,-0.00935984251149217));
#1964=CARTESIAN_POINT('',(-0.0198975371783198,0.407198902541977,-0.0093292335247116));
#1965=CARTESIAN_POINT('',(-0.0198120518450791,0.407307930685645,-0.0092438217469105));
#1966=CARTESIAN_POINT('',(-0.0197552493349857,0.407379260492907,-0.0091870750312708));
#1967=CARTESIAN_POINT('',(-0.019650263188162,0.407508721807385,-0.00908220673009992));
#1968=CARTESIAN_POINT('',(-0.0195975549628367,0.407572624499295,-0.00902956444592782));
#1969=CARTESIAN_POINT('',(-0.019438820558854,0.407761847964082,-0.00887104861163659));
#1970=CARTESIAN_POINT('',(-0.0193321845081342,0.407884684191216,-0.0087645859365317));
#1971=CARTESIAN_POINT('',(-0.0190101278288728,0.408243246064437,-0.00844312987527966));
#1972=CARTESIAN_POINT('',(-0.0187925561681834,0.40846902511606,-0.00822606596880338));
#1973=CARTESIAN_POINT('',(-0.018133652082523,0.409106482683853,-0.00756898660008093));
#1974=CARTESIAN_POINT('',(-0.0176860878261242,0.409478255540328,-0.0071230412970151));
#1975=CARTESIAN_POINT('',(-0.0163392975818408,0.410433573270301,-0.00578213562038059));
#1976=CARTESIAN_POINT('',(-0.0154355403544745,0.410855546743923,-0.00488368525287281));
#1977=CARTESIAN_POINT('',(-0.0137411617168356,0.411289528826852,-0.00320146978951934));
#1978=CARTESIAN_POINT('',(-0.0129526490659242,0.411300104448556,-0.0024198038497992));
#1979=CARTESIAN_POINT('',(-0.0116069470703717,0.410998368518895,-0.00108776891134185));
#1980=CARTESIAN_POINT('',(-0.0110546945438065,0.410692533163274,-0.000542253309957266));
#1981=CARTESIAN_POINT('',(-0.0101669678449357,0.409870904364023,0.000332598407092873));
#1982=CARTESIAN_POINT('',(-0.00973563294227008,0.409271318410557,0.000756435517887851));
#1983=CARTESIAN_POINT('',(-0.00890487031194243,0.40756554439778,0.0015693420231031));
#1984=CARTESIAN_POINT('',(-0.0085176115452051,0.406463597870002,0.00194637542374887));
#1985=CARTESIAN_POINT('',(-0.007885202036842,0.40388619541918,0.00255726469628159));
#1986=CARTESIAN_POINT('',(-0.00763993273732338,0.402415726338166,0.00279126899842457));
#1987=CARTESIAN_POINT('',(-0.00732001249375919,0.399308508297107,0.00308912421341545));
#1988=CARTESIAN_POINT('',(-0.00724450794254977,0.39767222064935,0.0031538241097821));
#1989=CARTESIAN_POINT('',(-0.00725086340283856,0.396052763481296,0.00313748592287477));
#1990=CARTESIAN_POINT('',(-0.0161276105452645,0.40573292268672,-0.0108816002131034));
#1991=CARTESIAN_POINT('',(-0.0123956428403983,0.404218529947997,-0.0124718931681091));
#1992=CARTESIAN_POINT('',(-0.0123956428403983,0.404218529947997,-0.0124718931681091));
#1993=CARTESIAN_POINT('',(-0.0161276105452645,0.40573292268672,-0.0108816002131034));
#1994=CARTESIAN_POINT('',(-0.0108477592667718,0.405765940047142,-0.016208145090499));
#1995=CARTESIAN_POINT('',(-0.00929987569314523,0.407313350146286,-0.019944397012889));
#1996=CARTESIAN_POINT('',(-0.00929845986646509,0.407315351995112,-0.0199429811888896));
#1997=CARTESIAN_POINT('',(-0.0108477592667718,0.405765940047142,-0.016208145090499));
#1998=CARTESIAN_POINT('',(-0.0114839598243849,0.410375152984153,-0.0220903559802732));
#1999=CARTESIAN_POINT('',(-0.00970705990496325,0.406770401397485,-0.0203513773098314));
#2000=CARTESIAN_POINT('',(-0.00964005730421365,0.406863776440986,-0.0202843832690499));
#2001=CARTESIAN_POINT('',(-0.00957260635440755,0.406955709494946,-0.0202169537479264));
#2002=CARTESIAN_POINT('',(-0.00947079702384841,0.407091446594906,-0.0201151955130279));
#2003=CARTESIAN_POINT('',(-0.0094367550986863,0.407136331878233,-0.0200811737785186));
#2004=CARTESIAN_POINT('',(-0.00936846694611722,0.40722538163027,-0.0200129322662833));
#2005=CARTESIAN_POINT('',(-0.00933783462133475,0.407264937262819,-0.0199823232795026));
#2006=CARTESIAN_POINT('',(-0.00925234928809331,0.407373965406494,-0.019896911501702));
#2007=CARTESIAN_POINT('',(-0.0091955467780008,0.407445295213754,-0.0198401647860623));
#2008=CARTESIAN_POINT('',(-0.00909056063117622,0.407574756528226,-0.0197352964848908));
#2009=CARTESIAN_POINT('',(-0.00903785240585122,0.407638659220137,-0.0196826542007188));
#2010=CARTESIAN_POINT('',(-0.00887911800186892,0.407827882684934,-0.0195241383664282));
#2011=CARTESIAN_POINT('',(-0.00877248195114908,0.407950718912068,-0.0194176756913225));
#2012=CARTESIAN_POINT('',(-0.00845042527188703,0.408309280785268,-0.0190962196300718));
#2013=CARTESIAN_POINT('',(-0.00823285361119555,0.408535059836905,-0.0188791557235971));
#2014=CARTESIAN_POINT('',(-0.00757394952554264,0.409172517404698,-0.0182220763548671));
#2015=CARTESIAN_POINT('',(-0.00712638526913879,0.409544290261172,-0.0177761310518127));
#2016=CARTESIAN_POINT('',(-0.00577959502485551,0.410499607991145,-0.0164352253751591));
#2017=CARTESIAN_POINT('',(-0.00487583779748915,0.410921581464721,-0.015536775007664));
#2018=CARTESIAN_POINT('',(-0.00318145915985022,0.411355563547743,-0.0138545595443106));
#2019=CARTESIAN_POINT('',(-0.00239294650898123,0.4113661391694,-0.0130728936045693));
#2020=CARTESIAN_POINT('',(-0.00104724451334401,0.41106440323974,-0.0117408586661543));
#2021=CARTESIAN_POINT('',(-0.000494991986821244,0.410758567884078,-0.0111953430647086));
#2022=CARTESIAN_POINT('',(0.000392734712049582,0.40993693908491,-0.0103204913477396));
#2023=CARTESIAN_POINT('',(0.000824069614758556,0.409337353131402,-0.00989665423686004));
#2024=CARTESIAN_POINT('',(0.00165483224499952,0.407631579118625,-0.00908374773173148));
#2025=CARTESIAN_POINT('',(0.0020420910117802,0.406529632590893,-0.00870671433104236));
#2026=CARTESIAN_POINT('',(0.0026745005201433,0.403952230139977,-0.00809582505850964));
#2027=CARTESIAN_POINT('',(0.00291976981963656,0.40248176105896,-0.00786182075634134));
#2028=CARTESIAN_POINT('',(0.00323969006325146,0.399374543018002,-0.00756396554140116));
#2029=CARTESIAN_POINT('',(0.00331519461423144,0.397738255370156,-0.00749926564488141));
#2030=CARTESIAN_POINT('',(0.00330883915414678,0.396118798202141,-0.00751560383191649));
#2031=CARTESIAN_POINT('',(-0.0119840082512302,0.409694954813782,-0.0225902371856747));
#2032=CARTESIAN_POINT('',(-0.0142609565974972,0.412619508230078,-0.024829097061518));
#2033=CARTESIAN_POINT('',(-0.0142609565974973,0.412619508230078,-0.024829097061518));
#2034=CARTESIAN_POINT('',(-0.0141636930593958,0.41275962797984,-0.0247318176032109));
#2035=CARTESIAN_POINT('',(-0.0140656304063634,0.412897812269286,-0.024633758032424));
#2036=CARTESIAN_POINT('',(-0.0139173861691959,0.413102176952188,-0.0244855465509357));
#2037=CARTESIAN_POINT('',(-0.0138677797114158,0.413169813223978,-0.024435955700435));
#2038=CARTESIAN_POINT('',(-0.0137681913916362,0.413304113817976,-0.0243364079108549));
#2039=CARTESIAN_POINT('',(-0.0137234881559859,0.413363815220854,-0.0242917264852574));
#2040=CARTESIAN_POINT('',(-0.0135986251482493,0.413528531374929,-0.0241669370356316));
#2041=CARTESIAN_POINT('',(-0.0135155669156466,0.413636426903157,-0.0240839381026787));
#2042=CARTESIAN_POINT('',(-0.0133618516230525,0.413832540289987,-0.0239303546730222));
#2043=CARTESIAN_POINT('',(-0.0132845858262419,0.413929477006386,-0.0238531653279491));
#2044=CARTESIAN_POINT('',(-0.0130516050492719,0.414216920758194,-0.0236204451471145));
#2045=CARTESIAN_POINT('',(-0.012894706804448,0.414404061340721,-0.0234637622868738));
#2046=CARTESIAN_POINT('',(-0.0124196031414054,0.414951968025073,-0.0229894272022392));
#2047=CARTESIAN_POINT('',(-0.0120969909299355,0.415299218881768,-0.0226674905916856));
#2048=CARTESIAN_POINT('',(-0.0111140456298553,0.416286537114627,-0.0216870419590933));
#2049=CARTESIAN_POINT('',(-0.0104386403265208,0.416872192399736,-0.021013927129829));
#2050=CARTESIAN_POINT('',(-0.00837099554019854,0.418408209517556,-0.0189548865224542));
#2051=CARTESIAN_POINT('',(-0.00693769726056864,0.419138962621493,-0.0175296231542989));
#2052=CARTESIAN_POINT('',(-0.00405014423492445,0.419977697286417,-0.0146621839999277));
#2053=CARTESIAN_POINT('',(-0.00259409027920025,0.420086901479067,-0.0132182171975938));
#2054=CARTESIAN_POINT('',(0.00024444104172942,0.419588920328903,-0.0104076558403165));
#2055=CARTESIAN_POINT('',(0.00163113052846869,0.41897620946958,-0.00903692033871711));
#2056=CARTESIAN_POINT('',(0.00417619855865286,0.416873691536496,-0.00652719566567828));
#2057=CARTESIAN_POINT('',(0.00523731478537819,0.415421822152916,-0.00548438102706929));
#2058=CARTESIAN_POINT('',(0.00692841976897614,0.412163156575288,-0.0038282999318918));
#2059=CARTESIAN_POINT('',(0.00756879113145942,0.410352741478416,-0.00320476431816598));
#2060=CARTESIAN_POINT('',(0.00855134017543175,0.406554577404793,-0.00225437197376587));
#2061=CARTESIAN_POINT('',(0.00889341670106294,0.404562573623747,-0.00192764188620194));
#2062=CARTESIAN_POINT('',(0.00934261117617494,0.400515571290348,-0.00150747107356584));
#2063=CARTESIAN_POINT('',(0.00944900070102736,0.39846018310314,-0.00141475480289555));
#2064=CARTESIAN_POINT('',(0.00945442332816168,0.39643356850959,-0.00142194197604983));
#2065=CARTESIAN_POINT('',(0.00945442332816168,0.39643356850959,-0.00142194197604983));
#2066=CARTESIAN_POINT('',(0.00638163124115423,0.396276183355866,-0.00446877290398317));
#2067=CARTESIAN_POINT('',(-0.021310476970638,0.411438424535325,-0.0159623047436542));
#2068=CARTESIAN_POINT('',(-0.0233192076883698,0.414032258897593,-0.0179587096833463));
#2069=CARTESIAN_POINT('',(-0.021817756222257,0.415511044285952,-0.0217414120599657));
#2070=CARTESIAN_POINT('',(-0.0180393564098771,0.414065276258015,-0.0232852545607419));
#2071=CARTESIAN_POINT('',(-0.0142609565974973,0.412619508230078,-0.024829097061518));
#2072=CARTESIAN_POINT('',(-0.0141636930593958,0.41275962797984,-0.0247318176032109));
#2073=CARTESIAN_POINT('',(-0.0140656304063634,0.412897812269286,-0.024633758032424));
#2074=CARTESIAN_POINT('',(-0.0139173861691959,0.413102176952188,-0.0244855465509357));
#2075=CARTESIAN_POINT('',(-0.0138677797114158,0.413169813223978,-0.024435955700435));
#2076=CARTESIAN_POINT('',(-0.0137681913916362,0.413304113817976,-0.0243364079108549));
#2077=CARTESIAN_POINT('',(-0.0137234881559859,0.413363815220854,-0.0242917264852574));
#2078=CARTESIAN_POINT('',(-0.0135986251482493,0.413528531374929,-0.0241669370356316));
#2079=CARTESIAN_POINT('',(-0.0135155669156466,0.413636426903157,-0.0240839381026787));
#2080=CARTESIAN_POINT('',(-0.0133618516230525,0.413832540289987,-0.0239303546730222));
#2081=CARTESIAN_POINT('',(-0.0132845858262419,0.413929477006386,-0.0238531653279491));
#2082=CARTESIAN_POINT('',(-0.0130516050492719,0.414216920758194,-0.0236204451471145));
#2083=CARTESIAN_POINT('',(-0.012894706804448,0.414404061340721,-0.0234637622868738));
#2084=CARTESIAN_POINT('',(-0.0124196031414054,0.414951968025073,-0.0229894272022392));
#2085=CARTESIAN_POINT('',(-0.0120969909299355,0.415299218881768,-0.0226674905916856));
#2086=CARTESIAN_POINT('',(-0.0111140456298553,0.416286537114627,-0.0216870419590933));
#2087=CARTESIAN_POINT('',(-0.0104386403265208,0.416872192399736,-0.021013927129829));
#2088=CARTESIAN_POINT('',(-0.00837099554019854,0.418408209517556,-0.0189548865224542));
#2089=CARTESIAN_POINT('',(-0.00693769726056864,0.419138962621493,-0.0175296231542989));
#2090=CARTESIAN_POINT('',(-0.00405014423492445,0.419977697286417,-0.0146621839999277));
#2091=CARTESIAN_POINT('',(-0.00259409027920025,0.420086901479067,-0.0132182171975938));
#2092=CARTESIAN_POINT('',(0.00024444104172942,0.419588920328903,-0.0104076558403165));
#2093=CARTESIAN_POINT('',(0.00163113052846869,0.41897620946958,-0.00903692033871711));
#2094=CARTESIAN_POINT('',(0.00417619855865286,0.416873691536496,-0.00652719566567828));
#2095=CARTESIAN_POINT('',(0.00523731478537819,0.415421822152916,-0.00548438102706929));
#2096=CARTESIAN_POINT('',(0.00692841976897614,0.412163156575288,-0.0038282999318918));
#2097=CARTESIAN_POINT('',(0.00756879113145942,0.410352741478416,-0.00320476431816598));
#2098=CARTESIAN_POINT('',(0.00855134017543175,0.406554577404793,-0.00225437197376587));
#2099=CARTESIAN_POINT('',(0.00889341670106294,0.404562573623747,-0.00192764188620194));
#2100=CARTESIAN_POINT('',(0.00934261117617494,0.400515571290348,-0.00150747107356584));
#2101=CARTESIAN_POINT('',(0.00944900070102736,0.39846018310314,-0.00141475480289555));
#2102=CARTESIAN_POINT('',(0.00945442332816168,0.39643356850959,-0.00142194197604983));
#2103=CARTESIAN_POINT('',(-0.021817756222257,0.415511044285952,-0.0217414120599657));
#2104=CARTESIAN_POINT('',(-0.0217053622156676,0.415674536389064,-0.0216289898930794));
#2105=CARTESIAN_POINT('',(-0.0215919937108336,0.415835846296044,-0.0215156152972772));
#2106=CARTESIAN_POINT('',(-0.0214205320203627,0.416074524770403,-0.0213441771924939));
#2107=CARTESIAN_POINT('',(-0.0213631432962731,0.416153536536429,-0.0212868017839974));
#2108=CARTESIAN_POINT('',(-0.0212479048928886,0.416310462551406,-0.0211716008557452));
#2109=CARTESIAN_POINT('',(-0.0211961662018044,0.416380236839452,-0.0211198832107385));
#2110=CARTESIAN_POINT('',(-0.0210516143568199,0.416572796998721,-0.0209754049252015));
#2111=CARTESIAN_POINT('',(-0.0209554282629625,0.416698975387435,-0.0208792798835918));
#2112=CARTESIAN_POINT('',(-0.0207773483974831,0.416928414810447,-0.0207013388896917));
#2113=CARTESIAN_POINT('',(-0.02068780381493,0.417041868539088,-0.0206118760141684));
#2114=CARTESIAN_POINT('',(-0.020417699851466,0.417378422434402,-0.0203420536600624));
#2115=CARTESIAN_POINT('',(-0.0202356705095906,0.417597715194625,-0.0201602607072537));
#2116=CARTESIAN_POINT('',(-0.0196840433546567,0.418240294284554,-0.0196094861109278));
#2117=CARTESIAN_POINT('',(-0.0193089108677983,0.418648281043783,-0.0192351131483346));
#2118=CARTESIAN_POINT('',(-0.0181639449605043,0.419810529609156,-0.0180929798838098));
#2119=CARTESIAN_POINT('',(-0.017374619133711,0.420503126108597,-0.0173062802914303));
#2120=CARTESIAN_POINT('',(-0.01494654707635,0.422329492920339,-0.0148881722187285));
#2121=CARTESIAN_POINT('',(-0.0132484782706244,0.423214635839479,-0.013199502350279));
#2122=CARTESIAN_POINT('',(-0.00976433805093097,0.424255746795309,-0.00973945135028235));
#2123=CARTESIAN_POINT('',(-0.00797451344278128,0.424414265273478,-0.00796433411675267));
#2124=CARTESIAN_POINT('',(-0.00438956745924778,0.423818161513064,-0.00441450954995955));
#2125=CARTESIAN_POINT('',(-0.00258565949245896,0.423052012901929,-0.00263116409836564));
#2126=CARTESIAN_POINT('',(0.000788079203544203,0.420309050401846,0.000695997052789283));
#2127=CARTESIAN_POINT('',(0.00216408609226035,0.418431039303251,0.00204830045530856));
#2128=CARTESIAN_POINT('',(0.00428536225240675,0.414395927943198,0.00412596884533713));
#2129=CARTESIAN_POINT('',(0.00505228991287773,0.412231278561922,0.00487275556566801));
#2130=CARTESIAN_POINT('',(0.0062099087245118,0.407822733676612,0.0059928994460018));
#2131=CARTESIAN_POINT('',(0.00660038886325808,0.405569962545669,0.00636599242626345));
#2132=CARTESIAN_POINT('',(0.00711422045416933,0.401053068066149,0.0068473210377475));
#2133=CARTESIAN_POINT('',(0.00723605227429382,0.398788134940211,0.00695404533840223));
#2134=CARTESIAN_POINT('',(0.00724736413667645,0.396557936302892,0.00695143382927924));
#2135=CARTESIAN_POINT('',(-0.021817756222257,0.415511044285952,-0.0217414120599657));
#2136=CARTESIAN_POINT('',(-0.0217053622156676,0.415674536389064,-0.0216289898930794));
#2137=CARTESIAN_POINT('',(-0.0215919937108336,0.415835846296044,-0.0215156152972772));
#2138=CARTESIAN_POINT('',(-0.0214205320203627,0.416074524770403,-0.0213441771924939));
#2139=CARTESIAN_POINT('',(-0.0213631432962731,0.416153536536429,-0.0212868017839974));
#2140=CARTESIAN_POINT('',(-0.0212479048928886,0.416310462551406,-0.0211716008557452));
#2141=CARTESIAN_POINT('',(-0.0211961662018044,0.416380236839452,-0.0211198832107385));
#2142=CARTESIAN_POINT('',(-0.0210516143568199,0.416572796998721,-0.0209754049252015));
#2143=CARTESIAN_POINT('',(-0.0209554282629625,0.416698975387435,-0.0208792798835918));
#2144=CARTESIAN_POINT('',(-0.0207773483974831,0.416928414810447,-0.0207013388896917));
#2145=CARTESIAN_POINT('',(-0.02068780381493,0.417041868539088,-0.0206118760141684));
#2146=CARTESIAN_POINT('',(-0.020417699851466,0.417378422434402,-0.0203420536600624));
#2147=CARTESIAN_POINT('',(-0.0202356705095906,0.417597715194625,-0.0201602607072537));
#2148=CARTESIAN_POINT('',(-0.0196840433546567,0.418240294284554,-0.0196094861109278));
#2149=CARTESIAN_POINT('',(-0.0193089108677983,0.418648281043783,-0.0192351131483346));
#2150=CARTESIAN_POINT('',(-0.0181639449605043,0.419810529609156,-0.0180929798838098));
#2151=CARTESIAN_POINT('',(-0.017374619133711,0.420503126108597,-0.0173062802914303));
#2152=CARTESIAN_POINT('',(-0.01494654707635,0.422329492920339,-0.0148881722187285));
#2153=CARTESIAN_POINT('',(-0.0132484782706244,0.423214635839479,-0.013199502350279));
#2154=CARTESIAN_POINT('',(-0.00976433805093097,0.424255746795309,-0.00973945135028235));
#2155=CARTESIAN_POINT('',(-0.00797451344278128,0.424414265273478,-0.00796433411675267));
#2156=CARTESIAN_POINT('',(-0.00438956745924778,0.423818161513064,-0.00441450954995955));
#2157=CARTESIAN_POINT('',(-0.00258565949245896,0.423052012901929,-0.00263116409836564));
#2158=CARTESIAN_POINT('',(0.000788079203544203,0.420309050401846,0.000695997052789283));
#2159=CARTESIAN_POINT('',(0.00216408609226035,0.418431039303251,0.00204830045530856));
#2160=CARTESIAN_POINT('',(0.00428536225240675,0.414395927943198,0.00412596884533713));
#2161=CARTESIAN_POINT('',(0.00505228991287773,0.412231278561922,0.00487275556566801));
#2162=CARTESIAN_POINT('',(0.0062099087245118,0.407822733676612,0.0059928994460018));
#2163=CARTESIAN_POINT('',(0.00660038886325808,0.405569962545669,0.00636599242626345));
#2164=CARTESIAN_POINT('',(0.00711422045416933,0.401053068066149,0.0068473210377475));
#2165=CARTESIAN_POINT('',(0.00723605227429382,0.398788134940211,0.00695404533840223));
#2166=CARTESIAN_POINT('',(0.00724736413667645,0.396557936302892,0.00695143382927924));
#2167=CARTESIAN_POINT('',(0.00724736413667645,0.396557936302892,0.00695143382927924));
#2168=CARTESIAN_POINT('',(0.00835089373241907,0.396495752406241,0.00276474592661466));
#2169=CARTESIAN_POINT('',(-0.021817756222257,0.415511044285952,-0.0217414120599658));
#2170=CARTESIAN_POINT('',(-0.0217053622156676,0.415674536389064,-0.0216289898930795));
#2171=CARTESIAN_POINT('',(-0.0215919937108336,0.415835846296044,-0.0215156152972776));
#2172=CARTESIAN_POINT('',(-0.0214205320203627,0.416074524770403,-0.0213441771924938));
#2173=CARTESIAN_POINT('',(-0.0213631432962731,0.41615353653643,-0.0212868017839975));
#2174=CARTESIAN_POINT('',(-0.0212479048928886,0.416310462551406,-0.0211716008557453));
#2175=CARTESIAN_POINT('',(-0.0211961662018044,0.416380236839452,-0.0211198832107386));
#2176=CARTESIAN_POINT('',(-0.02105161435682,0.416572796998721,-0.0209754049252016));
#2177=CARTESIAN_POINT('',(-0.0209554282629625,0.416698975387435,-0.0208792798835919));
#2178=CARTESIAN_POINT('',(-0.0207773483974831,0.416928414810447,-0.0207013388896918));
#2179=CARTESIAN_POINT('',(-0.02068780381493,0.417041868539088,-0.0206118760141683));
#2180=CARTESIAN_POINT('',(-0.020417699851466,0.417378422434402,-0.0203420536600629));
#2181=CARTESIAN_POINT('',(-0.0202356705095906,0.417597715194625,-0.0201602607072534));
#2182=CARTESIAN_POINT('',(-0.0196840433546568,0.418240294284554,-0.0196094861109287));
#2183=CARTESIAN_POINT('',(-0.0193089108677983,0.418648281043783,-0.0192351131483347));
#2184=CARTESIAN_POINT('',(-0.0181639449605043,0.419810529609156,-0.0180929798838099));
#2185=CARTESIAN_POINT('',(-0.0173746191337078,0.420503126108571,-0.0173062802914304));
#2186=CARTESIAN_POINT('',(-0.0149465470763564,0.42232949292039,-0.0148881722187286));
#2187=CARTESIAN_POINT('',(-0.0132484782706244,0.423214635839433,-0.0131995023502557));
#2188=CARTESIAN_POINT('',(-0.00976433805093094,0.424255746795356,-0.00973945135030571));
#2189=CARTESIAN_POINT('',(-0.0079745134428024,0.424414265273478,-0.00796433411673152));
#2190=CARTESIAN_POINT('',(-0.0043895674592265,0.423818161513064,-0.0044145095499808));
#2191=CARTESIAN_POINT('',(-0.00258565949237899,0.423052012901929,-0.00263116409832571));
#2192=CARTESIAN_POINT('',(0.000788079203461846,0.420309050401846,0.00069599705274805));
#2193=CARTESIAN_POINT('',(0.00216408609226046,0.418431039303251,0.00204830045526521));
#2194=CARTESIAN_POINT('',(0.00428536225240686,0.414395927943198,0.00412596884538047));
#2195=CARTESIAN_POINT('',(0.00505228991278265,0.412231278561874,0.00487275556571563));
#2196=CARTESIAN_POINT('',(0.00620990872460722,0.40782273367666,0.00599289944595417));
#2197=CARTESIAN_POINT('',(0.00660038886325819,0.405569962545669,0.00636599242631421));
#2198=CARTESIAN_POINT('',(0.00711422045416944,0.401053068066149,0.00684732103769685));
#2199=CARTESIAN_POINT('',(0.00723605227419313,0.39878813494021,0.00695404533850402));
#2200=CARTESIAN_POINT('',(0.00724736413667657,0.396557936302892,0.00695143382927924));
#2201=CARTESIAN_POINT('',(-0.0248206591544827,0.412553473509233,-0.0141760073067268));
#2202=CARTESIAN_POINT('',(-0.0247233956163923,0.412693593259004,-0.014078727848431));
#2203=CARTESIAN_POINT('',(-0.0246253329633477,0.412831777548451,-0.0139806682776323));
#2204=CARTESIAN_POINT('',(-0.0244770887261819,0.413036142231339,-0.0138324567961447));
#2205=CARTESIAN_POINT('',(-0.0244274822684012,0.413103778503133,-0.0137828659456436));
#2206=CARTESIAN_POINT('',(-0.0243278939486216,0.413238079097132,-0.0136833181560638));
#2207=CARTESIAN_POINT('',(-0.0242831907129714,0.413297780500006,-0.013638636730466));
#2208=CARTESIAN_POINT('',(-0.0241583277052347,0.413462496654088,-0.0135138472808407));
#2209=CARTESIAN_POINT('',(-0.0240752694726323,0.41357039218231,-0.0134308483478877));
#2210=CARTESIAN_POINT('',(-0.0239215541800377,0.413766505569146,-0.0132772649182308));
#2211=CARTESIAN_POINT('',(-0.0238442883832275,0.413863442285542,-0.0132000755731578));
#2212=CARTESIAN_POINT('',(-0.0236113076062569,0.41415088603735,-0.0129673553923235));
#2213=CARTESIAN_POINT('',(-0.0234544093614339,0.41433802661987,-0.0128106725320827));
#2214=CARTESIAN_POINT('',(-0.02297930569839,0.414885933304243,-0.012336337447448));
#2215=CARTESIAN_POINT('',(-0.022656693486921,0.415233184160923,-0.0120144008368961));
#2216=CARTESIAN_POINT('',(-0.0216737481868407,0.416220502393782,-0.0110339522042987));
#2217=CARTESIAN_POINT('',(-0.0209983428835063,0.416806157678867,-0.0103608373750282));
#2218=CARTESIAN_POINT('',(-0.018930698097184,0.418342174796763,-0.00830179676768217));
#2219=CARTESIAN_POINT('',(-0.017497399817554,0.419072927900648,-0.00687653339953098));
#2220=CARTESIAN_POINT('',(-0.0146098467919098,0.419911662565573,-0.00400909424511315));
#2221=CARTESIAN_POINT('',(-0.0131537928361644,0.420020866758222,-0.00256512744282363));
#2222=CARTESIAN_POINT('',(-0.0103152615152771,0.41952288560806,0.000245433914495965));
#2223=CARTESIAN_POINT('',(-0.00892857202855654,0.418910174748736,0.00161616941607424));
#2224=CARTESIAN_POINT('',(-0.0063835039982912,0.416807656815652,0.00412589408911307));
#2225=CARTESIAN_POINT('',(-0.00532238777156371,0.415355787432071,0.00516870872772211));
#2226=CARTESIAN_POINT('',(-0.00363128278805245,0.412097121854444,0.0068247898228996));
#2227=CARTESIAN_POINT('',(-0.00299091142552582,0.41028670675762,0.0074483254365778));
#2228=CARTESIAN_POINT('',(-0.0020083623815535,0.406488542683901,0.00839871778107316));
#2229=CARTESIAN_POINT('',(-0.001666285855973,0.404496538902903,0.00872544786858946));
#2230=CARTESIAN_POINT('',(-0.0012170913807596,0.400449536569503,0.00914561868122555));
#2231=CARTESIAN_POINT('',(-0.00111070185605957,0.398394148382295,0.00923833495189531));
#2232=CARTESIAN_POINT('',(-0.00110527922882356,0.396367533788746,0.00923114777874157));
#2233=CARTESIAN_POINT('',(0.0030710424539265,0.396462735045819,0.00809129080401039));
#2234=CARTESIAN_POINT('',(-0.0123959831856501,0.404218109990511,-0.0124722331329911));
#2235=CARTESIAN_POINT('',(-0.0123958698217633,0.404218249877588,-0.0124721198957654));
#2236=CARTESIAN_POINT('',(-0.0123957563735092,0.404218389863215,-0.012472006574301));
#2237=CARTESIAN_POINT('',(-0.0123590626365083,0.404263665061846,-0.012435353857341));
#2238=CARTESIAN_POINT('',(-0.0123153879876701,0.404316712008626,-0.0123917332503579));
#2239=CARTESIAN_POINT('',(-0.0122347664137312,0.404412847286928,-0.0123112225134301));
#2240=CARTESIAN_POINT('',(-0.0121943369741487,0.404460232966594,-0.0122708537597086));
#2241=CARTESIAN_POINT('',(-0.0120727257566598,0.404600346287875,-0.0121494400986884));
#2242=CARTESIAN_POINT('',(-0.0119912208029922,0.404691030337305,-0.0120680875161518));
#2243=CARTESIAN_POINT('',(-0.0117456876156207,0.40495491980497,-0.0118230709665911));
#2244=CARTESIAN_POINT('',(-0.0115806362303216,0.405119962954058,-0.0116584434121543));
#2245=CARTESIAN_POINT('',(-0.0110837527518723,0.405582490189298,-0.0111630486753643));
#2246=CARTESIAN_POINT('',(-0.0107501090189373,0.405847321831442,-0.0108306881354105));
#2247=CARTESIAN_POINT('',(-0.00976374604568305,0.406512289867569,-0.00984884992411262));
#2248=CARTESIAN_POINT('',(-0.00912475934444209,0.406779873525937,-0.00921380605696262));
#2249=CARTESIAN_POINT('',(-0.00802696790080579,0.407011479317961,-0.00812420243909471));
#2250=CARTESIAN_POINT('',(-0.00757222590232201,0.406972740654145,-0.00767368693066135));
#2251=CARTESIAN_POINT('',(-0.0069729385694158,0.406769127334735,-0.00708091520167752));
#2252=CARTESIAN_POINT('',(-0.00683790452291887,0.406616729730925,-0.00694800955034861));
#2253=CARTESIAN_POINT('',(-0.00677884848978588,0.406435545498673,-0.0068905943113334));
#2254=CARTESIAN_POINT('',(-0.0066624042491523,0.406262101260222,-0.00677624596440314));
#2255=CARTESIAN_POINT('',(-0.0062618127953731,0.40533277302987,-0.00638492675421236));
#2256=CARTESIAN_POINT('',(-0.00600111032657584,0.404585060786591,-0.00613114446008494));
#2257=CARTESIAN_POINT('',(-0.00554377058596973,0.402618039147266,-0.00569000672348591));
#2258=CARTESIAN_POINT('',(-0.00534690489954392,0.401408337416195,-0.00550236531404075));
#2259=CARTESIAN_POINT('',(-0.00509162177172829,0.398771011521356,-0.00526566789789783));
#2260=CARTESIAN_POINT('',(-0.00503155989421591,0.397344282544786,-0.00521497632147359));
#2261=CARTESIAN_POINT('',(-0.00504380421135336,0.395928395687993,-0.00523588988245421));
#2262=CARTESIAN_POINT('',(-0.00930031788159966,0.40731278615629,-0.0199448388210012));
#2263=CARTESIAN_POINT('',(-0.00930017059566047,0.407312974019746,-0.0199446916617023));
#2264=CARTESIAN_POINT('',(-0.00930002319972101,0.407313162016141,-0.0199445443925434));
#2265=CARTESIAN_POINT('',(-0.00925234928809331,0.407373965406494,-0.019896911501702));
#2266=CARTESIAN_POINT('',(-0.0091955467780008,0.407445295213754,-0.0198401647860623));
#2267=CARTESIAN_POINT('',(-0.00909056063117622,0.407574756528226,-0.0197352964848908));
#2268=CARTESIAN_POINT('',(-0.00903785240585122,0.407638659220137,-0.0196826542007188));
#2269=CARTESIAN_POINT('',(-0.00887911800186892,0.407827882684934,-0.0195241383664282));
#2270=CARTESIAN_POINT('',(-0.00877248195114908,0.407950718912068,-0.0194176756913225));
#2271=CARTESIAN_POINT('',(-0.00845042527188703,0.408309280785268,-0.0190962196300718));
#2272=CARTESIAN_POINT('',(-0.00823285361119555,0.408535059836905,-0.0188791557235971));
#2273=CARTESIAN_POINT('',(-0.00757394952554264,0.409172517404698,-0.0182220763548671));
#2274=CARTESIAN_POINT('',(-0.00712638526913879,0.409544290261172,-0.0177761310518127));
#2275=CARTESIAN_POINT('',(-0.00577959502485551,0.410499607991145,-0.0164352253751591));
#2276=CARTESIAN_POINT('',(-0.00487583779748915,0.410921581464721,-0.015536775007664));
#2277=CARTESIAN_POINT('',(-0.00318145915985022,0.411355563547743,-0.0138545595443106));
#2278=CARTESIAN_POINT('',(-0.00239294650898123,0.4113661391694,-0.0130728936045693));
#2279=CARTESIAN_POINT('',(-0.00104724451334401,0.41106440323974,-0.0117408586661543));
#2280=CARTESIAN_POINT('',(-0.000494991986821244,0.410758567884078,-0.0111953430647086));
#2281=CARTESIAN_POINT('',(0.000392734712049582,0.40993693908491,-0.0103204913477396));
#2282=CARTESIAN_POINT('',(0.000824069614758556,0.409337353131402,-0.00989665423686004));
#2283=CARTESIAN_POINT('',(0.00165483224499952,0.407631579118625,-0.00908374773173148));
#2284=CARTESIAN_POINT('',(0.0020420910117802,0.406529632590893,-0.00870671433104236));
#2285=CARTESIAN_POINT('',(0.0026745005201433,0.403952230139977,-0.00809582505850964));
#2286=CARTESIAN_POINT('',(0.00291976981963656,0.40248176105896,-0.00786182075634134));
#2287=CARTESIAN_POINT('',(0.00323969006325146,0.399374543018002,-0.00756396554140116));
#2288=CARTESIAN_POINT('',(0.00331519461423144,0.397738255370156,-0.00749926564488141));
#2289=CARTESIAN_POINT('',(0.00330883915414678,0.396118798202141,-0.00751560383191649));
#2290=CARTESIAN_POINT('',(-0.0127099628371889,0.403812830620767,-0.0127859725565924));
#2291=CARTESIAN_POINT('',(-0.0126580907055094,0.403882833311647,-0.0127341212249607));
#2292=CARTESIAN_POINT('',(-0.0126059456069219,0.403951640747354,-0.0126820067282813));
#2293=CARTESIAN_POINT('',(-0.0125273537296675,0.404053064055843,-0.0126034751166787));
#2294=CARTESIAN_POINT('',(-0.0125010940708143,0.404086573844937,-0.0125772379401648));
#2295=CARTESIAN_POINT('',(-0.0124484560018503,0.404152998175995,-0.0125246495666018));
#2296=CARTESIAN_POINT('',(-0.0124248591325015,0.404182480923385,-0.0125010767992301));
#2297=CARTESIAN_POINT('',(-0.0123590626365083,0.404263665061846,-0.0124353538573411));
#2298=CARTESIAN_POINT('',(-0.0123153879876703,0.404316712008626,-0.0123917332503578));
#2299=CARTESIAN_POINT('',(-0.012234766413731,0.404412847286928,-0.0123112225134303));
#2300=CARTESIAN_POINT('',(-0.0121943369741487,0.404460232966594,-0.0122708537597086));
#2301=CARTESIAN_POINT('',(-0.0120727257566598,0.404600346287875,-0.0121494400986885));
#2302=CARTESIAN_POINT('',(-0.0119912208029922,0.404691030337305,-0.0120680875161519));
#2303=CARTESIAN_POINT('',(-0.0117456876156207,0.40495491980497,-0.0118230709665911));
#2304=CARTESIAN_POINT('',(-0.0115806362303207,0.405119962954058,-0.011658443412156));
#2305=CARTESIAN_POINT('',(-0.011083752751874,0.405582490189298,-0.011163048675361));
#2306=CARTESIAN_POINT('',(-0.0107501090189372,0.405847321831467,-0.0108306881354106));
#2307=CARTESIAN_POINT('',(-0.00976374604568304,0.406512289867518,-0.00984884992411267));
#2308=CARTESIAN_POINT('',(-0.00912475934439547,0.406779873525983,-0.00921380605693939));
#2309=CARTESIAN_POINT('',(-0.00802696790085241,0.407011479317914,-0.0081242024391181));
#2310=CARTESIAN_POINT('',(-0.00757222590232201,0.406972740654102,-0.00767368693066144));
#2311=CARTESIAN_POINT('',(-0.0069729385694158,0.406769127334777,-0.0070809152016776));
#2312=CARTESIAN_POINT('',(-0.00683790452291887,0.406616729730925,-0.00694800955030874));
#2313=CARTESIAN_POINT('',(-0.00677884848978588,0.406435545498673,-0.00689059431137469));
#2314=CARTESIAN_POINT('',(-0.00666240424910901,0.406262101260265,-0.00677624596435991));
#2315=CARTESIAN_POINT('',(-0.0062618127954165,0.405332773029827,-0.00638492675425582));
#2316=CARTESIAN_POINT('',(-0.00600111032662353,0.404585060786638,-0.00613114446013268));
#2317=CARTESIAN_POINT('',(-0.00554377058592216,0.402618039147218,-0.0056900067234384));
#2318=CARTESIAN_POINT('',(-0.00534690489954392,0.401408337416195,-0.00550236531401546));
#2319=CARTESIAN_POINT('',(-0.00509162177172829,0.398771011521356,-0.00526566789792324));
#2320=CARTESIAN_POINT('',(-0.00503155989411383,0.397344282544785,-0.00521497632144811));
#2321=CARTESIAN_POINT('',(-0.00504380421135336,0.395928395687993,-0.00523588988245424));
#2322=CARTESIAN_POINT('',(-0.0199044836973008,0.407265537574671,-0.00927217182798018));
#2323=CARTESIAN_POINT('',(-0.0198077453017602,0.407388936473887,-0.00917551655534984));
#2324=CARTESIAN_POINT('',(-0.0196916474596493,0.407532409227065,-0.00905954711438327));
#2325=CARTESIAN_POINT('',(-0.0194761897802112,0.407789006202318,-0.00884438762818414));
#2326=CARTESIAN_POINT('',(-0.0191504818062713,0.408163625058945,-0.00851921274872009));
#2327=CARTESIAN_POINT('',(-0.0188181220011137,0.408507387846718,-0.00818763561520733));
#2328=CARTESIAN_POINT('',(-0.0181470588917303,0.409153670561137,-0.00751844910734078));
#2329=CARTESIAN_POINT('',(-0.0176912015790514,0.409529536503353,-0.00706425807506374));
#2330=CARTESIAN_POINT('',(-0.0163199458253469,0.410491520582465,-0.00569906003641456));
#2331=CARTESIAN_POINT('',(-0.0154004576193938,0.410910840328714,-0.00478503304085935));
#2332=CARTESIAN_POINT('',(-0.0136826539293054,0.411325802256786,-0.00307971577312094));
#2333=CARTESIAN_POINT('',(-0.0128857504953548,0.411320636676933,-0.00228983017981966));
#2334=CARTESIAN_POINT('',(-0.0118745258161355,0.411067162200131,-0.0012890413044642));
#2335=CARTESIAN_POINT('',(-0.0115684644107061,0.410943202747592,-0.00098643127753183));
#2336=CARTESIAN_POINT('',(-0.0110171199937944,0.410631108486563,-0.000441854621830622));
#2337=CARTESIAN_POINT('',(-0.0107770065492161,0.410447060448359,-0.000204986910023691));
#2338=CARTESIAN_POINT('',(-0.0101112397207818,0.409793408180331,0.000450891909774822));
#2339=CARTESIAN_POINT('',(-0.00968567996085057,0.409175643779082,0.00086889182221997));
#2340=CARTESIAN_POINT('',(-0.00887104231679107,0.407446051984078,0.00166566705815212));
#2341=CARTESIAN_POINT('',(-0.00849347237292648,0.40634274521444,0.00203308813850013));
#2342=CARTESIAN_POINT('',(-0.00787891049600258,0.403780076387553,0.00262637756414383));
#2343=CARTESIAN_POINT('',(-0.00764103380540283,0.402325937579566,0.00285315528808802));
#2344=CARTESIAN_POINT('',(-0.00733104948735234,0.399259971202964,0.00314141738236107));
#2345=CARTESIAN_POINT('',(-0.00725792166410332,0.397648572736891,0.00320391566486194));
#2346=CARTESIAN_POINT('',(-0.00726414178357546,0.396053511718098,0.00318786285541252));
#2347=CARTESIAN_POINT('',(-0.0174015367454363,0.406249868365241,-0.010338745608459));
#2348=CARTESIAN_POINT('',(-0.0173122595680918,0.406362715590137,-0.0102495515535188));
#2349=CARTESIAN_POINT('',(-0.0172051786151569,0.406493828330216,-0.0101425965731372));
#2350=CARTESIAN_POINT('',(-0.0170065988689189,0.406728121881554,-0.00994430531567514));
#2351=CARTESIAN_POINT('',(-0.0167066050927044,0.407069896603128,-0.00964482280706886));
#2352=CARTESIAN_POINT('',(-0.0164011325797568,0.407382670116504,-0.0093400893576865));
#2353=CARTESIAN_POINT('',(-0.015785386855395,0.407969495895431,-0.00872610386358337));
#2354=CARTESIAN_POINT('',(-0.0153684573969894,0.408309086431845,-0.00831072429428588));
#2355=CARTESIAN_POINT('',(-0.0141204499171682,0.409172771337233,-0.00706830343121737));
#2356=CARTESIAN_POINT('',(-0.0132916199973792,0.409540224196738,-0.00624446149688424));
#2357=CARTESIAN_POINT('',(-0.0117787230128834,0.409888556311964,-0.00474266769452438));
#2358=CARTESIAN_POINT('',(-0.011096509219147,0.409868375406598,-0.00406655942290412));
#2359=CARTESIAN_POINT('',(-0.0102782136137187,0.409645278750185,-0.00325682006368495));
#2360=CARTESIAN_POINT('',(-0.0100400459110243,0.409540726488066,-0.0030213882709004));
#2361=CARTESIAN_POINT('',(-0.00962694413573403,0.409291048831499,-0.00261345549473398));
#2362=CARTESIAN_POINT('',(-0.00945875822358517,0.409151332357971,-0.00244760998803837));
#2363=CARTESIAN_POINT('',(-0.00899477503078792,0.408664789493361,-0.00199071007475934));
#2364=CARTESIAN_POINT('',(-0.00866904558504886,0.408188115084048,-0.00167079077645514));
#2365=CARTESIAN_POINT('',(-0.00799091127867775,0.406712629148417,-0.00100774714962076));
#2366=CARTESIAN_POINT('',(-0.00765361021565096,0.405725000665789,-0.000679524896089405));
#2367=CARTESIAN_POINT('',(-0.00709520980509416,0.403361938463501,-0.000140667323152653));
#2368=CARTESIAN_POINT('',(-0.00687294924061536,0.401993360026114,7.1161527255173E-5));
#2369=CARTESIAN_POINT('',(-0.00658394660499476,0.39908194904708,0.000339583902888025));
#2370=CARTESIAN_POINT('',(-0.00651586559640274,0.397539681556897,0.000397508130602673));
#2371=CARTESIAN_POINT('',(-0.00652402925950142,0.39601180637473,0.0003799452761236));
#2372=CARTESIAN_POINT('',(-0.0148985897935718,0.405234199155811,-0.0114053193889379));
#2373=CARTESIAN_POINT('',(-0.0148167738344235,0.405336494706388,-0.0113235865516878));
#2374=CARTESIAN_POINT('',(-0.0147187097706646,0.405455247433367,-0.0112256460318911));
#2375=CARTESIAN_POINT('',(-0.0145370079576267,0.40566723756079,-0.0110442230031662));
#2376=CARTESIAN_POINT('',(-0.0142627283791375,0.405976168147312,-0.0107704328654176));
#2377=CARTESIAN_POINT('',(-0.0139841431583999,0.406257952386289,-0.0104925431001657));
#2378=CARTESIAN_POINT('',(-0.0134237148190598,0.406785321229724,-0.00993375861982597));
#2379=CARTESIAN_POINT('',(-0.0130457132149274,0.407088636360338,-0.00955719051350802));
#2380=CARTESIAN_POINT('',(-0.0119209540089896,0.407854022092002,-0.00843754682602018));
#2381=CARTESIAN_POINT('',(-0.0111827823753646,0.408169608064762,-0.00770388995290912));
#2382=CARTESIAN_POINT('',(-0.00987479209646137,0.408451310367141,-0.00640561961592782));
#2383=CARTESIAN_POINT('',(-0.00930726794293928,0.408416114136264,-0.00584328866598859));
#2384=CARTESIAN_POINT('',(-0.00868190141130187,0.40822339530024,-0.0052245988229057));
#2385=CARTESIAN_POINT('',(-0.0085116274113425,0.408138250228539,-0.00505634526426897));
#2386=CARTESIAN_POINT('',(-0.00823676827767371,0.407950989176434,-0.00478505636763733));
#2387=CARTESIAN_POINT('',(-0.00814050989795423,0.407855604267584,-0.00469023306605306));
#2388=CARTESIAN_POINT('',(-0.00787831034079406,0.40753617080639,-0.0044323120592935));
#2389=CARTESIAN_POINT('',(-0.00765241120924714,0.407200586389015,-0.00421047337513024));
#2390=CARTESIAN_POINT('',(-0.00711078024056443,0.405979206312757,-0.00368116135739364));
#2391=CARTESIAN_POINT('',(-0.00681374805837544,0.405107256117138,-0.00339213793067894));
#2392=CARTESIAN_POINT('',(-0.00631150911418574,0.40294380053945,-0.00290771221044914));
#2393=CARTESIAN_POINT('',(-0.00610486467582788,0.401660782472661,-0.00271083223357767));
#2394=CARTESIAN_POINT('',(-0.00583684372263718,0.398903926891196,-0.00246224957658502));
#2395=CARTESIAN_POINT('',(-0.00577380952870216,0.397430790376903,-0.0024088994036566));
#2396=CARTESIAN_POINT('',(-0.00578391673542739,0.395970101031362,-0.00242797230316532));
#2397=CARTESIAN_POINT('',(-0.0123956428417073,0.404218529946382,-0.0124718931694167));
#2398=CARTESIAN_POINT('',(-0.0123212881007551,0.404310273822638,-0.0123976215498568));
#2399=CARTESIAN_POINT('',(-0.0122322409261722,0.404416666536518,-0.0123086954906451));
#2400=CARTESIAN_POINT('',(-0.0120674170463345,0.404606353240026,-0.0121441406906572));
#2401=CARTESIAN_POINT('',(-0.0118188516655706,0.404882439691495,-0.0118960429237664));
#2402=CARTESIAN_POINT('',(-0.0115671537370431,0.405133234656075,-0.0116449968426449));
#2403=CARTESIAN_POINT('',(-0.0110620427827245,0.405601146564017,-0.0111414133760686));
#2404=CARTESIAN_POINT('',(-0.0107229690328654,0.40586818628883,-0.0108036567327302));
#2405=CARTESIAN_POINT('',(-0.00972145810081097,0.40653527284677,-0.009806790220823));
#2406=CARTESIAN_POINT('',(-0.00907394475334993,0.406798991932785,-0.00916331840893401));
#2407=CARTESIAN_POINT('',(-0.00797086118003935,0.407014064422319,-0.00806857153733126));
#2408=CARTESIAN_POINT('',(-0.00751802666673151,0.406963852865929,-0.00762001790907305));
#2409=CARTESIAN_POINT('',(-0.00708558920888505,0.406801511850294,-0.00719237758212645));
#2410=CARTESIAN_POINT('',(-0.00698320891166069,0.406735773969013,-0.00709130225763754));
#2411=CARTESIAN_POINT('',(-0.00684659241961339,0.406610929521369,-0.00695665724054068));
#2412=CARTESIAN_POINT('',(-0.00682226157232329,0.406559876177197,-0.00693285614406774));
#2413=CARTESIAN_POINT('',(-0.00676184565080021,0.40640755211942,-0.00687391404382767));
#2414=CARTESIAN_POINT('',(-0.00663577683344543,0.406213057693982,-0.00675015597380535));
#2415=CARTESIAN_POINT('',(-0.00623064920245111,0.405245783477096,-0.00635457556516652));
#2416=CARTESIAN_POINT('',(-0.00597388590109991,0.404489511568487,-0.00610475096526847));
#2417=CARTESIAN_POINT('',(-0.00552780842327732,0.402525662615399,-0.00567475709774562));
#2418=CARTESIAN_POINT('',(-0.00533678011104041,0.401328204919208,-0.00549282599441052));
#2419=CARTESIAN_POINT('',(-0.0050897408402796,0.398725904735312,-0.00526408305605807));
#2420=CARTESIAN_POINT('',(-0.00503175346100159,0.397321899196909,-0.00521530693791587));
#2421=CARTESIAN_POINT('',(-0.00504380421135336,0.395928395687993,-0.00523588988245424));
#2422=CARTESIAN_POINT('',(0.000335122863181547,0.396323084379821,0.00539985063879481));
#2423=CARTESIAN_POINT('',(-0.0325580367472148,0.38199642382793,-0.0128826954017997));
#2424=CARTESIAN_POINT('',(-0.0325580367472148,0.38199642382793,-0.0128826954017997));
#2425=CARTESIAN_POINT('',(-0.0345176285414413,0.383382064473985,-0.0128826954017997));
#2426=CARTESIAN_POINT('',(-0.0297638111028776,0.391957359312881,-0.0297638111028775));
#2427=CARTESIAN_POINT('',(-0.0466810302315798,0.401795029985589,-0.0267591592616784));
#2428=CARTESIAN_POINT('',(-0.0466810302315798,0.401795029985589,-0.0267591592616784));
#2429=CARTESIAN_POINT('',(-0.0486406220258063,0.403180670631644,-0.0267591592616784));
#2430=CARTESIAN_POINT('',(-0.0297638111028776,0.391957359312881,-0.0297638111028775));
#2431=CARTESIAN_POINT('',(-0.0269695854585404,0.401918294797832,-0.0466449268039554));
#2432=CARTESIAN_POINT('',(-0.0269695854585404,0.401918294797832,-0.0466449268039554));
#2433=CARTESIAN_POINT('',(-0.0289291772527669,0.403303935443887,-0.0466449268039554));
#2434=CARTESIAN_POINT('',(-0.0297638111028776,0.391957359312881,-0.0297638111028775));
#2435=CARTESIAN_POINT('',(-0.0128465919741754,0.382119688640174,-0.0327684629440768));
#2436=CARTESIAN_POINT('',(-0.0128465919741754,0.382119688640174,-0.0327684629440768));
#2437=CARTESIAN_POINT('',(-0.014806183768402,0.383505329286229,-0.0327684629440768));
#2438=CARTESIAN_POINT('',(-0.0297638111028776,0.391957359312881,-0.0297638111028775));
#2439=MECHANICAL_DESIGN_GEOMETRIC_PRESENTATION_REPRESENTATION('',(#1222),
#2440);
#2440=(
GEOMETRIC_REPRESENTATION_CONTEXT(3)
GLOBAL_UNCERTAINTY_ASSIGNED_CONTEXT((#2441))
GLOBAL_UNIT_ASSIGNED_CONTEXT((#2444,#2443,#2442))
REPRESENTATION_CONTEXT('Extension','TOP_LEVEL_ASSEMBLY_PART')
);
#2441=UNCERTAINTY_MEASURE_WITH_UNIT(LENGTH_MEASURE(2.84547431882303E-5),
#2444,'DISTANCE_ACCURACY_VALUE','Maximum Tolerance applied to model');
#2442=(
NAMED_UNIT(*)
SI_UNIT($,.STERADIAN.)
SOLID_ANGLE_UNIT()
);
#2443=(
NAMED_UNIT(*)
PLANE_ANGLE_UNIT()
SI_UNIT($,.RADIAN.)
);
#2444=(
LENGTH_UNIT()
NAMED_UNIT(*)
SI_UNIT($,.METRE.)
);
#2445=PRODUCT_DEFINITION_SHAPE('','',#2446);
#2446=PRODUCT_DEFINITION('','',#2448,#2447);
#2447=PRODUCT_DEFINITION_CONTEXT('',#2454,'design');
#2448=PRODUCT_DEFINITION_FORMATION_WITH_SPECIFIED_SOURCE('','',#2450,
 .NOT_KNOWN.);
#2449=PRODUCT_RELATED_PRODUCT_CATEGORY('','',(#2450));
#2450=PRODUCT('Extension','Extension','Extension',(#2452));
#2451=PRODUCT_CATEGORY('','');
#2452=PRODUCT_CONTEXT('',#2454,'mechanical');
#2453=APPLICATION_PROTOCOL_DEFINITION('international standard',
'ap242_managed_model_based_3d_engineering',2020,#2454);
#2454=APPLICATION_CONTEXT('managed model based 3d engineering');
ENDSEC;
END-ISO-10303-21;
